multiplex	node	score
Disease	disease_4985	0.00018346289303380802
Disease	disease_5027	0.00013936758176728877
Disease	disease_24612	0.0001186861312884367
Disease	disease_19790	0.00011404856250063615
Disease	disease_4901	0.00011166999657616009
Disease	disease_5379	0.00010710583317257234
Disease	disease_2050	0.00010492363535257413
Disease	disease_1442	0.000104439655475866
Disease	disease_1609	0.00010000961774451574
Disease	disease_1475	9.354779425329446e-05
Disease	disease_5154	8.82106090699071e-05
Disease	disease_5281	8.489513874121576e-05
Disease	disease_11479	8.298894051708472e-05
Disease	disease_7803	8.254815906702272e-05
Disease	disease_3785	8.191497569135311e-05
Disease	disease_19171	7.810860020701486e-05
Disease	disease_4379	7.684896267012295e-05
Disease	disease_2442	7.248006565497852e-05
Disease	disease_15134	6.448874737932562e-05
Disease	disease_992	6.140322063930683e-05
Disease	disease_2009	6.087238825246294e-05
Disease	disease_1134	5.8959226583801285e-05
Disease	disease_28226	5.885984544216327e-05
Disease	disease_14250	5.7444911032039556e-05
Disease	disease_10911	5.711260517290413e-05
Disease	disease_24305	5.6825431797282546e-05
Disease	disease_7264	5.6790548598147924e-05
Disease	disease_18542	5.616447535833877e-05
Disease	disease_5263	5.4696336153864245e-05
Disease	disease_4781	5.453427792603723e-05
Disease	disease_12048	5.42075227836704e-05
Disease	disease_19182	5.418328869913717e-05
Disease	disease_21095	5.359432884484233e-05
Disease	disease_6716	5.254649826661291e-05
Disease	disease_5010	5.199154713234192e-05
Disease	disease_3678	5.171910052619296e-05
Disease	disease_6966	5.057227063968297e-05
Disease	disease_8742	4.953091865487852e-05
Disease	disease_7079	4.921234400964191e-05
Disease	disease_2046	4.88196580997347e-05
Disease	disease_10294	4.791799698071676e-05
Disease	disease_12548	4.742464313979915e-05
Disease	disease_12930	4.741143591016617e-05
Disease	disease_14118	4.7407780625656484e-05
Disease	disease_14456	4.737919605378031e-05
Disease	disease_14865	4.7374865792320227e-05
Disease	disease_18487	4.737331571032858e-05
Disease	disease_2909	4.649312413246201e-05
Disease	disease_8090	4.616071657852677e-05
Disease	disease_11922	4.5975472656658203e-05
Disease	disease_5084	4.308851722114044e-05
Disease	disease_12685	4.063379658910562e-05
Disease	disease_1265	3.97059016392616e-05
Disease	disease_5487	3.97059016392616e-05
Disease	disease_11057	3.829999894298082e-05
Disease	disease_12819	3.638934207746167e-05
Disease	disease_24613	3.56566095156472e-05
Disease	disease_2049	3.556939460390594e-05
Disease	disease_3996	3.48763532008846e-05
Disease	disease_1868	3.48645424712192e-05
Disease	disease_4955	3.421302588551907e-05
Disease	disease_11565	3.414306575157229e-05
Disease	disease_24644	3.3542659934541664e-05
Disease	disease_5240	3.312552675358633e-05
Disease	disease_1941	3.241265158738287e-05
Disease	disease_21084	3.228283923749119e-05
Disease	disease_5371	3.213753895821679e-05
Disease	disease_482	3.1529939851626655e-05
Disease	disease_11728	3.152928029995054e-05
Disease	disease_1922	3.0607894438373485e-05
Disease	disease_5267	2.9626492277882958e-05
Disease	disease_100192	2.9619805250273365e-05
Disease	disease_19117	2.9584693040045914e-05
Disease	disease_5395	2.9157983626232818e-05
Disease	disease_5570	2.7963441388099816e-05
Disease	disease_2254	2.763264807546877e-05
Disease	disease_4995	2.4310534346215864e-05
Disease	disease_2491	2.3903090331077885e-05
Disease	disease_1966	2.3838091853447325e-05
Disease	disease_1744	2.3838091853447325e-05
Disease	disease_2679	2.3172050532308556e-05
Disease	disease_1336	2.3033826903218683e-05
Disease	disease_7743	2.259904380013427e-05
Disease	disease_11918	2.2381262685671526e-05
Disease	disease_20671	2.2330691596352186e-05
Disease	disease_7661	2.205379116601617e-05
Disease	disease_17279	2.183822395371385e-05
Disease	disease_2494	2.0934488142650582e-05
Disease	disease_5618	2.0300111863826845e-05
Disease	disease_5155	1.968214239690583e-05
Disease	disease_18466	1.9610439077428096e-05
Disease	disease_5302	1.870352242056352e-05
Disease	disease_5180	1.8222604811885696e-05
Disease	disease_5148	1.7957307623200517e-05
Disease	disease_5071	1.7177907548073342e-05
Disease	disease_14231	1.7019546463733657e-05
Disease	disease_18321	1.7013491186259602e-05
Disease	disease_4729	1.647021971460782e-05
Disease	disease_44870	1.6311566229165454e-05
Disease	disease_9830	1.5846883234972966e-05
Disease	disease_15822	1.572025415303734e-05
Disease	disease_1343	1.5416935708937043e-05
Disease	disease_11562	1.5413002086337494e-05
Disease	disease_10482	1.5390872748088063e-05
Disease	disease_14796	1.537391730919206e-05
Disease	disease_10709	1.524313344412983e-05
Disease	disease_17636	1.518340133369884e-05
Disease	disease_4247	1.4821350823587882e-05
Disease	disease_477	1.4784850310471836e-05
Disease	disease_5303	1.451511282107311e-05
Disease	disease_15140	1.4409859749080699e-05
Disease	disease_6896	1.4257380547659786e-05
Disease	disease_6504	1.4221148407358381e-05
Disease	disease_5364	1.40130699962354e-05
Disease	disease_7186	1.3950259324604823e-05
Disease	disease_5258	1.3678470749078882e-05
Disease	disease_2803	1.3570708267568495e-05
Disease	disease_16829	1.3499356997349956e-05
Disease	disease_15470	1.3415465432265057e-05
Disease	disease_5146	1.3367488540366508e-05
Disease	disease_20643	1.3305433005395114e-05
Disease	disease_10138	1.2907907765860365e-05
Disease	disease_2420	1.269790405191519e-05
Disease	disease_4425	1.2394669522541881e-05
Disease	disease_17635	1.221688915347829e-05
Disease	disease_5009	1.196336270655983e-05
Disease	disease_5433	1.1346693456268995e-05
Disease	disease_3847	1.1208537952796353e-05
Disease	disease_4745	1.1172846615903375e-05
Disease	disease_21113	1.1115403603504987e-05
Disease	disease_8294	1.099319610728836e-05
Disease	disease_5384	1.0687021863568945e-05
Disease	disease_10198	1.0480541530406264e-05
Disease	disease_2908	1.0470364392573502e-05
Disease	disease_4805	1.0445394277947031e-05
Disease	disease_6004	1.0401991686390796e-05
Disease	disease_5560	1.0033123864390436e-05
Disease	disease_956	9.967798514586779e-06
Disease	disease_21072	9.93431346488232e-06
Disease	disease_4974	9.882352917396619e-06
Disease	disease_21698	9.817753068527616e-06
Disease	disease_1613	9.788842584593892e-06
Disease	disease_920	9.639751292418934e-06
Disease	disease_5420	9.597748615228284e-06
Disease	disease_24643	9.517591426116515e-06
Disease	disease_1340	9.446154710450636e-06
Disease	disease_2817	9.414205206541094e-06
Disease	disease_8233	9.373505941544871e-06
Disease	disease_4938	9.356064489633416e-06
Disease	disease_5002	9.218737592262162e-06
Disease	disease_19142	9.217761626654265e-06
Disease	disease_15914	9.19523435997087e-06
Disease	disease_694	9.183056988586093e-06
Disease	disease_2308	8.86985404962855e-06
Disease	disease_5252	8.851300965296576e-06
Disease	disease_2251	8.80932613046664e-06
Disease	disease_41086	8.658236601151065e-06
Disease	disease_2313	8.569046873393893e-06
Disease	disease_19624	8.543330987322256e-06
Disease	disease_5351	8.33932762745244e-06
Disease	disease_11751	8.229886811972267e-06
Disease	disease_5045	8.048827520230664e-06
Disease	disease_9688	8.046955111066255e-06
Disease	disease_43693	8.028298692821638e-06
Disease	disease_16158	8.020750129272828e-06
Disease	disease_21758	8.000769559556118e-06
Disease	disease_18612	7.907270292950178e-06
Disease	disease_8383	7.898539601855541e-06
Disease	disease_37939	7.75071766581129e-06
Disease	disease_9718	7.698212140301189e-06
Disease	disease_5283	7.65692980891661e-06
Disease	disease_4242	7.6065995180284665e-06
Disease	disease_37821	7.574111108922272e-06
Disease	disease_7263	7.404200725566395e-06
Disease	disease_4994	7.343182976870839e-06
Disease	disease_2708	7.314829246759139e-06
Disease	disease_5530	7.3102854621122786e-06
Disease	disease_9960	7.260945224851303e-06
Disease	disease_6891	7.217610565594689e-06
Disease	disease_21107	7.215992818800715e-06
Disease	disease_5531	7.031934107072247e-06
Disease	disease_6746	7.031796111536399e-06
Disease	disease_2602	7.021027258095283e-06
Disease	disease_831	6.943094817519213e-06
Disease	disease_19052	6.824165376554142e-06
Disease	disease_54866	6.8148658259092126e-06
Disease	disease_18544	6.773617871623689e-06
Disease	disease_5265	6.702186351045588e-06
Disease	disease_16430	6.638057747129332e-06
Disease	disease_5709	6.612569233254669e-06
Disease	disease_9468	6.435975695304761e-06
Disease	disease_6810	6.366868747960655e-06
Disease	disease_8575	6.2485902816742175e-06
Disease	disease_5559	6.244729618229607e-06
Disease	disease_45057	6.215298293277743e-06
Disease	disease_1945	6.079534809885974e-06
Disease	disease_3749	6.074594838203803e-06
Disease	disease_7781	6.0655924772022254e-06
Disease	disease_2258	6.018742093967744e-06
Disease	disease_22687	5.703670228015778e-06
Disease	disease_21211	5.6832427411481e-06
Disease	disease_1657	5.673216568348847e-06
Disease	disease_8243	5.664327647797209e-06
Disease	disease_1531	5.65069653876728e-06
Disease	disease_1241	5.612867669795617e-06
Disease	disease_5942	5.588772243693496e-06
Disease	disease_1133	5.5072749692102945e-06
Disease	disease_425	5.459177105655876e-06
Disease	disease_7088	5.4213021960741865e-06
Disease	disease_12321	5.416470123762144e-06
Disease	disease_11194	5.4121863448321515e-06
Disease	disease_11777	5.400989256776973e-06
Disease	disease_11401	5.400989256776973e-06
Disease	disease_12344	5.400989256776973e-06
Disease	disease_11647	5.400989256776973e-06
Disease	disease_12609	5.400989256776973e-06
Disease	disease_11561	5.400989256776973e-06
Disease	disease_12630	5.400989256776973e-06
Disease	disease_12631	5.400989256776973e-06
Disease	disease_1627	5.343814623720361e-06
Disease	disease_18324	5.319043508614892e-06
Disease	disease_18325	5.319043508614892e-06
Disease	disease_5294	5.306793702399413e-06
Disease	disease_5247	5.2884874863470616e-06
Disease	disease_20124	5.277901583640383e-06
Disease	disease_5231	5.274693607145543e-06
Disease	disease_15356	5.237672606132837e-06
Disease	disease_7089	5.229139892664905e-06
Disease	disease_5383	5.121910951510545e-06
Disease	disease_15057	5.072248880549787e-06
Disease	disease_19623	5.070332178168587e-06
Disease	disease_15056	4.987733584815834e-06
Disease	disease_15055	4.987733584815834e-06
Disease	disease_4596	4.96717649538503e-06
Disease	disease_1196	4.923676550376821e-06
Disease	disease_9606	4.895406005544818e-06
Disease	disease_5338	4.8702806664107506e-06
Disease	disease_9529	4.86993229066212e-06
Disease	disease_19013	4.855477491910219e-06
Disease	disease_7448	4.827026627149912e-06
Disease	disease_7488	4.7606054492313615e-06
Disease	disease_5367	4.742624165079548e-06
Disease	disease_1151	4.716738474801101e-06
Disease	disease_14092	4.7000173841717176e-06
Disease	disease_15183	4.650788192601565e-06
Disease	disease_5066	4.5863954350395745e-06
Disease	disease_4989	4.549360132475611e-06
Disease	disease_5136	4.535447337775191e-06
Disease	disease_4868	4.463376304346347e-06
Disease	disease_44843	4.404121264987248e-06
Disease	disease_6679	4.380053708872803e-06
Disease	disease_6816	4.353665209093197e-06
Disease	disease_5567	4.336872601735264e-06
Disease	disease_6642	4.263065164186186e-06
Disease	disease_5372	4.251679421639233e-06
Disease	disease_21124	4.230233157328077e-06
Disease	disease_1386	4.2151806752633555e-06
Disease	disease_17143	4.183818379307122e-06
Disease	disease_6874	4.177252546576573e-06
Disease	disease_5453	4.121329579208844e-06
Disease	disease_5359	4.075580663697092e-06
Disease	disease_8903	4.01681385966952e-06
Disease	disease_2441	3.8819049882150565e-06
Disease	disease_5151	3.840388902485867e-06
Disease	disease_4784	3.835999599465509e-06
Disease	disease_5354	3.8013356780679252e-06
Disease	disease_2520	3.7769539125743693e-06
Disease	disease_4765	3.6774119547616957e-06
Disease	disease_2326	3.619450344714471e-06
Disease	disease_5929	3.5924136721280914e-06
Disease	disease_4456	3.582107602430827e-06
Disease	disease_705	3.50598170799454e-06
Disease	disease_17990	3.5042003354663415e-06
Disease	disease_510	3.4829554892613916e-06
Disease	disease_5277	3.4765223080217833e-06
Disease	disease_5393	3.4738711638238314e-06
Disease	disease_3969	3.4046436742570514e-06
Disease	disease_5542	3.391988687434865e-06
Disease	disease_5452	3.3125745381409205e-06
Disease	disease_8143	3.3033369832045273e-06
Disease	disease_3330	3.299893240605141e-06
Disease	disease_5186	3.2794509525885766e-06
Disease	disease_4565	3.2335888458724502e-06
Disease	disease_9693	3.219750062344472e-06
Disease	disease_12050	3.2190345009209923e-06
Disease	disease_12100	3.2190345009209923e-06
Disease	disease_1040	3.2157019290617513e-06
Disease	disease_19542	3.2125911812576226e-06
Disease	disease_2714	3.198240940636916e-06
Disease	disease_18546	3.1832711475584883e-06
Disease	disease_6130	3.1619078728599993e-06
Disease	disease_20683	3.136723409603159e-06
Disease	disease_16565	3.116761995019965e-06
Disease	disease_5011	3.1153302010284614e-06
Disease	disease_1567	3.1058801673931964e-06
Disease	disease_2105	3.0914442993345793e-06
Disease	disease_5191	3.0842136109558734e-06
Disease	disease_20836	3.0517731430028653e-06
Disease	disease_7440	3.0452712356872968e-06
Disease	disease_16022	3.040087173690853e-06
Disease	disease_693	3.019809152086037e-06
Disease	disease_20075	3.013507317568151e-06
Disease	disease_12881	2.987071023902428e-06
Disease	disease_12686	2.9868654289433695e-06
Disease	disease_12642	2.9868654289433695e-06
Disease	disease_12882	2.9868654289433695e-06
Disease	disease_12319	2.9868654289433695e-06
Disease	disease_12877	2.9868654289433695e-06
Disease	disease_2319	2.981157443095869e-06
Disease	disease_1866	2.9664469847205627e-06
Disease	disease_8000	2.961201844920193e-06
Disease	disease_5147	2.938921089706551e-06
Disease	disease_24614	2.931926108949768e-06
Disease	disease_2444	2.931926108949768e-06
Disease	disease_6025	2.919713684490045e-06
Disease	disease_4849	2.9196039276873993e-06
Disease	disease_6727	2.9122043381942946e-06
Disease	disease_1656	2.897416641058374e-06
Disease	disease_1926	2.885123990887075e-06
Disease	disease_5711	2.8826946591159988e-06
Disease	disease_17641	2.8754739113928354e-06
Disease	disease_3582	2.8384504444733727e-06
Disease	disease_5227	2.8361307577478593e-06
Disease	disease_19635	2.8357215930160903e-06
Disease	disease_6802	2.8228424955332496e-06
Disease	disease_6846	2.8085478286771293e-06
Disease	disease_5532	2.796991788113524e-06
Disease	disease_426	2.77500716789836e-06
Disease	disease_10356	2.7664613183080127e-06
Disease	disease_20573	2.7542004165521376e-06
Disease	disease_20352	2.7512509039754712e-06
Disease	disease_32899	2.6987345095250946e-06
Disease	disease_43510	2.6954269499734716e-06
Disease	disease_5159	2.6806512964788527e-06
Disease	disease_43975	2.6772101137502502e-06
Disease	disease_8608	2.664359663837232e-06
Disease	disease_5109	2.652297632102809e-06
Disease	disease_468	2.65185418510656e-06
Disease	disease_8315	2.6512821093541984e-06
Disease	disease_15110	2.6429636064501314e-06
Disease	disease_15263	2.6425527465138007e-06
Disease	disease_44965	2.6319146506458666e-06
Disease	disease_18608	2.615971057058715e-06
Disease	disease_5053	2.5979900638862828e-06
Disease	disease_4878	2.5936520500652704e-06
Disease	disease_1805	2.5936520500652704e-06
Disease	disease_1850	2.5936520500652704e-06
Disease	disease_2068	2.5936520500652704e-06
Disease	disease_2069	2.5936520500652704e-06
Disease	disease_2067	2.5936520500652704e-06
Disease	disease_1401	2.5936520500652704e-06
Disease	disease_3699	2.5692325521727e-06
Disease	disease_16418	2.557480391840873e-06
Disease	disease_23122	2.5499815886781365e-06
Disease	disease_3122	2.5479774171797537e-06
Disease	disease_5311	2.5329397227761793e-06
Disease	disease_6875	2.5210569776483876e-06
Disease	disease_21100	2.509733309507751e-06
Disease	disease_8015	2.5059075825547797e-06
Disease	disease_2314	2.5019535522308283e-06
Disease	disease_20674	2.485629524642737e-06
Disease	disease_6505	2.475581196147614e-06
Disease	disease_6730	2.4710415051244933e-06
Disease	disease_2317	2.4447432249205988e-06
Disease	disease_2515	2.415345169767696e-06
Disease	disease_9410	2.403633067251069e-06
Disease	disease_453	2.3977031772109734e-06
Disease	disease_100193	2.378923942364731e-06
Disease	disease_5385	2.3731769694702564e-06
Disease	disease_4496	2.3479057340194575e-06
Disease	disease_8852	2.339965224251544e-06
Disease	disease_7256	2.331765176158468e-06
Disease	disease_17663	2.329506595451692e-06
Disease	disease_19033	2.318947916005541e-06
Disease	disease_4	2.3108570679593868e-06
Disease	disease_816	2.3011903063577993e-06
Disease	disease_4982	2.2952880286799316e-06
Disease	disease_19490	2.2905142586900025e-06
Disease	disease_5324	2.2536387606342044e-06
Disease	disease_828	2.2502662099729707e-06
Disease	disease_12268	2.2380261455330513e-06
Disease	disease_2330	2.237346168744115e-06
Disease	disease_469	2.2370428796114385e-06
Disease	disease_5299	2.236747117459271e-06
Disease	disease_20119	2.207089298319956e-06
Disease	disease_5275	2.197590418301643e-06
Disease	disease_11841	2.1888168948207523e-06
Disease	disease_1711	2.184450164360146e-06
Disease	disease_14352	2.179043230875412e-06
Disease	disease_7254	2.1759084837235027e-06
Disease	disease_1315	2.1640412285693175e-06
Disease	disease_20493	2.1558696000603327e-06
Disease	disease_16419	2.150567391705753e-06
Disease	disease_2025	2.1245441278941164e-06
Disease	disease_10826	2.123450650120971e-06
Disease	disease_17824	2.123245237705985e-06
Disease	disease_42490	2.1193454311989082e-06
Disease	disease_3781	2.116358404648489e-06
Disease	disease_14100	2.111916716606089e-06
Disease	disease_21661	2.1060669810228555e-06
Disease	disease_9754	2.0938552840143153e-06
Disease	disease_8114	2.091755359880633e-06
Disease	disease_13139	2.0856938473724412e-06
Disease	disease_2144	2.084938216007385e-06
Disease	disease_20806	2.0781573911115513e-06
Disease	disease_5201	2.0715678193057675e-06
Disease	disease_19725	2.070569625083778e-06
Disease	disease_12672	2.0699829583665513e-06
Disease	disease_3430	2.0660511539329227e-06
Disease	disease_11876	2.0624748934449134e-06
Disease	disease_16267	2.0518546524327915e-06
Disease	disease_467	2.051304006556772e-06
Disease	disease_16266	2.0442027587955514e-06
Disease	disease_21148	2.0422593993075866e-06
Disease	disease_6698	2.040456433671579e-06
Disease	disease_595	2.034775344138166e-06
Disease	disease_43226	2.030431837174673e-06
Disease	disease_23209	2.0105718865320376e-06
Disease	disease_4571	1.960840058413035e-06
Disease	disease_1090	1.9578496234319604e-06
Disease	disease_990	1.9578496234319604e-06
Disease	disease_5972	1.956538820463539e-06
Disease	disease_41656	1.9559668336405478e-06
Disease	disease_17640	1.9477448352112302e-06
Disease	disease_1942	1.9447873200232516e-06
Disease	disease_7496	1.93637520422883e-06
Disease	disease_15691	1.9345558517063773e-06
Disease	disease_1548	1.9340404550860453e-06
Disease	disease_15924	1.9290581054535856e-06
Disease	disease_5300	1.925650717416437e-06
Disease	disease_17639	1.920982802417666e-06
Disease	disease_1292	1.9097792030857786e-06
Disease	disease_947	1.9059165997482484e-06
Disease	disease_4639	1.9050910643755176e-06
Disease	disease_5306	1.8948845662298695e-06
Disease	disease_7269	1.8921083431296856e-06
Disease	disease_4946	1.8809784611890018e-06
Disease	disease_16333	1.8777158949125432e-06
Disease	disease_1089	1.8697465557191808e-06
Disease	disease_1088	1.8697465557191808e-06
Disease	disease_4780	1.8697465557191808e-06
Disease	disease_5575	1.8636260407573727e-06
Disease	disease_10542	1.8602193150583318e-06
Disease	disease_2134	1.8434735230912945e-06
Disease	disease_10771	1.8377880344342706e-06
Disease	disease_2155	1.8156045774045779e-06
Disease	disease_10951	1.80697558861665e-06
Disease	disease_1821	1.803371058768587e-06
Disease	disease_5052	1.7881835041976858e-06
Disease	disease_11003	1.786470625983708e-06
Disease	disease_2048	1.7857923591822773e-06
Disease	disease_5295	1.7778358846409027e-06
Disease	disease_11095	1.759778709076331e-06
Disease	disease_12745	1.7592846122736292e-06
Disease	disease_5020	1.756911375175693e-06
Disease	disease_4652	1.7554304264306273e-06
Disease	disease_11094	1.7475304486363681e-06
Disease	disease_12808	1.7455022899476727e-06
Disease	disease_13262	1.74188366545761e-06
Disease	disease_13261	1.7342207926449627e-06
Disease	disease_12744	1.7319945717773202e-06
Disease	disease_11400	1.7307799303209934e-06
Disease	disease_2408	1.7291717081043254e-06
Disease	disease_8364	1.7281199021051824e-06
Disease	disease_12362	1.7172806253817918e-06
Disease	disease_14396	1.716396769412342e-06
Disease	disease_12062	1.7135329037088573e-06
Disease	disease_13371	1.7023818220374144e-06
Disease	disease_13373	1.7020236229819806e-06
Disease	disease_8193	1.6970101217738586e-06
Disease	disease_13848	1.695707625574465e-06
Disease	disease_13168	1.6940698419718693e-06
Disease	disease_6732	1.6930935536155064e-06
Disease	disease_13479	1.6914619531499839e-06
Disease	disease_11702	1.6913105551063449e-06
Disease	disease_12746	1.691130164177135e-06
Disease	disease_11482	1.6910056026986006e-06
Disease	disease_14073	1.6906713136236314e-06
Disease	disease_1817	1.6904364949162497e-06
Disease	disease_11840	1.6900998891296636e-06
Disease	disease_13211	1.690091399846365e-06
Disease	disease_14095	1.6900119807036616e-06
Disease	disease_13147	1.689929281362759e-06
Disease	disease_13030	1.689882525445777e-06
Disease	disease_12667	1.689771621161093e-06
Disease	disease_13339	1.6897472029868173e-06
Disease	disease_13198	1.6896082297736526e-06
Disease	disease_12704	1.6895276248684323e-06
Disease	disease_11425	1.6891907256963034e-06
Disease	disease_12364	1.6891907256963034e-06
Disease	disease_11567	1.6891907256963034e-06
Disease	disease_1742	1.6734981774901178e-06
Disease	disease_1864	1.6734981774901178e-06
Disease	disease_6644	1.6677268303138158e-06
Disease	disease_5527	1.6530107766308123e-06
Disease	disease_100146	1.6471749023079084e-06
Disease	disease_29000	1.6452150455902316e-06
Disease	disease_5477	1.6403629805005304e-06
Disease	disease_11849	1.6398311075467854e-06
Disease	disease_5689	1.6301801746971472e-06
Disease	disease_5754	1.6291026929412546e-06
Disease	disease_24295	1.6163691147467096e-06
Disease	disease_1423	1.6156853425075047e-06
Disease	disease_1485	1.6068771457607824e-06
Disease	disease_4572	1.6068771457607824e-06
Disease	disease_1823	1.6029991587120314e-06
Disease	disease_21253	1.592096823908387e-06
Disease	disease_5346	1.589113769014595e-06
Disease	disease_2492	1.5889961213728825e-06
Disease	disease_5451	1.5723407250268535e-06
Disease	disease_5394	1.5580075092154803e-06
Disease	disease_2245	1.5553159325121586e-06
Disease	disease_4567	1.5536207977289015e-06
Disease	disease_43291	1.551451735127431e-06
Disease	disease_21416	1.5472212691371877e-06
Disease	disease_9078	1.543295528933157e-06
Disease	disease_592	1.5372234159448504e-06
Disease	disease_2691	1.5334590669860242e-06
Disease	disease_43218	1.529974112632251e-06
Disease	disease_20754	1.5282164441312507e-06
Disease	disease_4859	1.5281125352182775e-06
Disease	disease_12365	1.5281125352182775e-06
Disease	disease_12366	1.5281125352182775e-06
Disease	disease_4858	1.5281125352182775e-06
Disease	disease_987	1.5281125352182775e-06
Disease	disease_5386	1.5274202414097984e-06
Disease	disease_15129	1.5261194016953826e-06
Disease	disease_4790	1.5191209853949983e-06
Disease	disease_2320	1.5127099623176637e-06
Disease	disease_21199	1.483985512009646e-06
Disease	disease_5113	1.4751708443512476e-06
Disease	disease_7960	1.4580273571318475e-06
Disease	disease_6026	1.4504258769030398e-06
Disease	disease_18752	1.4480633333614976e-06
Disease	disease_4588	1.4253744972038896e-06
Disease	disease_43377	1.4238773850350712e-06
Disease	disease_1517	1.4210830152237913e-06
Disease	disease_2476	1.416338588371397e-06
Disease	disease_1834	1.4138172868914028e-06
Disease	disease_33946	1.4109008316391485e-06
Disease	disease_1164	1.4101113289161867e-06
Disease	disease_2125	1.3984650623718537e-06
Disease	disease_1358	1.3971774275304407e-06
Disease	disease_7126	1.3950490805934407e-06
Disease	disease_6210	1.393251213111513e-06
Disease	disease_18532	1.3784310844290384e-06
Disease	disease_24327	1.3738965278297593e-06
Disease	disease_12061	1.373143302557949e-06
Disease	disease_32920	1.3722868108250766e-06
Disease	disease_10311	1.3722640713512088e-06
Disease	disease_5920	1.3720691404140594e-06
Disease	disease_5335	1.3678083255071356e-06
Disease	disease_11429	1.3617775126855575e-06
Disease	disease_2307	1.3584468851589338e-06
Disease	disease_1555	1.357541134397203e-06
Disease	disease_1703	1.3560559196453187e-06
Disease	disease_18055	1.3523820189531649e-06
Disease	disease_16216	1.3337187426930956e-06
Disease	disease_1385	1.3311859490018813e-06
Disease	disease_24331	1.3299898142017678e-06
Disease	disease_18534	1.3264030273262604e-06
Disease	disease_15509	1.3225543751712879e-06
Disease	disease_4375	1.320757616195415e-06
Disease	disease_18533	1.3197411861956345e-06
Disease	disease_43135	1.3197401155795232e-06
Disease	disease_100079	1.3160090500181494e-06
Disease	disease_43768	1.3038385919421256e-06
Disease	disease_7745	1.3024666263682222e-06
Disease	disease_2419	1.2979628270138113e-06
Disease	disease_43310	1.2965060626820637e-06
Disease	disease_24288	1.2925178851583497e-06
Disease	disease_100241	1.2796021247572535e-06
Disease	disease_20121	1.2772703239707422e-06
Disease	disease_2406	1.2745007913871456e-06
Disease	disease_19098	1.2737898645149828e-06
Disease	disease_24277	1.2732588351781044e-06
Disease	disease_1198	1.2682623356844535e-06
Disease	disease_16532	1.2663130451164222e-06
Disease	disease_24313	1.2599968587892444e-06
Disease	disease_5259	1.2563785868883012e-06
Disease	disease_7329	1.245544134900462e-06
Disease	disease_24417	1.2425550181255005e-06
Disease	disease_3620	1.230657038305968e-06
Disease	disease_21680	1.2299591575693127e-06
Disease	disease_594	1.2270093562570175e-06
Disease	disease_10543	1.2256892684838373e-06
Disease	disease_11996	1.219698502096673e-06
Disease	disease_9332	1.2148686938488143e-06
Disease	disease_24573	1.2016780796820638e-06
Disease	disease_2309	1.197430386753104e-06
Disease	disease_6857	1.192220270830985e-06
Disease	disease_18963	1.1903704481033363e-06
Disease	disease_100316	1.1881239913033528e-06
Disease	disease_5448	1.1858211954572454e-06
Disease	disease_15118	1.1850829907327538e-06
Disease	disease_43224	1.1676294234282346e-06
Disease	disease_44212	1.1623874941569643e-06
Disease	disease_5244	1.1613139077613466e-06
Disease	disease_1564	1.1589949681351062e-06
Disease	disease_24458	1.1570971748350549e-06
Disease	disease_18912	1.155879451706452e-06
Disease	disease_5298	1.1494004496995046e-06
Disease	disease_1208	1.1453953249498768e-06
Disease	disease_17574	1.1441464054955548e-06
Disease	disease_6932	1.1419149521786315e-06
Disease	disease_19371	1.1397778617889141e-06
Disease	disease_17366	1.13928201778248e-06
Disease	disease_6917	1.1369109866113629e-06
Disease	disease_24239	1.1341041028061474e-06
Disease	disease_2039	1.1337868547816196e-06
Disease	disease_10264	1.1322895886929497e-06
Disease	disease_4335	1.1306419491588967e-06
Disease	disease_18649	1.1284960524245218e-06
Disease	disease_24429	1.1201038756802425e-06
Disease	disease_17754	1.1148319178078883e-06
Disease	disease_6647	1.1122584176396763e-06
Disease	disease_2801	1.1113860093297097e-06
Disease	disease_2412	1.1113479908458637e-06
Disease	disease_8559	1.1111558150599182e-06
Disease	disease_8963	1.1059100911077571e-06
Disease	disease_1074	1.1041636582726828e-06
Disease	disease_21166	1.095669483721568e-06
Disease	disease_5261	1.0942776617957866e-06
Disease	disease_2413	1.0926654249626306e-06
Disease	disease_1751	1.0907837597952367e-06
Disease	disease_6021	1.0894768971947213e-06
Disease	disease_5775	1.0826025367642172e-06
Disease	disease_5607	1.0779253497179462e-06
Disease	disease_16168	1.0721182192908844e-06
Disease	disease_18116	1.0685683374075489e-06
Disease	disease_1056	1.0652132072610407e-06
Disease	disease_10679	1.065196814231445e-06
Disease	disease_4950	1.0626383205759747e-06
Disease	disease_15925	1.0614740527779892e-06
Disease	disease_21085	1.0613363650558993e-06
Disease	disease_18150	1.060779335308078e-06
Disease	disease_6599	1.060488029395351e-06
Disease	disease_7759	1.054627742971446e-06
Disease	disease_5356	1.051296576434929e-06
Disease	disease_603	1.0488187236638225e-06
Disease	disease_5545	1.0469529816667036e-06
Disease	disease_7603	1.0419709259233807e-06
Disease	disease_13367	1.037339207153805e-06
Disease	disease_1162	1.0358033410253191e-06
Disease	disease_7648	1.0355836798343171e-06
Disease	disease_9288	1.0353754991130889e-06
Disease	disease_21511	1.0304885070603111e-06
Disease	disease_5912	1.0283401806244808e-06
Disease	disease_5391	1.0282981570910903e-06
Disease	disease_18184	1.019365688460307e-06
Disease	disease_3014	1.0175103046451317e-06
Disease	disease_24237	1.0168775343768204e-06
Disease	disease_8733	1.016630005712871e-06
Disease	disease_16383	1.0162408777088296e-06
Disease	disease_24757	1.011163062154224e-06
Disease	disease_6793	1.0063517742345138e-06
Disease	disease_1741	1.0056604202551195e-06
Disease	disease_33926	1.0007192939748322e-06
Disease	disease_5313	9.925688494431554e-07
Disease	disease_5890	9.900290282453754e-07
Disease	disease_508	9.866546049251437e-07
Disease	disease_5546	9.844954118854112e-07
Disease	disease_17337	9.836251469839801e-07
Disease	disease_6873	9.816886206327972e-07
Disease	disease_2629	9.760827423248815e-07
Disease	disease_18901	9.748610875147533e-07
Disease	disease_10797	9.742534056456178e-07
Disease	disease_20693	9.74207282947521e-07
Disease	disease_18896	9.73102218467026e-07
Disease	disease_14548	9.726117809009644e-07
Disease	disease_8999	9.6637352235136e-07
Disease	disease_2083	9.651292193604143e-07
Disease	disease_10979	9.650309128259598e-07
Disease	disease_100062	9.6477845916069e-07
Disease	disease_2562	9.617728036158194e-07
Disease	disease_5921	9.611621234320602e-07
Disease	disease_11997	9.60088031365086e-07
Disease	disease_11872	9.597974205142765e-07
Disease	disease_5578	9.583408454834047e-07
Disease	disease_9061	9.517578812354118e-07
Disease	disease_5314	9.507445774494772e-07
Disease	disease_13372	9.496559380719432e-07
Disease	disease_3406	9.47973331901553e-07
Disease	disease_15128	9.478120060336098e-07
Disease	disease_8674	9.460968897900475e-07
Disease	disease_21178	9.40082184854019e-07
Disease	disease_16428	9.39030189105635e-07
Disease	disease_5867	9.384157957115356e-07
Disease	disease_13792	9.382371562433578e-07
Disease	disease_8731	9.331199844311424e-07
Disease	disease_32915	9.304136618806503e-07
Disease	disease_2405	9.296069142608216e-07
Disease	disease_24306	9.290460790386473e-07
Disease	disease_15133	9.284835275845998e-07
Disease	disease_8222	9.253999479384039e-07
Disease	disease_5328	9.244357437158818e-07
Disease	disease_11405	9.239034613834848e-07
Disease	disease_10888	9.233797233239281e-07
Disease	disease_13279	9.231764742882267e-07
Disease	disease_11377	9.208938806720201e-07
Disease	disease_5049	9.204052250854478e-07
Disease	disease_20755	9.202587530799401e-07
Disease	disease_4980	9.183178864248056e-07
Disease	disease_13062	9.179321032164649e-07
Disease	disease_13370	9.175141399068438e-07
Disease	disease_8171	9.155552981351762e-07
Disease	disease_12559	9.149897710178724e-07
Disease	disease_9523	9.140431674228387e-07
Disease	disease_17100	9.116007479760483e-07
Disease	disease_2118	9.075655883170632e-07
Disease	disease_8159	9.036947823241985e-07
Disease	disease_5301	9.010802359156272e-07
Disease	disease_4668	9.003253113103488e-07
Disease	disease_18027	8.958524858277829e-07
Disease	disease_3240	8.944748319466909e-07
Disease	disease_19847	8.934141518659269e-07
Disease	disease_12736	8.907240098502136e-07
Disease	disease_1104	8.858829231418347e-07
Disease	disease_18800	8.816512506560275e-07
Disease	disease_1530	8.780976447189866e-07
Disease	disease_14550	8.770767698791222e-07
Disease	disease_1382	8.768888150029955e-07
Disease	disease_15659	8.744071766055475e-07
Disease	disease_4298	8.724070627454372e-07
Disease	disease_473	8.656183908170993e-07
Disease	disease_4721	8.638886600569605e-07
Disease	disease_8199	8.619116713898463e-07
Disease	disease_5719	8.609634110492934e-07
Disease	disease_10958	8.603978346616108e-07
Disease	disease_41775	8.586741199876818e-07
Disease	disease_12851	8.581907111278061e-07
Disease	disease_2268	8.563948380837994e-07
Disease	disease_15656	8.563082706545122e-07
Disease	disease_12850	8.559850045317032e-07
Disease	disease_5970	8.49411024453214e-07
Disease	disease_5016	8.482201826357694e-07
Disease	disease_12737	8.478203864052691e-07
Disease	disease_7113	8.478114078938336e-07
Disease	disease_100246	8.476202934607597e-07
Disease	disease_21699	8.458438788495696e-07
Disease	disease_5149	8.432686722449765e-07
Disease	disease_1273	8.395110662489688e-07
Disease	disease_12738	8.388199481866612e-07
Disease	disease_21667	8.387036995782804e-07
Disease	disease_4638	8.366022342107055e-07
Disease	disease_5249	8.325865242903838e-07
Disease	disease_18830	8.297336150352101e-07
Disease	disease_9383	8.281669589222027e-07
Disease	disease_18214	8.259532926232757e-07
Disease	disease_32756	8.24749678972177e-07
Disease	disease_6823	8.245314631404957e-07
Disease	disease_17769	8.242327732688365e-07
Disease	disease_9414	8.213811021385646e-07
Disease	disease_10820	8.213036058131905e-07
Disease	disease_6052	8.170716107742977e-07
Disease	disease_5366	8.153409808652005e-07
Disease	disease_5649	8.126105027913844e-07
Disease	disease_7027	8.087083547708808e-07
Disease	disease_18755	8.063844184304873e-07
Disease	disease_607	8.029411928226164e-07
Disease	disease_18183	8.008320429007595e-07
Disease	disease_10383	7.996112452649952e-07
Disease	disease_2525	7.98547848935094e-07
Disease	disease_5579	7.98386183297686e-07
Disease	disease_15508	7.965525514565368e-07
Disease	disease_19469	7.950935891895897e-07
Disease	disease_41052	7.925341173654524e-07
Disease	disease_43775	7.924659387814648e-07
Disease	disease_11147	7.8812253366743e-07
Disease	disease_8966	7.876282292052311e-07
Disease	disease_5503	7.876261045469982e-07
Disease	disease_1410	7.874046132246001e-07
Disease	disease_18739	7.860128198666206e-07
Disease	disease_44333	7.856807967444087e-07
Disease	disease_1106	7.835004991908155e-07
Disease	disease_11929	7.807311646906514e-07
Disease	disease_4095	7.801123981482906e-07
Disease	disease_6658	7.7942272545652e-07
Disease	disease_12774	7.77063035075935e-07
Disease	disease_6715	7.747484160239124e-07
Disease	disease_15653	7.738339751997203e-07
Disease	disease_1521	7.730380287375002e-07
Disease	disease_288	7.724054929764506e-07
Disease	disease_18741	7.715581276454668e-07
Disease	disease_13595	7.646662031495992e-07
Disease	disease_18835	7.622615851283891e-07
Disease	disease_20078	7.622291309539269e-07
Disease	disease_5817	7.590395266884374e-07
Disease	disease_44641	7.578774107800147e-07
Disease	disease_6699	7.571445298561739e-07
Disease	disease_995	7.563564194027265e-07
Disease	disease_16204	7.560909561429138e-07
Disease	disease_18991	7.560909561429138e-07
Disease	disease_19431	7.560909561429138e-07
Disease	disease_4694	7.560909561429138e-07
Disease	disease_44631	7.560909561429138e-07
Disease	disease_12081	7.560458525515059e-07
Disease	disease_19896	7.554293534581917e-07
Disease	disease_5005	7.527560871819876e-07
Disease	disease_15657	7.51460760825141e-07
Disease	disease_4681	7.492826645880846e-07
Disease	disease_16459	7.485295488021249e-07
Disease	disease_6244	7.480148023965178e-07
Disease	disease_543	7.474870849352666e-07
Disease	disease_15650	7.47430013697588e-07
Disease	disease_11146	7.467841891752659e-07
Disease	disease_4629	7.458358065150215e-07
Disease	disease_8684	7.455177532491676e-07
Disease	disease_19058	7.451679021036396e-07
Disease	disease_6862	7.436481304464865e-07
Disease	disease_6735	7.414043730918086e-07
Disease	disease_411	7.410591531139069e-07
Disease	disease_5336	7.410384363444433e-07
Disease	disease_10561	7.402020709589594e-07
Disease	disease_15962	7.394505286264577e-07
Disease	disease_16456	7.390553570612378e-07
Disease	disease_33925	7.386066667759296e-07
Disease	disease_3652	7.375441680744816e-07
Disease	disease_19008	7.369298710207297e-07
Disease	disease_15938	7.361176059041545e-07
Disease	disease_10428	7.341055174887935e-07
Disease	disease_15655	7.322328651148922e-07
Disease	disease_11382	7.312226748731821e-07
Disease	disease_1389	7.300925991477411e-07
Disease	disease_5937	7.299953088494871e-07
Disease	disease_5449	7.288843689792671e-07
Disease	disease_15723	7.284594387204919e-07
Disease	disease_14848	7.271561832449961e-07
Disease	disease_1999	7.269358039440732e-07
Disease	disease_6584	7.249187326258019e-07
Disease	disease_100033	7.244480336148937e-07
Disease	disease_5549	7.239884182100178e-07
Disease	disease_14708	7.235105033315174e-07
Disease	disease_15436	7.226639344496035e-07
Disease	disease_13304	7.188855023603578e-07
Disease	disease_100036	7.167504460946162e-07
Disease	disease_100028	7.155982134009844e-07
Disease	disease_13966	7.117499067831606e-07
Disease	disease_15654	7.114081817025573e-07
Disease	disease_15658	7.08346250347379e-07
Disease	disease_21668	7.069096632121669e-07
Disease	disease_18883	7.065703458678733e-07
Disease	disease_15111	7.058633952826719e-07
Disease	disease_7763	7.019763953003987e-07
Disease	disease_21927	7.01752242680537e-07
Disease	disease_18660	7.00568248196789e-07
Disease	disease_7794	7.004628327127428e-07
Disease	disease_4822	6.983886444660692e-07
Disease	disease_5746	6.9744929896058e-07
Disease	disease_11484	6.969951486143921e-07
Disease	disease_100035	6.968379134728775e-07
Disease	disease_6748	6.968379134728775e-07
Disease	disease_43264	6.968379134728775e-07
Disease	disease_2338	6.968379134728775e-07
Disease	disease_591	6.966424884804553e-07
Disease	disease_3265	6.963663152247157e-07
Disease	disease_5467	6.960452894217234e-07
Disease	disease_1505	6.951102086332751e-07
Disease	disease_19933	6.935101192407153e-07
Disease	disease_13108	6.930837159949198e-07
Disease	disease_4949	6.917299062216382e-07
Disease	disease_21061	6.901207103291107e-07
Disease	disease_3664	6.890024392714516e-07
Disease	disease_5132	6.8819097670762e-07
Disease	disease_12762	6.859681071959258e-07
Disease	disease_100053	6.852166695343228e-07
Disease	disease_4648	6.846927156901903e-07
Disease	disease_5081	6.732182669412296e-07
Disease	disease_7950	6.713495748085379e-07
Disease	disease_12586	6.694313293046957e-07
Disease	disease_5436	6.629882177971003e-07
Disease	disease_12011	6.600473622239487e-07
Disease	disease_6003	6.593925636223119e-07
Disease	disease_5093	6.587197084563959e-07
Disease	disease_18171	6.525102344283633e-07
Disease	disease_1080	6.521734740548856e-07
Disease	disease_6040	6.517491525595032e-07
Disease	disease_17290	6.502093713501954e-07
Disease	disease_6805	6.486012324071351e-07
Disease	disease_1225	6.468043430469208e-07
Disease	disease_12009	6.444962339656543e-07
Disease	disease_11817	6.444962339656543e-07
Disease	disease_12788	6.444962339656543e-07
Disease	disease_10331	6.444962339656543e-07
Disease	disease_12628	6.444962339656543e-07
Disease	disease_12010	6.444962339656543e-07
Disease	disease_15159	6.444244112297733e-07
Disease	disease_6011	6.402835168153786e-07
Disease	disease_21146	6.381404484407335e-07
Disease	disease_1585	6.374157777791268e-07
Disease	disease_4599	6.374157777791268e-07
Disease	disease_1345	6.374157777791268e-07
Disease	disease_6812	6.349955198042425e-07
Disease	disease_18172	6.347663179893591e-07
Disease	disease_44903	6.346159274404903e-07
Disease	disease_11292	6.340787846388006e-07
Disease	disease_11706	6.336612791549088e-07
Disease	disease_2869	6.325380442043339e-07
Disease	disease_41806	6.317814907674824e-07
Disease	disease_14191	6.305630167294968e-07
Disease	disease_1807	6.302313062142318e-07
Disease	disease_7540	6.29364085052664e-07
Disease	disease_11559	6.273105229858229e-07
Disease	disease_24255	6.270031070565127e-07
Disease	disease_5621	6.255884272417578e-07
Disease	disease_5550	6.243137031675005e-07
Disease	disease_13361	6.241838323088763e-07
Disease	disease_10747	6.217958394132664e-07
Disease	disease_9469	6.210977861617569e-07
Disease	disease_43839	6.210566178790159e-07
Disease	disease_20051	6.18892944260405e-07
Disease	disease_13529	6.187816428299328e-07
Disease	disease_4187	6.178645191520095e-07
Disease	disease_12863	6.164589609378158e-07
Disease	disease_12152	6.164589609378158e-07
Disease	disease_12149	6.164589609378158e-07
Disease	disease_12150	6.164589609378158e-07
Disease	disease_12151	6.164589609378158e-07
Disease	disease_12862	6.164589609378158e-07
Disease	disease_5083	6.155769298118228e-07
Disease	disease_21335	6.143492160211649e-07
Disease	disease_21375	6.137049636889717e-07
Disease	disease_19338	6.083589813856159e-07
Disease	disease_19345	6.072764246419652e-07
Disease	disease_6373	6.071073066345352e-07
Disease	disease_16248	6.067636748756316e-07
Disease	disease_448	6.061095963857047e-07
Disease	disease_2184	6.041225439117003e-07
Disease	disease_19438	6.040606800379678e-07
Disease	disease_5623	6.032680184898264e-07
Disease	disease_4993	6.023638970858316e-07
Disease	disease_15667	5.983810167395503e-07
Disease	disease_20120	5.979887420642566e-07
Disease	disease_20722	5.960129126386531e-07
Disease	disease_4260	5.928541368472307e-07
Disease	disease_1155	5.928541368472307e-07
Disease	disease_919	5.926644751365013e-07
Disease	disease_2289	5.908186815546189e-07
Disease	disease_40797	5.886592107675103e-07
Disease	disease_1520	5.870167948009677e-07
Disease	disease_5510	5.856779512950139e-07
Disease	disease_1899	5.842717121045511e-07
Disease	disease_6322	5.829055006838074e-07
Disease	disease_2907	5.815314323235714e-07
Disease	disease_20676	5.815214809687269e-07
Disease	disease_1247	5.812088406542174e-07
Disease	disease_19565	5.794824080457645e-07
Disease	disease_21104	5.785962562579985e-07
Disease	disease_6993	5.742414500385546e-07
Disease	disease_21117	5.741295065904865e-07
Disease	disease_1152	5.7351630502973e-07
Disease	disease_2771	5.732628429599896e-07
Disease	disease_2752	5.723028824275244e-07
Disease	disease_12197	5.721130383634603e-07
Disease	disease_25598	5.711264236921355e-07
Disease	disease_15770	5.688801546687163e-07
Disease	disease_44751	5.679848125949299e-07
Disease	disease_6115	5.674767869279331e-07
Disease	disease_903	5.67012202895968e-07
Disease	disease_18685	5.669680611889713e-07
Disease	disease_15053	5.662943839979277e-07
Disease	disease_1770	5.661004116228392e-07
Disease	disease_20088	5.640070323503712e-07
Disease	disease_5861	5.62604028696611e-07
Disease	disease_4471	5.625459114433072e-07
Disease	disease_5139	5.622180795579786e-07
Disease	disease_5130	5.613611538862939e-07
Disease	disease_6809	5.608499135871749e-07
Disease	disease_11314	5.60522837120562e-07
Disease	disease_10304	5.60522837120562e-07
Disease	disease_8295	5.584492971477913e-07
Disease	disease_1927	5.565824655019672e-07
Disease	disease_8297	5.563870676925419e-07
Disease	disease_1244	5.56080755711278e-07
Disease	disease_18925	5.554607076964993e-07
Disease	disease_44996	5.533351304171042e-07
Disease	disease_5387	5.529368905526313e-07
Disease	disease_9100	5.489949161061214e-07
Disease	disease_18473	5.48943387158605e-07
Disease	disease_15909	5.475857019849099e-07
Disease	disease_5218	5.475590917357373e-07
Disease	disease_6945	5.447530146998329e-07
Disease	disease_20675	5.44635359367941e-07
Disease	disease_5287	5.444095796195712e-07
Disease	disease_745	5.392884807453165e-07
Disease	disease_19056	5.383782440237882e-07
Disease	disease_43005	5.365531087015667e-07
Disease	disease_18353	5.357944275533128e-07
Disease	disease_8585	5.352066935157602e-07
Disease	disease_6526	5.350383119164386e-07
Disease	disease_24238	5.343307104997064e-07
Disease	disease_17133	5.321428351744871e-07
Disease	disease_4369	5.288494477026781e-07
Disease	disease_19589	5.265328199592701e-07
Disease	disease_3393	5.252250393266549e-07
Disease	disease_5617	5.240328283754873e-07
Disease	disease_21237	5.227685712716175e-07
Disease	disease_2305	5.216466207375399e-07
Disease	disease_21702	5.204289192142215e-07
Disease	disease_19457	5.201654723270209e-07
Disease	disease_550	5.193144209041491e-07
Disease	disease_944	5.17939182561401e-07
Disease	disease_6288	5.163191401104915e-07
Disease	disease_3584	5.137761145307717e-07
Disease	disease_33948	5.125999297056656e-07
Disease	disease_5062	5.120696941839883e-07
Disease	disease_17646	5.118022506863246e-07
Disease	disease_20989	5.114998216606641e-07
Disease	disease_15165	5.108689565779813e-07
Disease	disease_44993	5.095861255222805e-07
Disease	disease_4678	5.063552437567425e-07
Disease	disease_6592	5.059517970163203e-07
Disease	disease_5626	5.02782387715441e-07
Disease	disease_9387	5.024849843257343e-07
Disease	disease_1098	5.016637171858138e-07
Disease	disease_6314	5.005323057729947e-07
Disease	disease_7032	5.001506659912246e-07
Disease	disease_5224	4.997055516568288e-07
Disease	disease_20320	4.997055516568288e-07
Disease	disease_5223	4.997055516568288e-07
Disease	disease_4277	4.997051532510564e-07
Disease	disease_1493	4.995942699851586e-07
Disease	disease_2081	4.993157582676713e-07
Disease	disease_7454	4.988422468561714e-07
Disease	disease_11123	4.987552165381656e-07
Disease	disease_21063	4.987313392861774e-07
Disease	disease_5439	4.987068201859886e-07
Disease	disease_11168	4.986031078984719e-07
Disease	disease_11167	4.986031078984719e-07
Disease	disease_5087	4.973566773210643e-07
Disease	disease_12921	4.973070458036776e-07
Disease	disease_18435	4.972489179778809e-07
Disease	disease_11068	4.972324363570208e-07
Disease	disease_10863	4.970850001736025e-07
Disease	disease_12919	4.969700190123532e-07
Disease	disease_12920	4.968179103726597e-07
Disease	disease_13078	4.968179103726597e-07
Disease	disease_10864	4.968179103726597e-07
Disease	disease_11016	4.968179103726597e-07
Disease	disease_12961	4.968179103726597e-07
Disease	disease_10950	4.968179103726597e-07
Disease	disease_11302	4.968179103726597e-07
Disease	disease_10862	4.968179103726597e-07
Disease	disease_10861	4.968179103726597e-07
Disease	disease_11033	4.968179103726597e-07
Disease	disease_11572	4.968179103726597e-07
Disease	disease_12422	4.968179103726597e-07
Disease	disease_3381	4.965231522209807e-07
Disease	disease_5763	4.956975990061595e-07
Disease	disease_5401	4.953041722690049e-07
Disease	disease_5554	4.946931307773245e-07
Disease	disease_14742	4.923144370477991e-07
Disease	disease_17704	4.922270273902847e-07
Disease	disease_5116	4.907499072528544e-07
Disease	disease_1569	4.905078595573241e-07
Disease	disease_6103	4.900983835888535e-07
Disease	disease_5039	4.889289131528381e-07
Disease	disease_5114	4.871322508070794e-07
Disease	disease_14488	4.85757513526977e-07
Disease	disease_11027	4.846094226116425e-07
Disease	disease_11955	4.84506612759511e-07
Disease	disease_11363	4.84506612759511e-07
Disease	disease_11072	4.84506612759511e-07
Disease	disease_14412	4.836325073471292e-07
Disease	disease_18905	4.824773224995779e-07
Disease	disease_7369	4.823374163112421e-07
Disease	disease_8810	4.823364815283726e-07
Disease	disease_1085	4.81023246161679e-07
Disease	disease_19802	4.804553210649982e-07
Disease	disease_9527	4.802061311588524e-07
Disease	disease_9131	4.789604086889663e-07
Disease	disease_771	4.781369857947507e-07
Disease	disease_5744	4.769100128020883e-07
Disease	disease_5046	4.7592926898534617e-07
Disease	disease_44767	4.758954588610158e-07
Disease	disease_226	4.756801299808557e-07
Disease	disease_3634	4.7472552211767e-07
Disease	disease_24376	4.74683102371524e-07
Disease	disease_41284	4.727278965271679e-07
Disease	disease_5961	4.719631931520103e-07
Disease	disease_18956	4.7186433480187184e-07
Disease	disease_916	4.693412049737377e-07
Disease	disease_5654	4.692232401221575e-07
Disease	disease_5655	4.692232401221575e-07
Disease	disease_21380	4.6834394742246207e-07
Disease	disease_43424	4.6756793334247825e-07
Disease	disease_5096	4.675149819997858e-07
Disease	disease_3900	4.670217563896423e-07
Disease	disease_1298	4.657666996037861e-07
Disease	disease_1117	4.6569998631492033e-07
Disease	disease_20541	4.644219236729313e-07
Disease	disease_4952	4.642428265970455e-07
Disease	disease_8004	4.6378289835251554e-07
Disease	disease_20542	4.6368102292816725e-07
Disease	disease_5827	4.6276904698304716e-07
Disease	disease_10648	4.6270958244666754e-07
Disease	disease_1076	4.624050985549759e-07
Disease	disease_9348	4.6148364384396177e-07
Disease	disease_25556	4.603200138620414e-07
Disease	disease_19618	4.5966114258307306e-07
Disease	disease_24298	4.5957315758322967e-07
Disease	disease_16096	4.5906122290132524e-07
Disease	disease_21251	4.585934124371042e-07
Disease	disease_11895	4.5836444508486054e-07
Disease	disease_5459	4.5832193388992994e-07
Disease	disease_4978	4.580774521345545e-07
Disease	disease_20543	4.5597707265889545e-07
Disease	disease_10200	4.558193835605698e-07
Disease	disease_8062	4.5495446915794993e-07
Disease	disease_16249	4.5463294547903734e-07
Disease	disease_1529	4.545221180726693e-07
Disease	disease_43207	4.544772972659136e-07
Disease	disease_10602	4.541915348336234e-07
Disease	disease_5601	4.539604136370524e-07
Disease	disease_6335	4.5394691824352743e-07
Disease	disease_9904	4.534516763963084e-07
Disease	disease_17863	4.5233830917822986e-07
Disease	disease_13060	4.51888324144682e-07
Disease	disease_24634	4.5105126469349397e-07
Disease	disease_3795	4.49734643843164e-07
Disease	disease_11846	4.4902649690502155e-07
Disease	disease_13902	4.487966986170661e-07
Disease	disease_18369	4.480741782734975e-07
Disease	disease_13150	4.4741798127055355e-07
Disease	disease_15574	4.4733216043700026e-07
Disease	disease_6045	4.4705913778618393e-07
Disease	disease_6502	4.467604627314222e-07
Disease	disease_18329	4.462940192196307e-07
Disease	disease_9937	4.458944008373718e-07
Disease	disease_2612	4.4526574111784465e-07
Disease	disease_20538	4.4508359425613146e-07
Disease	disease_17327	4.4508359425613146e-07
Disease	disease_19225	4.438555378924012e-07
Disease	disease_3225	4.430321642460204e-07
Disease	disease_18940	4.427660045653223e-07
Disease	disease_8044	4.4244775375037156e-07
Disease	disease_8647	4.4222202198861765e-07
Disease	disease_18328	4.4158935625478827e-07
Disease	disease_9971	4.413348320995437e-07
Disease	disease_7762	4.4107954399985925e-07
Disease	disease_6659	4.4096825496143e-07
Disease	disease_16586	4.40502681733812e-07
Disease	disease_13625	4.3996402177801755e-07
Disease	disease_11962	4.382523372623395e-07
Disease	disease_21209	4.3722378501726106e-07
Disease	disease_18513	4.371292448881252e-07
Disease	disease_33864	4.3698121893982923e-07
Disease	disease_1632	4.3686176504763783e-07
Disease	disease_7788	4.3619589321715964e-07
Disease	disease_14221	4.360685525544427e-07
Disease	disease_7179	4.3586093363394406e-07
Disease	disease_3792	4.3524059527710303e-07
Disease	disease_16093	4.3478207373754614e-07
Disease	disease_2571	4.326732613819882e-07
Disease	disease_8170	4.3212058273516994e-07
Disease	disease_17276	4.320892555963551e-07
Disease	disease_19747	4.313391857883462e-07
Disease	disease_8296	4.3066100619655846e-07
Disease	disease_5480	4.306208094365164e-07
Disease	disease_18241	4.3053859168476395e-07
Disease	disease_1294	4.2956162853103166e-07
Disease	disease_18906	4.2879634451709895e-07
Disease	disease_16348	4.282602456718656e-07
Disease	disease_10796	4.278198844936139e-07
Disease	disease_2109	4.277042748767587e-07
Disease	disease_5269	4.2697043764639034e-07
Disease	disease_8200	4.2695918846642136e-07
Disease	disease_6988	4.268863041567453e-07
Disease	disease_7761	4.2667571805156994e-07
Disease	disease_9050	4.264977067316174e-07
Disease	disease_15512	4.2646072005583386e-07
Disease	disease_11470	4.2523988208871665e-07
Disease	disease_11237	4.2523988208871665e-07
Disease	disease_13167	4.2519412185118037e-07
Disease	disease_6039	4.24314508653771e-07
Disease	disease_15905	4.234568640375931e-07
Disease	disease_4867	4.233893141568318e-07
Disease	disease_17638	4.221371174735265e-07
Disease	disease_1438	4.217050782342362e-07
Disease	disease_5620	4.2140881825828926e-07
Disease	disease_15541	4.211305599305285e-07
Disease	disease_18408	4.204362876633531e-07
Disease	disease_19771	4.203339636177826e-07
Disease	disease_9648	4.2023568554720946e-07
Disease	disease_16330	4.191278545382914e-07
Disease	disease_15547	4.1894968585249176e-07
Disease	disease_4595	4.187590214227434e-07
Disease	disease_19544	4.1864653729237035e-07
Disease	disease_24332	4.175745182581346e-07
Disease	disease_1641	4.1743496983825496e-07
Disease	disease_11299	4.17038560442273e-07
Disease	disease_7020	4.166846405211721e-07
Disease	disease_5253	4.1651189246616574e-07
Disease	disease_3538	4.1578960306813796e-07
Disease	disease_19439	4.1546075269780074e-07
Disease	disease_9550	4.148262913776633e-07
Disease	disease_19945	4.1426814440726303e-07
Disease	disease_5072	4.1306659376810865e-07
Disease	disease_3709	4.1262455606298517e-07
Disease	disease_5657	4.1260398838725795e-07
Disease	disease_314	4.1183081380462766e-07
Disease	disease_6693	4.108765192649371e-07
Disease	disease_7739	4.1045078636917785e-07
Disease	disease_21227	4.090993846062067e-07
Disease	disease_24575	4.0898297703481485e-07
Disease	disease_19977	4.0829741409211273e-07
Disease	disease_16180	4.081152413774824e-07
Disease	disease_2135	4.0781439854370575e-07
Disease	disease_17169	4.0767172187559955e-07
Disease	disease_6808	4.076525645460722e-07
Disease	disease_6835	4.0746831541816255e-07
Disease	disease_6710	4.0697600703391576e-07
Disease	disease_19104	4.065198226655397e-07
Disease	disease_8678	4.06506040875942e-07
Disease	disease_5906	4.064507352984737e-07
Disease	disease_16325	4.0639166935150416e-07
Disease	disease_5357	4.061268231560779e-07
Disease	disease_7240	4.0606450074654365e-07
Disease	disease_18243	4.0593811363341683e-07
Disease	disease_3763	4.0580914292435246e-07
Disease	disease_5156	4.0567633285195045e-07
Disease	disease_5388	4.048420886523689e-07
Disease	disease_6796	4.047255074603583e-07
Disease	disease_651	4.03957500550241e-07
Disease	disease_23263	4.0385694267265183e-07
Disease	disease_50	4.036972053914182e-07
Disease	disease_13653	4.034550167364657e-07
Disease	disease_13209	4.031483948378961e-07
Disease	disease_11764	4.0247153107383557e-07
Disease	disease_18097	4.012587889409616e-07
Disease	disease_20333	4.005377117112969e-07
Disease	disease_23603	4.000631358802582e-07
Disease	disease_21272	3.9967070488493046e-07
Disease	disease_11309	3.9928137261360296e-07
Disease	disease_5254	3.986645190408105e-07
Disease	disease_21189	3.985366653749349e-07
Disease	disease_14604	3.977024231945251e-07
Disease	disease_15270	3.975326470141686e-07
Disease	disease_12203	3.973249232610803e-07
Disease	disease_16635	3.9636644789707494e-07
Disease	disease_6983	3.9626366818195495e-07
Disease	disease_2332	3.961592532926247e-07
Disease	disease_11658	3.96154273003094e-07
Disease	disease_3718	3.9565311787193445e-07
Disease	disease_17338	3.9555966816267844e-07
Disease	disease_19121	3.953190391964303e-07
Disease	disease_9891	3.9481933728147875e-07
Disease	disease_11490	3.9438755407974407e-07
Disease	disease_8308	3.9376420318578323e-07
Disease	disease_11896	3.934432430810127e-07
Disease	disease_12454	3.9344118157952285e-07
Disease	disease_15247	3.9280709676075527e-07
Disease	disease_8648	3.917224164525183e-07
Disease	disease_5381	3.915327167163233e-07
Disease	disease_17656	3.9071575551665436e-07
Disease	disease_6014	3.8988773676122983e-07
Disease	disease_1277	3.8958703106668215e-07
Disease	disease_5569	3.885503871686885e-07
Disease	disease_14448	3.884891860900994e-07
Disease	disease_870	3.8846232760357746e-07
Disease	disease_19810	3.8843426677970696e-07
Disease	disease_24529	3.8819751266586803e-07
Disease	disease_6474	3.88022835758129e-07
Disease	disease_18256	3.879701375815937e-07
Disease	disease_15166	3.8795479329742625e-07
Disease	disease_18434	3.8795479329742625e-07
Disease	disease_17894	3.8795479329742625e-07
Disease	disease_18437	3.8795479329742625e-07
Disease	disease_18433	3.8795479329742625e-07
Disease	disease_7273	3.8787883150048387e-07
Disease	disease_45072	3.8592906943000456e-07
Disease	disease_44079	3.850183335090965e-07
Disease	disease_5189	3.8389923948805465e-07
Disease	disease_18848	3.8368161260699326e-07
Disease	disease_5825	3.835645573294272e-07
Disease	disease_8668	3.8296193648038946e-07
Disease	disease_45	3.8247568560419727e-07
Disease	disease_11613	3.8242666029705654e-07
Disease	disease_17647	3.8239750621467096e-07
Disease	disease_17893	3.8166252096761833e-07
Disease	disease_10191	3.8115795869547404e-07
Disease	disease_437	3.809902176062375e-07
Disease	disease_2146	3.8049530458631743e-07
Disease	disease_14233	3.803252622579757e-07
Disease	disease_24891	3.7995317169959556e-07
Disease	disease_13928	3.798387411161018e-07
Disease	disease_11487	3.7978296211337666e-07
Disease	disease_5706	3.7961555202333874e-07
Disease	disease_440	3.785454584089402e-07
Disease	disease_13340	3.783883218007388e-07
Disease	disease_15630	3.770511795151707e-07
Disease	disease_15631	3.770511795151707e-07
Disease	disease_15628	3.770511795151707e-07
Disease	disease_20528	3.770127176193259e-07
Disease	disease_21069	3.7655098465852305e-07
Disease	disease_18945	3.75964069470195e-07
Disease	disease_4992	3.758413097876523e-07
Disease	disease_24574	3.756469854786004e-07
Disease	disease_11671	3.7274771899450745e-07
Disease	disease_2041	3.7271084097309843e-07
Disease	disease_10604	3.725275503269825e-07
Disease	disease_18425	3.7214026327559016e-07
Disease	disease_41879	3.7196172816612357e-07
Disease	disease_15104	3.7183279963295236e-07
Disease	disease_11707	3.7168890174562166e-07
Disease	disease_16632	3.715993155674454e-07
Disease	disease_16422	3.711807609859612e-07
Disease	disease_20089	3.701306943258668e-07
Disease	disease_5119	3.6906308923343125e-07
Disease	disease_5498	3.6884228089998915e-07
Disease	disease_2800	3.686423413355549e-07
Disease	disease_44976	3.68554571178982e-07
Disease	disease_3274	3.679862501741033e-07
Disease	disease_19737	3.6729903379661474e-07
Disease	disease_45031	3.666546443993447e-07
Disease	disease_3290	3.6641221576357977e-07
Disease	disease_6892	3.6641221576357977e-07
Disease	disease_16408	3.6579790468609576e-07
Disease	disease_16546	3.655721040134588e-07
Disease	disease_5833	3.642421733658033e-07
Disease	disease_11776	3.6374077980626e-07
Disease	disease_6807	3.631093446126361e-07
Disease	disease_15777	3.62335803877186e-07
Disease	disease_5108	3.616993202075511e-07
Disease	disease_1676	3.616150585502808e-07
Disease	disease_15529	3.6137108238122514e-07
Disease	disease_15629	3.597838029027856e-07
Disease	disease_18301	3.5954315679463e-07
Disease	disease_4782	3.591734640758428e-07
Disease	disease_1072	3.5887777498454427e-07
Disease	disease_44660	3.582912869817835e-07
Disease	disease_19832	3.581031167951489e-07
Disease	disease_8591	3.579176651229012e-07
Disease	disease_18887	3.5724656002293073e-07
Disease	disease_18876	3.568494493496173e-07
Disease	disease_4670	3.5615751895054305e-07
Disease	disease_17658	3.555363820579819e-07
Disease	disease_4664	3.5534356612170553e-07
Disease	disease_44745	3.5530942863020894e-07
Disease	disease_17373	3.5455606558397526e-07
Disease	disease_18891	3.5453152193934037e-07
Disease	disease_11220	3.527713224865405e-07
Disease	disease_10360	3.527713224865405e-07
Disease	disease_11737	3.527713224865405e-07
Disease	disease_486	3.526464297445001e-07
Disease	disease_40674	3.524595302749637e-07
Disease	disease_6589	3.524344487830854e-07
Disease	disease_1071	3.524249846325525e-07
Disease	disease_19095	3.520882747772223e-07
Disease	disease_24301	3.519644060032565e-07
Disease	disease_9974	3.5155839882219754e-07
Disease	disease_5522	3.5131122037467144e-07
Disease	disease_18908	3.5064514193882367e-07
Disease	disease_6981	3.505248641734102e-07
Disease	disease_7435	3.497831750482116e-07
Disease	disease_6507	3.495000436273704e-07
Disease	disease_15892	3.493905250563937e-07
Disease	disease_10030	3.492345477256664e-07
Disease	disease_5814	3.489019776914912e-07
Disease	disease_19384	3.4888556949183457e-07
Disease	disease_5135	3.488363924259496e-07
Disease	disease_19114	3.486673079124173e-07
Disease	disease_19136	3.4864538730236576e-07
Disease	disease_11200	3.4847185097481696e-07
Disease	disease_33947	3.484448357201614e-07
Disease	disease_8206	3.4834502808238945e-07
Disease	disease_9043	3.4803574771160817e-07
Disease	disease_18556	3.478710205249493e-07
Disease	disease_4872	3.472012119667258e-07
Disease	disease_5495	3.4703268410523733e-07
Disease	disease_5344	3.470077037342284e-07
Disease	disease_19558	3.469115091571129e-07
Disease	disease_44347	3.4660426176577855e-07
Disease	disease_2970	3.455219666078773e-07
Disease	disease_5213	3.4532526577436516e-07
Disease	disease_19721	3.449951083161578e-07
Disease	disease_20125	3.4478228922174294e-07
Disease	disease_4251	3.44484208534495e-07
Disease	disease_16603	3.4445500570629476e-07
Disease	disease_16621	3.435625716722849e-07
Disease	disease_13099	3.429721087570704e-07
Disease	disease_15253	3.4287344236875155e-07
Disease	disease_480	3.4275024209308966e-07
Disease	disease_11121	3.423649382516738e-07
Disease	disease_43537	3.422933053993208e-07
Disease	disease_20380	3.42291397153988e-07
Disease	disease_1815	3.4228939497376597e-07
Disease	disease_2085	3.4228939497376597e-07
Disease	disease_1444	3.4153566170906664e-07
Disease	disease_21180	3.4149275418425794e-07
Disease	disease_4935	3.4149275418425794e-07
Disease	disease_2508	3.4145775387204264e-07
Disease	disease_8420	3.4061878332205306e-07
Disease	disease_21783	3.4036206709955146e-07
Disease	disease_15792	3.396440559572092e-07
Disease	disease_6733	3.390553053734089e-07
Disease	disease_13602	3.390374212240808e-07
Disease	disease_100240	3.3777354682468084e-07
Disease	disease_610	3.3771802321539594e-07
Disease	disease_15758	3.364731544661012e-07
Disease	disease_44871	3.363172846369022e-07
Disease	disease_15900	3.361234425375273e-07
Disease	disease_3271	3.359212134596896e-07
Disease	disease_2002	3.359212134596896e-07
Disease	disease_18531	3.3573812872147217e-07
Disease	disease_45023	3.3557025618705294e-07
Disease	disease_9861	3.3508284106873867e-07
Disease	disease_8201	3.3508165009682694e-07
Disease	disease_485	3.3471679968545035e-07
Disease	disease_18559	3.3441089202786076e-07
Disease	disease_8763	3.344006716471218e-07
Disease	disease_19203	3.343787334470573e-07
Disease	disease_21133	3.341988682626716e-07
Disease	disease_7920	3.3312074731765384e-07
Disease	disease_8599	3.327912340711482e-07
Disease	disease_481	3.3265917743304167e-07
Disease	disease_483	3.3265917743304167e-07
Disease	disease_43103	3.321053583063947e-07
Disease	disease_224	3.3202454222853763e-07
Disease	disease_7784	3.315241521886746e-07
Disease	disease_20784	3.307356942245978e-07
Disease	disease_44278	3.307356942245978e-07
Disease	disease_1461	3.305629325330301e-07
Disease	disease_19169	3.305613483187653e-07
Disease	disease_2409	3.2997488813096467e-07
Disease	disease_19157	3.2947769586965975e-07
Disease	disease_18874	3.292351614405737e-07
Disease	disease_837	3.2901438441779273e-07
Disease	disease_4970	3.288221543597333e-07
Disease	disease_3117	3.2826175588752315e-07
Disease	disease_100120	3.277257872877179e-07
Disease	disease_5683	3.2715598817130276e-07
Disease	disease_1860	3.2711604941710284e-07
Disease	disease_13730	3.270890355280379e-07
Disease	disease_4789	3.269652223287761e-07
Disease	disease_5432	3.2659006810814514e-07
Disease	disease_5419	3.2659006810814514e-07
Disease	disease_2347	3.2659006810814514e-07
Disease	disease_4939	3.2659006810814514e-07
Disease	disease_20512	3.262453435148294e-07
Disease	disease_1252	3.2536008602127333e-07
Disease	disease_3804	3.2516618242035663e-07
Disease	disease_44211	3.236679506055636e-07
Disease	disease_41526	3.2338188260623744e-07
Disease	disease_9305	3.231545985477875e-07
Disease	disease_6668	3.227325341718493e-07
Disease	disease_5017	3.2250957351550635e-07
Disease	disease_19072	3.224338785020775e-07
Disease	disease_3040	3.210025147321104e-07
Disease	disease_8234	3.208932841927673e-07
Disease	disease_5615	3.2034479737528494e-07
Disease	disease_8889	3.20183818821249e-07
Disease	disease_5984	3.1979667781550665e-07
Disease	disease_9377	3.1979286713028696e-07
Disease	disease_21017	3.1905631105907913e-07
Disease	disease_8224	3.1890582756907495e-07
Disease	disease_20511	3.185146009653583e-07
Disease	disease_6879	3.1812565321209897e-07
Disease	disease_4739	3.17947899194855e-07
Disease	disease_1852	3.177383361898226e-07
Disease	disease_14449	3.1769593016524517e-07
Disease	disease_17364	3.1752584952035403e-07
Disease	disease_7008	3.156372741279368e-07
Disease	disease_24512	3.148965834733768e-07
Disease	disease_9563	3.143760152859693e-07
Disease	disease_9710	3.1398380361902093e-07
Disease	disease_3780	3.1298944409215024e-07
Disease	disease_21945	3.1286056049867326e-07
Disease	disease_12312	3.128389042337436e-07
Disease	disease_100130	3.125497208780989e-07
Disease	disease_2243	3.11323313961818e-07
Disease	disease_3361	3.095057078607348e-07
Disease	disease_5982	3.0931666040830506e-07
Disease	disease_878	3.093081679075258e-07
Disease	disease_43653	3.088298741208686e-07
Disease	disease_2303	3.0841333552958466e-07
Disease	disease_5956	3.0794568911887073e-07
Disease	disease_955	3.076628346211355e-07
Disease	disease_100030	3.0600458585548064e-07
Disease	disease_20600	3.0583794509805783e-07
Disease	disease_18229	3.0551483416236764e-07
Disease	disease_24330	3.0528697518934965e-07
Disease	disease_6815	3.052708718035072e-07
Disease	disease_2269	3.0509100769251364e-07
Disease	disease_19617	3.045873896771355e-07
Disease	disease_22430	3.0431984741251636e-07
Disease	disease_2565	3.0373571631379184e-07
Disease	disease_12146	3.037276112848973e-07
Disease	disease_2567	3.035926680654856e-07
Disease	disease_19743	3.030252940837133e-07
Disease	disease_19956	3.0276523259134517e-07
Disease	disease_13368	3.022736237844935e-07
Disease	disease_9691	3.011607495059989e-07
Disease	disease_18310	3.000451639764011e-07
Disease	disease_21059	3.0000983569539566e-07
Disease	disease_2267	2.999502491344628e-07
Disease	disease_19046	2.999181961773429e-07
Disease	disease_19444	2.981780965446776e-07
Disease	disease_3606	2.981761535032455e-07
Disease	disease_11639	2.972485330153467e-07
Disease	disease_6898	2.9678121116561044e-07
Disease	disease_9863	2.9675327516103296e-07
Disease	disease_2334	2.966407816701697e-07
Disease	disease_6731	2.9663524802498753e-07
Disease	disease_5048	2.960600275602877e-07
Disease	disease_43455	2.951901285100751e-07
Disease	disease_15288	2.950401965686676e-07
Disease	disease_4857	2.94539463393056e-07
Disease	disease_8728	2.94364363369272e-07
Disease	disease_4522	2.943428873851138e-07
Disease	disease_6652	2.9367769341008255e-07
Disease	disease_3674	2.9367769341008255e-07
Disease	disease_18751	2.936579605015495e-07
Disease	disease_16686	2.9365676190319616e-07
Disease	disease_918	2.907391070993379e-07
Disease	disease_948	2.905170094862928e-07
Disease	disease_14274	2.8992065918087483e-07
Disease	disease_2286	2.8990634774017515e-07
Disease	disease_13208	2.886589033355344e-07
Disease	disease_19801	2.880072583251341e-07
Disease	disease_20329	2.8736200005965023e-07
Disease	disease_10247	2.869546687474335e-07
Disease	disease_2181	2.8693289531180734e-07
Disease	disease_2429	2.8653489133069963e-07
Disease	disease_5479	2.8559068283437673e-07
Disease	disease_17768	2.8492199130792957e-07
Disease	disease_17611	2.849138206606558e-07
Disease	disease_16575	2.848981687241626e-07
Disease	disease_1226	2.8474992022519073e-07
Disease	disease_8347	2.8456450922689366e-07
Disease	disease_4626	2.8453290944577024e-07
Disease	disease_5834	2.8421369754883076e-07
Disease	disease_2279	2.8343751279011766e-07
Disease	disease_18424	2.834206826199428e-07
Disease	disease_6865	2.8330834464950184e-07
Disease	disease_2242	2.8280014336485066e-07
Disease	disease_15620	2.819341568334218e-07
Disease	disease_16370	2.818302895221081e-07
Disease	disease_2100	2.8181052181631486e-07
Disease	disease_2901	2.8109845579834814e-07
Disease	disease_5992	2.8107867032508046e-07
Disease	disease_1405	2.8105364125797655e-07
Disease	disease_1713	2.810104297616974e-07
Disease	disease_9934	2.808687390550797e-07
Disease	disease_17989	2.808583979700515e-07
Disease	disease_602	2.8073300549586044e-07
Disease	disease_8300	2.806427852187715e-07
Disease	disease_4960	2.80216135354853e-07
Disease	disease_100089	2.7946522092003276e-07
Disease	disease_395	2.7937210140515983e-07
Disease	disease_6116	2.784919500581087e-07
Disease	disease_16681	2.7847335347787086e-07
Disease	disease_6019	2.773013328926753e-07
Disease	disease_6604	2.7710403384520545e-07
Disease	disease_18615	2.76322627207355e-07
Disease	disease_12789	2.7597845923645934e-07
Disease	disease_5656	2.756896472780595e-07
Disease	disease_60782	2.752747170433357e-07
Disease	disease_4632	2.7524805153714563e-07
Disease	disease_8695	2.7509864716519904e-07
Disease	disease_20547	2.7450526454998586e-07
Disease	disease_11001	2.743524738819673e-07
Disease	disease_10580	2.741453231036658e-07
Disease	disease_11118	2.7374063339818646e-07
Disease	disease_5003	2.7370477129991644e-07
Disease	disease_24314	2.7368157794877214e-07
Disease	disease_1166	2.734900504951762e-07
Disease	disease_1039	2.7329605275051324e-07
Disease	disease_12871	2.727843818241467e-07
Disease	disease_2026	2.7190896453718507e-07
Disease	disease_5538	2.712615248037317e-07
Disease	disease_19050	2.709516301539721e-07
Disease	disease_7403	2.709162695034468e-07
Disease	disease_16345	2.704549461563041e-07
Disease	disease_8433	2.704256755155149e-07
Disease	disease_7972	2.694534023729356e-07
Disease	disease_43885	2.6868241415177704e-07
Disease	disease_18927	2.685530938337142e-07
Disease	disease_6789	2.6844903561901135e-07
Disease	disease_18678	2.6844903561901135e-07
Disease	disease_21181	2.68309464835677e-07
Disease	disease_1797	2.6824105019289764e-07
Disease	disease_16264	2.668094582991945e-07
Disease	disease_6939	2.6617931664587324e-07
Disease	disease_19536	2.6600230980954887e-07
Disease	disease_19939	2.651966312496865e-07
Disease	disease_13276	2.650922565580865e-07
Disease	disease_5100	2.6478487937455536e-07
Disease	disease_1263	2.6460248917166685e-07
Disease	disease_19611	2.645841572061437e-07
Disease	disease_8055	2.645784738096615e-07
Disease	disease_1119	2.6440625890721723e-07
Disease	disease_20590	2.643604720097261e-07
Disease	disease_5812	2.64269196785532e-07
Disease	disease_18060	2.641164495858027e-07
Disease	disease_5315	2.640696384668106e-07
Disease	disease_5941	2.6362698443535805e-07
Disease	disease_16638	2.635634281858819e-07
Disease	disease_4749	2.6335940159367644e-07
Disease	disease_2471	2.626577032576216e-07
Disease	disease_1318	2.622471177309092e-07
Disease	disease_41114	2.621087630175142e-07
Disease	disease_18890	2.6190019586557567e-07
Disease	disease_19315	2.614514391221457e-07
Disease	disease_19180	2.6142116421430586e-07
Disease	disease_2814	2.613024683909523e-07
Disease	disease_8487	2.609841433080048e-07
Disease	disease_21674	2.609404210603136e-07
Disease	disease_10526	2.609227129444093e-07
Disease	disease_7450	2.608970622276738e-07
Disease	disease_5938	2.5998802665743037e-07
Disease	disease_5417	2.598110400253558e-07
Disease	disease_8948	2.5976202749182437e-07
Disease	disease_21312	2.595919690840584e-07
Disease	disease_20142	2.5885445553869954e-07
Disease	disease_20127	2.5858599814816626e-07
Disease	disease_100342	2.582695528270541e-07
Disease	disease_17572	2.581424154434902e-07
Disease	disease_19944	2.5701232314177845e-07
Disease	disease_4976	2.5689680864338706e-07
Disease	disease_21259	2.562645527470136e-07
Disease	disease_5124	2.5590632707693593e-07
Disease	disease_4517	2.558956113734013e-07
Disease	disease_6950	2.5551762842579507e-07
Disease	disease_18923	2.536650473406556e-07
Disease	disease_19946	2.533579672149198e-07
Disease	disease_19724	2.5334331825980267e-07
Disease	disease_15254	2.531725295301167e-07
Disease	disease_5823	2.52456917344159e-07
Disease	disease_16812	2.52441098524127e-07
Disease	disease_100280	2.520664131255481e-07
Disease	disease_1549	2.5206098656169584e-07
Disease	disease_24355	2.513219386008652e-07
Disease	disease_8303	2.5130348963690963e-07
Disease	disease_9833	2.512842735357329e-07
Disease	disease_6638	2.5079414509604124e-07
Disease	disease_6918	2.5079414509604124e-07
Disease	disease_19824	2.501963309273198e-07
Disease	disease_15127	2.498176691072557e-07
Disease	disease_8988	2.497327557471821e-07
Disease	disease_11885	2.495030767956521e-07
Disease	disease_21163	2.484652608934566e-07
Disease	disease_19209	2.482720659711658e-07
Disease	disease_10615	2.4796783869677386e-07
Disease	disease_6908	2.479153075213862e-07
Disease	disease_1933	2.476534082949843e-07
Disease	disease_5361	2.476233074840469e-07
Disease	disease_19614	2.4708777761098917e-07
Disease	disease_17773	2.4698498094632243e-07
Disease	disease_19841	2.4695082332648445e-07
Disease	disease_44979	2.467983175610329e-07
Disease	disease_19852	2.4677162381990057e-07
Disease	disease_18637	2.455154839050095e-07
Disease	disease_9123	2.452346323410806e-07
Disease	disease_8558	2.446409659274054e-07
Disease	disease_12179	2.442284240435844e-07
Disease	disease_959	2.441552619322087e-07
Disease	disease_4802	2.4414867631731213e-07
Disease	disease_1436	2.43978666405994e-07
Disease	disease_19259	2.438391519516399e-07
Disease	disease_2657	2.435142827308743e-07
Disease	disease_12105	2.4323969568228287e-07
Disease	disease_13433	2.4310818819983313e-07
Disease	disease_15327	2.430020853989071e-07
Disease	disease_5526	2.4240817539452805e-07
Disease	disease_415	2.4239265967011376e-07
Disease	disease_19213	2.420705231981671e-07
Disease	disease_16553	2.4169441225134295e-07
Disease	disease_7727	2.413454164552123e-07
Disease	disease_5945	2.4116411480706063e-07
Disease	disease_6686	2.4094865290352843e-07
Disease	disease_19391	2.4079892603699137e-07
Disease	disease_4987	2.404138086372355e-07
Disease	disease_15990	2.3997545549797616e-07
Disease	disease_15788	2.398301339253587e-07
Disease	disease_15717	2.398301339253587e-07
Disease	disease_15716	2.398301339253587e-07
Disease	disease_1576	2.396368418689079e-07
Disease	disease_19591	2.388012998293905e-07
Disease	disease_21167	2.3872365213840187e-07
Disease	disease_7690	2.384671571779205e-07
Disease	disease_15791	2.3843985128732337e-07
Disease	disease_8730	2.38148326638317e-07
Disease	disease_5885	2.378459656322942e-07
Disease	disease_16464	2.3770227804263431e-07
Disease	disease_8003	2.376174942569729e-07
Disease	disease_761	2.3754986964296988e-07
Disease	disease_15821	2.3734871734021152e-07
Disease	disease_1187	2.3726570697747006e-07
Disease	disease_8056	2.3697040890575523e-07
Disease	disease_4941	2.3677749096717886e-07
Disease	disease_13652	2.3644620616990857e-07
Disease	disease_19160	2.3635433445804037e-07
Disease	disease_3354	2.361669082083966e-07
Disease	disease_5718	2.3572477715943814e-07
Disease	disease_5377	2.3552508431609118e-07
Disease	disease_5089	2.3534681120688348e-07
Disease	disease_2427	2.3522706842676074e-07
Disease	disease_44144	2.3497122465620657e-07
Disease	disease_16335	2.3491749806864227e-07
Disease	disease_1322	2.3447475453230832e-07
Disease	disease_1785	2.337071603236979e-07
Disease	disease_21677	2.32842501466099e-07
Disease	disease_12205	2.3264170883643815e-07
Disease	disease_3127	2.3248355654278447e-07
Disease	disease_4821	2.31978504551096e-07
Disease	disease_16426	2.316339499064981e-07
Disease	disease_3687	2.3096495431356077e-07
Disease	disease_1991	2.3085781723315126e-07
Disease	disease_3917	2.3054823453868424e-07
Disease	disease_16822	2.3054783951801799e-07
Disease	disease_5079	2.3019384302882531e-07
Disease	disease_4752	2.2993579798963603e-07
Disease	disease_10939	2.2982251003248385e-07
Disease	disease_16684	2.2974375390572156e-07
Disease	disease_16595	2.2967382196122073e-07
Disease	disease_45059	2.2941697514650413e-07
Disease	disease_15802	2.2940191237611987e-07
Disease	disease_261	2.2935823250539312e-07
Disease	disease_19201	2.2918257017776818e-07
Disease	disease_16372	2.2913317282824875e-07
Disease	disease_15530	2.285745475574675e-07
Disease	disease_24619	2.2822192335824322e-07
Disease	disease_13855	2.2807275255457834e-07
Disease	disease_1103	2.2804048994473253e-07
Disease	disease_18997	2.2784479523377716e-07
Disease	disease_11913	2.2780893917446125e-07
Disease	disease_6372	2.2761503257978738e-07
Disease	disease_10635	2.2759222371576074e-07
Disease	disease_18743	2.2723869104991248e-07
Disease	disease_4264	2.266014071354642e-07
Disease	disease_15614	2.2633229072513896e-07
Disease	disease_5566	2.2625769459882872e-07
Disease	disease_18479	2.2612694057812412e-07
Disease	disease_21058	2.2611526220909737e-07
Disease	disease_18762	2.2521389991306202e-07
Disease	disease_19436	2.2492018215519746e-07
Disease	disease_17306	2.2459993405715703e-07
Disease	disease_5915	2.2382753158722444e-07
Disease	disease_10789	2.2381278991223894e-07
Disease	disease_3864	2.236966299056093e-07
Disease	disease_43139	2.2330437214674914e-07
Disease	disease_2350	2.230859558333837e-07
Disease	disease_6955	2.2289463364069194e-07
Disease	disease_19003	2.2234170345662398e-07
Disease	disease_10319	2.213904692912411e-07
Disease	disease_43133	2.212970014825115e-07
Disease	disease_14609	2.2125611666595382e-07
Disease	disease_7844	2.2109451265312872e-07
Disease	disease_2514	2.2046929243240443e-07
Disease	disease_6510	2.2019809053353338e-07
Disease	disease_13911	2.1998899640124116e-07
Disease	disease_19613	2.1998690007359372e-07
Disease	disease_18227	2.1975381167161073e-07
Disease	disease_13910	2.1968017932389598e-07
Disease	disease_5365	2.1967844332523922e-07
Disease	disease_14103	2.1930125113615567e-07
Disease	disease_16682	2.1923587617476332e-07
Disease	disease_14105	2.1902192541989187e-07
Disease	disease_14107	2.189999445129899e-07
Disease	disease_14106	2.1894105796854178e-07
Disease	disease_11551	2.1883707503809192e-07
Disease	disease_18271	2.1872828840068844e-07
Disease	disease_13926	2.1866417212762205e-07
Disease	disease_14461	2.186409388583099e-07
Disease	disease_18967	2.186092293059181e-07
Disease	disease_14102	2.185400310520587e-07
Disease	disease_5619	2.180702401780071e-07
Disease	disease_19448	2.1800064084082087e-07
Disease	disease_1628	2.179332194827045e-07
Disease	disease_5152	2.1786758057214507e-07
Disease	disease_18031	2.1743843368780102e-07
Disease	disease_940	2.172762981238739e-07
Disease	disease_8723	2.1719079327531905e-07
Disease	disease_11662	2.1705452174849206e-07
Disease	disease_4359	2.1700905768658985e-07
Disease	disease_100137	2.1634719553653117e-07
Disease	disease_5217	2.16315917817599e-07
Disease	disease_5943	2.160953773244349e-07
Disease	disease_5282	2.1602103777109438e-07
Disease	disease_9420	2.1572763052379347e-07
Disease	disease_15898	2.1553793970000706e-07
Disease	disease_18669	2.1531275854619195e-07
Disease	disease_939	2.1491881522260043e-07
Disease	disease_9958	2.146410777203071e-07
Disease	disease_18077	2.1445748995215328e-07
Disease	disease_17662	2.14297702903546e-07
Disease	disease_5701	2.1412789617587765e-07
Disease	disease_19740	2.136561307077093e-07
Disease	disease_15789	2.136493563984488e-07
Disease	disease_19301	2.13642029133185e-07
Disease	disease_19143	2.1362101245424058e-07
Disease	disease_1083	2.1313446016513766e-07
Disease	disease_18075	2.130724823703112e-07
Disease	disease_1339	2.1304814847328244e-07
Disease	disease_13991	2.1232966503546606e-07
Disease	disease_15719	2.121628053862696e-07
Disease	disease_6670	2.1184796228592974e-07
Disease	disease_19158	2.1156968850486013e-07
Disease	disease_12985	2.1125451042985209e-07
Disease	disease_20072	2.109960068126193e-07
Disease	disease_6216	2.109366823906547e-07
Disease	disease_20108	2.1085987334480193e-07
Disease	disease_7522	2.1081103271770672e-07
Disease	disease_12883	2.1073336065781433e-07
Disease	disease_9376	2.1069349737716746e-07
Disease	disease_15991	2.1064130220554437e-07
Disease	disease_15720	2.1047722135615072e-07
Disease	disease_5828	2.1044568268116168e-07
Disease	disease_43008	2.1030331351930174e-07
Disease	disease_15766	2.1014181449132068e-07
Disease	disease_8538	2.1008799836190606e-07
Disease	disease_9876	2.098913219878502e-07
Disease	disease_5968	2.0906317932309358e-07
Disease	disease_1197	2.0894335457611778e-07
Disease	disease_18920	2.0878646588991748e-07
Disease	disease_18312	2.0827654914354631e-07
Disease	disease_18468	2.0827372669370705e-07
Disease	disease_11743	2.080809539267272e-07
Disease	disease_18076	2.0763254624128293e-07
Disease	disease_3939	2.0757655932844043e-07
Disease	disease_45001	2.0739679138317764e-07
Disease	disease_1484	2.0720718346474923e-07
Disease	disease_12528	2.0717378573103918e-07
Disease	disease_16600	2.0694445319086403e-07
Disease	disease_1881	2.0681798524186133e-07
Disease	disease_15339	2.066136150360092e-07
Disease	disease_6388	2.0660512412414913e-07
Disease	disease_13913	2.065855842606994e-07
Disease	disease_18244	2.0619159510332228e-07
Disease	disease_2546	2.0606759685579408e-07
Disease	disease_8187	2.059648983763315e-07
Disease	disease_19475	2.059121723337537e-07
Disease	disease_24636	2.059089113958298e-07
Disease	disease_8760	2.058936906209274e-07
Disease	disease_15808	2.0582803418797408e-07
Disease	disease_9902	2.0507142709471126e-07
Disease	disease_6496	2.0500502243822475e-07
Disease	disease_9482	2.0485777761424085e-07
Disease	disease_11930	2.0480171068435637e-07
Disease	disease_6609	2.0470593880978202e-07
Disease	disease_16602	2.0426016748763877e-07
Disease	disease_1827	2.0421973669453844e-07
Disease	disease_43731	2.0411815876091992e-07
Disease	disease_40732	2.0387700845810204e-07
Disease	disease_10080	2.0365108241665223e-07
Disease	disease_15787	2.0359012856337985e-07
Disease	disease_16691	2.0356472819508768e-07
Disease	disease_11513	2.035628668501727e-07
Disease	disease_1601	2.0342333546948827e-07
Disease	disease_4884	2.0317301437450933e-07
Disease	disease_12988	2.0315023006256074e-07
Disease	disease_15762	2.0314935099171016e-07
Disease	disease_12880	2.0303188628678452e-07
Disease	disease_9194	2.0290159403236988e-07
Disease	disease_16899	2.0266137875179287e-07
Disease	disease_2545	2.0262374339495775e-07
Disease	disease_12384	2.025009448879167e-07
Disease	disease_11924	2.025009448879167e-07
Disease	disease_41186	2.0229227712380135e-07
Disease	disease_19000	2.020575252822903e-07
Disease	disease_17408	2.0188467323435627e-07
Disease	disease_15809	2.0160090746276805e-07
Disease	disease_8250	2.0133745669405793e-07
Disease	disease_9879	2.0126439632163355e-07
Disease	disease_100087	2.0118486523468445e-07
Disease	disease_18059	2.0117512791104575e-07
Disease	disease_879	2.0116708092048533e-07
Disease	disease_13006	2.0113007710104107e-07
Disease	disease_414	2.0099144419440925e-07
Disease	disease_13961	2.0045436988742138e-07
Disease	disease_15340	2.0034725943261414e-07
Disease	disease_7116	2.003015107099402e-07
Disease	disease_17615	2.0028782437335306e-07
Disease	disease_15564	2.0022226115690123e-07
Disease	disease_5669	2.0016779264816383e-07
Disease	disease_19111	2.001230004629654e-07
Disease	disease_6744	2.0006377331374514e-07
Disease	disease_8814	2.000242273710529e-07
Disease	disease_10985	1.9983989881004844e-07
Disease	disease_20010	1.9953311760197342e-07
Disease	disease_24431	1.9936926444217713e-07
Disease	disease_16050	1.9935728545936117e-07
Disease	disease_9572	1.99307189757129e-07
Disease	disease_2232	1.991427543796355e-07
Disease	disease_21154	1.9905564071543886e-07
Disease	disease_270	1.9897611540472644e-07
Disease	disease_10576	1.988529450844653e-07
Disease	disease_20689	1.9871017259447636e-07
Disease	disease_5749	1.9863911175610612e-07
Disease	disease_14889	1.9858697954694125e-07
Disease	disease_18580	1.9839582985246917e-07
Disease	disease_6042	1.9829209923610353e-07
Disease	disease_17861	1.9801033860390828e-07
Disease	disease_4114	1.976971331182435e-07
Disease	disease_2331	1.9768169105359434e-07
Disease	disease_1650	1.976594391684031e-07
Disease	disease_19792	1.9764369498691887e-07
Disease	disease_11731	1.9763632407376227e-07
Disease	disease_3346	1.976110519047892e-07
Disease	disease_16343	1.973807190942067e-07
Disease	disease_35009	1.9737616505257028e-07
Disease	disease_11601	1.9731906194215102e-07
Disease	disease_18968	1.9665653790732862e-07
Disease	disease_5661	1.9656067512906836e-07
Disease	disease_15130	1.964288527603543e-07
Disease	disease_2501	1.9641455620529377e-07
Disease	disease_7701	1.96407975367872e-07
Disease	disease_13914	1.9626207067545232e-07
Disease	disease_44684	1.9607111477369752e-07
Disease	disease_19562	1.958317885817566e-07
Disease	disease_19839	1.9554831881283882e-07
Disease	disease_2887	1.9538127564105511e-07
Disease	disease_589	1.9526920102704294e-07
Disease	disease_18871	1.9506491024045682e-07
Disease	disease_19032	1.9501865678205994e-07
Disease	disease_19287	1.9492374735500722e-07
Disease	disease_43606	1.9465073915500808e-07
Disease	disease_16384	1.9464296410419004e-07
Disease	disease_19154	1.945808842674512e-07
Disease	disease_18957	1.9427151961249366e-07
Disease	disease_42233	1.942397043692809e-07
Disease	disease_19633	1.942195080775158e-07
Disease	disease_9472	1.9411001381530024e-07
Disease	disease_19233	1.9398318765675066e-07
Disease	disease_13912	1.9374850384565633e-07
Disease	disease_16702	1.9324547052313657e-07
Disease	disease_13915	1.931887503307168e-07
Disease	disease_3409	1.9284328362211078e-07
Disease	disease_18307	1.9284086221623907e-07
Disease	disease_12521	1.9271721164853577e-07
Disease	disease_43007	1.9245397205391702e-07
Disease	disease_8434	1.9236167062628185e-07
Disease	disease_5693	1.9231166051415302e-07
Disease	disease_8036	1.922109977497704e-07
Disease	disease_5728	1.922085348968903e-07
Disease	disease_6406	1.9216560942186345e-07
Disease	disease_16398	1.9161924216243905e-07
Disease	disease_17884	1.9156371227040055e-07
Disease	disease_4592	1.9116339282258908e-07
Disease	disease_15721	1.9113194641253854e-07
Disease	disease_152	1.910907764319443e-07
Disease	disease_5061	1.9106776713955268e-07
Disease	disease_16342	1.9058317838782517e-07
Disease	disease_17891	1.904469741736181e-07
Disease	disease_7191	1.9044415637933687e-07
Disease	disease_1261	1.900631769708636e-07
Disease	disease_21635	1.900512971085372e-07
Disease	disease_16601	1.900061357647322e-07
Disease	disease_16466	1.8983844953427545e-07
Disease	disease_8228	1.895408030196968e-07
Disease	disease_19174	1.8943271163881905e-07
Disease	disease_2512	1.8933173723324248e-07
Disease	disease_44033	1.8927807776963428e-07
Disease	disease_15518	1.8922142859548938e-07
Disease	disease_18215	1.8868606132047138e-07
Disease	disease_18020	1.8858750213136993e-07
Disease	disease_37940	1.884267209648082e-07
Disease	disease_5738	1.884127617497205e-07
Disease	disease_9735	1.8820802940566008e-07
Disease	disease_5810	1.880785266558998e-07
Disease	disease_45071	1.8778368722917843e-07
Disease	disease_35008	1.8769522291896748e-07
Disease	disease_9520	1.8759662517267418e-07
Disease	disease_9182	1.8747914475982307e-07
Disease	disease_2467	1.8746099494165075e-07
Disease	disease_21001	1.8740862702532806e-07
Disease	disease_5787	1.8734303470186175e-07
Disease	disease_18740	1.8720366543834653e-07
Disease	disease_12898	1.871508459125463e-07
Disease	disease_13020	1.871508459125463e-07
Disease	disease_11607	1.871508459125463e-07
Disease	disease_13639	1.871508459125463e-07
Disease	disease_3628	1.8694533113895702e-07
Disease	disease_15908	1.8655882224223746e-07
Disease	disease_24647	1.8589377382507153e-07
Disease	disease_16006	1.8588653541493834e-07
Disease	disease_16988	1.858292983409649e-07
Disease	disease_1701	1.858148035169762e-07
Disease	disease_10184	1.8565872062320399e-07
Disease	disease_2428	1.8550702018617614e-07
Disease	disease_15825	1.853340437767122e-07
Disease	disease_6337	1.8530815091448527e-07
Disease	disease_8876	1.852544315557418e-07
Disease	disease_5886	1.8475860777421866e-07
Disease	disease_20744	1.8461740083242675e-07
Disease	disease_17592	1.845599665221528e-07
Disease	disease_12526	1.8427040450476388e-07
Disease	disease_16211	1.842245595563382e-07
Disease	disease_10518	1.8418278164216564e-07
Disease	disease_41448	1.8413540523789165e-07
Disease	disease_430	1.8393998509339787e-07
Disease	disease_160	1.8390190258497632e-07
Disease	disease_12481	1.8356571786299994e-07
Disease	disease_19018	1.8349012445929383e-07
Disease	disease_2688	1.8337890594607076e-07
Disease	disease_19838	1.8315882571644453e-07
Disease	disease_21451	1.8309291223867505e-07
Disease	disease_19086	1.8301217677431647e-07
Disease	disease_18019	1.8208823132981724e-07
Disease	disease_10457	1.820116954774026e-07
Disease	disease_5060	1.819162649097079e-07
Disease	disease_16028	1.816105660568112e-07
Disease	disease_2356	1.8159478224583772e-07
Disease	disease_24945	1.81521422138019e-07
Disease	disease_7243	1.8141690021743595e-07
Disease	disease_19928	1.81369766954742e-07
Disease	disease_15951	1.8116485384691666e-07
Disease	disease_11017	1.811116507225455e-07
Disease	disease_500	1.8049210456317085e-07
Disease	disease_6585	1.799550701283725e-07
Disease	disease_44980	1.7992834238527925e-07
Disease	disease_54835	1.7975638510742755e-07
Disease	disease_16594	1.79665647349316e-07
Disease	disease_5824	1.7966544096926792e-07
Disease	disease_6665	1.7939748973970363e-07
Disease	disease_4215	1.7935284466914665e-07
Disease	disease_44141	1.7926689199045806e-07
Disease	disease_1538	1.792416522916886e-07
Disease	disease_960	1.78957768076252e-07
Disease	disease_17994	1.788285715495177e-07
Disease	disease_6722	1.788265099209336e-07
Disease	disease_2312	1.787543249202459e-07
Disease	disease_6570	1.7862233390423344e-07
Disease	disease_1221	1.7845941873110953e-07
Disease	disease_16035	1.781538187899002e-07
Disease	disease_8353	1.7800747534721404e-07
Disease	disease_18913	1.7778352132336598e-07
Disease	disease_8491	1.773577029846541e-07
Disease	disease_18614	1.7703319627765893e-07
Disease	disease_5645	1.768790736950156e-07
Disease	disease_21632	1.7663464402162385e-07
Disease	disease_18809	1.7618653024764663e-07
Disease	disease_2252	1.7618653024764663e-07
Disease	disease_18109	1.7618653024764663e-07
Disease	disease_18843	1.7543283153173314e-07
Disease	disease_590	1.7536477838222203e-07
Disease	disease_19100	1.7533292852584444e-07
Disease	disease_44346	1.752517024179996e-07
Disease	disease_16689	1.7516001540464023e-07
Disease	disease_16688	1.7516001540464023e-07
Disease	disease_16687	1.7516001540464023e-07
Disease	disease_5609	1.7496142505469629e-07
Disease	disease_19954	1.7488085178958805e-07
Disease	disease_19846	1.748143429889255e-07
Disease	disease_6047	1.747705815129953e-07
Disease	disease_9338	1.7476363854157325e-07
Disease	disease_10735	1.7447028007055436e-07
Disease	disease_211	1.738615765340517e-07
Disease	disease_11142	1.738550145377944e-07
Disease	disease_1565	1.7384927048005874e-07
Disease	disease_1648	1.7371765555249483e-07
Disease	disease_7193	1.733805575888748e-07
Disease	disease_6951	1.7336774579326554e-07
Disease	disease_16778	1.7331250536843373e-07
Disease	disease_1307	1.731111871596237e-07
Disease	disease_5348	1.7301332433023893e-07
Disease	disease_6295	1.7299120661846677e-07
Disease	disease_44070	1.725384398021333e-07
Disease	disease_6176	1.7242098416748547e-07
Disease	disease_79	1.7218490723572383e-07
Disease	disease_7576	1.7208843195668118e-07
Disease	disease_30701	1.7200095454140443e-07
Disease	disease_9665	1.7190929386857642e-07
Disease	disease_4877	1.718899840352655e-07
Disease	disease_17776	1.718310598687158e-07
Disease	disease_44972	1.7177407914559274e-07
Disease	disease_2802	1.7152900457123295e-07
Disease	disease_5080	1.712297156296567e-07
Disease	disease_5854	1.7110309421678074e-07
Disease	disease_1	1.7079259429739025e-07
Disease	disease_7652	1.707496216176026e-07
Disease	disease_1300	1.7050202430285415e-07
Disease	disease_17979	1.7013258322958016e-07
Disease	disease_19167	1.698912966813664e-07
Disease	disease_17935	1.6987921818707247e-07
Disease	disease_7847	1.6961042493868056e-07
Disease	disease_7071	1.6928027258081745e-07
Disease	disease_6946	1.6882628414826304e-07
Disease	disease_7958	1.685230274487989e-07
Disease	disease_21016	1.6798671773901784e-07
Disease	disease_8590	1.677485762816067e-07
Disease	disease_21355	1.6773546227849313e-07
Disease	disease_4609	1.6751126916041202e-07
Disease	disease_44807	1.674162344520605e-07
Disease	disease_21248	1.6737093433458762e-07
Disease	disease_891	1.6719016325176568e-07
Disease	disease_14109	1.6705306462129507e-07
Disease	disease_13662	1.668212854062275e-07
Disease	disease_19719	1.6674152474733213e-07
Disease	disease_100347	1.6664531889573497e-07
Disease	disease_18398	1.6655169667822844e-07
Disease	disease_17189	1.665306625201647e-07
Disease	disease_17596	1.6620779354897967e-07
Disease	disease_18355	1.6619184401181645e-07
Disease	disease_14309	1.6616763600121863e-07
Disease	disease_20323	1.6605317345829494e-07
Disease	disease_10788	1.6590497355694463e-07
Disease	disease_17347	1.6583376489401423e-07
Disease	disease_17346	1.6583376489401423e-07
Disease	disease_17601	1.6583376489401423e-07
Disease	disease_20437	1.6581219531619602e-07
Disease	disease_8641	1.657242170758236e-07
Disease	disease_9723	1.6565246140632092e-07
Disease	disease_9319	1.655706292903447e-07
Disease	disease_15804	1.654933409251709e-07
Disease	disease_6383	1.6542855841321979e-07
Disease	disease_914	1.6519879363217138e-07
Disease	disease_12000	1.6511691776735936e-07
Disease	disease_44013	1.650877213091351e-07
Disease	disease_10122	1.6507759515921406e-07
Disease	disease_18982	1.650285968063871e-07
Disease	disease_8082	1.6498959606407117e-07
Disease	disease_11508	1.6478145684599124e-07
Disease	disease_14243	1.6476237664295493e-07
Disease	disease_6001	1.6453211875370308e-07
Disease	disease_6763	1.6414242596569527e-07
Disease	disease_7019	1.6412571328684897e-07
Disease	disease_18251	1.6379802546441324e-07
Disease	disease_18824	1.637655679413466e-07
Disease	disease_20324	1.636701126729667e-07
Disease	disease_17597	1.6363043787897984e-07
Disease	disease_18225	1.6363043787897984e-07
Disease	disease_16715	1.6344351293501867e-07
Disease	disease_43267	1.633960012819993e-07
Disease	disease_44991	1.6328479895602513e-07
Disease	disease_17190	1.6261416347967167e-07
Disease	disease_7015	1.6256509312573293e-07
Disease	disease_16460	1.6227199713554843e-07
Disease	disease_9251	1.6198758374117567e-07
Disease	disease_19557	1.6185390824275916e-07
Disease	disease_8725	1.618125759392e-07
Disease	disease_10726	1.61571543997358e-07
Disease	disease_6517	1.6153514064191095e-07
Disease	disease_5995	1.615181469907326e-07
Disease	disease_17231	1.613108382234981e-07
Disease	disease_22714	1.613108382234981e-07
Disease	disease_4842	1.6129841281155553e-07
Disease	disease_10706	1.612058990322396e-07
Disease	disease_14812	1.6110391363875976e-07
Disease	disease_13599	1.6073777169224277e-07
Disease	disease_44977	1.607130075233785e-07
Disease	disease_8054	1.6055445883358364e-07
Disease	disease_14773	1.6054903865242898e-07
Disease	disease_18768	1.6051746277966682e-07
Disease	disease_12313	1.6027484212853186e-07
Disease	disease_4272	1.6021992109611804e-07
Disease	disease_2263	1.6015668016271828e-07
Disease	disease_12084	1.5999268836234407e-07
Disease	disease_24540	1.5977946630683415e-07
Disease	disease_9949	1.5967667280822813e-07
Disease	disease_30702	1.591998231080537e-07
Disease	disease_44651	1.589042896253983e-07
Disease	disease_31332	1.5845381895519993e-07
Disease	disease_44877	1.583874109942643e-07
Disease	disease_20144	1.5797453929210758e-07
Disease	disease_23249	1.5797081445861685e-07
Disease	disease_5185	1.5797081445861685e-07
Disease	disease_41440	1.579208793392627e-07
Disease	disease_1928	1.5780105818965716e-07
Disease	disease_1929	1.5780105818965716e-07
Disease	disease_6784	1.57680973404307e-07
Disease	disease_1316	1.5758008562340341e-07
Disease	disease_6825	1.5744629513265113e-07
Disease	disease_17755	1.5731452293130665e-07
Disease	disease_20316	1.5723502730813257e-07
Disease	disease_13000	1.567756719286722e-07
Disease	disease_1572	1.5635202191292538e-07
Disease	disease_18326	1.563250204402769e-07
Disease	disease_18864	1.5610714268905315e-07
Disease	disease_10002	1.5606750734874586e-07
Disease	disease_18919	1.5570405790314954e-07
Disease	disease_827	1.555027592474121e-07
Disease	disease_18868	1.5548709282981926e-07
Disease	disease_7571	1.554839716350122e-07
Disease	disease_9281	1.5547189533612633e-07
Disease	disease_19720	1.553493551741806e-07
Disease	disease_4983	1.5531675276017137e-07
Disease	disease_4742	1.5528650653598086e-07
Disease	disease_5499	1.5524563922054853e-07
Disease	disease_6821	1.5514211396163604e-07
Disease	disease_1191	1.551209130763772e-07
Disease	disease_18305	1.550249856690088e-07
Disease	disease_7708	1.5501958758702454e-07
Disease	disease_44744	1.549503424243979e-07
Disease	disease_11474	1.5488523037146703e-07
Disease	disease_19186	1.5462201148280916e-07
Disease	disease_14500	1.5440120684635147e-07
Disease	disease_5606	1.5437296518361806e-07
Disease	disease_11719	1.5435787379094955e-07
Disease	disease_18645	1.5428578277682555e-07
Disease	disease_9746	1.5407650458721018e-07
Disease	disease_8223	1.538920210463494e-07
Disease	disease_11768	1.5362370351268327e-07
Disease	disease_6866	1.5362370351268327e-07
Disease	disease_14881	1.5362034328638795e-07
Disease	disease_12118	1.535740903664994e-07
Disease	disease_19513	1.5315265261225313e-07
Disease	disease_24633	1.5305559014778908e-07
Disease	disease_11273	1.5301348642062553e-07
Disease	disease_5989	1.5292535169235915e-07
Disease	disease_4948	1.5283434454972826e-07
Disease	disease_19214	1.5261704200838387e-07
Disease	disease_18875	1.5243704951322753e-07
Disease	disease_16706	1.5239571173735769e-07
Disease	disease_16703	1.523947278803146e-07
Disease	disease_19147	1.5229608365677594e-07
Disease	disease_6978	1.5227389394581836e-07
Disease	disease_7318	1.520660462455213e-07
Disease	disease_10161	1.5167917466590029e-07
Disease	disease_7009	1.5162069600709815e-07
Disease	disease_43519	1.5161493776449034e-07
Disease	disease_19173	1.5161163469510477e-07
Disease	disease_16567	1.5147656444504898e-07
Disease	disease_8752	1.5139994015276473e-07
Disease	disease_5808	1.5133850013357248e-07
Disease	disease_100172	1.5113549913207466e-07
Disease	disease_12314	1.511216939113805e-07
Disease	disease_4189	1.5110595430688268e-07
Disease	disease_9192	1.5107310871248657e-07
Disease	disease_18692	1.5102149257206442e-07
Disease	disease_18926	1.5099582112423387e-07
Disease	disease_15715	1.5098493586255657e-07
Disease	disease_16453	1.5073577242949004e-07
Disease	disease_1195	1.5053385050115615e-07
Disease	disease_17746	1.5047712181946218e-07
Disease	disease_3147	1.5035446211846868e-07
Disease	disease_2866	1.502626260338971e-07
Disease	disease_569	1.5017981834278022e-07
Disease	disease_1685	1.5011714120296365e-07
Disease	disease_1690	1.5011714120296365e-07
Disease	disease_4811	1.5011714120296365e-07
Disease	disease_13301	1.497179422506912e-07
Disease	disease_15624	1.4956485066009885e-07
Disease	disease_2816	1.4945771234204453e-07
Disease	disease_10086	1.4935811931903084e-07
Disease	disease_2367	1.492226298869664e-07
Disease	disease_7005	1.491188799647122e-07
Disease	disease_6754	1.4910370266768874e-07
Disease	disease_18647	1.4908198570620446e-07
Disease	disease_3197	1.4906836625304643e-07
Disease	disease_1356	1.4883082762463428e-07
Disease	disease_6402	1.4880777978731451e-07
Disease	disease_568	1.4853628124168832e-07
Disease	disease_19632	1.4824588916377163e-07
Disease	disease_20756	1.4817406256975086e-07
Disease	disease_5029	1.4806405857281084e-07
Disease	disease_43465	1.480566395111403e-07
Disease	disease_15188	1.4789089125489205e-07
Disease	disease_100070	1.477688466006553e-07
Disease	disease_7432	1.474994100763394e-07
Disease	disease_15548	1.4707505774628e-07
Disease	disease_5047	1.46838298399231e-07
Disease	disease_16337	1.4681637482997864e-07
Disease	disease_16042	1.4646787696900997e-07
Disease	disease_2186	1.464074583790358e-07
Disease	disease_2474	1.4625324948869138e-07
Disease	disease_21568	1.4616284382689685e-07
Disease	disease_8965	1.46137330869079e-07
Disease	disease_19036	1.4604314052885353e-07
Disease	disease_54868	1.4574774825950893e-07
Disease	disease_10235	1.4564646107112658e-07
Disease	disease_16579	1.456210179342969e-07
Disease	disease_2481	1.4551417816266823e-07
Disease	disease_16692	1.4537350511461072e-07
Disease	disease_17708	1.4520579221552899e-07
Disease	disease_21160	1.4517153318895883e-07
Disease	disease_30602	1.4510115613279815e-07
Disease	disease_19263	1.4506718776473247e-07
Disease	disease_11989	1.4500129331049162e-07
Disease	disease_2411	1.447443109341595e-07
Disease	disease_15945	1.4464882725889223e-07
Disease	disease_5440	1.4457842149435665e-07
Disease	disease_19781	1.4454469499395884e-07
Disease	disease_4380	1.444696771917329e-07
Disease	disease_15089	1.4417327011553538e-07
Disease	disease_16777	1.4412206681063764e-07
Disease	disease_8567	1.4390800874636043e-07
Disease	disease_6418	1.439073110655125e-07
Disease	disease_19383	1.438948301324944e-07
Disease	disease_14148	1.4367629068030054e-07
Disease	disease_6673	1.4360618404121604e-07
Disease	disease_41850	1.4342691226039506e-07
Disease	disease_18078	1.4341309824388786e-07
Disease	disease_5537	1.4321167690738213e-07
Disease	disease_6664	1.4300685253679326e-07
Disease	disease_11794	1.4293714332830287e-07
Disease	disease_1574	1.429291661554264e-07
Disease	disease_432	1.4277280597830586e-07
Disease	disease_10382	1.4267664848664946e-07
Disease	disease_3232	1.4266910600603032e-07
Disease	disease_21921	1.4246954146866474e-07
Disease	disease_22409	1.423571269927042e-07
Disease	disease_14414	1.4232753252639881e-07
Disease	disease_241	1.4212225982970818e-07
Disease	disease_16756	1.420915333557854e-07
Disease	disease_15943	1.4200443045326486e-07
Disease	disease_13968	1.4184156661694973e-07
Disease	disease_21201	1.4176723726383397e-07
Disease	disease_18168	1.4153112677275658e-07
Disease	disease_21094	1.4150559571326163e-07
Disease	disease_16695	1.4147102422927482e-07
Disease	disease_6757	1.4124894604666248e-07
Disease	disease_5382	1.412358256181654e-07
Disease	disease_7542	1.4119465341686568e-07
Disease	disease_6995	1.411002165677625e-07
Disease	disease_19514	1.4103657921235312e-07
Disease	disease_12552	1.4101719429120772e-07
Disease	disease_1639	1.4100397004898263e-07
Disease	disease_16700	1.40975654875985e-07
Disease	disease_18907	1.4092043256550251e-07
Disease	disease_5777	1.4069784553630068e-07
Disease	disease_17394	1.4059059693166333e-07
Disease	disease_15169	1.4048753439711306e-07
Disease	disease_19976	1.402751475903385e-07
Disease	disease_3111	1.4027480490327584e-07
Disease	disease_10221	1.4022832195880805e-07
Disease	disease_43370	1.3976859109500524e-07
Disease	disease_18754	1.3967436637503632e-07
Disease	disease_20074	1.3962994965231867e-07
Disease	disease_16696	1.3952073997277668e-07
Disease	disease_6032	1.3943497915472034e-07
Disease	disease_22912	1.391368915802113e-07
Disease	disease_18167	1.391368915802113e-07
Disease	disease_29134	1.3902372570923723e-07
Disease	disease_15019	1.3896421310913017e-07
Disease	disease_13907	1.3865168972069822e-07
Disease	disease_6684	1.3846474170364427e-07
Disease	disease_24472	1.384509341620855e-07
Disease	disease_9528	1.3812980721813374e-07
Disease	disease_5525	1.3805264187619295e-07
Disease	disease_16705	1.3801829553918327e-07
Disease	disease_19502	1.3796088637142576e-07
Disease	disease_8566	1.3792786454023203e-07
Disease	disease_19470	1.3788881524164142e-07
Disease	disease_21468	1.3779434067468e-07
Disease	disease_9	1.377272886989281e-07
Disease	disease_19993	1.3769011430385253e-07
Disease	disease_11232	1.374555986378462e-07
Disease	disease_1139	1.3734733652699276e-07
Disease	disease_1132	1.3734733652699276e-07
Disease	disease_7078	1.3732696894721642e-07
Disease	disease_41154	1.3709535893270832e-07
Disease	disease_13306	1.370046980857625e-07
Disease	disease_5784	1.3652957099080966e-07
Disease	disease_17060	1.3650721564110537e-07
Disease	disease_17061	1.3650721564110537e-07
Disease	disease_8318	1.36450780655557e-07
Disease	disease_16707	1.3635774323253016e-07
Disease	disease_2473	1.3627625219579633e-07
Disease	disease_16690	1.3625471429498914e-07
Disease	disease_20759	1.3596895711032633e-07
Disease	disease_1105	1.359511849950603e-07
Disease	disease_7959	1.3594225036458428e-07
Disease	disease_5266	1.3590325615569627e-07
Disease	disease_9394	1.3578493242422164e-07
Disease	disease_5582	1.3574552072748683e-07
Disease	disease_1943	1.3568103527312146e-07
Disease	disease_2824	1.3555821005250662e-07
Disease	disease_19037	1.3517789645854527e-07
Disease	disease_1956	1.3513130259603403e-07
Disease	disease_17577	1.3513085146371267e-07
Disease	disease_8633	1.3510854856650267e-07
Disease	disease_6916	1.3509353204216178e-07
Disease	disease_5627	1.3508063059906003e-07
Disease	disease_14306	1.3506046585263299e-07
Disease	disease_12593	1.3505480394747971e-07
Disease	disease_100004	1.3504053928837975e-07
Disease	disease_18042	1.3491750386911633e-07
Disease	disease_15144	1.3475231056077258e-07
Disease	disease_18203	1.3460218206015858e-07
Disease	disease_16629	1.3454474834588376e-07
Disease	disease_4907	1.345187758677414e-07
Disease	disease_17570	1.344784107835871e-07
Disease	disease_1909	1.3443527110988424e-07
Disease	disease_608	1.3428063677182062e-07
Disease	disease_16019	1.3420377645857616e-07
Disease	disease_6900	1.3414506266927176e-07
Disease	disease_17859	1.3412095957754592e-07
Disease	disease_15063	1.3405962429422633e-07
Disease	disease_13195	1.3405867181122973e-07
Disease	disease_10910	1.3374312842025717e-07
Disease	disease_17046	1.335903450291721e-07
Disease	disease_16974	1.3349818167090173e-07
Disease	disease_43364	1.3347140294116162e-07
Disease	disease_6906	1.3316957147043093e-07
Disease	disease_20128	1.3309630168495565e-07
Disease	disease_18975	1.330381228268917e-07
Disease	disease_12316	1.3300953765720234e-07
Disease	disease_2275	1.3297935379994805e-07
Disease	disease_6694	1.3297935379994805e-07
Disease	disease_8273	1.3282484469715533e-07
Disease	disease_2211	1.3266587737230286e-07
Disease	disease_9354	1.325061770088515e-07
Disease	disease_15803	1.3238793796132953e-07
Disease	disease_19499	1.323130199899312e-07
Disease	disease_10711	1.32110318512709e-07
Disease	disease_19722	1.3210989090425763e-07
Disease	disease_6610	1.3202027425671446e-07
Disease	disease_7835	1.318764362303977e-07
Disease	disease_2682	1.3154882041560107e-07
Disease	disease_8908	1.3128357153186692e-07
Disease	disease_5539	1.3126844628363307e-07
Disease	disease_20066	1.3107574454264875e-07
Disease	disease_4959	1.310635500171223e-07
Disease	disease_13766	1.3096415969917954e-07
Disease	disease_17387	1.3095080157710878e-07
Disease	disease_4855	1.3093828066669107e-07
Disease	disease_5670	1.30923213801063e-07
Disease	disease_5910	1.308207358266527e-07
Disease	disease_19019	1.3080887000195886e-07
Disease	disease_7344	1.3034576227642301e-07
Disease	disease_24389	1.3033676578515203e-07
Disease	disease_20230	1.3023960322042772e-07
Disease	disease_17150	1.301842502670565e-07
Disease	disease_8911	1.3012371977325637e-07
Disease	disease_8667	1.3003016050531564e-07
Disease	disease_2977	1.2990233525090764e-07
Disease	disease_6188	1.298706399766818e-07
Disease	disease_18186	1.2982239174156202e-07
Disease	disease_1791	1.2980834864199982e-07
Disease	disease_4570	1.2934355423548092e-07
Disease	disease_18360	1.2925138949742362e-07
Disease	disease_5625	1.291688218237128e-07
Disease	disease_19800	1.2892562055424494e-07
Disease	disease_16195	1.2881968959671607e-07
Disease	disease_23258	1.2872198605106254e-07
Disease	disease_11827	1.2862209135659884e-07
Disease	disease_15805	1.28566312504672e-07
Disease	disease_16129	1.2848699685714206e-07
Disease	disease_6312	1.283516789909605e-07
Disease	disease_13869	1.282940046771239e-07
Disease	disease_18585	1.2824946413844673e-07
Disease	disease_21111	1.2819335681920218e-07
Disease	disease_18882	1.2814817254175577e-07
Disease	disease_19402	1.2812995590151217e-07
Disease	disease_21960	1.280900956243846e-07
Disease	disease_5692	1.2797941317522584e-07
Disease	disease_100308	1.2797241010006676e-07
Disease	disease_10627	1.279578277817166e-07
Disease	disease_8375	1.2793830569014435e-07
Disease	disease_19105	1.2785275638918698e-07
Disease	disease_5118	1.277910959434489e-07
Disease	disease_20076	1.2752213718094002e-07
Disease	disease_6831	1.2748712797335266e-07
Disease	disease_17919	1.2742593026804856e-07
Disease	disease_8779	1.2740853760944223e-07
Disease	disease_8998	1.2739339459726065e-07
Disease	disease_10581	1.273845312369731e-07
Disease	disease_11815	1.2737746006947747e-07
Disease	disease_12599	1.2737746006947747e-07
Disease	disease_11440	1.2737746006947747e-07
Disease	disease_12459	1.2737746006947747e-07
Disease	disease_12587	1.2737746006947747e-07
Disease	disease_11384	1.2737746006947747e-07
Disease	disease_12458	1.2737746006947747e-07
Disease	disease_12109	1.2737746006947747e-07
Disease	disease_2004	1.2737394835861062e-07
Disease	disease_1223	1.2728264562274661e-07
Disease	disease_5491	1.272810963733373e-07
Disease	disease_12911	1.272614333894971e-07
Disease	disease_8345	1.2721085558443885e-07
Disease	disease_14263	1.270667451280876e-07
Disease	disease_9282	1.270324749740652e-07
Disease	disease_225	1.2702691529650076e-07
Disease	disease_100186	1.268193012239844e-07
Disease	disease_22	1.26764708143313e-07
Disease	disease_16987	1.2673538837604298e-07
Disease	disease_21925	1.2672430153845582e-07
Disease	disease_9106	1.266981916430815e-07
Disease	disease_8092	1.2656924468027255e-07
Disease	disease_5095	1.264895296988072e-07
Disease	disease_8918	1.2634889963153796e-07
Disease	disease_2974	1.2625637381315305e-07
Disease	disease_10327	1.2624552801426826e-07
Disease	disease_1761	1.26113129959246e-07
Disease	disease_3803	1.2609856292427263e-07
Disease	disease_19312	1.2604963359975921e-07
Disease	disease_43549	1.2596438539134e-07
Disease	disease_11426	1.2593890396679895e-07
Disease	disease_17086	1.2588842971932544e-07
Disease	disease_10083	1.2588723160830832e-07
Disease	disease_5418	1.258831376132337e-07
Disease	disease_5110	1.258831376132337e-07
Disease	disease_18008	1.258831376132337e-07
Disease	disease_22653	1.258831376132337e-07
Disease	disease_23006	1.258831376132337e-07
Disease	disease_11891	1.2583013452979925e-07
Disease	disease_11327	1.2582019756366175e-07
Disease	disease_100110	1.2581285350456428e-07
Disease	disease_8586	1.2572986442808734e-07
Disease	disease_17256	1.2563547374564395e-07
Disease	disease_3142	1.256226390323034e-07
Disease	disease_5398	1.2559790411877118e-07
Disease	disease_19150	1.2556770088115048e-07
Disease	disease_18354	1.2535799103156595e-07
Disease	disease_5535	1.252968148406123e-07
Disease	disease_2913	1.2510995977839146e-07
Disease	disease_12017	1.2499708652289465e-07
Disease	disease_10947	1.249541828546242e-07
Disease	disease_21856	1.2493677467571114e-07
Disease	disease_19165	1.248948291331687e-07
Disease	disease_15610	1.2480941367245904e-07
Disease	disease_16340	1.2473671071914515e-07
Disease	disease_22901	1.246132116741133e-07
Disease	disease_6820	1.24220731796432e-07
Disease	disease_34110	1.24220731796432e-07
Disease	disease_4838	1.24220731796432e-07
Disease	disease_23551	1.24220731796432e-07
Disease	disease_21750	1.24220731796432e-07
Disease	disease_56796	1.24220731796432e-07
Disease	disease_2674	1.24220731796432e-07
Disease	disease_43112	1.24220731796432e-07
Disease	disease_6944	1.24220731796432e-07
Disease	disease_4841	1.24220731796432e-07
Disease	disease_2216	1.2415594294599905e-07
Disease	disease_3107	1.2413138554223972e-07
Disease	disease_14558	1.2371364583449347e-07
Disease	disease_19929	1.2370229288966248e-07
Disease	disease_2214	1.235836819067528e-07
Disease	disease_100164	1.234836644628569e-07
Disease	disease_37847	1.234606496019581e-07
Disease	disease_2032	1.233742875427168e-07
Disease	disease_24412	1.2333212819770016e-07
Disease	disease_100038	1.2324984685683814e-07
Disease	disease_4768	1.2323518662489312e-07
Disease	disease_5724	1.2317528872794393e-07
Disease	disease_18881	1.2302413566087654e-07
Disease	disease_9162	1.2300771424189793e-07
Disease	disease_9856	1.2298890787480586e-07
Disease	disease_2071	1.2297815182391654e-07
Disease	disease_21317	1.2289084493239434e-07
Disease	disease_42983	1.228752755150363e-07
Disease	disease_7495	1.2262590647292375e-07
Disease	disease_5131	1.2259409535478837e-07
Disease	disease_19959	1.2250469721151986e-07
Disease	disease_9218	1.2250402417249977e-07
Disease	disease_19795	1.2240372133072434e-07
Disease	disease_15474	1.2238051072550417e-07
Disease	disease_19145	1.223635658512388e-07
Disease	disease_1297	1.2231704167138117e-07
Disease	disease_19543	1.2230312554997384e-07
Disease	disease_9799	1.2202298803965892e-07
Disease	disease_17823	1.2177826813031786e-07
Disease	disease_7969	1.216601585725542e-07
Disease	disease_7018	1.2158951233434126e-07
Disease	disease_17160	1.2157714273201282e-07
Disease	disease_18541	1.2153165961490355e-07
Disease	disease_3579	1.2148382474772543e-07
Disease	disease_3429	1.2137775348327377e-07
Disease	disease_6941	1.2137577907192314e-07
Disease	disease_5137	1.212540993222519e-07
Disease	disease_6855	1.2120755700971686e-07
Disease	disease_24882	1.211641472505902e-07
Disease	disease_11676	1.211301587025126e-07
Disease	disease_9379	1.2101108759895436e-07
Disease	disease_7052	1.209637499542327e-07
Disease	disease_12817	1.2094096447896013e-07
Disease	disease_19520	1.2087553399620908e-07
Disease	disease_8102	1.2080306807068705e-07
Disease	disease_9517	1.2070834343043287e-07
Disease	disease_44037	1.2066247311768765e-07
Disease	disease_13655	1.2064467593771952e-07
Disease	disease_2249	1.206218884150292e-07
Disease	disease_2311	1.205937759496327e-07
Disease	disease_13291	1.2037797230248041e-07
Disease	disease_15064	1.203409782946859e-07
Disease	disease_6663	1.2024279470659697e-07
Disease	disease_1422	1.201055464008594e-07
Disease	disease_7104	1.2001067889073037e-07
Disease	disease_21895	1.1992285504002068e-07
Disease	disease_20434	1.1990673172445017e-07
Disease	disease_100081	1.1974610420130524e-07
Disease	disease_9049	1.1950043262311448e-07
Disease	disease_41751	1.1948855549920127e-07
Disease	disease_16238	1.1948463199978623e-07
Disease	disease_4795	1.1942602841007138e-07
Disease	disease_43361	1.1940287650984734e-07
Disease	disease_16486	1.1938783194248512e-07
Disease	disease_11156	1.1935542804323504e-07
Disease	disease_19316	1.192562563098192e-07
Disease	disease_16543	1.190241781046847e-07
Disease	disease_13024	1.1902166845937925e-07
Disease	disease_986	1.1896753470504365e-07
Disease	disease_19253	1.1894943040259332e-07
Disease	disease_19390	1.188961560102372e-07
Disease	disease_14166	1.1881325407153891e-07
Disease	disease_14416	1.187981887478467e-07
Disease	disease_11945	1.1874054627675498e-07
Disease	disease_6685	1.1873975581131346e-07
Disease	disease_1631	1.1872487011427663e-07
Disease	disease_166	1.186312339204557e-07
Disease	disease_18866	1.1859781608280328e-07
Disease	disease_8380	1.1853266103079258e-07
Disease	disease_17973	1.1850462503292727e-07
Disease	disease_16394	1.1849440682003006e-07
Disease	disease_9258	1.1845489978658407e-07
Disease	disease_19992	1.1837008736250503e-07
Disease	disease_9044	1.1836267022620757e-07
Disease	disease_9159	1.1832975293279488e-07
Disease	disease_5918	1.1824899454006615e-07
Disease	disease_3916	1.1818020017617829e-07
Disease	disease_20300	1.1806492953710939e-07
Disease	disease_13225	1.1800943510733108e-07
Disease	disease_19350	1.1773699887563128e-07
Disease	disease_9916	1.1772207041432432e-07
Disease	disease_19245	1.1757940090869722e-07
Disease	disease_10997	1.1755797827699607e-07
Disease	disease_17365	1.1746658616966493e-07
Disease	disease_9000	1.1739236264239298e-07
Disease	disease_17941	1.1724900647904878e-07
Disease	disease_2776	1.1721991097569129e-07
Disease	disease_18820	1.1719960225288866e-07
Disease	disease_6554	1.1713979706997815e-07
Disease	disease_20578	1.1705057830529708e-07
Disease	disease_21089	1.1699369714920869e-07
Disease	disease_2399	1.169183584559508e-07
Disease	disease_16367	1.1675853201241809e-07
Disease	disease_10204	1.1675171380102752e-07
Disease	disease_9511	1.167451029162108e-07
Disease	disease_7316	1.1670320864192704e-07
Disease	disease_19615	1.1658331345626912e-07
Disease	disease_10808	1.1647295169896551e-07
Disease	disease_15152	1.1647075667061806e-07
Disease	disease_2366	1.1644310611427264e-07
Disease	disease_7039	1.1642839087191473e-07
Disease	disease_24294	1.164102162045186e-07
Disease	disease_19305	1.1631590501595445e-07
Disease	disease_15617	1.1623689156462331e-07
Disease	disease_732	1.1615589606727292e-07
Disease	disease_15780	1.1601988822789299e-07
Disease	disease_12994	1.159766628552111e-07
Disease	disease_7539	1.1595471598412459e-07
Disease	disease_17149	1.1581128850929327e-07
Disease	disease_15065	1.1571609419937154e-07
Disease	disease_20531	1.1565516818668478e-07
Disease	disease_17693	1.1564239322791132e-07
Disease	disease_8310	1.1557191163233456e-07
Disease	disease_14431	1.1551854265963072e-07
Disease	disease_5722	1.1549242804973892e-07
Disease	disease_9292	1.1537173798410392e-07
Disease	disease_11050	1.152814887953611e-07
Disease	disease_17370	1.1526044709101971e-07
Disease	disease_20831	1.1518347129960203e-07
Disease	disease_5976	1.1511024234369178e-07
Disease	disease_9290	1.1507244014342554e-07
Disease	disease_565	1.1497983730067751e-07
Disease	disease_18454	1.1492711838746588e-07
Disease	disease_5008	1.1464186980194504e-07
Disease	disease_14144	1.1457787509678448e-07
Disease	disease_8501	1.1456859651625312e-07
Disease	disease_8393	1.144612708221724e-07
Disease	disease_8907	1.14425685083548e-07
Disease	disease_10108	1.1441611705354665e-07
Disease	disease_12637	1.1440992439874618e-07
Disease	disease_17291	1.1435626265921954e-07
Disease	disease_5558	1.1427257627024143e-07
Disease	disease_16030	1.1426384773948496e-07
Disease	disease_17767	1.1412274941905584e-07
Disease	disease_15696	1.1400896777190247e-07
Disease	disease_24317	1.1399595141869502e-07
Disease	disease_16908	1.1390540576719264e-07
Disease	disease_7818	1.1378991767931385e-07
Disease	disease_9266	1.1352473653074275e-07
Disease	disease_3569	1.1346536235242581e-07
Disease	disease_15218	1.1334606657360551e-07
Disease	disease_11638	1.132541071163154e-07
Disease	disease_15231	1.1324623524551729e-07
Disease	disease_17991	1.1324153565647772e-07
Disease	disease_17581	1.1320818765590352e-07
Disease	disease_5316	1.1313784027043654e-07
Disease	disease_20479	1.1304599169223695e-07
Disease	disease_9910	1.1290253683274396e-07
Disease	disease_470	1.1285126428357348e-07
Disease	disease_16167	1.1278415041983344e-07
Disease	disease_612	1.1272471051328976e-07
Disease	disease_11213	1.1242809901994521e-07
Disease	disease_18053	1.1241202665886219e-07
Disease	disease_54836	1.1240590264349648e-07
Disease	disease_9841	1.1233114742460136e-07
Disease	disease_17234	1.1232036993360471e-07
Disease	disease_700	1.1222444669031887e-07
Disease	disease_4160	1.1221119629226515e-07
Disease	disease_11871	1.1219799820097445e-07
Disease	disease_10044	1.1212599608792589e-07
Disease	disease_16334	1.1193605331575566e-07
Disease	disease_494	1.1188682806980445e-07
Disease	disease_491	1.1186129943701301e-07
Disease	disease_9696	1.1168491626168565e-07
Disease	disease_17375	1.1166847785008037e-07
Disease	disease_9849	1.1137516320334501e-07
Disease	disease_17589	1.1131167750249261e-07
Disease	disease_5846	1.1131050560382353e-07
Disease	disease_4553	1.1125187669269717e-07
Disease	disease_10913	1.1120787706881706e-07
Disease	disease_7326	1.1115462866230969e-07
Disease	disease_5203	1.1114506999121601e-07
Disease	disease_6618	1.1109503209239292e-07
Disease	disease_16685	1.1102240599880055e-07
Disease	disease_8192	1.1101220457927098e-07
Disease	disease_17278	1.1091606715670138e-07
Disease	disease_6165	1.1073938251568747e-07
Disease	disease_402	1.1070080110309296e-07
Disease	disease_813	1.1069949737994709e-07
Disease	disease_5502	1.1066012000709693e-07
Disease	disease_11544	1.1042389783753515e-07
Disease	disease_18088	1.1039091480741873e-07
Disease	disease_15939	1.1029500910199452e-07
Disease	disease_19188	1.1001762548171219e-07
Disease	disease_7194	1.0990422501477581e-07
Disease	disease_8319	1.098887862312774e-07
Disease	disease_16108	1.0987578667995566e-07
Disease	disease_19153	1.0984187104387892e-07
Disease	disease_5631	1.0971311361385134e-07
Disease	disease_7536	1.0961940296712425e-07
Disease	disease_18771	1.0958602526845045e-07
Disease	disease_45047	1.0947145838503101e-07
Disease	disease_9249	1.0939815092733559e-07
Disease	disease_14784	1.092904916680894e-07
Disease	disease_20803	1.0928019187475004e-07
Disease	disease_18210	1.0926518400084499e-07
Disease	disease_18209	1.0926518400084499e-07
Disease	disease_5065	1.0925141370016394e-07
Disease	disease_7174	1.0915767153133105e-07
Disease	disease_7064	1.091214813913075e-07
Disease	disease_8523	1.0887918717922448e-07
Disease	disease_18695	1.0886500724115008e-07
Disease	disease_26777	1.0880208694677747e-07
Disease	disease_15333	1.0866039141275013e-07
Disease	disease_17775	1.0858141015934526e-07
Disease	disease_11972	1.083772352174803e-07
Disease	disease_21232	1.083749803339966e-07
Disease	disease_19963	1.0835908967040789e-07
Disease	disease_9692	1.0835446149003714e-07
Disease	disease_13640	1.0834136504778468e-07
Disease	disease_12580	1.0832415695657198e-07
Disease	disease_8729	1.083029023366659e-07
Disease	disease_7829	1.082792638224935e-07
Disease	disease_15374	1.0826320201004438e-07
Disease	disease_1110	1.0822276480045076e-07
Disease	disease_12831	1.0820365625097436e-07
Disease	disease_18306	1.0818650878788468e-07
Disease	disease_13015	1.0816145932909592e-07
Disease	disease_20259	1.0808195306489554e-07
Disease	disease_15517	1.0792415206110256e-07
Disease	disease_6525	1.0789871460600416e-07
Disease	disease_20137	1.0776016046187724e-07
Disease	disease_474	1.0774007566424524e-07
Disease	disease_1185	1.0770013839224334e-07
Disease	disease_15902	1.0764823857220917e-07
Disease	disease_18043	1.0761611058828493e-07
Disease	disease_5355	1.0760508743328985e-07
Disease	disease_12112	1.0756909934672063e-07
Disease	disease_44649	1.074552433515711e-07
Disease	disease_7417	1.0740097181351381e-07
Disease	disease_7642	1.0734117743619607e-07
Disease	disease_15317	1.073366725637966e-07
Disease	disease_10825	1.0722566844516903e-07
Disease	disease_11724	1.0718468780782397e-07
Disease	disease_18636	1.0713694177735991e-07
Disease	disease_18806	1.071210291772542e-07
Disease	disease_18807	1.071210291772542e-07
Disease	disease_6677	1.071210291772542e-07
Disease	disease_8038	1.0708782138775546e-07
Disease	disease_2877	1.0699629883189474e-07
Disease	disease_20804	1.0685911262712382e-07
Disease	disease_18458	1.067460394430311e-07
Disease	disease_21108	1.0663360358493638e-07
Disease	disease_12742	1.0658976803847865e-07
Disease	disease_18182	1.0656556876818356e-07
Disease	disease_7699	1.06497618862543e-07
Disease	disease_6661	1.0648115764124711e-07
Disease	disease_18130	1.0643852623113481e-07
Disease	disease_18681	1.0634864489028314e-07
Disease	disease_18937	1.0634005913883589e-07
Disease	disease_17369	1.0630652750499434e-07
Disease	disease_8867	1.0630312754061661e-07
Disease	disease_21147	1.0627546044286466e-07
Disease	disease_7535	1.0623661163748399e-07
Disease	disease_9412	1.0621295237115831e-07
Disease	disease_5737	1.0618276411105865e-07
Disease	disease_5172	1.0608730351987888e-07
Disease	disease_6534	1.0604883925402409e-07
Disease	disease_14359	1.060398713572891e-07
Disease	disease_44975	1.0602250310027862e-07
Disease	disease_19075	1.060064283774224e-07
Disease	disease_20231	1.0599846581806963e-07
Disease	disease_17282	1.0588271575696903e-07
Disease	disease_18322	1.0573925296338547e-07
Disease	disease_19181	1.0573683522941587e-07
Disease	disease_13053	1.0570252377568675e-07
Disease	disease_19554	1.0568942867862668e-07
Disease	disease_9925	1.0560650917543351e-07
Disease	disease_20488	1.0558695633477944e-07
Disease	disease_16072	1.0543363090118158e-07
Disease	disease_9421	1.0538265578918387e-07
Disease	disease_16227	1.0537574066637806e-07
Disease	disease_8436	1.0532095543537725e-07
Disease	disease_9874	1.0530107088628579e-07
Disease	disease_19112	1.0522283976850716e-07
Disease	disease_5426	1.0516553566387602e-07
Disease	disease_17839	1.0505662835211895e-07
Disease	disease_17840	1.0505662835211895e-07
Disease	disease_5648	1.0498899950907728e-07
Disease	disease_1081	1.0498174753789587e-07
Disease	disease_18935	1.0492354086870973e-07
Disease	disease_11454	1.048981145619253e-07
Disease	disease_13757	1.0485690614893502e-07
Disease	disease_17880	1.0483514171929299e-07
Disease	disease_3085	1.048083790286298e-07
Disease	disease_8737	1.0480305189133922e-07
Disease	disease_27407	1.047963900463896e-07
Disease	disease_8045	1.047954145052804e-07
Disease	disease_10199	1.0466736779680669e-07
Disease	disease_19125	1.0466368722348786e-07
Disease	disease_16468	1.0447244723511146e-07
Disease	disease_5974	1.0445923855043594e-07
Disease	disease_13540	1.0432182747828259e-07
Disease	disease_9352	1.0429569404974389e-07
Disease	disease_18045	1.0420775529662981e-07
Disease	disease_4785	1.041540213730329e-07
Disease	disease_308	1.0411550438535399e-07
Disease	disease_1674	1.0401659139539426e-07
Disease	disease_24562	1.0400757918884628e-07
Disease	disease_21666	1.03960516311431e-07
Disease	disease_44875	1.039410983381379e-07
Disease	disease_2570	1.0379097834910714e-07
Disease	disease_18149	1.0372140067338009e-07
Disease	disease_22859	1.0369272307523762e-07
Disease	disease_20983	1.0369272307523762e-07
Disease	disease_1302	1.0369272307523762e-07
Disease	disease_15296	1.0369272307523762e-07
Disease	disease_6779	1.0369272307523762e-07
Disease	disease_43529	1.0369272307523762e-07
Disease	disease_15194	1.0364747707805966e-07
Disease	disease_14353	1.0362389093762024e-07
Disease	disease_11506	1.0358485344697303e-07
Disease	disease_9726	1.0354142122527333e-07
Disease	disease_2373	1.0352299094655414e-07
Disease	disease_6962	1.0350669789456218e-07
Disease	disease_21157	1.0333985550069682e-07
Disease	disease_13517	1.0328109082528966e-07
Disease	disease_2082	1.0310679621629602e-07
Disease	disease_15175	1.0308302436037938e-07
Disease	disease_5608	1.0305053384783211e-07
Disease	disease_5170	1.0304852613419567e-07
Disease	disease_4845	1.0299755107321464e-07
Disease	disease_7864	1.0292425311316915e-07
Disease	disease_1246	1.0292093344793676e-07
Disease	disease_4622	1.0289205732889138e-07
Disease	disease_42458	1.028742813129546e-07
Disease	disease_20367	1.0281960747449402e-07
Disease	disease_21682	1.0278209059382567e-07
Disease	disease_11875	1.0272974546774145e-07
Disease	disease_1955	1.0270621094127983e-07
Disease	disease_8311	1.026049090008495e-07
Disease	disease_15573	1.0260233225950225e-07
Disease	disease_21073	1.0256393534718075e-07
Disease	disease_37792	1.0251076654323041e-07
Disease	disease_2206	1.0247636245237613e-07
Disease	disease_15012	1.0242922078024813e-07
Disease	disease_18248	1.024182001041144e-07
Disease	disease_16423	1.0241482714947393e-07
Disease	disease_7838	1.0229595321241187e-07
Disease	disease_5374	1.0228603138341703e-07
Disease	disease_20502	1.0220024239381003e-07
Disease	disease_923	1.0218615051392098e-07
Disease	disease_925	1.0218615051392098e-07
Disease	disease_924	1.0218615051392098e-07
Disease	disease_10585	1.0214293406276243e-07
Disease	disease_43475	1.0207310503383134e-07
Disease	disease_19119	1.0198647201384632e-07
Disease	disease_4180	1.0194303450743788e-07
Disease	disease_4634	1.0184059932836436e-07
Disease	disease_20721	1.0183505206427105e-07
Disease	disease_9923	1.0182263819650947e-07
Disease	disease_8919	1.0170916488727278e-07
Disease	disease_6662	1.0163524037965451e-07
Disease	disease_19365	1.015401738186016e-07
Disease	disease_9341	1.014918001489854e-07
Disease	disease_11781	1.014459298930297e-07
Disease	disease_16471	1.0143435839370845e-07
Disease	disease_5112	1.01425523288179e-07
Disease	disease_11842	1.0125266586372703e-07
Disease	disease_10680	1.0124958176022753e-07
Disease	disease_5235	1.0114400274704984e-07
Disease	disease_1176	1.0114331681784807e-07
Disease	disease_9265	1.0103153026979752e-07
Disease	disease_10975	1.0095268912085601e-07
Disease	disease_8713	1.0092261532776627e-07
Disease	disease_22410	1.0092145734488676e-07
Disease	disease_10584	1.0091913458477883e-07
Disease	disease_14952	1.0085235254849983e-07
Disease	disease_16823	1.0082722616875926e-07
Disease	disease_20253	1.0080760073919926e-07
Disease	disease_19293	1.007676928659327e-07
Disease	disease_16075	1.007325243500596e-07
Disease	disease_642	1.0063519025869302e-07
Disease	disease_4964	1.0055742364861853e-07
Disease	disease_10035	1.0049169921770462e-07
Disease	disease_1214	1.004840078971289e-07
Disease	disease_9637	1.0048082018110259e-07
Disease	disease_412	1.0047681180189506e-07
Disease	disease_5190	1.0037922699232706e-07
Disease	disease_3641	1.0030929749828073e-07
Disease	disease_6913	1.002891187081693e-07
Disease	disease_32837	1.0022163867116587e-07
Disease	disease_56798	1.002020603888118e-07
Disease	disease_43726	1.0001140483148017e-07
Disease	disease_19569	9.996072625926695e-08
Disease	disease_17953	9.984487284788323e-08
Disease	disease_10790	9.983578879757602e-08
Disease	disease_4619	9.98148123891973e-08
Disease	disease_16301	9.977806031073228e-08
Disease	disease_15810	9.976045917643095e-08
Disease	disease_5672	9.971942169285535e-08
Disease	disease_6837	9.971062375989066e-08
Disease	disease_9329	9.965940289660678e-08
Disease	disease_16730	9.948902600446055e-08
Disease	disease_10150	9.929969050883324e-08
Disease	disease_2870	9.923923312239707e-08
Disease	disease_6786	9.919604350531535e-08
Disease	disease_11833	9.91902951543916e-08
Disease	disease_43327	9.912038573080385e-08
Disease	disease_6921	9.910550354296111e-08
Disease	disease_18854	9.908909929443314e-08
Disease	disease_12517	9.887327545226102e-08
Disease	disease_19124	9.877791567986288e-08
Disease	disease_18852	9.86545954097565e-08
Disease	disease_24468	9.864909928906843e-08
Disease	disease_8564	9.861920051389336e-08
Disease	disease_7086	9.861183392508489e-08
Disease	disease_20310	9.860485487152578e-08
Disease	disease_17380	9.858322633673901e-08
Disease	disease_15811	9.854109567164952e-08
Disease	disease_15812	9.854109567164952e-08
Disease	disease_5695	9.844066765384692e-08
Disease	disease_16063	9.842667051750965e-08
Disease	disease_19144	9.833669049552047e-08
Disease	disease_15953	9.810012730851592e-08
Disease	disease_15779	9.808955488213627e-08
Disease	disease_8995	9.804363124320578e-08
Disease	disease_20295	9.793894392849696e-08
Disease	disease_20302	9.793207075066845e-08
Disease	disease_1014	9.785724432771055e-08
Disease	disease_5082	9.774651091165353e-08
Disease	disease_8179	9.765771352597477e-08
Disease	disease_1249	9.76034095915469e-08
Disease	disease_21374	9.75986454238259e-08
Disease	disease_9220	9.759101051962108e-08
Disease	disease_2885	9.741335083469251e-08
Disease	disease_20509	9.73658934558538e-08
Disease	disease_3767	9.73339753207896e-08
Disease	disease_7665	9.732558349808742e-08
Disease	disease_19955	9.730841296784216e-08
Disease	disease_17213	9.715561437557652e-08
Disease	disease_13584	9.709660386867153e-08
Disease	disease_8503	9.701251348014698e-08
Disease	disease_20238	9.698827862322617e-08
Disease	disease_5820	9.688306392295505e-08
Disease	disease_16717	9.687529740057769e-08
Disease	disease_10831	9.68552592383114e-08
Disease	disease_8034	9.6836770623279e-08
Disease	disease_2722	9.679298101211015e-08
Disease	disease_21022	9.678204999033143e-08
Disease	disease_14624	9.67631923467273e-08
Disease	disease_20768	9.662317262548977e-08
Disease	disease_6799	9.661482699673522e-08
Disease	disease_4817	9.659251169888454e-08
Disease	disease_4815	9.659251169888454e-08
Disease	disease_15879	9.656020581143566e-08
Disease	disease_18668	9.654565713874484e-08
Disease	disease_2553	9.645297662283397e-08
Disease	disease_3689	9.634290104400833e-08
Disease	disease_20087	9.632585241123053e-08
Disease	disease_19501	9.626894476542435e-08
Disease	disease_19341	9.625990395889689e-08
Disease	disease_9238	9.620915583633269e-08
Disease	disease_15584	9.616915640512007e-08
Disease	disease_15066	9.615945945782825e-08
Disease	disease_6649	9.602119300676412e-08
Disease	disease_18696	9.595214821676887e-08
Disease	disease_18502	9.591978711646557e-08
Disease	disease_10023	9.583766748436626e-08
Disease	disease_22034	9.583223032617168e-08
Disease	disease_9109	9.575469977804941e-08
Disease	disease_11381	9.56783826098946e-08
Disease	disease_11129	9.559734485444726e-08
Disease	disease_7268	9.557669531529454e-08
Disease	disease_17343	9.547751199233163e-08
Disease	disease_10461	9.541715560547031e-08
Disease	disease_19835	9.541689151245274e-08
Disease	disease_8263	9.541165199464591e-08
Disease	disease_17575	9.533085212140345e-08
Disease	disease_8047	9.531740386387761e-08
Disease	disease_19010	9.530577772958531e-08
Disease	disease_5761	9.528444404012573e-08
Disease	disease_15229	9.524351216754973e-08
Disease	disease_14152	9.522000564892119e-08
Disease	disease_20497	9.520026329317017e-08
Disease	disease_5197	9.51612013745058e-08
Disease	disease_17192	9.50076618625661e-08
Disease	disease_17191	9.50076618625661e-08
Disease	disease_17926	9.50076618625661e-08
Disease	disease_17730	9.500003366594639e-08
Disease	disease_11311	9.499804009318417e-08
Disease	disease_12278	9.481061458249461e-08
Disease	disease_10572	9.47489666866325e-08
Disease	disease_24340	9.468904141082845e-08
Disease	disease_17137	9.457894978963236e-08
Disease	disease_21228	9.456389446989026e-08
Disease	disease_8328	9.450249516591421e-08
Disease	disease_7719	9.44585188603895e-08
Disease	disease_21381	9.443827884262553e-08
Disease	disease_8185	9.43887321324987e-08
Disease	disease_4466	9.430162228392323e-08
Disease	disease_15215	9.425933748013004e-08
Disease	disease_1734	9.422024079729286e-08
Disease	disease_9066	9.420902894050577e-08
Disease	disease_1160	9.410111513738298e-08
Disease	disease_16473	9.395256011732582e-08
Disease	disease_5429	9.390827509608734e-08
Disease	disease_11153	9.389565685144373e-08
Disease	disease_7187	9.387417772660542e-08
Disease	disease_1735	9.384606889362278e-08
Disease	disease_15713	9.383778593534793e-08
Disease	disease_4265	9.382062346602608e-08
Disease	disease_5797	9.372937624149145e-08
Disease	disease_13851	9.372533003700137e-08
Disease	disease_18814	9.371705907430295e-08
Disease	disease_11566	9.370390945444485e-08
Disease	disease_16374	9.365751551813953e-08
Disease	disease_9509	9.365532471173081e-08
Disease	disease_54698	9.363427778147985e-08
Disease	disease_14702	9.355338028035419e-08
Disease	disease_24343	9.347507988434074e-08
Disease	disease_12357	9.341532162053698e-08
Disease	disease_13134	9.331458614628761e-08
Disease	disease_16487	9.326927629569545e-08
Disease	disease_7097	9.322159708984926e-08
Disease	disease_16296	9.321299938747294e-08
Disease	disease_7053	9.31885853950286e-08
Disease	disease_10287	9.309398816686883e-08
Disease	disease_19028	9.303004313954127e-08
Disease	disease_3233	9.301382561634849e-08
Disease	disease_19788	9.29802545227819e-08
Disease	disease_8910	9.295308577688302e-08
Disease	disease_13400	9.294444488377068e-08
Disease	disease_9303	9.293710544768415e-08
Disease	disease_4587	9.2931545785705e-08
Disease	disease_17590	9.284706418041044e-08
Disease	disease_2519	9.284623614121439e-08
Disease	disease_14809	9.272995770448212e-08
Disease	disease_17287	9.269923374943998e-08
Disease	disease_5758	9.256983313180071e-08
Disease	disease_11397	9.256444066317431e-08
Disease	disease_5663	9.254632419362419e-08
Disease	disease_19806	9.232291478987378e-08
Disease	disease_12727	9.21575495846871e-08
Disease	disease_16318	9.214968538788858e-08
Disease	disease_17844	9.214544033299547e-08
Disease	disease_577	9.213724148276054e-08
Disease	disease_20460	9.204726585962171e-08
Disease	disease_12337	9.203677748637401e-08
Disease	disease_12646	9.203677748637401e-08
Disease	disease_18174	9.203569898190163e-08
Disease	disease_18364	9.20290932060387e-08
Disease	disease_5447	9.186860053700371e-08
Disease	disease_14541	9.183232041810054e-08
Disease	disease_5589	9.181152760119714e-08
Disease	disease_11704	9.176849479520788e-08
Disease	disease_11222	9.176849479520788e-08
Disease	disease_1583	9.171948719408103e-08
Disease	disease_10006	9.17086642152158e-08
Disease	disease_14317	9.170528014739552e-08
Disease	disease_1853	9.169516512061576e-08
Disease	disease_2306	9.169516512061576e-08
Disease	disease_7407	9.147963412522978e-08
Disease	disease_5505	9.146818402129318e-08
Disease	disease_5888	9.139957560445729e-08
Disease	disease_701	9.128761550322808e-08
Disease	disease_13426	9.123377709471538e-08
Disease	disease_3005	9.123169085445042e-08
Disease	disease_20067	9.122714588731908e-08
Disease	disease_13145	9.119213752942259e-08
Disease	disease_37736	9.115361363981198e-08
Disease	disease_5639	9.093592852659809e-08
Disease	disease_22839	9.093592852659809e-08
Disease	disease_16355	9.086341336698581e-08
Disease	disease_19756	9.086341336698581e-08
Disease	disease_12728	9.081132966973578e-08
Disease	disease_14005	9.077315700402698e-08
Disease	disease_4933	9.072049793414936e-08
Disease	disease_19612	9.062451160397388e-08
Disease	disease_19369	9.054820201794956e-08
Disease	disease_21350	9.054398642647612e-08
Disease	disease_20345	9.052849370077322e-08
Disease	disease_5628	9.048549350630234e-08
Disease	disease_19296	9.039219544829512e-08
Disease	disease_1687	9.036669386843964e-08
Disease	disease_17118	9.033215667777143e-08
Disease	disease_5406	9.028540638303492e-08
Disease	disease_19757	9.021572817618257e-08
Disease	disease_19758	9.021572817618257e-08
Disease	disease_20745	9.019287448701837e-08
Disease	disease_18626	9.015318095474894e-08
Disease	disease_15246	9.014463168401509e-08
Disease	disease_42451	9.009681812474e-08
Disease	disease_8231	9.007437512368654e-08
Disease	disease_18734	9.001974285706915e-08
Disease	disease_5835	9.001817869333853e-08
Disease	disease_29001	8.996504894563462e-08
Disease	disease_1094	8.991287662076028e-08
Disease	disease_100148	8.986034663502859e-08
Disease	disease_5140	8.982053285525878e-08
Disease	disease_4643	8.98187353752664e-08
Disease	disease_17196	8.970965014068486e-08
Disease	disease_19321	8.961422163015453e-08
Disease	disease_9605	8.957232563885732e-08
Disease	disease_8327	8.94853939015728e-08
Disease	disease_20703	8.937284637494464e-08
Disease	disease_20772	8.934483436878837e-08
Disease	disease_7451	8.931120455048273e-08
Disease	disease_12289	8.930919067146246e-08
Disease	disease_19215	8.927811654406992e-08
Disease	disease_7834	8.924501708061578e-08
Disease	disease_12858	8.9220952718596e-08
Disease	disease_16810	8.91451708041209e-08
Disease	disease_9279	8.904650081689104e-08
Disease	disease_7182	8.902402084153684e-08
Disease	disease_15216	8.893198612996796e-08
Disease	disease_16537	8.890638138058541e-08
Disease	disease_15484	8.885563785135568e-08
Disease	disease_721	8.874893549806281e-08
Disease	disease_21162	8.874893549806281e-08
Disease	disease_14163	8.860811029089116e-08
Disease	disease_19207	8.857974703045132e-08
Disease	disease_6361	8.854146360159378e-08
Disease	disease_20240	8.853557926872402e-08
Disease	disease_11472	8.852739013574082e-08
Disease	disease_9026	8.846595164638395e-08
Disease	disease_6976	8.844125365737738e-08
Disease	disease_1725	8.836657430824368e-08
Disease	disease_10243	8.83470222896267e-08
Disease	disease_762	8.834524300537859e-08
Disease	disease_16166	8.833893714872329e-08
Disease	disease_596	8.830493807857798e-08
Disease	disease_18873	8.82706362032209e-08
Disease	disease_17259	8.814266950143645e-08
Disease	disease_8283	8.812493577773688e-08
Disease	disease_2516	8.8055533660584e-08
Disease	disease_7295	8.80400459045391e-08
Disease	disease_17161	8.779383671760476e-08
Disease	disease_9103	8.77896994455305e-08
Disease	disease_17148	8.778115620059371e-08
Disease	disease_18068	8.772637564078936e-08
Disease	disease_19082	8.77043234426799e-08
Disease	disease_408	8.761155379448986e-08
Disease	disease_13364	8.759297583139298e-08
Disease	disease_10720	8.750196406313972e-08
Disease	disease_17411	8.749498420639641e-08
Disease	disease_20340	8.745239130068787e-08
Disease	disease_18684	8.74298830411052e-08
Disease	disease_15778	8.738290953423408e-08
Disease	disease_19199	8.729224268424284e-08
Disease	disease_19640	8.72733392180166e-08
Disease	disease_10633	8.724607465247863e-08
Disease	disease_10674	8.721011464290854e-08
Disease	disease_11628	8.718535641457417e-08
Disease	disease_19337	8.71770515728234e-08
Disease	disease_16826	8.715575625385672e-08
Disease	disease_19200	8.692450331630402e-08
Disease	disease_7935	8.689743974952937e-08
Disease	disease_17185	8.688681763985855e-08
Disease	disease_19127	8.675706490205267e-08
Disease	disease_15027	8.663719205809893e-08
Disease	disease_10004	8.657739165097734e-08
Disease	disease_12431	8.656460871450645e-08
Disease	disease_10606	8.655141866909164e-08
Disease	disease_16217	8.644945983723617e-08
Disease	disease_15269	8.636645963320524e-08
Disease	disease_12519	8.636075993123326e-08
Disease	disease_628	8.635436283420087e-08
Disease	disease_14268	8.623303400227201e-08
Disease	disease_20158	8.61944520515804e-08
Disease	disease_7100	8.614487915116025e-08
Disease	disease_19122	8.612584491125123e-08
Disease	disease_1150	8.61223442545406e-08
Disease	disease_20501	8.611153826087879e-08
Disease	disease_15028	8.610354740644814e-08
Disease	disease_15979	8.60545138250238e-08
Disease	disease_7312	8.603141595336557e-08
Disease	disease_2283	8.600065662658154e-08
Disease	disease_16628	8.596039457135387e-08
Disease	disease_15796	8.593819985465633e-08
Disease	disease_7918	8.590647574324042e-08
Disease	disease_11469	8.589091252481759e-08
Disease	disease_3001	8.584994057568752e-08
Disease	disease_20143	8.584211759333726e-08
Disease	disease_20579	8.583070582114967e-08
Disease	disease_24183	8.580505527361791e-08
Disease	disease_15151	8.574624979385302e-08
Disease	disease_18284	8.574182531650665e-08
Disease	disease_994	8.569053837679968e-08
Disease	disease_19020	8.568870180795644e-08
Disease	disease_13458	8.567510683220573e-08
Disease	disease_14741	8.564914392053147e-08
Disease	disease_15059	8.56317479684511e-08
Disease	disease_13673	8.561366715527276e-08
Disease	disease_40728	8.56099966634346e-08
Disease	disease_15514	8.552010153268221e-08
Disease	disease_8669	8.543415184308564e-08
Disease	disease_9124	8.540075287047077e-08
Disease	disease_20950	8.538558893731e-08
Disease	disease_10278	8.531662856677542e-08
Disease	disease_19434	8.529731393533612e-08
Disease	disease_19641	8.519891290204864e-08
Disease	disease_1186	8.505791187621315e-08
Disease	disease_19597	8.505683163941298e-08
Disease	disease_44714	8.494617893800388e-08
Disease	disease_11925	8.494023360093609e-08
Disease	disease_946	8.491377526378667e-08
Disease	disease_8323	8.488792185613104e-08
Disease	disease_18193	8.486522261051809e-08
Disease	disease_6936	8.482330764234372e-08
Disease	disease_44702	8.481318012573248e-08
Disease	disease_4691	8.477578892648224e-08
Disease	disease_11337	8.469831824934924e-08
Disease	disease_19194	8.467408520922792e-08
Disease	disease_9867	8.462826231339456e-08
Disease	disease_8221	8.46179380350345e-08
Disease	disease_8825	8.449491558275427e-08
Disease	disease_18081	8.44877525073084e-08
Disease	disease_16855	8.443409189265042e-08
Disease	disease_10183	8.43808018752337e-08
Disease	disease_3937	8.436245868914563e-08
Disease	disease_16382	8.42762679370128e-08
Disease	disease_5836	8.427419583821258e-08
Disease	disease_11301	8.422823717412811e-08
Disease	disease_18543	8.421570316740525e-08
Disease	disease_17314	8.414082664469181e-08
Disease	disease_11782	8.41356811008724e-08
Disease	disease_20500	8.398241384159134e-08
Disease	disease_17860	8.394297703880092e-08
Disease	disease_9862	8.392639160981299e-08
Disease	disease_16525	8.39021637288711e-08
Disease	disease_5555	8.377001492642357e-08
Disease	disease_4746	8.373568325402603e-08
Disease	disease_21765	8.37245540682489e-08
Disease	disease_2854	8.36708856280848e-08
Disease	disease_2640	8.363444219273214e-08
Disease	disease_10338	8.35764652654792e-08
Disease	disease_9105	8.356011295879406e-08
Disease	disease_18461	8.353460725641893e-08
Disease	disease_18160	8.35176117264203e-08
Disease	disease_13847	8.3516316018103e-08
Disease	disease_10714	8.338932513590842e-08
Disease	disease_996	8.337899190224217e-08
Disease	disease_10691	8.334408688252768e-08
Disease	disease_19175	8.33052459925527e-08
Disease	disease_10146	8.330379504927716e-08
Disease	disease_2815	8.329752258472136e-08
Disease	disease_1296	8.314331717504901e-08
Disease	disease_9380	8.314282615698378e-08
Disease	disease_5800	8.313417126034151e-08
Disease	disease_14405	8.311986415435929e-08
Disease	disease_19101	8.309015438208538e-08
Disease	disease_18609	8.298775992569538e-08
Disease	disease_10196	8.298644445772779e-08
Disease	disease_3500	8.291431493120146e-08
Disease	disease_11376	8.281713315916625e-08
Disease	disease_15366	8.277699304992894e-08
Disease	disease_8610	8.275484426543999e-08
Disease	disease_9917	8.27165373584318e-08
Disease	disease_11268	8.265277125876934e-08
Disease	disease_9575	8.257916975581829e-08
Disease	disease_20513	8.25769008022028e-08
Disease	disease_7906	8.256710758550633e-08
Disease	disease_16981	8.254473112799649e-08
Disease	disease_10298	8.251192926908061e-08
Disease	disease_10626	8.250071776203103e-08
Disease	disease_33643	8.242970698214281e-08
Disease	disease_19960	8.242078273603903e-08
Disease	disease_17182	8.240077803504189e-08
Disease	disease_11338	8.235552729316442e-08
Disease	disease_20944	8.234540310278215e-08
Disease	disease_5664	8.231611051514724e-08
Disease	disease_9530	8.229225462237854e-08
Disease	disease_21234	8.228664639594125e-08
Disease	disease_21079	8.226758864786382e-08
Disease	disease_5138	8.221221323335166e-08
Disease	disease_8721	8.218322098862682e-08
Disease	disease_17184	8.211568542870995e-08
Disease	disease_8535	8.199641636503392e-08
Disease	disease_19572	8.192452704167666e-08
Disease	disease_19552	8.179909953618937e-08
Disease	disease_18538	8.17679929709171e-08
Disease	disease_100213	8.17478660424695e-08
Disease	disease_1987	8.173958227423336e-08
Disease	disease_10188	8.173720145110225e-08
Disease	disease_4525	8.172371769274959e-08
Disease	disease_10121	8.171451717064963e-08
Disease	disease_16612	8.168147437440558e-08
Disease	disease_6567	8.166598136261714e-08
Disease	disease_17243	8.155132401623125e-08
Disease	disease_19170	8.15426195089598e-08
Disease	disease_6676	8.153002483490878e-08
Disease	disease_15817	8.152470016331381e-08
Disease	disease_14776	8.149134367925502e-08
Disease	disease_17600	8.147923145288577e-08
Disease	disease_17803	8.145300396683193e-08
Disease	disease_22308	8.145300396683193e-08
Disease	disease_20708	8.145300396683193e-08
Disease	disease_2017	8.145300396683193e-08
Disease	disease_5574	8.145300396683193e-08
Disease	disease_20673	8.144831965443868e-08
Disease	disease_21260	8.144632380873615e-08
Disease	disease_8120	8.137691975776801e-08
Disease	disease_20244	8.136723430172957e-08
Disease	disease_10645	8.134417337559459e-08
Disease	disease_18904	8.133129766158688e-08
Disease	disease_20435	8.129564558396833e-08
Disease	disease_9734	8.123327526329156e-08
Disease	disease_16225	8.121053832171753e-08
Disease	disease_9889	8.118776717185892e-08
Disease	disease_12192	8.114365871044746e-08
Disease	disease_17396	8.113745317216556e-08
Disease	disease_8423	8.112304280831852e-08
Disease	disease_10258	8.112148202521967e-08
Disease	disease_8688	8.109786491116955e-08
Disease	disease_6015	8.098977132842983e-08
Disease	disease_14981	8.098890894374634e-08
Disease	disease_16356	8.096626419193431e-08
Disease	disease_56815	8.095166742748112e-08
Disease	disease_100101	8.09089143790909e-08
Disease	disease_18378	8.079407729193065e-08
Disease	disease_9705	8.079012873244716e-08
Disease	disease_17183	8.073265874450318e-08
Disease	disease_18054	8.06953097456751e-08
Disease	disease_9908	8.069235543054934e-08
Disease	disease_10159	8.061206612155674e-08
Disease	disease_27749	8.061033334025128e-08
Disease	disease_18309	8.059172340655983e-08
Disease	disease_11939	8.052395340048512e-08
Disease	disease_21132	8.045284351388908e-08
Disease	disease_19600	8.041972838866775e-08
Disease	disease_4202	8.0410700140714e-08
Disease	disease_5076	8.036208458222976e-08
Disease	disease_13357	8.035825389515617e-08
Disease	disease_11361	8.035622586550575e-08
Disease	disease_44304	8.032450701201618e-08
Disease	disease_15919	8.027804997813467e-08
Disease	disease_15999	8.0273552833807e-08
Disease	disease_100029	8.023998759306828e-08
Disease	disease_18954	8.02038850916397e-08
Disease	disease_14757	8.009819516309238e-08
Disease	disease_21042	8.005299603143861e-08
Disease	disease_19053	7.999971901628563e-08
Disease	disease_18181	7.99842044870185e-08
Disease	disease_15135	7.992204434259173e-08
Disease	disease_18023	7.990964372607791e-08
Disease	disease_12198	7.982439597956767e-08
Disease	disease_100344	7.982156536971438e-08
Disease	disease_14472	7.964595958393036e-08
Disease	disease_20469	7.961126929301613e-08
Disease	disease_18438	7.960515501088062e-08
Disease	disease_13571	7.947765060098678e-08
Disease	disease_19373	7.943495096694867e-08
Disease	disease_8727	7.937296166541933e-08
Disease	disease_21231	7.933663826431007e-08
Disease	disease_10663	7.933048693071443e-08
Disease	disease_13992	7.93220977424489e-08
Disease	disease_4618	7.928265158605536e-08
Disease	disease_18211	7.928265158605536e-08
Disease	disease_18362	7.928265158605536e-08
Disease	disease_17297	7.928265158605536e-08
Disease	disease_15315	7.928265158605536e-08
Disease	disease_43280	7.928265158605536e-08
Disease	disease_5773	7.928265158605536e-08
Disease	disease_17170	7.928265158605536e-08
Disease	disease_15329	7.924927965241932e-08
Disease	disease_9591	7.915935906096195e-08
Disease	disease_100022	7.915598252246064e-08
Disease	disease_13148	7.912648849545071e-08
Disease	disease_19355	7.908001041198351e-08
Disease	disease_621	7.905608315587792e-08
Disease	disease_19344	7.900512022659718e-08
Disease	disease_7070	7.900073997047196e-08
Disease	disease_3471	7.891045813554506e-08
Disease	disease_9179	7.890560445473775e-08
Disease	disease_11189	7.885351041578923e-08
Disease	disease_9666	7.885137744669062e-08
Disease	disease_6614	7.883740686346476e-08
Disease	disease_8215	7.881993073778011e-08
Disease	disease_8280	7.880446350955334e-08
Disease	disease_18604	7.880310127836809e-08
Disease	disease_100284	7.874049080174713e-08
Disease	disease_5580	7.867469573655922e-08
Disease	disease_2012	7.863471262882188e-08
Disease	disease_15280	7.860281831397786e-08
Disease	disease_14867	7.857454311439238e-08
Disease	disease_15816	7.855463049011552e-08
Disease	disease_17230	7.849592609348307e-08
Disease	disease_7203	7.843183224477785e-08
Disease	disease_43789	7.842480625853363e-08
Disease	disease_17853	7.839755505049904e-08
Disease	disease_16369	7.839668339842957e-08
Disease	disease_16474	7.831701126084333e-08
Disease	disease_10181	7.831036095220954e-08
Disease	disease_11448	7.829403834384754e-08
Disease	disease_43905	7.824323175717464e-08
Disease	disease_6598	7.822227099464981e-08
Disease	disease_5884	7.82011444051266e-08
Disease	disease_15926	7.81948830588621e-08
Disease	disease_10026	7.816918411856206e-08
Disease	disease_19555	7.816717140275016e-08
Disease	disease_12455	7.805950862660738e-08
Disease	disease_253	7.803990962562497e-08
Disease	disease_11612	7.80215797570798e-08
Disease	disease_119	7.798497460292601e-08
Disease	disease_44937	7.794204282696383e-08
Disease	disease_2229	7.792852161492193e-08
Disease	disease_16079	7.790695384119457e-08
Disease	disease_16354	7.77718359681038e-08
Disease	disease_11113	7.776784493076732e-08
Disease	disease_12155	7.7755422731909e-08
Disease	disease_100151	7.774061268172113e-08
Disease	disease_4988	7.768912682659388e-08
Disease	disease_15290	7.765812116413085e-08
Disease	disease_20576	7.762394026860355e-08
Disease	disease_16244	7.762001728114672e-08
Disease	disease_21056	7.759385915471036e-08
Disease	disease_6626	7.758569284451898e-08
Disease	disease_17895	7.741871425506595e-08
Disease	disease_20336	7.73749056985958e-08
Disease	disease_1220	7.73691931714046e-08
Disease	disease_18895	7.73402188490473e-08
Disease	disease_18661	7.716091770426441e-08
Disease	disease_18208	7.708960094939181e-08
Disease	disease_24498	7.68747692493765e-08
Disease	disease_3000	7.678788807120354e-08
Disease	disease_8369	7.67826432214572e-08
Disease	disease_8542	7.663067832948086e-08
Disease	disease_16830	7.661565084030908e-08
Disease	disease_10641	7.657103452869283e-08
Disease	disease_19313	7.654727176298663e-08
Disease	disease_6999	7.635463629319511e-08
Disease	disease_43233	7.634993366745014e-08
Disease	disease_20042	7.632887712470448e-08
Disease	disease_15533	7.631475264162928e-08
Disease	disease_8587	7.629054550224903e-08
Disease	disease_9216	7.609603263247301e-08
Disease	disease_5564	7.603500040963913e-08
Disease	disease_21055	7.59880619706076e-08
Disease	disease_17972	7.598782973792525e-08
Disease	disease_10698	7.591827922606441e-08
Disease	disease_13860	7.584968933357878e-08
Disease	disease_10132	7.582129718194831e-08
Disease	disease_17810	7.581490224811477e-08
Disease	disease_20655	7.579539529613961e-08
Disease	disease_14921	7.578749114858998e-08
Disease	disease_14459	7.57673859364328e-08
Disease	disease_16147	7.574362686440528e-08
Disease	disease_6797	7.573898392065576e-08
Disease	disease_17200	7.571279315723273e-08
Disease	disease_11380	7.569171814499957e-08
Disease	disease_22519	7.556894851287399e-08
Disease	disease_9424	7.556406038065669e-08
Disease	disease_13144	7.555375977527315e-08
Disease	disease_10438	7.554930524424237e-08
Disease	disease_10655	7.550607851110532e-08
Disease	disease_15331	7.550448115642435e-08
Disease	disease_9738	7.543238051783853e-08
Disease	disease_20436	7.54265795603677e-08
Disease	disease_24270	7.54133088943082e-08
Disease	disease_9569	7.540090361596742e-08
Disease	disease_34121	7.538919602710091e-08
Disease	disease_19833	7.532565875223195e-08
Disease	disease_10598	7.531326531670575e-08
Disease	disease_10880	7.52198867198457e-08
Disease	disease_10921	7.519563330231268e-08
Disease	disease_12508	7.49256965362608e-08
Disease	disease_25483	7.488203949350447e-08
Disease	disease_16743	7.479653205954884e-08
Disease	disease_20592	7.477739687970252e-08
Disease	disease_7534	7.475572226821679e-08
Disease	disease_15054	7.472346130019981e-08
Disease	disease_19385	7.471505635972797e-08
Disease	disease_24363	7.465778012639676e-08
Disease	disease_18086	7.465474169982253e-08
Disease	disease_19443	7.464599044868513e-08
Disease	disease_19556	7.454948960448714e-08
Disease	disease_1243	7.443359915835526e-08
Disease	disease_12743	7.438637658228603e-08
Disease	disease_13359	7.434179589709086e-08
Disease	disease_19957	7.433616402787078e-08
Disease	disease_18576	7.428861017162264e-08
Disease	disease_14165	7.42472125689096e-08
Disease	disease_5508	7.423997539566779e-08
Disease	disease_15278	7.419759574559216e-08
Disease	disease_18374	7.419575820270972e-08
Disease	disease_17215	7.413531971275839e-08
Disease	disease_16106	7.409612954030327e-08
Disease	disease_18489	7.409608053178018e-08
Disease	disease_18892	7.409334316437397e-08
Disease	disease_11459	7.402941245863444e-08
Disease	disease_4937	7.398610157467802e-08
Disease	disease_18448	7.38988432047747e-08
Disease	disease_8458	7.389417638920831e-08
Disease	disease_17359	7.389147936897609e-08
Disease	disease_5004	7.383308347609929e-08
Disease	disease_100224	7.381955309652244e-08
Disease	disease_4689	7.379722032640199e-08
Disease	disease_8399	7.375968802903463e-08
Disease	disease_100039	7.374979465097426e-08
Disease	disease_100223	7.367461568116043e-08
Disease	disease_16755	7.365921015399752e-08
Disease	disease_18589	7.359795927818521e-08
Disease	disease_17432	7.359085452418895e-08
Disease	disease_2975	7.357999836807626e-08
Disease	disease_16856	7.357748532785248e-08
Disease	disease_10520	7.348212659364884e-08
Disease	disease_18965	7.343079696251078e-08
Disease	disease_18840	7.338371079478443e-08
Disease	disease_6563	7.332848710442012e-08
Disease	disease_1625	7.328797136361007e-08
Disease	disease_2834	7.325997699483694e-08
Disease	disease_9756	7.31224883624161e-08
Disease	disease_15264	7.310626978720991e-08
Disease	disease_2260	7.308382431131586e-08
Disease	disease_811	7.30092663673265e-08
Disease	disease_15977	7.287598610498628e-08
Disease	disease_19004	7.287201157694422e-08
Disease	disease_19026	7.285152261629119e-08
Disease	disease_17409	7.283631721655487e-08
Disease	disease_16584	7.283408566996205e-08
Disease	disease_13607	7.282514027926778e-08
Disease	disease_9287	7.276702197505543e-08
Disease	disease_19268	7.273745849725038e-08
Disease	disease_16027	7.267028461641397e-08
Disease	disease_11552	7.266104777063234e-08
Disease	disease_20527	7.258613772230989e-08
Disease	disease_14834	7.25614886099449e-08
Disease	disease_19834	7.255783664943334e-08
Disease	disease_10785	7.255255697643508e-08
Disease	disease_14944	7.251642223033718e-08
Disease	disease_8502	7.250765154123008e-08
Disease	disease_9274	7.247872537771373e-08
Disease	disease_10568	7.243130811520077e-08
Disease	disease_2572	7.240695941040987e-08
Disease	disease_627	7.233074501732506e-08
Disease	disease_16933	7.232897708378385e-08
Disease	disease_20544	7.228533993112834e-08
Disease	disease_7783	7.226543131056055e-08
Disease	disease_18188	7.22582527885333e-08
Disease	disease_14465	7.220925929098296e-08
Disease	disease_137	7.217571062703289e-08
Disease	disease_19625	7.20204670573351e-08
Disease	disease_18153	7.200120056296692e-08
Disease	disease_1100	7.195055174059655e-08
Disease	disease_605	7.193355041289247e-08
Disease	disease_6579	7.191507993914699e-08
Disease	disease_15880	7.184374248634675e-08
Disease	disease_9324	7.181557020400576e-08
Disease	disease_15923	7.181264492321062e-08
Disease	disease_19123	7.177965933487821e-08
Disease	disease_16462	7.175017844020549e-08
Disease	disease_18993	7.173157954902222e-08
Disease	disease_16293	7.171391771210259e-08
Disease	disease_6760	7.170375728965115e-08
Disease	disease_8917	7.168152419392127e-08
Disease	disease_6643	7.166712873012886e-08
Disease	disease_24627	7.162035919737222e-08
Disease	disease_13091	7.159739804657893e-08
Disease	disease_9612	7.157168909169399e-08
Disease	disease_18870	7.15549207582116e-08
Disease	disease_8762	7.15391274516957e-08
Disease	disease_10631	7.153627478711238e-08
Disease	disease_17593	7.153233213826548e-08
Disease	disease_18795	7.150036241697328e-08
Disease	disease_7572	7.147239699550606e-08
Disease	disease_9223	7.142173971604046e-08
Disease	disease_5219	7.141318889724871e-08
Disease	disease_9717	7.13642754465544e-08
Disease	disease_14718	7.133476472448733e-08
Disease	disease_5150	7.132279303672838e-08
Disease	disease_21074	7.127702611735222e-08
Disease	disease_5446	7.126840938804632e-08
Disease	disease_15895	7.124234310989773e-08
Disease	disease_23275	7.117166878043896e-08
Disease	disease_5752	7.114292639480378e-08
Disease	disease_5715	7.112047636446485e-08
Disease	disease_24296	7.106627382637344e-08
Disease	disease_991	7.105463125466085e-08
Disease	disease_12124	7.105188562079462e-08
Disease	disease_2727	7.102702713448572e-08
Disease	disease_5291	7.102398536056064e-08
Disease	disease_10306	7.101758164844697e-08
Disease	disease_13171	7.101369570610471e-08
Disease	disease_3837	7.10084845955603e-08
Disease	disease_3009	7.095570535306502e-08
Disease	disease_20334	7.092233551901715e-08
Disease	disease_10421	7.091576620714403e-08
Disease	disease_44872	7.084773784828941e-08
Disease	disease_12111	7.082057810498474e-08
Disease	disease_9897	7.079856524509045e-08
Disease	disease_7315	7.078133564307148e-08
Disease	disease_16563	7.07759299683296e-08
Disease	disease_21679	7.066094388015162e-08
Disease	disease_18469	7.062572531720603e-08
Disease	disease_11073	7.058808888522238e-08
Disease	disease_19532	7.058228507172415e-08
Disease	disease_376	7.057616743398822e-08
Disease	disease_11959	7.051770249187345e-08
Disease	disease_20751	7.042191920563681e-08
Disease	disease_369	7.039752733471225e-08
Disease	disease_15220	7.03943222145379e-08
Disease	disease_9268	7.038624836150042e-08
Disease	disease_2490	7.036110483675106e-08
Disease	disease_15515	7.032534006533228e-08
Disease	disease_16505	7.024043809447205e-08
Disease	disease_18105	7.021207296803092e-08
Disease	disease_12173	7.020923210839095e-08
Disease	disease_9697	7.019655879674401e-08
Disease	disease_19509	7.018224597443983e-08
Disease	disease_19534	7.009268509369047e-08
Disease	disease_7863	7.009085823975497e-08
Disease	disease_3661	7.006727900075135e-08
Disease	disease_18340	7.005781081993781e-08
Disease	disease_17258	6.999896651858991e-08
Disease	disease_21697	6.997452621562734e-08
Disease	disease_44999	6.995028335835004e-08
Disease	disease_9416	6.99432239771706e-08
Disease	disease_13189	6.993118023855136e-08
Disease	disease_6256	6.991796864610135e-08
Disease	disease_1157	6.991682697671474e-08
Disease	disease_2027	6.991682697671474e-08
Disease	disease_17091	6.987370070111486e-08
Disease	disease_18535	6.982212321512467e-08
Disease	disease_9378	6.980822857433371e-08
Disease	disease_14782	6.979015800143607e-08
Disease	disease_18087	6.978971308296988e-08
Disease	disease_19609	6.978385457834098e-08
Disease	disease_2489	6.967074060074508e-08
Disease	disease_17210	6.964998219156127e-08
Disease	disease_5473	6.96297426658745e-08
Disease	disease_16397	6.960946654678178e-08
Disease	disease_16472	6.958891163668807e-08
Disease	disease_3950	6.948447287673603e-08
Disease	disease_9372	6.947890163615132e-08
Disease	disease_20301	6.943368786156573e-08
Disease	disease_6600	6.938899082076605e-08
Disease	disease_100014	6.93817077837901e-08
Disease	disease_2886	6.931028163356766e-08
Disease	disease_30603	6.930246886017172e-08
Disease	disease_9276	6.929288816421683e-08
Disease	disease_7349	6.928863647450211e-08
Disease	disease_18126	6.921043936494572e-08
Disease	disease_21223	6.919610414405341e-08
Disease	disease_6234	6.917384243555387e-08
Disease	disease_9953	6.911299979469616e-08
Disease	disease_1184	6.905196912676834e-08
Disease	disease_9353	6.902902141318986e-08
Disease	disease_4627	6.895931545870133e-08
Disease	disease_14529	6.895025592674808e-08
Disease	disease_5144	6.892507375242642e-08
Disease	disease_2259	6.890930125284905e-08
Disease	disease_7732	6.890504019142608e-08
Disease	disease_921	6.887568496639505e-08
Disease	disease_17811	6.886782777333829e-08
Disease	disease_8570	6.880424380846017e-08
Disease	disease_6819	6.879574416113042e-08
Disease	disease_1207	6.872373110167674e-08
Disease	disease_10555	6.865959668408928e-08
Disease	disease_4382	6.858709088068711e-08
Disease	disease_2078	6.857183890205329e-08
Disease	disease_19703	6.85649731686459e-08
Disease	disease_9267	6.855492394613828e-08
Disease	disease_16761	6.854814853875832e-08
Disease	disease_17595	6.848759221289506e-08
Disease	disease_2527	6.848229469731345e-08
Disease	disease_8645	6.845225284354158e-08
Disease	disease_15703	6.842170693942806e-08
Disease	disease_2154	6.841993214933721e-08
Disease	disease_1396	6.841798179687268e-08
Disease	disease_8815	6.836232141406066e-08
Disease	disease_9763	6.83385248977944e-08
Disease	disease_10914	6.823121980073798e-08
Disease	disease_3193	6.822942932008453e-08
Disease	disease_11326	6.812637547734738e-08
Disease	disease_20395	6.806775398801297e-08
Disease	disease_44348	6.803144784655562e-08
Disease	disease_15920	6.799082918020404e-08
Disease	disease_7967	6.795955625345453e-08
Disease	disease_7494	6.794397994053467e-08
Disease	disease_17872	6.790424203967079e-08
Disease	disease_17612	6.788123303686393e-08
Disease	disease_993	6.784792213764006e-08
Disease	disease_24546	6.781410730203095e-08
Disease	disease_13310	6.780331302488337e-08
Disease	disease_100131	6.778467193704057e-08
Disease	disease_14528	6.770566732118179e-08
Disease	disease_4658	6.76201177434408e-08
Disease	disease_15461	6.760712458651205e-08
Disease	disease_12334	6.757188745266041e-08
Disease	disease_6390	6.752689906751076e-08
Disease	disease_5973	6.75207901165865e-08
Disease	disease_12522	6.748005018295625e-08
Disease	disease_20099	6.747705606248665e-08
Disease	disease_15141	6.740142031517504e-08
Disease	disease_1441	6.738606087894258e-08
Disease	disease_1301	6.738606087894258e-08
Disease	disease_20529	6.737920733028836e-08
Disease	disease_3982	6.73481966986202e-08
Disease	disease_20481	6.734032328995162e-08
Disease	disease_20499	6.733812921490668e-08
Disease	disease_17809	6.731336700365653e-08
Disease	disease_5376	6.725931126690022e-08
Disease	disease_10361	6.721982527907904e-08
Disease	disease_958	6.72153635934318e-08
Disease	disease_10565	6.718093771573364e-08
Disease	disease_1858	6.716167437229984e-08
Disease	disease_11330	6.707585792141481e-08
Disease	disease_16998	6.699308569831879e-08
Disease	disease_17993	6.698145504616419e-08
Disease	disease_10281	6.697323158587552e-08
Disease	disease_36591	6.696525983105492e-08
Disease	disease_11096	6.694229827853932e-08
Disease	disease_10672	6.693716800427112e-08
Disease	disease_19497	6.692233302627766e-08
Disease	disease_9519	6.69055772628101e-08
Disease	disease_4037	6.685243479323207e-08
Disease	disease_15072	6.684752039455534e-08
Disease	disease_12557	6.678437178957897e-08
Disease	disease_6559	6.677770304513971e-08
Disease	disease_14595	6.676398213903515e-08
Disease	disease_43127	6.675683778982811e-08
Disease	disease_755	6.670623429313365e-08
Disease	disease_7523	6.668802363677973e-08
Disease	disease_6009	6.668107835266362e-08
Disease	disease_18072	6.664962622441995e-08
Disease	disease_19682	6.663515222319942e-08
Disease	disease_8818	6.658957175346013e-08
Disease	disease_24650	6.65702064235812e-08
Disease	disease_5077	6.656575559981184e-08
Disease	disease_10491	6.653676744611356e-08
Disease	disease_12724	6.652046634192588e-08
Disease	disease_21118	6.635582021085859e-08
Disease	disease_159	6.635353409263781e-08
Disease	disease_17221	6.633837664277524e-08
Disease	disease_7103	6.633672688306751e-08
Disease	disease_19285	6.631253572107212e-08
Disease	disease_2715	6.627543421021657e-08
Disease	disease_9564	6.624334293055809e-08
Disease	disease_9504	6.622989918877181e-08
Disease	disease_4953	6.620179451686892e-08
Disease	disease_10305	6.619904998150988e-08
Disease	disease_16377	6.61658168525561e-08
Disease	disease_9293	6.615850846918881e-08
Disease	disease_2003	6.614680640566572e-08
Disease	disease_7749	6.614483859163975e-08
Disease	disease_4389	6.604869054998873e-08
Disease	disease_1516	6.604693615808385e-08
Disease	disease_14882	6.600874753246618e-08
Disease	disease_20605	6.597970618847912e-08
Disease	disease_19349	6.596139280918299e-08
Disease	disease_42485	6.595595318207918e-08
Disease	disease_9623	6.590430680840503e-08
Disease	disease_9485	6.586858490956806e-08
Disease	disease_14421	6.576034479705248e-08
Disease	disease_9111	6.572376869827097e-08
Disease	disease_20280	6.570238583853831e-08
Disease	disease_7140	6.570116184164753e-08
Disease	disease_13008	6.568758847560438e-08
Disease	disease_17076	6.567198220825963e-08
Disease	disease_10556	6.566255193146614e-08
Disease	disease_15531	6.5647906576477e-08
Disease	disease_4580	6.559927407148345e-08
Disease	disease_7947	6.55830853427494e-08
Disease	disease_11208	6.555744769455629e-08
Disease	disease_3987	6.555315873375346e-08
Disease	disease_13726	6.552795392644421e-08
Disease	disease_44213	6.548850863952504e-08
Disease	disease_17779	6.538094144923231e-08
Disease	disease_14621	6.537489396493472e-08
Disease	disease_3965	6.534585249095332e-08
Disease	disease_10420	6.532084701946402e-08
Disease	disease_1114	6.531066713335965e-08
Disease	disease_18304	6.529741439602415e-08
Disease	disease_5590	6.529669116879052e-08
Disease	disease_41903	6.528039112451876e-08
Disease	disease_16251	6.527725027921633e-08
Disease	disease_10682	6.526790256190338e-08
Disease	disease_18158	6.526196033682136e-08
Disease	disease_16833	6.52202185276037e-08
Disease	disease_6513	6.519302395989463e-08
Disease	disease_16368	6.516553233543022e-08
Disease	disease_15722	6.512778228644287e-08
Disease	disease_7896	6.512079944273686e-08
Disease	disease_6987	6.51017728426971e-08
Disease	disease_9393	6.508590323096874e-08
Disease	disease_6002	6.504183949279505e-08
Disease	disease_16504	6.499276143908383e-08
Disease	disease_17416	6.496759152275758e-08
Disease	disease_40671	6.495615745642261e-08
Disease	disease_19975	6.494186061084704e-08
Disease	disease_19297	6.489465228376858e-08
Disease	disease_41095	6.485173312474462e-08
Disease	disease_17910	6.483690233984283e-08
Disease	disease_1308	6.475935183211931e-08
Disease	disease_8816	6.472870198426413e-08
Disease	disease_16256	6.466673995428612e-08
Disease	disease_5036	6.465663649313073e-08
Disease	disease_7669	6.46470568534105e-08
Disease	disease_1024	6.461467432209797e-08
Disease	disease_20331	6.460047030652053e-08
Disease	disease_8414	6.458022021440846e-08
Disease	disease_100056	6.45754144161431e-08
Disease	disease_11722	6.45688373206286e-08
Disease	disease_14200	6.45534874915114e-08
Disease	disease_10060	6.454270349378425e-08
Disease	disease_33683	6.453002352949873e-08
Disease	disease_15663	6.450321403288599e-08
Disease	disease_15555	6.449572069609168e-08
Disease	disease_15556	6.449572069609168e-08
Disease	disease_19576	6.449572069609168e-08
Disease	disease_15554	6.449572069609168e-08
Disease	disease_8133	6.445147781927242e-08
Disease	disease_11462	6.442709543365016e-08
Disease	disease_60564	6.441764178151121e-08
Disease	disease_9676	6.4411479429378e-08
Disease	disease_6883	6.435380525601639e-08
Disease	disease_54601	6.434456947109116e-08
Disease	disease_18964	6.433887354943893e-08
Disease	disease_4956	6.433563697702702e-08
Disease	disease_56814	6.433563697702702e-08
Disease	disease_10809	6.432380201733868e-08
Disease	disease_4438	6.43125550238434e-08
Disease	disease_13541	6.430737443489738e-08
Disease	disease_4736	6.425036768889277e-08
Disease	disease_6512	6.422631245598166e-08
Disease	disease_6739	6.422631245598166e-08
Disease	disease_56813	6.422631245598166e-08
Disease	disease_10492	6.419740363052075e-08
Disease	disease_21367	6.408507058586856e-08
Disease	disease_12764	6.406345781366689e-08
Disease	disease_16002	6.403300800471664e-08
Disease	disease_23161	6.398871920263138e-08
Disease	disease_9419	6.398833852798417e-08
Disease	disease_15950	6.39591454717788e-08
Disease	disease_16033	6.394917723717245e-08
Disease	disease_11199	6.392746537683966e-08
Disease	disease_12684	6.391873998815451e-08
Disease	disease_25095	6.391740342615615e-08
Disease	disease_5971	6.391177748997166e-08
Disease	disease_14	6.389904707210864e-08
Disease	disease_5745	6.388954389868587e-08
Disease	disease_6858	6.380310099122191e-08
Disease	disease_16814	6.378698375560389e-08
Disease	disease_14150	6.376683453244767e-08
Disease	disease_18157	6.37068515440615e-08
Disease	disease_54665	6.369735861426025e-08
Disease	disease_6952	6.364627598324294e-08
Disease	disease_4332	6.36446902700097e-08
Disease	disease_3812	6.36109686946548e-08
Disease	disease_12315	6.356337029295572e-08
Disease	disease_21197	6.352537081189854e-08
Disease	disease_21068	6.351017883942309e-08
Disease	disease_9553	6.349626901808612e-08
Disease	disease_12663	6.349626901808612e-08
Disease	disease_1944	6.349626901808612e-08
Disease	disease_21106	6.346976693135034e-08
Disease	disease_18094	6.340484884001718e-08
Disease	disease_10946	6.339801891998404e-08
Disease	disease_21720	6.339386655234074e-08
Disease	disease_16485	6.338188396678705e-08
Disease	disease_6633	6.336819837466638e-08
Disease	disease_5742	6.336819837466638e-08
Disease	disease_1951	6.33671918319719e-08
Disease	disease_7524	6.335070313767449e-08
Disease	disease_1828	6.333378528767059e-08
Disease	disease_16047	6.330204269655518e-08
Disease	disease_13016	6.32427288921261e-08
Disease	disease_9818	6.323664902809421e-08
Disease	disease_44621	6.321203862060136e-08
Disease	disease_5723	6.315173252008224e-08
Disease	disease_17858	6.31488368054878e-08
Disease	disease_19891	6.313738068537354e-08
Disease	disease_5815	6.312663674119234e-08
Disease	disease_8260	6.311428183303224e-08
Disease	disease_21569	6.308280783492682e-08
Disease	disease_20633	6.306423503210466e-08
Disease	disease_13674	6.305627276878076e-08
Disease	disease_4869	6.305237655933309e-08
Disease	disease_18356	6.303075795785562e-08
Disease	disease_1299	6.303069125654863e-08
Disease	disease_15491	6.300759446455639e-08
Disease	disease_18029	6.299378437170683e-08
Disease	disease_24249	6.296276009555446e-08
Disease	disease_12082	6.293367191161178e-08
Disease	disease_100040	6.292839203362165e-08
Disease	disease_3150	6.29172916624647e-08
Disease	disease_5894	6.285072743005591e-08
Disease	disease_22018	6.284382751205988e-08
Disease	disease_11740	6.283513366054716e-08
Disease	disease_8890	6.277813957551947e-08
Disease	disease_19964	6.275400604294676e-08
Disease	disease_23628	6.273625901036301e-08
Disease	disease_13245	6.273131233671546e-08
Disease	disease_19794	6.263608402014245e-08
Disease	disease_5271	6.262988275965989e-08
Disease	disease_19973	6.261848713358888e-08
Disease	disease_4485	6.261081908754323e-08
Disease	disease_1113	6.261081908754323e-08
Disease	disease_13988	6.260776973204479e-08
Disease	disease_100226	6.257417599744723e-08
Disease	disease_9479	6.256463079571121e-08
Disease	disease_20107	6.256460074450866e-08
Disease	disease_21171	6.25112317238367e-08
Disease	disease_7797	6.247520020067946e-08
Disease	disease_11006	6.240721098829846e-08
Disease	disease_2564	6.236916567221354e-08
Disease	disease_5411	6.236592683577379e-08
Disease	disease_24648	6.230169858814144e-08
Disease	disease_14888	6.221572207081232e-08
Disease	disease_18955	6.221076014224694e-08
Disease	disease_5115	6.215748298778913e-08
Disease	disease_7924	6.215622497215374e-08
Disease	disease_15978	6.21416075057711e-08
Disease	disease_2426	6.211442226690272e-08
Disease	disease_15489	6.208782803743134e-08
Disease	disease_17145	6.207237730291877e-08
Disease	disease_7758	6.203743430435988e-08
Disease	disease_1794	6.201311105693427e-08
Disease	disease_21953	6.196556282806094e-08
Disease	disease_5757	6.193452614122848e-08
Disease	disease_12079	6.193303815940575e-08
Disease	disease_13522	6.192536034207237e-08
Disease	disease_10496	6.190224014144324e-08
Disease	disease_10549	6.190108091501734e-08
Disease	disease_13082	6.185597242697054e-08
Disease	disease_20366	6.185392647891575e-08
Disease	disease_16484	6.185354753523767e-08
Disease	disease_9278	6.185280354422591e-08
Disease	disease_6075	6.182931427716193e-08
Disease	disease_9012	6.182412154369127e-08
Disease	disease_13473	6.182181846862168e-08
Disease	disease_17617	6.181740765514498e-08
Disease	disease_16385	6.174933252448184e-08
Disease	disease_18035	6.171254859607549e-08
Disease	disease_100054	6.166951147685379e-08
Disease	disease_8150	6.166114769576479e-08
Disease	disease_22874	6.163766887977739e-08
Disease	disease_22871	6.163766887977739e-08
Disease	disease_22872	6.163766887977739e-08
Disease	disease_22873	6.163766887977739e-08
Disease	disease_8930	6.162072991211444e-08
Disease	disease_19512	6.160479476879698e-08
Disease	disease_7716	6.151713493651293e-08
Disease	disease_12992	6.150759760175004e-08
Disease	disease_15665	6.148750025299765e-08
Disease	disease_20068	6.145551667393222e-08
Disease	disease_3638	6.141478636438185e-08
Disease	disease_100243	6.137402705672881e-08
Disease	disease_18634	6.131620695732561e-08
Disease	disease_43994	6.127667173309505e-08
Disease	disease_4875	6.127667173309505e-08
Disease	disease_4972	6.126642462476529e-08
Disease	disease_9382	6.124872450910441e-08
Disease	disease_18760	6.124331068467287e-08
Disease	disease_6617	6.121803287535463e-08
Disease	disease_10494	6.111467974141138e-08
Disease	disease_100309	6.111344643632818e-08
Disease	disease_11450	6.1101764271728e-08
Disease	disease_7753	6.110173718045378e-08
Disease	disease_8840	6.104720110341377e-08
Disease	disease_12933	6.102793873921532e-08
Disease	disease_13898	6.102779656975977e-08
Disease	disease_8406	6.102506457550109e-08
Disease	disease_2304	6.100876052780414e-08
Disease	disease_13852	6.095734783335098e-08
Disease	disease_18898	6.09562993848357e-08
Disease	disease_18598	6.09541367839178e-08
Disease	disease_7080	6.09252054312662e-08
Disease	disease_13282	6.091276671736285e-08
Disease	disease_6540	6.089887940216341e-08
Disease	disease_6120	6.08954215828526e-08
Disease	disease_4049	6.08713668500878e-08
Disease	disease_8891	6.082984823152677e-08
Disease	disease_60491	6.078344782940184e-08
Disease	disease_8803	6.065242652806783e-08
Disease	disease_41295	6.062017227435294e-08
Disease	disease_21669	6.057810219946156e-08
Disease	disease_12755	6.05776945555993e-08
Disease	disease_5917	6.05747101470903e-08
Disease	disease_18699	6.056773415504815e-08
Disease	disease_13594	6.053173595075979e-08
Disease	disease_9475	6.045209659387377e-08
Disease	disease_19570	6.045038393233115e-08
Disease	disease_16591	6.042151636042925e-08
Disease	disease_10168	6.041473133152099e-08
Disease	disease_5445	6.041006095674453e-08
Disease	disease_13692	6.038589794620591e-08
Disease	disease_17265	6.031110423844499e-08
Disease	disease_12942	6.02522123852707e-08
Disease	disease_13631	6.02522123852707e-08
Disease	disease_12159	6.02522123852707e-08
Disease	disease_12955	6.02522123852707e-08
Disease	disease_8855	6.013792798828279e-08
Disease	disease_25193	6.011215245108251e-08
Disease	disease_5868	6.007187641060083e-08
Disease	disease_19736	6.004056412505223e-08
Disease	disease_15243	6.003896273600493e-08
Disease	disease_12700	6.002002130363987e-08
Disease	disease_7768	5.997836222541137e-08
Disease	disease_10613	5.996513030644157e-08
Disease	disease_10699	5.995108858999484e-08
Disease	disease_14219	5.994882553917851e-08
Disease	disease_16025	5.99207919612775e-08
Disease	disease_11424	5.989548505391974e-08
Disease	disease_18764	5.987001116528439e-08
Disease	disease_1416	5.985208925152858e-08
Disease	disease_18796	5.975576088409708e-08
Disease	disease_11086	5.974554390508633e-08
Disease	disease_18341	5.974087233153435e-08
Disease	disease_5323	5.971521472234284e-08
Disease	disease_13253	5.967093441466652e-08
Disease	disease_2643	5.962089674694494e-08
Disease	disease_13669	5.961826015179406e-08
Disease	disease_19155	5.961563590240979e-08
Disease	disease_9035	5.958126833685719e-08
Disease	disease_6843	5.955389883543523e-08
Disease	disease_18616	5.955389883543523e-08
Disease	disease_1855	5.955389883543523e-08
Disease	disease_44627	5.955389883543523e-08
Disease	disease_23868	5.955389883543523e-08
Disease	disease_18460	5.955389883543523e-08
Disease	disease_7549	5.9538368691891986e-08
Disease	disease_17119	5.9534263965160854e-08
Disease	disease_1424	5.950404567911262e-08
Disease	disease_7916	5.949926210032241e-08
Disease	disease_233	5.9467703761021094e-08
Disease	disease_19359	5.9467703761021094e-08
Disease	disease_19360	5.9467703761021094e-08
Disease	disease_44989	5.946348338788746e-08
Disease	disease_9745	5.946289248128427e-08
Disease	disease_5647	5.945849408748104e-08
Disease	disease_942	5.945395464660525e-08
Disease	disease_19587	5.9453930509391203e-08
Disease	disease_10857	5.9383492710901056e-08
Disease	disease_16160	5.9236621721603056e-08
Disease	disease_7872	5.922345949447005e-08
Disease	disease_17147	5.918569913860308e-08
Disease	disease_24502	5.9141344599173905e-08
Disease	disease_2022	5.9079967652922e-08
Disease	disease_31037	5.906553389098664e-08
Disease	disease_16091	5.905366452854514e-08
Disease	disease_18554	5.90228927092993e-08
Disease	disease_12986	5.901998354455297e-08
Disease	disease_7023	5.898694628759375e-08
Disease	disease_10156	5.898605847177559e-08
Disease	disease_7520	5.8945334784970456e-08
Disease	disease_15003	5.891605265730795e-08
Disease	disease_12066	5.8908615277213384e-08
Disease	disease_4922	5.886815474365308e-08
Disease	disease_18467	5.8865316109805824e-08
Disease	disease_11428	5.884462119170939e-08
Disease	disease_19066	5.883635660542279e-08
Disease	disease_16089	5.8820000945898454e-08
Disease	disease_6054	5.88171334972363e-08
Disease	disease_4598	5.881422979019646e-08
Disease	disease_20735	5.8806375151852514e-08
Disease	disease_44967	5.880422312405856e-08
Disease	disease_15368	5.8773346460668124e-08
Disease	disease_9452	5.8773024677379104e-08
Disease	disease_11576	5.8769760586433506e-08
Disease	disease_14382	5.871697771958948e-08
Disease	disease_18403	5.8714473271395306e-08
Disease	disease_21353	5.870472923886392e-08
Disease	disease_17233	5.8692918702518e-08
Disease	disease_7172	5.869241603818193e-08
Disease	disease_19260	5.8664729276740116e-08
Disease	disease_9168	5.8613718175493706e-08
Disease	disease_8941	5.861126753654773e-08
Disease	disease_17092	5.86112486294828e-08
Disease	disease_11843	5.860930918991148e-08
Disease	disease_5794	5.8583093604850983e-08
Disease	disease_13606	5.856674634701266e-08
Disease	disease_14204	5.855783044392252e-08
Disease	disease_15709	5.855347282181284e-08
Disease	disease_17651	5.854471961662281e-08
Disease	disease_17732	5.8544256487906774e-08
Disease	disease_16704	5.847095368040134e-08
Disease	disease_5583	5.8463695084323915e-08
Disease	disease_30703	5.841656425985491e-08
Disease	disease_11076	5.84022020729765e-08
Disease	disease_16801	5.8395134374386886e-08
Disease	disease_12915	5.838166907220761e-08
Disease	disease_10773	5.8366138211069836e-08
Disease	disease_5766	5.836575024786086e-08
Disease	disease_10582	5.831901646450664e-08
Disease	disease_13005	5.8317217223629634e-08
Disease	disease_2728	5.831632454016614e-08
Disease	disease_16566	5.8312154561937694e-08
Disease	disease_14916	5.82941956290245e-08
Disease	disease_32809	5.8282061221352825e-08
Disease	disease_409	5.825640720622601e-08
Disease	disease_12506	5.824968301400917e-08
Disease	disease_14039	5.820554113976545e-08
Disease	disease_16109	5.8169040418448625e-08
Disease	disease_18274	5.811919181702176e-08
Disease	disease_11758	5.804360578375215e-08
Disease	disease_6595	5.799350598034137e-08
Disease	disease_18402	5.798387655030864e-08
Disease	disease_10665	5.795285721655148e-08
Disease	disease_21172	5.7901864338927324e-08
Disease	disease_14017	5.762329476195748e-08
Disease	disease_19262	5.759015913698716e-08
Disease	disease_15454	5.757541685493847e-08
Disease	disease_5952	5.7501930276160175e-08
Disease	disease_7710	5.7478282952431054e-08
Disease	disease_9444	5.7476461887980984e-08
Disease	disease_413	5.7464959777075876e-08
Disease	disease_11874	5.743388591560587e-08
Disease	disease_6876	5.739482372641068e-08
Disease	disease_13146	5.73546753919554e-08
Disease	disease_14953	5.7303651171827846e-08
Disease	disease_9668	5.729891239372484e-08
Disease	disease_14606	5.729348139798384e-08
Disease	disease_11225	5.723087840609456e-08
Disease	disease_10578	5.721459832274905e-08
Disease	disease_19193	5.718569288522808e-08
Disease	disease_9973	5.7163157037543327e-08
Disease	disease_9263	5.713728032913107e-08
Disease	disease_18044	5.7119141802984725e-08
Disease	disease_10687	5.7118907206148275e-08
Disease	disease_809	5.7113567947202715e-08
Disease	disease_36595	5.7066278971306576e-08
Disease	disease_19266	5.701501953016818e-08
Disease	disease_17975	5.700085728177437e-08
Disease	disease_1784	5.6962843748007005e-08
Disease	disease_100189	5.695832946927003e-08
Disease	disease_15268	5.694608018287235e-08
Disease	disease_11851	5.690901570358976e-08
Disease	disease_19236	5.688167043042409e-08
Disease	disease_8119	5.687718858163807e-08
Disease	disease_17312	5.687222641449639e-08
Disease	disease_16413	5.686140777696651e-08
Disease	disease_18123	5.680132571385032e-08
Disease	disease_8692	5.676488225588151e-08
Disease	disease_21378	5.6763269722646516e-08
Disease	disease_10392	5.6762562569347016e-08
Disease	disease_19139	5.673530730717883e-08
Disease	disease_17896	5.6730487491653934e-08
Disease	disease_15701	5.671684746689409e-08
Disease	disease_7741	5.6594754844659765e-08
Disease	disease_1706	5.658435792003333e-08
Disease	disease_13193	5.6572071201539226e-08
Disease	disease_10341	5.655389809472731e-08
Disease	disease_9297	5.654796720766183e-08
Disease	disease_12377	5.653705293422525e-08
Disease	disease_12119	5.653705293422525e-08
Disease	disease_40679	5.6445036788548835e-08
Disease	disease_11108	5.6427238032023235e-08
Disease	disease_6243	5.642295870136966e-08
Disease	disease_15073	5.6380842949172425e-08
Disease	disease_6743	5.634376172841168e-08
Disease	disease_2051	5.634231878603895e-08
Disease	disease_20090	5.630640246462394e-08
Disease	disease_21023	5.6170870833542166e-08
Disease	disease_10537	5.6148635607316834e-08
Disease	disease_15404	5.61238801723932e-08
Disease	disease_629	5.612169320807099e-08
Disease	disease_9561	5.6113400096211246e-08
Disease	disease_100343	5.61120004779211e-08
Disease	disease_6268	5.6107685343679116e-08
Disease	disease_30062	5.610012717372102e-08
Disease	disease_21195	5.608328900297946e-08
Disease	disease_11845	5.604452315676963e-08
Disease	disease_11850	5.604452315676963e-08
Disease	disease_12440	5.604452315676963e-08
Disease	disease_12441	5.604452315676963e-08
Disease	disease_7130	5.601582632276651e-08
Disease	disease_10253	5.599222486986928e-08
Disease	disease_5352	5.598307485638716e-08
Disease	disease_19606	5.5927599991567987e-08
Disease	disease_10091	5.590816599273248e-08
Disease	disease_18462	5.587486090808847e-08
Disease	disease_1209	5.587298674775914e-08
Disease	disease_18333	5.586819045866805e-08
Disease	disease_15681	5.583494982760921e-08
Disease	disease_15403	5.582739635154243e-08
Disease	disease_6605	5.578327101070744e-08
Disease	disease_8807	5.5765209219154436e-08
Disease	disease_16653	5.573115468316386e-08
Disease	disease_10473	5.5701061422086775e-08
Disease	disease_21025	5.567540476281599e-08
Disease	disease_14403	5.567498248601447e-08
Disease	disease_19083	5.5674078727077813e-08
Disease	disease_19950	5.567340912030598e-08
Disease	disease_11439	5.564544069906909e-08
Disease	disease_9499	5.564166559294507e-08
Disease	disease_8029	5.5631754430128326e-08
Disease	disease_2145	5.5606034076228504e-08
Disease	disease_18365	5.5599934881082104e-08
Disease	disease_18686	5.5552223268417013e-08
Disease	disease_3816	5.553394378807142e-08
Disease	disease_18332	5.551756594388109e-08
Disease	disease_14797	5.5515845111454527e-08
Disease	disease_6058	5.5479279320752335e-08
Disease	disease_9975	5.547214255056909e-08
Disease	disease_10012	5.542347422581262e-08
Disease	disease_54573	5.5414171974164295e-08
Disease	disease_7397	5.5375484302431056e-08
Disease	disease_18893	5.5368900160980735e-08
Disease	disease_18474	5.535009363356964e-08
Disease	disease_2882	5.534143800782148e-08
Disease	disease_14505	5.5331628965441797e-08
Disease	disease_44701	5.5317570003300644e-08
Disease	disease_15304	5.529152617504247e-08
Disease	disease_15759	5.527375611574579e-08
Disease	disease_12714	5.5255372156892684e-08
Disease	disease_11541	5.518550362842414e-08
Disease	disease_13327	5.51842583929124e-08
Disease	disease_20208	5.517922697659447e-08
Disease	disease_2518	5.513314445827571e-08
Disease	disease_15695	5.511670354145017e-08
Disease	disease_21190	5.508935997564039e-08
Disease	disease_23557	5.5088317410854405e-08
Disease	disease_5111	5.505583124047648e-08
Disease	disease_14294	5.504770976838076e-08
Disease	disease_19437	5.503297005636704e-08
Disease	disease_16913	5.5030671631966414e-08
Disease	disease_12231	5.502391329126289e-08
Disease	disease_9836	5.4991868661831706e-08
Disease	disease_18855	5.49742884040415e-08
Disease	disease_13797	5.495553165978735e-08
Disease	disease_18289	5.4952621950215123e-08
Disease	disease_21503	5.49452236602263e-08
Disease	disease_599	5.492126200911833e-08
Disease	disease_10209	5.490562208810166e-08
Disease	disease_13808	5.4897082183391664e-08
Disease	disease_15565	5.4882911691074016e-08
Disease	disease_15338	5.48795424430123e-08
Disease	disease_17694	5.487306773176155e-08
Disease	disease_12794	5.4846379985595367e-08
Disease	disease_15453	5.478116269519211e-08
Disease	disease_3081	5.4757285746147723e-08
Disease	disease_18444	5.4723527388149995e-08
Disease	disease_11831	5.466705948679585e-08
Disease	disease_148	5.463932679269083e-08
Disease	disease_19017	5.463678887248372e-08
Disease	disease_60659	5.461800677215213e-08
Disease	disease_9823	5.4575666089212975e-08
Disease	disease_9230	5.4563087762988275e-08
Disease	disease_20225	5.455635766845512e-08
Disease	disease_19440	5.451490271856521e-08
Disease	disease_10886	5.449905756094316e-08
Disease	disease_10557	5.4474537797699245e-08
Disease	disease_18120	5.446507604561516e-08
Disease	disease_4566	5.446220737003236e-08
Disease	disease_24505	5.4449438376762056e-08
Disease	disease_15501	5.442644464438571e-08
Disease	disease_12505	5.4379659276241705e-08
Disease	disease_9502	5.436964992903028e-08
Disease	disease_3646	5.436150691236093e-08
Disease	disease_24538	5.4329697765292584e-08
Disease	disease_20279	5.43158456772762e-08
Disease	disease_10716	5.427761870329364e-08
Disease	disease_18018	5.4267934057233386e-08
Disease	disease_14331	5.425518985186179e-08
Disease	disease_9744	5.421141564628886e-08
Disease	disease_4450	5.420430748580143e-08
Disease	disease_14864	5.4187453964441855e-08
Disease	disease_10961	5.4179241551036734e-08
Disease	disease_30	5.417410890318996e-08
Disease	disease_6690	5.416771057808394e-08
Disease	disease_16336	5.4165748777181173e-08
Disease	disease_5333	5.415191904739912e-08
Disease	disease_14561	5.412543627470464e-08
Disease	disease_41996	5.411716075974731e-08
Disease	disease_7034	5.401196514299427e-08
Disease	disease_10016	5.4011806525907304e-08
Disease	disease_8758	5.400383933381408e-08
Disease	disease_15077	5.390035645495455e-08
Disease	disease_24290	5.3899715609337084e-08
Disease	disease_12791	5.38902082491142e-08
Disease	disease_15126	5.3887831538775676e-08
Disease	disease_10396	5.388389641758465e-08
Disease	disease_16555	5.381257532295377e-08
Disease	disease_16425	5.377423409145313e-08
Disease	disease_6218	5.373328114789175e-08
Disease	disease_9643	5.372888011232378e-08
Disease	disease_17283	5.370776471695134e-08
Disease	disease_36976	5.361067808854603e-08
Disease	disease_10232	5.3604012668551676e-08
Disease	disease_11403	5.35958506940771e-08
Disease	disease_16587	5.357836514261014e-08
Disease	disease_5528	5.356710957705302e-08
Disease	disease_10293	5.355709511216835e-08
Disease	disease_24457	5.351712411659184e-08
Disease	disease_9150	5.351504601791756e-08
Disease	disease_18781	5.349681723500872e-08
Disease	disease_3543	5.3462244606166474e-08
Disease	disease_12136	5.3449455576482664e-08
Disease	disease_14355	5.342752284189051e-08
Disease	disease_4514	5.341929477818026e-08
Disease	disease_5659	5.341929477818026e-08
Disease	disease_16542	5.3395925163820185e-08
Disease	disease_9839	5.338896195440371e-08
Disease	disease_19255	5.3365864007194293e-08
Disease	disease_12509	5.3350209085299125e-08
Disease	disease_11934	5.334389755355642e-08
Disease	disease_22880	5.333847809780217e-08
Disease	disease_7746	5.333449486481524e-08
Disease	disease_17778	5.330504865256837e-08
Disease	disease_5636	5.318899815705649e-08
Disease	disease_33630	5.318087619395459e-08
Disease	disease_14805	5.3165656014821565e-08
Disease	disease_18632	5.3157778890964285e-08
Disease	disease_19292	5.313598683972365e-08
Disease	disease_44067	5.311119951483837e-08
Disease	disease_12414	5.3045427832175046e-08
Disease	disease_6594	5.30226690491754e-08
Disease	disease_13352	5.3021746678602605e-08
Disease	disease_30043	5.300897051826247e-08
Disease	disease_7105	5.3006618753420835e-08
Disease	disease_19932	5.299265532665421e-08
Disease	disease_9662	5.298769224760867e-08
Disease	disease_24264	5.2959200508334735e-08
Disease	disease_20662	5.2919147509595584e-08
Disease	disease_9381	5.288091033502393e-08
Disease	disease_15069	5.2866700955637516e-08
Disease	disease_9952	5.286330738482157e-08
Disease	disease_10308	5.2840080549725026e-08
Disease	disease_13270	5.280894196698051e-08
Disease	disease_2217	5.2799617300867595e-08
Disease	disease_12072	5.277508635466521e-08
Disease	disease_20835	5.274269595271369e-08
Disease	disease_12180	5.2712436585463445e-08
Disease	disease_11383	5.2694351233929514e-08
Disease	disease_20122	5.264327276592136e-08
Disease	disease_17733	5.2632107261898215e-08
Disease	disease_18772	5.2625664208341375e-08
Disease	disease_1697	5.260412623806734e-08
Disease	disease_11631	5.256003281519018e-08
Disease	disease_18949	5.253049766941734e-08
Disease	disease_43555	5.2522154673358815e-08
Disease	disease_12342	5.2492666832558814e-08
Disease	disease_10519	5.248415324321544e-08
Disease	disease_24307	5.246654333329821e-08
Disease	disease_8145	5.2457104374393577e-08
Disease	disease_9478	5.2431870531600175e-08
Disease	disease_9036	5.2413390506738373e-08
Disease	disease_3012	5.241210097923871e-08
Disease	disease_17056	5.2408707194533424e-08
Disease	disease_3778	5.238483672752452e-08
Disease	disease_12589	5.2334073551847726e-08
Disease	disease_18024	5.232378481027473e-08
Disease	disease_9400	5.230963882117375e-08
Disease	disease_19257	5.230581840477085e-08
Disease	disease_13536	5.228662518240159e-08
Disease	disease_9291	5.228159118757263e-08
Disease	disease_7681	5.2278401905142814e-08
Disease	disease_12502	5.2247489906424864e-08
Disease	disease_5700	5.2225706787388434e-08
Disease	disease_19588	5.22170260674333e-08
Disease	disease_15307	5.2213971130572625e-08
Disease	disease_7623	5.212560656623335e-08
Disease	disease_8675	5.2112755369787555e-08
Disease	disease_24477	5.209420560842622e-08
Disease	disease_14097	5.207241555239669e-08
Disease	disease_11646	5.2060439857608486e-08
Disease	disease_9051	5.203863159047752e-08
Disease	disease_12245	5.199604352010661e-08
Disease	disease_12116	5.1992043311925776e-08
Disease	disease_10283	5.197030181263889e-08
Disease	disease_5561	5.186395040630452e-08
Disease	disease_13521	5.179690346371118e-08
Disease	disease_12474	5.1774528078535995e-08
Disease	disease_16834	5.1760974028696716e-08
Disease	disease_167	5.1742241570487756e-08
Disease	disease_13336	5.174050192796707e-08
Disease	disease_14379	5.1730533486517026e-08
Disease	disease_2273	5.165524846824517e-08
Disease	disease_11682	5.1592478193274386e-08
Disease	disease_18336	5.15862219357011e-08
Disease	disease_9071	5.156805562877873e-08
Disease	disease_43079	5.1563626909131365e-08
Disease	disease_7766	5.154495784155055e-08
Disease	disease_20627	5.151590802866788e-08
Disease	disease_7163	5.1474458860099445e-08
Disease	disease_2087	5.1470305380881975e-08
Disease	disease_17027	5.146279126257594e-08
Disease	disease_9364	5.1452680294091263e-08
Disease	disease_6486	5.1443277354226973e-08
Disease	disease_20071	5.1433494364228925e-08
Disease	disease_15281	5.1428113632069116e-08
Disease	disease_10476	5.1420256884200616e-08
Disease	disease_10644	5.138268933980335e-08
Disease	disease_60455	5.137838301037748e-08
Disease	disease_14717	5.137748737619995e-08
Disease	disease_11734	5.1360052243945325e-08
Disease	disease_20091	5.132477292402615e-08
Disease	disease_6277	5.128808790255295e-08
Disease	disease_13839	5.128109484424571e-08
Disease	disease_19524	5.12562580149763e-08
Disease	disease_13256	5.124721452588132e-08
Disease	disease_35133	5.124383100048103e-08
Disease	disease_19031	5.121089418948987e-08
Disease	disease_17016	5.1193209622285564e-08
Disease	disease_11581	5.1165549712271436e-08
Disease	disease_8009	5.1150251820888384e-08
Disease	disease_12391	5.115001257029985e-08
Disease	disease_3084	5.114863998313657e-08
Disease	disease_5404	5.108515393714477e-08
Disease	disease_45012	5.108216449771801e-08
Disease	disease_3268	5.1023982925455104e-08
Disease	disease_43300	5.100864892939267e-08
Disease	disease_12172	5.100165142160537e-08
Disease	disease_18619	5.0999519308206294e-08
Disease	disease_5813	5.0978101032839207e-08
Disease	disease_20466	5.097681760143335e-08
Disease	disease_16401	5.09665778283239e-08
Disease	disease_6801	5.093058672539806e-08
Disease	disease_18666	5.090432075129747e-08
Disease	disease_16305	5.0887595500967425e-08
Disease	disease_12914	5.087600533182488e-08
Disease	disease_5493	5.08275910233862e-08
Disease	disease_11441	5.078169936931286e-08
Disease	disease_44986	5.067035608389509e-08
Disease	disease_6741	5.065340446634067e-08
Disease	disease_16674	5.0637486359516485e-08
Disease	disease_17998	5.0600388239331946e-08
Disease	disease_4649	5.059580241397936e-08
Disease	disease_6597	5.057592944735475e-08
Disease	disease_18006	5.056426330388995e-08
Disease	disease_16901	5.054544363462441e-08
Disease	disease_11664	5.0527113896167204e-08
Disease	disease_5638	5.050451034908477e-08
Disease	disease_2120	5.0471576714960044e-08
Disease	disease_2639	5.046321425151027e-08
Disease	disease_12982	5.0408214625516235e-08
Disease	disease_20018	5.040479335247502e-08
Disease	disease_5193	5.039891393103985e-08
Disease	disease_9299	5.039224740591855e-08
Disease	disease_1932	5.038492459186082e-08
Disease	disease_21322	5.037824897169017e-08
Disease	disease_12434	5.037398188848159e-08
Disease	disease_7650	5.034815067977593e-08
Disease	disease_18407	5.034435836033206e-08
Disease	disease_8767	5.030730862186815e-08
Disease	disease_16713	5.0301971374208426e-08
Disease	disease_14598	5.02466553055345e-08
Disease	disease_8021	5.0245402720735584e-08
Disease	disease_16365	5.022832534133687e-08
Disease	disease_15912	5.0206777992733446e-08
Disease	disease_100218	5.018763695827404e-08
Disease	disease_15863	5.015800827556795e-08
Disease	disease_8892	5.0100881372490817e-08
Disease	disease_18451	5.009517545743007e-08
Disease	disease_9626	5.00818585153353e-08
Disease	disease_20135	5.007713297036465e-08
Disease	disease_12104	5.006949593246393e-08
Disease	disease_11336	5.0037987532802657e-08
Disease	disease_15488	5.00072877616327e-08
Disease	disease_12143	4.9989857558678345e-08
Disease	disease_18037	4.997404677748834e-08
Disease	disease_9009	4.996108347776879e-08
Disease	disease_1492	4.9959435441437183e-08
Disease	disease_18323	4.9943930577773526e-08
Disease	disease_20599	4.9912878199587325e-08
Disease	disease_15683	4.9903742834767075e-08
Disease	disease_8749	4.990353830768147e-08
Disease	disease_5979	4.9876236478204843e-08
Disease	disease_19845	4.985818766328053e-08
Disease	disease_6147	4.985494510702266e-08
Disease	disease_15561	4.9849121723472487e-08
Disease	disease_17407	4.9821924950027e-08
Disease	disease_9798	4.98188852694601e-08
Disease	disease_8679	4.979330440801721e-08
Disease	disease_2898	4.9766325168328725e-08
Disease	disease_10385	4.976560037690293e-08
Disease	disease_21839	4.975085820181292e-08
Disease	disease_24361	4.974680802284931e-08
Disease	disease_6186	4.973445256912064e-08
Disease	disease_12532	4.971801504322908e-08
Disease	disease_14536	4.971748841838302e-08
Disease	disease_60502	4.968543326049634e-08
Disease	disease_7173	4.966367386958052e-08
Disease	disease_9644	4.959964049003909e-08
Disease	disease_17128	4.9583604457519766e-08
Disease	disease_11714	4.9579817774439096e-08
Disease	disease_11457	4.9572631430834436e-08
Disease	disease_10342	4.951796250720688e-08
Disease	disease_12098	4.950713962788671e-08
Disease	disease_8612	4.9501082174669676e-08
Disease	disease_20364	4.9480631382203444e-08
Disease	disease_8289	4.94420915989265e-08
Disease	disease_20303	4.94309474541168e-08
Disease	disease_15674	4.942877384140026e-08
Disease	disease_10725	4.9411052956588164e-08
Disease	disease_7239	4.939031797978669e-08
Disease	disease_16205	4.9352548478340655e-08
Disease	disease_16107	4.9341087063528546e-08
Disease	disease_20215	4.931921469523293e-08
Disease	disease_19130	4.9313180147066384e-08
Disease	disease_44778	4.931258780504281e-08
Disease	disease_17885	4.930986244054284e-08
Disease	disease_5994	4.9270938851899196e-08
Disease	disease_10558	4.9252946843970493e-08
Disease	disease_7382	4.923893938548017e-08
Disease	disease_17218	4.9226936982765074e-08
Disease	disease_8041	4.921293318092168e-08
Disease	disease_8726	4.918538280470742e-08
Disease	disease_45022	4.917906140293186e-08
Disease	disease_18346	4.9163835615300323e-08
Disease	disease_1078	4.9156849849201196e-08
Disease	disease_17739	4.9146628362528444e-08
Disease	disease_15163	4.9138601941014696e-08
Disease	disease_3245	4.9088901112439675e-08
Disease	disease_2485	4.908593445148669e-08
Disease	disease_9466	4.90825427889206e-08
Disease	disease_43077	4.9056449338341296e-08
Disease	disease_14298	4.903286474861382e-08
Disease	disease_13578	4.902830297097925e-08
Disease	disease_4613	4.901718406199835e-08
Disease	disease_4279	4.900971650985026e-08
Disease	disease_13759	4.900782800847473e-08
Disease	disease_12524	4.8972149365283344e-08
Disease	disease_12004	4.8952145763311275e-08
Disease	disease_10651	4.893341823182421e-08
Disease	disease_8830	4.890225069557732e-08
Disease	disease_316	4.8899000916174685e-08
Disease	disease_640	4.8833214030774335e-08
Disease	disease_11686	4.881722482685002e-08
Disease	disease_10697	4.881578846503646e-08
Disease	disease_100135	4.87684137913913e-08
Disease	disease_14859	4.876419846463679e-08
Disease	disease_2922	4.876268453678332e-08
Disease	disease_21066	4.869762270580191e-08
Disease	disease_17333	4.8697588812086953e-08
Disease	disease_20631	4.866361415649848e-08
Disease	disease_60763	4.865625926192892e-08
Disease	disease_11266	4.86550505899706e-08
Disease	disease_1515	4.863787462500452e-08
Disease	disease_8862	4.8631414243367865e-08
Disease	disease_9260	4.8619359553337295e-08
Disease	disease_17834	4.86171016375742e-08
Disease	disease_10686	4.856186958341509e-08
Disease	disease_9715	4.853592705612339e-08
Disease	disease_12335	4.8530530590281255e-08
Disease	disease_13878	4.8516924676851626e-08
Disease	disease_8953	4.8508508349785336e-08
Disease	disease_8644	4.8456240808229816e-08
Disease	disease_13509	4.8455223333567253e-08
Disease	disease_5326	4.8438632525771776e-08
Disease	disease_17079	4.842336163679134e-08
Disease	disease_12322	4.840050605048111e-08
Disease	disease_6811	4.8373996272208456e-08
Disease	disease_22236	4.8373996272208456e-08
Disease	disease_5640	4.8373996272208456e-08
Disease	disease_3568	4.8373996272208456e-08
Disease	disease_1291	4.8373996272208456e-08
Disease	disease_43512	4.8373996272208456e-08
Disease	disease_489	4.8373996272208456e-08
Disease	disease_44997	4.8373996272208456e-08
Disease	disease_16118	4.835993949179667e-08
Disease	disease_14048	4.834388441491604e-08
Disease	disease_9209	4.8306802460107946e-08
Disease	disease_15335	4.83067114459186e-08
Disease	disease_3243	4.829654982976255e-08
Disease	disease_18657	4.828903272489126e-08
Disease	disease_15244	4.8248972667915544e-08
Disease	disease_17842	4.82330716935408e-08
Disease	disease_5424	4.818119132857301e-08
Disease	disease_21145	4.8164536719468845e-08
Disease	disease_30035	4.815584679345844e-08
Disease	disease_12574	4.814858689531779e-08
Disease	disease_44749	4.813956129901078e-08
Disease	disease_24263	4.813476206316177e-08
Disease	disease_8617	4.809615673778231e-08
Disease	disease_16562	4.805987536649035e-08
Disease	disease_17376	4.80435660558785e-08
Disease	disease_10490	4.8027818757421824e-08
Disease	disease_18384	4.802661265099987e-08
Disease	disease_19148	4.8020318343940334e-08
Disease	disease_14047	4.798992113912049e-08
Disease	disease_10031	4.798381000158982e-08
Disease	disease_8753	4.798219468859136e-08
Disease	disease_6625	4.7981212411000185e-08
Disease	disease_11789	4.79501794851538e-08
Disease	disease_16110	4.7931355167472196e-08
Disease	disease_8265	4.7929028729063354e-08
Disease	disease_2482	4.7925348234294646e-08
Disease	disease_17841	4.791907475569243e-08
Disease	disease_7566	4.7913735811855245e-08
Disease	disease_179	4.789953519937179e-08
Disease	disease_44332	4.789048046869048e-08
Disease	disease_30009	4.787726038064303e-08
Disease	disease_21804	4.785361028446072e-08
Disease	disease_4803	4.782950072255921e-08
Disease	disease_2316	4.7819615598347436e-08
Disease	disease_12866	4.780491569687883e-08
Disease	disease_1712	4.7773377715129236e-08
Disease	disease_6564	4.772176010615245e-08
Disease	disease_17405	4.770378994301555e-08
Disease	disease_4717	4.7701442071126356e-08
Disease	disease_7319	4.7663461940912434e-08
Disease	disease_8017	4.763804211812942e-08
Disease	disease_2528	4.763347593150449e-08
Disease	disease_25159	4.762116030099109e-08
Disease	disease_11500	4.7548190963330734e-08
Disease	disease_11071	4.749427059274849e-08
Disease	disease_5872	4.747563352549591e-08
Disease	disease_2182	4.7451355856228036e-08
Disease	disease_12241	4.743997114528572e-08
Disease	disease_2480	4.743371938210188e-08
Disease	disease_9635	4.74172237030179e-08
Disease	disease_16729	4.7389950949482946e-08
Disease	disease_15760	4.7383328285401114e-08
Disease	disease_14332	4.736983547247037e-08
Disease	disease_13021	4.7319708569307344e-08
Disease	disease_10621	4.7317247926098545e-08
Disease	disease_17269	4.731183370726978e-08
Disease	disease_10246	4.730609633629998e-08
Disease	disease_9604	4.7292541270070534e-08
Disease	disease_19913	4.729096263086938e-08
Disease	disease_10936	4.726188159997174e-08
Disease	disease_16331	4.7261068833763293e-08
Disease	disease_14936	4.722673186301922e-08
Disease	disease_5501	4.720205992254171e-08
Disease	disease_20281	4.7188821933941544e-08
Disease	disease_18000	4.716234436255672e-08
Disease	disease_9627	4.71326504235885e-08
Disease	disease_15275	4.710203738675118e-08
Disease	disease_10475	4.709192460282235e-08
Disease	disease_14744	4.70904772144444e-08
Disease	disease_18131	4.7089220275521014e-08
Disease	disease_7810	4.708685633798738e-08
Disease	disease_13081	4.703245782604263e-08
Disease	disease_13690	4.700592137541187e-08
Disease	disease_6851	4.700437981441607e-08
Disease	disease_18389	4.700289571072192e-08
Disease	disease_872	4.699857541584109e-08
Disease	disease_6753	4.697931318645264e-08
Disease	disease_16792	4.697275930470464e-08
Disease	disease_19708	4.693553203430482e-08
Disease	disease_19681	4.693051905285009e-08
Disease	disease_7404	4.692476393305071e-08
Disease	disease_14497	4.6915775804415714e-08
Disease	disease_17404	4.69045723784472e-08
Disease	disease_1429	4.689174479810672e-08
Disease	disease_7656	4.6880193958939975e-08
Disease	disease_32780	4.686337227535856e-08
Disease	disease_14458	4.685051953078866e-08
Disease	disease_10802	4.684860748509192e-08
Disease	disease_12624	4.684332701829278e-08
Disease	disease_13806	4.6833497755059777e-08
Disease	disease_8409	4.682061130139226e-08
Disease	disease_13452	4.681480621190574e-08
Disease	disease_10386	4.680268924891266e-08
Disease	disease_15371	4.678928977669463e-08
Disease	disease_19137	4.6779891091029944e-08
Disease	disease_9257	4.676485323364324e-08
Disease	disease_40870	4.67510344165572e-08
Disease	disease_5768	4.671917908972812e-08
Disease	disease_904	4.671490046986033e-08
Disease	disease_10632	4.669438130289715e-08
Disease	disease_10617	4.666557421263719e-08
Disease	disease_2531	4.665269185452234e-08
Disease	disease_3246	4.663530636126187e-08
Disease	disease_17648	4.6624791333718354e-08
Disease	disease_13474	4.661908286090582e-08
Disease	disease_2999	4.6613023226139446e-08
Disease	disease_7416	4.660933983282127e-08
Disease	disease_21040	4.660312824413623e-08
Disease	disease_19044	4.657770988052502e-08
Disease	disease_13863	4.6521508896117196e-08
Disease	disease_10529	4.6483639804394436e-08
Disease	disease_17319	4.648006868073577e-08
Disease	disease_16402	4.646855124063437e-08
Disease	disease_20341	4.645045862148886e-08
Disease	disease_100059	4.642933850666512e-08
Disease	disease_17833	4.642933850666512e-08
Disease	disease_10731	4.642827846561218e-08
Disease	disease_18453	4.642166402101193e-08
Disease	disease_43797	4.639042837973522e-08
Disease	disease_10239	4.6377406774081536e-08
Disease	disease_11178	4.635585118566922e-08
Disease	disease_16241	4.634473629828477e-08
Disease	disease_507	4.6339498111404634e-08
Disease	disease_5030	4.633712672869625e-08
Disease	disease_16596	4.633121072666341e-08
Disease	disease_17753	4.630351778939097e-08
Disease	disease_24268	4.628963487102152e-08
Disease	disease_16327	4.6279359821894054e-08
Disease	disease_10619	4.6272778929841564e-08
Disease	disease_5206	4.6269477138878905e-08
Disease	disease_5058	4.625575824468669e-08
Disease	disease_7845	4.6255134786173705e-08
Disease	disease_9426	4.622190219741686e-08
Disease	disease_20591	4.621837115997006e-08
Disease	disease_6552	4.6211066673466245e-08
Disease	disease_15687	4.618528271098736e-08
Disease	disease_24664	4.616018584293304e-08
Disease	disease_19751	4.6149642014507826e-08
Disease	disease_16512	4.6137165240870244e-08
Disease	disease_19254	4.6130515612027685e-08
Disease	disease_815	4.611668860953272e-08
Disease	disease_2265	4.611668860953272e-08
Disease	disease_10299	4.611023272724441e-08
Disease	disease_12215	4.61044728508625e-08
Disease	disease_19433	4.609903658095949e-08
Disease	disease_100310	4.605668104396395e-08
Disease	disease_6836	4.6052032528355645e-08
Disease	disease_17146	4.6002426786375496e-08
Disease	disease_8656	4.5997966721193625e-08
Disease	disease_12715	4.5988607447811827e-08
Disease	disease_11417	4.596033983845277e-08
Disease	disease_7839	4.596030630032811e-08
Disease	disease_10589	4.588832606717597e-08
Disease	disease_3366	4.588484978777996e-08
Disease	disease_8235	4.5875570767617456e-08
Disease	disease_19091	4.5868453007795555e-08
Disease	disease_620	4.584766967692302e-08
Disease	disease_15197	4.583687085802914e-08
Disease	disease_1732	4.5826784719904116e-08
Disease	disease_21321	4.5824666818589946e-08
Disease	disease_30066	4.582383978272276e-08
Disease	disease_42976	4.582102977944726e-08
Disease	disease_11145	4.581018883410743e-08
Disease	disease_3627	4.5806670814944515e-08
Disease	disease_3482	4.5677660810926796e-08
Disease	disease_9465	4.5668704603089624e-08
Disease	disease_32741	4.5668298908357654e-08
Disease	disease_2241	4.5641029347691485e-08
Disease	disease_11423	4.561553183472836e-08
Disease	disease_7626	4.554545331785553e-08
Disease	disease_24551	4.5542474670253774e-08
Disease	disease_9180	4.55282249877441e-08
Disease	disease_24528	4.552343332770621e-08
Disease	disease_8996	4.5520439315410536e-08
Disease	disease_18025	4.5508198890702244e-08
Disease	disease_16304	4.5504935103207966e-08
Disease	disease_9609	4.5463311451180766e-08
Disease	disease_1468	4.5439204590389005e-08
Disease	disease_4808	4.5423500535981495e-08
Disease	disease_20073	4.54110521979742e-08
Disease	disease_15612	4.5380211190093594e-08
Disease	disease_20720	4.5356919677475114e-08
Disease	disease_8681	4.535144015911932e-08
Disease	disease_9443	4.5329527265062385e-08
Disease	disease_7856	4.532166465163991e-08
Disease	disease_10089	4.530442872678795e-08
Disease	disease_13983	4.529239603566951e-08
Disease	disease_20346	4.529226536387718e-08
Disease	disease_14791	4.523446914359187e-08
Disease	disease_1258	4.5224785224019784e-08
Disease	disease_16837	4.5214272957493876e-08
Disease	disease_1500	4.5203072859057746e-08
Disease	disease_16139	4.516717370116897e-08
Disease	disease_9933	4.513657650458813e-08
Disease	disease_19267	4.513288198416645e-08
Disease	disease_12805	4.5114630387842654e-08
Disease	disease_14911	4.509666537462719e-08
Disease	disease_18951	4.508291545842288e-08
Disease	disease_8438	4.507985303363274e-08
Disease	disease_11956	4.50393541660901e-08
Disease	disease_4680	4.503567418826104e-08
Disease	disease_15285	4.503437098721781e-08
Disease	disease_11738	4.5023630874849074e-08
Disease	disease_10315	4.5022289573662626e-08
Disease	disease_15427	4.497101081927387e-08
Disease	disease_10028	4.4968442194698435e-08
Disease	disease_6522	4.496656630084683e-08
Disease	disease_9698	4.495783316174529e-08
Disease	disease_17808	4.4950640757884617e-08
Disease	disease_10190	4.494117397588491e-08
Disease	disease_12071	4.494016180398409e-08
Disease	disease_21639	4.493552938888516e-08
Disease	disease_9198	4.4926908076258065e-08
Disease	disease_10065	4.4924076872005044e-08
Disease	disease_11824	4.4911880893494074e-08
Disease	disease_16999	4.490066113236052e-08
Disease	disease_16820	4.486239808490971e-08
Disease	disease_18124	4.4856358297872546e-08
Disease	disease_11975	4.483509257963746e-08
Disease	disease_14735	4.482430395870755e-08
Disease	disease_15729	4.4823036933100126e-08
Disease	disease_34217	4.481859418197799e-08
Disease	disease_3537	4.480946149493478e-08
Disease	disease_4926	4.480574469072553e-08
Disease	disease_2470	4.480505783898902e-08
Disease	disease_100034	4.477729563870738e-08
Disease	disease_13626	4.476915764655014e-08
Disease	disease_6044	4.4767997970764215e-08
Disease	disease_30064	4.469024897432991e-08
Disease	disease_20092	4.4640444730830784e-08
Disease	disease_5504	4.463315095422315e-08
Disease	disease_18736	4.4631090795429047e-08
Disease	disease_245	4.4626003149250074e-08
Disease	disease_10703	4.4611128196700475e-08
Disease	disease_24291	4.459688535583041e-08
Disease	disease_133	4.458657051904054e-08
Disease	disease_10020	4.455704369583928e-08
Disease	disease_19040	4.452277934629282e-08
Disease	disease_665	4.450091621034165e-08
Disease	disease_12480	4.4497936659478676e-08
Disease	disease_2103	4.4493079484298826e-08
Disease	disease_11953	4.445787642577099e-08
Disease	disease_60627	4.444279095993295e-08
Disease	disease_24623	4.44247782510483e-08
Disease	disease_4854	4.441343468585826e-08
Disease	disease_16179	4.439592681308924e-08
Disease	disease_5990	4.439290317550413e-08
Disease	disease_16239	4.436638344272528e-08
Disease	disease_10586	4.435771727078337e-08
Disease	disease_17594	4.433828169967659e-08
Disease	disease_12221	4.433803455506777e-08
Disease	disease_20296	4.4316326045850286e-08
Disease	disease_4650	4.428303692275847e-08
Disease	disease_14410	4.428070258821389e-08
Disease	disease_8556	4.425327470583221e-08
Disease	disease_1971	4.42456044554891e-08
Disease	disease_888	4.422730391937903e-08
Disease	disease_24297	4.420512612559206e-08
Disease	disease_8856	4.414500629567642e-08
Disease	disease_1935	4.414002120950285e-08
Disease	disease_17715	4.4135860742489025e-08
Disease	disease_18816	4.41305942842676e-08
Disease	disease_13560	4.412950239219272e-08
Disease	disease_9342	4.4120731564699454e-08
Disease	disease_17729	4.410601402829718e-08
Disease	disease_100215	4.4094584234257244e-08
Disease	disease_19409	4.4079477185469666e-08
Disease	disease_14823	4.406010986436612e-08
Disease	disease_13693	4.4059800157523215e-08
Disease	disease_6894	4.4055517239908506e-08
Disease	disease_4431	4.4055517239908506e-08
Disease	disease_922	4.401493909578998e-08
Disease	disease_14827	4.399656520940585e-08
Disease	disease_19126	4.399642755107567e-08
Disease	disease_16996	4.397258385184438e-08
Disease	disease_15452	4.396093260326484e-08
Disease	disease_302	4.3937814897619693e-08
Disease	disease_16346	4.3924504338327755e-08
Disease	disease_8756	4.392202277600516e-08
Disease	disease_10321	4.391601135805453e-08
Disease	disease_11399	4.388943808521231e-08
Disease	disease_188	4.38846619541092e-08
Disease	disease_7849	4.38726631042988e-08
Disease	disease_5091	4.385994224762543e-08
Disease	disease_16784	4.385264150916486e-08
Disease	disease_16660	4.380647637718541e-08
Disease	disease_12912	4.3786870503546534e-08
Disease	disease_19952	4.3785579663996884e-08
Disease	disease_1798	4.375927816471319e-08
Disease	disease_9064	4.375558363836454e-08
Disease	disease_11681	4.375186886006187e-08
Disease	disease_13498	4.3682199219485766e-08
Disease	disease_7447	4.3667269591722056e-08
Disease	disease_8008	4.365575084171493e-08
Disease	disease_16003	4.361188530673121e-08
Disease	disease_4225	4.358188761572967e-08
Disease	disease_5442	4.3574915546115845e-08
Disease	disease_2196	4.357312605688124e-08
Disease	disease_9344	4.355774383407979e-08
Disease	disease_21809	4.355698790196496e-08
Disease	disease_4874	4.3536657714076655e-08
Disease	disease_6968	4.3536657714076655e-08
Disease	disease_6965	4.3536657714076655e-08
Disease	disease_22208	4.3536657714076655e-08
Disease	disease_2074	4.3536657714076655e-08
Disease	disease_6721	4.3536657714076655e-08
Disease	disease_16836	4.3531335447146376e-08
Disease	disease_14339	4.3517092098349606e-08
Disease	disease_1290	4.351457345600527e-08
Disease	disease_14690	4.351302661836981e-08
Disease	disease_18782	4.348860468041528e-08
Disease	disease_8630	4.348677746669659e-08
Disease	disease_15784	4.346494046823676e-08
Disease	disease_15783	4.345965674665124e-08
Disease	disease_19395	4.3449926942960816e-08
Disease	disease_10248	4.3445673484715725e-08
Disease	disease_10440	4.343629236432555e-08
Disease	disease_17855	4.3425776816516e-08
Disease	disease_19535	4.340971490862327e-08
Disease	disease_12248	4.3405693778897885e-08
Disease	disease_17361	4.340013372407254e-08
Disease	disease_14512	4.338061094972558e-08
Disease	disease_7624	4.337178224960297e-08
Disease	disease_214	4.331800913116031e-08
Disease	disease_8926	4.3316123601671535e-08
Disease	disease_14769	4.328295288223742e-08
Disease	disease_10485	4.3263819396965665e-08
Disease	disease_5988	4.324227480895376e-08
Disease	disease_7545	4.32389183664585e-08
Disease	disease_11669	4.3237915874190097e-08
Disease	disease_21092	4.3231157836371124e-08
Disease	disease_12191	4.3231108284866425e-08
Disease	disease_17222	4.3224944623423204e-08
Disease	disease_11468	4.318504858206001e-08
Disease	disease_8083	4.3173575587860255e-08
Disease	disease_8990	4.316830404697771e-08
Disease	disease_32654	4.3157100006305154e-08
Disease	disease_16708	4.31446816682875e-08
Disease	disease_10787	4.314265398373948e-08
Disease	disease_23093	4.3074491303325966e-08
Disease	disease_18624	4.3074491303325966e-08
Disease	disease_18570	4.306632967125799e-08
Disease	disease_15261	4.302674433549068e-08
Disease	disease_10778	4.2977733877006175e-08
Disease	disease_10745	4.297292702380955e-08
Disease	disease_3060	4.296256501016045e-08
Disease	disease_13664	4.2954477399000003e-08
Disease	disease_20604	4.2945921078520435e-08
Disease	disease_3472	4.290874717519003e-08
Disease	disease_7325	4.289896299844444e-08
Disease	disease_12435	4.2892646595861234e-08
Disease	disease_15707	4.281350740951188e-08
Disease	disease_7712	4.280939261285712e-08
Disease	disease_54849	4.2795374212389846e-08
Disease	disease_21155	4.278553659952471e-08
Disease	disease_18620	4.277298218342642e-08
Disease	disease_3083	4.276067562924368e-08
Disease	disease_13007	4.275940143453199e-08
Disease	disease_1982	4.2753472190800356e-08
Disease	disease_17851	4.275159677553227e-08
Disease	disease_16294	4.2732711791629144e-08
Disease	disease_315	4.271595218835896e-08
Disease	disease_13240	4.2699876773392464e-08
Disease	disease_5512	4.2680869879739534e-08
Disease	disease_10501	4.2680276134395155e-08
Disease	disease_16759	4.2659518686955676e-08
Disease	disease_6291	4.264435932791732e-08
Disease	disease_15286	4.263652279213243e-08
Disease	disease_14553	4.260708269156117e-08
Disease	disease_9165	4.260704547546247e-08
Disease	disease_20667	4.2591823449500554e-08
Disease	disease_16203	4.258875680724361e-08
Disease	disease_20298	4.2575134587466694e-08
Disease	disease_7893	4.25530218134469e-08
Disease	disease_14700	4.254714975956366e-08
Disease	disease_9335	4.252702525325018e-08
Disease	disease_23554	4.251679529500198e-08
Disease	disease_42605	4.251679529500198e-08
Disease	disease_1877	4.251679529500198e-08
Disease	disease_20384	4.251351977008449e-08
Disease	disease_2561	4.2501389573421406e-08
Disease	disease_23283	4.248383181432646e-08
Disease	disease_44014	4.2481737615688174e-08
Disease	disease_23865	4.247912380457763e-08
Disease	disease_6827	4.245053713238203e-08
Disease	disease_12693	4.244471746244696e-08
Disease	disease_12864	4.2430736118543545e-08
Disease	disease_7415	4.242906961750362e-08
Disease	disease_9359	4.2423307589051895e-08
Disease	disease_14620	4.242014968371947e-08
Disease	disease_10222	4.241318166776506e-08
Disease	disease_9310	4.23993467034675e-08
Disease	disease_10535	4.237932570492264e-08
Disease	disease_7943	4.236683000023354e-08
Disease	disease_18710	4.236662724097529e-08
Disease	disease_2397	4.2356931209189055e-08
Disease	disease_17175	4.235432525253165e-08
Disease	disease_17174	4.235432525253165e-08
Disease	disease_16329	4.2348524758720536e-08
Disease	disease_10824	4.23468498735461e-08
Disease	disease_12875	4.226823390211076e-08
Disease	disease_11471	4.226823390211076e-08
Disease	disease_10600	4.226579518724802e-08
Disease	disease_1502	4.226194758511402e-08
Disease	disease_2209	4.225954456592939e-08
Disease	disease_14300	4.225647117502504e-08
Disease	disease_6118	4.2240443854729954e-08
Disease	disease_12999	4.2236515504612365e-08
Disease	disease_2483	4.222052195902193e-08
Disease	disease_14527	4.2183917921302575e-08
Disease	disease_6953	4.216477955370901e-08
Disease	disease_16501	4.2160844664969686e-08
Disease	disease_873	4.215855433051348e-08
Disease	disease_18944	4.2149744537480616e-08
Disease	disease_13455	4.212657454867761e-08
Disease	disease_18492	4.211086354047627e-08
Disease	disease_12579	4.210824678235693e-08
Disease	disease_9613	4.208088259810237e-08
Disease	disease_9309	4.2062971735702297e-08
Disease	disease_15559	4.2056471507659884e-08
Disease	disease_9308	4.200084392874194e-08
Disease	disease_6424	4.199751009194983e-08
Disease	disease_16328	4.1982935941812376e-08
Disease	disease_19522	4.19637576697721e-08
Disease	disease_12247	4.1942345713026876e-08
Disease	disease_24430	4.1936236189917216e-08
Disease	disease_100125	4.1936236189917216e-08
Disease	disease_17335	4.192740246874132e-08
Disease	disease_8834	4.191504661462691e-08
Disease	disease_17598	4.190343291211227e-08
Disease	disease_18133	4.1901502866567896e-08
Disease	disease_19238	4.189684282852762e-08
Disease	disease_100073	4.1878126202940875e-08
Disease	disease_4597	4.187591236406486e-08
Disease	disease_8795	4.187501123118704e-08
Disease	disease_7310	4.186704298059353e-08
Disease	disease_21046	4.1836885402630116e-08
Disease	disease_9495	4.181389411448984e-08
Disease	disease_100251	4.1792899310765225e-08
Disease	disease_45046	4.178565156847577e-08
Disease	disease_45033	4.1776852195658665e-08
Disease	disease_19388	4.17638540779055e-08
Disease	disease_8457	4.175726687166154e-08
Disease	disease_11158	4.174661410212433e-08
Disease	disease_17305	4.1736319535066103e-08
Disease	disease_15551	4.17171818394846e-08
Disease	disease_12801	4.1691960001102255e-08
Disease	disease_11819	4.167346533571907e-08
Disease	disease_10038	4.165870147592249e-08
Disease	disease_7573	4.16511845806368e-08
Disease	disease_17806	4.158476108142033e-08
Disease	disease_2488	4.155391661445468e-08
Disease	disease_11184	4.1522541237308155e-08
Disease	disease_11583	4.152133098622642e-08
Disease	disease_13572	4.1518348224488004e-08
Disease	disease_9568	4.150126773558118e-08
Disease	disease_20228	4.1488896651658394e-08
Disease	disease_13349	4.1484311818482345e-08
Disease	disease_14824	4.14665905283369e-08
Disease	disease_10708	4.145219634035584e-08
Disease	disease_17176	4.1451825071498455e-08
Disease	disease_18992	4.143738450028832e-08
Disease	disease_5032	4.1423830342152057e-08
Disease	disease_8394	4.142216068960587e-08
Disease	disease_5543	4.139740070586593e-08
Disease	disease_11627	4.138963088129807e-08
Disease	disease_12290	4.138801259477892e-08
Disease	disease_10469	4.138320002501675e-08
Disease	disease_9848	4.1367184769922093e-08
Disease	disease_5852	4.1353406727673985e-08
Disease	disease_15560	4.133843892839503e-08
Disease	disease_7528	4.133295629769392e-08
Disease	disease_16502	4.1313416410413126e-08
Disease	disease_15336	4.1311810416853764e-08
Disease	disease_19518	4.130987565745917e-08
Disease	disease_18899	4.1286773239666836e-08
Disease	disease_18297	4.1270560507534246e-08
Disease	disease_12107	4.1260875273659164e-08
Disease	disease_4071	4.123117086603317e-08
Disease	disease_8861	4.1230590619560134e-08
Disease	disease_2122	4.1230411144428516e-08
Disease	disease_9760	4.122512363250068e-08
Disease	disease_10733	4.122342774370789e-08
Disease	disease_19161	4.120286936323405e-08
Disease	disease_56804	4.111008941602623e-08
Disease	disease_21636	4.110029421751423e-08
Disease	disease_10139	4.108941908261851e-08
Disease	disease_17944	4.108759676619e-08
Disease	disease_6030	4.107583296986906e-08
Disease	disease_6451	4.1061067920721834e-08
Disease	disease_6572	4.1050909005457396e-08
Disease	disease_16547	4.104359546256618e-08
Disease	disease_16476	4.1043547520078386e-08
Disease	disease_16088	4.1029840585015606e-08
Disease	disease_16315	4.1029551383776675e-08
Disease	disease_30867	4.102571393511752e-08
Disease	disease_1586	4.1014775506115684e-08
Disease	disease_7459	4.0930822433378644e-08
Disease	disease_1594	4.092723962664285e-08
Disease	disease_12032	4.091117183342486e-08
Disease	disease_9636	4.0899114497115806e-08
Disease	disease_19793	4.088656216904707e-08
Disease	disease_10954	4.085830504243396e-08
Disease	disease_17322	4.08533740727638e-08
Disease	disease_171	4.0845926357296063e-08
Disease	disease_18959	4.084307893802448e-08
Disease	disease_3411	4.0842511428981745e-08
Disease	disease_2487	4.082613231521019e-08
Disease	disease_16316	4.080983963112281e-08
Disease	disease_19962	4.0805637468897754e-08
Disease	disease_13925	4.0796334735129926e-08
Disease	disease_4695	4.078951393469888e-08
Disease	disease_20606	4.078772462687933e-08
Disease	disease_34099	4.076452739109628e-08
Disease	disease_11157	4.073322513514779e-08
Disease	disease_5339	4.073196609077728e-08
Disease	disease_14329	4.071459227175752e-08
Disease	disease_5443	4.071457934523642e-08
Disease	disease_14576	4.0709374523177415e-08
Disease	disease_8661	4.070630795726298e-08
Disease	disease_14063	4.070259544553389e-08
Disease	disease_637	4.0690566292479535e-08
Disease	disease_1775	4.0667900718145276e-08
Disease	disease_15191	4.0666610735575036e-08
Disease	disease_14452	4.065647533953922e-08
Disease	disease_17879	4.064854255467036e-08
Disease	disease_100326	4.062550149396278e-08
Disease	disease_9295	4.060174894195073e-08
Disease	disease_17740	4.0593500771561225e-08
Disease	disease_7057	4.059156136848696e-08
Disease	disease_1347	4.05848993926707e-08
Disease	disease_24257	4.0559882978381826e-08
Disease	disease_8497	4.0546605700097555e-08
Disease	disease_15874	4.0541845468033005e-08
Disease	disease_19454	4.0539566836792066e-08
Disease	disease_20467	4.053310038891822e-08
Disease	disease_20472	4.053310038891822e-08
Disease	disease_9262	4.051638997695642e-08
Disease	disease_9264	4.049366360574666e-08
Disease	disease_14912	4.047054585039298e-08
Disease	disease_12845	4.043376996259728e-08
Disease	disease_10085	4.0411984813586197e-08
Disease	disease_16506	4.0407379063396165e-08
Disease	disease_12450	4.039910061550691e-08
Disease	disease_10354	4.0372715462674395e-08
Disease	disease_33682	4.036803347364642e-08
Disease	disease_11021	4.035447477507841e-08
Disease	disease_10588	4.035227990618454e-08
Disease	disease_26782	4.035034114799702e-08
Disease	disease_15168	4.0346303529541146e-08
Disease	disease_3544	4.033329233931222e-08
Disease	disease_5192	4.0331785905202314e-08
Disease	disease_30004	4.029691278425719e-08
Disease	disease_12621	4.02965442030386e-08
Disease	disease_979	4.028315855133356e-08
Disease	disease_12610	4.02830218424852e-08
Disease	disease_12832	4.0278911886552945e-08
Disease	disease_32586	4.027882702447316e-08
Disease	disease_17152	4.02759741930927e-08
Disease	disease_18428	4.027304654122463e-08
Disease	disease_14975	4.025772259339613e-08
Disease	disease_12840	4.025767448681371e-08
Disease	disease_15100	4.025593449258292e-08
Disease	disease_16429	4.024415591751826e-08
Disease	disease_18784	4.024415591751826e-08
Disease	disease_10079	4.022279166019089e-08
Disease	disease_1795	4.022086899103065e-08
Disease	disease_6745	4.021914542852902e-08
Disease	disease_11521	4.021311890696089e-08
Disease	disease_12886	4.021311890696089e-08
Disease	disease_11661	4.021311890696089e-08
Disease	disease_11700	4.021311890696089e-08
Disease	disease_12852	4.021311890696089e-08
Disease	disease_13012	4.021311890696089e-08
Disease	disease_12887	4.021311890696089e-08
Disease	disease_11701	4.021311890696089e-08
Disease	disease_12837	4.021311890696089e-08
Disease	disease_12940	4.021311890696089e-08
Disease	disease_15176	4.021311890696089e-08
Disease	disease_11087	4.021311890696089e-08
Disease	disease_12838	4.021311890696089e-08
Disease	disease_12829	4.021311890696089e-08
Disease	disease_12040	4.021311890696089e-08
Disease	disease_12973	4.021311890696089e-08
Disease	disease_12841	4.021311890696089e-08
Disease	disease_11699	4.021311890696089e-08
Disease	disease_13066	4.020791961513298e-08
Disease	disease_20045	4.020535784232052e-08
Disease	disease_14728	4.0199320516867264e-08
Disease	disease_471	4.018740125314428e-08
Disease	disease_2108	4.0158589438869046e-08
Disease	disease_24333	4.013886361875922e-08
Disease	disease_19920	4.012663954716477e-08
Disease	disease_10943	4.0125484227775186e-08
Disease	disease_9877	4.011511871883666e-08
Disease	disease_13267	4.0108480171043724e-08
Disease	disease_31219	4.0090961224699936e-08
Disease	disease_3656	4.0076873516253517e-08
Disease	disease_9557	4.005739059762359e-08
Disease	disease_11624	4.005173414327418e-08
Disease	disease_2098	4.0040833077766284e-08
Disease	disease_32784	4.004004447339709e-08
Disease	disease_10683	4.003081586912288e-08
Disease	disease_8316	4.002520449996108e-08
Disease	disease_15010	3.9968362313243266e-08
Disease	disease_15207	3.995265364231578e-08
Disease	disease_12258	3.993251463527387e-08
Disease	disease_16349	3.992808557383124e-08
Disease	disease_7903	3.988742822341697e-08
Disease	disease_11340	3.988037864003326e-08
Disease	disease_8636	3.987143797779089e-08
Disease	disease_8872	3.986817990428772e-08
Disease	disease_11393	3.9857964891036865e-08
Disease	disease_5769	3.984256869558671e-08
Disease	disease_12211	3.9813566855922196e-08
Disease	disease_10897	3.9811174692923105e-08
Disease	disease_5157	3.9802686313148056e-08
Disease	disease_14167	3.97845590673328e-08
Disease	disease_14643	3.974289582806009e-08
Disease	disease_11163	3.974216921464634e-08
Disease	disease_1125	3.9741164393052614e-08
Disease	disease_100194	3.974036956095967e-08
Disease	disease_19716	3.9726679125817125e-08
Disease	disease_20811	3.972484020764492e-08
Disease	disease_18212	3.969461180092634e-08
Disease	disease_30088	3.9663860944739824e-08
Disease	disease_11961	3.96580770621215e-08
Disease	disease_43707	3.96382902148357e-08
Disease	disease_20849	3.961756834445363e-08
Disease	disease_9280	3.9610542496878595e-08
Disease	disease_10288	3.960023812639394e-08
Disease	disease_7600	3.959315368579411e-08
Disease	disease_7072	3.955274510052134e-08
Disease	disease_11861	3.9547500198404985e-08
Disease	disease_5557	3.9536205222583166e-08
Disease	disease_54699	3.951435141465583e-08
Disease	disease_15607	3.948836673609813e-08
Disease	disease_24635	3.948811485083341e-08
Disease	disease_21054	3.948747774482486e-08
Disease	disease_7574	3.944448343923577e-08
Disease	disease_7184	3.942792058895033e-08
Disease	disease_21049	3.940078209753951e-08
Disease	disease_5500	3.937244568715862e-08
Disease	disease_21020	3.935113674105562e-08
Disease	disease_13874	3.933825196189324e-08
Disease	disease_9062	3.933661805964202e-08
Disease	disease_6419	3.933301027829346e-08
Disease	disease_12611	3.933125909808954e-08
Disease	disease_13661	3.932067543068656e-08
Disease	disease_8116	3.9316796953686275e-08
Disease	disease_8097	3.9306591974098935e-08
Disease	disease_10041	3.9302514649662156e-08
Disease	disease_10659	3.928405164460533e-08
Disease	disease_24354	3.92677676312519e-08
Disease	disease_8157	3.926385112743706e-08
Disease	disease_11098	3.923841015792005e-08
Disease	disease_9255	3.923181610535244e-08
Disease	disease_20587	3.921328697849247e-08
Disease	disease_9767	3.920661498886234e-08
Disease	disease_33312	3.918750622091948e-08
Disease	disease_10587	3.918705620458277e-08
Disease	disease_21657	3.914772316830048e-08
Disease	disease_19303	3.914662141201968e-08
Disease	disease_8329	3.913671323090322e-08
Disease	disease_18456	3.91053976299618e-08
Disease	disease_10829	3.9084212401603615e-08
Disease	disease_12436	3.9068689194410136e-08
Disease	disease_18347	3.906568562126345e-08
Disease	disease_15455	3.905635065624521e-08
Disease	disease_2967	3.905463007306865e-08
Disease	disease_9678	3.904644351689423e-08
Disease	disease_14731	3.90458043786524e-08
Disease	disease_32657	3.9042925430646195e-08
Disease	disease_10395	3.9040874971066984e-08
Disease	disease_8278	3.904055545081625e-08
Disease	disease_9714	3.9035231584129236e-08
Disease	disease_9935	3.9014666983871426e-08
Disease	disease_5496	3.898911044209017e-08
Disease	disease_8006	3.8980307353437736e-08
Disease	disease_11207	3.8974549285683165e-08
Disease	disease_5518	3.895840491460923e-08
Disease	disease_16214	3.895465316439373e-08
Disease	disease_23	3.89263796720633e-08
Disease	disease_20227	3.89004829543509e-08
Disease	disease_45011	3.8891398621510764e-08
Disease	disease_10099	3.8884447610771e-08
Disease	disease_20757	3.888225025267448e-08
Disease	disease_2156	3.8878549740596546e-08
Disease	disease_2768	3.88667496198416e-08
Disease	disease_9945	3.8848618745884e-08
Disease	disease_44312	3.884152379293944e-08
Disease	disease_16450	3.88377815570338e-08
Disease	disease_41182	3.882348161685588e-08
Disease	disease_40964	3.880855823972018e-08
Disease	disease_10567	3.879662071356737e-08
Disease	disease_8111	3.87897872457689e-08
Disease	disease_11599	3.8749971741099976e-08
Disease	disease_9176	3.87327882433596e-08
Disease	disease_32726	3.872616371330334e-08
Disease	disease_19113	3.870015437482889e-08
Disease	disease_18414	3.868849426764024e-08
Disease	disease_13410	3.868257870348914e-08
Disease	disease_13960	3.867023470013787e-08
Disease	disease_37937	3.866768953171463e-08
Disease	disease_24322	3.866488507361098e-08
Disease	disease_9892	3.866457340086399e-08
Disease	disease_19735	3.866390958364954e-08
Disease	disease_100133	3.862121906034218e-08
Disease	disease_9728	3.861673181559982e-08
Disease	disease_12317	3.861495108788631e-08
Disease	disease_15192	3.861495108788631e-08
Disease	disease_5770	3.86117806178079e-08
Disease	disease_10397	3.859692186267018e-08
Disease	disease_21050	3.859397570513439e-08
Disease	disease_908	3.859393326384143e-08
Disease	disease_9620	3.85710977900874e-08
Disease	disease_33554	3.855351802923135e-08
Disease	disease_7109	3.8548587145798816e-08
Disease	disease_10010	3.8547832889087506e-08
Disease	disease_18770	3.853876894790634e-08
Disease	disease_13265	3.853027944219551e-08
Disease	disease_37829	3.8528842510430196e-08
Disease	disease_12860	3.851473235266787e-08
Disease	disease_9476	3.8510390354891635e-08
Disease	disease_19243	3.8480588092262104e-08
Disease	disease_9339	3.842456542572865e-08
Disease	disease_100138	3.840654268940478e-08
Disease	disease_17713	3.837953766189901e-08
Disease	disease_8560	3.837563056747275e-08
Disease	disease_12451	3.8373498824029255e-08
Disease	disease_10646	3.831420528837301e-08
Disease	disease_15011	3.8310817187848074e-08
Disease	disease_17298	3.830864793819554e-08
Disease	disease_2692	3.829334207460354e-08
Disease	disease_13258	3.8286352344398087e-08
Disease	disease_5901	3.828574748970847e-08
Disease	disease_11555	3.8271707411234313e-08
Disease	disease_25085	3.8266431262704696e-08
Disease	disease_3182	3.8200010718738896e-08
Disease	disease_3540	3.819411934269128e-08
Disease	disease_5677	3.819384256148761e-08
Disease	disease_8768	3.8189728310992685e-08
Disease	disease_10449	3.818792625164968e-08
Disease	disease_18673	3.8180096822660195e-08
Disease	disease_10922	3.8171402294186825e-08
Disease	disease_18030	3.8170208883740513e-08
Disease	disease_20841	3.8164954947132154e-08
Disease	disease_10174	3.81616084560194e-08
Disease	disease_9928	3.815538440320509e-08
Disease	disease_37742	3.815322150926222e-08
Disease	disease_18442	3.815005325169611e-08
Disease	disease_17214	3.814842513680098e-08
Disease	disease_12567	3.8147188237576626e-08
Disease	disease_12261	3.8147188237576626e-08
Disease	disease_12600	3.8147188237576626e-08
Disease	disease_12578	3.8147188237576626e-08
Disease	disease_12566	3.8147188237576626e-08
Disease	disease_14041	3.8147188237576626e-08
Disease	disease_12533	3.8147188237576626e-08
Disease	disease_12601	3.8147188237576626e-08
Disease	disease_15087	3.81415831580475e-08
Disease	disease_16673	3.8128051229870913e-08
Disease	disease_17241	3.810904785372387e-08
Disease	disease_13881	3.8090666413649995e-08
Disease	disease_17822	3.808203903749105e-08
Disease	disease_19162	3.807132579405416e-08
Disease	disease_14480	3.807073849519639e-08
Disease	disease_8348	3.803573343432049e-08
Disease	disease_10983	3.80217023099717e-08
Disease	disease_22993	3.801404190479181e-08
Disease	disease_16390	3.801369544502027e-08
Disease	disease_20063	3.7993486498933254e-08
Disease	disease_624	3.798817149117121e-08
Disease	disease_13784	3.797063212398223e-08
Disease	disease_13098	3.7941096283919164e-08
Disease	disease_13260	3.789516829063104e-08
Disease	disease_16848	3.789346250664357e-08
Disease	disease_21658	3.789306546881715e-08
Disease	disease_20524	3.78855066817588e-08
Disease	disease_12369	3.788060177645854e-08
Disease	disease_14634	3.787453710374556e-08
Disease	disease_14002	3.786408416859123e-08
Disease	disease_11004	3.7842764664126e-08
Disease	disease_44726	3.782521618283035e-08
Disease	disease_10226	3.780828255657147e-08
Disease	disease_17025	3.778422612937101e-08
Disease	disease_16497	3.77754934461745e-08
Disease	disease_9477	3.7761693401107836e-08
Disease	disease_43777	3.776064649252404e-08
Disease	disease_19860	3.77484198891835e-08
Disease	disease_9567	3.773406440840709e-08
Disease	disease_16904	3.772897034821589e-08
Disease	disease_16693	3.772676584470882e-08
Disease	disease_7938	3.7718530247027283e-08
Disease	disease_12407	3.771846193289424e-08
Disease	disease_16742	3.7715729711920665e-08
Disease	disease_12719	3.770995303422619e-08
Disease	disease_17131	3.770012698132912e-08
Disease	disease_19299	3.768917199881294e-08
Disease	disease_8061	3.7638703857076904e-08
Disease	disease_16056	3.7634811618265675e-08
Disease	disease_10498	3.762779652624211e-08
Disease	disease_8287	3.760222734466264e-08
Disease	disease_20106	3.758222666507965e-08
Disease	disease_2928	3.757529720226162e-08
Disease	disease_10830	3.75708851646806e-08
Disease	disease_18737	3.755528476713374e-08
Disease	disease_19712	3.752994911106389e-08
Disease	disease_3031	3.752714237842619e-08
Disease	disease_21179	3.75250503158182e-08
Disease	disease_41261	3.75250503158182e-08
Disease	disease_400003	3.75250503158182e-08
Disease	disease_13226	3.7498052678212484e-08
Disease	disease_5688	3.7465480797869467e-08
Disease	disease_16064	3.745235883389772e-08
Disease	disease_21640	3.744674898816216e-08
Disease	disease_33261	3.740393533482419e-08
Disease	disease_11969	3.7395206604073045e-08
Disease	disease_9212	3.7387452139646055e-08
Disease	disease_17242	3.73551361392062e-08
Disease	disease_8046	3.734587023079344e-08
Disease	disease_5842	3.733301120417778e-08
Disease	disease_2505	3.7327760736423466e-08
Disease	disease_20569	3.7326687946934075e-08
Disease	disease_12276	3.732385200735087e-08
Disease	disease_33541	3.73154820315239e-08
Disease	disease_7750	3.729158403233741e-08
Disease	disease_14054	3.726968365824334e-08
Disease	disease_17368	3.726445866699857e-08
Disease	disease_16748	3.725167249924103e-08
Disease	disease_12804	3.721549799278623e-08
Disease	disease_3401	3.71742312410613e-08
Disease	disease_30089	3.71732947578258e-08
Disease	disease_12417	3.7168935213979795e-08
Disease	disease_12426	3.7163370384579135e-08
Disease	disease_18108	3.716231384316659e-08
Disease	disease_33885	3.715945206181058e-08
Disease	disease_1446	3.714026466797497e-08
Disease	disease_15797	3.712029015956309e-08
Disease	disease_13995	3.709951217157688e-08
Disease	disease_11125	3.709337398862958e-08
Disease	disease_13344	3.706962139229864e-08
Disease	disease_9072	3.706021988013369e-08
Disease	disease_11857	3.7049246750527475e-08
Disease	disease_9451	3.699018785877804e-08
Disease	disease_9158	3.698913019474058e-08
Disease	disease_14887	3.698887953047478e-08
Disease	disease_11362	3.6963070891820014e-08
Disease	disease_7686	3.6936933998306074e-08
Disease	disease_8929	3.6931583113444055e-08
Disease	disease_7200	3.6914727411389654e-08
Disease	disease_355	3.690191357344839e-08
Disease	disease_902	3.690084955280534e-08
Disease	disease_18368	3.6880327579600993e-08
Disease	disease_10702	3.687394862928752e-08
Disease	disease_20598	3.68476642072041e-08
Disease	disease_23204	3.6844049511449526e-08
Disease	disease_25294	3.683527447105783e-08
Disease	disease_32594	3.683456647045766e-08
Disease	disease_9783	3.680763501784731e-08
Disease	disease_18089	3.680037058144065e-08
Disease	disease_7541	3.678629803622299e-08
Disease	disease_20487	3.677252602012154e-08
Disease	disease_19797	3.6770491206010356e-08
Disease	disease_9144	3.67138380774901e-08
Disease	disease_7445	3.670522306506654e-08
Disease	disease_9441	3.6669266713910405e-08
Disease	disease_8094	3.6654287999914705e-08
Disease	disease_5919	3.66514931936738e-08
Disease	disease_8935	3.6642393294093434e-08
Disease	disease_44764	3.6628821660196963e-08
Disease	disease_19547	3.662816907134419e-08
Disease	disease_19024	3.6603851234364954e-08
Disease	disease_20118	3.6599420768475774e-08
Disease	disease_15299	3.658060341821239e-08
Disease	disease_19078	3.655768852098933e-08
Disease	disease_7614	3.6533776113387016e-08
Disease	disease_43759	3.6501076144516574e-08
Disease	disease_5284	3.6498304567302035e-08
Disease	disease_2631	3.648428986741619e-08
Disease	disease_25511	3.647894242808847e-08
Disease	disease_16098	3.6476826057942963e-08
Disease	disease_32710	3.646640816365214e-08
Disease	disease_30856	3.646248617647568e-08
Disease	disease_44646	3.6449613903526535e-08
Disease	disease_19854	3.64476868688457e-08
Disease	disease_5476	3.6444221469579634e-08
Disease	disease_9397	3.643538415041207e-08
Disease	disease_3408	3.643113768483087e-08
Disease	disease_17311	3.642917504957765e-08
Disease	disease_16883	3.642522767779027e-08
Disease	disease_1726	3.640584966527847e-08
Disease	disease_9183	3.6377730188448416e-08
Disease	disease_9614	3.637572394953877e-08
Disease	disease_6290	3.6332804582813045e-08
Disease	disease_21633	3.6329696460715663e-08
Disease	disease_19370	3.630723536961804e-08
Disease	disease_7099	3.630328870001597e-08
Disease	disease_15710	3.6301337490999245e-08
Disease	disease_19087	3.628062458383176e-08
Disease	disease_16060	3.6273402053615735e-08
Disease	disease_21509	3.626603384414822e-08
Disease	disease_18475	3.6262894060958444e-08
Disease	disease_11822	3.625035632346069e-08
Disease	disease_15009	3.624097168818466e-08
Disease	disease_19827	3.623559696611718e-08
Disease	disease_18999	3.623504405193205e-08
Disease	disease_11144	3.6226745854606446e-08
Disease	disease_2628	3.621275635956625e-08
Disease	disease_19367	3.619339585766021e-08
Disease	disease_16410	3.6176910036783e-08
Disease	disease_16740	3.617206776911421e-08
Disease	disease_19755	3.616575173568532e-08
Disease	disease_10941	3.616268192269274e-08
Disease	disease_8251	3.615347726227433e-08
Disease	disease_18994	3.615345856574271e-08
Disease	disease_24487	3.615043336683302e-08
Disease	disease_11906	3.613631550404994e-08
Disease	disease_3010	3.613229547715676e-08
Disease	disease_12735	3.6119939605182454e-08
Disease	disease_15987	3.6081986740914834e-08
Disease	disease_16416	3.608058228710363e-08
Disease	disease_24388	3.606361885952298e-08
Disease	disease_6209	3.6011295841350364e-08
Disease	disease_22655	3.6010894275666644e-08
Disease	disease_8751	3.597997343872098e-08
Disease	disease_14761	3.596468934525627e-08
Disease	disease_13700	3.596027921235882e-08
Disease	disease_16011	3.593358773261942e-08
Disease	disease_3554	3.5909525739290515e-08
Disease	disease_17017	3.590231815051822e-08
Disease	disease_11744	3.5893869672770654e-08
Disease	disease_19706	3.5868104170663084e-08
Disease	disease_1717	3.585649645220627e-08
Disease	disease_11886	3.5828059255093525e-08
Disease	disease_6122	3.578071229321927e-08
Disease	disease_19942	3.5777467057279554e-08
Disease	disease_10851	3.575984117429732e-08
Disease	disease_44204	3.575000475447174e-08
Disease	disease_13646	3.574857168149124e-08
Disease	disease_19607	3.574666330057734e-08
Disease	disease_2724	3.5724834739979766e-08
Disease	disease_11537	3.5714203149830976e-08
Disease	disease_7493	3.571300446743847e-08
Disease	disease_7201	3.5708707837952775e-08
Disease	disease_8186	3.5685496173334775e-08
Disease	disease_14315	3.567859979289152e-08
Disease	disease_8893	3.567587235003546e-08
Disease	disease_56803	3.567256159845544e-08
Disease	disease_13550	3.566398320548517e-08
Disease	disease_11283	3.5660224047681227e-08
Disease	disease_16113	3.565233644598891e-08
Disease	disease_20344	3.563890441151046e-08
Disease	disease_20232	3.563698420326368e-08
Disease	disease_14131	3.561092881379438e-08
Disease	disease_17794	3.5610815989798694e-08
Disease	disease_7751	3.559416834054517e-08
Disease	disease_5042	3.558507994506183e-08
Disease	disease_16865	3.5584131791189417e-08
Disease	disease_17659	3.555361847094902e-08
Disease	disease_14632	3.5514080568034114e-08
Disease	disease_18500	3.549201836046648e-08
Disease	disease_100296	3.549187578451946e-08
Disease	disease_8885	3.548631104341349e-08
Disease	disease_931	3.544948837535783e-08
Disease	disease_1889	3.5428669750979824e-08
Disease	disease_19595	3.5413773056384885e-08
Disease	disease_10100	3.540873586891938e-08
Disease	disease_17786	3.540709052490637e-08
Disease	disease_11049	3.5402420854258975e-08
Disease	disease_15079	3.5380364260274133e-08
Disease	disease_490	3.537512511501284e-08
Disease	disease_9092	3.536994814302074e-08
Disease	disease_4323	3.528449385754861e-08
Disease	disease_2165	3.526029470254901e-08
Disease	disease_3222	3.524323138581075e-08
Disease	disease_18841	3.523590747816472e-08
Disease	disease_8075	3.522623219451674e-08
Disease	disease_2337	3.5208111436252175e-08
Disease	disease_43176	3.520799820225873e-08
Disease	disease_14764	3.5186018432773095e-08
Disease	disease_7284	3.5184298581330294e-08
Disease	disease_22025	3.518377256580697e-08
Disease	disease_12074	3.5172527096115275e-08
Disease	disease_9086	3.5158925348410046e-08
Disease	disease_17608	3.5145533079264876e-08
Disease	disease_242	3.5105983467318964e-08
Disease	disease_37740	3.508386064099002e-08
Disease	disease_21964	3.5040056022426474e-08
Disease	disease_5568	3.503571209551056e-08
Disease	disease_19356	3.503286973715682e-08
Disease	disease_13074	3.502575023115273e-08
Disease	disease_17759	3.5019947594369516e-08
Disease	disease_3725	3.4986146459637816e-08
Disease	disease_8471	3.497824910418821e-08
Disease	disease_12563	3.497516389555153e-08
Disease	disease_1522	3.495835916203359e-08
Disease	disease_6728	3.4954351937911714e-08
Disease	disease_9675	3.495260258111327e-08
Disease	disease_909	3.495154355343401e-08
Disease	disease_16949	3.494154074817655e-08
Disease	disease_1649	3.4934434063941e-08
Disease	disease_12153	3.4922842129384525e-08
Disease	disease_8769	3.4921175243623555e-08
Disease	disease_18204	3.4919580514784045e-08
Disease	disease_17624	3.491349921922999e-08
Disease	disease_19741	3.489859164223709e-08
Disease	disease_463	3.488932869352545e-08
Disease	disease_12016	3.488521669108176e-08
Disease	disease_13559	3.488339810804299e-08
Disease	disease_18932	3.487976397955418e-08
Disease	disease_43919	3.487346022241988e-08
Disease	disease_2095	3.486261660677253e-08
Disease	disease_12890	3.483540753375468e-08
Disease	disease_10444	3.483483913312661e-08
Disease	disease_4275	3.4822747670951714e-08
Disease	disease_100228	3.479529094170019e-08
Disease	disease_17716	3.4780146237311445e-08
Disease	disease_8428	3.4763678976019134e-08
Disease	disease_703	3.4756218548238694e-08
Disease	disease_37747	3.473844343289884e-08
Disease	disease_14241	3.473107112735117e-08
Disease	disease_14918	3.4718671428666334e-08
Disease	disease_7485	3.47133623874343e-08
Disease	disease_9069	3.4709184469748586e-08
Disease	disease_33664	3.470278183184119e-08
Disease	disease_15085	3.4692861966425626e-08
Disease	disease_17244	3.468857400262068e-08
Disease	disease_11374	3.465700007043287e-08
Disease	disease_19314	3.459240977934637e-08
Disease	disease_10814	3.45787189135478e-08
Disease	disease_42484	3.457113443211665e-08
Disease	disease_518	3.456917376780697e-08
Disease	disease_14464	3.4560087740302367e-08
Disease	disease_9323	3.453682768739852e-08
Disease	disease_20559	3.453482639788455e-08
Disease	disease_18656	3.453392309713197e-08
Disease	disease_6566	3.452409283638392e-08
Disease	disease_8952	3.4521246586193903e-08
Disease	disease_5996	3.451828359421337e-08
Disease	disease_22557	3.448462224116964e-08
Disease	disease_19995	3.447812855002494e-08
Disease	disease_20274	3.4468040004896334e-08
Disease	disease_44	3.445972688332212e-08
Disease	disease_16338	3.445165964419701e-08
Disease	disease_10379	3.444618255946637e-08
Disease	disease_15074	3.443831549505528e-08
Disease	disease_15852	3.443735267199046e-08
Disease	disease_17026	3.442956706749275e-08
Disease	disease_3398	3.441099812961919e-08
Disease	disease_8050	3.436862771697413e-08
Disease	disease_44887	3.436476487298992e-08
Disease	disease_5632	3.436054279672346e-08
Disease	disease_19911	3.4352826412235994e-08
Disease	disease_7925	3.433736939429828e-08
Disease	disease_19149	3.433705853306908e-08
Disease	disease_44200	3.4321357671783476e-08
Disease	disease_7024	3.431156648536435e-08
Disease	disease_8732	3.429984324083535e-08
Disease	disease_9821	3.428566415990227e-08
Disease	disease_17928	3.428459118541911e-08
Disease	disease_22007	3.424925128953114e-08
Disease	disease_8426	3.424476381242447e-08
Disease	disease_12759	3.423805340740127e-08
Disease	disease_2013	3.423455790601526e-08
Disease	disease_13675	3.423384994903785e-08
Disease	disease_4528	3.4221871991823286e-08
Disease	disease_11652	3.419754784834109e-08
Disease	disease_14884	3.4176470208313425e-08
Disease	disease_3619	3.4171060334388055e-08
Disease	disease_2632	3.416289961358755e-08
Disease	disease_4050	3.416289961358755e-08
Disease	disease_4963	3.4148821736272176e-08
Disease	disease_11342	3.4134050424301504e-08
Disease	disease_24537	3.413342874322921e-08
Disease	disease_11902	3.4133065028026576e-08
Disease	disease_17286	3.411255262469171e-08
Disease	disease_20546	3.411049371698217e-08
Disease	disease_7414	3.4108452710298154e-08
Disease	disease_18670	3.4106763765884395e-08
Disease	disease_20726	3.409951744039856e-08
Disease	disease_16380	3.405237660143761e-08
Disease	disease_8146	3.4025188730500857e-08
Disease	disease_19784	3.4023021303629696e-08
Disease	disease_2099	3.400046139201155e-08
Disease	disease_22742	3.399781610262496e-08
Disease	disease_9423	3.399644044829678e-08
Disease	disease_19197	3.397034688376364e-08
Disease	disease_21571	3.395682166071804e-08
Disease	disease_9684	3.3938492578170555e-08
Disease	disease_7165	3.392294164311733e-08
Disease	disease_1699	3.3899269116249496e-08
Disease	disease_21944	3.3897514735098484e-08
Disease	disease_7014	3.389337170710941e-08
Disease	disease_21631	3.389099610286882e-08
Disease	disease_20332	3.388983926140975e-08
Disease	disease_24302	3.388603565993368e-08
Disease	disease_20595	3.388573438617884e-08
Disease	disease_18465	3.388161662234342e-08
Disease	disease_9210	3.385897417582425e-08
Disease	disease_8783	3.385417122212262e-08
Disease	disease_774	3.3841326103573425e-08
Disease	disease_14218	3.382996612620406e-08
Disease	disease_19002	3.3827657005444897e-08
Disease	disease_44339	3.382685651345642e-08
Disease	disease_9804	3.382665643433666e-08
Disease	disease_15096	3.379790198466895e-08
Disease	disease_8276	3.379637799382407e-08
Disease	disease_32830	3.376676931441704e-08
Disease	disease_43314	3.376507611722335e-08
Disease	disease_8689	3.375593752090475e-08
Disease	disease_17284	3.373669764584489e-08
Disease	disease_20056	3.37319336418655e-08
Disease	disease_7837	3.3730883169930187e-08
Disease	disease_12675	3.371648494289379e-08
Disease	disease_19593	3.370921630668925e-08
Disease	disease_24500	3.3703885937468724e-08
Disease	disease_17688	3.370368832365192e-08
Disease	disease_21726	3.369997685911001e-08
Disease	disease_18974	3.368421544973494e-08
Disease	disease_14506	3.367461131330478e-08
Disease	disease_12853	3.3666219756988645e-08
Disease	disease_10657	3.365770073165628e-08
Disease	disease_2941	3.365738345195944e-08
Disease	disease_6363	3.365326988962119e-08
Disease	disease_24318	3.364919877391439e-08
Disease	disease_6519	3.3647788378512544e-08
Disease	disease_44995	3.3610685685602216e-08
Disease	disease_32909	3.3609165402402526e-08
Disease	disease_4077	3.359749601716291e-08
Disease	disease_10092	3.3584620663852144e-08
Disease	disease_19734	3.358369306193185e-08
Disease	disease_17987	3.3551031636381055e-08
Disease	disease_20589	3.352558132520953e-08
Disease	disease_9149	3.3506275598865437e-08
Disease	disease_16698	3.3501534497525655e-08
Disease	disease_12129	3.3495233910466644e-08
Disease	disease_41008	3.348774047544783e-08
Disease	disease_8134	3.3469698403317435e-08
Disease	disease_12400	3.345890883333653e-08
Disease	disease_16120	3.3434306145372855e-08
Disease	disease_16614	3.3426119895834095e-08
Disease	disease_16399	3.342492310986898e-08
Disease	disease_11578	3.33823837815734e-08
Disease	disease_9133	3.3328250995102114e-08
Disease	disease_13523	3.330505897078673e-08
Disease	disease_2681	3.329737525083683e-08
Disease	disease_30502	3.3272600425138496e-08
Disease	disease_1200	3.326902943812566e-08
Disease	disease_9965	3.3263947957203484e-08
Disease	disease_20545	3.321362117123171e-08
Disease	disease_13350	3.3212055457547625e-08
Disease	disease_18922	3.320984639128523e-08
Disease	disease_18013	3.3209211026076956e-08
Disease	disease_9411	3.3203194205096215e-08
Disease	disease_1222	3.3201610106945496e-08
Disease	disease_5544	3.320011887561218e-08
Disease	disease_6956	3.319099267108699e-08
Disease	disease_41167	3.317113728821584e-08
Disease	disease_6926	3.315656910902551e-08
Disease	disease_588	3.315523521524498e-08
Disease	disease_10865	3.315229315828452e-08
Disease	disease_9404	3.314985635760726e-08
Disease	disease_11214	3.3141022018471306e-08
Disease	disease_20495	3.3136155847042595e-08
Disease	disease_10717	3.3132081416081454e-08
Disease	disease_16052	3.3129253493890045e-08
Disease	disease_5883	3.3129013308644856e-08
Disease	disease_12295	3.312196015698742e-08
Disease	disease_10339	3.31179922928844e-08
Disease	disease_1437	3.310897186560329e-08
Disease	disease_10533	3.310532130830136e-08
Disease	disease_16097	3.30737958353022e-08
Disease	disease_10155	3.306838305379093e-08
Disease	disease_11868	3.305379676627621e-08
Disease	disease_7085	3.300190228561879e-08
Disease	disease_4914	3.299639644323521e-08
Disease	disease_19336	3.2969869482967636e-08
Disease	disease_17756	3.2960219678626855e-08
Disease	disease_1115	3.295778710053913e-08
Disease	disease_18485	3.294351920136524e-08
Disease	disease_9661	3.2937591397253203e-08
Disease	disease_8333	3.292920227616098e-08
Disease	disease_8177	3.292041224289762e-08
Disease	disease_16722	3.291208007782572e-08
Disease	disease_17014	3.290240614892477e-08
Disease	disease_20480	3.2901206754520205e-08
Disease	disease_12222	3.290095777885925e-08
Disease	disease_17388	3.289893958202332e-08
Disease	disease_12635	3.289549102953461e-08
Disease	disease_7635	3.289079163118215e-08
Disease	disease_10142	3.289000509748132e-08
Disease	disease_15046	3.2877995452663764e-08
Disease	disease_19528	3.285849341720428e-08
Disease	disease_100165	3.2856983668014564e-08
Disease	disease_14775	3.285485888908121e-08
Disease	disease_14716	3.285245732890631e-08
Disease	disease_15581	3.283808388829737e-08
Disease	disease_9181	3.2826898945698304e-08
Disease	disease_17090	3.2779135779281275e-08
Disease	disease_24536	3.2762278970736096e-08
Disease	disease_10401	3.2757808698767784e-08
Disease	disease_18293	3.2756604487640434e-08
Disease	disease_1295	3.2739074424285126e-08
Disease	disease_18617	3.2739074424285126e-08
Disease	disease_16040	3.2739074424285126e-08
Disease	disease_16090	3.2710285287552566e-08
Disease	disease_13439	3.26919630216356e-08
Disease	disease_12465	3.26708088359113e-08
Disease	disease_11640	3.265301657081753e-08
Disease	disease_19234	3.264734317848788e-08
Disease	disease_5373	3.2640112440441644e-08
Disease	disease_1979	3.26132566003398e-08
Disease	disease_17580	3.260309949232114e-08
Disease	disease_6718	3.260136974186681e-08
Disease	disease_3198	3.259464362530399e-08
Disease	disease_18101	3.25847464888758e-08
Disease	disease_5624	3.25764799336933e-08
Disease	disease_9454	3.257530510544933e-08
Disease	disease_2040	3.257353177765969e-08
Disease	disease_23035	3.254302909059323e-08
Disease	disease_100094	3.254302909059323e-08
Disease	disease_17030	3.252178119724781e-08
Disease	disease_20311	3.252123270335985e-08
Disease	disease_8346	3.251918334206645e-08
Disease	disease_6794	3.2514673227570445e-08
Disease	disease_1259	3.251260209552096e-08
Disease	disease_18575	3.2500867354596905e-08
Disease	disease_60578	3.248885081587152e-08
Disease	disease_7921	3.24837319835645e-08
Disease	disease_9936	3.2467743733006984e-08
Disease	disease_5696	3.246116258998024e-08
Disease	disease_7152	3.2455923000952967e-08
Disease	disease_4852	3.2445285171676266e-08
Disease	disease_5767	3.243805148916526e-08
Disease	disease_200	3.243674386054098e-08
Disease	disease_9294	3.241660626524495e-08
Disease	disease_16405	3.241058790755909e-08
Disease	disease_16556	3.23793866835542e-08
Disease	disease_11759	3.236820142137365e-08
Disease	disease_7188	3.234996358372169e-08
Disease	disease_16699	3.233922595019727e-08
Disease	disease_12948	3.232833103869015e-08
Disease	disease_17360	3.23162807112115e-08
Disease	disease_21723	3.23161791447287e-08
Disease	disease_4900	3.23110826273369e-08
Disease	disease_23646	3.2301395936312896e-08
Disease	disease_10690	3.230091758073399e-08
Disease	disease_19134	3.228892610185962e-08
Disease	disease_17954	3.228519466029089e-08
Disease	disease_1967	3.228316081085471e-08
Disease	disease_10017	3.22809917559636e-08
Disease	disease_10130	3.22728511757533e-08
Disease	disease_17914	3.226661484475647e-08
Disease	disease_11188	3.225330213963003e-08
Disease	disease_16229	3.222881213210792e-08
Disease	disease_13090	3.218621968750086e-08
Disease	disease_13298	3.212310890838949e-08
Disease	disease_3299	3.210420072824899e-08
Disease	disease_17950	3.209594041479733e-08
Disease	disease_954	3.206061897149567e-08
Disease	disease_54697	3.205713806855564e-08
Disease	disease_2185	3.2050521192402875e-08
Disease	disease_7667	3.2034620535408824e-08
Disease	disease_9578	3.203317590818735e-08
Disease	disease_4699	3.202909926871243e-08
Disease	disease_10134	3.2024625914434456e-08
Disease	disease_9685	3.200834383132053e-08
Disease	disease_6037	3.199356771097101e-08
Disease	disease_9741	3.1988577281458543e-08
Disease	disease_15746	3.1979120361986826e-08
Disease	disease_43099	3.196361829692371e-08
Disease	disease_13390	3.192994340326105e-08
Disease	disease_13424	3.192941509087701e-08
Disease	disease_32656	3.1926798897912185e-08
Disease	disease_8843	3.192672690810984e-08
Disease	disease_16782	3.192428764716248e-08
Disease	disease_13563	3.192186926817406e-08
Disease	disease_20101	3.190297580955851e-08
Disease	disease_173	3.1891770090274526e-08
Disease	disease_6294	3.188211075208494e-08
Disease	disease_4617	3.186955680296596e-08
Disease	disease_10765	3.186331925372726e-08
Disease	disease_13982	3.18609563664949e-08
Disease	disease_141	3.184073725206669e-08
Disease	disease_10149	3.183948538073408e-08
Disease	disease_100214	3.182317996385139e-08
Disease	disease_12594	3.1816184964211066e-08
Disease	disease_16894	3.1811709835516506e-08
Disease	disease_15178	3.180885739440891e-08
Disease	disease_20315	3.179490841327043e-08
Disease	disease_6221	3.17827895453757e-08
Disease	disease_15587	3.177317474917124e-08
Disease	disease_15540	3.175904080332863e-08
Disease	disease_44338	3.1751932087168025e-08
Disease	disease_8974	3.173913747818408e-08
Disease	disease_37858	3.1733211608814905e-08
Disease	disease_8895	3.172824220958354e-08
Disease	disease_15609	3.1726291496319775e-08
Disease	disease_3522	3.172136428221627e-08
Disease	disease_4258	3.172136428221627e-08
Disease	disease_15131	3.1718603873716e-08
Disease	disease_6344	3.1702461745297884e-08
Disease	disease_16272	3.170187759906527e-08
Disease	disease_9068	3.169598366044268e-08
Disease	disease_10500	3.1659599380628484e-08
Disease	disease_12627	3.1609593880263885e-08
Disease	disease_15922	3.16084511814604e-08
Disease	disease_7817	3.1589074249433266e-08
Disease	disease_6160	3.1586052299330133e-08
Disease	disease_20194	3.1582141580834e-08
Disease	disease_16965	3.157452097973974e-08
Disease	disease_17354	3.156740383555775e-08
Disease	disease_10069	3.155581572810039e-08
Disease	disease_4033	3.1549816640348744e-08
Disease	disease_11242	3.1523698202614875e-08
Disease	disease_11588	3.1520072189368155e-08
Disease	disease_12923	3.150443598900166e-08
Disease	disease_11244	3.149660309915564e-08
Disease	disease_18633	3.146835848309131e-08
Disease	disease_9147	3.146524337956787e-08
Disease	disease_17999	3.144859523981506e-08
Disease	disease_17915	3.14451851286706e-08
Disease	disease_16332	3.143459827878107e-08
Disease	disease_18175	3.1421135387252294e-08
Disease	disease_15745	3.141047639502788e-08
Disease	disease_45010	3.139191035875835e-08
Disease	disease_758	3.138344279707991e-08
Disease	disease_6238	3.137836036986531e-08
Disease	disease_18630	3.137472985090854e-08
Disease	disease_13169	3.1372471868684545e-08
Disease	disease_18902	3.1369150327540715e-08
Disease	disease_17353	3.136844286930817e-08
Disease	disease_4555	3.136791192614105e-08
Disease	disease_5484	3.135590200874076e-08
Disease	disease_3999	3.135576686048665e-08
Disease	disease_19455	3.135570240973498e-08
Disease	disease_16529	3.133102421079141e-08
Disease	disease_5334	3.132560567224407e-08
Disease	disease_23113	3.130141048438575e-08
Disease	disease_19346	3.1300847225753886e-08
Disease	disease_14147	3.1296889536029865e-08
Disease	disease_14722	3.1293518479344145e-08
Disease	disease_9700	3.125306343278294e-08
Disease	disease_13875	3.124701871924394e-08
Disease	disease_2247	3.124412864798168e-08
Disease	disease_7340	3.124381429653359e-08
Disease	disease_19855	3.123796952936319e-08
Disease	disease_13456	3.123560633104238e-08
Disease	disease_7987	3.122297703749525e-08
Disease	disease_4731	3.122237085534153e-08
Disease	disease_15608	3.120993062737056e-08
Disease	disease_15164	3.120993062737056e-08
Disease	disease_19084	3.1206332804862765e-08
Disease	disease_19861	3.119371051223966e-08
Disease	disease_54636	3.118464883940703e-08
Disease	disease_14361	3.1169439150263635e-08
Disease	disease_10590	3.1159898096717256e-08
Disease	disease_6755	3.115317171494775e-08
Disease	disease_8397	3.114491263166135e-08
Disease	disease_8525	3.113937395616018e-08
Disease	disease_8922	3.1120569489319925e-08
Disease	disease_23224	3.111173234643653e-08
Disease	disease_17224	3.109356652079092e-08
Disease	disease_14525	3.108834350393517e-08
Disease	disease_9970	3.108182297251461e-08
Disease	disease_15007	3.10631461651482e-08
Disease	disease_2507	3.1061059787814536e-08
Disease	disease_10816	3.103355194033389e-08
Disease	disease_14474	3.1033507273346496e-08
Disease	disease_5211	3.0994293097349e-08
Disease	disease_20752	3.098158457399553e-08
Disease	disease_10592	3.0955433871117665e-08
Disease	disease_4957	3.09546759028045e-08
Disease	disease_19787	3.095379176088492e-08
Disease	disease_21018	3.0941475978146416e-08
Disease	disease_20753	3.0925331698063956e-08
Disease	disease_7044	3.092485591702561e-08
Disease	disease_8819	3.0907779037683795e-08
Disease	disease_18794	3.090560249509964e-08
Disease	disease_21948	3.090414391882843e-08
Disease	disease_11717	3.089929176899122e-08
Disease	disease_19190	3.089268139212348e-08
Disease	disease_19093	3.089207924915544e-08
Disease	disease_33558	3.0883234255653384e-08
Disease	disease_10938	3.0866738004153615e-08
Disease	disease_14991	3.0841121861031404e-08
Disease	disease_7131	3.0841029353847766e-08
Disease	disease_21932	3.08339133492945e-08
Disease	disease_8962	3.083101607423346e-08
Disease	disease_14736	3.082679448582437e-08
Disease	disease_6162	3.082631686842215e-08
Disease	disease_18217	3.082065392052126e-08
Disease	disease_9254	3.08205252970195e-08
Disease	disease_15208	3.081529684174931e-08
Disease	disease_6678	3.0796515627697453e-08
Disease	disease_8697	3.0792146931498685e-08
Disease	disease_9683	3.077994905005107e-08
Disease	disease_7607	3.0747358955653904e-08
Disease	disease_17690	3.074316257084613e-08
Disease	disease_15284	3.071099987293841e-08
Disease	disease_20057	3.069030365484388e-08
Disease	disease_43004	3.0685166953497934e-08
Disease	disease_10898	3.067217658091833e-08
Disease	disease_11240	3.067192319291776e-08
Disease	disease_20165	3.0668654457248936e-08
Disease	disease_6229	3.065960323574502e-08
Disease	disease_18828	3.064802913874966e-08
Disease	disease_24656	3.064649241233003e-08
Disease	disease_19250	3.063424069926204e-08
Disease	disease_19085	3.061788405311049e-08
Disease	disease_17780	3.0616970059156535e-08
Disease	disease_10758	3.061450723215341e-08
Disease	disease_11992	3.061307845452894e-08
Disease	disease_15431	3.061011054319124e-08
Disease	disease_18746	3.06066679762304e-08
Disease	disease_10466	3.05992304362827e-08
Disease	disease_9658	3.0590601579852876e-08
Disease	disease_153	3.057582009846565e-08
Disease	disease_10894	3.057516804548565e-08
Disease	disease_10891	3.057299587127811e-08
Disease	disease_18715	3.0551727142966625e-08
Disease	disease_19183	3.054213785247493e-08
Disease	disease_8557	3.05363336416289e-08
Disease	disease_8754	3.053489035714464e-08
Disease	disease_19152	3.052017481469586e-08
Disease	disease_10675	3.0516435520724314e-08
Disease	disease_7383	3.0493739663579866e-08
Disease	disease_30087	3.048541055242531e-08
Disease	disease_15282	3.046870720609612e-08
Disease	disease_8796	3.046103637349322e-08
Disease	disease_12297	3.0452101891288363e-08
Disease	disease_18216	3.044189699683763e-08
Disease	disease_16845	3.043319874653285e-08
Disease	disease_16117	3.042869594636889e-08
Disease	disease_14357	3.041258084309388e-08
Disease	disease_254	3.0411576330657785e-08
Disease	disease_6591	3.0409735508829073e-08
Disease	disease_10437	3.039125210102182e-08
Disease	disease_21449	3.036499696395789e-08
Disease	disease_13873	3.035518393142912e-08
Disease	disease_14498	3.034662377137311e-08
Disease	disease_2995	3.0315936044954174e-08
Disease	disease_12591	3.0313787880754246e-08
Disease	disease_16527	3.030837386041932e-08
Disease	disease_548	3.03056468877908e-08
Disease	disease_43875	3.028386944687232e-08
Disease	disease_30105	3.026456762246048e-08
Disease	disease_32936	3.0253619655675944e-08
Disease	disease_18464	3.0252567537633905e-08
Disease	disease_18857	3.024416148388603e-08
Disease	disease_24282	3.023660661371263e-08
Disease	disease_18910	3.0232023966338186e-08
Disease	disease_833	3.0224123779076555e-08
Disease	disease_4777	3.019128381379547e-08
Disease	disease_15438	3.0183433192798346e-08
Disease	disease_6521	3.0181231427530717e-08
Disease	disease_14290	3.017906752216295e-08
Disease	disease_100088	3.017768918782271e-08
Disease	disease_20290	3.0158646029664786e-08
Disease	disease_13063	3.014154272986386e-08
Disease	disease_100010	3.012719377866798e-08
Disease	disease_20856	3.008803845143603e-08
Disease	disease_3578	3.008149762503702e-08
Disease	disease_33635	3.007311444451376e-08
Disease	disease_18709	3.006116543054296e-08
Disease	disease_7212	3.0060458953733145e-08
Disease	disease_18376	3.005924125517165e-08
Disease	disease_14559	3.005682802906169e-08
Disease	disease_13224	3.0042425903513433e-08
Disease	disease_5586	3.003278169007082e-08
Disease	disease_19415	3.0032099331875895e-08
Disease	disease_14247	3.00301632211711e-08
Disease	disease_42370	3.002948961804673e-08
Disease	disease_2533	3.002791181571759e-08
Disease	disease_5651	3.001856719502792e-08
Disease	disease_17398	3.001038126127984e-08
Disease	disease_18564	3.0006234163378864e-08
Disease	disease_14025	3.000234085946523e-08
Disease	disease_14499	3.000070810546132e-08
Disease	disease_15198	2.999708945721355e-08
Disease	disease_11246	2.9986796113605856e-08
Disease	disease_43895	2.998638551648255e-08
Disease	disease_14939	2.9956953354398165e-08
Disease	disease_17837	2.993996006009038e-08
Disease	disease_172	2.993525974668271e-08
Disease	disease_14725	2.9917181392328255e-08
Disease	disease_16793	2.9914958912724985e-08
Disease	disease_30034	2.991188179484852e-08
Disease	disease_17406	2.990742998326291e-08
Disease	disease_9025	2.990435121294993e-08
Disease	disease_5256	2.98998300275742e-08
Disease	disease_5255	2.98998300275742e-08
Disease	disease_5257	2.98998300275742e-08
Disease	disease_19339	2.98929617068431e-08
Disease	disease_23007	2.987737957266641e-08
Disease	disease_14507	2.987622162218102e-08
Disease	disease_9926	2.9872058832181075e-08
Disease	disease_9727	2.987111392624634e-08
Disease	disease_9217	2.9852721770234895e-08
Disease	disease_6159	2.984309064433494e-08
Disease	disease_11725	2.981536903120831e-08
Disease	disease_4186	2.9813518824358514e-08
Disease	disease_20504	2.9811784866232954e-08
Disease	disease_15785	2.9806524903227056e-08
Disease	disease_12213	2.980261102146914e-08
Disease	disease_15588	2.9797000010875604e-08
Disease	disease_15145	2.978942604738627e-08
Disease	disease_24880	2.9778587191577447e-08
Disease	disease_4748	2.976964314777605e-08
Disease	disease_10302	2.9762009087735674e-08
Disease	disease_11012	2.974549363033802e-08
Disease	disease_9259	2.9739017628859172e-08
Disease	disease_34104	2.9736726194123685e-08
Disease	disease_7492	2.9725687858733758e-08
Disease	disease_18504	2.9724285033926115e-08
Disease	disease_3529	2.9714930237396163e-08
Disease	disease_3334	2.969183786216561e-08
Disease	disease_9757	2.9685253326096966e-08
Disease	disease_19012	2.9681071539322298e-08
Disease	disease_4836	2.9657498136329677e-08
Disease	disease_5923	2.9638666319425195e-08
Disease	disease_4625	2.9625227967144008e-08
Disease	disease_18733	2.9623415134594276e-08
Disease	disease_20560	2.9619980626125478e-08
Disease	disease_15626	2.9592892568588102e-08
Disease	disease_20705	2.9571991722785002e-08
Disease	disease_14523	2.9527838837010062e-08
Disease	disease_11826	2.9514698869518628e-08
Disease	disease_33543	2.951340906702295e-08
Disease	disease_8337	2.9504811091277205e-08
Disease	disease_16290	2.950277093909746e-08
Disease	disease_32878	2.9468595394918256e-08
Disease	disease_10926	2.9468447288983713e-08
Disease	disease_44921	2.9467245888207266e-08
Disease	disease_12095	2.945951971888118e-08
Disease	disease_12916	2.943964276730784e-08
Disease	disease_18939	2.942051773191869e-08
Disease	disease_18509	2.9416059092843466e-08
Disease	disease_7265	2.941374758596698e-08
Disease	disease_9837	2.9412141841406376e-08
Disease	disease_5707	2.9394439062548843e-08
Disease	disease_9817	2.9388897390247467e-08
Disease	disease_14787	2.937892836326732e-08
Disease	disease_9919	2.9372850060902774e-08
Disease	disease_11020	2.9364803746263498e-08
Disease	disease_456	2.9364041231147923e-08
Disease	disease_10654	2.9362203557718736e-08
Disease	disease_21229	2.9357826894065988e-08
Disease	disease_44349	2.9354390195970315e-08
Disease	disease_9399	2.9350931047740243e-08
Disease	disease_7171	2.9342892399873675e-08
Disease	disease_19599	2.9325373050646233e-08
Disease	disease_4573	2.9321485352808232e-08
Disease	disease_17749	2.9316581200860796e-08
Disease	disease_15181	2.9292741545948584e-08
Disease	disease_9114	2.9288742204313286e-08
Disease	disease_13003	2.9274932226366955e-08
Disease	disease_5220	2.9271410405644392e-08
Disease	disease_4604	2.926404618732065e-08
Disease	disease_20328	2.926404618732065e-08
Disease	disease_4633	2.926404618732065e-08
Disease	disease_20330	2.926404618732065e-08
Disease	disease_15776	2.9261691875189254e-08
Disease	disease_44306	2.925921970302488e-08
Disease	disease_33533	2.9247496241790256e-08
Disease	disease_3113	2.9243512940986487e-08
Disease	disease_20686	2.9236645203093134e-08
Disease	disease_20601	2.9226361471297912e-08
Disease	disease_8306	2.921317145783651e-08
Disease	disease_8854	2.9210359531530185e-08
Disease	disease_18787	2.9206256661703282e-08
Disease	disease_11236	2.920139785297848e-08
Disease	disease_16206	2.9198850576616482e-08
Disease	disease_8812	2.919508432204336e-08
Disease	disease_12729	2.917965733011474e-08
Disease	disease_14493	2.9174957785142643e-08
Disease	disease_1476	2.917213209906771e-08
Disease	disease_8722	2.9171412231045775e-08
Disease	disease_8870	2.9163878744216544e-08
Disease	disease_16071	2.9160538457929874e-08
Disease	disease_12901	2.9155168841584195e-08
Disease	disease_12868	2.914642484258987e-08
Disease	disease_14886	2.9139388821751464e-08
Disease	disease_19717	2.9133314950102382e-08
Disease	disease_19115	2.9129728000785692e-08
Disease	disease_19739	2.9117884172293098e-08
Disease	disease_16403	2.9109050705155692e-08
Disease	disease_6206	2.910559714881313e-08
Disease	disease_1406	2.910399152960311e-08
Disease	disease_2322	2.9086334144629195e-08
Disease	disease_17813	2.9077905201342485e-08
Disease	disease_100339	2.9072548019078993e-08
Disease	disease_8468	2.90697777946821e-08
Disease	disease_14832	2.9052060784517512e-08
Disease	disease_16817	2.904663906847578e-08
Disease	disease_14754	2.9019590898001573e-08
Disease	disease_15523	2.9007550151342814e-08
Disease	disease_14402	2.899583371961448e-08
Disease	disease_9136	2.898733891370852e-08
Disease	disease_16125	2.8985858550235795e-08
Disease	disease_54700	2.896839735500011e-08
Disease	disease_14883	2.896708701810796e-08
Disease	disease_5993	2.896241790923622e-08
Disease	disease_12496	2.895573032164195e-08
Disease	disease_11760	2.894927132187777e-08
Disease	disease_3435	2.894605784049751e-08
Disease	disease_18677	2.8932658438286924e-08
Disease	disease_11844	2.8931391243754243e-08
Disease	disease_17158	2.891207074942696e-08
Disease	disease_17157	2.891207074942696e-08
Disease	disease_17320	2.8908933886837205e-08
Disease	disease_12423	2.889897297739766e-08
Disease	disease_1902	2.889602370762811e-08
Disease	disease_3303	2.8867678998508674e-08
Disease	disease_9546	2.8865007564455496e-08
Disease	disease_9719	2.885678843768673e-08
Disease	disease_7782	2.8847789142252904e-08
Disease	disease_18230	2.8832824785401173e-08
Disease	disease_8404	2.882558012666012e-08
Disease	disease_12466	2.8797435847449197e-08
Disease	disease_11873	2.8777294198815535e-08
Disease	disease_60760	2.8729832745507458e-08
Disease	disease_18950	2.8725723598141825e-08
Disease	disease_3513	2.872007629954115e-08
Disease	disease_13182	2.871376304669763e-08
Disease	disease_2701	2.8705990896347416e-08
Disease	disease_32775	2.869965159659326e-08
Disease	disease_43458	2.8687950480738535e-08
Disease	disease_19927	2.8683818267255795e-08
Disease	disease_20482	2.8673615657751086e-08
Disease	disease_16177	2.8672686990962242e-08
Disease	disease_60711	2.8667817824933494e-08
Disease	disease_10399	2.8651785505003245e-08
Disease	disease_6224	2.863883612514308e-08
Disease	disease_18582	2.863844913978871e-08
Disease	disease_9141	2.8637825650009605e-08
Disease	disease_10257	2.8611227788117154e-08
Disease	disease_12677	2.8603203548361437e-08
Disease	disease_12214	2.8597921706800228e-08
Disease	disease_32833	2.859169175789319e-08
Disease	disease_8147	2.856458158064165e-08
Disease	disease_7412	2.856299394118417e-08
Disease	disease_14619	2.8558232647364995e-08
Disease	disease_11045	2.8552700218963712e-08
Disease	disease_16326	2.8539778191511335e-08
Disease	disease_1896	2.853598412412064e-08
Disease	disease_9405	2.8531684747041454e-08
Disease	disease_11149	2.853128161157004e-08
Disease	disease_12242	2.853099943723966e-08
Disease	disease_7155	2.852333174207483e-08
Disease	disease_20641	2.851879189545649e-08
Disease	disease_8467	2.851803387012525e-08
Disease	disease_8944	2.8502313161581418e-08
Disease	disease_17689	2.849151669587335e-08
Disease	disease_24558	2.848350393316625e-08
Disease	disease_23305	2.8478495065621688e-08
Disease	disease_7045	2.8470024642697803e-08
Disease	disease_17317	2.8438342349912096e-08
Disease	disease_13068	2.8435424959579177e-08
Disease	disease_12910	2.8435424959579177e-08
Disease	disease_9041	2.8432189204734726e-08
Disease	disease_11810	2.8430990381122642e-08
Disease	disease_4069	2.8421455714103563e-08
Disease	disease_15001	2.8417869043195287e-08
Disease	disease_15324	2.8405533819881005e-08
Disease	disease_14336	2.8393088255695083e-08
Disease	disease_14282	2.8386660156213488e-08
Disease	disease_18151	2.8385190339311572e-08
Disease	disease_13775	2.8381036355069468e-08
Disease	disease_7168	2.837107299125746e-08
Disease	disease_15458	2.8371009319969008e-08
Disease	disease_286	2.8366769507920032e-08
Disease	disease_16463	2.8360629430869033e-08
Disease	disease_11540	2.8351839010946848e-08
Disease	disease_17009	2.8343837875796095e-08
Disease	disease_16511	2.834330556466242e-08
Disease	disease_20229	2.8316323349360205e-08
Disease	disease_8305	2.8314427073085148e-08
Disease	disease_3008	2.8303683900137107e-08
Disease	disease_12123	2.8296592703771883e-08
Disease	disease_14630	2.8274002309398682e-08
Disease	disease_24422	2.8270474654158536e-08
Disease	disease_13782	2.8269362418792474e-08
Disease	disease_100144	2.8252364848843716e-08
Disease	disease_12503	2.8244124249058677e-08
Disease	disease_12120	2.8234648557815597e-08
Disease	disease_13601	2.8229302003211642e-08
Disease	disease_1012	2.8227307500331457e-08
Disease	disease_45014	2.8226268537908158e-08
Disease	disease_8708	2.822216380227951e-08
Disease	disease_9712	2.821554271736335e-08
Disease	disease_13872	2.8198183085291543e-08
Disease	disease_12758	2.8197086825804755e-08
Disease	disease_12741	2.8195793125289295e-08
Disease	disease_12597	2.8195268116573768e-08
Disease	disease_7791	2.818900580585828e-08
Disease	disease_11270	2.8184010151904827e-08
Disease	disease_10405	2.8184010151904827e-08
Disease	disease_12094	2.8184010151904827e-08
Disease	disease_12244	2.8184010151904827e-08
Disease	disease_12768	2.8184010151904827e-08
Disease	disease_12300	2.8184010151904827e-08
Disease	disease_12470	2.8184010151904827e-08
Disease	disease_12770	2.8184010151904827e-08
Disease	disease_12093	2.8184010151904827e-08
Disease	disease_12620	2.8184010151904827e-08
Disease	disease_12769	2.8184010151904827e-08
Disease	disease_19453	2.8183025980154018e-08
Disease	disease_10678	2.8182926793305927e-08
Disease	disease_21655	2.8180873581173054e-08
Disease	disease_14011	2.8177290560790975e-08
Disease	disease_14437	2.8173289214329345e-08
Disease	disease_10848	2.817194923697206e-08
Disease	disease_16432	2.815798308793563e-08
Disease	disease_7594	2.8142073221860867e-08
Disease	disease_7068	2.813897315785482e-08
Disease	disease_18996	2.8117568775795794e-08
Disease	disease_44723	2.8112264379462623e-08
Disease	disease_4222	2.808836361605777e-08
Disease	disease_7037	2.8086148854724236e-08
Disease	disease_7183	2.8085407107913894e-08
Disease	disease_3659	2.8084483939912436e-08
Disease	disease_17227	2.8081365723609754e-08
Disease	disease_9318	2.8080767500457962e-08
Disease	disease_16215	2.8076874752037914e-08
Disease	disease_32707	2.8065633780493966e-08
Disease	disease_5753	2.8058472568991643e-08
Disease	disease_11461	2.8047633603547284e-08
Disease	disease_8148	2.8022538140659344e-08
Disease	disease_16236	2.801847957296277e-08
Disease	disease_15751	2.7985208232397563e-08
Disease	disease_100244	2.7984378360793547e-08
Disease	disease_11995	2.7984157608000784e-08
Disease	disease_20265	2.7974680552107498e-08
Disease	disease_12821	2.7954391184452087e-08
Disease	disease_12952	2.7954391184452087e-08
Disease	disease_12673	2.7954391184452087e-08
Disease	disease_12823	2.7954391184452087e-08
Disease	disease_12951	2.7954391184452087e-08
Disease	disease_12822	2.7954391184452087e-08
Disease	disease_12954	2.7954391184452087e-08
Disease	disease_10531	2.791766130855575e-08
Disease	disease_9440	2.791595619557831e-08
Disease	disease_6672	2.7898796976510074e-08
Disease	disease_7930	2.788715992543328e-08
Disease	disease_7646	2.7860118616418024e-08
Disease	disease_8714	2.7850153902920337e-08
Disease	disease_11629	2.784635110140215e-08
Disease	disease_7142	2.7839107504886978e-08
Disease	disease_32571	2.7837923044679035e-08
Disease	disease_16994	2.783248374991322e-08
Disease	disease_5169	2.782874825918151e-08
Disease	disease_24564	2.781453579451127e-08
Disease	disease_30044	2.7805343377145453e-08
Disease	disease_193	2.779482901416562e-08
Disease	disease_9677	2.7791267062468987e-08
Disease	disease_8777	2.7784285045255353e-08
Disease	disease_18716	2.7781247534485014e-08
Disease	disease_9983	2.778041193166886e-08
Disease	disease_13044	2.777931509066663e-08
Disease	disease_4871	2.7776103908602303e-08
Disease	disease_4873	2.7776103908602303e-08
Disease	disease_19828	2.77703895359982e-08
Disease	disease_13735	2.7770183730244665e-08
Disease	disease_44637	2.77697046633145e-08
Disease	disease_100242	2.7764214433422648e-08
Disease	disease_14719	2.7723232564459206e-08
Disease	disease_100238	2.770590207869507e-08
Disease	disease_6915	2.7691760593195424e-08
Disease	disease_32673	2.7688348145362905e-08
Disease	disease_16307	2.767292995719271e-08
Disease	disease_16306	2.767292995719271e-08
Disease	disease_16308	2.767292995719271e-08
Disease	disease_16309	2.767292995719271e-08
Disease	disease_16310	2.767292995719271e-08
Disease	disease_42962	2.7654415441214622e-08
Disease	disease_14260	2.7651868797410047e-08
Disease	disease_16295	2.7650193221785156e-08
Disease	disease_11644	2.7641761968242495e-08
Disease	disease_25030	2.7641624921821413e-08
Disease	disease_15532	2.7629992041560043e-08
Disease	disease_7425	2.762747229821315e-08
Disease	disease_926	2.7618205990510368e-08
Disease	disease_40502	2.7613458017490295e-08
Disease	disease_60611	2.760994526538497e-08
Disease	disease_20713	2.7602508370086553e-08
Disease	disease_10148	2.76024386912275e-08
Disease	disease_18166	2.7599053001796936e-08
Disease	disease_9844	2.7591899190165727e-08
Disease	disease_16362	2.7574787792519742e-08
Disease	disease_18213	2.7570847285799336e-08
Disease	disease_13481	2.7568025421155284e-08
Disease	disease_19851	2.756123706902355e-08
Disease	disease_17324	2.7554453562975262e-08
Disease	disease_8267	2.7539133573457858e-08
Disease	disease_18091	2.753835359091406e-08
Disease	disease_8735	2.7537821546629762e-08
Disease	disease_19907	2.7534109484932274e-08
Disease	disease_12415	2.7530022728376445e-08
Disease	disease_21941	2.7499317141092513e-08
Disease	disease_32831	2.7496928404064823e-08
Disease	disease_18429	2.7482311884037075e-08
Disease	disease_16128	2.7471740192926837e-08
Disease	disease_19560	2.746341304717868e-08
Disease	disease_12135	2.742128936379904e-08
Disease	disease_13022	2.742128936379904e-08
Disease	disease_12492	2.742128936379904e-08
Disease	disease_12493	2.742128936379904e-08
Disease	disease_14079	2.742128936379904e-08
Disease	disease_12636	2.742128936379904e-08
Disease	disease_12641	2.742128936379904e-08
Disease	disease_11964	2.7418315765199558e-08
Disease	disease_20123	2.7411858574293723e-08
Disease	disease_8808	2.7404259088369788e-08
Disease	disease_20288	2.7396740651841418e-08
Disease	disease_11325	2.7390547433966506e-08
Disease	disease_34106	2.7389199203745237e-08
Disease	disease_5375	2.7386300017948344e-08
Disease	disease_2794	2.7384716456738508e-08
Disease	disease_21681	2.7365687464924895e-08
Disease	disease_20781	2.7362200446631915e-08
Disease	disease_20044	2.7358193583359377e-08
Disease	disease_13977	2.7350028859226333e-08
Disease	disease_24659	2.7323026729071133e-08
Disease	disease_32766	2.7303887811846806e-08
Disease	disease_18506	2.729093545633601e-08
Disease	disease_6528	2.7276229842249808e-08
Disease	disease_10472	2.726666126303266e-08
Disease	disease_181	2.7254830872684728e-08
Disease	disease_20489	2.72488215227512e-08
Disease	disease_11067	2.7246949532162732e-08
Disease	disease_18729	2.7246015867739398e-08
Disease	disease_16619	2.7235415848964105e-08
Disease	disease_19310	2.7228224427319932e-08
Disease	disease_18705	2.722214281009242e-08
Disease	disease_2021	2.721777918897011e-08
Disease	disease_9022	2.7197250755311974e-08
Disease	disease_22020	2.7196687761475067e-08
Disease	disease_13760	2.718936552050213e-08
Disease	disease_11369	2.718036544352654e-08
Disease	disease_8490	2.71754702073233e-08
Disease	disease_20105	2.7173672005863434e-08
Disease	disease_210	2.715002020050527e-08
Disease	disease_14244	2.7117342411192535e-08
Disease	disease_22812	2.7115914384248968e-08
Disease	disease_19358	2.711497519773297e-08
Disease	disease_18067	2.7110997872342245e-08
Disease	disease_12699	2.7095428309268087e-08
Disease	disease_7559	2.709258517865844e-08
Disease	disease_12269	2.709208957298358e-08
Disease	disease_2158	2.7079189538338335e-08
Disease	disease_13803	2.7068624907269952e-08
Disease	disease_60715	2.7040218902439406e-08
Disease	disease_32796	2.701883236348253e-08
Disease	disease_306	2.7012979159342113e-08
Disease	disease_724	2.6990971345271458e-08
Disease	disease_19189	2.697757731244659e-08
Disease	disease_14743	2.6974930103587215e-08
Disease	disease_14098	2.696105363182241e-08
Disease	disease_20548	2.6959400362978018e-08
Disease	disease_6225	2.6952372286032992e-08
Disease	disease_9187	2.6939987082021437e-08
Disease	disease_2797	2.690912702909671e-08
Disease	disease_9033	2.689961161200357e-08
Disease	disease_11024	2.689512988818554e-08
Disease	disease_17792	2.6892723221919733e-08
Disease	disease_18063	2.6887291336914122e-08
Disease	disease_12130	2.688027173538713e-08
Disease	disease_4647	2.6871446804748632e-08
Disease	disease_8437	2.6848869920841703e-08
Disease	disease_43287	2.683999796687317e-08
Disease	disease_18327	2.6837652277150898e-08
Disease	disease_13580	2.6835953086850316e-08
Disease	disease_14076	2.6822782497953277e-08
Disease	disease_6740	2.6810955985034172e-08
Disease	disease_60631	2.6808537999089013e-08
Disease	disease_13394	2.680524788735942e-08
Disease	disease_19723	2.6790014073548908e-08
Disease	disease_100156	2.6783629045989003e-08
Disease	disease_24548	2.6775619304058036e-08
Disease	disease_16564	2.677180401858762e-08
Disease	disease_17434	2.677050585025483e-08
Disease	disease_16210	2.676784434537743e-08
Disease	disease_2387	2.6764822043020656e-08
Disease	disease_7544	2.6745695054667773e-08
Disease	disease_9911	2.674353563235899e-08
Disease	disease_17867	2.673475155382568e-08
Disease	disease_8905	2.6716633132397234e-08
Disease	disease_15884	2.6713842659146137e-08
Disease	disease_9503	2.670982509162738e-08
Disease	disease_1033	2.670125961239713e-08
Disease	disease_1063	2.669935751213532e-08
Disease	disease_3592	2.667413770338891e-08
Disease	disease_8887	2.6671739138499256e-08
Disease	disease_17069	2.6644771448647793e-08
Disease	disease_1059	2.6640408966111132e-08
Disease	disease_14957	2.663954542135363e-08
Disease	disease_7792	2.6638427116188698e-08
Disease	disease_13222	2.6636145211075135e-08
Disease	disease_8272	2.660822174547099e-08
Disease	disease_44635	2.660637010919088e-08
Disease	disease_17995	2.6605534380376586e-08
Disease	disease_16680	2.659759540213657e-08
Disease	disease_32564	2.65975553653004e-08
Disease	disease_19362	2.6588967671646742e-08
Disease	disease_11864	2.658638034948544e-08
Disease	disease_17892	2.6564678625542126e-08
Disease	disease_19533	2.6559645103046293e-08
Disease	disease_2796	2.6556166033100155e-08
Disease	disease_11011	2.6554554341558875e-08
Disease	disease_10847	2.6554013460663853e-08
Disease	disease_13088	2.6549901011468923e-08
Disease	disease_8967	2.653989893922543e-08
Disease	disease_13761	2.653780686601456e-08
Disease	disease_32938	2.6533424082820238e-08
Disease	disease_15119	2.653123629493502e-08
Disease	disease_14521	2.6503501584031427e-08
Disease	disease_3112	2.648923704391772e-08
Disease	disease_3252	2.648904655824942e-08
Disease	disease_4712	2.6474573027874392e-08
Disease	disease_13767	2.6454247721450846e-08
Disease	disease_10355	2.6453754914834958e-08
Disease	disease_14777	2.644776506728261e-08
Disease	disease_16815	2.644770387881451e-08
Disease	disease_4620	2.643495557344098e-08
Disease	disease_9835	2.642281634181056e-08
Disease	disease_14023	2.6413983297189323e-08
Disease	disease_19704	2.639676116764341e-08
Disease	disease_18207	2.639664382180038e-08
Disease	disease_19857	2.6391755553432895e-08
Disease	disease_21645	2.6380938928898685e-08
Disease	disease_9777	2.6371750631750523e-08
Disease	disease_19354	2.635849975863591e-08
Disease	disease_8588	2.6353845253644607e-08
Disease	disease_18995	2.6348123094170117e-08
Disease	disease_21053	2.6340021863652038e-08
Disease	disease_33368	2.63400147399071e-08
Disease	disease_11835	2.6339816890867313e-08
Disease	disease_17805	2.633675967660466e-08
Disease	disease_367	2.631186971039204e-08
Disease	disease_13810	2.631169492098929e-08
Disease	disease_13112	2.630547069792789e-08
Disease	disease_723	2.6305208472552716e-08
Disease	disease_18714	2.629676003227642e-08
Disease	disease_18713	2.629676003227642e-08
Disease	disease_18712	2.629676003227642e-08
Disease	disease_297	2.6293765217071726e-08
Disease	disease_13087	2.628816402457631e-08
Disease	disease_30939	2.628731182412882e-08
Disease	disease_18810	2.6282693111493222e-08
Disease	disease_3360	2.6278425884978877e-08
Disease	disease_16711	2.6267182809702096e-08
Disease	disease_6300	2.6267182809702096e-08
Disease	disease_5547	2.6267182809702096e-08
Disease	disease_8894	2.626614594468688e-08
Disease	disease_13483	2.6256401010074318e-08
Disease	disease_8660	2.6254023498027585e-08
Disease	disease_14481	2.6247019839031986e-08
Disease	disease_20132	2.6234462727342715e-08
Disease	disease_19282	2.6221110582750494e-08
Disease	disease_16862	2.6217407574650478e-08
Disease	disease_16424	2.6215406580525856e-08
Disease	disease_10384	2.6215251335288904e-08
Disease	disease_18205	2.6204840393256874e-08
Disease	disease_16054	2.620461249831606e-08
Disease	disease_24541	2.6184063976281137e-08
Disease	disease_1057	2.6179427119780854e-08
Disease	disease_19496	2.6178320889783372e-08
Disease	disease_17763	2.6164664533820964e-08
Disease	disease_10798	2.6163826850040794e-08
Disease	disease_15274	2.6099971392971122e-08
Disease	disease_9312	2.609959511045648e-08
Disease	disease_18860	2.6099197005381936e-08
Disease	disease_5762	2.6096369855119153e-08
Disease	disease_1332	2.609102766206383e-08
Disease	disease_212	2.609020763454361e-08
Disease	disease_9261	2.6077750134922555e-08
Disease	disease_13539	2.607438281256958e-08
Disease	disease_17643	2.6070777914795127e-08
Disease	disease_16085	2.60637030355359e-08
Disease	disease_10400	2.6062423620464476e-08
Disease	disease_709	2.6058064198192155e-08
Disease	disease_9831	2.6055024459533008e-08
Disease	disease_11257	2.6032700027569562e-08
Disease	disease_7706	2.6031393495679187e-08
Disease	disease_15350	2.602799295098518e-08
Disease	disease_1061	2.6026152570716278e-08
Disease	disease_9063	2.602195242751533e-08
Disease	disease_4184	2.6004053063851874e-08
Disease	disease_9706	2.6003443960081426e-08
Disease	disease_12652	2.6003291971503785e-08
Disease	disease_9787	2.6002243969726915e-08
Disease	disease_15330	2.5980679522077538e-08
Disease	disease_15199	2.597282421425397e-08
Disease	disease_19212	2.595592690098786e-08
Disease	disease_10217	2.5954838579781537e-08
Disease	disease_8824	2.5941360327336924e-08
Disease	disease_30894	2.594076569497148e-08
Disease	disease_5662	2.5935682223682008e-08
Disease	disease_44618	2.5918976024412467e-08
Disease	disease_9815	2.5912684387706565e-08
Disease	disease_16589	2.5893137174926445e-08
Disease	disease_9773	2.5892876179050085e-08
Disease	disease_11803	2.5889356311534118e-08
Disease	disease_3144	2.5877869949247602e-08
Disease	disease_18725	2.586719925057449e-08
Disease	disease_5876	2.585671873929747e-08
Disease	disease_13771	2.5854496666686547e-08
Disease	disease_13879	2.585447405568926e-08
Disease	disease_15633	2.5846110509218686e-08
Disease	disease_15248	2.5844853901583735e-08
Disease	disease_8122	2.5833972658698268e-08
Disease	disease_9679	2.5833283228905884e-08
Disease	disease_11897	2.579934203290712e-08
Disease	disease_18125	2.5784190381084784e-08
Disease	disease_17916	2.57828104209565e-08
Disease	disease_56797	2.5769536460242128e-08
Disease	disease_7679	2.575511738211158e-08
Disease	disease_21081	2.5741091407963193e-08
Disease	disease_3110	2.572617082510429e-08
Disease	disease_5789	2.571310015297863e-08
Disease	disease_10729	2.5712439817452366e-08
Disease	disease_6375	2.5712351115933676e-08
Disease	disease_12393	2.5692621015029014e-08
Disease	disease_7800	2.569032233190706e-08
Disease	disease_15930	2.5681880639757853e-08
Disease	disease_9579	2.5681017539379052e-08
Disease	disease_8940	2.567820599143246e-08
Disease	disease_33047	2.567601198346535e-08
Disease	disease_42966	2.5665717908177452e-08
Disease	disease_16650	2.5661740925832096e-08
Disease	disease_10403	2.5660751768936388e-08
Disease	disease_9448	2.5659526599434113e-08
Disease	disease_1930	2.5657389909584313e-08
Disease	disease_8780	2.5657326348485575e-08
Disease	disease_6692	2.5647275067961824e-08
Disease	disease_20800	2.5647275067961824e-08
Disease	disease_1920	2.5636547663244772e-08
Disease	disease_12773	2.5632405023691893e-08
Disease	disease_17706	2.5629987588063676e-08
Disease	disease_15283	2.5629253481840713e-08
Disease	disease_22205	2.5624428783529093e-08
Disease	disease_11402	2.5623609545617828e-08
Disease	disease_21034	2.5619058323434364e-08
Disease	disease_478	2.560957122076648e-08
Disease	disease_2687	2.5606835504990206e-08
Disease	disease_14535	2.5597587966704402e-08
Disease	disease_9101	2.559105711010965e-08
Disease	disease_12784	2.5545820828823838e-08
Disease	disease_10001	2.5543281256508512e-08
Disease	disease_1328	2.553180188745802e-08
Disease	disease_10664	2.5516311150203692e-08
Disease	disease_11517	2.5513984060302665e-08
Disease	disease_13184	2.5513698295051482e-08
Disease	disease_18296	2.5510540507549955e-08
Disease	disease_4209	2.5502394950475667e-08
Disease	disease_11787	2.550192473370207e-08
Disease	disease_10553	2.5494378855705434e-08
Disease	disease_22800	2.5492580379602392e-08
Disease	disease_2037	2.548222559564658e-08
Disease	disease_20739	2.5481841706241574e-08
Disease	disease_14835	2.546144767650737e-08
Disease	disease_21652	2.5461077916908302e-08
Disease	disease_20046	2.544325420230058e-08
Disease	disease_6938	2.5435359766760265e-08
Disease	disease_12747	2.5424348457114272e-08
Disease	disease_16222	2.542132294454602e-08
Disease	disease_18093	2.541801279778406e-08
Disease	disease_21678	2.541658743877517e-08
Disease	disease_7551	2.5410564552440316e-08
Disease	disease_1481	2.5402222001656078e-08
Disease	disease_13696	2.540172168391504e-08
Disease	disease_16613	2.5398557523341e-08
Disease	disease_14142	2.5391027492477467e-08
Disease	disease_5026	2.5389733693562894e-08
Disease	disease_20102	2.5373776202998266e-08
Disease	disease_8195	2.5373497254540413e-08
Disease	disease_24352	2.5363065241010322e-08
Disease	disease_1854	2.536159094114041e-08
Disease	disease_1788	2.5352925554315028e-08
Disease	disease_1787	2.5352925554315028e-08
Disease	disease_2954	2.5352838686162435e-08
Disease	disease_18562	2.5334156305962254e-08
Disease	disease_15150	2.5332873528163915e-08
Disease	disease_12590	2.5328909285278386e-08
Disease	disease_812	2.5326366807099416e-08
Disease	disease_15752	2.532111934483375e-08
Disease	disease_8332	2.531872449801233e-08
Disease	disease_2010	2.531007510929216e-08
Disease	disease_12092	2.5305535015178588e-08
Disease	disease_21121	2.5303415490382265e-08
Disease	disease_11485	2.528834107890929e-08
Disease	disease_1954	2.5284478939281817e-08
Disease	disease_13999	2.5282291014217618e-08
Disease	disease_18961	2.526281711020525e-08
Disease	disease_12168	2.52586447534667e-08
Disease	disease_44881	2.5250931493831633e-08
Disease	disease_7211	2.5245169014675838e-08
Disease	disease_13780	2.524073975242339e-08
Disease	disease_13470	2.523975144789509e-08
Disease	disease_6076	2.5229797669705428e-08
Disease	disease_21637	2.5219271592896017e-08
Disease	disease_9337	2.519689305066207e-08
Disease	disease_15465	2.5190253242430845e-08
Disease	disease_10160	2.51826556693669e-08
Disease	disease_6061	2.5179297825571897e-08
Disease	disease_14157	2.5172224309929588e-08
Disease	disease_43071	2.516980778611939e-08
Disease	disease_15004	2.516776350048921e-08
Disease	disease_12929	2.5149772602200172e-08
Disease	disease_15364	2.5146814672608773e-08
Disease	disease_17814	2.514380307798959e-08
Disease	disease_8028	2.513864680051418e-08
Disease	disease_8137	2.513727993430678e-08
Disease	disease_18198	2.5135306238836078e-08
Disease	disease_21105	2.512481440319942e-08
Disease	disease_7311	2.511266529099265e-08
Disease	disease_12847	2.5091345707407706e-08
Disease	disease_15883	2.509045896359126e-08
Disease	disease_13246	2.5088995128877445e-08
Disease	disease_100082	2.508278981397293e-08
Disease	disease_17802	2.507842065163703e-08
Disease	disease_2047	2.5068641920543644e-08
Disease	disease_17762	2.5067061840991066e-08
Disease	disease_7110	2.506287230701905e-08
Disease	disease_29140	2.505192729700658e-08
Disease	disease_20747	2.5051667785746624e-08
Disease	disease_11229	2.5038786534823758e-08
Disease	disease_16393	2.5028040896692243e-08
Disease	disease_7723	2.5008582786460984e-08
Disease	disease_24517	2.4998010244121943e-08
Disease	disease_15006	2.4994016528690735e-08
Disease	disease_20070	2.4980627005215844e-08
Disease	disease_14062	2.4979892873243116e-08
Disease	disease_6430	2.4979463389316096e-08
Disease	disease_16971	2.4969547578342955e-08
Disease	disease_22330	2.496558527170804e-08
Disease	disease_11059	2.4958129506026346e-08
Disease	disease_54577	2.494997193239701e-08
Disease	disease_43771	2.494759539515576e-08
Disease	disease_30042	2.4945330742549314e-08
Disease	disease_15108	2.4934424019385136e-08
Disease	disease_14976	2.4934200990975345e-08
Disease	disease_4235	2.4922071698002042e-08
Disease	disease_9241	2.491919878024113e-08
Disease	disease_14659	2.4908668062439707e-08
Disease	disease_9316	2.4899656690476934e-08
Disease	disease_10497	2.4898703767560595e-08
Disease	disease_9556	2.489699736325747e-08
Disease	disease_6761	2.4895225706207103e-08
Disease	disease_18298	2.4894305766450662e-08
Disease	disease_9484	2.4893851281134043e-08
Disease	disease_586	2.4886039757407075e-08
Disease	disease_1148	2.4883362475824247e-08
Disease	disease_14533	2.4875930327939435e-08
Disease	disease_11721	2.4864087657556933e-08
Disease	disease_5461	2.4859264884035955e-08
Disease	disease_15182	2.4821006860133595e-08
Disease	disease_19226	2.479859976385347e-08
Disease	disease_3104	2.479794689281352e-08
Disease	disease_9427	2.4795808858370352e-08
Disease	disease_19474	2.4792841607473625e-08
Disease	disease_7981	2.4789814287130586e-08
Disease	disease_7922	2.4785570514441893e-08
Disease	disease_19080	2.4784326783722773e-08
Disease	disease_5028	2.476592071907147e-08
Disease	disease_15185	2.4760023389506796e-08
Disease	disease_12956	2.474248034546224e-08
Disease	disease_12958	2.474248034546224e-08
Disease	disease_12957	2.474248034546224e-08
Disease	disease_11303	2.4711760385402965e-08
Disease	disease_100184	2.4692840185589432e-08
Disease	disease_10255	2.468694472121188e-08
Disease	disease_6734	2.4684301682340058e-08
Disease	disease_13135	2.4682368243223705e-08
Disease	disease_5184	2.4666577110073013e-08
Disease	disease_18066	2.4664775673592844e-08
Disease	disease_13478	2.4661151533960325e-08
Disease	disease_9816	2.4651392808396068e-08
Disease	disease_10649	2.4638233688280716e-08
Disease	disease_10127	2.4632404796736936e-08
Disease	disease_9842	2.4606830810595663e-08
Disease	disease_11026	2.460604834906839e-08
Disease	disease_13791	2.4596637083269654e-08
Disease	disease_3834	2.4591786501981623e-08
Disease	disease_42979	2.459104086515529e-08
Disease	disease_15291	2.457926292331835e-08
Disease	disease_16558	2.4565854005080755e-08
Disease	disease_14629	2.455951193668395e-08
Disease	disease_19778	2.454563596056491e-08
Disease	disease_16677	2.454234527058222e-08
Disease	disease_11790	2.4540821631067204e-08
Disease	disease_11670	2.4525807729533895e-08
Disease	disease_9650	2.452322226179653e-08
Disease	disease_9079	2.451487704774764e-08
Disease	disease_7804	2.4512389906036193e-08
Disease	disease_24533	2.4482193585571997e-08
Disease	disease_100237	2.447046147433283e-08
Disease	disease_16816	2.4459959036380133e-08
Disease	disease_9458	2.4457327954789448e-08
Disease	disease_4355	2.4453993353289974e-08
Disease	disease_18683	2.4441481130803326e-08
Disease	disease_16044	2.4441200961029048e-08
Disease	disease_15171	2.443662517490362e-08
Disease	disease_42433	2.4434615550829923e-08
Disease	disease_13994	2.441957421322103e-08
Disease	disease_18257	2.4417580621299503e-08
Disease	disease_17924	2.4415400968201575e-08
Disease	disease_18655	2.441489021825753e-08
Disease	disease_11013	2.4394984902056673e-08
Disease	disease_19249	2.4374090762830318e-08
Disease	disease_10187	2.437328770141303e-08
Disease	disease_8964	2.4368785363019408e-08
Disease	disease_6518	2.4367611629839388e-08
Disease	disease_17868	2.435710591923477e-08
Disease	disease_17856	2.434424782389898e-08
Disease	disease_44202	2.4324382031755225e-08
Disease	disease_9390	2.431258501322779e-08
Disease	disease_22953	2.43044941509603e-08
Disease	disease_13480	2.4295749650321868e-08
Disease	disease_9992	2.4289841453630265e-08
Disease	disease_23571	2.4285922310541156e-08
Disease	disease_30027	2.4284426178314922e-08
Disease	disease_16178	2.4278742761516454e-08
Disease	disease_9075	2.4275569013916437e-08
Disease	disease_5363	2.4269065873962932e-08
Disease	disease_12163	2.4259890111500074e-08
Disease	disease_17830	2.424511949005726e-08
Disease	disease_1777	2.4229881670258046e-08
Disease	disease_17705	2.4220725757538226e-08
Disease	disease_12530	2.4211353275035563e-08
Disease	disease_18092	2.4201681819017314e-08
Disease	disease_17207	2.4196166460138675e-08
Disease	disease_9315	2.417737330287202e-08
Disease	disease_16620	2.4150370631076183e-08
Disease	disease_16701	2.414167478311464e-08
Disease	disease_13111	2.4134083520991562e-08
Disease	disease_12233	2.4133112745816985e-08
Disease	disease_32921	2.4129012421016973e-08
Disease	disease_12399	2.4118174673695732e-08
Disease	disease_13866	2.4114008540714797e-08
Disease	disease_13161	2.4101730898067787e-08
Disease	disease_16163	2.409434662751484e-08
Disease	disease_6650	2.4083903928475937e-08
Disease	disease_10653	2.4071942927014043e-08
Disease	disease_18199	2.4071299258563375e-08
Disease	disease_10177	2.4071257471266226e-08
Disease	disease_10843	2.406124709311624e-08
Disease	disease_13162	2.4058728252790733e-08
Disease	disease_18763	2.4031099696514286e-08
Disease	disease_10478	2.4029596989688646e-08
Disease	disease_466	2.402694026628108e-08
Disease	disease_13317	2.402694026628108e-08
Disease	disease_15257	2.402694026628108e-08
Disease	disease_18872	2.4010731341500708e-08
Disease	disease_19859	2.400974088428479e-08
Disease	disease_16268	2.4005825764198664e-08
Disease	disease_100080	2.4003654521476383e-08
Disease	disease_10359	2.3985787136336596e-08
Disease	disease_11518	2.39826063613015e-08
Disease	disease_15818	2.397496577137607e-08
Disease	disease_7940	2.396991459132124e-08
Disease	disease_6187	2.3964950418163563e-08
Disease	disease_11529	2.395833863827793e-08
Disease	disease_4586	2.395720639003394e-08
Disease	disease_7462	2.395258377577433e-08
Disease	disease_8156	2.3941278407140576e-08
Disease	disease_32615	2.3929757316999525e-08
Disease	disease_15806	2.3927329349545568e-08
Disease	disease_15132	2.3921503832573888e-08
Disease	disease_12034	2.3910434506113647e-08
Disease	disease_18938	2.390902685115397e-08
Disease	disease_8149	2.3896880842380672e-08
Disease	disease_16271	2.3888905491242005e-08
Disease	disease_14737	2.3884592536128687e-08
Disease	disease_12888	2.3868326860966474e-08
Disease	disease_18163	2.3860370139289005e-08
Disease	disease_15081	2.3856445922170787e-08
Disease	disease_17089	2.3853567428869345e-08
Disease	disease_13281	2.3852461422777492e-08
Disease	disease_19791	2.3846723325740925e-08
Disease	disease_23152	2.3830726558074833e-08
Disease	disease_5933	2.3828224779727605e-08
Disease	disease_30031	2.38281614492804e-08
Disease	disease_18590	2.381681086353231e-08
Disease	disease_7989	2.381671399869959e-08
Disease	disease_9326	2.3794515048529757e-08
Disease	disease_6706	2.379383729991368e-08
Disease	disease_255	2.379281330174655e-08
Disease	disease_8277	2.3791420321937903e-08
Disease	disease_488	2.3788909651536217e-08
Disease	disease_4263	2.3786858867166736e-08
Disease	disease_17240	2.377430279678005e-08
Disease	disease_13633	2.377333387275215e-08
Disease	disease_11175	2.3763614959066352e-08
Disease	disease_11408	2.3757477115238014e-08
Disease	disease_8070	2.3739639778666797e-08
Disease	disease_33853	2.3728886428967343e-08
Disease	disease_13075	2.3720323564370685e-08
Disease	disease_15597	2.3713080317062165e-08
Disease	disease_7868	2.370968546335289e-08
Disease	disease_32822	2.3699724370643762e-08
Disease	disease_17757	2.3694255587771004e-08
Disease	disease_14969	2.3693098135024752e-08
Disease	disease_11968	2.3688882394224582e-08
Disease	disease_8734	2.368717306401846e-08
Disease	disease_10676	2.3682985759078243e-08
Disease	disease_44354	2.3676782402290494e-08
Disease	disease_5807	2.3660645409369295e-08
Disease	disease_5969	2.36580390566667e-08
Disease	disease_10677	2.365331915595309e-08
Disease	disease_15993	2.364374376330607e-08
Disease	disease_8476	2.364293998290659e-08
Disease	disease_18463	2.3640355293860888e-08
Disease	disease_43786	2.363893254081583e-08
Disease	disease_15599	2.3632845305892235e-08
Disease	disease_24483	2.3623068362271072e-08
Disease	disease_13192	2.3617241311264656e-08
Disease	disease_17760	2.3611264473631003e-08
Disease	disease_10523	2.360847072534065e-08
Disease	disease_29138	2.360239199055069e-08
Disease	disease_14489	2.3598095102304783e-08
Disease	disease_12651	2.3597156689413833e-08
Disease	disease_3514	2.358029534227979e-08
Disease	disease_12895	2.357413409449534e-08
Disease	disease_11804	2.3563665076072533e-08
Disease	disease_17748	2.3563641663755528e-08
Disease	disease_7880	2.3556588227215865e-08
Disease	disease_11028	2.3552478552877646e-08
Disease	disease_7990	2.3551249173228025e-08
Disease	disease_15365	2.353142053571938e-08
Disease	disease_32645	2.3531121318235645e-08
Disease	disease_7473	2.352173269600837e-08
Disease	disease_14205	2.35196348493401e-08
Disease	disease_12622	2.3518038801917512e-08
Disease	disease_5594	2.351420895215481e-08
Disease	disease_12444	2.3512022871103826e-08
Disease	disease_18288	2.3510978372644046e-08
Disease	disease_14375	2.350718709111698e-08
Disease	disease_19487	2.3504688743609726e-08
Disease	disease_871	2.350337708715057e-08
Disease	disease_7297	2.349936774636202e-08
Disease	disease_10504	2.3489739397575223e-08
Disease	disease_13789	2.3475948650695615e-08
Disease	disease_6704	2.344637499268344e-08
Disease	disease_839	2.3440135024992008e-08
Disease	disease_10636	2.3440107760025062e-08
Disease	disease_10432	2.3437676953457486e-08
Disease	disease_13511	2.3414372980663962e-08
Disease	disease_12551	2.3413438288982998e-08
Disease	disease_10870	2.3411410879092825e-08
Disease	disease_17945	2.341013830303085e-08
Disease	disease_8638	2.34069447936395e-08
Disease	disease_6416	2.3406126335546046e-08
Disease	disease_18292	2.3394767983930036e-08
Disease	disease_6012	2.3393941988238652e-08
Disease	disease_13677	2.3384560696728604e-08
Disease	disease_19471	2.3384398375947792e-08
Disease	disease_20211	2.3381477807791637e-08
Disease	disease_12484	2.3367634997326665e-08
Disease	disease_8244	2.336388833316151e-08
Disease	disease_10460	2.336096878388779e-08
Disease	disease_18808	2.333919990915157e-08
Disease	disease_10503	2.3334471324878465e-08
Disease	disease_14947	2.3323526178692733e-08
Disease	disease_14206	2.3319818166143992e-08
Disease	disease_33203	2.3319452967741423e-08
Disease	disease_23143	2.331383404595305e-08
Disease	disease_6764	2.330908453558089e-08
Disease	disease_6603	2.3297132140595067e-08
Disease	disease_405	2.329468104253584e-08
Disease	disease_12603	2.327127317882657e-08
Disease	disease_15911	2.325947962541915e-08
Disease	disease_20866	2.3258108136154346e-08
Disease	disease_1239	2.3243973408340023e-08
Disease	disease_15088	2.3242336226483026e-08
Disease	disease_13506	2.323405289745848e-08
Disease	disease_11418	2.323405289745848e-08
Disease	disease_11689	2.323405289745848e-08
Disease	disease_10348	2.323405289745848e-08
Disease	disease_11747	2.323405289745848e-08
Disease	disease_12176	2.3228719660439694e-08
Disease	disease_4028	2.3212928597791568e-08
Disease	disease_10225	2.318555606058964e-08
Disease	disease_16536	2.3176393574616165e-08
Disease	disease_7939	2.317484943072651e-08
Disease	disease_9742	2.3173702703477724e-08
Disease	disease_16796	2.3146132192792706e-08
Disease	disease_15786	2.3139467815957002e-08
Disease	disease_32759	2.3132322215837374e-08
Disease	disease_19858	2.3127419737077602e-08
Disease	disease_8927	2.3124015051574298e-08
Disease	disease_19485	2.3086584849751734e-08
Disease	disease_19403	2.3072109415075408e-08
Disease	disease_21745	2.3071038763117817e-08
Disease	disease_14608	2.3061035179146074e-08
Disease	disease_24465	2.305501412606534e-08
Disease	disease_20782	2.3048401744392493e-08
Disease	disease_17955	2.3045029411734293e-08
Disease	disease_12897	2.304327474850585e-08
Disease	disease_17871	2.304058689467095e-08
Disease	disease_7293	2.3035082039906462e-08
Disease	disease_9782	2.3031817791137235e-08
Disease	disease_5195	2.3029936474969564e-08
Disease	disease_13534	2.302599466130283e-08
Disease	disease_14033	2.3025229409662492e-08
Disease	disease_15846	2.3006494582376272e-08
Disease	disease_11245	2.300541873339448e-08
Disease	disease_9439	2.2989587911323168e-08
Disease	disease_9161	2.2982015152487548e-08
Disease	disease_17275	2.2969958039925586e-08
Disease	disease_8562	2.2962796694403585e-08
Disease	disease_6923	2.2957732242251033e-08
Disease	disease_2404	2.2942416573066485e-08
Disease	disease_30928	2.293821819278696e-08
Disease	disease_7550	2.293309378675234e-08
Disease	disease_13047	2.2928642515122188e-08
Disease	disease_8970	2.2909581718241303e-08
Disease	disease_11830	2.290674763404981e-08
Disease	disease_4705	2.289343984156814e-08
Disease	disease_9865	2.2890257885621182e-08
Disease	disease_3581	2.28787876773467e-08
Disease	disease_14009	2.287630796176764e-08
Disease	disease_18496	2.2867434233621138e-08
Disease	disease_10874	2.284275753461147e-08
Disease	disease_43468	2.2841096168559616e-08
Disease	disease_20226	2.2824556202494276e-08
Disease	disease_18821	2.2811368052498933e-08
Disease	disease_9211	2.281038137787936e-08
Disease	disease_32773	2.2806016191134653e-08
Disease	disease_1372	2.2778662904050173e-08
Disease	disease_8418	2.276377907077002e-08
Disease	disease_14768	2.2752027786006857e-08
Disease	disease_5905	2.2751359638323316e-08
Disease	disease_8828	2.2751230551403623e-08
Disease	disease_22481	2.274722166809777e-08
Disease	disease_22949	2.274722166809777e-08
Disease	disease_22468	2.274722166809777e-08
Disease	disease_15967	2.274722166809777e-08
Disease	disease_22333	2.274722166809777e-08
Disease	disease_22795	2.274722166809777e-08
Disease	disease_19817	2.273238399410945e-08
Disease	disease_12905	2.272894759942874e-08
Disease	disease_14628	2.2717386569835792e-08
Disease	disease_100253	2.269821393509207e-08
Disease	disease_7552	2.2696902085069398e-08
Disease	disease_43294	2.2695070587332075e-08
Disease	disease_19705	2.2690555570617084e-08
Disease	disease_10334	2.2687093110580495e-08
Disease	disease_13050	2.2682327319425405e-08
Disease	disease_18998	2.2676089226823852e-08
Disease	disease_2614	2.2652241974356277e-08
Disease	disease_19897	2.2651037441688107e-08
Disease	disease_12088	2.264730195448521e-08
Disease	disease_7307	2.2636306483319987e-08
Disease	disease_9409	2.2619940959062495e-08
Disease	disease_20015	2.261731153373205e-08
Disease	disease_14328	2.2612713665840715e-08
Disease	disease_12193	2.260570682663985e-08
Disease	disease_2459	2.2594162428335706e-08
Disease	disease_9246	2.2587440653262733e-08
Disease	disease_4716	2.257665835029753e-08
Disease	disease_7361	2.2576613330077616e-08
Disease	disease_13762	2.2565845150200526e-08
Disease	disease_11416	2.2563452615816266e-08
Disease	disease_19486	2.2497436411285506e-08
Disease	disease_13743	2.2481941864969744e-08
Disease	disease_17225	2.246365974567473e-08
Disease	disease_18744	2.2455471448541946e-08
Disease	disease_13721	2.2451867741313993e-08
Disease	disease_6230	2.244924191463803e-08
Disease	disease_10547	2.2448311912650515e-08
Disease	disease_304	2.2447445988355685e-08
Disease	disease_19377	2.243174795535945e-08
Disease	disease_14031	2.242949963656928e-08
Disease	disease_9887	2.2415690348225972e-08
Disease	disease_11366	2.24146879336324e-08
Disease	disease_20677	2.2403406748916862e-08
Disease	disease_461	2.2374749236233832e-08
Disease	disease_4971	2.2367336718209704e-08
Disease	disease_2204	2.236721808423664e-08
Disease	disease_4000	2.2359689891673512e-08
Disease	disease_9099	2.2356700115504404e-08
Disease	disease_11456	2.2356499707302695e-08
Disease	disease_32745	2.23417775845853e-08
Disease	disease_12251	2.233299079306531e-08
Disease	disease_11632	2.232934352612116e-08
Disease	disease_17718	2.2329015815155828e-08
Disease	disease_1217	2.2327138525295353e-08
Disease	disease_12510	2.231515691590403e-08
Disease	disease_13419	2.230918159075413e-08
Disease	disease_14381	2.2306563027818447e-08
Disease	disease_24456	2.227931708649314e-08
Disease	disease_11466	2.2275677586283734e-08
Disease	disease_19210	2.2274781094079558e-08
Disease	disease_16767	2.2266535852766342e-08
Disease	disease_18476	2.2266197665388137e-08
Disease	disease_11829	2.2256596400256124e-08
Disease	disease_32815	2.222257962847821e-08
Disease	disease_15397	2.2218448345323442e-08
Disease	disease_17223	2.2214715426253987e-08
Disease	disease_18202	2.220926988790877e-08
Disease	disease_13387	2.2199924853095737e-08
Disease	disease_5786	2.219836832253139e-08
Disease	disease_32601	2.2193356958690193e-08
Disease	disease_36870	2.2186157158007688e-08
Disease	disease_10164	2.2184884526630343e-08
Disease	disease_17059	2.2181787646436667e-08
Disease	disease_8718	2.2178159193487683e-08
Disease	disease_13440	2.2168187258470817e-08
Disease	disease_2457	2.2167916685852163e-08
Disease	disease_5516	2.2161161648217666e-08
Disease	disease_15749	2.2146583068443646e-08
Disease	disease_20789	2.2144169593450123e-08
Disease	disease_13227	2.214291396365664e-08
Disease	disease_19219	2.213482752111871e-08
Disease	disease_7622	2.2126410548825417e-08
Disease	disease_6545	2.212574799085233e-08
Disease	disease_8492	2.211785185896459e-08
Disease	disease_18343	2.2113536318142074e-08
Disease	disease_8069	2.2100678576435296e-08
Disease	disease_14698	2.2096681147386823e-08
Disease	disease_6180	2.209228858949398e-08
Disease	disease_12731	2.2085725983449015e-08
Disease	disease_3332	2.2085251721006743e-08
Disease	disease_14088	2.208459411064387e-08
Disease	disease_13843	2.2083685789683602e-08
Disease	disease_8868	2.2069689781586237e-08
Disease	disease_14383	2.2069510501370793e-08
Disease	disease_6742	2.206833949017829e-08
Disease	disease_15	2.2067273043029425e-08
Disease	disease_19366	2.206546159466316e-08
Disease	disease_7321	2.2063106088818907e-08
Disease	disease_11217	2.2054013428404113e-08
Disease	disease_54813	2.2053997019300747e-08
Disease	disease_18593	2.204717007444286e-08
Disease	disease_14701	2.201203522690887e-08
Disease	disease_19943	2.200178346173404e-08
Disease	disease_33636	2.2000693134872075e-08
Disease	disease_13867	2.1975826033671166e-08
Disease	disease_2661	2.197573237439841e-08
Disease	disease_9595	2.1963259506896653e-08
Disease	disease_19458	2.196293113879864e-08
Disease	disease_18879	2.1956177456795186e-08
Disease	disease_4082	2.1953631791973987e-08
Disease	disease_8493	2.1940242952475017e-08
Disease	disease_8104	2.1904775123054188e-08
Disease	disease_19063	2.190223549875119e-08
Disease	disease_20347	2.1895993380833247e-08
Disease	disease_12137	2.1886075273644667e-08
Disease	disease_5944	2.1881240025621906e-08
Disease	disease_3507	2.1869776362501244e-08
Disease	disease_3629	2.18635019922101e-08
Disease	disease_7554	2.1862551102514334e-08
Disease	disease_8225	2.1861477457477945e-08
Disease	disease_3821	2.1855974730441273e-08
Disease	disease_3159	2.1836304827331896e-08
Disease	disease_8219	2.1830601558216428e-08
Disease	disease_12876	2.1812899474913333e-08
Disease	disease_21156	2.179631552875936e-08
Disease	disease_13382	2.1793854171371312e-08
Disease	disease_18371	2.1791405911924826e-08
Disease	disease_1707	2.179071452553617e-08
Disease	disease_6336	2.1789453496145776e-08
Disease	disease_24525	2.1787377221146343e-08
Disease	disease_7000	2.1779320532167255e-08
Disease	disease_9480	2.1778460364264493e-08
Disease	disease_22151	2.1776383414857592e-08
Disease	disease_7465	2.1773668927453177e-08
Disease	disease_6933	2.177115377340534e-08
Disease	disease_1964	2.1742406165980696e-08
Disease	disease_19168	2.173733192630671e-08
Disease	disease_5790	2.1734836819877577e-08
Disease	disease_13877	2.1725699928341303e-08
Disease	disease_18317	2.1724163282196463e-08
Disease	disease_1940	2.170831659394852e-08
Disease	disease_20249	2.1707698642713355e-08
Disease	disease_16521	2.170742097896079e-08
Disease	disease_16189	2.1706685365877826e-08
Disease	disease_9704	2.1704590140894014e-08
Disease	disease_19006	2.1696143686193723e-08
Disease	disease_20093	2.169426684956835e-08
Disease	disease_16916	2.1657121404764788e-08
Disease	disease_10743	2.16558283090748e-08
Disease	disease_10417	2.165393079551254e-08
Disease	disease_18098	2.1652301400415153e-08
Disease	disease_32777	2.164948894170295e-08
Disease	disease_12925	2.1646870769390526e-08
Disease	disease_43579	2.1626082554347873e-08
Disease	disease_17783	2.162321389916479e-08
Disease	disease_54865	2.1622089114578615e-08
Disease	disease_13297	2.1613260396310798e-08
Disease	disease_19813	2.161264133190862e-08
Disease	disease_4319	2.1587262192189434e-08
Disease	disease_4318	2.1587262192189434e-08
Disease	disease_5629	2.158634430066826e-08
Disease	disease_24503	2.1579241847096533e-08
Disease	disease_17584	2.1572963967480366e-08
Disease	disease_824	2.1565899002290655e-08
Disease	disease_12345	2.1565770780038996e-08
Disease	disease_1874	2.1552459412667855e-08
Disease	disease_1051	2.1549206743772725e-08
Disease	disease_5141	2.1544158720129335e-08
Disease	disease_18477	2.1533479881503944e-08
Disease	disease_19461	2.1532410921299978e-08
Disease	disease_16058	2.152432755543699e-08
Disease	disease_13059	2.151589589312787e-08
Disease	disease_7352	2.1498564843500432e-08
Disease	disease_15572	2.149590907474806e-08
Disease	disease_13302	2.149153202751256e-08
Disease	disease_19799	2.1472629644175323e-08
Disease	disease_12392	2.144515873230965e-08
Disease	disease_7164	2.1437843172748074e-08
Disease	disease_17363	2.1436418395735902e-08
Disease	disease_19060	2.143531790621817e-08
Disease	disease_13391	2.143123390939246e-08
Disease	disease_45048	2.143070833520178e-08
Disease	disease_11264	2.1428731299238886e-08
Disease	disease_19969	2.1424769453926942e-08
Disease	disease_10998	2.142334891871594e-08
Disease	disease_14567	2.1362563235708355e-08
Disease	disease_54837	2.1362103969043126e-08
Disease	disease_44655	2.1358091788533276e-08
Disease	disease_45060	2.1344643969193232e-08
Disease	disease_11755	2.1344556841589488e-08
Disease	disease_12410	2.1344461478769356e-08
Disease	disease_5788	2.1342793525922504e-08
Disease	disease_14176	2.1335012528544863e-08
Disease	disease_9201	2.1332375133641565e-08
Disease	disease_951	2.1327167763261435e-08
Disease	disease_16649	2.1324358753466572e-08
Disease	disease_19179	2.1323856487435833e-08
Disease	disease_8632	2.1311985069753353e-08
Disease	disease_10480	2.1311798071082165e-08
Disease	disease_32608	2.131067014567354e-08
Disease	disease_14943	2.13041026051815e-08
Disease	disease_16581	2.1298781720205322e-08
Disease	disease_32889	2.1289637330863914e-08
Disease	disease_7157	2.128452538485006e-08
Disease	disease_6417	2.1280345697653923e-08
Disease	disease_44740	2.1277333292318597e-08
Disease	disease_14517	2.127375204482497e-08
Disease	disease_8232	2.1267934531501866e-08
Disease	disease_19231	2.1266970604601703e-08
Disease	disease_24479	2.126486354484326e-08
Disease	disease_9593	2.1257321146990663e-08
Disease	disease_32606	2.1248823126062286e-08
Disease	disease_13343	2.124417747441646e-08
Disease	disease_9275	2.122962312572837e-08
Disease	disease_43479	2.1228305270332634e-08
Disease	disease_11497	2.1225421212788475e-08
Disease	disease_18370	2.1217869523321373e-08
Disease	disease_9838	2.1214080834969474e-08
Disease	disease_9747	2.1210323243884168e-08
Disease	disease_100255	2.1204730278527217e-08
Disease	disease_12110	2.1201611196936687e-08
Disease	disease_12177	2.120158242854932e-08
Disease	disease_266	2.1177438007917977e-08
Disease	disease_44624	2.1175912871504873e-08
Disease	disease_18009	2.1175912871504873e-08
Disease	disease_34150	2.1175912871504873e-08
Disease	disease_17766	2.1154877191508015e-08
Disease	disease_17828	2.1126127334982635e-08
Disease	disease_10467	2.1118991745955337e-08
Disease	disease_9990	2.111014054600818e-08
Disease	disease_33545	2.1102664582429684e-08
Disease	disease_23011	2.1096870189154595e-08
Disease	disease_2929	2.1096870189154595e-08
Disease	disease_6931	2.1096870189154595e-08
Disease	disease_22736	2.1096870189154595e-08
Disease	disease_5847	2.1096870189154595e-08
Disease	disease_6972	2.1096870189154595e-08
Disease	disease_7995	2.109003043355276e-08
Disease	disease_2702	2.10802427465558e-08
Disease	disease_14900	2.1078190507039514e-08
Disease	disease_13886	2.107477741899927e-08
Disease	disease_16412	2.105827024309556e-08
Disease	disease_43247	2.1046755911770472e-08
Disease	disease_90	2.1034764944437323e-08
Disease	disease_14369	2.1032520449835183e-08
Disease	disease_18921	2.1012363203374486e-08
Disease	disease_8447	2.100943318503411e-08
Disease	disease_17140	2.1008929027263645e-08
Disease	disease_9664	2.099228213923795e-08
Disease	disease_20470	2.099139333956545e-08
Disease	disease_14800	2.0983586663513e-08
Disease	disease_19672	2.098139994231506e-08
Disease	disease_16411	2.0961976010424115e-08
Disease	disease_2875	2.0957770097242146e-08
Disease	disease_14007	2.095607759620689e-08
Disease	disease_15600	2.094849093229942e-08
Disease	disease_19464	2.0942262728547862e-08
Disease	disease_12872	2.094170512101139e-08
Disease	disease_12639	2.0929188268841245e-08
Disease	disease_4723	2.0920629632871817e-08
Disease	disease_14892	2.0900669479909254e-08
Disease	disease_11412	2.0894131852397747e-08
Disease	disease_15052	2.088897782180971e-08
Disease	disease_24649	2.087356921573604e-08
Disease	disease_13524	2.0870634475876422e-08
Disease	disease_17024	2.086621133007748e-08
Disease	disease_1112	2.0855786673688514e-08
Disease	disease_13143	2.08547713718166e-08
Disease	disease_8016	2.084905847874676e-08
Disease	disease_19460	2.0845986045712845e-08
Disease	disease_18540	2.084482764538544e-08
Disease	disease_14788	2.083989044564388e-08
Disease	disease_14021	2.0836176535723043e-08
Disease	disease_3169	2.0836123372514805e-08
Disease	disease_9624	2.0835134978339767e-08
Disease	disease_14019	2.0831676107208914e-08
Disease	disease_32621	2.0830637455976142e-08
Disease	disease_21722	2.0829255532265746e-08
Disease	disease_11038	2.0827403279331936e-08
Disease	disease_17271	2.0822262157576822e-08
Disease	disease_44205	2.0817708897037922e-08
Disease	disease_60761	2.081511091505611e-08
Disease	disease_1875	2.079772880842565e-08
Disease	disease_20496	2.079756901417603e-08
Disease	disease_32679	2.0786266186720016e-08
Disease	disease_11058	2.0782198463386487e-08
Disease	disease_40871	2.077371163444161e-08
Disease	disease_9699	2.0757802817920656e-08
Disease	disease_5552	2.07408556431332e-08
Disease	disease_1509	2.0735678556582327e-08
Disease	disease_12127	2.07287597435381e-08
Disease	disease_20585	2.071831387102643e-08
Disease	disease_7368	2.0712695413879396e-08
Disease	disease_10512	2.070313602867444e-08
Disease	disease_9096	2.0672283288815453e-08
Disease	disease_5481	2.066980209593159e-08
Disease	disease_10499	2.065317332623617e-08
Disease	disease_1466	2.0651493570220293e-08
Disease	disease_14711	2.0649233842791486e-08
Disease	disease_3766	2.0635688210167234e-08
Disease	disease_13042	2.063249773763362e-08
Disease	disease_31013	2.062799163927974e-08
Disease	disease_21080	2.060784908617385e-08
Disease	disease_9809	2.06031987979952e-08
Disease	disease_16127	2.058639701297312e-08
Disease	disease_15212	2.0586364266973274e-08
Disease	disease_19088	2.056421407215614e-08
Disease	disease_41752	2.056367519291522e-08
Disease	disease_19164	2.0560638485766286e-08
Disease	disease_30018	2.0555810776180244e-08
Disease	disease_11170	2.054745979484611e-08
Disease	disease_32632	2.0532346733157328e-08
Disease	disease_34145	2.0526280875682706e-08
Disease	disease_8771	2.052322774548729e-08
Disease	disease_12381	2.0515294879171432e-08
Disease	disease_19342	2.0511624148215233e-08
Disease	disease_9130	2.0510139186772976e-08
Disease	disease_15000	2.0506120343571575e-08
Disease	disease_9694	2.049646519114053e-08
Disease	disease_8264	2.0495037761836882e-08
Disease	disease_9228	2.048558488245758e-08
Disease	disease_10879	2.0480803730910537e-08
Disease	disease_9214	2.0470516934605883e-08
Disease	disease_11063	2.0461364537359668e-08
Disease	disease_13040	2.045894534827851e-08
Disease	disease_13103	2.0455442842260164e-08
Disease	disease_9732	2.0443952458419626e-08
Disease	disease_12981	2.0441008467434824e-08
Disease	disease_13043	2.043809507705012e-08
Disease	disease_14253	2.04326488210417e-08
Disease	disease_10351	2.0425056333895386e-08
Disease	disease_21224	2.0417357888248626e-08
Disease	disease_16101	2.0405766634360976e-08
Disease	disease_33187	2.0402457074329526e-08
Disease	disease_13041	2.0394902534010195e-08
Disease	disease_44739	2.0392801764491336e-08
Disease	disease_16169	2.0371145980066374e-08
Disease	disease_9213	2.0368022633641245e-08
Disease	disease_7271	2.0367374079912122e-08
Disease	disease_14129	2.036701429101264e-08
Disease	disease_4903	2.036457911132513e-08
Disease	disease_9772	2.0362954283811204e-08
Disease	disease_20492	2.03505442740444e-08
Disease	disease_16854	2.0340697749268854e-08
Disease	disease_9215	2.033963162451365e-08
Disease	disease_19695	2.033476096676211e-08
Disease	disease_9929	2.0332646911688e-08
Disease	disease_913	2.033232039561785e-08
Disease	disease_10940	2.0321157546948746e-08
Disease	disease_17036	2.0312463465847652e-08
Disease	disease_2586	2.031050141639405e-08
Disease	disease_10197	2.0310241674203844e-08
Disease	disease_14417	2.0308811394873998e-08
Disease	disease_11910	2.0302414827408612e-08
Disease	disease_24310	2.0300709659879205e-08
Disease	disease_9490	2.0295106767040133e-08
Disease	disease_2436	2.0276330681964e-08
Disease	disease_19526	2.0274295479451768e-08
Disease	disease_13334	2.0265862325246712e-08
Disease	disease_9681	2.0264396831838168e-08
Disease	disease_2731	2.025938883376726e-08
Disease	disease_3972	2.0256580845715794e-08
Disease	disease_3970	2.0256580845715794e-08
Disease	disease_11694	2.0253593734169483e-08
Disease	disease_3989	2.0253462941846686e-08
Disease	disease_11730	2.0250956886354235e-08
Disease	disease_32844	2.0250055395379452e-08
Disease	disease_15347	2.024566864247352e-08
Disease	disease_42488	2.0236761805340468e-08
Disease	disease_11224	2.0231388903156456e-08
Disease	disease_15447	2.0228254916021424e-08
Disease	disease_13054	2.0206266689895704e-08
Disease	disease_54838	2.019902852625907e-08
Disease	disease_21576	2.0196498865961603e-08
Disease	disease_19064	2.017841922750022e-08
Disease	disease_42980	2.016950678719462e-08
Disease	disease_8072	2.016851946306056e-08
Disease	disease_3311	2.0153598189576426e-08
Disease	disease_1028	2.015280130526592e-08
Disease	disease_8705	2.014775182940817e-08
Disease	disease_18432	2.014406135954168e-08
Disease	disease_13238	2.0108495867710943e-08
Disease	disease_14599	2.009482953823613e-08
Disease	disease_9656	2.0080832120125467e-08
Disease	disease_16853	2.005432727511937e-08
Disease	disease_7106	2.0034750152414586e-08
Disease	disease_43878	2.0019891959555625e-08
Disease	disease_17838	2.0018700108399163e-08
Disease	disease_41259	1.9998906794741486e-08
Disease	disease_13658	1.9997653018301914e-08
Disease	disease_11915	1.9996203474300682e-08
Disease	disease_14905	1.9994129028907846e-08
Disease	disease_17787	1.99904425653646e-08
Disease	disease_26762	1.9985056964423423e-08
Disease	disease_9878	1.9980168025570414e-08
Disease	disease_42497	1.9979726426429383e-08
Disease	disease_8108	1.9979247634815343e-08
Disease	disease_41959	1.997915075266733e-08
Disease	disease_8209	1.9975454343489778e-08
Disease	disease_8702	1.9973635276501938e-08
Disease	disease_10918	1.9970832834022094e-08
Disease	disease_12569	1.9966108625547916e-08
Disease	disease_18161	1.9963256736152225e-08
Disease	disease_18804	1.99535029398132e-08
Disease	disease_26731	1.9951117568147368e-08
Disease	disease_18349	1.9947892114190288e-08
Disease	disease_12997	1.9947396782567636e-08
Disease	disease_965	1.9946343967120513e-08
Disease	disease_13668	1.9939589884693504e-08
Disease	disease_14132	1.9935192712120148e-08
Disease	disease_2921	1.9934232368488875e-08
Disease	disease_100252	1.993344988382847e-08
Disease	disease_11152	1.9932639410436754e-08
Disease	disease_10953	1.9926203701592928e-08
Disease	disease_30931	1.9917881351627936e-08
Disease	disease_8408	1.9914833111501667e-08
Disease	disease_19192	1.9913518852313484e-08
Disease	disease_22792	1.9912515260123595e-08
Disease	disease_18900	1.991073372385289e-08
Disease	disease_18222	1.9904350786834375e-08
Disease	disease_33665	1.9899327036145884e-08
Disease	disease_14271	1.989621646222072e-08
Disease	disease_17784	1.9877103362090498e-08
Disease	disease_8048	1.9877020379333997e-08
Disease	disease_6920	1.987452898315622e-08
Disease	disease_17614	1.9872041654194072e-08
Disease	disease_5780	1.9865641214640967e-08
Disease	disease_16073	1.985646588440645e-08
Disease	disease_43106	1.9852923296243594e-08
Disease	disease_14734	1.9829468044156028e-08
Disease	disease_13199	1.982679014141961e-08
Disease	disease_18436	1.9804910880221368e-08
Disease	disease_12272	1.9796882777423052e-08
Disease	disease_9368	1.9796292963413e-08
Disease	disease_20672	1.9787201636861317e-08
Disease	disease_10185	1.9777430920997916e-08
Disease	disease_10011	1.9771374612754512e-08
Disease	disease_17865	1.977035709203748e-08
Disease	disease_14230	1.974245234558764e-08
Disease	disease_1633	1.974185384871087e-08
Disease	disease_2132	1.9737633212320362e-08
Disease	disease_24645	1.9735919367988656e-08
Disease	disease_36696	1.9731546014525588e-08
Disease	disease_7617	1.9729303217574076e-08
Disease	disease_12209	1.9718677603013018e-08
Disease	disease_11053	1.971751146240638e-08
Disease	disease_17720	1.971411508849891e-08
Disease	disease_18471	1.970410544408207e-08
Disease	disease_32735	1.9700887707977553e-08
Disease	disease_33654	1.9691065338306605e-08
Disease	disease_12125	1.9680203721061026e-08
Disease	disease_17846	1.9660333430447297e-08
Disease	disease_9703	1.9657794592880123e-08
Disease	disease_3004	1.9633204940593288e-08
Disease	disease_16886	1.961831875318651e-08
Disease	disease_3971	1.961793855964257e-08
Disease	disease_18503	1.961793855964257e-08
Disease	disease_10540	1.9616774938820326e-08
Disease	disease_2522	1.961483903563005e-08
Disease	disease_10681	1.9612853161688522e-08
Disease	disease_9006	1.9611723668163254e-08
Disease	disease_3266	1.9590451696085294e-08
Disease	disease_3345	1.9567499099458562e-08
Disease	disease_12117	1.9561975628205634e-08
Disease	disease_12331	1.956045053124639e-08
Disease	disease_12303	1.956045053124639e-08
Disease	disease_12210	1.956045053124639e-08
Disease	disease_12103	1.954925333430642e-08
Disease	disease_11502	1.9538712700225417e-08
Disease	disease_5964	1.952854019706934e-08
Disease	disease_5756	1.952854019706934e-08
Disease	disease_18071	1.952752279151481e-08
Disease	disease_18223	1.952197016486028e-08
Disease	disease_16341	1.9520400201173988e-08
Disease	disease_7387	1.9508900358376984e-08
Disease	disease_13128	1.9504858385061022e-08
Disease	disease_7098	1.950467132461404e-08
Disease	disease_13464	1.9498626214439716e-08
Disease	disease_13342	1.9493532533753767e-08
Disease	disease_13546	1.9481740832866432e-08
Disease	disease_10088	1.9478821621974382e-08
Disease	disease_7688	1.9474794727692117e-08
Disease	disease_16808	1.9472174854060382e-08
Disease	disease_1121	1.9467382244827486e-08
Disease	disease_3603	1.9466970106296638e-08
Disease	disease_19563	1.9460969118209163e-08
Disease	disease_9950	1.9448542509642328e-08
Disease	disease_10407	1.9447907147034825e-08
Disease	disease_43237	1.9446429606048244e-08
Disease	disease_14793	1.9445604452727663e-08
Disease	disease_7733	1.9445091540637614e-08
Disease	disease_18748	1.9443815638443986e-08
Disease	disease_13018	1.942618638535545e-08
Disease	disease_12308	1.942606621506892e-08
Disease	disease_13512	1.9418929596954795e-08
Disease	disease_18516	1.9412139258794876e-08
Disease	disease_17869	1.9399584706570755e-08
Disease	disease_8392	1.9395069997448047e-08
Disease	disease_6895	1.9376714955296404e-08
Disease	disease_20572	1.9375677407454433e-08
Disease	disease_20706	1.9367972824234026e-08
Disease	disease_20491	1.935896976426139e-08
Disease	disease_11489	1.9339281414171717e-08
Disease	disease_16912	1.931545165018956e-08
Disease	disease_11061	1.9313909799600397e-08
Disease	disease_11436	1.931271118137949e-08
Disease	disease_12984	1.9297227832707235e-08
Disease	disease_10999	1.929642158376686e-08
Disease	disease_7508	1.929331918524776e-08
Disease	disease_18180	1.9288642849539586e-08
Disease	disease_17264	1.9288075186458237e-08
Disease	disease_11174	1.92858638433762e-08
Disease	disease_16915	1.9281797468073747e-08
Disease	disease_16226	1.9278848186514926e-08
Disease	disease_17129	1.9263108871519677e-08
Disease	disease_9091	1.9253809845327738e-08
Disease	disease_8846	1.9252309318073162e-08
Disease	disease_16361	1.9242732308124655e-08
Disease	disease_17163	1.9239159782133285e-08
Disease	disease_54591	1.9238295760772122e-08
Disease	disease_11110	1.923266696577544e-08
Disease	disease_17029	1.9229929573207436e-08
Disease	disease_15735	1.9219557871234314e-08
Disease	disease_20858	1.9215472528515874e-08
Disease	disease_33091	1.9207157749244974e-08
Disease	disease_9855	1.9203874779299416e-08
Disease	disease_9032	1.9202338836293205e-08
Disease	disease_9046	1.9198912145126013e-08
Disease	disease_7381	1.919704900243166e-08
Disease	disease_25667	1.917537064441846e-08
Disease	disease_10237	1.917249641537979e-08
Disease	disease_9082	1.9156467158263768e-08
Disease	disease_24474	1.9155570910913755e-08
Disease	disease_984	1.9140946431976806e-08
Disease	disease_1803	1.9130193673338014e-08
Disease	disease_16104	1.9125436235731828e-08
Disease	disease_7558	1.9111154756408185e-08
Disease	disease_3210	1.9107377192577147e-08
Disease	disease_20788	1.9106720404589738e-08
Disease	disease_17123	1.9106683060382837e-08
Disease	disease_15526	1.9105316950492148e-08
Disease	disease_30924	1.9085194969317182e-08
Disease	disease_2089	1.9078948688698192e-08
Disease	disease_12208	1.9074785253282103e-08
Disease	disease_15334	1.9064426147475475e-08
Disease	disease_10353	1.906001472852044e-08
Disease	disease_13423	1.905130646287674e-08
Disease	disease_11032	1.9048628327361463e-08
Disease	disease_9242	1.904391697137034e-08
Disease	disease_24571	1.9035433638284573e-08
Disease	disease_5380	1.9035133410289062e-08
Disease	disease_7247	1.9033948020241715e-08
Disease	disease_9794	1.9028284881494226e-08
Disease	disease_16407	1.9013868801303754e-08
Disease	disease_13475	1.901367158754298e-08
Disease	disease_10212	1.9011674048468513e-08
Disease	disease_10603	1.899294874329907e-08
Disease	disease_18842	1.899077312918049e-08
Disease	disease_18348	1.898299055817694e-08
Disease	disease_100031	1.8980887279568684e-08
Disease	disease_16779	1.8979799722402396e-08
Disease	disease_19172	1.8967185056451007e-08
Disease	disease_1577	1.896547253756209e-08
Disease	disease_1610	1.8954575757345714e-08
Disease	disease_5229	1.895445511211058e-08
Disease	disease_24715	1.8943896739882526e-08
Disease	disease_9653	1.8940807463167888e-08
Disease	disease_33555	1.893984441191045e-08
Disease	disease_12679	1.893173013965213e-08
Disease	disease_10807	1.8931190427462453e-08
Disease	disease_8019	1.893102277662426e-08
Disease	disease_12712	1.8929584519931307e-08
Disease	disease_8080	1.8923905069246807e-08
Disease	disease_12301	1.8923520940454968e-08
Disease	disease_19561	1.8919615437626636e-08
Disease	disease_11216	1.891560300478778e-08
Disease	disease_14753	1.891417563301592e-08
Disease	disease_30921	1.8893419159266825e-08
Disease	disease_10622	1.8891333807629796e-08
Disease	disease_1912	1.888505774930619e-08
Disease	disease_14133	1.8868640712635817e-08
Disease	disease_10774	1.8867682737598493e-08
Disease	disease_32723	1.8859285941734346e-08
Disease	disease_8634	1.8858390318575574e-08
Disease	disease_12592	1.8848221900730702e-08
Disease	disease_7364	1.8845935608342836e-08
Disease	disease_17735	1.8845217757125e-08
Disease	disease_14370	1.883856572237094e-08
Disease	disease_4004	1.88351296722482e-08
Disease	disease_19844	1.8832959425973042e-08
Disease	disease_6666	1.881397044021795e-08
Disease	disease_11205	1.8807118559130917e-08
Disease	disease_1838	1.880705066303576e-08
Disease	disease_14803	1.8791647184326036e-08
Disease	disease_12705	1.8771065990282803e-08
Disease	disease_11812	1.8761913358678565e-08
Disease	disease_1824	1.87544944110511e-08
Disease	disease_6018	1.874156434702695e-08
Disease	disease_33204	1.8740330946513844e-08
Disease	disease_13038	1.8721717882761743e-08
Disease	disease_17372	1.8718028055765815e-08
Disease	disease_10901	1.8706809966667317e-08
Disease	disease_7248	1.8699025346271806e-08
Disease	disease_32	1.869779885568934e-08
Disease	disease_32699	1.8691204026634386e-08
Disease	disease_12266	1.868113530998855e-08
Disease	disease_8081	1.8680073621523888e-08
Disease	disease_7257	1.866980787280875e-08
Disease	disease_19218	1.866808809176975e-08
Disease	disease_6688	1.8666579069521975e-08
Disease	disease_11460	1.865957113910794e-08
Disease	disease_11269	1.865623441961368e-08
Disease	disease_20640	1.8649646370901362e-08
Disease	disease_56795	1.864937695551305e-08
Disease	disease_21471	1.864815485591545e-08
Disease	disease_16008	1.864023447121766e-08
Disease	disease_13495	1.8634856989328905e-08
Disease	disease_21038	1.8630343225628308e-08
Disease	disease_8682	1.8617149890717585e-08
Disease	disease_9657	1.8612842938366374e-08
Disease	disease_2839	1.8592506191018815e-08
Disease	disease_13557	1.858887858245455e-08
Disease	disease_1835	1.8587692463830506e-08
Disease	disease_7158	1.858241246669e-08
Disease	disease_10812	1.8578635625653978e-08
Disease	disease_18187	1.857834563909816e-08
Disease	disease_7608	1.8555919305433802e-08
Disease	disease_8755	1.855132247857132e-08
Disease	disease_14611	1.8549580670068868e-08
Disease	disease_30056	1.8541793058049284e-08
Disease	disease_7390	1.853931767582775e-08
Disease	disease_14212	1.8533408839966412e-08
Disease	disease_1173	1.852557958446984e-08
Disease	disease_3342	1.8524941931656647e-08
Disease	disease_23369	1.8520933995286347e-08
Disease	disease_30923	1.8519103446977845e-08
Disease	disease_4294	1.8510385936123858e-08
Disease	disease_7657	1.85027126622162e-08
Disease	disease_7898	1.85027126622162e-08
Disease	disease_1719	1.850186688577938e-08
Disease	disease_100285	1.8495357687668922e-08
Disease	disease_14627	1.8492504351423408e-08
Disease	disease_9333	1.848672464080282e-08
Disease	disease_19604	1.8485966675908595e-08
Disease	disease_12783	1.8485951748710807e-08
Disease	disease_11837	1.848532865877594e-08
Disease	disease_5134	1.8481691101533727e-08
Disease	disease_7336	1.84565431440754e-08
Disease	disease_16391	1.845496898110062e-08
Disease	disease_19205	1.8453272919291618e-08
Disease	disease_19229	1.8452886940060266e-08
Disease	disease_10605	1.8450414375315924e-08
Disease	disease_43320	1.845013782727115e-08
Disease	disease_56799	1.8449163724396398e-08
Disease	disease_236	1.844896476589046e-08
Disease	disease_17010	1.843415596040281e-08
Disease	disease_2721	1.8418432883787515e-08
Disease	disease_8214	1.8417042933638068e-08
Disease	disease_11816	1.8414788948520764e-08
Disease	disease_1624	1.8402958711353627e-08
Disease	disease_4810	1.8402958711353627e-08
Disease	disease_15372	1.8401364155585497e-08
Disease	disease_16739	1.839926319305617e-08
Disease	disease_1355	1.8399139117353718e-08
Disease	disease_13813	1.839207861382089e-08
Disease	disease_26720	1.838573210234554e-08
Disease	disease_18308	1.8375227481743593e-08
Disease	disease_21559	1.837339821804956e-08
Disease	disease_4139	1.837339821804956e-08
Disease	disease_2637	1.8366154413081848e-08
Disease	disease_14335	1.8363258200960102e-08
Disease	disease_17683	1.8357363796276192e-08
Disease	disease_12346	1.8346532548995887e-08
Disease	disease_20021	1.83414969868851e-08
Disease	disease_18118	1.83357904866142e-08
Disease	disease_6615	1.8335137771805353e-08
Disease	disease_9272	1.833188280279321e-08
Disease	disease_14942	1.832997439048304e-08
Disease	disease_16364	1.8326005856054662e-08
Disease	disease_32772	1.8325736976581488e-08
Disease	disease_12885	1.8324054084293728e-08
Disease	disease_2605	1.8323910293512706e-08
Disease	disease_1895	1.8323773127900072e-08
Disease	disease_19774	1.8315430783233893e-08
Disease	disease_20272	1.8300914066601104e-08
Disease	disease_11756	1.8294203377566415e-08
Disease	disease_32918	1.8291020652807768e-08
Disease	disease_11445	1.8278588718668134e-08
Disease	disease_14846	1.8276265373039474e-08
Disease	disease_16218	1.8275777834497107e-08
Disease	disease_8906	1.8270596321812346e-08
Disease	disease_19256	1.8260708986379254e-08
Disease	disease_7888	1.8260337629983766e-08
Disease	disease_13417	1.8256472782339883e-08
Disease	disease_4726	1.8251145044761118e-08
Disease	disease_13123	1.8250735140130855e-08
Disease	disease_19698	1.8244915444304404e-08
Disease	disease_13166	1.8243547748895113e-08
Disease	disease_16625	1.8240925565744162e-08
Disease	disease_1066	1.8234409125425642e-08
Disease	disease_16819	1.82206277030805e-08
Disease	disease_10507	1.8220002415760177e-08
Disease	disease_2568	1.8215564765073846e-08
Disease	disease_32758	1.8215137355061688e-08
Disease	disease_16409	1.8206807810261037e-08
Disease	disease_19642	1.8182664500231748e-08
Disease	disease_2285	1.817920075780084e-08
Disease	disease_2342	1.8177133660550905e-08
Disease	disease_9962	1.8177116177905144e-08
Disease	disease_20729	1.8174332807234533e-08
Disease	disease_330	1.815873711086914e-08
Disease	disease_16269	1.815550661103991e-08
Disease	disease_16270	1.815550661103991e-08
Disease	disease_9169	1.815297328141134e-08
Disease	disease_19025	1.814704468715678e-08
Disease	disease_11904	1.8122766879744987e-08
Disease	disease_44326	1.8121893547489702e-08
Disease	disease_17817	1.812181043130373e-08
Disease	disease_17816	1.812181043130373e-08
Disease	disease_1469	1.8119230220893228e-08
Disease	disease_1427	1.8119230220893228e-08
Disease	disease_1428	1.8119230220893228e-08
Disease	disease_2569	1.8119230220893228e-08
Disease	disease_2976	1.8119230220893228e-08
Disease	disease_10524	1.811835614813032e-08
Disease	disease_16775	1.8115269433452468e-08
Disease	disease_6565	1.8106584047729722e-08
Disease	disease_1532	1.810168220032747e-08
Disease	disease_2336	1.809276100828652e-08
Disease	disease_10756	1.8080217302409136e-08
Disease	disease_100234	1.8076289625922374e-08
Disease	disease_9603	1.806666793245324e-08
Disease	disease_8456	1.8065746389829824e-08
Disease	disease_9514	1.806449806478852e-08
Disease	disease_17623	1.8061814957093146e-08
Disease	disease_9515	1.8061341054685666e-08
Disease	disease_7691	1.80579603471084e-08
Disease	disease_17308	1.8057754392874927e-08
Disease	disease_14042	1.8056421040680787e-08
Disease	disease_20305	1.8046930729938332e-08
Disease	disease_34092	1.804387086359486e-08
Disease	disease_24610	1.8039017085701294e-08
Disease	disease_13817	1.8035573870317128e-08
Disease	disease_9585	1.8027832204210955e-08
Disease	disease_1031	1.802648783990234e-08
Disease	disease_13448	1.802080201015297e-08
Disease	disease_12846	1.802080201015297e-08
Disease	disease_20304	1.801839655402916e-08
Disease	disease_4631	1.8016421518468307e-08
Disease	disease_7854	1.801512393571356e-08
Disease	disease_4195	1.800771619680309e-08
Disease	disease_3848	1.800771619680309e-08
Disease	disease_21379	1.800626847787464e-08
Disease	disease_30903	1.7997087320120674e-08
Disease	disease_4828	1.7988370581001896e-08
Disease	disease_9370	1.7982315248195403e-08
Disease	disease_10854	1.7978325429925395e-08
Disease	disease_7446	1.7972050036740375e-08
Disease	disease_11060	1.7968799934085735e-08
Disease	disease_6582	1.7964762575603988e-08
Disease	disease_2183	1.7958463102099333e-08
Disease	disease_15363	1.7956421026726643e-08
Disease	disease_6241	1.794230518005951e-08
Disease	disease_14198	1.7937289559414453e-08
Disease	disease_20250	1.7928194097465774e-08
Disease	disease_19441	1.7920787078163622e-08
Disease	disease_8968	1.7919927573782495e-08
Disease	disease_222	1.7906094157679308e-08
Disease	disease_14455	1.7904449591546142e-08
Disease	disease_17048	1.7897620391774394e-08
Disease	disease_4152	1.789573621627696e-08
Disease	disease_4478	1.789573621627696e-08
Disease	disease_19559	1.7893289102337653e-08
Disease	disease_6031	1.7893116906622176e-08
Disease	disease_20053	1.7892756272191654e-08
Disease	disease_1525	1.7889499107378793e-08
Disease	disease_4564	1.7889499107378793e-08
Disease	disease_13223	1.788286829495248e-08
Disease	disease_16592	1.7867576005112263e-08
Disease	disease_13943	1.786698641236486e-08
Disease	disease_16363	1.786045827735235e-08
Disease	disease_17709	1.7847865122598254e-08
Disease	disease_33532	1.7845670386175496e-08
Disease	disease_20681	1.7842666321079107e-08
Disease	disease_16797	1.782684240930564e-08
Disease	disease_15345	1.7823942660128678e-08
Disease	disease_3007	1.7809218854388e-08
Disease	disease_2915	1.7806986722440483e-08
Disease	disease_11582	1.7799428578984934e-08
Disease	disease_16366	1.779314192361572e-08
Disease	disease_54754	1.7791258009173552e-08
Disease	disease_17268	1.7783151660070015e-08
Disease	disease_18613	1.777898306707541e-08
Disease	disease_19035	1.7778465719695574e-08
Disease	disease_13179	1.7774071030130607e-08
Disease	disease_9791	1.776862111168065e-08
Disease	disease_33613	1.77663355107366e-08
Disease	disease_17714	1.7765680854043944e-08
Disease	disease_32839	1.7763905091101615e-08
Disease	disease_9070	1.7743591107667564e-08
Disease	disease_44738	1.7743125952658454e-08
Disease	disease_19503	1.7740139165217125e-08
Disease	disease_8842	1.7737735727392192e-08
Disease	disease_1871	1.7736460588212096e-08
Disease	disease_1644	1.7736460588212096e-08
Disease	disease_13485	1.7723666174349824e-08
Disease	disease_32799	1.769878809262098e-08
Disease	disease_60745	1.768339712163293e-08
Disease	disease_7601	1.768259861107785e-08
Disease	disease_13987	1.768223527691905e-08
Disease	disease_12265	1.7671978851444176e-08
Disease	disease_12264	1.7671978851444176e-08
Disease	disease_19702	1.766425433287965e-08
Disease	disease_19586	1.7661798182863734e-08
Disease	disease_3257	1.7654341651612302e-08
Disease	disease_22316	1.764323968574789e-08
Disease	disease_14065	1.763718013641759e-08
Disease	disease_10784	1.763149724419685e-08
Disease	disease_5454	1.7626412535747804e-08
Disease	disease_13715	1.7620379406938894e-08
Disease	disease_6420	1.7613139298456593e-08
Disease	disease_19567	1.760940925194704e-08
Disease	disease_10840	1.7600419626539776e-08
Disease	disease_45030	1.7596024140979994e-08
Disease	disease_14891	1.7594001025520526e-08
Disease	disease_20317	1.7589892027270202e-08
Disease	disease_35112	1.7589892027270202e-08
Disease	disease_100294	1.7589267866727537e-08
Disease	disease_4582	1.7587156809920103e-08
Disease	disease_7405	1.7570748938258973e-08
Disease	disease_18002	1.7570294584594223e-08
Disease	disease_6736	1.7569662780772454e-08
Disease	disease_115	1.756800382249179e-08
Disease	disease_20138	1.7565044787669675e-08
Disease	disease_14640	1.7560128075228974e-08
Disease	disease_7908	1.7555513780940322e-08
Disease	disease_256	1.7555319901016944e-08
Disease	disease_54741	1.7552116747777158e-08
Disease	disease_2738	1.7549872368329296e-08
Disease	disease_12285	1.7547501664306747e-08
Disease	disease_5862	1.754703996286245e-08
Disease	disease_21392	1.7537211839676696e-08
Disease	disease_16037	1.7531334143629525e-08
Disease	disease_237	1.7524738859712536e-08
Disease	disease_15737	1.7524539669043338e-08
Disease	disease_19504	1.752198563013842e-08
Disease	disease_10560	1.7520164258528422e-08
Disease	disease_22471	1.7519500968338822e-08
Disease	disease_18339	1.7517475873015838e-08
Disease	disease_10105	1.7496852555898773e-08
Disease	disease_15748	1.749597936739696e-08
Disease	disease_11512	1.748984956596963e-08
Disease	disease_16045	1.7481750344486136e-08
Disease	disease_9350	1.747621432603318e-08
Disease	disease_20799	1.7473891666424873e-08
Disease	disease_20947	1.7469955061278886e-08
Disease	disease_17310	1.745926691930536e-08
Disease	disease_24280	1.7454251977309962e-08
Disease	disease_7345	1.744595316368303e-08
Disease	disease_8748	1.7438855806126088e-08
Disease	disease_4812	1.7436903091070797e-08
Disease	disease_21052	1.743225802906519e-08
Disease	disease_9940	1.742607398091177e-08
Disease	disease_6485	1.7424779930682422e-08
Disease	disease_7702	1.7411648028209768e-08
Disease	disease_17946	1.741101130928616e-08
Disease	disease_10859	1.7409263825955067e-08
Disease	disease_8960	1.7407958335253373e-08
Disease	disease_16100	1.740193665783833e-08
Disease	disease_18247	1.739791172413045e-08
Disease	disease_10082	1.7396649784102873e-08
Disease	disease_1876	1.7394382764317016e-08
Disease	disease_14192	1.739408778068587e-08
Disease	disease_25445	1.739226619349142e-08
Disease	disease_17890	1.737572336412567e-08
Disease	disease_6475	1.737572336412567e-08
Disease	disease_6397	1.737572336412567e-08
Disease	disease_17887	1.737572336412567e-08
Disease	disease_14658	1.7372738381810575e-08
Disease	disease_12396	1.736996157270208e-08
Disease	disease_18446	1.736967908203168e-08
Disease	disease_10637	1.7364672122552567e-08
Disease	disease_5871	1.735448460621319e-08
Disease	disease_16165	1.7353591131038137e-08
Disease	disease_16738	1.735287510685144e-08
Disease	disease_14049	1.7352864823357486e-08
Disease	disease_17578	1.7346507101022527e-08
Disease	disease_15942	1.7342045124452998e-08
Disease	disease_18115	1.734068261119734e-08
Disease	disease_19803	1.7336732650453245e-08
Disease	disease_19022	1.7329759113181005e-08
Disease	disease_21935	1.7329366042034553e-08
Disease	disease_5873	1.7329366042034553e-08
Disease	disease_16763	1.731922764383231e-08
Disease	disease_17202	1.731699022606082e-08
Disease	disease_9796	1.7315481080098365e-08
Disease	disease_6000	1.729584558769002e-08
Disease	disease_5747	1.7289793542042937e-08
Disease	disease_30020	1.7289647799401715e-08
Disease	disease_4958	1.7278242689692642e-08
Disease	disease_16824	1.72736074985695e-08
Disease	disease_1563	1.727310576630636e-08
Disease	disease_13200	1.726738452674358e-08
Disease	disease_9449	1.7251289845420772e-08
Disease	disease_11718	1.724614161993222e-08
Disease	disease_14973	1.7243794904084467e-08
Disease	disease_9151	1.724228735036208e-08
Disease	disease_23227	1.7240330270350226e-08
Disease	disease_100250	1.723584549301855e-08
Disease	disease_14018	1.7235146471273282e-08
Disease	disease_15222	1.7230586071964522e-08
Disease	disease_9283	1.7222315318370182e-08
Disease	disease_19011	1.7216875282301693e-08
Disease	disease_60758	1.7214675114960673e-08
Disease	disease_1064	1.7210362857883826e-08
Disease	disease_386	1.720785484208857e-08
Disease	disease_20082	1.7206964245164235e-08
Disease	disease_7871	1.719626755132367e-08
Disease	disease_8073	1.7184702991251843e-08
Disease	disease_19686	1.7183172073534177e-08
Disease	disease_23069	1.7181806760202358e-08
Disease	disease_5523	1.7174622375460117e-08
Disease	disease_5410	1.717217629085051e-08
Disease	disease_12439	1.7169012745542257e-08
Disease	disease_10794	1.7167905509852803e-08
Disease	disease_20568	1.7162216929922028e-08
Disease	disease_12565	1.715314206083963e-08
Disease	disease_7963	1.7148350742233374e-08
Disease	disease_44724	1.7148231571872375e-08
Disease	disease_5950	1.713897208152473e-08
Disease	disease_11099	1.7135194937245275e-08
Disease	disease_16010	1.7134532401852187e-08
Disease	disease_11690	1.712950074984115e-08
Disease	disease_44319	1.710842194501009e-08
Disease	disease_11887	1.710328194708055e-08
Disease	disease_17672	1.710258322350359e-08
Disease	disease_257	1.7092147533280802e-08
Disease	disease_30030	1.7068876906564338e-08
Disease	disease_13422	1.70568830157071e-08
Disease	disease_17742	1.704399447225275e-08
Disease	disease_7711	1.703632421066333e-08
Disease	disease_19468	1.7034593576531678e-08
Disease	disease_14526	1.702522821660625e-08
Disease	disease_12031	1.702449428876062e-08
Disease	disease_1499	1.7021870321209664e-08
Disease	disease_6861	1.7020577345258416e-08
Disease	disease_13323	1.701805145504027e-08
Disease	disease_6798	1.701330915088792e-08
Disease	disease_11765	1.7009531545174142e-08
Disease	disease_9655	1.7007284002425872e-08
Disease	disease_8865	1.7007105557039493e-08
Disease	disease_9188	1.6995518013658523e-08
Disease	disease_8217	1.6990316937235302e-08
Disease	disease_20749	1.6976069113129255e-08
Disease	disease_10214	1.6969827132508025e-08
Disease	disease_13840	1.695951969142848e-08
Disease	disease_14804	1.6958051667951566e-08
Disease	disease_13519	1.695140521820881e-08
Disease	disease_9486	1.6951343231070877e-08
Disease	disease_17772	1.694076608424923e-08
Disease	disease_17362	1.6938730241678965e-08
Disease	disease_1949	1.693831742613166e-08
Disease	disease_5174	1.693831742613166e-08
Disease	disease_20680	1.693831742613166e-08
Disease	disease_14820	1.6937789317889796e-08
Disease	disease_5342	1.6931914097023572e-08
Disease	disease_17318	1.692582922115916e-08
Disease	disease_13526	1.6924439050246114e-08
Disease	disease_2321	1.6919219437429266e-08
Disease	disease_7631	1.6918398134305277e-08
Disease	disease_7339	1.69170834772811e-08
Disease	disease_14858	1.69143118747855e-08
Disease	disease_13194	1.6911315817360026e-08
Disease	disease_14510	1.6899902779717615e-08
Disease	disease_192	1.6899577022017824e-08
Disease	disease_17609	1.6892900755932733e-08
Disease	disease_11140	1.6890882119497033e-08
Disease	disease_27767	1.6888192085199954e-08
Disease	disease_17177	1.688471934258095e-08
Disease	disease_18021	1.6873431553735875e-08
Disease	disease_10337	1.6865047924760917e-08
Disease	disease_8218	1.6848760633932293e-08
Disease	disease_18224	1.684870176515569e-08
Disease	disease_13660	1.6848473671281543e-08
Disease	disease_6543	1.6847863406431216e-08
Disease	disease_3828	1.6847682717637426e-08
Disease	disease_13153	1.684431518949497e-08
Disease	disease_60629	1.6838695268428964e-08
Disease	disease_497	1.6836612050678493e-08
Disease	disease_10712	1.6836074766001222e-08
Disease	disease_21102	1.6829284005836837e-08
Disease	disease_8153	1.6823576769854352e-08
Disease	disease_7095	1.682120545541908e-08
Disease	disease_8943	1.681576457169478e-08
Disease	disease_15094	1.681126772340309e-08
Disease	disease_17301	1.6803880935747606e-08
Disease	disease_12534	1.6795212311892368e-08
Disease	disease_8354	1.6792435603279343e-08
Disease	disease_33856	1.6784050508325465e-08
Disease	disease_13242	1.6782909851648962e-08
Disease	disease_27676	1.6780171763368277e-08
Disease	disease_19902	1.6780013440208012e-08
Disease	disease_15736	1.677770059595265e-08
Disease	disease_13234	1.6759156093054005e-08
Disease	disease_26727	1.675764146873555e-08
Disease	disease_14686	1.674289412196069e-08
Disease	disease_18560	1.6720545289425456e-08
Disease	disease_12786	1.6712012881020897e-08
Disease	disease_21966	1.670856676134967e-08
Disease	disease_368	1.670210802854228e-08
Disease	disease_24279	1.6702034847968777e-08
Disease	disease_1708	1.669740550063727e-08
Disease	disease_15651	1.6696483461729053e-08
Disease	disease_60707	1.6687114195718443e-08
Disease	disease_16400	1.667827677585891e-08
Disease	disease_18373	1.666342379895053e-08
Disease	disease_981	1.666212647268831e-08
Disease	disease_5097	1.6655786395679273e-08
Disease	disease_20718	1.6655313224654902e-08
Disease	disease_13247	1.665263732879823e-08
Disease	disease_13460	1.6651897698594175e-08
Disease	disease_23171	1.6646577380310902e-08
Disease	disease_8745	1.6645733438441988e-08
Disease	disease_11785	1.6626016412782016e-08
Disease	disease_5967	1.662437719346568e-08
Disease	disease_7042	1.662281730336362e-08
Disease	disease_16121	1.6617855398341795e-08
Disease	disease_10483	1.6613595384343584e-08
Disease	disease_11986	1.661108515712994e-08
Disease	disease_429	1.661020505026612e-08
Disease	disease_1879	1.6600735670294324e-08
Disease	disease_14732	1.6590854000094113e-08
Disease	disease_14235	1.6589331567139844e-08
Disease	disease_2959	1.6586816906273567e-08
Disease	disease_10215	1.6585834700666237e-08
Disease	disease_12815	1.6580832647627413e-08
Disease	disease_16515	1.6576890722336097e-08
Disease	disease_5272	1.657064448730183e-08
Disease	disease_2633	1.6569861584034555e-08
Disease	disease_19915	1.6556872051101798e-08
Disease	disease_15466	1.6551033421644955e-08
Disease	disease_2786	1.6545293393759536e-08
Disease	disease_3141	1.6543828552545116e-08
Disease	disease_16358	1.6539506522548538e-08
Disease	disease_3400	1.653929904583365e-08
Disease	disease_4714	1.6536664065165997e-08
Disease	disease_11636	1.653655451235371e-08
Disease	disease_12054	1.653326004314422e-08
Disease	disease_7160	1.6523306483119694e-08
Disease	disease_32624	1.652325126636572e-08
Disease	disease_7510	1.6520556253134162e-08
Disease	disease_17195	1.6517215412251244e-08
Disease	disease_13048	1.6517105420874153e-08
Disease	disease_10650	1.6516155685371412e-08
Disease	disease_136	1.6511973914790263e-08
Disease	disease_13117	1.6506882973949835e-08
Disease	disease_32819	1.6506311066886148e-08
Disease	disease_16765	1.6495390921515577e-08
Disease	disease_7546	1.649393706148143e-08
Disease	disease_7620	1.6492752016532473e-08
Disease	disease_18430	1.6487750831592968e-08
Disease	disease_8864	1.6487426703424858e-08
Disease	disease_20716	1.648612895897321e-08
Disease	disease_1142	1.6475866069837564e-08
Disease	disease_20506	1.6472626426503467e-08
Disease	disease_14213	1.64711149139422e-08
Disease	disease_13688	1.646956629254376e-08
Disease	disease_14831	1.6461980641437496e-08
Disease	disease_14850	1.6458032794574223e-08
Disease	disease_17261	1.6429315042099045e-08
Disease	disease_13275	1.6425380542993024e-08
Disease	disease_10945	1.6419470694811198e-08
Disease	disease_17313	1.6416175523712864e-08
Disease	disease_41093	1.6409730800629084e-08
Disease	disease_44318	1.639720085324447e-08
Disease	disease_10131	1.639575516713795e-08
Disease	disease_60592	1.6394552474644655e-08
Disease	disease_19216	1.6390578299693676e-08
Disease	disease_32807	1.6384984814430698e-08
Disease	disease_14857	1.6384030842466125e-08
Disease	disease_7030	1.6383651531519657e-08
Disease	disease_10210	1.636958702232726e-08
Disease	disease_22846	1.6363668248205734e-08
Disease	disease_13520	1.635091095359808e-08
Disease	disease_2016	1.634294416989582e-08
Disease	disease_15180	1.634039110799031e-08
Disease	disease_21450	1.6337356967368394e-08
Disease	disease_8938	1.633282795204046e-08
Disease	disease_19601	1.633194829229926e-08
Disease	disease_19707	1.632982731255581e-08
Disease	disease_12512	1.6325104088620765e-08
Disease	disease_11420	1.631591030706689e-08
Disease	disease_2150	1.6308224471210998e-08
Disease	disease_32933	1.6304373695301277e-08
Disease	disease_23286	1.629926713276594e-08
Disease	disease_7672	1.6297973367697058e-08
Disease	disease_1593	1.6295177049082904e-08
Disease	disease_13322	1.6288121808629197e-08
Disease	disease_5073	1.6278527072606345e-08
Disease	disease_19508	1.627604113455081e-08
Disease	disease_21656	1.62585797694734e-08
Disease	disease_15479	1.6258473987553114e-08
Disease	disease_13379	1.6255083040908593e-08
Disease	disease_13507	1.625395377373131e-08
Disease	disease_17294	1.6249284792230806e-08
Disease	disease_13556	1.6239728640295658e-08
Disease	disease_5307	1.6237189139484435e-08
Disease	disease_17219	1.62366089952132e-08
Disease	disease_20022	1.6219099843940492e-08
Disease	disease_13969	1.6218684839315507e-08
Disease	disease_8951	1.621679203819674e-08
Disease	disease_18010	1.6200190415098025e-08
Disease	disease_19242	1.61994847274173e-08
Disease	disease_15213	1.6186264713106422e-08
Disease	disease_19027	1.6185489667888536e-08
Disease	disease_6909	1.6183187493303214e-08
Disease	disease_2477	1.6181460243445695e-08
Disease	disease_18443	1.6179668455859646e-08
Disease	disease_7588	1.617920298393519e-08
Disease	disease_6588	1.6176984220026312e-08
Disease	disease_11752	1.6167990246727284e-08
Disease	disease_17847	1.616397092710435e-08
Disease	disease_32801	1.6162332845317073e-08
Disease	disease_7029	1.616073516529934e-08
Disease	disease_858	1.6158829229211067e-08
Disease	disease_107	1.6158514704519157e-08
Disease	disease_100124	1.615122341438696e-08
Disease	disease_16017	1.614996113620879e-08
Disease	disease_6094	1.61474805047634e-08
Disease	disease_21175	1.6142889270354943e-08
Disease	disease_13401	1.6132202708099824e-08
Disease	disease_7944	1.6129869717203222e-08
Disease	disease_17263	1.612064719468972e-08
Disease	disease_15033	1.6116734423015565e-08
Disease	disease_100095	1.6115481054306207e-08
Disease	disease_10328	1.6109502535156687e-08
Disease	disease_18419	1.609840230945064e-08
Disease	disease_688	1.609469195410159e-08
Disease	disease_27451	1.6094256291935938e-08
Disease	disease_17986	1.6084757247788474e-08
Disease	disease_21670	1.608223787319435e-08
Disease	disease_12089	1.6081145981859175e-08
Disease	disease_20210	1.6076541187187976e-08
Disease	disease_6571	1.6076011108981156e-08
Disease	disease_2912	1.6074934427827017e-08
Disease	disease_14367	1.6074754586235398e-08
Disease	disease_15944	1.6073117914681844e-08
Disease	disease_15583	1.6070040954823247e-08
Disease	disease_16958	1.606072287134149e-08
Disease	disease_14830	1.6056576013990734e-08
Disease	disease_6005	1.6055575896980225e-08
Disease	disease_12354	1.604607548863768e-08
Disease	disease_9866	1.604370714256719e-08
Disease	disease_16105	1.604312928273228e-08
Disease	disease_8441	1.603761159816163e-08
Disease	disease_9089	1.6034081762287538e-08
Disease	disease_1371	1.6032457052923083e-08
Disease	disease_11633	1.6030774006470575e-08
Disease	disease_13362	1.6027539247734636e-08
Disease	disease_12807	1.6024690042234095e-08
Disease	disease_20103	1.6016089577868384e-08
Disease	disease_15933	1.6013221352535176e-08
Disease	disease_13686	1.6009513076260185e-08
Disease	disease_11379	1.6009494518393802e-08
Disease	disease_6937	1.6008365541998136e-08
Disease	disease_44648	1.5998727143415865e-08
Disease	disease_8569	1.5993898106629085e-08
Disease	disease_13952	1.599194206178243e-08
Disease	disease_13754	1.598898768181385e-08
Disease	disease_5708	1.5984802310523976e-08
Disease	disease_7988	1.5975259878729124e-08
Disease	disease_15084	1.5972423012289923e-08
Disease	disease_32742	1.5971437836043246e-08
Disease	disease_2077	1.596360873119914e-08
Disease	disease_30913	1.5962798713336106e-08
Disease	disease_16599	1.595528972055713e-08
Disease	disease_13320	1.5952800864580727e-08
Disease	disease_43523	1.5947109604173846e-08
Disease	disease_14562	1.594643966580193e-08
Disease	disease_10656	1.5946190555661366e-08
Disease	disease_20157	1.5945239317283625e-08
Disease	disease_19376	1.5940399019228843e-08
Disease	disease_8666	1.59376593187048e-08
Disease	disease_22723	1.5935424999189525e-08
Disease	disease_2036	1.5932466128415743e-08
Disease	disease_15292	1.5932171635283172e-08
Disease	disease_14006	1.5927490662479544e-08
Disease	disease_12790	1.591861428906249e-08
Disease	disease_33631	1.59100001130392e-08
Disease	disease_18658	1.590789186592893e-08
Disease	disease_18853	1.589696024033077e-08
Disease	disease_9057	1.589671160214188e-08
Disease	disease_4806	1.5891130033811327e-08
Disease	disease_12828	1.5890007679640957e-08
Disease	disease_24625	1.5886804235744167e-08
Disease	disease_17607	1.5884794731004058e-08
Disease	disease_8242	1.5881540420055317e-08
Disease	disease_18117	1.5880521636781282e-08
Disease	disease_14324	1.5870209821958403e-08
Disease	disease_11305	1.5857447274334762e-08
Disease	disease_41825	1.5849173971810804e-08
Disease	disease_20594	1.584300271462286e-08
Disease	disease_10027	1.5840658068633385e-08
Disease	disease_14554	1.5838875011439187e-08
Disease	disease_19853	1.5835812631334657e-08
Disease	disease_42452	1.5832704292833738e-08
Disease	disease_40925	1.5832704292833738e-08
Disease	disease_7002	1.5831684924377882e-08
Disease	disease_32908	1.5820448772461516e-08
Disease	disease_42982	1.5817396867660753e-08
Disease	disease_16066	1.5812614253113135e-08
Disease	disease_18034	1.5810945780179165e-08
Disease	disease_30065	1.5805038643239425e-08
Disease	disease_14564	1.579467460477767e-08
Disease	disease_18823	1.5793550182730316e-08
Disease	disease_15359	1.5793233647977226e-08
Disease	disease_14399	1.578522567604532e-08
Disease	disease_6648	1.5784792527632935e-08
Disease	disease_18051	1.578459817321116e-08
Disease	disease_20508	1.5780422567320224e-08
Disease	disease_10375	1.5779018794523602e-08
Disease	disease_12756	1.5773713009108824e-08
Disease	disease_739	1.576615832986621e-08
Disease	disease_33561	1.5748264342483976e-08
Disease	disease_15342	1.5746652924256412e-08
Disease	disease_17629	1.5740187331048855e-08
Disease	disease_7949	1.572943005019313e-08
Disease	disease_19783	1.5727692812441136e-08
Disease	disease_34189	1.5722819779579247e-08
Disease	disease_32855	1.5716573612915553e-08
Disease	disease_13905	1.5715315882641342e-08
Disease	disease_3546	1.5713037649703594e-08
Disease	disease_3402	1.571090674434737e-08
Disease	disease_10412	1.569203901452014e-08
Disease	disease_12456	1.569181133275219e-08
Disease	disease_32781	1.5691279627544153e-08
Disease	disease_19484	1.5690704032537205e-08
Disease	disease_11334	1.5690435836168476e-08
Disease	disease_18303	1.569040215342057e-08
Disease	disease_9598	1.5688957375258742e-08
Disease	disease_11052	1.5686367078517926e-08
Disease	disease_1404	1.5684333157883024e-08
Disease	disease_44915	1.5680509296337457e-08
Disease	disease_12648	1.5678867646304682e-08
Disease	disease_2636	1.567844193033306e-08
Disease	disease_9634	1.5671989511004177e-08
Disease	disease_10821	1.566345776284307e-08
Disease	disease_3175	1.5661919072417372e-08
Disease	disease_13046	1.564857166767736e-08
Disease	disease_1810	1.5643955339856333e-08
Disease	disease_17909	1.563961163933544e-08
Disease	disease_3615	1.5634399032265187e-08
Disease	disease_16799	1.563381993381125e-08
Disease	disease_4001	1.5631391575382035e-08
Disease	disease_20571	1.561153766893233e-08
Disease	disease_5680	1.561153766893233e-08
Disease	disease_5889	1.561041501187387e-08
Disease	disease_7036	1.5610228414075853e-08
Disease	disease_19414	1.559515413907153e-08
Disease	disease_12588	1.5594649470014075e-08
Disease	disease_12472	1.5591520636794778e-08
Disease	disease_54843	1.5576431196149502e-08
Disease	disease_20797	1.556865017655492e-08
Disease	disease_21205	1.556725926699689e-08
Disease	disease_12720	1.5566426229084907e-08
Disease	disease_16624	1.556470473359375e-08
Disease	disease_5853	1.5561296345493557e-08
Disease	disease_32848	1.5557418133149545e-08
Disease	disease_20277	1.554573853021487e-08
Disease	disease_8211	1.5544131164883224e-08
Disease	disease_14748	1.5532386110918528e-08
Disease	disease_21742	1.552407946060209e-08
Disease	disease_4614	1.5521841301425423e-08
Disease	disease_24522	1.551725505338067e-08
Disease	disease_15524	1.550822703423188e-08
Disease	disease_21303	1.5499479286059794e-08
Disease	disease_18100	1.5498029688176415e-08
Disease	disease_20257	1.5496378244808238e-08
Disease	disease_11504	1.5490615049980462e-08
Disease	disease_24278	1.5485087146604374e-08
Disease	disease_5534	1.5477028391670367e-08
Disease	disease_10548	1.5475588616562168e-08
Disease	disease_13500	1.546766799095802e-08
Disease	disease_21158	1.546619597418764e-08
Disease	disease_19079	1.5464246300762852e-08
Disease	disease_9610	1.5457300373495684e-08
Disease	disease_9731	1.5447837923089384e-08
Disease	disease_12726	1.5433449429776955e-08
Disease	disease_8359	1.5433067793398386e-08
Disease	disease_20129	1.5423933939176654e-08
Disease	disease_16919	1.5418241523452313e-08
Disease	disease_18827	1.540914518892363e-08
Disease	disease_15660	1.5400564626883913e-08
Disease	disease_6520	1.5391843668866908e-08
Disease	disease_2008	1.539009503124947e-08
Disease	disease_7883	1.5388072348909588e-08
Disease	disease_13681	1.5386310765802027e-08
Disease	disease_20767	1.5384931712291578e-08
Disease	disease_14275	1.5383071471733896e-08
Disease	disease_9389	1.537785987105711e-08
Disease	disease_7836	1.5376197350030097e-08
Disease	disease_7244	1.5374159997723196e-08
Disease	disease_509	1.5370911951584177e-08
Disease	disease_31481	1.5337700171810295e-08
Disease	disease_14518	1.533707807656048e-08
Disease	disease_23188	1.533683462176691e-08
Disease	disease_43240	1.533345509737927e-08
Disease	disease_43152	1.533345509737927e-08
Disease	disease_14869	1.5332023602314827e-08
Disease	disease_15020	1.533040062745826e-08
Disease	disease_7235	1.5324768536464392e-08
Disease	disease_8874	1.5322633306024953e-08
Disease	disease_8822	1.5316742311620954e-08
Disease	disease_14933	1.5301749244827313e-08
Disease	disease_100032	1.5300228972373655e-08
Disease	disease_10642	1.5296490154863534e-08
Disease	disease_12099	1.529641157148717e-08
Disease	disease_20065	1.5294414516510772e-08
Disease	disease_10506	1.5289489768941224e-08
Disease	disease_4574	1.5287168505065435e-08
Disease	disease_14602	1.528716394786264e-08
Disease	disease_25303	1.5283596776034116e-08
Disease	disease_17307	1.5277642859508106e-08
Disease	disease_16230	1.5264351277677672e-08
Disease	disease_6844	1.526276180214788e-08
Disease	disease_14895	1.5261209504403263e-08
Disease	disease_12545	1.5256677513506364e-08
Disease	disease_10325	1.5256307214012112e-08
Disease	disease_16277	1.5249006563296062e-08
Disease	disease_16359	1.5247074325225263e-08
Disease	disease_15230	1.5237650003239112e-08
Disease	disease_4844	1.5236375181735328e-08
Disease	disease_37003	1.5234519361771543e-08
Disease	disease_7974	1.5231708397842485e-08
Disease	disease_8670	1.5217767980636244e-08
Disease	disease_32664	1.521066536175709e-08
Disease	disease_13369	1.5208426991826658e-08
Disease	disease_44971	1.5204715765266148e-08
Disease	disease_21360	1.5201737269075284e-08
Disease	disease_17381	1.5201455029825192e-08
Disease	disease_11892	1.519479638897413e-08
Disease	disease_20738	1.51941187219303e-08
Disease	disease_4794	1.518863096047629e-08
Disease	disease_12638	1.5181789833027197e-08
Disease	disease_14917	1.5181649158187414e-08
Disease	disease_4819	1.517160322723037e-08
Disease	disease_3789	1.5169061737083777e-08
Disease	disease_18623	1.516360601535258e-08
Disease	disease_100340	1.516223942636e-08
Disease	disease_9143	1.51563508132397e-08
Disease	disease_24252	1.515579648350831e-08
Disease	disease_7796	1.5152403269930198e-08
Disease	disease_8334	1.515212643278424e-08
Disease	disease_20550	1.5145031971916746e-08
Disease	disease_14557	1.5141085193179066e-08
Disease	disease_6580	1.513950478714657e-08
Disease	disease_1540	1.5138279908690185e-08
Disease	disease_5721	1.5137888823554974e-08
Disease	disease_19941	1.5133962172723305e-08
Disease	disease_15210	1.5131979970374827e-08
Disease	disease_19054	1.5131651703342762e-08
Disease	disease_11136	1.5126566908247824e-08
Disease	disease_19374	1.5121547726997605e-08
Disease	disease_5714	1.511521683650844e-08
Disease	disease_17193	1.5107684111143108e-08
Disease	disease_6979	1.5090730457748055e-08
Disease	disease_9947	1.5079287567098747e-08
Disease	disease_5603	1.5077290532514106e-08
Disease	disease_5563	1.5071732403053966e-08
Disease	disease_11783	1.5070151072102654e-08
Disease	disease_11291	1.5068274314918864e-08
Disease	disease_14035	1.505030827952258e-08
Disease	disease_3563	1.504815078939674e-08
Disease	disease_3564	1.504815078939674e-08
Disease	disease_60724	1.5047170583674625e-08
Disease	disease_1672	1.5047073619755392e-08
Disease	disease_18028	1.504050930469239e-08
Disease	disease_19634	1.503742937374469e-08
Disease	disease_498	1.5034775041061077e-08
Disease	disease_18690	1.503286673111439e-08
Disease	disease_3321	1.503135870418102e-08
Disease	disease_4715	1.5027587715347188e-08
Disease	disease_6249	1.5024923464537074e-08
Disease	disease_8496	1.5003826201478513e-08
Disease	disease_13187	1.499397154102977e-08
Disease	disease_8845	1.4982872341873563e-08
Disease	disease_23558	1.4982137488077046e-08
Disease	disease_11811	1.4977421233418865e-08
Disease	disease_1067	1.4974272959557618e-08
Disease	disease_10662	1.4971019562496973e-08
Disease	disease_11023	1.496853702163718e-08
Disease	disease_34204	1.4964087964735007e-08
Disease	disease_23158	1.4961390157188896e-08
Disease	disease_17005	1.4957644393431226e-08
Disease	disease_32823	1.4948928433575043e-08
Disease	disease_17093	1.49430472044821e-08
Disease	disease_5748	1.4935660518014473e-08
Disease	disease_13818	1.493027826152809e-08
Disease	disease_6068	1.492410410998812e-08
Disease	disease_12374	1.491996823830059e-08
Disease	disease_13389	1.4910210076818394e-08
Disease	disease_6611	1.4903711132172043e-08
Disease	disease_8552	1.4901174980925584e-08
Disease	disease_14395	1.4900178466815577e-08
Disease	disease_1397	1.4897721376687118e-08
Disease	disease_6558	1.4897489957569736e-08
Disease	disease_23569	1.48955076812224e-08
Disease	disease_24303	1.4859066347322615e-08
Disease	disease_14034	1.4848715609093352e-08
Disease	disease_2244	1.4829755853312782e-08
Disease	disease_4730	1.4829716007372596e-08
Disease	disease_19261	1.4827299101997944e-08
Disease	disease_9736	1.4825229187043828e-08
Disease	disease_9689	1.4823662542338607e-08
Disease	disease_13825	1.481504352876484e-08
Disease	disease_8165	1.4813044599273278e-08
Disease	disease_19235	1.480518697829016e-08
Disease	disease_12721	1.4800930953538371e-08
Disease	disease_15490	1.4798408649292001e-08
Disease	disease_22357	1.4794650933778078e-08
Disease	disease_10545	1.478979774918548e-08
Disease	disease_15579	1.478171678132887e-08
Disease	disease_14389	1.47812471359717e-08
Disease	disease_17750	1.4776443499559905e-08
Disease	disease_13981	1.4771047153390542e-08
Disease	disease_32666	1.4764822837206774e-08
Disease	disease_13477	1.4762270405001741e-08
Disease	disease_23180	1.4762054792387617e-08
Disease	disease_23178	1.4762054792387617e-08
Disease	disease_23179	1.4762054792387617e-08
Disease	disease_12184	1.4758182133992991e-08
Disease	disease_10448	1.4755782746114267e-08
Disease	disease_15550	1.4754418289804012e-08
Disease	disease_24292	1.4749809041695857e-08
Disease	disease_14680	1.4748659618988617e-08
Disease	disease_34024	1.4743297083246632e-08
Disease	disease_7964	1.474103194435922e-08
Disease	disease_13971	1.4740485404217365e-08
Disease	disease_6919	1.4725335378176478e-08
Disease	disease_3280	1.4725335378176478e-08
Disease	disease_4575	1.4725335378176478e-08
Disease	disease_20483	1.4723271345489085e-08
Disease	disease_11903	1.4721727280754844e-08
Disease	disease_21254	1.4707088313459506e-08
Disease	disease_18135	1.4706917781542614e-08
Disease	disease_9340	1.4681615872388698e-08
Disease	disease_100210	1.4675578462464818e-08
Disease	disease_21196	1.4670275913178078e-08
Disease	disease_636	1.4669044088865502e-08
Disease	disease_3549	1.4667376707688243e-08
Disease	disease_16469	1.4667132721665836e-08
Disease	disease_12323	1.4664045316328035e-08
Disease	disease_9590	1.4662195330585273e-08
Disease	disease_24459	1.4646243176371618e-08
Disease	disease_22535	1.4638989061847338e-08
Disease	disease_4763	1.4638989061847338e-08
Disease	disease_11585	1.4638042405294365e-08
Disease	disease_10502	1.463384939375153e-08
Disease	disease_13822	1.462791185992093e-08
Disease	disease_11823	1.4627568169621857e-08
Disease	disease_17699	1.4622657871489117e-08
Disease	disease_451	1.4615024045018208e-08
Disease	disease_2143	1.4614622760047479e-08
Disease	disease_10211	1.4608769770822752e-08
Disease	disease_11970	1.460681767316425e-08
Disease	disease_20644	1.4604247787019831e-08
Disease	disease_16724	1.4601064107474111e-08
Disease	disease_7518	1.4600004407131063e-08
Disease	disease_4853	1.4599370655899472e-08
Disease	disease_12277	1.459702894413172e-08
Disease	disease_7156	1.4592065615826607e-08
Disease	disease_1240	1.459151158685794e-08
Disease	disease_10534	1.4591436162568155e-08
Disease	disease_2654	1.4585033181366078e-08
Disease	disease_15757	1.4577131377772776e-08
Disease	disease_17695	1.4571351407981197e-08
Disease	disease_17701	1.4571351407981197e-08
Disease	disease_17696	1.4571351407981197e-08
Disease	disease_17698	1.4571351407981197e-08
Disease	disease_17697	1.4571351407981197e-08
Disease	disease_17700	1.4571351407981197e-08
Disease	disease_5716	1.4570265438442907e-08
Disease	disease_56821	1.4570265438442907e-08
Disease	disease_5682	1.4570265438442907e-08
Disease	disease_8746	1.4569285899399359e-08
Disease	disease_18638	1.4567695190000487e-08
Disease	disease_16352	1.4565237062308426e-08
Disease	disease_11797	1.4565152288328264e-08
Disease	disease_19240	1.4562278775957658e-08
Disease	disease_43683	1.4560271394474677e-08
Disease	disease_14209	1.455674381727198e-08
Disease	disease_12280	1.4556480234629341e-08
Disease	disease_8650	1.4554590249025625e-08
Disease	disease_1737	1.4544491332236506e-08
Disease	disease_15504	1.4543071250363376e-08
Disease	disease_20724	1.4540994333874546e-08
Disease	disease_20603	1.453587803434447e-08
Disease	disease_15699	1.4526422661534791e-08
Disease	disease_6329	1.4521579429516586e-08
Disease	disease_4741	1.4519491534345062e-08
Disease	disease_15753	1.4511072953916066e-08
Disease	disease_20247	1.4508127831296153e-08
Disease	disease_3353	1.4506420014762455e-08
Disease	disease_21138	1.4506371096224111e-08
Disease	disease_3404	1.4503062429053911e-08
Disease	disease_23726	1.4490221299927179e-08
Disease	disease_3962	1.4486788167005098e-08
Disease	disease_15425	1.447895164881203e-08
Disease	disease_24813	1.4473191005446038e-08
Disease	disease_13778	1.445760134242128e-08
Disease	disease_7478	1.4441228773226194e-08
Disease	disease_8203	1.4440949315212057e-08
Disease	disease_18708	1.4439368322676585e-08
Disease	disease_7919	1.4438336835969929e-08
Disease	disease_17435	1.4438039508988329e-08
Disease	disease_12446	1.443270793670899e-08
Disease	disease_17021	1.4431233759208432e-08
Disease	disease_244	1.4418600594690084e-08
Disease	disease_24471	1.4417927265576265e-08
Disease	disease_10930	1.4414326060918392e-08
Disease	disease_3639	1.4402280859034117e-08
Disease	disease_20607	1.4400463595583102e-08
Disease	disease_32901	1.439982501161273e-08
Disease	disease_15947	1.4396662332298016e-08
Disease	disease_24464	1.439114164582878e-08
Disease	disease_4924	1.4387366254325382e-08
Disease	disease_6687	1.4378633476974827e-08
Disease	disease_12893	1.4375198584081647e-08
Disease	disease_33007	1.4359813954594302e-08
Disease	disease_14210	1.43589624464582e-08
Disease	disease_15221	1.4356378084937803e-08
Disease	disease_60642	1.4354438789653564e-08
Disease	disease_19380	1.4352830034412321e-08
Disease	disease_17292	1.4352543488809379e-08
Disease	disease_1990	1.434801045046325e-08
Disease	disease_8793	1.4339399583414308e-08
Disease	disease_20012	1.4333387188120328e-08
Disease	disease_10878	1.4333324145404194e-08
Disease	disease_14904	1.432960033817269e-08
Disease	disease_1501	1.432674160402167e-08
Disease	disease_9113	1.4324389114900404e-08
Disease	disease_4944	1.4322259528931698e-08
Disease	disease_5494	1.4321683502757533e-08
Disease	disease_20291	1.4319040856710569e-08
Disease	disease_9963	1.431425140363892e-08
Disease	disease_13924	1.4314244684126345e-08
Disease	disease_30048	1.431250911914201e-08
Disease	disease_17162	1.4308263761573554e-08
Disease	disease_1721	1.4306886498753305e-08
Disease	disease_3754	1.430148791128055e-08
Disease	disease_33004	1.4296239272402966e-08
Disease	disease_14216	1.4274419261541568e-08
Disease	disease_17630	1.427275565785958e-08
Disease	disease_15492	1.4272550810494206e-08
Disease	disease_33492	1.4270373239885558e-08
Disease	disease_13781	1.4269818165327108e-08
Disease	disease_13777	1.4268394498907452e-08
Disease	disease_6074	1.4262949621243416e-08
Disease	disease_23147	1.4261012490752491e-08
Disease	disease_19667	1.4248942854451737e-08
Disease	disease_43009	1.4248815866496527e-08
Disease	disease_14193	1.4248266805341928e-08
Disease	disease_15228	1.4246866394384424e-08
Disease	disease_2173	1.4242932153114025e-08
Disease	disease_2837	1.4241716736160326e-08
Disease	disease_10899	1.4240895006772021e-08
Disease	disease_44974	1.4238818978759274e-08
Disease	disease_9868	1.4229203568630848e-08
Disease	disease_19596	1.4228725672248818e-08
Disease	disease_30843	1.4211522760665593e-08
Disease	disease_8969	1.420781405904202e-08
Disease	disease_5643	1.4204155472856097e-08
Disease	disease_14215	1.4199790460122024e-08
Disease	disease_20404	1.4196533092446744e-08
Disease	disease_11348	1.4194699505264663e-08
Disease	disease_19276	1.4194537510728305e-08
Disease	disease_1640	1.4192744419833284e-08
Disease	disease_32598	1.4189362983138458e-08
Disease	disease_30929	1.4188359870802579e-08
Disease	disease_16224	1.4187902347719935e-08
Disease	disease_6634	1.4187690754451882e-08
Disease	disease_66	1.4183305761070743e-08
Disease	disease_21444	1.418294064120343e-08
Disease	disease_15469	1.4178784090292992e-08
Disease	disease_14697	1.4171950928773375e-08
Disease	disease_3742	1.417001548968617e-08
Disease	disease_7671	1.4166951711180519e-08
Disease	disease_12892	1.4166368696576552e-08
Disease	disease_16273	1.4157208157309373e-08
Disease	disease_587	1.4156315274035212e-08
Disease	disease_7850	1.415275658225998e-08
Disease	disease_7226	1.4150091144605568e-08
Disease	disease_11932	1.4145858776915559e-08
Disease	disease_2772	1.4134247877229629e-08
Disease	disease_12320	1.4123549728069307e-08
Disease	disease_6709	1.4119125149063977e-08
Disease	disease_7673	1.4109111566599921e-08
Disease	disease_7798	1.4104595205851376e-08
Disease	disease_32599	1.409721327317711e-08
Disease	disease_17022	1.4097028822232605e-08
Disease	disease_16043	1.4094881983539951e-08
Disease	disease_4378	1.4093140618353648e-08
Disease	disease_23820	1.4085028758075716e-08
Disease	disease_5210	1.4077620282202314e-08
Disease	disease_7300	1.4073869263115481e-08
Disease	disease_11834	1.4069542746258666e-08
Disease	disease_21915	1.4068487725257494e-08
Disease	disease_41366	1.4068302430564536e-08
Disease	disease_22293	1.4066848402456712e-08
Disease	disease_8879	1.405691799809461e-08
Disease	disease_18747	1.404718858964821e-08
Disease	disease_54722	1.4042373075326692e-08
Disease	disease_10780	1.4033598684499692e-08
Disease	disease_8344	1.4030097041568762e-08
Disease	disease_19378	1.4027628203000979e-08
Disease	disease_1558	1.4024562674638255e-08
Disease	disease_15611	1.4015220110013386e-08
Disease	disease_8817	1.4000657816015111e-08
Disease	disease_9924	1.3992737719448183e-08
Disease	disease_31421	1.3990669630999875e-08
Disease	disease_32736	1.3986123725585315e-08
Disease	disease_12531	1.3980943522411825e-08
Disease	disease_15148	1.3970082216113328e-08
Disease	disease_11022	1.3967913100081605e-08
Disease	disease_17127	1.3965496033254297e-08
Disease	disease_11119	1.3964967409096576e-08
Disease	disease_8939	1.3964853988573234e-08
Disease	disease_11218	1.3963047696508908e-08
Disease	disease_44725	1.3961184927362954e-08
Disease	disease_2035	1.3959793224326408e-08
Disease	disease_14238	1.3951442212208066e-08
Disease	disease_32702	1.3944231024140578e-08
Disease	disease_14618	1.3932496424248909e-08
Disease	disease_25513	1.3927271394080117e-08
Disease	disease_17384	1.3923972083864336e-08
Disease	disease_14094	1.392379948409934e-08
Disease	disease_19848	1.3923381600400644e-08
Disease	disease_19967	1.391882335071528e-08
Disease	disease_9173	1.3912491099540295e-08
Disease	disease_30720	1.3905828105250412e-08
Disease	disease_23581	1.3905711664323931e-08
Disease	disease_20714	1.3902713467119242e-08
Disease	disease_10607	1.3901538153133511e-08
Disease	disease_22825	1.388866337804049e-08
Disease	disease_8553	1.3884072334772624e-08
Disease	disease_16220	1.3880403571628278e-08
Disease	disease_24251	1.3876465915739728e-08
Disease	disease_32767	1.3874982902995552e-08
Disease	disease_5460	1.3874134130286893e-08
Disease	disease_2088	1.386942092245937e-08
Disease	disease_19107	1.3866940158748051e-08
Disease	disease_18952	1.3866884423482057e-08
Disease	disease_13897	1.3861840945204e-08
Disease	disease_2187	1.3861016361091976e-08
Disease	disease_8086	1.3857981988089243e-08
Disease	disease_24334	1.3850443826644258e-08
Disease	disease_3382	1.3849705683458153e-08
Disease	disease_14286	1.3847303519787731e-08
Disease	disease_15323	1.384531782105256e-08
Disease	disease_14546	1.3844250705472101e-08
Disease	disease_14289	1.384020000202602e-08
Disease	disease_5232	1.3838017518592843e-08
Disease	disease_5308	1.3836919474771126e-08
Disease	disease_18924	1.383612412698124e-08
Disease	disease_14119	1.3835490953202448e-08
Disease	disease_5736	1.3825148542643077e-08
Disease	disease_5165	1.381803639568413e-08
Disease	disease_14806	1.381670428030831e-08
Disease	disease_8896	1.3815831578219968e-08
Disease	disease_32610	1.3814626608719557e-08
Disease	disease_13979	1.380947474901519e-08
Disease	disease_18983	1.3803209458866153e-08
Disease	disease_15146	1.3795771176061145e-08
Disease	disease_24432	1.3791082804101698e-08
Disease	disease_1873	1.3787757259297047e-08
Disease	disease_19386	1.378583689442008e-08
Disease	disease_5977	1.3784060454243718e-08
Disease	disease_14780	1.3783103159567891e-08
Disease	disease_648	1.3781178638926787e-08
Disease	disease_3168	1.3780504138322016e-08
Disease	disease_22843	1.3780415538000408e-08
Disease	disease_1304	1.3775022180504307e-08
Disease	disease_5142	1.3761699162922962e-08
Disease	disease_5143	1.3761699162922962e-08
Disease	disease_13908	1.3750955431802946e-08
Disease	disease_20148	1.3747616313993666e-08
Disease	disease_9611	1.3741740652260391e-08
Disease	disease_23201	1.3734729011893722e-08
Disease	disease_5462	1.373045856826353e-08
Disease	disease_13967	1.3728670312541353e-08
Disease	disease_20478	1.3726545208837455e-08
Disease	disease_15503	1.372526374411575e-08
Disease	disease_22608	1.3725097114018177e-08
Disease	disease_12799	1.3724712521167684e-08
Disease	disease_16920	1.3721940859959915e-08
Disease	disease_11976	1.3720893349938047e-08
Disease	disease_8900	1.3718399624737737e-08
Disease	disease_8823	1.3717727119898275e-08
Disease	disease_33642	1.3714037413628098e-08
Disease	disease_17947	1.3709250957556477e-08
Disease	disease_13623	1.3708191292197582e-08
Disease	disease_16070	1.3706856604208469e-08
Disease	disease_12275	1.3698889995607291e-08
Disease	disease_4829	1.3693347598835426e-08
Disease	disease_11923	1.3686814245011879e-08
Disease	disease_11203	1.3681659756419378e-08
Disease	disease_21096	1.3681527562816018e-08
Disease	disease_25271	1.3679782189203795e-08
Disease	disease_11304	1.3679406815643814e-08
Disease	disease_11680	1.36777174203243e-08
Disease	disease_30069	1.3672142211153793e-08
Disease	disease_14960	1.3667413014786643e-08
Disease	disease_30840	1.366739345517287e-08
Disease	disease_3191	1.3665632941225171e-08
Disease	disease_8827	1.3659477400677643e-08
Disease	disease_22761	1.3656518484910966e-08
Disease	disease_6994	1.3654701518651844e-08
Disease	disease_5043	1.3646184512146644e-08
Disease	disease_8411	1.3645933906212744e-08
Disease	disease_54654	1.3644126860705919e-08
Disease	disease_32715	1.3643340603695275e-08
Disease	disease_9155	1.3640453527563785e-08
Disease	disease_3352	1.363334196732564e-08
Disease	disease_24516	1.3631836568434887e-08
Disease	disease_17685	1.3630378575435065e-08
Disease	disease_22417	1.3630067324244828e-08
Disease	disease_16130	1.3629417445797447e-08
Disease	disease_10976	1.3614690896320628e-08
Disease	disease_23148	1.3612431292974297e-08
Disease	disease_13141	1.360650370257132e-08
Disease	disease_6903	1.360199994949419e-08
Disease	disease_4183	1.3597272544467886e-08
Disease	disease_5037	1.3594926853213523e-08
Disease	disease_21389	1.3594777565814252e-08
Disease	disease_43230	1.358307439493773e-08
Disease	disease_18550	1.3568075351623494e-08
Disease	disease_100281	1.3566130478275598e-08
Disease	disease_12549	1.3555956663711962e-08
Disease	disease_16588	1.3555738958737015e-08
Disease	disease_10143	1.354533521139295e-08
Disease	disease_9102	1.3544810731032565e-08
Disease	disease_16039	1.354268981193999e-08
Disease	disease_4201	1.354154317328304e-08
Disease	disease_15045	1.3540123050044606e-08
Disease	disease_20750	1.3536865802739797e-08
Disease	disease_18727	1.3535417383993113e-08
Disease	disease_100225	1.3529460031766893e-08
Disease	disease_23573	1.3528725817398239e-08
Disease	disease_13170	1.3528334877499024e-08
Disease	disease_22587	1.352578762479791e-08
Disease	disease_17272	1.3524769986641557e-08
Disease	disease_20574	1.3523450778996292e-08
Disease	disease_11088	1.3520532477387818e-08
Disease	disease_8440	1.3519794238066905e-08
Disease	disease_5851	1.3514639946657251e-08
Disease	disease_12368	1.3514004738576161e-08
Disease	disease_5907	1.3506685667843788e-08
Disease	disease_7813	1.3505259992520998e-08
Disease	disease_10216	1.3503781933226177e-08
Disease	disease_45044	1.3499673560835147e-08
Disease	disease_22919	1.3498392366542667e-08
Disease	disease_32651	1.3495873417924357e-08
Disease	disease_24462	1.348353022634447e-08
Disease	disease_7041	1.3478733281570903e-08
Disease	disease_4882	1.3477292494498577e-08
Disease	disease_17818	1.3469382507420585e-08
Disease	disease_5399	1.3469382507420585e-08
Disease	disease_10126	1.3469038901658134e-08
Disease	disease_14851	1.3468884541304906e-08
Disease	disease_14890	1.3468502819891062e-08
Disease	disease_14778	1.3468447652376152e-08
Disease	disease_10634	1.3466586635281547e-08
Disease	disease_9413	1.3466431055826798e-08
Disease	disease_16651	1.3463756785264662e-08
Disease	disease_24339	1.3463308167975605e-08
Disease	disease_5792	1.3460966504946872e-08
Disease	disease_16421	1.3460829422165844e-08
Disease	disease_16312	1.3460829422165844e-08
Disease	disease_34212	1.3460829422165844e-08
Disease	disease_43339	1.3460829422165844e-08
Disease	disease_17862	1.3460829422165844e-08
Disease	disease_18548	1.3460829422165844e-08
Disease	disease_23176	1.3460829422165844e-08
Disease	disease_18547	1.3460829422165844e-08
Disease	disease_19140	1.3460829422165844e-08
Disease	disease_18173	1.3460829422165844e-08
Disease	disease_19545	1.3460829422165844e-08
Disease	disease_14756	1.3456911979734916e-08
Disease	disease_32566	1.3454997269567214e-08
Disease	disease_11422	1.3441029965483322e-08
Disease	disease_6516	1.3440087294368779e-08
Disease	disease_7028	1.3440087294368779e-08
Disease	disease_12833	1.3439847128785759e-08
Disease	disease_41755	1.3439393846099148e-08
Disease	disease_17296	1.343514628689196e-08
Disease	disease_17295	1.343514628689196e-08
Disease	disease_21064	1.3435036236516612e-08
Disease	disease_15102	1.3430333920485895e-08
Disease	disease_7747	1.342971396655182e-08
Disease	disease_9820	1.3429416421695104e-08
Disease	disease_10261	1.3425283154949848e-08
Disease	disease_26730	1.3423033169186923e-08
Disease	disease_15921	1.3422496064744886e-08
Disease	disease_9985	1.3421143646963301e-08
Disease	disease_14358	1.3418699801395824e-08
Disease	disease_9769	1.3418264468541697e-08
Disease	disease_11287	1.3416219186287502e-08
Disease	disease_14490	1.340852099893731e-08
Disease	disease_20287	1.3408343026033766e-08
Disease	disease_16001	1.3392083096897269e-08
Disease	disease_10263	1.3383071477447413e-08
Disease	disease_2532	1.3379911961559972e-08
Disease	disease_13163	1.3375188744419589e-08
Disease	disease_13768	1.336809650994292e-08
Disease	disease_21634	1.336754524266978e-08
Disease	disease_17121	1.3367035498810252e-08
Disease	disease_863	1.3362531712611065e-08
Disease	disease_17717	1.3359885624388934e-08
Disease	disease_14202	1.3357735922420209e-08
Disease	disease_8863	1.333387253206018e-08
Disease	disease_15061	1.3328629630372175e-08
Disease	disease_10176	1.3327822649996778e-08
Disease	disease_14004	1.332662664269426e-08
Disease	disease_17579	1.3325012419304092e-08
Disease	disease_33645	1.3317259166763929e-08
Disease	disease_40500	1.3316967587689292e-08
Disease	disease_20043	1.3316277258571485e-08
Disease	disease_12554	1.331546016420185e-08
Disease	disease_17288	1.3312423159844047e-08
Disease	disease_8904	1.3307597691937868e-08
Disease	disease_13597	1.3305832209057963e-08
Disease	disease_18459	1.3304060694881098e-08
Disease	disease_2879	1.3303136948798714e-08
Disease	disease_5694	1.328703656937993e-08
Disease	disease_9196	1.3275545548107693e-08
Disease	disease_8176	1.327341684658478e-08
Disease	disease_1408	1.3272159201917951e-08
Disease	disease_100061	1.3272159201917951e-08
Disease	disease_43199	1.3263672607568951e-08
Disease	disease_22791	1.3263672607568951e-08
Disease	disease_22790	1.3263672607568951e-08
Disease	disease_22769	1.3263672607568951e-08
Disease	disease_22765	1.3263672607568951e-08
Disease	disease_22787	1.3263672607568951e-08
Disease	disease_22820	1.3263672607568951e-08
Disease	disease_23255	1.3263672607568951e-08
Disease	disease_22821	1.3263672607568951e-08
Disease	disease_23267	1.3263672607568951e-08
Disease	disease_23214	1.3263672607568951e-08
Disease	disease_22785	1.3263672607568951e-08
Disease	disease_22782	1.3263672607568951e-08
Disease	disease_22822	1.3263672607568951e-08
Disease	disease_23368	1.3263672607568951e-08
Disease	disease_22786	1.3263672607568951e-08
Disease	disease_23272	1.3263672607568951e-08
Disease	disease_22824	1.3263672607568951e-08
Disease	disease_23288	1.3263672607568951e-08
Disease	disease_22831	1.3263672607568951e-08
Disease	disease_23290	1.3263672607568951e-08
Disease	disease_43358	1.3263672607568951e-08
Disease	disease_23203	1.3263672607568951e-08
Disease	disease_22819	1.3263672607568951e-08
Disease	disease_22779	1.3263672607568951e-08
Disease	disease_23240	1.3263672607568951e-08
Disease	disease_23212	1.3263672607568951e-08
Disease	disease_22805	1.3263672607568951e-08
Disease	disease_23221	1.3263672607568951e-08
Disease	disease_22804	1.3263672607568951e-08
Disease	disease_22780	1.3263672607568951e-08
Disease	disease_22778	1.3263672607568951e-08
Disease	disease_22777	1.3263672607568951e-08
Disease	disease_22809	1.3263672607568951e-08
Disease	disease_22803	1.3263672607568951e-08
Disease	disease_44876	1.3263672607568951e-08
Disease	disease_22810	1.3263672607568951e-08
Disease	disease_22802	1.3263672607568951e-08
Disease	disease_22815	1.3263672607568951e-08
Disease	disease_22776	1.3263672607568951e-08
Disease	disease_22817	1.3263672607568951e-08
Disease	disease_22781	1.3263672607568951e-08
Disease	disease_23226	1.3263672607568951e-08
Disease	disease_22775	1.3263672607568951e-08
Disease	disease_22771	1.3263672607568951e-08
Disease	disease_23230	1.3263672607568951e-08
Disease	disease_22798	1.3263672607568951e-08
Disease	disease_22770	1.3263672607568951e-08
Disease	disease_22818	1.3263672607568951e-08
Disease	disease_23208	1.3263672607568951e-08
Disease	disease_22823	1.3263672607568951e-08
Disease	disease_22832	1.3263672607568951e-08
Disease	disease_23020	1.3263672607568951e-08
Disease	disease_23018	1.3263672607568951e-08
Disease	disease_23017	1.3263672607568951e-08
Disease	disease_23016	1.3263672607568951e-08
Disease	disease_23015	1.3263672607568951e-08
Disease	disease_23013	1.3263672607568951e-08
Disease	disease_23005	1.3263672607568951e-08
Disease	disease_23137	1.3263672607568951e-08
Disease	disease_23138	1.3263672607568951e-08
Disease	disease_23002	1.3263672607568951e-08
Disease	disease_23000	1.3263672607568951e-08
Disease	disease_23140	1.3263672607568951e-08
Disease	disease_22999	1.3263672607568951e-08
Disease	disease_23142	1.3263672607568951e-08
Disease	disease_100071	1.3263672607568951e-08
Disease	disease_23154	1.3263672607568951e-08
Disease	disease_22990	1.3263672607568951e-08
Disease	disease_22989	1.3263672607568951e-08
Disease	disease_22982	1.3263672607568951e-08
Disease	disease_23155	1.3263672607568951e-08
Disease	disease_23019	1.3263672607568951e-08
Disease	disease_23021	1.3263672607568951e-08
Disease	disease_22978	1.3263672607568951e-08
Disease	disease_23022	1.3263672607568951e-08
Disease	disease_23100	1.3263672607568951e-08
Disease	disease_23098	1.3263672607568951e-08
Disease	disease_23091	1.3263672607568951e-08
Disease	disease_23111	1.3263672607568951e-08
Disease	disease_23084	1.3263672607568951e-08
Disease	disease_23083	1.3263672607568951e-08
Disease	disease_23079	1.3263672607568951e-08
Disease	disease_3157	1.3263672607568951e-08
Disease	disease_23068	1.3263672607568951e-08
Disease	disease_23124	1.3263672607568951e-08
Disease	disease_23133	1.3263672607568951e-08
Disease	disease_23066	1.3263672607568951e-08
Disease	disease_23062	1.3263672607568951e-08
Disease	disease_23061	1.3263672607568951e-08
Disease	disease_23052	1.3263672607568951e-08
Disease	disease_23050	1.3263672607568951e-08
Disease	disease_23038	1.3263672607568951e-08
Disease	disease_23031	1.3263672607568951e-08
Disease	disease_23030	1.3263672607568951e-08
Disease	disease_22981	1.3263672607568951e-08
Disease	disease_23157	1.3263672607568951e-08
Disease	disease_22849	1.3263672607568951e-08
Disease	disease_22913	1.3263672607568951e-08
Disease	disease_22908	1.3263672607568951e-08
Disease	disease_22899	1.3263672607568951e-08
Disease	disease_22889	1.3263672607568951e-08
Disease	disease_22887	1.3263672607568951e-08
Disease	disease_22884	1.3263672607568951e-08
Disease	disease_22883	1.3263672607568951e-08
Disease	disease_22876	1.3263672607568951e-08
Disease	disease_22875	1.3263672607568951e-08
Disease	disease_22869	1.3263672607568951e-08
Disease	disease_22866	1.3263672607568951e-08
Disease	disease_22865	1.3263672607568951e-08
Disease	disease_22863	1.3263672607568951e-08
Disease	disease_22862	1.3263672607568951e-08
Disease	disease_23199	1.3263672607568951e-08
Disease	disease_23200	1.3263672607568951e-08
Disease	disease_22858	1.3263672607568951e-08
Disease	disease_22855	1.3263672607568951e-08
Disease	disease_22854	1.3263672607568951e-08
Disease	disease_22851	1.3263672607568951e-08
Disease	disease_22909	1.3263672607568951e-08
Disease	disease_23197	1.3263672607568951e-08
Disease	disease_22977	1.3263672607568951e-08
Disease	disease_22916	1.3263672607568951e-08
Disease	disease_22975	1.3263672607568951e-08
Disease	disease_22971	1.3263672607568951e-08
Disease	disease_22968	1.3263672607568951e-08
Disease	disease_22960	1.3263672607568951e-08
Disease	disease_23167	1.3263672607568951e-08
Disease	disease_23170	1.3263672607568951e-08
Disease	disease_23175	1.3263672607568951e-08
Disease	disease_23186	1.3263672607568951e-08
Disease	disease_23193	1.3263672607568951e-08
Disease	disease_22946	1.3263672607568951e-08
Disease	disease_22945	1.3263672607568951e-08
Disease	disease_22942	1.3263672607568951e-08
Disease	disease_23194	1.3263672607568951e-08
Disease	disease_23196	1.3263672607568951e-08
Disease	disease_22941	1.3263672607568951e-08
Disease	disease_22938	1.3263672607568951e-08
Disease	disease_22937	1.3263672607568951e-08
Disease	disease_22936	1.3263672607568951e-08
Disease	disease_22926	1.3263672607568951e-08
Disease	disease_43197	1.3263672607568951e-08
Disease	disease_22682	1.3263672607568951e-08
Disease	disease_22740	1.3263672607568951e-08
Disease	disease_22546	1.3263672607568951e-08
Disease	disease_22575	1.3263672607568951e-08
Disease	disease_22568	1.3263672607568951e-08
Disease	disease_22556	1.3263672607568951e-08
Disease	disease_24234	1.3263672607568951e-08
Disease	disease_22555	1.3263672607568951e-08
Disease	disease_22553	1.3263672607568951e-08
Disease	disease_22551	1.3263672607568951e-08
Disease	disease_22545	1.3263672607568951e-08
Disease	disease_22465	1.3263672607568951e-08
Disease	disease_22513	1.3263672607568951e-08
Disease	disease_22510	1.3263672607568951e-08
Disease	disease_22509	1.3263672607568951e-08
Disease	disease_22504	1.3263672607568951e-08
Disease	disease_22500	1.3263672607568951e-08
Disease	disease_22496	1.3263672607568951e-08
Disease	disease_22470	1.3263672607568951e-08
Disease	disease_22576	1.3263672607568951e-08
Disease	disease_22577	1.3263672607568951e-08
Disease	disease_22739	1.3263672607568951e-08
Disease	disease_22580	1.3263672607568951e-08
Disease	disease_22605	1.3263672607568951e-08
Disease	disease_42724	1.3263672607568951e-08
Disease	disease_42717	1.3263672607568951e-08
Disease	disease_42705	1.3263672607568951e-08
Disease	disease_22603	1.3263672607568951e-08
Disease	disease_23809	1.3263672607568951e-08
Disease	disease_22602	1.3263672607568951e-08
Disease	disease_42604	1.3263672607568951e-08
Disease	disease_42603	1.3263672607568951e-08
Disease	disease_22599	1.3263672607568951e-08
Disease	disease_22598	1.3263672607568951e-08
Disease	disease_24171	1.3263672607568951e-08
Disease	disease_42602	1.3263672607568951e-08
Disease	disease_42601	1.3263672607568951e-08
Disease	disease_42600	1.3263672607568951e-08
Disease	disease_15311	1.3263672607568951e-08
Disease	disease_22462	1.3263672607568951e-08
Disease	disease_22610	1.3263672607568951e-08
Disease	disease_3963	1.3263672607568951e-08
Disease	disease_849	1.3263672607568951e-08
Disease	disease_22071	1.3263672607568951e-08
Disease	disease_22070	1.3263672607568951e-08
Disease	disease_22013	1.3263672607568951e-08
Disease	disease_22011	1.3263672607568951e-08
Disease	disease_21969	1.3263672607568951e-08
Disease	disease_21962	1.3263672607568951e-08
Disease	disease_21918	1.3263672607568951e-08
Disease	disease_22461	1.3263672607568951e-08
Disease	disease_21905	1.3263672607568951e-08
Disease	disease_21849	1.3263672607568951e-08
Disease	disease_21836	1.3263672607568951e-08
Disease	disease_21829	1.3263672607568951e-08
Disease	disease_21761	1.3263672607568951e-08
Disease	disease_21752	1.3263672607568951e-08
Disease	disease_4771	1.3263672607568951e-08
Disease	disease_22089	1.3263672607568951e-08
Disease	disease_22140	1.3263672607568951e-08
Disease	disease_22220	1.3263672607568951e-08
Disease	disease_24421	1.3263672607568951e-08
Disease	disease_22458	1.3263672607568951e-08
Disease	disease_22457	1.3263672607568951e-08
Disease	disease_22456	1.3263672607568951e-08
Disease	disease_22435	1.3263672607568951e-08
Disease	disease_22428	1.3263672607568951e-08
Disease	disease_22425	1.3263672607568951e-08
Disease	disease_22414	1.3263672607568951e-08
Disease	disease_22413	1.3263672607568951e-08
Disease	disease_22403	1.3263672607568951e-08
Disease	disease_22402	1.3263672607568951e-08
Disease	disease_22401	1.3263672607568951e-08
Disease	disease_22398	1.3263672607568951e-08
Disease	disease_22380	1.3263672607568951e-08
Disease	disease_22337	1.3263672607568951e-08
Disease	disease_24418	1.3263672607568951e-08
Disease	disease_42726	1.3263672607568951e-08
Disease	disease_23101	1.3263672607568951e-08
Disease	disease_43170	1.3263672607568951e-08
Disease	disease_22612	1.3263672607568951e-08
Disease	disease_22650	1.3263672607568951e-08
Disease	disease_23696	1.3263672607568951e-08
Disease	disease_22712	1.3263672607568951e-08
Disease	disease_22654	1.3263672607568951e-08
Disease	disease_43183	1.3263672607568951e-08
Disease	disease_23541	1.3263672607568951e-08
Disease	disease_43193	1.3263672607568951e-08
Disease	disease_22691	1.3263672607568951e-08
Disease	disease_23609	1.3263672607568951e-08
Disease	disease_23607	1.3263672607568951e-08
Disease	disease_22656	1.3263672607568951e-08
Disease	disease_43073	1.3263672607568951e-08
Disease	disease_22685	1.3263672607568951e-08
Disease	disease_23605	1.3263672607568951e-08
Disease	disease_23579	1.3263672607568951e-08
Disease	disease_22662	1.3263672607568951e-08
Disease	disease_22666	1.3263672607568951e-08
Disease	disease_22675	1.3263672607568951e-08
Disease	disease_43087	1.3263672607568951e-08
Disease	disease_43108	1.3263672607568951e-08
Disease	disease_23577	1.3263672607568951e-08
Disease	disease_23575	1.3263672607568951e-08
Disease	disease_43114	1.3263672607568951e-08
Disease	disease_22734	1.3263672607568951e-08
Disease	disease_22733	1.3263672607568951e-08
Disease	disease_23102	1.3263672607568951e-08
Disease	disease_23567	1.3263672607568951e-08
Disease	disease_22648	1.3263672607568951e-08
Disease	disease_22647	1.3263672607568951e-08
Disease	disease_22646	1.3263672607568951e-08
Disease	disease_22645	1.3263672607568951e-08
Disease	disease_22613	1.3263672607568951e-08
Disease	disease_42902	1.3263672607568951e-08
Disease	disease_43129	1.3263672607568951e-08
Disease	disease_42908	1.3263672607568951e-08
Disease	disease_42911	1.3263672607568951e-08
Disease	disease_43172	1.3263672607568951e-08
Disease	disease_19103	1.3263672607568951e-08
Disease	disease_42912	1.3263672607568951e-08
Disease	disease_43179	1.3263672607568951e-08
Disease	disease_23510	1.3263672607568951e-08
Disease	disease_22694	1.3263672607568951e-08
Disease	disease_42913	1.3263672607568951e-08
Disease	disease_22615	1.3263672607568951e-08
Disease	disease_42915	1.3263672607568951e-08
Disease	disease_23540	1.3263672607568951e-08
Disease	disease_22693	1.3263672607568951e-08
Disease	disease_42924	1.3263672607568951e-08
Disease	disease_22633	1.3263672607568951e-08
Disease	disease_22634	1.3263672607568951e-08
Disease	disease_16818	1.3263672607568951e-08
Disease	disease_22639	1.3263672607568951e-08
Disease	disease_43195	1.3263672607568951e-08
Disease	disease_42956	1.3263672607568951e-08
Disease	disease_42960	1.3263672607568951e-08
Disease	disease_22644	1.3263672607568951e-08
Disease	disease_43185	1.3263672607568951e-08
Disease	disease_19856	1.326262594076482e-08
Disease	disease_24499	1.3259740878001515e-08
Disease	disease_18481	1.325333295879649e-08
Disease	disease_17013	1.32520650304758e-08
Disease	disease_44987	1.324652521917238e-08
Disease	disease_4133	1.3245977906964002e-08
Disease	disease_6701	1.3245977906964002e-08
Disease	disease_21664	1.3245860212818887e-08
Disease	disease_10250	1.3242451591185015e-08
Disease	disease_15764	1.3240750046304015e-08
Disease	disease_17936	1.3239324671907086e-08
Disease	disease_18510	1.323063379406758e-08
Disease	disease_2282	1.3230220892387258e-08
Disease	disease_9607	1.3227216613886102e-08
Disease	disease_18342	1.3217899868896676e-08
Disease	disease_14589	1.320966510394729e-08
Disease	disease_15627	1.3208650601323213e-08
Disease	disease_19573	1.3208508598929057e-08
Disease	disease_14715	1.320479151124359e-08
Disease	disease_19463	1.3202865841815217e-08
Disease	disease_11917	1.3201961104628734e-08
Disease	disease_32793	1.3201109015627427e-08
Disease	disease_17825	1.319920709180477e-08
Disease	disease_17826	1.319920709180477e-08
Disease	disease_7124	1.3195529795152267e-08
Disease	disease_12740	1.3195443648381878e-08
Disease	disease_12471	1.3195260977362676e-08
Disease	disease_12360	1.3189405099050455e-08
Disease	disease_16439	1.318767511124896e-08
Disease	disease_11683	1.3184920661589956e-08
Disease	disease_8859	1.3183196727198064e-08
Disease	disease_14545	1.3179902082681695e-08
Disease	disease_17273	1.317635077643793e-08
Disease	disease_21439	1.3175190061572837e-08
Disease	disease_14404	1.3165794140194738e-08
Disease	disease_17260	1.316294083369246e-08
Disease	disease_23297	1.3150615593494995e-08
Disease	disease_26765	1.3149957793655689e-08
Disease	disease_263	1.3138625578485521e-08
Disease	disease_33669	1.3132381424400571e-08
Disease	disease_17274	1.3131490651833602e-08
Disease	disease_42493	1.312945970905046e-08
Disease	disease_14676	1.3120693575787918e-08
Disease	disease_18558	1.3118553012040793e-08
Disease	disease_20458	1.3118279535097547e-08
Disease	disease_12732	1.3115166868580466e-08
Disease	disease_4603	1.3113039437292082e-08
Disease	disease_7380	1.3110509568189562e-08
Disease	disease_5276	1.3101668378042132e-08
Disease	disease_11201	1.3098890455611705e-08
Disease	disease_10772	1.3098223606408939e-08
Disease	disease_17703	1.309433884554438e-08
Disease	disease_20282	1.3087175194449035e-08
Disease	disease_30801	1.3085861508644303e-08
Disease	disease_9941	1.3076491965721482e-08
Disease	disease_13993	1.305739712737884e-08
Disease	disease_14922	1.3044107058242712e-08
Disease	disease_8018	1.3041277193116648e-08
Disease	disease_14072	1.303052769837313e-08
Disease	disease_14893	1.3018355688286632e-08
Disease	disease_19251	1.3009348993475576e-08
Disease	disease_1786	1.3008255310448108e-08
Disease	disease_11678	1.3007271772813481e-08
Disease	disease_9721	1.3000979711512394e-08
Disease	disease_13587	1.3000608977446892e-08
Disease	disease_5407	1.300022356977126e-08
Disease	disease_2900	1.298361275161541e-08
Disease	disease_9883	1.298285606824559e-08
Disease	disease_17761	1.2979785853462272e-08
Disease	disease_15761	1.2968399939197506e-08
Disease	disease_6248	1.2962877000744481e-08
Disease	disease_10732	1.295839542839941e-08
Disease	disease_1733	1.2953360889030688e-08
Disease	disease_43459	1.2951037678224884e-08
Disease	disease_8627	1.2941530805713282e-08
Disease	disease_12020	1.2938454126101418e-08
Disease	disease_30841	1.2934430379324234e-08
Disease	disease_15961	1.2933512751116313e-08
Disease	disease_10920	1.2933072917151819e-08
Disease	disease_14633	1.292545603807247e-08
Disease	disease_8554	1.292368616642413e-08
Disease	disease_43166	1.2922948574709837e-08
Disease	disease_32591	1.2910179605355906e-08
Disease	disease_5023	1.2909969510334864e-08
Disease	disease_14638	1.2909857175005932e-08
Disease	disease_1027	1.2903721529763775e-08
Disease	disease_12556	1.2902802532158469e-08
Disease	disease_618	1.2902053004050527e-08
Disease	disease_616	1.2902053004050527e-08
Disease	disease_60457	1.2898527475187854e-08
Disease	disease_12449	1.2891614139730391e-08
Disease	disease_18931	1.2890485492177794e-08
Disease	disease_1334	1.288860067445448e-08
Disease	disease_19432	1.2887395130197079e-08
Disease	disease_4698	1.287434640967554e-08
Disease	disease_4497	1.287353445713607e-08
Disease	disease_9967	1.2872441367403389e-08
Disease	disease_13286	1.2864107205618794e-08
Disease	disease_5848	1.2854810793043255e-08
Disease	disease_44792	1.2853974137905145e-08
Disease	disease_13164	1.285203218029753e-08
Disease	disease_2031	1.2848737104324113e-08
Disease	disease_16803	1.284296957217086e-08
Disease	disease_21540	1.2841899829555841e-08
Disease	disease_14962	1.283845029885506e-08
Disease	disease_11749	1.283061364779614e-08
Disease	disease_10907	1.2827434962969267e-08
Disease	disease_10213	1.2824669085167376e-08
Disease	disease_18591	1.2823973863864633e-08
Disease	disease_7621	1.2822044085950134e-08
Disease	disease_15205	1.281864525730227e-08
Disease	disease_7827	1.281426861743412e-08
Disease	disease_54842	1.279615146245786e-08
Disease	disease_15375	1.2796067013867613e-08
Disease	disease_9095	1.2790886381579555e-08
Disease	disease_7309	1.2790656353636027e-08
Disease	disease_15071	1.2787453867796355e-08
Disease	disease_1050	1.2785608525101053e-08
Disease	disease_19016	1.2784665036023708e-08
Disease	disease_7507	1.2783037353114853e-08
Disease	disease_7011	1.2775540070874106e-08
Disease	disease_20666	1.2775540070874106e-08
Disease	disease_1709	1.2775540070874106e-08
Disease	disease_12889	1.2775540070874106e-08
Disease	disease_10032	1.2758409103107568e-08
Disease	disease_11614	1.2750630718247466e-08
Disease	disease_6477	1.2750606899621437e-08
Disease	disease_8928	1.2749154788225951e-08
Disease	disease_1892	1.274794997275778e-08
Disease	disease_30961	1.2746815041558516e-08
Disease	disease_13459	1.2742372595553845e-08
Disease	disease_32928	1.274176881275661e-08
Disease	disease_10340	1.2734471903095077e-08
Disease	disease_16807	1.2725227895856556e-08
Disease	disease_12479	1.2723941996740033e-08
Disease	disease_24530	1.2719158253823407e-08
Disease	disease_12188	1.2718411552493979e-08
Disease	disease_13870	1.2713737903005696e-08
Disease	disease_43330	1.2712404286543029e-08
Disease	disease_462	1.2703679574772994e-08
Disease	disease_9325	1.269801260338465e-08
Disease	disease_14998	1.2697407516364938e-08
Disease	disease_4990	1.2697102889502996e-08
Disease	disease_7301	1.2694852750946987e-08
Disease	disease_15170	1.2687325346717645e-08
Disease	disease_7327	1.2684350437746937e-08
Disease	disease_32526	1.2683379506099109e-08
Disease	disease_20830	1.2679412612888567e-08
Disease	disease_14641	1.2674267744065118e-08
Disease	disease_3050	1.2674058271568034e-08
Disease	disease_14727	1.267251667978686e-08
Disease	disease_11202	1.2664723018312241e-08
Disease	disease_13794	1.2662723357489956e-08
Disease	disease_19516	1.2662611354916146e-08
Disease	disease_4591	1.266191962995485e-08
Disease	disease_6117	1.2660126618813374e-08
Disease	disease_18606	1.2658185236375394e-08
Disease	disease_20109	1.265729977487172e-08
Disease	disease_9766	1.2651413083216718e-08
Disease	disease_7004	1.265083444467767e-08
Disease	disease_54831	1.2649698136705677e-08
Disease	disease_100211	1.2643378009927399e-08
Disease	disease_19141	1.2640773448851736e-08
Disease	disease_7251	1.2628906924567417e-08
Disease	disease_24626	1.262418652263489e-08
Disease	disease_44696	1.26236023018974e-08
Disease	disease_13944	1.2621337238220162e-08
Disease	disease_14870	1.262047727566757e-08
Disease	disease_20047	1.2614761111175017e-08
Disease	disease_9398	1.260820428847149e-08
Disease	disease_32812	1.2607044349604513e-08
Disease	disease_33615	1.2601312840540124e-08
Disease	disease_660	1.2598695947198122e-08
Disease	disease_10076	1.2597049857517003e-08
Disease	disease_18861	1.2593303615952884e-08
Disease	disease_24476	1.2583069073407564e-08
Disease	disease_43953	1.2581108226479332e-08
Disease	disease_8954	1.2578220320482495e-08
Disease	disease_32827	1.2574198353672915e-08
Disease	disease_9562	1.2571029131060372e-08
Disease	disease_10047	1.2568130870053904e-08
Disease	disease_32622	1.2565936224912401e-08
Disease	disease_100221	1.2565293130925298e-08
Disease	disease_15211	1.2557931440310103e-08
Disease	disease_9395	1.2555533610271332e-08
Disease	disease_19394	1.2552471533663849e-08
Disease	disease_2756	1.2551538895199534e-08
Disease	disease_13691	1.2550441924166072e-08
Disease	disease_14156	1.2544579862415516e-08
Disease	disease_17390	1.2542857289676559e-08
Disease	disease_19309	1.2533846166939517e-08
Disease	disease_8869	1.2533812119009073e-08
Disease	disease_15200	1.2532285795424102e-08
Disease	disease_710	1.2530862211906893e-08
Disease	disease_6157	1.2522484628329553e-08
Disease	disease_15586	1.2521953700453093e-08
Disease	disease_21019	1.2519352894691578e-08
Disease	disease_14605	1.2519298074872243e-08
Disease	disease_11185	1.2512502259179032e-08
Disease	disease_17882	1.2508735047160516e-08
Disease	disease_8741	1.2506853898350169e-08
Disease	disease_44737	1.2501485126702503e-08
Disease	disease_19473	1.2499627193067045e-08
Disease	disease_10639	1.2490001562401298e-08
Disease	disease_17691	1.2486482818250696e-08
Disease	disease_17692	1.2486482818250696e-08
Disease	disease_19553	1.2486081533462623e-08
Disease	disease_3249	1.2477053760055318e-08
Disease	disease_19220	1.2476447343489225e-08
Disease	disease_6622	1.2465957004402315e-08
Disease	disease_6239	1.2465927861507593e-08
Disease	disease_10140	1.246108089795149e-08
Disease	disease_32813	1.2459165981726314e-08
Disease	disease_21161	1.2458217571148296e-08
Disease	disease_777	1.2457456629874692e-08
Disease	disease_32569	1.2453852214760834e-08
Disease	disease_44643	1.2452237536744922e-08
Disease	disease_5857	1.2444952302894457e-08
Disease	disease_10623	1.2437728238327708e-08
Disease	disease_44137	1.2433995293879488e-08
Disease	disease_9507	1.243383364063327e-08
Disease	disease_14786	1.2432994113262529e-08
Disease	disease_11650	1.2432391626227552e-08
Disease	disease_14822	1.2426276813560833e-08
Disease	disease_15494	1.2423300529494898e-08
Disease	disease_33657	1.2414494843687794e-08
Disease	disease_10186	1.2408201520383716e-08
Disease	disease_5153	1.2400943629264586e-08
Disease	disease_32579	1.2395698726483892e-08
Disease	disease_9805	1.2391560342477607e-08
Disease	disease_12856	1.237970212795508e-08
Disease	disease_13213	1.2373878008462987e-08
Disease	disease_32698	1.2356897962486276e-08
Disease	disease_10310	1.2356828603043655e-08
Disease	disease_13255	1.2355326148983166e-08
Disease	disease_7513	1.2354026087696687e-08
Disease	disease_4117	1.2353021439880025e-08
Disease	disease_43075	1.2349266361073275e-08
Disease	disease_11493	1.2345252638647491e-08
Disease	disease_12220	1.2344420237991358e-08
Disease	disease_9431	1.2342978437147232e-08
Disease	disease_60583	1.2340402442178524e-08
Disease	disease_82	1.2339509214839143e-08
Disease	disease_87	1.2329466354794514e-08
Disease	disease_13933	1.232753845771238e-08
Disease	disease_30028	1.2323376812322122e-08
Disease	disease_9229	1.2321750144392215e-08
Disease	disease_1464	1.231756485836653e-08
Disease	disease_32597	1.2313930704694827e-08
Disease	disease_13237	1.2304424875295767e-08
Disease	disease_8071	1.2301270685162836e-08
Disease	disease_18858	1.2297774444134928e-08
Disease	disease_21315	1.2294903156818417e-08
Disease	disease_14940	1.2280759927066157e-08
Disease	disease_17267	1.2278286094027368e-08
Disease	disease_20732	1.2276379406754152e-08
Disease	disease_60622	1.2273081128974603e-08
Disease	disease_10730	1.2259838942790622e-08
Disease	disease_9946	1.2251181181512387e-08
Disease	disease_16115	1.2250579756721545e-08
Disease	disease_12582	1.2246320936319346e-08
Disease	disease_60663	1.2246265257482089e-08
Disease	disease_44299	1.2242038076424785e-08
Disease	disease_14494	1.2239620166174583e-08
Disease	disease_9852	1.2239215234162578e-08
Disease	disease_13049	1.2239020003909538e-08
Disease	disease_9803	1.2227490146120252e-08
Disease	disease_7205	1.2224243234221047e-08
Disease	disease_16980	1.2222069675856088e-08
Disease	disease_14672	1.2215098651571006e-08
Disease	disease_100220	1.221397148208269e-08
Disease	disease_5822	1.2211550282210337e-08
Disease	disease_5413	1.2209003663652365e-08
Disease	disease_10172	1.2207593155182425e-08
Disease	disease_12516	1.2198338149359073e-08
Disease	disease_13888	1.219178570537166e-08
Disease	disease_15740	1.21860780467294e-08
Disease	disease_19405	1.2179690366652112e-08
Disease	disease_20019	1.2177648255074367e-08
Disease	disease_10441	1.217737370581418e-08
Disease	disease_21507	1.2166515919674696e-08
Disease	disease_17124	1.216452830713061e-08
Disease	disease_5676	1.2159810763397748e-08
Disease	disease_12906	1.2151865149495747e-08
Disease	disease_9680	1.215144692590506e-08
Disease	disease_44324	1.215133082356578e-08
Disease	disease_21553	1.2149428271113756e-08
Disease	disease_100115	1.2149428271113756e-08
Disease	disease_10314	1.2149020377569469e-08
Disease	disease_18440	1.2146099068518442e-08
Disease	disease_13079	1.2145264458098702e-08
Disease	disease_13637	1.2145264458098702e-08
Disease	disease_13636	1.2145264458098702e-08
Disease	disease_13080	1.2145264458098702e-08
Disease	disease_12536	1.2144618697399192e-08
Disease	disease_18155	1.2137406060006228e-08
Disease	disease_17881	1.2135679494713089e-08
Disease	disease_20327	1.2129950530953654e-08
Disease	disease_4665	1.2129950530953654e-08
Disease	disease_24521	1.2128803143006312e-08
Disease	disease_45032	1.2123190729911751e-08
Disease	disease_6927	1.2121598425449775e-08
Disease	disease_18036	1.210880399136e-08
Disease	disease_14388	1.2107502645433964e-08
Disease	disease_32706	1.210480263241367e-08
Disease	disease_276	1.2097614148086624e-08
Disease	disease_14785	1.2096679377794923e-08
Disease	disease_11933	1.208331404648655e-08
Disease	disease_2033	1.2082472251009173e-08
Disease	disease_14476	1.2077473199604113e-08
Disease	disease_11173	1.2070017596487982e-08
Disease	disease_13711	1.2064067646883717e-08
Disease	disease_14310	1.2060497625801892e-08
Disease	disease_10129	1.2059901594429888e-08
Disease	disease_9498	1.2055223808816926e-08
Disease	disease_18735	1.2053955649318785e-08
Disease	disease_13217	1.2053018703171134e-08
Disease	disease_3655	1.204443604198035e-08
Disease	disease_10362	1.2040578904736514e-08
Disease	disease_7606	1.2038885326109944e-08
Disease	disease_11190	1.2038353113016058e-08
Disease	disease_8740	1.2038103937626347e-08
Disease	disease_17006	1.2035924579061812e-08
Disease	disease_60752	1.2024936058831378e-08
Disease	disease_100064	1.2012281727508066e-08
Disease	disease_2996	1.2011513551696858e-08
Disease	disease_35117	1.200616324110961e-08
Disease	disease_12073	1.1989936860564527e-08
Disease	disease_17226	1.1989613826000872e-08
Disease	disease_12256	1.198686909132089e-08
Disease	disease_9406	1.1986029864357656e-08
Disease	disease_10564	1.1985422441884737e-08
Disease	disease_14000	1.1983655927744847e-08
Disease	disease_5922	1.198318517070806e-08
Disease	disease_7899	1.1979823445035465e-08
Disease	disease_4710	1.1975114861197991e-08
Disease	disease_1042	1.19750971285153e-08
Disease	disease_11215	1.1974683034936012e-08
Disease	disease_11476	1.1972642447235046e-08
Disease	disease_13277	1.1965730673517468e-08
Disease	disease_9453	1.1962407104020694e-08
Disease	disease_13472	1.1961959575691132e-08
Disease	disease_24271	1.1950404847585252e-08
Disease	disease_9145	1.1946338612145702e-08
Disease	disease_60582	1.1945277692142982e-08
Disease	disease_2278	1.1944921065262127e-08
Disease	disease_13331	1.1942012296378561e-08
Disease	disease_8376	1.194119856429383e-08
Disease	disease_13325	1.1938450555259719e-08
Disease	disease_1830	1.1938134010127274e-08
Disease	disease_6324	1.1935341500137577e-08
Disease	disease_615	1.1935341500137577e-08
Disease	disease_10974	1.1933321326635919e-08
Disease	disease_13865	1.1931506259216861e-08
Disease	disease_11449	1.192956458758755e-08
Disease	disease_10800	1.1928741663753421e-08
Disease	disease_8309	1.1926257591683526e-08
Disease	disease_20117	1.1923267777398335e-08
Disease	disease_24568	1.1918866798418235e-08
Disease	disease_21581	1.1916634023175072e-08
Disease	disease_19694	1.1913300030505614e-08
Disease	disease_17385	1.1909835341476435e-08
Disease	disease_14201	1.1899771611899058e-08
Disease	disease_32662	1.1892792538939375e-08
Disease	disease_5866	1.1887119892366012e-08
Disease	disease_5874	1.1886261913857641e-08
Disease	disease_14248	1.1882156226457495e-08
Disease	disease_1137	1.1880306476917243e-08
Disease	disease_19700	1.1877767917162727e-08
Disease	disease_13404	1.1876764528753679e-08
Disease	disease_7537	1.1870164205295737e-08
Disease	disease_10895	1.1869602877229617e-08
Disease	disease_10573	1.1864612711309044e-08
Disease	disease_11600	1.1863899475157027e-08
Disease	disease_1138	1.1862421572588569e-08
Disease	disease_4969	1.1856615933411784e-08
Disease	disease_20237	1.185651712139152e-08
Disease	disease_100188	1.1855283174521775e-08
Disease	disease_12581	1.1850057783631762e-08
Disease	disease_6971	1.184856106912481e-08
Disease	disease_20267	1.1844372133379184e-08
Disease	disease_18084	1.1842841651289512e-08
Disease	disease_18381	1.1841457301358222e-08
Disease	disease_29133	1.1840095793161295e-08
Disease	disease_9853	1.1839378394414183e-08
Disease	disease_14544	1.1834866153737133e-08
Disease	disease_33201	1.1829125219515975e-08
Disease	disease_14750	1.182857811372596e-08
Disease	disease_15975	1.1827798971644218e-08
Disease	disease_17917	1.1822012133748619e-08
Disease	disease_5987	1.1815265466479957e-08
Disease	disease_29144	1.180893893748895e-08
Disease	disease_32922	1.1807313405315478e-08
Disease	disease_13940	1.1807095685000999e-08
Disease	disease_10748	1.180471830133133e-08
Disease	disease_13032	1.1803189732225882e-08
Disease	disease_17020	1.1800327940376516e-08
Disease	disease_14612	1.1788687148223523e-08
Disease	disease_13353	1.1786899918849292e-08
Disease	disease_8450	1.1786832685834525e-08
Disease	disease_3506	1.1786204350010022e-08
Disease	disease_20702	1.1780006839740085e-08
Disease	disease_1682	1.1773717318708044e-08
Disease	disease_7169	1.1770313342919784e-08
Disease	disease_20242	1.1766911663214804e-08
Disease	disease_1325	1.176439338557796e-08
Disease	disease_8139	1.1759586434434983e-08
Disease	disease_14387	1.175544312469818e-08
Disease	disease_19727	1.1751676222837303e-08
Disease	disease_19726	1.1751676222837303e-08
Disease	disease_19399	1.1744583376509885e-08
Disease	disease_15988	1.1741310825789361e-08
Disease	disease_10008	1.1739207474703313e-08
Disease	disease_10509	1.1738901012932777e-08
Disease	disease_54637	1.1736509764876492e-08
Disease	disease_19568	1.1727820621611783e-08
Disease	disease_18394	1.172778592473887e-08
Disease	disease_7087	1.1724579670451022e-08
Disease	disease_19074	1.1720224152557788e-08
Disease	disease_17774	1.1719945087733149e-08
Disease	disease_5175	1.1712970980503582e-08
Disease	disease_5176	1.1712970980503582e-08
Disease	disease_10040	1.1711966483907241e-08
Disease	disease_21311	1.1706352083805778e-08
Disease	disease_646	1.1705335946456492e-08
Disease	disease_9577	1.1704313232587193e-08
Disease	disease_5960	1.1702531572612386e-08
Disease	disease_11025	1.1702430014306586e-08
Disease	disease_20845	1.1690845421760229e-08
Disease	disease_21501	1.1685789976125417e-08
Disease	disease_8178	1.1676346917477914e-08
Disease	disease_20503	1.1673762865821716e-08
Disease	disease_54677	1.1672947466980357e-08
Disease	disease_12113	1.1667051997282549e-08
Disease	disease_13950	1.1665445640430605e-08
Disease	disease_44113	1.1665136154722667e-08
Disease	disease_14284	1.1664532840661999e-08
Disease	disease_12204	1.1663371331653412e-08
Disease	disease_9748	1.1660117417969894e-08
Disease	disease_10205	1.1653237638312293e-08
Disease	disease_10574	1.1653027577723683e-08
Disease	disease_12614	1.1650325513028012e-08
Disease	disease_11491	1.1645211431285146e-08
Disease	disease_15534	1.164488404009749e-08
Disease	disease_14713	1.1641916428155614e-08
Disease	disease_14516	1.1628662416765203e-08
Disease	disease_7862	1.1626376128357163e-08
Disease	disease_7270	1.1626262366142368e-08
Disease	disease_33542	1.1621950293680748e-08
Disease	disease_16794	1.1620888416717343e-08
Disease	disease_7875	1.16103853322475e-08
Disease	disease_7953	1.1609946582975029e-08
Disease	disease_2360	1.1609461205677018e-08
Disease	disease_10390	1.159300664178838e-08
Disease	disease_21220	1.1588727410527082e-08
Disease	disease_25389	1.1586831321809145e-08
Disease	disease_15995	1.1586248508988732e-08
Disease	disease_60532	1.157482159709097e-08
Disease	disease_19517	1.157291651814119e-08
Disease	disease_8923	1.1572155556373248e-08
Disease	disease_9415	1.1564478936644739e-08
Disease	disease_6478	1.1563230867604517e-08
Disease	disease_34021	1.1562438831441266e-08
Disease	disease_2064	1.1556945361734489e-08
Disease	disease_14055	1.1553573447541762e-08
Disease	disease_10610	1.1545273198051286e-08
Disease	disease_13515	1.1543378853054581e-08
Disease	disease_20779	1.1542181371453267e-08
Disease	disease_7101	1.1538412040272267e-08
Disease	disease_3757	1.1531287312663872e-08
Disease	disease_33537	1.1525601752393063e-08
Disease	disease_5309	1.1517722242346006e-08
Disease	disease_9652	1.1516641456562183e-08
Disease	disease_14285	1.1512795894379207e-08
Disease	disease_19876	1.1512008296148738e-08
Disease	disease_9039	1.1511383978229296e-08
Disease	disease_6774	1.1504022709091078e-08
Disease	disease_8051	1.1499875012734128e-08
Disease	disease_17902	1.1498108795004994e-08
Disease	disease_14262	1.1494529523260134e-08
Disease	disease_7320	1.1492334344541134e-08
Disease	disease_7452	1.149170137252723e-08
Disease	disease_44765	1.1490323509166143e-08
Disease	disease_5845	1.1488620579797718e-08
Disease	disease_10972	1.1481981510163979e-08
Disease	disease_15420	1.1478556107309332e-08
Disease	disease_11663	1.1471266564490641e-08
Disease	disease_3241	1.1461206189703317e-08
Disease	disease_17900	1.1458666855586631e-08
Disease	disease_18791	1.1458482235998633e-08
Disease	disease_1190	1.1450458172899074e-08
Disease	disease_1972	1.1450458172899074e-08
Disease	disease_1973	1.1450458172899074e-08
Disease	disease_1857	1.1450458172899074e-08
Disease	disease_4885	1.144779065939266e-08
Disease	disease_13731	1.1439519992001972e-08
Disease	disease_42499	1.1427873010074018e-08
Disease	disease_18765	1.1427724317141973e-08
Disease	disease_7760	1.1425600604555177e-08
Disease	disease_18960	1.1424392397029121e-08
Disease	disease_32764	1.1423392503399903e-08
Disease	disease_9450	1.1416029780154009e-08
Disease	disease_7948	1.1409985874170264e-08
Disease	disease_20098	1.1409733657513311e-08
Disease	disease_16145	1.1406863350893472e-08
Disease	disease_44721	1.1405164020077835e-08
Disease	disease_9021	1.1395834585329148e-08
Disease	disease_32609	1.1395244468490605e-08
Disease	disease_1462	1.139414407267252e-08
Disease	disease_2238	1.139414407267252e-08
Disease	disease_20048	1.139206215815818e-08
Disease	disease_6574	1.1391269665212048e-08
Disease	disease_8365	1.139121830810078e-08
Disease	disease_16838	1.1384432289648048e-08
Disease	disease_10201	1.1381053343383012e-08
Disease	disease_60568	1.1380939276572189e-08
Disease	disease_3724	1.1379574803443214e-08
Disease	disease_18314	1.1379323883156976e-08
Disease	disease_10721	1.1377592059244596e-08
Disease	disease_11596	1.1377376257889255e-08
Disease	disease_9964	1.1374195056159948e-08
Disease	disease_23370	1.1373112943090333e-08
Disease	disease_15853	1.1372735877692188e-08
Disease	disease_20212	1.137255965799819e-08
Disease	disease_33557	1.1370522816933729e-08
Disease	disease_4207	1.1368005092431403e-08
Disease	disease_19302	1.136423792188032e-08
Disease	disease_24888	1.1362584510356886e-08
Disease	disease_14141	1.1358933342641516e-08
Disease	disease_10242	1.1357668456537467e-08
Disease	disease_19867	1.135435891873067e-08
Disease	disease_54833	1.1344531566794424e-08
Disease	disease_13107	1.1343927606186056e-08
Disease	disease_6514	1.1343927606186056e-08
Disease	disease_11597	1.1343927606186056e-08
Disease	disease_13294	1.1343927606186056e-08
Disease	disease_11609	1.1343927606186056e-08
Disease	disease_11598	1.1343927606186056e-08
Disease	disease_11608	1.1343927606186056e-08
Disease	disease_13295	1.1343927606186056e-08
Disease	disease_5	1.1342356483338664e-08
Disease	disease_100083	1.1340010123256693e-08
Disease	disease_6523	1.1338215072086834e-08
Disease	disease_10343	1.1338131056820083e-08
Disease	disease_9154	1.1336759106780545e-08
Disease	disease_8913	1.1335901466296986e-08
Disease	disease_21896	1.1330083443086197e-08
Disease	disease_8197	1.132734957905012e-08
Disease	disease_2897	1.132492955199161e-08
Disease	disease_1714	1.132492955199161e-08
Disease	disease_740	1.132425584767237e-08
Disease	disease_13809	1.1319191219233513e-08
Disease	disease_13393	1.1317097619999978e-08
Disease	disease_553	1.1303872900877553e-08
Disease	disease_7402	1.1293896057411006e-08
Disease	disease_20321	1.1290820133141447e-08
Disease	disease_20113	1.1288519779853158e-08
Disease	disease_20266	1.1283908574649468e-08
Disease	disease_6758	1.1282974638580008e-08
Disease	disease_18825	1.128042727278126e-08
Disease	disease_1638	1.1280314573612616e-08
Disease	disease_10893	1.128027915448864e-08
Disease	disease_17957	1.1277936501864546e-08
Disease	disease_13093	1.1271392580007218e-08
Disease	disease_8849	1.1260330836168452e-08
Disease	disease_2842	1.1256219156261482e-08
Disease	disease_11335	1.125487080459266e-08
Disease	disease_24316	1.1254696921010811e-08
Disease	disease_1596	1.1254696921010811e-08
Disease	disease_690	1.1254696921010811e-08
Disease	disease_2104	1.1254696921010811e-08
Disease	disease_43472	1.1253889059266654e-08
Disease	disease_7294	1.1252506241293648e-08
Disease	disease_1621	1.1247650423543068e-08
Disease	disease_12772	1.1247206219170204e-08
Disease	disease_12514	1.1246828045927861e-08
Disease	disease_21499	1.1242167486121868e-08
Disease	disease_12376	1.1240954420381394e-08
Disease	disease_12375	1.1240954420381394e-08
Disease	disease_7698	1.1239343886742815e-08
Disease	disease_14460	1.1237546938996618e-08
Disease	disease_14979	1.1235445475170054e-08
Disease	disease_631	1.1230973012358311e-08
Disease	disease_24905	1.1230320791935636e-08
Disease	disease_32675	1.1227931630108915e-08
Disease	disease_15705	1.1226350356758025e-08
Disease	disease_11385	1.1221639766292344e-08
Disease	disease_17622	1.1209762325972475e-08
Disease	disease_17618	1.1209762325972475e-08
Disease	disease_17619	1.1209762325972475e-08
Disease	disease_17620	1.1209762325972475e-08
Disease	disease_17621	1.1209762325972475e-08
Disease	disease_54785	1.1205918979712049e-08
Disease	disease_7876	1.1200275231411516e-08
Disease	disease_60729	1.1199825885407072e-08
Disease	disease_18948	1.1198948355854674e-08
Disease	disease_5327	1.1198701284299433e-08
Disease	disease_5322	1.1198701284299433e-08
Disease	disease_5320	1.1197518759067845e-08
Disease	disease_5879	1.1195955089972947e-08
Disease	disease_19901	1.1189108275941664e-08
Disease	disease_14555	1.1188390457642001e-08
Disease	disease_9845	1.1186954195161124e-08
Disease	disease_6153	1.1182343342517455e-08
Disease	disease_11533	1.1181019542792977e-08
Disease	disease_60596	1.1169112161141005e-08
Disease	disease_8829	1.1164308548130335e-08
Disease	disease_16538	1.1159431623729882e-08
Disease	disease_18319	1.1155829828848023e-08
Disease	disease_6681	1.1142268338121495e-08
Disease	disease_24535	1.1135665924670315e-08
Disease	disease_21159	1.1135029198404687e-08
Disease	disease_13919	1.1131602692128783e-08
Disease	disease_14910	1.1130406772841116e-08
Disease	disease_5829	1.1129390286323907e-08
Disease	disease_3504	1.1123024716162935e-08
Disease	disease_40698	1.1122094168853894e-08
Disease	disease_24881	1.1117731231529793e-08
Disease	disease_14935	1.1113172427076161e-08
Disease	disease_10618	1.1112870270312281e-08
Disease	disease_33282	1.1104817400488424e-08
Disease	disease_44917	1.1104488682603186e-08
Disease	disease_10046	1.1102687423633984e-08
Disease	disease_14029	1.1097850704613628e-08
Disease	disease_10036	1.1086610203769904e-08
Disease	disease_33614	1.1081877976002717e-08
Disease	disease_20023	1.1079208112674751e-08
Disease	disease_14371	1.1079149664247466e-08
Disease	disease_14899	1.1078310029198779e-08
Disease	disease_7857	1.10778816285818e-08
Disease	disease_9052	1.106245493303712e-08
Disease	disease_18144	1.1060823334181774e-08
Disease	disease_14288	1.1054950586708989e-08
Disease	disease_60496	1.1054910951005676e-08
Disease	disease_12706	1.105438445930218e-08
Disease	disease_19288	1.1047235653094753e-08
Disease	disease_11593	1.1043476760701847e-08
Disease	disease_18528	1.103550511982877e-08
Disease	disease_32872	1.1031572406018882e-08
Disease	disease_17236	1.1027874938147544e-08
Disease	disease_16910	1.1021870157730645e-08
Disease	disease_14211	1.102050392158427e-08
Disease	disease_12634	1.1003970968842253e-08
Disease	disease_10464	1.1002342864365244e-08
Disease	disease_19138	1.1001594536128496e-08
Disease	disease_7772	1.0996560084828223e-08
Disease	disease_10551	1.0996410059856387e-08
Disease	disease_5340	1.0991272092620463e-08
Disease	disease_16386	1.0988580383476536e-08
Disease	disease_7299	1.098535329088216e-08
Disease	disease_19416	1.0984720598469702e-08
Disease	disease_15042	1.098324977584608e-08
Disease	disease_2755	1.098324977584608e-08
Disease	disease_15043	1.098324977584608e-08
Disease	disease_2754	1.098324977584608e-08
Disease	disease_21390	1.0980088700708234e-08
Disease	disease_16657	1.0974667074591614e-08
Disease	disease_20588	1.0971374161429564e-08
Disease	disease_15068	1.096504252212773e-08
Disease	disease_13932	1.0961721378848915e-08
Disease	disease_14808	1.0960153419067373e-08
Disease	disease_14086	1.0959417631216036e-08
Disease	disease_60759	1.0958638583782846e-08
Disease	disease_20533	1.0950197052108129e-08
Disease	disease_19372	1.0948046775550252e-08
Disease	disease_5319	1.0946735475500133e-08
Disease	disease_11908	1.0942457552554672e-08
Disease	disease_44208	1.0940017776182469e-08
Disease	disease_6404	1.0933179764634815e-08
Disease	disease_12453	1.0930344197783162e-08
Disease	disease_19270	1.0929733532006143e-08
Disease	disease_6455	1.0927566431338478e-08
Disease	disease_2513	1.0923414122775625e-08
Disease	disease_7119	1.0920835915035013e-08
Disease	disease_8699	1.091820758455127e-08
Disease	disease_702	1.0916149761135924e-08
Disease	disease_6250	1.0910582513671681e-08
Disease	disease_13499	1.0904436693495736e-08
Disease	disease_24674	1.0903532589582622e-08
Disease	disease_8395	1.0896560442984946e-08
Disease	disease_1398	1.0895066841096244e-08
Disease	disease_14746	1.089445558844421e-08
Disease	disease_17569	1.0894138990130803e-08
Disease	disease_18724	1.0890408893053109e-08
Disease	disease_20490	1.0889590392476159e-08
Disease	disease_18197	1.0889006421304708e-08
Disease	disease_18170	1.0884220812217925e-08
Disease	disease_5975	1.0881688026518199e-08
Disease	disease_2361	1.0881410428112595e-08
Disease	disease_18047	1.0875161855912152e-08
Disease	disease_2038	1.0869930772702299e-08
Disease	disease_9955	1.0865167785017854e-08
Disease	disease_12348	1.085890569027138e-08
Disease	disease_6840	1.085754461201771e-08
Disease	disease_18687	1.0857001316659344e-08
Disease	disease_13533	1.0845763961729108e-08
Disease	disease_12855	1.0843150295582063e-08
Disease	disease_12246	1.0841106619465974e-08
Disease	disease_10570	1.0839238508010983e-08
Disease	disease_14810	1.0836896038440183e-08
Disease	disease_14246	1.0835936203032682e-08
Disease	disease_54776	1.0835765328294535e-08
Disease	disease_11973	1.0833036112909126e-08
Disease	disease_8172	1.0830998343286762e-08
Disease	disease_60714	1.0830178089730337e-08
Disease	disease_25270	1.0829290414828674e-08
Disease	disease_20775	1.0826990589593694e-08
Disease	disease_18571	1.082695547762427e-08
Disease	disease_6152	1.0823267988619525e-08
Disease	disease_30920	1.0822697458603887e-08
Disease	disease_1856	1.0820231320907008e-08
Disease	disease_2641	1.0820231320907008e-08
Disease	disease_43187	1.0820231320907008e-08
Disease	disease_5490	1.0820231320907008e-08
Disease	disease_21727	1.0820231320907008e-08
Disease	disease_8797	1.0818631163042406e-08
Disease	disease_18393	1.081303926871142e-08
Disease	disease_7738	1.0801836125196337e-08
Disease	disease_17052	1.0801644699495e-08
Disease	disease_2554	1.079090997403895e-08
Disease	disease_15204	1.0787931876583503e-08
Disease	disease_17453	1.0787367884242255e-08
Disease	disease_8975	1.0785421819772291e-08
Disease	disease_5350	1.0784604294456718e-08
Disease	disease_21130	1.0780395746650541e-08
Disease	disease_652	1.0779632010721903e-08
Disease	disease_16235	1.0778404621903374e-08
Disease	disease_12760	1.0778216537837347e-08
Disease	disease_12338	1.0778216537837347e-08
Disease	disease_11753	1.0778216537837347e-08
Disease	disease_100106	1.0778216537837347e-08
Disease	disease_18942	1.0778070561773097e-08
Disease	disease_7433	1.0776959383959274e-08
Disease	disease_13110	1.0769452716420628e-08
Disease	disease_14671	1.0768609460268123e-08
Disease	disease_13292	1.0761456599726127e-08
Disease	disease_11398	1.0753865348344336e-08
Disease	disease_24654	1.075314953319398e-08
Disease	disease_21011	1.0746700280963428e-08
Disease	disease_32567	1.0746607637121483e-08
Disease	disease_11766	1.0746270040318597e-08
Disease	disease_20054	1.0742442897705679e-08
Disease	disease_24618	1.0739509045009671e-08
Disease	disease_18958	1.0737916325203055e-08
Disease	disease_17745	1.0737139477083795e-08
Disease	disease_10479	1.0733589234324498e-08
Disease	disease_15362	1.0726433866310375e-08
Disease	disease_20860	1.0721859009944153e-08
Disease	disease_7561	1.072128450796973e-08
Disease	disease_7704	1.071742241705953e-08
Disease	disease_13319	1.0715391231549368e-08
Disease	disease_20532	1.0714465441327401e-08
Disease	disease_15642	1.0713701252179862e-08
Disease	disease_21952	1.0712732274842862e-08
Disease	disease_21644	1.0707558770948488e-08
Disease	disease_33562	1.0707216441290231e-08
Disease	disease_17325	1.0703919822479772e-08
Disease	disease_19627	1.0699665410460657e-08
Disease	disease_16480	1.0690408241761336e-08
Disease	disease_18352	1.0682058708087274e-08
Disease	disease_100175	1.0678457126919523e-08
Disease	disease_32692	1.0677262447638985e-08
Disease	disease_32843	1.0677149682311126e-08
Disease	disease_3604	1.0674602096658085e-08
Disease	disease_10966	1.0674176139628006e-08
Disease	disease_9369	1.0674086640680683e-08
Disease	disease_19541	1.0669365822114245e-08
Disease	disease_10284	1.066702459098396e-08
Disease	disease_7378	1.0666239553509136e-08
Disease	disease_8901	1.0664254919691311e-08
Disease	disease_14789	1.066028884622876e-08
Disease	disease_14135	1.0658508215798485e-08
Disease	disease_15090	1.0655125834857845e-08
Disease	disease_9253	1.0650047271357713e-08
Disease	disease_24567	1.064978163589797e-08
Disease	disease_252	1.0639234513251138e-08
Disease	disease_15026	1.063013808611784e-08
Disease	disease_9500	1.0627630522116372e-08
Disease	disease_15044	1.0615743525484146e-08
Disease	disease_3832	1.061555303641002e-08
Disease	disease_24321	1.0614908741166136e-08
Disease	disease_15487	1.0613319751484563e-08
Disease	disease_1698	1.0611272202742027e-08
Disease	disease_3528	1.0609924185879968e-08
Disease	disease_19424	1.060926939475931e-08
Disease	disease_26732	1.060629294925241e-08
Disease	disease_15360	1.06009328452245e-08
Disease	disease_9959	1.060027162654338e-08
Disease	disease_18096	1.0596494656827108e-08
Disease	disease_8640	1.0590777937302764e-08
Disease	disease_9483	1.0590683083141588e-08
Disease	disease_14136	1.0589463825149098e-08
Disease	disease_6343	1.0573635220828498e-08
Disease	disease_13931	1.0573629702234819e-08
Disease	disease_20276	1.057127547275383e-08
Disease	disease_455	1.0568297880400964e-08
Disease	disease_2149	1.0563238045689266e-08
Disease	disease_6509	1.05566893833722e-08
Disease	disease_9880	1.0555326327275891e-08
Disease	disease_2544	1.0550435496398608e-08
Disease	disease_7779	1.0550368391616794e-08
Disease	disease_600	1.0539361709337427e-08
Disease	disease_21047	1.05326938078683e-08
Disease	disease_16482	1.053205615366728e-08
Disease	disease_100000	1.0527160490114868e-08
Disease	disease_15062	1.0525338659654241e-08
Disease	disease_3105	1.052343368547031e-08
Disease	disease_9104	1.051946376137602e-08
Disease	disease_10024	1.0518134819804799e-08
Disease	disease_20709	1.0516607247562369e-08
Disease	disease_243	1.0516607247562369e-08
Disease	disease_11391	1.0512257510599846e-08
Disease	disease_13942	1.0511953872647541e-08
Disease	disease_10301	1.050646098283304e-08
Disease	disease_5843	1.0505426025827633e-08
Disease	disease_9367	1.0504830508654011e-08
Disease	disease_8831	1.0504826392530848e-08
Disease	disease_13381	1.0503208718651929e-08
Disease	disease_24655	1.0502887011781238e-08
Disease	disease_639	1.0501146151103142e-08
Disease	disease_1812	1.0496341699360669e-08
Disease	disease_2647	1.0493326640498847e-08
Disease	disease_29132	1.0490795820575129e-08
Disease	disease_18189	1.0486600695718657e-08
Disease	disease_2129	1.0485248489241726e-08
Disease	disease_6476	1.047917319118459e-08
Disease	disease_25028	1.0478290036987155e-08
Disease	disease_10652	1.0477566620956778e-08
Disease	disease_10858	1.0476596970063026e-08
Disease	disease_16172	1.0465291506927257e-08
Disease	disease_30051	1.046518355689236e-08
Disease	disease_12766	1.0462930134050579e-08
Disease	disease_7413	1.0460015886525775e-08
Disease	disease_1127	1.0459566465697531e-08
Disease	disease_32771	1.0450706734351535e-08
Disease	disease_17051	1.044770899297233e-08
Disease	disease_17053	1.044770899297233e-08
Disease	disease_17054	1.044770899297233e-08
Disease	disease_7715	1.0444269666301366e-08
Disease	disease_8980	1.0442860385124887e-08
Disease	disease_7843	1.0442397652662615e-08
Disease	disease_15706	1.0442024277735585e-08
Disease	disease_13970	1.0440120550596851e-08
Disease	disease_12676	1.0439249184187129e-08
Disease	disease_14003	1.0437122780977727e-08
Disease	disease_14593	1.0436059372138043e-08
Disease	disease_42967	1.0431999978270998e-08
Disease	disease_341	1.0425754376876192e-08
Disease	disease_20523	1.0425525363701273e-08
Disease	disease_12053	1.0421064651264095e-08
Disease	disease_9115	1.0418215403558281e-08
Disease	disease_9552	1.0412238523398823e-08
Disease	disease_100012	1.0409116063718884e-08
Disease	disease_11281	1.0409041440029775e-08
Disease	disease_5947	1.0408611224820667e-08
Disease	disease_15738	1.0408333365239116e-08
Disease	disease_18015	1.0407160684135318e-08
Disease	disease_21607	1.0405532685050589e-08
Disease	disease_2848	1.0404735681698364e-08
Disease	disease_14444	1.0403248259095696e-08
Disease	disease_11988	1.0403098318283913e-08
Disease	disease_14010	1.0400072840147054e-08
Disease	disease_24304	1.0399593183986706e-08
Disease	disease_16721	1.0396763727981758e-08
Disease	disease_1218	1.0392282324313295e-08
Disease	disease_3743	1.0390446412167586e-08
Disease	disease_31169	1.0390306694918587e-08
Disease	disease_54794	1.038790492360786e-08
Disease	disease_19935	1.0387527064373311e-08
Disease	disease_1773	1.0380519330329897e-08
Disease	disease_13742	1.0375382955194374e-08
Disease	disease_32927	1.0370263839660135e-08
Disease	disease_21487	1.0367900519235065e-08
Disease	disease_20765	1.0362383385450591e-08
Disease	disease_16524	1.0361474408521118e-08
Disease	disease_10268	1.0359601028462572e-08
Disease	disease_16593	1.0358480437890955e-08
Disease	disease_14420	1.0353200440841665e-08
Disease	disease_19425	1.0352218704465186e-08
Disease	disease_2142	1.0348437143934206e-08
Disease	disease_32943	1.0346659011995813e-08
Disease	disease_7993	1.0345804914707335e-08
Disease	disease_17791	1.0342144275259014e-08
Disease	disease_13802	1.0340337521350108e-08
Disease	disease_2670	1.0339127552244736e-08
Disease	disease_6412	1.0331198027175588e-08
Disease	disease_32900	1.0330412910762518e-08
Disease	disease_10955	1.0327322749806304e-08
Disease	disease_17138	1.0325847754950707e-08
Disease	disease_14656	1.0322719450458256e-08
Disease	disease_19294	1.032076700535843e-08
Disease	disease_10053	1.0313814380818748e-08
Disease	disease_9371	1.031249466983475e-08
Disease	disease_15725	1.031241048439443e-08
Disease	disease_14792	1.0306504305801613e-08
Disease	disease_32849	1.0303546093661755e-08
Disease	disease_16495	1.0300869720033506e-08
Disease	disease_16237	1.0300253672948315e-08
Disease	disease_21537	1.0288783997912434e-08
Disease	disease_384	1.0283465091019199e-08
Disease	disease_8873	1.0281924442400368e-08
Disease	disease_32596	1.0278006141429377e-08
Disease	disease_5909	1.0276372989368645e-08
Disease	disease_8368	1.027627519112256e-08
Disease	disease_5576	1.0274645087274024e-08
Disease	disease_9711	1.0271548127619952e-08
Disease	disease_16825	1.0267210890186686e-08
Disease	disease_8736	1.0266000856977816e-08
Disease	disease_13828	1.026554212193313e-08
Disease	disease_24335	1.0262612957461092e-08
Disease	disease_11297	1.0262546611228213e-08
Disease	disease_18148	1.026214522888337e-08
Disease	disease_18147	1.026214522888337e-08
Disease	disease_18146	1.026214522888337e-08
Disease	disease_18278	1.026112359060401e-08
Disease	disease_3608	1.025886147654857e-08
Disease	disease_20645	1.0257493479889574e-08
Disease	disease_3860	1.0253031317929668e-08
Disease	disease_56802	1.0248385149333949e-08
Disease	disease_12052	1.0241812199995927e-08
Disease	disease_9461	1.0239409298687173e-08
Disease	disease_8262	1.0238682437394994e-08
Disease	disease_1560	1.0237880309727416e-08
Disease	disease_13530	1.0235420668063727e-08
Disease	disease_3145	1.0234303556922847e-08
Disease	disease_19428	1.0229382853479337e-08
Disease	disease_4917	1.0220695550620155e-08
Disease	disease_1337	1.0218564001293795e-08
Disease	disease_10277	1.0217727939495309e-08
Disease	disease_10866	1.0216392903124698e-08
Disease	disease_14392	1.021564008436446e-08
Disease	disease_32851	1.021545139525612e-08
Disease	disease_33371	1.0205668697828936e-08
Disease	disease_15860	1.0202667552067304e-08
Disease	disease_3090	1.0200100273307352e-08
Disease	disease_18851	1.0195150067289632e-08
Disease	disease_7884	1.0195068323585923e-08
Disease	disease_18103	1.0194391392970142e-08
Disease	disease_17216	1.0192998823988878e-08
Disease	disease_18665	1.0188735998664924e-08
Disease	disease_14949	1.0188727583988082e-08
Disease	disease_100091	1.018595658765617e-08
Disease	disease_30918	1.0183117828698646e-08
Disease	disease_9771	1.017915182297931e-08
Disease	disease_14685	1.0179087699823138e-08
Disease	disease_7519	1.0178710062060148e-08
Disease	disease_8422	1.0177760553541298e-08
Disease	disease_385	1.0170538695872318e-08
Disease	disease_8716	1.0170194727742051e-08
Disease	disease_6411	1.0167272184369867e-08
Disease	disease_11093	1.0164170722540747e-08
Disease	disease_4216	1.0163602837230025e-08
Disease	disease_14194	1.0161713128547004e-08
Disease	disease_19429	1.0160430532544063e-08
Disease	disease_9857	1.0157239734215881e-08
Disease	disease_11134	1.0156632506314938e-08
Disease	disease_9539	1.0155424871632038e-08
Disease	disease_8023	1.0155244859461567e-08
Disease	disease_14607	1.015394302277797e-08
Disease	disease_15727	1.0153526742082388e-08
Disease	disease_1557	1.0153203606998999e-08
Disease	disease_100212	1.0145023343436865e-08
Disease	disease_561	1.0143279602225218e-08
Disease	disease_17141	1.0142948887386707e-08
Disease	disease_8421	1.0141874223337087e-08
Disease	disease_11716	1.0141114763197323e-08
Disease	disease_10170	1.0139313412791592e-08
Disease	disease_30872	1.013355557073148e-08
Disease	disease_8152	1.0130596638846419e-08
Disease	disease_7855	1.0127949914335338e-08
Disease	disease_32930	1.012438209817776e-08
Disease	disease_13680	1.0124143564624863e-08
Disease	disease_9020	1.0111993247281354e-08
Disease	disease_15025	1.0110244710044495e-08
Disease	disease_21193	1.0109767744028152e-08
Disease	disease_17723	1.0108547198498126e-08
Disease	disease_17722	1.0108547198498126e-08
Disease	disease_17721	1.0108547198498126e-08
Disease	disease_6199	1.0106346474283571e-08
Disease	disease_33043	1.0105943043675037e-08
Disease	disease_12613	1.0096415936048746e-08
Disease	disease_16379	1.0092588348804972e-08
Disease	disease_15994	1.009106466004818e-08
Disease	disease_19493	1.0089780451218836e-08
Disease	disease_19494	1.0089780451218836e-08
Disease	disease_8835	1.008835142009094e-08
Disease	disease_16513	1.0087691636642427e-08
Disease	disease_13946	1.0087366594620976e-08
Disease	disease_1260	1.0085863454997715e-08
Disease	disease_13997	1.0083897211699247e-08
Disease	disease_14674	1.0083751949191877e-08
Disease	disease_14837	1.0082477503576071e-08
Disease	disease_16909	1.0080617084723367e-08
Disease	disease_32648	1.007592004010172e-08
Disease	disease_17725	1.0062979314324166e-08
Disease	disease_17728	1.0062979314324166e-08
Disease	disease_17726	1.0062979314324166e-08
Disease	disease_17724	1.0062979314324166e-08
Disease	disease_100152	1.0062439806241561e-08
Disease	disease_13014	1.0060664818061206e-08
Disease	disease_14364	1.0051374112470663e-08
Disease	disease_21497	1.0048770863310938e-08
Disease	disease_6506	1.0041248620067476e-08
Disease	disease_34103	1.0040052078059249e-08
Disease	disease_13268	1.0033236878858177e-08
Disease	disease_14751	1.003179012552055e-08
Disease	disease_18079	1.0031049523580355e-08
Disease	disease_21777	1.0030262065997201e-08
Disease	disease_14723	1.0030153554889395e-08
Disease	disease_20477	1.0027832938794207e-08
Disease	disease_5094	1.0022244838845327e-08
Disease	disease_33641	1.0020904598362704e-08
Disease	disease_11107	1.0020013934587804e-08
Disease	disease_5743	1.0017945021678142e-08
Disease	disease_12987	1.0017265848711737e-08
Disease	disease_15643	1.0014715358505569e-08
Disease	disease_13800	1.0011608919315862e-08
Disease	disease_20325	1.0011468806063704e-08
Disease	disease_13900	1.0001404089874622e-08
Disease	disease_30937	1.000138892106884e-08
Disease	disease_14760	9.991101664090292e-09
Disease	disease_26771	9.989511053639617e-09
Disease	disease_8546	9.987171048239867e-09
Disease	disease_18320	9.984174229750321e-09
Disease	disease_1324	9.983500243886066e-09
Disease	disease_10266	9.978488146084057e-09
Disease	disease_8448	9.976053467389179e-09
Disease	disease_18390	9.974229576451587e-09
Disease	disease_20050	9.963997090860413e-09
Disease	disease_19718	9.960206097773287e-09
Disease	disease_327	9.956932312126269e-09
Disease	disease_37251	9.955837419286988e-09
Disease	disease_8154	9.954344889639105e-09
Disease	disease_6700	9.953548955966927e-09
Disease	disease_12798	9.950557496540926e-09
Disease	disease_18662	9.948874984682592e-09
Disease	disease_8389	9.946442101209277e-09
Disease	disease_20854	9.940865198566582e-09
Disease	disease_1903	9.940706939865728e-09
Disease	disease_37255	9.937267689839937e-09
Disease	disease_2994	9.931493182855894e-09
Disease	disease_21510	9.924801827963689e-09
Disease	disease_9137	9.924630559096782e-09
Disease	disease_10792	9.922722396349298e-09
Disease	disease_20297	9.922563618723796e-09
Disease	disease_13779	9.914926478054157e-09
Disease	disease_8747	9.91471938223322e-09
Disease	disease_8461	9.911875706306906e-09
Disease	disease_3748	9.907019521517726e-09
Disease	disease_3727	9.907019521517726e-09
Disease	disease_1647	9.898350646026288e-09
Disease	disease_17321	9.89736165697085e-09
Disease	disease_5596	9.893168712912991e-09
Disease	disease_12938	9.891850187971013e-09
Disease	disease_19693	9.888089513347832e-09
Disease	disease_6035	9.887899097338933e-09
Disease	disease_10514	9.887041061139617e-09
Disease	disease_13722	9.881734170347268e-09
Disease	disease_14296	9.881484061193248e-09
Disease	disease_14146	9.880680228627012e-09
Disease	disease_17436	9.879553173465889e-09
Disease	disease_10297	9.879194296357458e-09
Disease	disease_13739	9.875929813463274e-09
Disease	disease_2987	9.86710259278082e-09
Disease	disease_6601	9.86710259278082e-09
Disease	disease_6586	9.86710259278082e-09
Disease	disease_21340	9.86710259278082e-09
Disease	disease_6555	9.86710259278082e-09
Disease	disease_32684	9.86183040224062e-09
Disease	disease_54817	9.859560619812394e-09
Disease	disease_7693	9.858100799601862e-09
Disease	disease_10070	9.857052130136241e-09
Disease	disease_21005	9.856999295187306e-09
Disease	disease_12718	9.856811489447514e-09
Disease	disease_14547	9.848808606863713e-09
Disease	disease_21400	9.843967388467001e-09
Disease	disease_3049	9.841235335323015e-09
Disease	disease_16578	9.841198412259881e-09
Disease	disease_16719	9.835355560780428e-09
Disease	disease_10233	9.834236749379845e-09
Disease	disease_18889	9.831262048974475e-09
Disease	disease_890	9.830234784853623e-09
Disease	disease_12960	9.828556561150926e-09
Disease	disease_14066	9.825486646436675e-09
Disease	disease_15932	9.824437049645438e-09
Disease	disease_9824	9.821241207541606e-09
Disease	disease_14261	9.81680476253876e-09
Disease	disease_17969	9.79797065164515e-09
Disease	disease_11150	9.797087773032258e-09
Disease	disease_11010	9.776505599392825e-09
Disease	disease_32658	9.767744884758368e-09
Disease	disease_4584	9.762383036762057e-09
Disease	disease_16231	9.762211744676797e-09
Disease	disease_14318	9.761856392704165e-09
Disease	disease_7718	9.759831525250251e-09
Disease	disease_37872	9.755599039756285e-09
Disease	disease_5821	9.755225670305901e-09
Disease	disease_15361	9.754190194315617e-09
Disease	disease_16906	9.751286312290284e-09
Disease	disease_19571	9.750424234293136e-09
Disease	disease_16900	9.749428655254263e-09
Disease	disease_10763	9.747074994926685e-09
Disease	disease_10661	9.745728129806985e-09
Disease	disease_33482	9.745337630784017e-09
Disease	disease_19809	9.742275888091038e-09
Disease	disease_5321	9.740963856130679e-09
Disease	disease_7022	9.740055366823578e-09
Disease	disease_20111	9.735717108904533e-09
Disease	disease_7776	9.73340826766592e-09
Disease	disease_11223	9.73142419520009e-09
Disease	disease_2883	9.730257898553286e-09
Disease	disease_24990	9.729831728009108e-09
Disease	disease_33005	9.726137469236759e-09
Disease	disease_7363	9.72538983331345e-09
Disease	disease_13951	9.72490426841681e-09
Disease	disease_11754	9.722534391735158e-09
Disease	disease_20665	9.703780083173368e-09
Disease	disease_10241	9.699343805855089e-09
Disease	disease_100112	9.699157959919864e-09
Disease	disease_13589	9.698223196511785e-09
Disease	disease_10459	9.695397722359201e-09
Disease	disease_10033	9.692321997729689e-09
Disease	disease_9197	9.686409473144089e-09
Disease	disease_100057	9.686302501061955e-09
Disease	disease_18766	9.680942133602554e-09
Disease	disease_6868	9.680942133602554e-09
Disease	disease_1284	9.680942133602554e-09
Disease	disease_34846	9.680942133602554e-09
Disease	disease_17418	9.680942133602554e-09
Disease	disease_1671	9.680942133602554e-09
Disease	disease_16208	9.680942133602554e-09
Disease	disease_4880	9.680942133602554e-09
Disease	disease_6912	9.680942133602554e-09
Disease	disease_11801	9.680477034905013e-09
Disease	disease_17829	9.674787513309697e-09
Disease	disease_8786	9.673439503912441e-09
Disease	disease_14280	9.671176786694957e-09
Disease	disease_13186	9.669877774617512e-09
Disease	disease_8759	9.666252709689317e-09
Disease	disease_10404	9.664740017192882e-09
Disease	disease_4675	9.663728437928866e-09
Disease	disease_21057	9.660884119795975e-09
Disease	disease_3936	9.660175924106755e-09
Disease	disease_14386	9.657161679288466e-09
Disease	disease_14984	9.652629553858328e-09
Disease	disease_100288	9.652254680554265e-09
Disease	disease_14236	9.648838137818647e-09
Disease	disease_10402	9.64515551821907e-09
Disease	disease_19912	9.641809857554238e-09
Disease	disease_20971	9.637169086925846e-09
Disease	disease_14712	9.637076691437923e-09
Disease	disease_7443	9.636126031132152e-09
Disease	disease_2720	9.631243258032173e-09
Disease	disease_9781	9.629337998394925e-09
Disease	disease_10916	9.627917318076997e-09
Disease	disease_12779	9.623333876627185e-09
Disease	disease_12776	9.623333876627185e-09
Disease	disease_12781	9.623333876627185e-09
Disease	disease_12778	9.623333876627185e-09
Disease	disease_12782	9.623333876627185e-09
Disease	disease_12702	9.623333876627185e-09
Disease	disease_11793	9.623333876627185e-09
Disease	disease_12780	9.623333876627185e-09
Disease	disease_12777	9.623333876627185e-09
Disease	disease_12340	9.623333876627185e-09
Disease	disease_6849	9.621034264270175e-09
Disease	disease_9667	9.620345666934842e-09
Disease	disease_100325	9.620141593582632e-09
Disease	disease_12803	9.613888141225413e-09
Disease	disease_5826	9.610607277363999e-09
Disease	disease_20195	9.600460715238832e-09
Disease	disease_20537	9.599638860062975e-09
Disease	disease_9097	9.586333829494375e-09
Disease	disease_1170	9.585897378665633e-09
Disease	disease_7725	9.585551120623995e-09
Disease	disease_13776	9.58428630571685e-09
Disease	disease_18141	9.580617246941362e-09
Disease	disease_18142	9.580617246941362e-09
Disease	disease_18143	9.580617246941362e-09
Disease	disease_9224	9.578145377855563e-09
Disease	disease_12843	9.573158135842356e-09
Disease	disease_11977	9.567240840452756e-09
Disease	disease_30047	9.564840742463251e-09
Disease	disease_3021	9.56376493481044e-09
Disease	disease_19420	9.561921892110474e-09
Disease	disease_16789	9.560423533445477e-09
Disease	disease_15346	9.559814644306503e-09
Disease	disease_4217	9.558850675571148e-09
Disease	disease_6378	9.558427072988911e-09
Disease	disease_10474	9.557327726467481e-09
Disease	disease_12046	9.556127202119212e-09
Disease	disease_5785	9.553638649153659e-09
Disease	disease_20741	9.552879486828763e-09
Disease	disease_13712	9.550447910547579e-09
Disease	disease_13558	9.549311683666179e-09
Disease	disease_10072	9.543593123692963e-09
Disease	disease_44343	9.538931139531027e-09
Disease	disease_13427	9.536553746177941e-09
Disease	disease_2250	9.532330567291375e-09
Disease	disease_30914	9.53176357341074e-09
Disease	disease_15552	9.527766125783649e-09
Disease	disease_11323	9.520280090688094e-09
Disease	disease_2843	9.516198961183916e-09
Disease	disease_1906	9.514424708731571e-09
Disease	disease_14801	9.513469072728842e-09
Disease	disease_3276	9.510341977397581e-09
Disease	disease_14790	9.509338491351755e-09
Disease	disease_927	9.508351223310023e-09
Disease	disease_42963	9.507823865664224e-09
Disease	disease_1366	9.507823865664224e-09
Disease	disease_8460	9.50511263496959e-09
Disease	disease_13793	9.504283760042905e-09
Disease	disease_18597	9.50374210156717e-09
Disease	disease_16479	9.502261044282165e-09
Disease	disease_10128	9.502005924611078e-09
Disease	disease_30909	9.498730805633677e-09
Disease	disease_17400	9.498204666919407e-09
Disease	disease_33638	9.493419062432106e-09
Disease	disease_15672	9.487911583247886e-09
Disease	disease_10957	9.483060753455102e-09
Disease	disease_6235	9.476320334564327e-09
Disease	disease_14503	9.475850355389763e-09
Disease	disease_20273	9.473516102338253e-09
Disease	disease_32630	9.47083771093114e-09
Disease	disease_60712	9.470759407646683e-09
Disease	disease_7267	9.46639223737243e-09
Disease	disease_9271	9.465246862999126e-09
Disease	disease_11858	9.464089327255939e-09
Disease	disease_20552	9.46210617009385e-09
Disease	disease_9587	9.461142902445413e-09
Disease	disease_21541	9.456581864299994e-09
Disease	disease_3231	9.454824909921733e-09
Disease	disease_9725	9.453712542513005e-09
Disease	disease_21627	9.451627259251595e-09
Disease	disease_19427	9.449716699329078e-09
Disease	disease_15927	9.4483205633757e-09
Disease	disease_6090	9.439530962706663e-09
Disease	disease_33655	9.43942483051719e-09
Disease	disease_19574	9.438604007209498e-09
Disease	disease_4148	9.438123728471277e-09
Disease	disease_1046	9.431258433420993e-09
Disease	disease_2014	9.428014810186754e-09
Disease	disease_18702	9.42381317333311e-09
Disease	disease_6621	9.422715240744582e-09
Disease	disease_7848	9.421760755324344e-09
Disease	disease_11882	9.42167708434743e-09
Disease	disease_43156	9.421003329425225e-09
Disease	disease_32637	9.419439138666722e-09
Disease	disease_33637	9.415822560176286e-09
Disease	disease_15432	9.41343654460746e-09
Disease	disease_2363	9.412263657398423e-09
Disease	disease_24651	9.410437136394609e-09
Disease	disease_32565	9.410033116868097e-09
Disease	disease_19347	9.408251489805075e-09
Disease	disease_44746	9.407659522661256e-09
Disease	disease_7487	9.40652573430666e-09
Disease	disease_32681	9.404609494781864e-09
Disease	disease_15267	9.403308859724946e-09
Disease	disease_21323	9.403059267133698e-09
Disease	disease_8367	9.40248836314205e-09
Disease	disease_33548	9.399609066974395e-09
Disease	disease_16223	9.39799317173139e-09
Disease	disease_2227	9.396358125225783e-09
Disease	disease_45024	9.391659596105025e-09
Disease	disease_6065	9.391559663824815e-09
Disease	disease_20096	9.391408870151635e-09
Disease	disease_9532	9.39133178614118e-09
Disease	disease_19699	9.391305477484029e-09
Disease	disease_13178	9.386605334042815e-09
Disease	disease_7266	9.385602409536738e-09
Disease	disease_9533	9.383442901937117e-09
Disease	disease_10275	9.381349149792776e-09
Disease	disease_19422	9.377894526087178e-09
Disease	disease_20728	9.37743662658713e-09
Disease	disease_6607	9.376049749212045e-09
Disease	disease_2685	9.375601928512505e-09
Disease	disease_16844	9.372834728366916e-09
Disease	disease_13937	9.366449576664183e-09
Disease	disease_19323	9.365101539131212e-09
Disease	disease_24552	9.359332623489198e-09
Disease	disease_7902	9.357699608671685e-09
Disease	disease_10270	9.356348442742406e-09
Disease	disease_19159	9.349676941445678e-09
Disease	disease_6380	9.348551079949336e-09
Disease	disease_19639	9.3482338577715e-09
Disease	disease_30015	9.347004723736076e-09
Disease	disease_19009	9.344971673412658e-09
Disease	disease_18264	9.342092488581546e-09
Disease	disease_6446	9.336913360599652e-09
Disease	disease_8321	9.335664202071221e-09
Disease	disease_18201	9.33385487970135e-09
Disease	disease_13838	9.330908121900943e-09
Disease	disease_14020	9.327315662520355e-09
Disease	disease_18351	9.325093827535242e-09
Disease	disease_1678	9.324436232289478e-09
Disease	disease_25484	9.323788678935905e-09
Disease	disease_12570	9.32177523920515e-09
Disease	disease_9785	9.320120023779972e-09
Disease	disease_14898	9.315196062963042e-09
Disease	disease_9740	9.312447577284462e-09
Disease	disease_4756	9.311990428017131e-09
Disease	disease_3394	9.307394995226698e-09
Disease	disease_17350	9.304109428774581e-09
Disease	disease_42971	9.302689715071214e-09
Disease	disease_26733	9.300463465664892e-09
Disease	disease_14320	9.299631527501572e-09
Disease	disease_10737	9.296343175941839e-09
Disease	disease_18452	9.294680970403735e-09
Disease	disease_21310	9.294308057004395e-09
Disease	disease_13197	9.29370688098279e-09
Disease	disease_13220	9.288125522820276e-09
Disease	disease_6429	9.28485790862472e-09
Disease	disease_10762	9.28485790862472e-09
Disease	disease_10273	9.28485790862472e-09
Disease	disease_10452	9.28437775143953e-09
Disease	disease_19869	9.283395308906164e-09
Disease	disease_15718	9.283395308906164e-09
Disease	disease_15730	9.283395308906164e-09
Disease	disease_15060	9.283395308906164e-09
Disease	disease_15771	9.283395308906164e-09
Disease	disease_19868	9.283395308906164e-09
Disease	disease_15763	9.283395308906164e-09
Disease	disease_19866	9.283395308906164e-09
Disease	disease_19865	9.283395308906164e-09
Disease	disease_44308	9.278348511617461e-09
Disease	disease_7569	9.276449319053084e-09
Disease	disease_13496	9.275956714784478e-09
Disease	disease_18946	9.273846284466418e-09
Disease	disease_30007	9.271830362588542e-09
Disease	disease_13412	9.271398203166329e-09
Disease	disease_18515	9.265901407931289e-09
Disease	disease_10539	9.260859568466452e-09
Disease	disease_4616	9.255009169523073e-09
Disease	disease_44321	9.254103294898522e-09
Disease	disease_13132	9.253644750729436e-09
Disease	disease_12347	9.253328973836324e-09
Disease	disease_11727	9.249901286358553e-09
Disease	disease_2635	9.24980678522337e-09
Disease	disease_20743	9.248736925759193e-09
Disease	disease_213	9.247119037275887e-09
Disease	disease_30060	9.24640786871529e-09
Disease	disease_16749	9.239202128242536e-09
Disease	disease_9843	9.234175168701638e-09
Disease	disease_16644	9.232285309783187e-09
Disease	disease_20476	9.229259138369341e-09
Disease	disease_19805	9.225244021415206e-09
Disease	disease_16292	9.22506531267948e-09
Disease	disease_20233	9.224188584091842e-09
Disease	disease_19248	9.223001101632313e-09
Disease	disease_17649	9.221322136736905e-09
Disease	disease_14531	9.220233337402453e-09
Disease	disease_4411	9.218852685543908e-09
Disease	disease_10689	9.218055228885868e-09
Disease	disease_19435	9.217908971992914e-09
Disease	disease_21098	9.213921187115455e-09
Disease	disease_13801	9.213211253291704e-09
Disease	disease_30008	9.210418866277852e-09
Disease	disease_17015	9.207661834809478e-09
Disease	disease_3059	9.207325190240168e-09
Disease	disease_13313	9.202386469219356e-09
Disease	disease_1236	9.199399485388278e-09
Disease	disease_18185	9.198574508800421e-09
Disease	disease_18162	9.195981271247793e-09
Disease	disease_44342	9.19486900220974e-09
Disease	disease_13131	9.194374955917786e-09
Disease	disease_3438	9.187746191376524e-09
Disease	disease_7429	9.183812933978498e-09
Disease	disease_19880	9.18211535851212e-09
Disease	disease_9722	9.181803491130502e-09
Disease	disease_24553	9.181237459389077e-09
Disease	disease_20807	9.171989404703586e-09
Disease	disease_13552	9.171382562068458e-09
Disease	disease_14220	9.16989514690463e-09
Disease	disease_17687	9.166881734781083e-09
Disease	disease_3273	9.165342266786245e-09
Disease	disease_19661	9.165164471077796e-09
Disease	disease_14720	9.16319838065554e-09
Disease	disease_7780	9.159888485422126e-09
Disease	disease_20162	9.15732811658316e-09
Disease	disease_6877	9.15458467065711e-09
Disease	disease_2380	9.151981179748713e-09
Disease	disease_3067	9.150710071566718e-09
Disease	disease_14956	9.146335304652172e-09
Disease	disease_6767	9.145474797107627e-09
Disease	disease_9737	9.140503897263096e-09
Disease	disease_2453	9.135769147609691e-09
Disease	disease_11534	9.13360658196208e-09
Disease	disease_10563	9.132313439286392e-09
Disease	disease_2833	9.130792607806417e-09
Disease	disease_13476	9.130387047771221e-09
Disease	disease_5117	9.124165316306254e-09
Disease	disease_33365	9.12035261847881e-09
Disease	disease_14996	9.117370243505436e-09
Disease	disease_17782	9.111314222518863e-09
Disease	disease_8782	9.108972932053097e-09
Disease	disease_10977	9.10537748716682e-09
Disease	disease_34022	9.101380114166092e-09
Disease	disease_17922	9.099369040009791e-09
Disease	disease_9134	9.089092678964659e-09
Disease	disease_16126	9.087795297715237e-09
Disease	disease_13142	9.084099854720348e-09
Disease	disease_11197	9.083628561618827e-09
Disease	disease_551	9.075026966359844e-09
Disease	disease_7059	9.071169919470333e-09
Disease	disease_6462	9.06593437722715e-09
Disease	disease_3235	9.062448342708253e-09
Disease	disease_7355	9.061467471245989e-09
Disease	disease_15929	9.059290762490452e-09
Disease	disease_13737	9.05878359826318e-09
Disease	disease_18805	9.054956207596643e-09
Disease	disease_35136	9.05447338912446e-09
Disease	disease_14127	9.052851947173259e-09
Disease	disease_11176	9.051984688042835e-09
Disease	disease_14767	9.051381100797303e-09
Disease	disease_7107	9.050311489603642e-09
Disease	disease_4236	9.049022542299098e-09
Disease	disease_13938	9.047003113617834e-09
Disease	disease_14596	9.04155150913682e-09
Disease	disease_13986	9.040086995481721e-09
Disease	disease_8079	9.037615469347313e-09
Disease	disease_889	9.035550411587114e-09
Disease	disease_11603	9.029707050819642e-09
Disease	disease_17965	9.02851546274764e-09
Disease	disease_6247	9.022575374062598e-09
Disease	disease_7231	9.022012622382528e-09
Disease	disease_15871	9.016770417539007e-09
Disease	disease_16000	9.0146346946041e-09
Disease	disease_7757	9.013635007917166e-09
Disease	disease_6459	9.011111256917106e-09
Disease	disease_6458	9.011111256917106e-09
Disease	disease_3915	9.011111256917106e-09
Disease	disease_15157	9.008043950431133e-09
Disease	disease_18218	9.001735368364625e-09
Disease	disease_1998	9.000504861026884e-09
Disease	disease_24666	8.995561283277211e-09
Disease	disease_5145	8.99138620609567e-09
Disease	disease_17049	8.984584821707624e-09
Disease	disease_32890	8.981418941777242e-09
Disease	disease_43969	8.980959839624582e-09
Disease	disease_1684	8.97438570920934e-09
Disease	disease_12650	8.974103569624866e-09
Disease	disease_13811	8.97275088016415e-09
Disease	disease_11899	8.972359989730619e-09
Disease	disease_7828	8.969329618241826e-09
Disease	disease_8161	8.964565336035318e-09
Disease	disease_13920	8.964307217848353e-09
Disease	disease_9138	8.960322152333475e-09
Disease	disease_15739	8.960031635718897e-09
Disease	disease_10192	8.959395727332946e-09
Disease	disease_10323	8.955653302099267e-09
Disease	disease_14113	8.953201238460625e-09
Disease	disease_7511	8.947829987898666e-09
Disease	disease_18273	8.94599971856846e-09
Disease	disease_8986	8.94365647390562e-09
Disease	disease_8878	8.943387887691404e-09
Disease	disease_12183	8.942765591976116e-09
Disease	disease_7670	8.938990406504273e-09
Disease	disease_17217	8.93340221614861e-09
Disease	disease_9219	8.932635096917616e-09
Disease	disease_15711	8.928028295101142e-09
Disease	disease_32752	8.92279136106107e-09
Disease	disease_2000	8.919067852461436e-09
Disease	disease_13885	8.91772496064737e-09
Disease	disease_14423	8.916803697247636e-09
Disease	disease_15636	8.915483193112305e-09
Disease	disease_5731	8.915483193112305e-09
Disease	disease_5957	8.915483193112305e-09
Disease	disease_7276	8.914610424152303e-09
Disease	disease_5325	8.9123452868506e-09
Disease	disease_100075	8.9123452868506e-09
Disease	disease_19223	8.905973397763861e-09
Disease	disease_18822	8.905202848234765e-09
Disease	disease_7887	8.901425470161426e-09
Disease	disease_11979	8.898352035132435e-09
Disease	disease_1746	8.897768890669354e-09
Disease	disease_13408	8.897074139196768e-09
Disease	disease_7472	8.895439719558152e-09
Disease	disease_24876	8.892435494066737e-09
Disease	disease_44652	8.890707011010751e-09
Disease	disease_8412	8.887996719124454e-09
Disease	disease_10111	8.887829487480296e-09
Disease	disease_7296	8.887813400374597e-09
Disease	disease_8322	8.885125035154051e-09
Disease	disease_7812	8.883215302857095e-09
Disease	disease_16492	8.88109114072415e-09
Disease	disease_8474	8.879977619767881e-09
Disease	disease_32798	8.870790589598425e-09
Disease	disease_5966	8.869235355203801e-09
Disease	disease_15149	8.868243686020648e-09
Disease	disease_3859	8.854343499341324e-09
Disease	disease_8349	8.853595680156114e-09
Disease	disease_32765	8.849869207986021e-09
Disease	disease_15589	8.849541902811765e-09
Disease	disease_18947	8.848703944792151e-09
Disease	disease_12937	8.846963557087823e-09
Disease	disease_10956	8.844477121551917e-09
Disease	disease_23119	8.842380012722366e-09
Disease	disease_43352	8.839236838956086e-09
Disease	disease_9491	8.83761686911719e-09
Disease	disease_14099	8.835341371966994e-09
Disease	disease_54782	8.833647315789346e-09
Disease	disease_9801	8.833229333063885e-09
Disease	disease_17956	8.831161276367908e-09
Disease	disease_5242	8.829480562437469e-09
Disease	disease_14856	8.828083489866448e-09
Disease	disease_10810	8.827330195495688e-09
Disease	disease_24563	8.823567835804774e-09
Disease	disease_12491	8.822323918841563e-09
Disease	disease_7999	8.822071159699124e-09
Disease	disease_24506	8.821702182706432e-09
Disease	disease_11371	8.821662371327094e-09
Disease	disease_8800	8.814442758696e-09
Disease	disease_14158	8.814209549570932e-09
Disease	disease_19133	8.812940251839394e-09
Disease	disease_6350	8.808477394455701e-09
Disease	disease_12513	8.803493440817209e-09
Disease	disease_14896	8.80205431364717e-09
Disease	disease_30006	8.79810868257294e-09
Disease	disease_10109	8.792171318913548e-09
Disease	disease_14707	8.789368680834929e-09
Disease	disease_6729	8.788740407987441e-09
Disease	disease_2542	8.78596974771214e-09
Disease	disease_15099	8.782927324055891e-09
Disease	disease_44210	8.776721231662757e-09
Disease	disease_17187	8.776399016550013e-09
Disease	disease_19333	8.776399016550013e-09
Disease	disease_19452	8.776086674570617e-09
Disease	disease_19467	8.770957015362538e-09
Disease	disease_3011	8.76977168463582e-09
Disease	disease_9999	8.758896059927537e-09
Disease	disease_14295	8.757525311707506e-09
Disease	disease_19176	8.75737721446308e-09
Disease	disease_15293	8.75669973002174e-09
Disease	disease_8837	8.746252902585493e-09
Disease	disease_10330	8.744827818490673e-09
Disease	disease_14758	8.741062390301738e-09
Disease	disease_17737	8.73407062990361e-09
Disease	disease_18682	8.733235949249886e-09
Disease	disease_17341	8.73300272150594e-09
Disease	disease_2732	8.732298936392634e-09
Disease	disease_7190	8.732193634004775e-09
Disease	disease_17132	8.731073042819156e-09
Disease	disease_11654	8.73055434938198e-09
Disease	disease_15497	8.72607382170824e-09
Disease	disease_100185	8.725269837487326e-09
Disease	disease_17309	8.720750569885056e-09
Disease	disease_4786	8.719072483452712e-09
Disease	disease_1931	8.719072483452712e-09
Disease	disease_4669	8.717554827242068e-09
Disease	disease_9927	8.710541983742824e-09
Disease	disease_16828	8.70900267989007e-09
Disease	disease_16747	8.703781491387673e-09
Disease	disease_2266	8.702040873548465e-09
Disease	disease_44301	8.699742484363023e-09
Disease	disease_19538	8.697265839903041e-09
Disease	disease_2415	8.696071645545284e-09
Disease	disease_14060	8.690546592233195e-09
Disease	disease_12814	8.68947196509023e-09
Disease	disease_19187	8.688452812866326e-09
Disease	disease_12967	8.68444130744876e-09
Disease	disease_24954	8.683234339424996e-09
Disease	disease_8057	8.681691987671294e-09
Disease	disease_32738	8.672726015498157e-09
Disease	disease_36511	8.66993755316778e-09
Disease	disease_21230	8.668820305905941e-09
Disease	disease_7112	8.668451453720236e-09
Disease	disease_20061	8.665121893366214e-09
Disease	disease_18711	8.661271501433386e-09
Disease	disease_7259	8.660212003220976e-09
Disease	disease_2271	8.658489890033459e-09
Disease	disease_7874	8.65740010484668e-09
Disease	disease_11545	8.65344378556218e-09
Disease	disease_8089	8.653434578140574e-09
Disease	disease_12664	8.649806330979546e-09
Disease	disease_16846	8.641743367080294e-09
Disease	disease_13056	8.639649868572466e-09
Disease	disease_7379	8.638240416827428e-09
Disease	disease_15998	8.63614232906463e-09
Disease	disease_16895	8.634992729957134e-09
Disease	disease_19325	8.634438843283748e-09
Disease	disease_10120	8.634335399759209e-09
Disease	disease_1666	8.629237330941235e-09
Disease	disease_21082	8.628878095064582e-09
Disease	disease_13921	8.625903230322613e-09
Disease	disease_60640	8.624756287622832e-09
Disease	disease_32883	8.62211531686844e-09
Disease	disease_12476	8.621361435892933e-09
Disease	disease_16112	8.620936410979864e-09
Disease	disease_6257	8.61914905249873e-09
Disease	disease_4947	8.616296028442745e-09
Disease	disease_14225	8.615837502940791e-09
Disease	disease_5805	8.611507659968434e-09
Disease	disease_18596	8.60931740973657e-09
Disease	disease_18595	8.60931740973657e-09
Disease	disease_18592	8.60931740973657e-09
Disease	disease_24410	8.606878499315195e-09
Disease	disease_10358	8.605115247566292e-09
Disease	disease_24309	8.603933919556547e-09
Disease	disease_4015	8.60317150725662e-09
Disease	disease_11637	8.60277653129246e-09
Disease	disease_14530	8.598817620474953e-09
Disease	disease_9800	8.598634902385972e-09
Disease	disease_7453	8.596808812476656e-09
Disease	disease_19843	8.594476188704842e-09
Disease	disease_8087	8.59409991214088e-09
Disease	disease_7860	8.594007545682154e-09
Disease	disease_11798	8.589412563654669e-09
Disease	disease_14333	8.588185945443597e-09
Disease	disease_10180	8.58700739548282e-09
Disease	disease_9541	8.58681683701106e-09
Disease	disease_21663	8.586718534021216e-09
Disease	disease_11667	8.585383644439036e-09
Disease	disease_9548	8.58310829310001e-09
Disease	disease_33009	8.582951606510897e-09
Disease	disease_727	8.581031054369151e-09
Disease	disease_4532	8.580171364059603e-09
Disease	disease_30063	8.57409216440549e-09
Disease	disease_4459	8.57140438704791e-09
Disease	disease_11668	8.570970412999487e-09
Disease	disease_9384	8.566267309001397e-09
Disease	disease_11510	8.564885978343393e-09
Disease	disease_15158	8.562783326647778e-09
Disease	disease_18594	8.561975296904337e-09
Disease	disease_3263	8.55927406786043e-09
Disease	disease_9670	8.556922791744784e-09
Disease	disease_7031	8.555780488518336e-09
Disease	disease_8694	8.555301656102099e-09
Disease	disease_10378	8.553426782815668e-09
Disease	disease_19752	8.550293426904668e-09
Disease	disease_18845	8.545660966998602e-09
Disease	disease_2656	8.544092180428872e-09
Disease	disease_8592	8.541804992353262e-09
Disease	disease_18253	8.539999376951015e-09
Disease	disease_3632	8.539842916363525e-09
Disease	disease_13354	8.539628996071145e-09
Disease	disease_7619	8.538050506130606e-09
Disease	disease_15566	8.536327428796433e-09
Disease	disease_10220	8.536116465410156e-09
Disease	disease_26763	8.535366374387822e-09
Disease	disease_19324	8.533354125937128e-09
Disease	disease_11435	8.531949807038116e-09
Disease	disease_18129	8.530123777397646e-09
Disease	disease_4116	8.528999933598377e-09
Disease	disease_9313	8.5259541766782e-09
Disease	disease_2328	8.525750267426772e-09
Disease	disease_1898	8.517755296262568e-09
Disease	disease_14341	8.516619551344497e-09
Disease	disease_54764	8.513558430021e-09
Disease	disease_18581	8.513167962392844e-09
Disease	disease_18629	8.513167962392844e-09
Disease	disease_18625	8.513167962392844e-09
Disease	disease_7966	8.509832819410747e-09
Disease	disease_16805	8.503035115051151e-09
Disease	disease_54765	8.498270883791333e-09
Disease	disease_16187	8.496559778685677e-09
Disease	disease_1095	8.49465032373657e-09
Disease	disease_12194	8.494190472911327e-09
Disease	disease_13392	8.493849137313656e-09
Disease	disease_19326	8.488285679876687e-09
Disease	disease_5856	8.481486885737735e-09
Disease	disease_6049	8.47647667276677e-09
Disease	disease_14070	8.471309251958379e-09
Disease	disease_44923	8.466047034993386e-09
Disease	disease_14915	8.465691102838007e-09
Disease	disease_8166	8.460990560513138e-09
Disease	disease_3690	8.45853906706384e-09
Disease	disease_12824	8.458514365370511e-09
Disease	disease_9872	8.456254819452062e-09
Disease	disease_65	8.453600405293652e-09
Disease	disease_4132	8.451210849802344e-09
Disease	disease_7889	8.447805274460818e-09
Disease	disease_33968	8.446731373412481e-09
Disease	disease_15445	8.427898045925819e-09
Disease	disease_10871	8.423892917913793e-09
Disease	disease_10193	8.421470718420996e-09
Disease	disease_16952	8.419607428433153e-09
Disease	disease_11503	8.417406265625294e-09
Disease	disease_21207	8.417274916190416e-09
Disease	disease_30038	8.417090650234789e-09
Disease	disease_8871	8.398800982058483e-09
Disease	disease_23692	8.398764200326345e-09
Disease	disease_14030	8.397669088658079e-09
Disease	disease_18569	8.389017171639661e-09
Disease	disease_37105	8.387830432592161e-09
Disease	disease_23693	8.383361023414969e-09
Disease	disease_23691	8.383361023414969e-09
Disease	disease_4579	8.379294039627337e-09
Disease	disease_33646	8.36874430311051e-09
Disease	disease_10333	8.36867142732293e-09
Disease	disease_8778	8.364782926056551e-09
Disease	disease_14759	8.36061031840081e-09
Disease	disease_20278	8.36026391495499e-09
Disease	disease_7047	8.359511445532666e-09
Disease	disease_13854	8.359191074621477e-09
Disease	disease_8169	8.358279760219784e-09
Disease	disease_16488	8.357306368853189e-09
Disease	disease_6150	8.35679423255826e-09
Disease	disease_17262	8.35673396749404e-09
Disease	disease_9456	8.355362248269272e-09
Disease	disease_20791	8.351342602017313e-09
Disease	disease_16907	8.349348257913465e-09
Disease	disease_8182	8.344757850613162e-09
Disease	disease_17035	8.344230137237976e-09
Disease	disease_17172	8.340357180650247e-09
Disease	disease_17171	8.340357180650247e-09
Disease	disease_19949	8.337888147994042e-09
Disease	disease_9864	8.337822333759128e-09
Disease	disease_10365	8.33693070183915e-09
Disease	disease_18233	8.336917923730666e-09
Disease	disease_14631	8.335707568998793e-09
Disease	disease_45017	8.334252647905343e-09
Disease	disease_10335	8.33306483433803e-09
Disease	disease_7422	8.332931120562026e-09
Disease	disease_10527	8.331349559273942e-09
Disease	disease_9005	8.32955643763137e-09
Disease	disease_12900	8.319390174590575e-09
Disease	disease_100219	8.314477954459038e-09
Disease	disease_100311	8.314073425347778e-09
Disease	disease_24275	8.313743939001383e-09
Disease	disease_4804	8.309770971979516e-09
Disease	disease_10822	8.305810237337928e-09
Disease	disease_10728	8.303596974433088e-09
Disease	disease_7869	8.300313842575377e-09
Disease	disease_9752	8.300230794223564e-09
Disease	disease_12953	8.297874281905282e-09
Disease	disease_20275	8.29736866410216e-09
Disease	disease_18316	8.297232397909957e-09
Disease	disease_100249	8.294900727405783e-09
Disease	disease_8103	8.294827850314395e-09
Disease	disease_9088	8.291783199537194e-09
Disease	disease_7890	8.29174122231586e-09
Disease	disease_7517	8.289796777433982e-09
Disease	disease_21662	8.289767880926342e-09
Disease	disease_11130	8.289181192397838e-09
Disease	disease_15449	8.28764549563704e-09
Disease	disease_3220	8.285075925049829e-09
Disease	disease_19701	8.282052223272953e-09
Disease	disease_2665	8.27790314622406e-09
Disease	disease_17850	8.275132409451596e-09
Disease	disease_7560	8.273897278740847e-09
Disease	disease_14114	8.272581844627246e-09
Disease	disease_8655	8.272321153216834e-09
Disease	disease_15252	8.27025924725037e-09
Disease	disease_7525	8.268421314468608e-09
Disease	disease_15067	8.267132324159854e-09
Disease	disease_8248	8.266944548624008e-09
Disease	disease_7547	8.266853968490575e-09
Disease	disease_9602	8.265026265217672e-09
Disease	disease_13115	8.264523124204646e-09
Disease	disease_7054	8.26405605166478e-09
Disease	disease_12328	8.26405605166478e-09
Disease	disease_8189	8.26405605166478e-09
Disease	disease_7831	8.26405605166478e-09
Disease	disease_7444	8.26405605166478e-09
Disease	disease_8524	8.26405605166478e-09
Disease	disease_7358	8.26405605166478e-09
Disease	disease_8325	8.26405605166478e-09
Disease	disease_9234	8.264009924469439e-09
Disease	disease_3978	8.26277962797693e-09
Disease	disease_18056	8.243011075211716e-09
Disease	disease_20642	8.239614485655607e-09
Disease	disease_7909	8.239436938895128e-09
Disease	disease_716	8.238173453136618e-09
Disease	disease_43209	8.237228806743892e-09
Disease	disease_7979	8.236189632462163e-09
Disease	disease_12818	8.23501795004807e-09
Disease	disease_11039	8.229825484609921e-09
Disease	disease_4058	8.227655715858843e-09
Disease	disease_13069	8.226302566560778e-09
Disease	disease_5954	8.22398962523744e-09
Disease	disease_15623	8.22398962523744e-09
Disease	disease_20427	8.218953415833627e-09
Disease	disease_14572	8.217599215994823e-09
Disease	disease_17116	8.216571361630197e-09
Disease	disease_13203	8.215845583599488e-09
Disease	disease_4499	8.214242278450343e-09
Disease	disease_11378	8.209640761185847e-09
Disease	disease_21531	8.20956338717724e-09
Disease	disease_100321	8.208603446529118e-09
Disease	disease_19507	8.20636598194104e-09
Disease	disease_32852	8.195401340162493e-09
Disease	disease_18104	8.191143362059473e-09
Disease	disease_4928	8.187150242279478e-09
Disease	disease_4230	8.185993423257158e-09
Disease	disease_19930	8.183303362889508e-09
Disease	disease_19931	8.183303362889508e-09
Disease	disease_20712	8.182436347423605e-09
Disease	disease_32659	8.181339242184568e-09
Disease	disease_3490	8.17690546160482e-09
Disease	disease_182	8.174064704992963e-09
Disease	disease_10364	8.17119484994495e-09
Disease	disease_44345	8.170976390180316e-09
Disease	disease_13235	8.16156081303556e-09
Disease	disease_14885	8.15975214307617e-09
Disease	disease_1620	8.157218382669489e-09
Disease	disease_2832	8.148479971536165e-09
Disease	disease_2828	8.148479971536165e-09
Disease	disease_7334	8.147230257301146e-09
Disease	disease_14368	8.140604693150143e-09
Disease	disease_14391	8.138212980204901e-09
Disease	disease_19688	8.137850297864597e-09
Disease	disease_9687	8.135586954795797e-09
Disease	disease_20692	8.127283675098939e-09
Disease	disease_9660	8.126911535703086e-09
Disease	disease_2563	8.123014393122399e-09
Disease	disease_8690	8.122147087648698e-09
Disease	disease_14269	8.1176263288732e-09
Disease	disease_12596	8.117030115735889e-09
Disease	disease_2029	8.115679358831304e-09
Disease	disease_8972	8.114768342109516e-09
Disease	disease_12561	8.114014972938279e-09
Disease	disease_3437	8.112769169555494e-09
Disease	disease_334	8.11234509707375e-09
Disease	disease_1381	8.111304701938725e-09
Disease	disease_284	8.110181148769625e-09
Disease	disease_283	8.110181148769625e-09
Disease	disease_346	8.110181148769625e-09
Disease	disease_60778	8.109381178993969e-09
Disease	disease_14224	8.107855759644067e-09
Disease	disease_7533	8.10737413504613e-09
Disease	disease_5517	8.104165123627894e-09
Disease	disease_100051	8.102418174136244e-09
Disease	disease_100006	8.102418174136244e-09
Disease	disease_100005	8.102418174136244e-09
Disease	disease_16956	8.101527403779585e-09
Disease	disease_1199	8.099384123567127e-09
Disease	disease_988	8.099384123567127e-09
Disease	disease_1234	8.099384123567127e-09
Disease	disease_31446	8.09839185455786e-09
Disease	disease_14196	8.091506658654231e-09
Disease	disease_41447	8.091119630378426e-09
Disease	disease_9659	8.086781963410445e-09
Disease	disease_1728	8.083602563816368e-09
Disease	disease_1729	8.083602563816368e-09
Disease	disease_1727	8.083602563816368e-09
Disease	disease_14346	8.08293791001411e-09
Disease	disease_19660	8.080383998329028e-09
Disease	disease_100084	8.078348895737643e-09
Disease	disease_16842	8.07529424276988e-09
Disease	disease_4905	8.071812412903074e-09
Disease	disease_20646	8.071614981764941e-09
Disease	disease_12490	8.070315103859353e-09
Disease	disease_9345	8.069431765404562e-09
Disease	disease_14875	8.068583726839168e-09
Disease	disease_10749	8.06157671901951e-09
Disease	disease_12141	8.060126276626438e-09
Disease	disease_17771	8.059425512641912e-09
Disease	disease_15357	8.05714491165552e-09
Disease	disease_7083	8.053171903907263e-09
Disease	disease_13503	8.051865665032126e-09
Disease	disease_9633	8.037182041020439e-09
Disease	disease_19921	8.03494623081394e-09
Disease	disease_8809	8.030207817683151e-09
Disease	disease_18439	8.029901849856609e-09
Disease	disease_9459	8.02874578332269e-09
Disease	disease_12495	8.027503807731523e-09
Disease	disease_18698	8.019018441335472e-09
Disease	disease_8258	8.017384085172255e-09
Disease	disease_21385	8.014081335945732e-09
Disease	disease_12238	8.012965033294459e-09
Disease	disease_14082	8.008282328561753e-09
Disease	disease_2981	8.007563340133663e-09
Disease	disease_44750	8.004193454579009e-09
Disease	disease_10074	8.00164996310755e-09
Disease	disease_8425	8.000179104244487e-09
Disease	disease_30061	7.999483981916801e-09
Disease	disease_6974	7.997541699799906e-09
Disease	disease_16877	7.995887054406946e-09
Disease	disease_11165	7.994878921260399e-09
Disease	disease_13028	7.993470903617202e-09
Disease	disease_14137	7.992221042786331e-09
Disease	disease_10658	7.990208887959674e-09
Disease	disease_7232	7.9850638510516e-09
Disease	disease_60556	7.984770373176895e-09
Disease	disease_8704	7.98458631817847e-09
Disease	disease_14696	7.983231810261439e-09
Disease	disease_18856	7.981779307993798e-09
Disease	disease_32850	7.980343239796812e-09
Disease	disease_6636	7.975901774495436e-09
Disease	disease_10842	7.966894165133524e-09
Disease	disease_9054	7.962954300364471e-09
Disease	disease_2468	7.961774469258178e-09
Disease	disease_33479	7.959030625103072e-09
Disease	disease_14276	7.952795730360132e-09
Disease	disease_11946	7.95268543057458e-09
Disease	disease_21208	7.950202456048762e-09
Disease	disease_18237	7.949910961154061e-09
Disease	disease_7785	7.947968535192748e-09
Disease	disease_19307	7.946824783594994e-09
Disease	disease_21060	7.941143098284605e-09
Disease	disease_9433	7.940766750502579e-09
Disease	disease_12195	7.940341333382703e-09
Disease	disease_2982	7.938770997386292e-09
Disease	disease_3940	7.93627176107188e-09
Disease	disease_14907	7.936117656662383e-09
Disease	disease_13025	7.931280942026658e-09
Disease	disease_19715	7.928643787827505e-09
Disease	disease_6203	7.926122501682878e-09
Disease	disease_12996	7.9258047936522e-09
Disease	disease_127	7.924559487097428e-09
Disease	disease_11002	7.923869744383792e-09
Disease	disease_60664	7.92212990435743e-09
Disease	disease_15601	7.92085654846895e-09
Disease	disease_32668	7.92031776192605e-09
Disease	disease_11679	7.918183701974488e-09
Disease	disease_54549	7.914337491618868e-09
Disease	disease_44718	7.91297949992145e-09
Disease	disease_32884	7.911816423676866e-09
Disease	disease_11564	7.909451779690656e-09
Disease	disease_20516	7.90841295433775e-09
Disease	disease_16663	7.899163662608777e-09
Disease	disease_9948	7.898801975566514e-09
Disease	disease_14334	7.896424642252235e-09
Disease	disease_4387	7.895406369030893e-09
Disease	disease_18270	7.894381741943965e-09
Disease	disease_8162	7.89247840384841e-09
Disease	disease_18749	7.887160046356533e-09
Disease	disease_19769	7.886465919889677e-09
Disease	disease_2230	7.885965077677756e-09
Disease	disease_44992	7.885950214305363e-09
Disease	disease_12041	7.882040886243132e-09
Disease	disease_2523	7.881746262377582e-09
Disease	disease_9797	7.87570555886337e-09
Disease	disease_8836	7.873933713975298e-09
Disease	disease_15380	7.869704632891382e-09
Disease	disease_4196	7.869400079353406e-09
Disease	disease_11085	7.868630416731032e-09
Disease	disease_19129	7.864349039740462e-09
Disease	disease_18897	7.862343611653567e-09
Disease	disease_8596	7.861697564334226e-09
Disease	disease_14647	7.856201581376979e-09
Disease	disease_5832	7.855226218311874e-09
Disease	disease_4484	7.852801748164989e-09
Disease	disease_8240	7.852694718197733e-09
Disease	disease_60779	7.852171806947103e-09
Disease	disease_7609	7.852137973405547e-09
Disease	disease_32616	7.849262328883849e-09
Disease	disease_4105	7.848879862882306e-09
Disease	disease_19451	7.846047709315195e-09
Disease	disease_12546	7.834211835139983e-09
Disease	disease_10668	7.831467574142267e-09
Disease	disease_2917	7.829310423535513e-09
Disease	disease_20286	7.820606952833385e-09
Disease	disease_16647	7.820569896645809e-09
Disease	disease_16918	7.818596116364494e-09
Disease	disease_6884	7.816069818260711e-09
Disease	disease_7128	7.810140121828827e-09
Disease	disease_3668	7.810131207706836e-09
Disease	disease_19531	7.810014578909055e-09
Disease	disease_13531	7.807796074734533e-09
Disease	disease_14078	7.807445497371901e-09
Disease	disease_14468	7.807186871124619e-09
Disease	disease_13619	7.807031084867419e-09
Disease	disease_16860	7.804751595417927e-09
Disease	disease_5040	7.804182103001903e-09
Disease	disease_10949	7.802192156410657e-09
Disease	disease_144	7.800636058703115e-09
Disease	disease_20863	7.800337834232514e-09
Disease	disease_653	7.79902646705013e-09
Disease	disease_33821	7.79539152415196e-09
Disease	disease_20241	7.794433046424603e-09
Disease	disease_9195	7.793602025502771e-09
Disease	disease_32636	7.793128699684838e-09
Disease	disease_10571	7.792821315217274e-09
Disease	disease_162	7.777527553706766e-09
Disease	disease_32687	7.775911300630106e-09
Disease	disease_12959	7.775707962735746e-09
Disease	disease_11573	7.775707962735746e-09
Disease	disease_11926	7.775707962735746e-09
Disease	disease_11387	7.775707962735746e-09
Disease	disease_11542	7.775707962735746e-09
Disease	disease_12896	7.775707962735746e-09
Disease	disease_11434	7.775707962735746e-09
Disease	disease_12542	7.775707962735746e-09
Disease	disease_11084	7.775707962735746e-09
Disease	disease_13057	7.775707962735746e-09
Disease	disease_15426	7.77382314698793e-09
Disease	disease_9493	7.772466921515133e-09
Disease	disease_14292	7.770475290038714e-09
Disease	disease_17144	7.763775108231787e-09
Disease	disease_3790	7.758606795779594e-09
Disease	disease_11252	7.75818928213362e-09
Disease	disease_698	7.757099888334805e-09
Disease	disease_7362	7.755773075209649e-09
Disease	disease_44634	7.752285036963087e-09
Disease	disease_11732	7.750856072750472e-09
Disease	disease_12931	7.74995248480571e-09
Disease	disease_7526	7.74849635223171e-09
Disease	disease_17920	7.748098510419992e-09
Disease	disease_20847	7.745604024674889e-09
Disease	disease_14270	7.743713558857035e-09
Disease	disease_11464	7.742486134959606e-09
Disease	disease_10900	7.738510590116431e-09
Disease	disease_32646	7.737127144026573e-09
Disease	disease_17962	7.73652154076124e-09
Disease	disease_18138	7.73596484409967e-09
Disease	disease_32613	7.733238326516608e-09
Disease	disease_17042	7.730748799597667e-09
Disease	disease_3621	7.730505031750687e-09
Disease	disease_19766	7.71887896496518e-09
Disease	disease_14954	7.71807331803075e-09
Disease	disease_21194	7.715965498803212e-09
Disease	disease_14257	7.713745201885762e-09
Disease	disease_9447	7.711440689143066e-09
Disease	disease_16452	7.711090902789704e-09
Disease	disease_16451	7.711090902789704e-09
Disease	disease_23483	7.709895182627024e-09
Disease	disease_14085	7.706598903840441e-09
Disease	disease_2262	7.706380282140779e-09
Disease	disease_3539	7.699871282244133e-09
Disease	disease_11183	7.697192906045001e-09
Disease	disease_33485	7.693076436078739e-09
Disease	disease_9248	7.692125546962904e-09
Disease	disease_19548	7.689047031363577e-09
Disease	disease_18572	7.686171581752292e-09
Disease	disease_15083	7.685373568075102e-09
Disease	disease_499	7.681695797417576e-09
Disease	disease_19951	7.67825698248452e-09
Disease	disease_12064	7.67737552474257e-09
Disease	disease_13858	7.671935024234658e-09
Disease	disease_16036	7.668653515524696e-09
Disease	disease_16083	7.668553199615906e-09
Disease	disease_19989	7.667896561093642e-09
Disease	disease_19988	7.667896561093642e-09
Disease	disease_9231	7.66678659950371e-09
Disease	disease_11870	7.664833482496722e-09
Disease	disease_3030	7.664735648785274e-09
Disease	disease_7370	7.66363073452813e-09
Disease	disease_10332	7.662730283252217e-09
Disease	disease_45070	7.660383977437451e-09
Disease	disease_6929	7.659542458248022e-09
Disease	disease_5121	7.659542458248022e-09
Disease	disease_18111	7.659542458248022e-09
Disease	disease_5925	7.659542458248022e-09
Disease	disease_5122	7.659542458248022e-09
Disease	disease_18602	7.659542458248022e-09
Disease	disease_14729	7.649637031522853e-09
Disease	disease_14574	7.645915392441805e-09
Disease	disease_8642	7.644820932538189e-09
Disease	disease_10003	7.637524494267714e-09
Disease	disease_7482	7.637192093635e-09
Disease	disease_16545	7.6368645562135e-09
Disease	disease_5644	7.634747792350886e-09
Disease	disease_18639	7.63315478389635e-09
Disease	disease_9428	7.630631704358055e-09
Disease	disease_14056	7.626258146530525e-09
Disease	disease_30902	7.62147246492632e-09
Disease	disease_18358	7.621380953755708e-09
Disease	disease_13502	7.619552101347695e-09
Disease	disease_12839	7.618312920176753e-09
Disease	disease_601	7.616519565454567e-09
Disease	disease_9997	7.614583086616322e-09
Disease	disease_19308	7.611959598639754e-09
Disease	disease_19636	7.610648526529135e-09
Disease	disease_393	7.610567686075932e-09
Disease	disease_9284	7.606362781635866e-09
Disease	disease_15742	7.598010360497637e-09
Disease	disease_2730	7.596640423541112e-09
Disease	disease_45013	7.591524242579317e-09
Disease	disease_100150	7.588910406647912e-09
Disease	disease_14601	7.58861040189269e-09
Disease	disease_10486	7.588251575729375e-09
Disease	disease_32669	7.582455479048687e-09
Disease	disease_54737	7.579653596200256e-09
Disease	disease_11413	7.5787802596019e-09
Disease	disease_517	7.57702335776313e-09
Disease	disease_18989	7.57619411967351e-09
Disease	disease_6036	7.575212994908227e-09
Disease	disease_15800	7.571978467203496e-09
Disease	disease_2540	7.571526837220766e-09
Disease	disease_11579	7.571420182236174e-09
Disease	disease_13939	7.569798317471578e-09
Disease	disease_24550	7.567838926587418e-09
Disease	disease_8790	7.562946131459557e-09
Disease	disease_12902	7.559329852494922e-09
Disease	disease_33672	7.55708384044968e-09
Disease	disease_13430	7.556770354345739e-09
Disease	disease_13072	7.553543094202173e-09
Disease	disease_30915	7.548652843992514e-09
Disease	disease_10885	7.54610701209141e-09
Disease	disease_21747	7.544879112332901e-09
Disease	disease_42968	7.544370984609461e-09
Disease	disease_7102	7.544174720745882e-09
Disease	disease_9501	7.544151199247838e-09
Disease	disease_17057	7.54410211456299e-09
Disease	disease_12235	7.540875543373413e-09
Disease	disease_12306	7.534063795054923e-09
Disease	disease_14293	7.528735877100981e-09
Disease	disease_100058	7.522858373918693e-09
Disease	disease_13949	7.52233975397921e-09
Disease	disease_2749	7.522061851835833e-09
Disease	disease_19430	7.51966097827678e-09
Disease	disease_14983	7.514910421375901e-09
Disease	disease_16902	7.509994388573195e-09
Disease	disease_5106	7.508790311825988e-09
Disease	disease_14903	7.505533226213532e-09
Disease	disease_11936	7.505395135366971e-09
Disease	disease_15485	7.504762612640131e-09
Disease	disease_20648	7.500319640633087e-09
Disease	disease_11528	7.499447622240053e-09
Disease	disease_6901	7.493335040578297e-09
Disease	disease_19418	7.49257273174661e-09
Disease	disease_8030	7.489252505881796e-09
Disease	disease_11532	7.48735394371496e-09
Disease	disease_2169	7.485488008324255e-09
Disease	disease_8205	7.481013236510823e-09
Disease	disease_11584	7.479065701951036e-09
Disease	disease_13745	7.476668592999665e-09
Disease	disease_14374	7.474175338015766e-09
Disease	disease_13076	7.473543843776408e-09
Disease	disease_21527	7.471306319848845e-09
Disease	disease_9566	7.470820477004162e-09
Disease	disease_14160	7.470298321512479e-09
Disease	disease_15021	7.469987636996468e-09
Disease	disease_44330	7.469837512922382e-09
Disease	disease_13543	7.468310213185996e-09
Disease	disease_13133	7.463371251755126e-09
Disease	disease_4728	7.463202189468812e-09
Disease	disease_3425	7.459254944515214e-09
Disease	disease_30895	7.457098933203784e-09
Disease	disease_7477	7.456601504962331e-09
Disease	disease_20602	7.455038803623942e-09
Disease	disease_21021	7.453785602426225e-09
Disease	disease_14304	7.453153950761713e-09
Disease	disease_3806	7.4519494872226e-09
Disease	disease_54852	7.451730340020023e-09
Disease	disease_3260	7.450232020793361e-09
Disease	disease_20322	7.4488687079192855e-09
Disease	disease_4708	7.448649783912067e-09
Disease	disease_19687	7.4485242754450384e-09
Disease	disease_14839	7.446220351979897e-09
Disease	disease_8013	7.442847051763425e-09
Disease	disease_30936	7.442560331215359e-09
Disease	disease_3037	7.44076393289636e-09
Disease	disease_9408	7.4387459030733355e-09
Disease	disease_14340	7.436093899268656e-09
Disease	disease_8571	7.4333481272808835e-09
Disease	disease_17389	7.4327951168923635e-09
Disease	disease_19258	7.4327951168923635e-09
Disease	disease_19335	7.4327951168923635e-09
Disease	disease_6279	7.432204585367933e-09
Disease	disease_1962	7.429603625210074e-09
Disease	disease_2239	7.429603625210074e-09
Disease	disease_33544	7.428263972387308e-09
Disease	disease_8226	7.424185682597948e-09
Disease	disease_27462	7.423815474110939e-09
Disease	disease_7198	7.420544745724801e-09
Disease	disease_14226	7.418927000351031e-09
Disease	disease_5358	7.4176726696030734e-09
Disease	disease_10398	7.416721842786515e-09
Disease	disease_13788	7.415930042032802e-09
Disease	disease_16202	7.41528097638863e-09
Disease	disease_4492	7.414773774465585e-09
Disease	disease_16605	7.414653998651471e-09
Disease	disease_5699	7.410906583884697e-09
Disease	disease_7685	7.4106995083304254e-09
Disease	disease_9506	7.409853610543085e-09
Disease	disease_9119	7.4082792087552474e-09
Disease	disease_2625	7.407830524697029e-09
Disease	disease_11894	7.40425934365275e-09
Disease	disease_9885	7.403707337597528e-09
Disease	disease_15240	7.4011419893192026e-09
Disease	disease_12629	7.400730949739311e-09
Disease	disease_21165	7.3996108579798e-09
Disease	disease_20628	7.3975036861230634e-09
Disease	disease_17576	7.3968086725216434e-09
Disease	disease_13827	7.396758504888692e-09
Disease	disease_10671	7.395721612259188e-09
Disease	disease_9649	7.393753291227997e-09
Disease	disease_20391	7.3915909310597126e-09
Disease	disease_16174	7.387216446472784e-09
Disease	disease_2867	7.387134591158777e-09
Disease	disease_10208	7.3869864318002465e-09
Disease	disease_10256	7.384777930557387e-09
Disease	disease_5464	7.384136129568855e-09
Disease	disease_2927	7.381057742077446e-09
Disease	disease_21638	7.3807459294203065e-09
Disease	disease_2880	7.379457896243465e-09
Disease	disease_17379	7.3783741135643e-09
Disease	disease_10754	7.3778349575304714e-09
Disease	disease_7227	7.373793819661867e-09
Disease	disease_6629	7.372996562445282e-09
Disease	disease_14356	7.3725686055433086e-09
Disease	disease_11249	7.371447305591729e-09
Disease	disease_19281	7.371314368039162e-09
Disease	disease_6231	7.3701960458867745e-09
Disease	disease_13510	7.369931531902974e-09
Disease	disease_5704	7.369478695898361e-09
Disease	disease_45058	7.364111346228865e-09
Disease	disease_22037	7.363548008934933e-09
Disease	disease_4774	7.363447985704989e-09
Disease	disease_24527	7.363095743425894e-09
Disease	disease_4840	7.358918337930637e-09
Disease	disease_12429	7.358625381001434e-09
Disease	disease_8799	7.35786695440675e-09
Disease	disease_32829	7.3563790158031564e-09
Disease	disease_4153	7.353584568370354e-09
Disease	disease_2341	7.353079243643512e-09
Disease	disease_9330	7.352571990536608e-09
Disease	disease_13824	7.351765681750314e-09
Disease	disease_100232	7.35029209534802e-09
Disease	disease_9629	7.349043049220988e-09
Disease	disease_8924	7.349035872944416e-09
Disease	disease_5859	7.347895491061798e-09
Disease	disease_10896	7.3432554780233715e-09
Disease	disease_6986	7.343004112001769e-09
Disease	disease_21090	7.342518083327569e-09
Disease	disease_2116	7.342022651055366e-09
Disease	disease_33559	7.341066172084957e-09
Disease	disease_18894	7.339531455332076e-09
Disease	disease_9544	7.339450955895388e-09
Disease	disease_3649	7.339442605064824e-09
Disease	disease_13756	7.335871503792164e-09
Disease	disease_12126	7.335341058641758e-09
Disease	disease_24883	7.334429634080697e-09
Disease	disease_4996	7.333876336709605e-09
Disease	disease_7148	7.328334104111316e-09
Disease	disease_1710	7.326797276068868e-09
Disease	disease_7937	7.325310150755339e-09
Disease	disease_10817	7.314139011612476e-09
Disease	disease_32868	7.311746785970479e-09
Disease	disease_100248	7.307764235639531e-09
Disease	disease_22948	7.30746570967459e-09
Disease	disease_11571	7.306508695528935e-09
Disease	disease_4310	7.303643896802984e-09
Disease	disease_11919	7.296708989392788e-09
Disease	disease_17835	7.2925685983498054e-09
Disease	disease_9497	7.291187751411003e-09
Disease	disease_11733	7.286401924872829e-09
Disease	disease_18689	7.283757223668288e-09
Disease	disease_20197	7.2831043587915964e-09
Disease	disease_9882	7.281885890057848e-09
Disease	disease_16897	7.2804365251680685e-09
Disease	disease_16516	7.279239127140749e-09
Disease	disease_13565	7.276937266583538e-09
Disease	disease_32869	7.2748023871168254e-09
Disease	disease_13962	7.27027737168358e-09
Disease	disease_10532	7.269598762226547e-09
Disease	disease_17764	7.269518455273565e-09
Disease	disease_14038	7.26870088010351e-09
Disease	disease_33010	7.265228082987789e-09
Disease	disease_32790	7.262402394029669e-09
Disease	disease_13188	7.2582803010897554e-09
Disease	disease_5878	7.257572921613166e-09
Disease	disease_10219	7.257075140733016e-09
Disease	disease_11169	7.2562271466149406e-09
Disease	disease_14625	7.255190842750937e-09
Disease	disease_15545	7.249993542784408e-09
Disease	disease_8227	7.244765954343434e-09
Disease	disease_20670	7.238004610346283e-09
Disease	disease_9396	7.2364704819927095e-09
Disease	disease_4155	7.2362589181118855e-09
Disease	disease_13598	7.23532649743593e-09
Disease	disease_2551	7.233974775458257e-09
Disease	disease_6158	7.232215916787588e-09
Disease	disease_14255	7.2313058016337845e-09
Disease	disease_10638	7.228679386878869e-09
Disease	disease_4902	7.226564877380586e-09
Disease	disease_13330	7.2191998496522524e-09
Disease	disease_13643	7.218896397312844e-09
Disease	disease_19594	7.217188179041274e-09
Disease	disease_11339	7.215877113364631e-09
Disease	disease_8338	7.215592868552224e-09
Disease	disease_1082	7.215324143750071e-09
Disease	disease_15708	7.215183842438382e-09
Disease	disease_11739	7.209634567592688e-09
Disease	disease_12350	7.208676095206902e-09
Disease	disease_7548	7.207665622780223e-09
Disease	disease_15756	7.201060082409316e-09
Disease	disease_32828	7.200477198396418e-09
Disease	disease_4479	7.199010916016615e-09
Disease	disease_10462	7.195275578396247e-09
Disease	disease_10744	7.195109961411454e-09
Disease	disease_17790	7.193980811446656e-09
Disease	disease_9669	7.191722971646929e-09
Disease	disease_7207	7.191180798581832e-09
Disease	disease_12425	7.188253495345868e-09
Disease	disease_15700	7.185736101534497e-09
Disease	disease_12497	7.185621343283648e-09
Disease	disease_12820	7.185447759235636e-09
Disease	disease_13554	7.184143119902394e-09
Disease	disease_2782	7.1830675689113255e-09
Disease	disease_7313	7.181406980066819e-09
Disease	disease_19353	7.1785238072699396e-09
Disease	disease_13568	7.177316429863927e-09
Disease	disease_13289	7.1766621102311e-09
Disease	disease_14580	7.171864902901596e-09
Disease	disease_14902	7.1714074163046945e-09
Disease	disease_18266	7.168151001026696e-09
Disease	disease_11451	7.16780833098722e-09
Disease	disease_54847	7.167760753109377e-09
Disease	disease_9645	7.164197880220079e-09
Disease	disease_24501	7.157414502731146e-09
Disease	disease_100126	7.156827612036386e-09
Disease	disease_9540	7.1564512671713534e-09
Disease	disease_9536	7.1564512671713534e-09
Disease	disease_9534	7.1564512671713534e-09
Disease	disease_5764	7.14912910847601e-09
Disease	disease_17238	7.144949849680386e-09
Disease	disease_13303	7.144820302370162e-09
Disease	disease_7878	7.144494462926112e-09
Disease	disease_1688	7.135378189748161e-09
Disease	disease_1431	7.135378189748161e-09
Disease	disease_3532	7.134919140447945e-09
Disease	disease_21459	7.134873538685626e-09
Disease	disease_4837	7.134250606831937e-09
Disease	disease_12076	7.1328776955620254e-09
Disease	disease_9724	7.132255711668972e-09
Disease	disease_14232	7.13094831992013e-09
Disease	disease_17397	7.129724807636311e-09
Disease	disease_5887	7.127757287886851e-09
Disease	disease_18549	7.125437697616924e-09
Disease	disease_12467	7.119534686673935e-09
Disease	disease_11089	7.119454758311587e-09
Disease	disease_32821	7.11850245647246e-09
Disease	disease_20558	7.1145012460583555e-09
Disease	disease_8858	7.113873732540167e-09
Disease	disease_20629	7.112222891202684e-09
Disease	disease_5819	7.110682867463166e-09
Disease	disease_32782	7.110108474043892e-09
Disease	disease_20820	7.109080626136543e-09
Disease	disease_13324	7.106182499565063e-09
Disease	disease_30073	7.105573664829168e-09
Disease	disease_7272	7.105039524922888e-09
Disease	disease_14343	7.104422433929648e-09
Disease	disease_632	7.103098189019024e-09
Disease	disease_6596	7.1015315491018225e-09
Disease	disease_11124	7.0945513647722696e-09
Disease	disease_8419	7.0936577106091586e-09
Disease	disease_24744	7.089447540114163e-09
Disease	disease_21235	7.089270627937929e-09
Disease	disease_13685	7.088444589497957e-09
Disease	disease_18267	7.088203180437383e-09
Disease	disease_18226	7.088203180437383e-09
Disease	disease_3261	7.088073231568491e-09
Disease	disease_11243	7.087033076794889e-09
Disease	disease_20292	7.085157148259544e-09
Disease	disease_100157	7.081814141615727e-09
Disease	disease_8382	7.08174860734232e-09
Disease	disease_12941	7.080612795279987e-09
Disease	disease_14568	7.080252003829001e-09
Disease	disease_10988	7.080202966776775e-09
Disease	disease_19765	7.078696396778078e-09
Disease	disease_33620	7.077821729217531e-09
Disease	disease_12690	7.073795370609128e-09
Disease	disease_8402	7.072184471667121e-09
Disease	disease_19664	7.068182967203304e-09
Disease	disease_13232	7.067915786976538e-09
Disease	disease_3635	7.064743525493279e-09
Disease	disease_9549	7.063551667813677e-09
Disease	disease_13876	7.0616449818506e-09
Disease	disease_15326	7.060769420587263e-09
Disease	disease_9537	7.059643984249015e-09
Disease	disease_20580	7.059550196789517e-09
Disease	disease_9966	7.058900461315975e-09
Disease	disease_9768	7.058740591029079e-09
Disease	disease_1159	7.057575427009234e-09
Disease	disease_12835	7.056021208810131e-09
Disease	disease_8355	7.055821222906338e-09
Disease	disease_18423	7.0556997373272455e-09
Disease	disease_9907	7.05566670361208e-09
Disease	disease_14227	7.055072675150414e-09
Disease	disease_8109	7.05467833269383e-09
Disease	disease_33013	7.054185411639428e-09
Disease	disease_17415	7.053371665281978e-09
Disease	disease_9789	7.0527596716175256e-09
Disease	disease_3558	7.052221989823323e-09
Disease	disease_19480	7.051898805762144e-09
Disease	disease_14993	7.051556092233791e-09
Disease	disease_21033	7.0514939776138085e-09
Disease	disease_8637	7.050317337039153e-09
Disease	disease_320	7.04775860779989e-09
Disease	disease_12115	7.043632227992194e-09
Disease	disease_6346	7.0418977161698895e-09
Disease	disease_8833	7.041180093541756e-09
Disease	disease_14963	7.032724221298016e-09
Disease	disease_12132	7.031559976713709e-09
Disease	disease_8163	7.022237564539455e-09
Disease	disease_12174	7.021847496405926e-09
Disease	disease_30910	7.0209574160228575e-09
Disease	disease_13236	7.0173803742779765e-09
Disease	disease_18977	7.0159673315540015e-09
Disease	disease_21071	7.014653249085139e-09
Disease	disease_10286	7.0109029899544634e-09
Disease	disease_4481	7.009184206657313e-09
Disease	disease_19753	7.007778118190597e-09
Disease	disease_19754	7.007778118190597e-09
Disease	disease_21176	7.003747296126527e-09
Disease	disease_21177	7.003747296126527e-09
Disease	disease_11693	7.00220202163636e-09
Disease	disease_12826	7.00220202163636e-09
Disease	disease_14151	7.00220202163636e-09
Disease	disease_11942	7.00220202163636e-09
Disease	disease_12039	7.00220202163636e-09
Disease	disease_11943	7.00220202163636e-09
Disease	disease_12763	7.00220202163636e-09
Disease	disease_12461	7.00220202163636e-09
Disease	disease_11944	7.00220202163636e-09
Disease	disease_12827	7.00220202163636e-09
Disease	disease_42489	7.00220202163636e-09
Disease	disease_12341	7.00220202163636e-09
Disease	disease_12036	7.00220202163636e-09
Disease	disease_12936	7.00220202163636e-09
Disease	disease_12147	7.00220202163636e-09
Disease	disease_11622	7.00220202163636e-09
Disease	disease_11520	7.00220202163636e-09
Disease	disease_12318	7.00220202163636e-09
Disease	disease_12361	7.00220202163636e-09
Disease	disease_12935	7.00220202163636e-09
Disease	disease_12934	7.00220202163636e-09
Disease	disease_12884	7.00220202163636e-09
Disease	disease_12834	7.00220202163636e-09
Disease	disease_11560	7.00220202163636e-09
Disease	disease_11138	7.00220202163636e-09
Disease	disease_12584	7.00220202163636e-09
Disease	disease_12585	7.00220202163636e-09
Disease	disease_11807	7.00220202163636e-09
Disease	disease_12339	7.00220202163636e-09
Disease	disease_12836	7.00220202163636e-09
Disease	disease_12404	7.00220202163636e-09
Disease	disease_12403	7.00220202163636e-09
Disease	disease_13152	7.00220202163636e-09
Disease	disease_13765	7.00220202163636e-09
Disease	disease_10433	7.00220202163636e-09
Disease	disease_11820	7.00220202163636e-09
Disease	disease_20715	7.00220202163636e-09
Disease	disease_8429	7.000649891181209e-09
Disease	disease_32779	7.000315502505629e-09
Disease	disease_44331	7.000301491871469e-09
Disease	disease_15682	6.999036494584579e-09
Disease	disease_14948	6.9959113868801505e-09
Disease	disease_8521	6.99588483929013e-09
Disease	disease_15646	6.9935275409138705e-09
Disease	disease_15645	6.9935275409138705e-09
Disease	disease_15647	6.9935275409138705e-09
Disease	disease_15648	6.9935275409138705e-09
Disease	disease_15649	6.9935275409138705e-09
Disease	disease_2340	6.9935275409138705e-09
Disease	disease_15644	6.9935275409138705e-09
Disease	disease_21412	6.993250518761953e-09
Disease	disease_8254	6.992283206718712e-09
Disease	disease_10471	6.989757068218782e-09
Disease	disease_16396	6.988921638520439e-09
Disease	disease_19237	6.988051940742372e-09
Disease	disease_33012	6.9835606538768256e-09
Disease	disease_14174	6.98200652046828e-09
Disease	disease_23682	6.977785409081417e-09
Disease	disease_24582	6.9777679746757325e-09
Disease	disease_13337	6.9742490429664825e-09
Disease	disease_14267	6.970552781348535e-09
Disease	disease_2225	6.969194463983148e-09
Disease	disease_44322	6.96802091445724e-09
Disease	disease_8649	6.967064169045497e-09
Disease	disease_32588	6.96569133437752e-09
Disease	disease_539	6.9651056910338564e-09
Disease	disease_239	6.963473561073474e-09
Disease	disease_100230	6.954306563785152e-09
Disease	disease_9239	6.947257082910382e-09
Disease	disease_32803	6.941404077476715e-09
Disease	disease_13398	6.941273435149539e-09
Disease	disease_17328	6.9397643810012e-09
Disease	disease_12678	6.938658848864107e-09
Disease	disease_2840	6.938293219187707e-09
Disease	disease_54691	6.9319207568026e-09
Disease	disease_8853	6.930332798249566e-09
Disease	disease_24665	6.927563162655611e-09
Disease	disease_19685	6.925431441485604e-09
Disease	disease_18240	6.918112908201038e-09
Disease	disease_5161	6.917074436592501e-09
Disease	disease_32874	6.9167024458843036e-09
Disease	disease_10285	6.915439437464626e-09
Disease	disease_18574	6.911612998666353e-09
Disease	disease_8174	6.911302520127851e-09
Disease	disease_11877	6.909704594543327e-09
Disease	disease_1023	6.906697456186251e-09
Disease	disease_11481	6.904734377736793e-09
Disease	disease_2806	6.903684749765187e-09
Disease	disease_17007	6.903456831764883e-09
Disease	disease_16666	6.901101582122806e-09
Disease	disease_8198	6.8940731220940385e-09
Disease	disease_16067	6.890758731524385e-09
Disease	disease_9672	6.883494864160133e-09
Disease	disease_14342	6.883256854419199e-09
Disease	disease_2547	6.88275228910191e-09
Disease	disease_10517	6.880649882429365e-09
Disease	disease_9886	6.879181603071408e-09
Disease	disease_19622	6.876836134961014e-09
Disease	disease_19204	6.876836134961014e-09
Disease	disease_44633	6.876836134961014e-09
Disease	disease_17591	6.876836134961014e-09
Disease	disease_13288	6.876018186423643e-09
Disease	disease_8494	6.8744825091407064e-09
Disease	disease_24467	6.873488939861092e-09
Disease	disease_16395	6.873339158693444e-09
Disease	disease_33014	6.865293384325936e-09
Disease	disease_3688	6.863951146138766e-09
Disease	disease_12812	6.862439862622052e-09
Disease	disease_19978	6.861687234403301e-09
Disease	disease_44314	6.861509985626225e-09
Disease	disease_9053	6.861110212946466e-09
Disease	disease_16051	6.861036536419978e-09
Disease	disease_14514	6.858929372078492e-09
Disease	disease_1524	6.858780154482024e-09
Disease	disease_6387	6.85385246353037e-09
Disease	disease_21191	6.8507389518064085e-09
Disease	disease_14203	6.850725310391642e-09
Disease	disease_60641	6.84976689514951e-09
Disease	disease_18914	6.8414656164501195e-09
Disease	disease_8787	6.8374575952835135e-09
Disease	disease_9513	6.8359629937494856e-09
Disease	disease_32760	6.833983860383973e-09
Disease	disease_10058	6.833209472979199e-09
Disease	disease_1661	6.830748172452777e-09
Disease	disease_1546	6.83043679471895e-09
Disease	disease_19675	6.821894384457507e-09
Disease	disease_11359	6.820820217516309e-09
Disease	disease_13254	6.8201734280902875e-09
Disease	disease_16780	6.819235991130938e-09
Disease	disease_2585	6.8167153078266185e-09
Disease	disease_6316	6.81386825552896e-09
Disease	disease_7043	6.812650467634753e-09
Disease	disease_7664	6.811949128608838e-09
Disease	disease_9618	6.811568757344416e-09
Disease	disease_13964	6.810208765140527e-09
Disease	disease_13773	6.809656003350235e-09
Disease	disease_14168	6.8077283543696535e-09
Disease	disease_21498	6.807629081002193e-09
Disease	disease_2988	6.8066382719660416e-09
Disease	disease_6888	6.795907975375342e-09
Disease	disease_12535	6.7942499717876476e-09
Disease	disease_18422	6.79373256286129e-09
Disease	disease_13672	6.79122978885679e-09
Disease	disease_14413	6.789565282457972e-09
Disease	disease_11539	6.787267785799939e-09
Disease	disease_6935	6.785865849221559e-09
Disease	disease_18005	6.783799547205279e-09
Disease	disease_8719	6.778238671803358e-09
Disease	disease_20776	6.774266024354591e-09
Disease	disease_16892	6.772101793405887e-09
Disease	disease_32886	6.771437435723546e-09
Disease	disease_31178	6.7709705449683195e-09
Disease	disease_19505	6.769708868231827e-09
Disease	disease_54791	6.766716226892554e-09
Disease	disease_8084	6.765819977054892e-09
Disease	disease_3165	6.764280954450431e-09
Disease	disease_17002	6.762457227122932e-09
Disease	disease_24653	6.760972920416844e-09
Disease	disease_25114	6.757781330514217e-09
Disease	disease_10265	6.755282634412823e-09
Disease	disease_10890	6.751331638560646e-09
Disease	disease_44344	6.751267246795698e-09
Disease	disease_44351	6.751267246795698e-09
Disease	disease_1590	6.7499599230754e-09
Disease	disease_10427	6.749908130140309e-09
Disease	disease_43988	6.748511455110042e-09
Disease	disease_14272	6.747911591989285e-09
Disease	disease_24637	6.747147159762845e-09
Disease	disease_8956	6.746579559175155e-09
Disease	disease_9225	6.741536957764852e-09
Disease	disease_12927	6.73607409173771e-09
Disease	disease_7051	6.7354813548727225e-09
Disease	disease_3983	6.734772768425401e-09
Disease	disease_44816	6.7346968372969325e-09
Disease	disease_12430	6.7308329654085e-09
Disease	disease_14613	6.727623660875345e-09
Disease	disease_14745	6.727300011989692e-09
Disease	disease_13388	6.7262229958643915e-09
Disease	disease_12033	6.722705574737997e-09
Disease	disease_7568	6.722459160863496e-09
Disease	disease_15824	6.718082561090841e-09
Disease	disease_1539	6.716761351768223e-09
Disease	disease_9366	6.71125235274851e-09
Disease	disease_10877	6.711129341106604e-09
Disease	disease_4923	6.7065230786194585e-09
Disease	disease_19423	6.7061041552277524e-09
Disease	disease_11990	6.7053530766063955e-09
Disease	disease_9851	6.705164918111043e-09
Disease	disease_13591	6.703580129246137e-09
Disease	disease_14931	6.699724025989461e-09
Disease	disease_417	6.699715383315099e-09
Disease	disease_1007	6.699491327194009e-09
Disease	disease_10056	6.696504602685947e-09
Disease	disease_9673	6.692225657920983e-09
Disease	disease_22454	6.690811981434986e-09
Disease	disease_44083	6.688780398821616e-09
Disease	disease_9942	6.6855002042340685e-09
Disease	disease_12878	6.684719577246422e-09
Disease	disease_6613	6.684218974057466e-09
Disease	disease_19073	6.680691707578763e-09
Disease	disease_5565	6.6788382552686826e-09
Disease	disease_1615	6.677906417516701e-09
Disease	disease_9761	6.675302517941993e-09
Disease	disease_14377	6.674182203902305e-09
Disease	disease_17280	6.6741285802086595e-09
Disease	disease_597	6.673957467969269e-09
Disease	disease_10993	6.673801510704739e-09
Disease	disease_13355	6.665514199549422e-09
Disease	disease_9306	6.662517515908522e-09
Disease	disease_100239	6.6614555754703375e-09
Disease	disease_1433	6.661186599298917e-09
Disease	disease_16683	6.652186809470423e-09
Disease	disease_14258	6.64911691241205e-09
Disease	disease_11308	6.642180490657071e-09
Disease	disease_8838	6.641972471623515e-09
Disease	disease_16983	6.641075440917212e-09
Disease	disease_14475	6.640945029151318e-09
Disease	disease_13553	6.6399541197577595e-09
Disease	disease_4440	6.631555169970243e-09
Disease	disease_13616	6.630185422247772e-09
Disease	disease_13945	6.628460260690902e-09
Disease	disease_19690	6.626327559525485e-09
Disease	disease_10768	6.623860989975282e-09
Disease	disease_7012	6.6210517642999115e-09
Disease	disease_9608	6.620939070257637e-09
Disease	disease_6112	6.619703493675408e-09
Disease	disease_10269	6.614691838547137e-09
Disease	disease_8302	6.60954027558969e-09
Disease	disease_19466	6.608554676334198e-09
Disease	disease_7127	6.6078840107370514e-09
Disease	disease_8118	6.6061778003325756e-09
Disease	disease_16990	6.603918328875202e-09
Disease	disease_26724	6.602450113868389e-09
Disease	disease_10757	6.596891240552512e-09
Disease	disease_32870	6.595933168185782e-09
Disease	disease_14313	6.5944775990025585e-09
Disease	disease_3622	6.59366049036204e-09
Disease	disease_24250	6.592948736425401e-09
Disease	disease_9743	6.59264693549112e-09
Disease	disease_17827	6.592439322570725e-09
Disease	disease_30057	6.591729446265315e-09
Disease	disease_7570	6.59032723404937e-09
Disease	disease_10097	6.588191899559451e-09
Disease	disease_22559	6.587035492296131e-09
Disease	disease_6452	6.586187166523532e-09
Disease	disease_24982	6.585505869987331e-09
Disease	disease_44316	6.5841005245050215e-09
Disease	disease_3442	6.581343786564951e-09
Disease	disease_24526	6.579125081524422e-09
Disease	disease_32677	6.573739272421227e-09
Disease	disease_15070	6.570268803645158e-09
Disease	disease_10550	6.570155229986929e-09
Disease	disease_13397	6.567998417042307e-09
Disease	disease_16658	6.56740352158567e-09
Disease	disease_1036	6.563869275765495e-09
Disease	disease_9584	6.563584135697509e-09
Disease	disease_25481	6.559583339489553e-09
Disease	disease_24969	6.556919892344718e-09
Disease	disease_6856	6.555081154461531e-09
Disease	disease_17028	6.554936137276529e-09
Disease	disease_20112	6.549543687844091e-09
Disease	disease_32774	6.548932581960387e-09
Disease	disease_358	6.548795372629377e-09
Disease	disease_3357	6.547847498215187e-09
Disease	disease_16841	6.542735903399928e-09
Disease	disease_14046	6.5388953871871034e-09
Disease	disease_8693	6.537243652497761e-09
Disease	disease_25419	6.528165991774042e-09
Disease	disease_20052	6.52796512358062e-09
Disease	disease_4824	6.525815270164621e-09
Disease	disease_22636	6.525815270164621e-09
Disease	disease_1984	6.525815270164621e-09
Disease	disease_23415	6.525815270164621e-09
Disease	disease_1660	6.52336226195118e-09
Disease	disease_24182	6.522403687562579e-09
Disease	disease_9779	6.520233508185954e-09
Disease	disease_40654	6.518281807359999e-09
Disease	disease_18812	6.517860748855761e-09
Disease	disease_262	6.516749340494905e-09
Disease	disease_14590	6.515477158006496e-09
Disease	disease_12816	6.513881341917612e-09
Disease	disease_6111	6.507581840275174e-09
Disease	disease_11937	6.505668882150911e-09
Disease	disease_521	6.504461323507847e-09
Disease	disease_10061	6.502289799747692e-09
Disease	disease_11255	6.499436657716924e-09
Disease	disease_18421	6.498397315649976e-09
Disease	disease_17738	6.496478536042821e-09
Disease	disease_8105	6.496336861579422e-09
Disease	disease_20664	6.495548092540014e-09
Disease	disease_20959	6.4928919936862405e-09
Disease	disease_14477	6.492154839799263e-09
Disease	disease_33367	6.492024650422343e-09
Disease	disease_4021	6.490895699805682e-09
Disease	disease_17832	6.488846274973543e-09
Disease	disease_3439	6.486904395601101e-09
Disease	disease_8237	6.485918325843026e-09
Disease	disease_16905	6.485476521149161e-09
Disease	disease_20040	6.482433429130221e-09
Disease	disease_21811	6.477462562842339e-09
Disease	disease_17266	6.475707735096436e-09
Disease	disease_75	6.467459802795272e-09
Disease	disease_7556	6.457340665399749e-09
Disease	disease_10904	6.456685670250646e-09
Disease	disease_32835	6.450795711623366e-09
Disease	disease_19131	6.444802151232538e-09
Disease	disease_30017	6.442326902767203e-09
Disease	disease_4244	6.440414105858566e-09
Disease	disease_12750	6.4369704398367285e-09
Disease	disease_54780	6.435637246574858e-09
Disease	disease_4500	6.435378910240619e-09
Disease	disease_1916	6.433724582245721e-09
Disease	disease_1413	6.433724582245721e-09
Disease	disease_321	6.433724582245721e-09
Disease	disease_1665	6.433724582245721e-09
Disease	disease_2212	6.433724582245721e-09
Disease	disease_11963	6.4304253375972715e-09
Disease	disease_18653	6.429190216966356e-09
Disease	disease_7489	6.425227659029605e-09
Disease	disease_14563	6.422680996866026e-09
Disease	disease_10123	6.422656686618344e-09
Disease	disease_9422	6.421597137668265e-09
Disease	disease_8123	6.418461843518115e-09
Disease	disease_4412	6.4179892197029325e-09
Disease	disease_14175	6.415725471777489e-09
Disease	disease_14934	6.415177755928715e-09
Disease	disease_19351	6.414475120518286e-09
Disease	disease_18391	6.412645081226962e-09
Disease	disease_3750	6.40982002151703e-09
Disease	disease_14084	6.4095451886040086e-09
Disease	disease_18480	6.405426258791652e-09
Disease	disease_11166	6.403000235875788e-09
Disease	disease_32751	6.400643848242635e-09
Disease	disease_9492	6.400378656644249e-09
Disease	disease_15826	6.400243630542627e-09
Disease	disease_7744	6.399431001703957e-09
Disease	disease_16831	6.399016710224437e-09
Disease	disease_10296	6.398889163824167e-09
Disease	disease_17377	6.3959691787582285e-09
Disease	disease_54846	6.394550150953712e-09
Disease	disease_13083	6.393924014566924e-09
Disease	disease_20698	6.391476286866171e-09
Disease	disease_32712	6.390979735446923e-09
Disease	disease_3836	6.39075947123644e-09
Disease	disease_13544	6.38952268905474e-09
Disease	disease_17114	6.387474805764018e-09
Disease	disease_7118	6.387379400332268e-09
Disease	disease_9118	6.387083080148741e-09
Disease	disease_20632	6.384617719046442e-09
Disease	disease_209	6.3845230863612615e-09
Disease	disease_17673	6.378950176772539e-09
Disease	disease_19478	6.3770120051763866e-09
Disease	disease_12830	6.376282399772105e-09
Disease	disease_11499	6.37416199052668e-09
Disease	disease_32750	6.373768591782068e-09
Disease	disease_2493	6.371342795014953e-09
Disease	disease_9189	6.36922664558962e-09
Disease	disease_4403	6.366419936469854e-09
Disease	disease_9098	6.365840944827386e-09
Disease	disease_14159	6.361331857706414e-09
Disease	disease_736	6.360606481538478e-09
Disease	disease_7527	6.358780903519558e-09
Disease	disease_30116	6.358520029063915e-09
Disease	disease_60713	6.3474809431424585e-09
Disease	disease_15237	6.3467901229887875e-09
Disease	disease_7236	6.3457644738004764e-09
Disease	disease_33483	6.3443728081369e-09
Disease	disease_10067	6.343882781443694e-09
Disease	disease_23595	6.340183112429232e-09
Disease	disease_15505	6.339588112083248e-09
Disease	disease_7512	6.3394477582375255e-09
Disease	disease_9349	6.336690617948491e-09
Disease	disease_5893	6.335500959457747e-09
Disease	disease_410	6.334960929608651e-09
Disease	disease_30908	6.332679659455709e-09
Disease	disease_14666	6.3312887504296186e-09
Disease	disease_12978	6.330475971768997e-09
Disease	disease_6532	6.329874395358369e-09
Disease	disease_17606	6.3283156424500225e-09
Disease	disease_10007	6.320488856697585e-09
Disease	disease_13621	6.320058261844012e-09
Disease	disease_2167	6.319116444312014e-09
Disease	disease_17151	6.3116980249179815e-09
Disease	disease_4863	6.311208009216423e-09
Disease	disease_19689	6.310717271383857e-09
Disease	disease_21404	6.309647352262887e-09
Disease	disease_291	6.308811255913724e-09
Disease	disease_2335	6.3086603795305875e-09
Disease	disease_19076	6.3083422449288345e-09
Disease	disease_12787	6.308021581066312e-09
Disease	disease_13555	6.305581050871692e-09
Disease	disease_7338	6.305153713557557e-09
Disease	disease_18136	6.30464232968211e-09
Disease	disease_18137	6.30464232968211e-09
Disease	disease_18884	6.3043939212022955e-09
Disease	disease_9093	6.303555342825741e-09
Disease	disease_15179	6.302950996011489e-09
Disease	disease_7108	6.299018650845936e-09
Disease	disease_18536	6.297573575670202e-09
Disease	disease_54550	6.291783044274676e-09
Disease	disease_40998	6.290864820490459e-09
Disease	disease_16832	6.288942221760971e-09
Disease	disease_13283	6.287224809588647e-09
Disease	disease_4060	6.285638393960113e-09
Disease	disease_4521	6.285638393960113e-09
Disease	disease_12849	6.285595370893571e-09
Disease	disease_1905	6.2850375107309166e-09
Disease	disease_2517	6.2850375107309166e-09
Disease	disease_37254	6.280082529348847e-09
Disease	disease_16162	6.2796886020029325e-09
Disease	disease_42494	6.272739874538148e-09
Disease	disease_14123	6.268211612718053e-09
Disease	disease_12904	6.26750719423659e-09
Disease	disease_10388	6.2626225596254525e-09
Disease	disease_21093	6.262093925754664e-09
Disease	disease_14642	6.2601866701776874e-09
Disease	disease_2233	6.2597916897906425e-09
Disease	disease_13990	6.258946220162953e-09
Disease	disease_20699	6.256310336047802e-09
Disease	disease_60624	6.255248772854177e-09
Disease	disease_8488	6.254016876210399e-09
Disease	disease_24868	6.253947177970906e-09
Disease	disease_22998	6.252053494849384e-09
Disease	disease_32841	6.25203869203676e-09
Disease	disease_13755	6.249850141615472e-09
Disease	disease_4851	6.2473076104168865e-09
Disease	disease_23232	6.2473076104168865e-09
Disease	disease_32724	6.24599723550672e-09
Disease	disease_20586	6.243716298288667e-09
Disease	disease_16911	6.242136298460136e-09
Disease	disease_19227	6.241810683468912e-09
Disease	disease_44098	6.239194598166543e-09
Disease	disease_14985	6.23864699493326e-09
Disease	disease_9977	6.233761170194532e-09
Disease	disease_14419	6.227229191169255e-09
Disease	disease_18239	6.2261631513850475e-09
Disease	disease_14278	6.218135618296427e-09
Disease	disease_18069	6.2167821248141416e-09
Disease	disease_30912	6.212659593454417e-09
Disease	disease_10959	6.207290106995241e-09
Disease	disease_33662	6.203642089101842e-09
Disease	disease_3177	6.200298703892778e-09
Disease	disease_44209	6.19810759038027e-09
Disease	disease_9582	6.197279283870362e-09
Disease	disease_2899	6.195998727896316e-09
Disease	disease_13084	6.195998727896316e-09
Disease	disease_5598	6.195998727896316e-09
Disease	disease_14774	6.195998727896316e-09
Disease	disease_13086	6.195998727896316e-09
Disease	disease_13085	6.195998727896316e-09
Disease	disease_7092	6.195022144940278e-09
Disease	disease_17736	6.1931108638356705e-09
Disease	disease_15928	6.191936888115672e-09
Disease	disease_15091	6.189103002358596e-09
Disease	disease_12662	6.187000003217911e-09
Disease	disease_17228	6.184980842019688e-09
Disease	disease_19264	6.183262272251596e-09
Disease	disease_32817	6.180472116061038e-09
Disease	disease_7859	6.177465343547606e-09
Disease	disease_7767	6.176320557762543e-09
Disease	disease_32897	6.176113673056156e-09
Disease	disease_42972	6.174659400979196e-09
Disease	disease_32904	6.170589372245863e-09
Disease	disease_9906	6.170278537651277e-09
Disease	disease_14040	6.170056086338939e-09
Disease	disease_20219	6.168162967452338e-09
Disease	disease_27026	6.165932930141542e-09
Disease	disease_764	6.165869067770819e-09
Disease	disease_9437	6.164690801124454e-09
Disease	disease_24542	6.163446664679155e-09
Disease	disease_14665	6.163368094689941e-09
Disease	disease_8362	6.15765322956451e-09
Disease	disease_23243	6.155667869860892e-09
Disease	disease_23054	6.150152652768544e-09
Disease	disease_43959	6.146585187335565e-09
Disease	disease_2968	6.146585187335565e-09
Disease	disease_13890	6.146514915617288e-09
Disease	disease_22529	6.143829005708826e-09
Disease	disease_14360	6.143771219876104e-09
Disease	disease_7350	6.140176212675923e-09
Disease	disease_2911	6.137721305181688e-09
Disease	disease_6960	6.135372732063034e-09
Disease	disease_16607	6.131708677630126e-09
Disease	disease_9085	6.131351600672959e-09
Disease	disease_11035	6.127551672945225e-09
Disease	disease_3660	6.1267356498226195e-09
Disease	disease_9360	6.124464820720535e-09
Disease	disease_32617	6.119844663833226e-09
Disease	disease_6013	6.115328532200684e-09
Disease	disease_11656	6.114476210184702e-09
Disease	disease_1859	6.112004799885491e-09
Disease	disease_24351	6.111187232168092e-09
Disease	disease_24556	6.109422838245113e-09
Disease	disease_8568	6.106791693509151e-09
Disease	disease_16597	6.1063346559993195e-09
Disease	disease_31230	6.105888211689196e-09
Disease	disease_21408	6.1038617768709186e-09
Disease	disease_21418	6.1038617768709186e-09
Disease	disease_13154	6.100795600523238e-09
Disease	disease_54801	6.098479609300239e-09
Disease	disease_2541	6.0981373693753346e-09
Disease	disease_24299	6.093021268787031e-09
Disease	disease_5515	6.089722107719305e-09
Disease	disease_14781	6.088556736619431e-09
Disease	disease_6845	6.086064283677806e-09
Disease	disease_11106	6.0795480399274005e-09
Disease	disease_5524	6.079209298406755e-09
Disease	disease_2552	6.078711172998584e-09
Disease	disease_8481	6.077429393445378e-09
Disease	disease_9621	6.074838406592828e-09
Disease	disease_4104	6.074484608113558e-09
Disease	disease_1041	6.072001151184546e-09
Disease	disease_18232	6.068466404987135e-09
Disease	disease_8005	6.067992194324315e-09
Disease	disease_14043	6.067329248606286e-09
Disease	disease_6077	6.067296000376153e-09
Disease	disease_15005	6.066567720261471e-09
Disease	disease_16528	6.0651835775286426e-09
Disease	disease_7793	6.064231012591865e-09
Disease	disease_21514	6.063454033345631e-09
Disease	disease_16951	6.058950521320971e-09
Disease	disease_2424	6.05696043956487e-09
Disease	disease_4848	6.0554043710992525e-09
Disease	disease_32838	6.054788578066042e-09
Disease	disease_30847	6.053616859629716e-09
Disease	disease_8313	6.051929783517771e-09
Disease	disease_17758	6.049097869831103e-09
Disease	disease_9045	6.048305006873926e-09
Disease	disease_14679	6.044947276157593e-09
Disease	disease_25420	6.044228802627594e-09
Disease	disease_11778	6.042737167895103e-09
Disease	disease_19421	6.0366841569943315e-09
Disease	disease_54669	6.0345246245988275e-09
Disease	disease_43544	6.028957780064953e-09
Disease	disease_25082	6.028716709148558e-09
Disease	disease_13953	6.028368675312184e-09
Disease	disease_32789	6.027542365533981e-09
Disease	disease_24554	6.0253100919126e-09
Disease	disease_20766	6.0249962789308585e-09
Disease	disease_10465	6.02065778565173e-09
Disease	disease_6984	6.017940035045468e-09
Disease	disease_20145	6.016461969193016e-09
Disease	disease_17323	6.015856117034058e-09
Disease	disease_12156	6.015771070706351e-09
Disease	disease_4255	6.013547157580254e-09
Disease	disease_30875	6.013267422488439e-09
Disease	disease_2543	6.0082853682985585e-09
Disease	disease_9954	6.0054669967990085e-09
Disease	disease_1607	6.005408148831121e-09
Disease	disease_14836	6.000019420321553e-09
Disease	disease_6325	5.998517577410181e-09
Disease	disease_5278	5.996158586501976e-09
Disease	disease_10984	5.995176675167937e-09
Disease	disease_15714	5.994950785760494e-09
Disease	disease_21440	5.993015154517022e-09
Disease	disease_19696	5.9876166359668294e-09
Disease	disease_30012	5.9868695167326154e-09
Disease	disease_13796	5.982490526293856e-09
Disease	disease_45002	5.9823617287935604e-09
Disease	disease_32913	5.981607998089349e-09
Disease	disease_45019	5.979651994068314e-09
Disease	disease_18577	5.978481325796216e-09
Disease	disease_2073	5.97772724404689e-09
Disease	disease_11994	5.975808595583572e-09
Disease	disease_10559	5.972737374343361e-09
Disease	disease_4245	5.9694195663715e-09
Disease	disease_9943	5.966887079501672e-09
Disease	disease_16752	5.9660890354531245e-09
Disease	disease_16967	5.964401222808133e-09
Disease	disease_44329	5.963907700296559e-09
Disease	disease_1242	5.954691740698227e-09
Disease	disease_3739	5.953581697133458e-09
Disease	disease_32625	5.953089552539518e-09
Disease	disease_17135	5.952478278739658e-09
Disease	disease_9386	5.950434628332807e-09
Disease	disease_5497	5.946013137349805e-09
Disease	disease_3251	5.945355789285947e-09
Disease	disease_5998	5.944381549855504e-09
Disease	disease_6720	5.943884127774147e-09
Disease	disease_19472	5.943116530816208e-09
Disease	disease_9285	5.942117148118295e-09
Disease	disease_13805	5.939868668598538e-09
Disease	disease_9277	5.9373252186719884e-09
Disease	disease_24523	5.93508042582272e-09
Disease	disease_10371	5.934299261208506e-09
Disease	disease_44990	5.9340341610630565e-09
Disease	disease_18277	5.934030637933989e-09
Disease	disease_9296	5.931996774449277e-09
Disease	disease_1554	5.931634146930058e-09
Disease	disease_9127	5.9290052406511564e-09
Disease	disease_100328	5.92874485943246e-09
Disease	disease_17212	5.928388433075861e-09
Disease	disease_21075	5.9264955158702256e-09
Disease	disease_8024	5.924868211323723e-09
Disease	disease_21826	5.924505657193025e-09
Disease	disease_10090	5.923501823688854e-09
Disease	disease_12964	5.92124512783195e-09
Disease	disease_18335	5.919522263170459e-09
Disease	disease_11604	5.919452124967203e-09
Disease	disease_20846	5.918567434608571e-09
Disease	disease_8290	5.9178112545771475e-09
Disease	disease_9583	5.9161466716631425e-09
Disease	disease_24283	5.914650709823779e-09
Disease	disease_1128	5.898919812856497e-09
Disease	disease_7046	5.897890540390939e-09
Disease	disease_11133	5.896812612286319e-09
Disease	disease_299	5.8935091624983214e-09
Disease	disease_32824	5.890561809557897e-09
Disease	disease_14495	5.886211586952895e-09
Disease	disease_21808	5.88018901408511e-09
Disease	disease_2798	5.8786798514343566e-09
Disease	disease_3510	5.878560783285274e-09
Disease	disease_54845	5.878515941560869e-09
Disease	disease_3947	5.877966881338369e-09
Disease	disease_12382	5.876372238593118e-09
Disease	disease_1720	5.8752348462614986e-09
Disease	disease_18291	5.874158394465806e-09
Disease	disease_7717	5.8709828259577014e-09
Disease	disease_3648	5.870576948301473e-09
Disease	disease_14600	5.8686183047386996e-09
Disease	disease_2300	5.8664849866122325e-09
Disease	disease_12186	5.866236325066368e-09
Disease	disease_10667	5.8644428277935764e-09
Disease	disease_14338	5.862492747286174e-09
Disease	disease_9758	5.858884921878016e-09
Disease	disease_11595	5.858879942274225e-09
Disease	disease_15437	5.8555940332223445e-09
Disease	disease_14537	5.85495950308989e-09
Disease	disease_3079	5.854888963533283e-09
Disease	disease_17719	5.853302121029625e-09
Disease	disease_100297	5.8508948228594375e-09
Disease	disease_14585	5.850720132781077e-09
Disease	disease_11329	5.844303937239028e-09
Disease	disease_16103	5.8421533790906124e-09
Disease	disease_32895	5.8419975536728245e-09
Disease	disease_25485	5.840861192167057e-09
Disease	disease_18831	5.838804951970741e-09
Disease	disease_33564	5.832268218171057e-09
Disease	disease_16175	5.83154594390283e-09
Disease	disease_11196	5.830513454553377e-09
Disease	disease_32935	5.827448139548859e-09
Disease	disease_16785	5.8239198593846335e-09
Disease	disease_14487	5.820372261212089e-09
Disease	disease_9716	5.812200245293202e-09
Disease	disease_16540	5.811484383233947e-09
Disease	disease_19947	5.8102611441752656e-09
Disease	disease_20793	5.807842037022422e-09
Disease	disease_3985	5.800901472388755e-09
Disease	disease_4977	5.798657791656219e-09
Disease	disease_5078	5.7973172109616866e-09
Disease	disease_14349	5.793026858446202e-09
Disease	disease_2433	5.791548990477033e-09
Disease	disease_8183	5.7913558620965475e-09
Disease	disease_32842	5.7875647164533e-09
Disease	disease_1762	5.7845366191867245e-09
Disease	disease_14821	5.7842776641373305e-09
Disease	disease_1473	5.783877878977985e-09
Disease	disease_16196	5.782849032892096e-09
Disease	disease_19476	5.781594096606776e-09
Disease	disease_7912	5.779267041060996e-09
Disease	disease_13174	5.7765865223783995e-09
Disease	disease_7480	5.77320392062561e-09
Disease	disease_17939	5.772878107286692e-09
Disease	disease_8788	5.772304570741073e-09
Disease	disease_9142	5.77203710035465e-09
Disease	disease_33546	5.769134669769687e-09
Disease	disease_19648	5.765179533260449e-09
Disease	disease_33667	5.765074940893293e-09
Disease	disease_3573	5.764967209468635e-09
Disease	disease_8841	5.762689809551806e-09
Disease	disease_15539	5.7580950784829534e-09
Disease	disease_17831	5.752384060032534e-09
Disease	disease_9972	5.750979977759564e-09
Disease	disease_1383	5.750905665279778e-09
Disease	disease_14217	5.750666094775872e-09
Disease	disease_5163	5.7499334526290915e-09
Disease	disease_24797	5.749146221016789e-09
Disease	disease_17970	5.748858577033016e-09
Disease	disease_54763	5.74846283703818e-09
Disease	disease_19426	5.74722728343822e-09
Disease	disease_15301	5.743399189351545e-09
Disease	disease_3879	5.742057537669801e-09
Disease	disease_20684	5.7353355495253745e-09
Disease	disease_100247	5.732197593520849e-09
Disease	disease_19146	5.7314047267469704e-09
Disease	disease_12991	5.728268467831917e-09
Disease	disease_21562	5.726336243105905e-09
Disease	disease_6723	5.725896322476804e-09
Disease	disease_44969	5.725630637130543e-09
Disease	disease_5167	5.7250900891767286e-09
Disease	disease_8707	5.72443202010285e-09
Disease	disease_3312	5.720621990512899e-09
Disease	disease_15153	5.720435088504372e-09
Disease	disease_7555	5.719460828650362e-09
Disease	disease_15798	5.719280154470203e-09
Disease	disease_60671	5.719013051850157e-09
Disease	disease_11431	5.715062889743011e-09
Disease	disease_16991	5.711275466837608e-09
Disease	disease_2386	5.709044891408111e-09
Disease	disease_15214	5.707895991461925e-09
Disease	disease_21386	5.704046961085414e-09
Disease	disease_12464	5.703228713981472e-09
Disease	disease_19456	5.701913625123436e-09
Disease	disease_43904	5.701470782386928e-09
Disease	disease_14344	5.7005033170729025e-09
Disease	disease_60551	5.699655817394121e-09
Disease	disease_4744	5.696424667939857e-09
Disease	disease_3719	5.693077294509608e-09
Disease	disease_13321	5.691682051966252e-09
Disease	disease_10141	5.69080097646941e-09
Disease	disease_14532	5.6904774956771095e-09
Disease	disease_20635	5.687948468743313e-09
Disease	disease_5562	5.687085884542053e-09
Disease	disease_583	5.685678098270376e-09
Disease	disease_4600	5.684803164380294e-09
Disease	disease_10381	5.681640608980094e-09
Disease	disease_13518	5.67968411997741e-09
Disease	disease_4048	5.678740413625624e-09
Disease	disease_5991	5.670576082972733e-09
Disease	disease_15820	5.67056264414471e-09
Disease	disease_11888	5.669612938335962e-09
Disease	disease_6541	5.668302124368444e-09
Disease	disease_9347	5.667247650971421e-09
Disease	disease_19412	5.667171472795558e-09
Disease	disease_7436	5.665566171181042e-09
Disease	disease_7877	5.665294862655825e-09
Disease	disease_3772	5.660408306835186e-09
Disease	disease_7143	5.658799021792838e-09
Disease	disease_18847	5.655562345714541e-09
Disease	disease_7901	5.654925023890389e-09
Disease	disease_10579	5.6545425098963894e-09
Disease	disease_32703	5.651593250344129e-09
Disease	disease_16884	5.651440754353119e-09
Disease	disease_5486	5.651277396505579e-09
Disease	disease_14045	5.646148190873516e-09
Disease	disease_10152	5.644911647780739e-09
Disease	disease_13114	5.643041736573427e-09
Disease	disease_20475	5.642688121084779e-09
Disease	disease_16643	5.642565218501967e-09
Disease	disease_20518	5.639898284596885e-09
Disease	disease_8724	5.6372481589475564e-09
Disease	disease_18675	5.636310525644e-09
Disease	disease_16191	5.635884582962606e-09
Disease	disease_44310	5.631692668703622e-09
Disease	disease_13396	5.629806916094517e-09
Disease	disease_14187	5.629151431585936e-09
Disease	disease_10133	5.627540926193974e-09
Disease	disease_14813	5.626426257498649e-09
Disease	disease_14024	5.6261253615178345e-09
Disease	disease_18122	5.625649259490094e-09
Disease	disease_20519	5.624880692333138e-09
Disease	disease_9401	5.624776306640948e-09
Disease	disease_15109	5.624448128800752e-09
Disease	disease_18745	5.622975971303169e-09
Disease	disease_100128	5.6188217786071556e-09
Disease	disease_5799	5.6188217786071556e-09
Disease	disease_43892	5.6188217786071556e-09
Disease	disease_17686	5.61751167994732e-09
Disease	disease_19666	5.616037121466509e-09
Disease	disease_12157	5.612542172871014e-09
Disease	disease_532	5.608615733127714e-09
Disease	disease_16811	5.606772295292124e-09
Disease	disease_13341	5.605105784049661e-09
Disease	disease_9199	5.598776244745349e-09
Disease	disease_33565	5.597662574384663e-09
Disease	disease_11155	5.589740050448254e-09
Disease	disease_10612	5.589356192164016e-09
Disease	disease_16606	5.5875922344583856e-09
Disease	disease_13274	5.587225729079313e-09
Disease	disease_11043	5.5860450764735505e-09
Disease	disease_33373	5.585910881222608e-09
Disease	disease_60549	5.585022151326029e-09
Disease	disease_33717	5.584261709337445e-09
Disease	disease_10786	5.5823017493202505e-09
Disease	disease_13947	5.580786086122606e-09
Disease	disease_24615	5.5802557003261025e-09
Disease	disease_17156	5.5793141394720545e-09
Disease	disease_17154	5.5793141394720545e-09
Disease	disease_17153	5.5793141394720545e-09
Disease	disease_17155	5.5793141394720545e-09
Disease	disease_743	5.576235112034517e-09
Disease	disease_16946	5.574094689380811e-09
Disease	disease_10753	5.573884031623586e-09
Disease	disease_7241	5.573749672126087e-09
Disease	disease_9642	5.568195337743112e-09
Disease	disease_13957	5.568180481697926e-09
Disease	disease_32688	5.567933456864912e-09
Disease	disease_44355	5.5652979261205005e-09
Disease	disease_18783	5.5652979261205005e-09
Disease	disease_12806	5.565292487632628e-09
Disease	disease_6832	5.563279302616277e-09
Disease	disease_1832	5.5630288410742654e-09
Disease	disease_9463	5.5599568853117085e-09
Disease	disease_11931	5.555836142016059e-09
Disease	disease_2223	5.555836142016059e-09
Disease	disease_2224	5.555836142016059e-09
Disease	disease_290	5.55432688469168e-09
Disease	disease_33259	5.5536472659827835e-09
Disease	disease_14958	5.552884455491167e-09
Disease	disease_19745	5.552637168945906e-09
Disease	disease_32939	5.5519953894415375e-09
Disease	disease_37737	5.550056225235252e-09
Disease	disease_5634	5.546799610236275e-09
Disease	disease_9847	5.546439807830749e-09
Disease	disease_9921	5.544898156335476e-09
Disease	disease_40653	5.544766388379729e-09
Disease	disease_10289	5.54452558898958e-09
Disease	disease_23538	5.540319695111377e-09
Disease	disease_12859	5.540306316441195e-09
Disease	disease_17031	5.5395340380581265e-09
Disease	disease_3297	5.537632936684871e-09
Disease	disease_21218	5.537510989136295e-09
Disease	disease_3046	5.537194288728543e-09
Disease	disease_33352	5.537061643374046e-09
Disease	disease_24608	5.536047578965164e-09
Disease	disease_12216	5.534667588548873e-09
Disease	disease_9729	5.53448161522078e-09
Disease	disease_16375	5.534128391596731e-09
Disease	disease_14614	5.533086525642621e-09
Disease	disease_9024	5.527544780938847e-09
Disease	disease_10764	5.5271776158085944e-09
Disease	disease_12397	5.525887445306121e-09
Disease	disease_10463	5.522555639379955e-09
Disease	disease_20740	5.522152949439687e-09
Disease	disease_10970	5.518703991147906e-09
Disease	disease_20723	5.515028769571792e-09
Disease	disease_32705	5.514211813080572e-09
Disease	disease_8128	5.514086768568633e-09
Disease	disease_10992	5.504020582859203e-09
Disease	disease_34109	5.503541038208687e-09
Disease	disease_19746	5.501219325764848e-09
Disease	disease_7724	5.499876483238128e-09
Disease	disease_3174	5.49836075610063e-09
Disease	disease_9901	5.49587115505351e-09
Disease	disease_6219	5.4944209171406386e-09
Disease	disease_11230	5.488352047457895e-09
Disease	disease_6143	5.487446359558799e-09
Disease	disease_3199	5.485121140870241e-09
Disease	disease_2812	5.48375349498328e-09
Disease	disease_9356	5.483675678887025e-09
Disease	disease_18774	5.4823552977616276e-09
Disease	disease_14951	5.479625578260131e-09
Disease	disease_307	5.479093686042913e-09
Disease	disease_7663	5.478215974039904e-09
Disease	disease_14594	5.4768169612652e-09
Disease	disease_2930	5.475186960632706e-09
Disease	disease_44626	5.472346448830312e-09
Disease	disease_13593	5.469635973631922e-09
Disease	disease_9030	5.4660303320654675e-09
Disease	disease_1507	5.4636948499678596e-09
Disease	disease_17023	5.463281400006474e-09
Disease	disease_15873	5.461315340877119e-09
Disease	disease_2365	5.4610974394818994e-09
Disease	disease_8151	5.460914193683318e-09
Disease	disease_18495	5.4603174628451314e-09
Disease	disease_15002	5.4600912724556374e-09
Disease	disease_3708	5.458809254390448e-09
Disease	disease_7892	5.458570786329229e-09
Disease	disease_43168	5.456402571215613e-09
Disease	disease_13272	5.455087868428694e-09
Disease	disease_24913	5.455070580685875e-09
Disease	disease_13501	5.451181807466166e-09
Disease	disease_100121	5.442847047020054e-09
Disease	disease_20069	5.442794351090216e-09
Disease	disease_2327	5.441752449399624e-09
Disease	disease_11708	5.441435210024855e-09
Disease	disease_18395	5.4398116079519715e-09
Disease	disease_100015	5.4393990519136804e-09
Disease	disease_32931	5.43805910707092e-09
Disease	disease_13632	5.4375831746312035e-09
Disease	disease_105	5.435552891412997e-09
Disease	disease_3959	5.435281659659459e-09
Disease	disease_17329	5.434240055470272e-09
Disease	disease_15934	5.434007100498336e-09
Disease	disease_14569	5.432448213823568e-09
Disease	disease_11389	5.430282322284933e-09
Disease	disease_12030	5.426801588339698e-09
Disease	disease_18359	5.425681577209846e-09
Disease	disease_8982	5.425116764798215e-09
Disease	disease_2113	5.422586732571249e-09
Disease	disease_10424	5.420799463567662e-09
Disease	disease_21143	5.4204732202049405e-09
Disease	disease_13975	5.419373291901241e-09
Disease	disease_13820	5.416482201557462e-09
Disease	disease_12302	5.41453315037478e-09
Disease	disease_16788	5.4130171090954455e-09
Disease	disease_32871	5.41153389453177e-09
Disease	disease_11748	5.411209558835552e-09
Disease	disease_13821	5.410990015662494e-09
Disease	disease_13935	5.4077599711191344e-09
Disease	disease_15459	5.40562195656764e-09
Disease	disease_44699	5.405057907540943e-09
Disease	disease_814	5.404388707324037e-09
Disease	disease_8934	5.4011400346851545e-09
Disease	disease_11615	5.401134091163468e-09
Disease	disease_9581	5.398460454576171e-09
Disease	disease_14704	5.3958819929921105e-09
Disease	disease_12924	5.395584095445082e-09
Disease	disease_19108	5.392104487952571e-09
Disease	disease_9903	5.391636789265739e-09
Disease	disease_13576	5.384246614607435e-09
Disease	disease_19697	5.3831210975470685e-09
Disease	disease_8293	5.380895388556416e-09
Disease	disease_22754	5.377107278872747e-09
Disease	disease_33361	5.376160509845387e-09
Disease	disease_10313	5.375619462087086e-09
Disease	disease_60490	5.371189827705556e-09
Disease	disease_14185	5.3704295761994205e-09
Disease	disease_14001	5.368152905279817e-09
Disease	disease_7833	5.367318203484172e-09
Disease	disease_13763	5.364989286988571e-09
Disease	disease_21512	5.362477503516174e-09
Disease	disease_16573	5.360631082226267e-09
Disease	disease_15369	5.3579246260911425e-09
Disease	disease_60577	5.351634568447237e-09
Disease	disease_11971	5.350610622292239e-09
Disease	disease_27772	5.3464618893087364e-09
Disease	disease_12013	5.346455830855043e-09
Disease	disease_21420	5.346103811977919e-09
Disease	disease_14863	5.3455383396862245e-09
Disease	disease_3314	5.344593459505784e-09
Disease	disease_9164	5.341340790784182e-09
Disease	disease_12965	5.341009091310623e-09
Disease	disease_16764	5.340804139514933e-09
Disease	disease_9112	5.340153109189714e-09
Disease	disease_6228	5.338392376503714e-09
Disease	disease_44350	5.332264155078317e-09
Disease	disease_3874	5.330615201654065e-09
Disease	disease_21164	5.327526156325127e-09
Disease	disease_3396	5.327323060001362e-09
Disease	disease_16874	5.3251764448322145e-09
Disease	disease_874	5.32443583964086e-09
Disease	disease_60621	5.321319719973255e-09
Disease	disease_13892	5.318831579088105e-09
Disease	disease_20710	5.314823026476878e-09
Disease	disease_259	5.311684939021641e-09
Disease	disease_60662	5.310917127853989e-09
Disease	disease_33618	5.3101749651626545e-09
Disease	disease_19375	5.309542449512467e-09
Disease	disease_13435	5.309455446907702e-09
Disease	disease_118	5.306049263617984e-09
Disease	disease_24481	5.303680253903243e-09
Disease	disease_32714	5.303306486910554e-09
Disease	disease_10194	5.302275123376895e-09
Disease	disease_16786	5.301109933256615e-09
Disease	disease_16744	5.300919919483418e-09
Disease	disease_17194	5.299301165868816e-09
Disease	disease_9435	5.292855444167835e-09
Disease	disease_10873	5.292056083943133e-09
Disease	disease_11234	5.291911094507471e-09
Disease	disease_7740	5.291666083265825e-09
Disease	disease_12309	5.290231227554715e-09
Disease	disease_32577	5.289513549963147e-09
Disease	disease_32755	5.288630927773099e-09
Disease	disease_14841	5.288095721605593e-09
Disease	disease_2381	5.286740625225564e-09
Disease	disease_7050	5.281841229458855e-09
Disease	disease_12037	5.28177089420567e-09
Disease	disease_9166	5.2816284066936725e-09
Disease	disease_2045	5.278201339576542e-09
Disease	disease_12668	5.275821541516998e-09
Disease	disease_11054	5.27561309968154e-09
Disease	disease_33658	5.273860804135957e-09
Disease	disease_15018	5.2733752169958236e-09
Disease	disease_16254	5.272336209780935e-09
Disease	disease_18276	5.269393466391354e-09
Disease	disease_2270	5.269305701557136e-09
Disease	disease_13190	5.269281030313469e-09
Disease	disease_16280	5.268858811940609e-09
Disease	disease_43762	5.2683582390034846e-09
Disease	disease_5551	5.26741143258212e-09
Disease	disease_32690	5.264610735621499e-09
Disease	disease_33280	5.261645663030698e-09
Disease	disease_11713	5.260653381104785e-09
Disease	disease_100320	5.260018975876351e-09
Disease	disease_17330	5.2583483333576414e-09
Disease	disease_6737	5.2583483333576414e-09
Disease	disease_1976	5.2583483333576414e-09
Disease	disease_14833	5.257312123390046e-09
Disease	disease_12571	5.25640539235962e-09
Disease	disease_13173	5.255758381459382e-09
Disease	disease_7593	5.254400097548031e-09
Disease	disease_20770	5.251117081186968e-09
Disease	disease_6922	5.2503661584630486e-09
Disease	disease_15137	5.249427939236096e-09
Disease	disease_8351	5.246093578732357e-09
Disease	disease_8037	5.246093578732357e-09
Disease	disease_8959	5.243998495093694e-09
Disease	disease_6583	5.243230320825633e-09
Disease	disease_44206	5.243096984039008e-09
Disease	disease_32670	5.242954131758239e-09
Disease	disease_12080	5.242764897111726e-09
Disease	disease_10727	5.241723508650449e-09
Disease	disease_13351	5.2411646671404396e-09
Disease	disease_18834	5.239154817886863e-09
Disease	disease_32906	5.236028380564542e-09
Disease	disease_32611	5.23601555036225e-09
Disease	disease_12077	5.23562853790202e-09
Disease	disease_24572	5.235138679869871e-09
Disease	disease_17058	5.2346962824640566e-09
Disease	disease_18601	5.233066554008449e-09
Disease	disease_12353	5.232787087390315e-09
Disease	disease_15675	5.232542329760619e-09
Disease	disease_20041	5.232414311037444e-09
Disease	disease_7138	5.230554915287727e-09
Disease	disease_5914	5.227271429319818e-09
Disease	disease_14314	5.225209477512645e-09
Disease	disease_25449	5.224736571713606e-09
Disease	disease_14677	5.222788786225021e-09
Disease	disease_7604	5.218788084605619e-09
Disease	disease_7970	5.2186025860215825e-09
Disease	disease_16697	5.218046325165414e-09
Disease	disease_7610	5.217530731835027e-09
Disease	disease_12657	5.216165614338228e-09
Disease	disease_4991	5.215852160681848e-09
Disease	disease_1818	5.215116893606493e-09
Disease	disease_45038	5.214880096431579e-09
Disease	disease_3343	5.214150417400674e-09
Disease	disease_24419	5.211548764507487e-09
Disease	disease_9445	5.211547488783371e-09
Disease	disease_4409	5.211303642033607e-09
Disease	disease_16950	5.20768512472867e-09
Disease	disease_4463	5.2010118046797695e-09
Disease	disease_12907	5.194430944895728e-09
Disease	disease_15483	5.194083576760506e-09
Disease	disease_10751	5.193795291832099e-09
Disease	disease_21041	5.193042595828794e-09
Disease	disease_18379	5.186456411419031e-09
Disease	disease_15320	5.1858423298412076e-09
Disease	disease_6282	5.1830990104233824e-09
Disease	disease_33364	5.180952592383299e-09
Disease	disease_9094	5.1797809096505925e-09
Disease	disease_17188	5.176426331061523e-09
Disease	disease_19334	5.176426331061523e-09
Disease	disease_32804	5.174701298524364e-09
Disease	disease_17921	5.171655389165311e-09
Disease	disease_15557	5.168039155203175e-09
Disease	disease_15558	5.168039155203175e-09
Disease	disease_3163	5.16388820305326e-09
Disease	disease_19983	5.160431478533169e-09
Disease	disease_32876	5.159994596244529e-09
Disease	disease_13551	5.155903652332645e-09
Disease	disease_24507	5.1516917401384096e-09
Disease	disease_40675	5.151378611240516e-09
Disease	disease_14347	5.151087322778333e-09
Disease	disease_10043	5.150956610160315e-09
Disease	disease_1374	5.150816091647408e-09
Disease	disease_1715	5.150446428791824e-09
Disease	disease_11293	5.149355807631739e-09
Disease	disease_1907	5.148359212212954e-09
Disease	disease_32570	5.146751884198127e-09
Disease	disease_32737	5.1464221721963015e-09
Disease	disease_13307	5.140299503749111e-09
Disease	disease_7659	5.1400690666945865e-09
Disease	disease_16718	5.139992022485033e-09
Disease	disease_10596	5.138815813383049e-09
Disease	disease_13172	5.136860714708684e-09
Disease	disease_8253	5.1346447156572405e-09
Disease	disease_16198	5.1329633108488404e-09
Disease	disease_7410	5.130207078151784e-09
Disease	disease_6128	5.130005380155991e-09
Disease	disease_11263	5.1297149896217135e-09
Disease	disease_1867	5.1284073229631315e-09
Disease	disease_8366	5.127950683970712e-09
Disease	disease_60510	5.1277530418266204e-09
Disease	disease_14862	5.127681425922578e-09
Disease	disease_19272	5.126501652725653e-09
Disease	disease_6170	5.1250457521736785e-09
Disease	disease_2138	5.122887012676558e-09
Disease	disease_6752	5.1205147373301176e-09
Disease	disease_5593	5.1180421330348525e-09
Disease	disease_9749	5.1179036250847275e-09
Disease	disease_3494	5.1159661284513305e-09
Disease	disease_4816	5.115900567044597e-09
Disease	disease_17087	5.113738128501924e-09
Disease	disease_17088	5.113738128501924e-09
Disease	disease_13176	5.113712132968536e-09
Disease	disease_18644	5.109546021423805e-09
Disease	disease_3405	5.108767190790644e-09
Disease	disease_13918	5.107118756250257e-09
Disease	disease_630	5.103815244939751e-09
Disease	disease_18017	5.102994633164412e-09
Disease	disease_60764	5.101253455054833e-09
Disease	disease_20217	5.099793221828871e-09
Disease	disease_14199	5.099381495173882e-09
Disease	disease_1479	5.096268425140711e-09
Disease	disease_18978	5.095265152315958e-09
Disease	disease_11019	5.094199089706992e-09
Disease	disease_100068	5.093225944801388e-09
Disease	disease_12427	5.092317469788506e-09
Disease	disease_14855	5.0923060780749246e-09
Disease	disease_24570	5.090560824824157e-09
Disease	disease_5103	5.090087775717401e-09
Disease	disease_15097	5.088187334338836e-09
Disease	disease_2603	5.088084706184375e-09
Disease	disease_13620	5.086074780080019e-09
Disease	disease_634	5.084277427352834e-09
Disease	disease_12383	5.084277210536436e-09
Disease	disease_45015	5.084092007878012e-09
Disease	disease_15441	5.083093964618351e-09
Disease	disease_6107	5.082961533421193e-09
Disease	disease_19670	5.082573402211943e-09
Disease	disease_33092	5.0795806783654056e-09
Disease	disease_11828	5.079228715701949e-09
Disease	disease_400000	5.077480117220471e-09
Disease	disease_972	5.077375645382956e-09
Disease	disease_17357	5.076773902265124e-09
Disease	disease_9361	5.075784679689334e-09
Disease	disease_14064	5.0756830455665685e-09
Disease	disease_8076	5.0754590560083e-09
Disease	disease_503	5.0747899813177255e-09
Disease	disease_18511	5.069387418343264e-09
Disease	disease_44273	5.0667509257281675e-09
Disease	disease_13273	5.066363723395846e-09
Disease	disease_8115	5.0662052558619574e-09
Disease	disease_4007	5.0660084120293145e-09
Disease	disease_14155	5.065594195206929e-09
Disease	disease_16136	5.064301246763526e-09
Disease	disease_14699	5.063098738603507e-09
Disease	disease_13917	5.062089181511064e-09
Disease	disease_10909	5.061230124487267e-09
Disease	disease_12683	5.060567725921545e-09
Disease	disease_2329	5.058254273077508e-09
Disease	disease_8915	5.053605929953956e-09
Disease	disease_18627	5.053444624136355e-09
Disease	disease_40677	5.052736405217571e-09
Disease	disease_12171	5.05235727464848e-09
Disease	disease_10489	5.051044938457059e-09
Disease	disease_9015	5.050293850363067e-09
Disease	disease_40501	5.047741968213273e-09
Disease	disease_37735	5.047469009849597e-09
Disease	disease_17711	5.0473213594230955e-09
Disease	disease_13645	5.04721613170884e-09
Disease	disease_12708	5.045576677500831e-09
Disease	disease_15941	5.041938296745557e-09
Disease	disease_17799	5.040412702466294e-09
Disease	disease_10583	5.038448662361046e-09
Disease	disease_44642	5.0382290486774776e-09
Disease	disease_9884	5.034994953052685e-09
Disease	disease_13308	5.0318549587837425e-09
Disease	disease_32572	5.031629403709062e-09
Disease	disease_21545	5.031105265018296e-09
Disease	disease_4642	5.031072753393226e-09
Disease	disease_13216	5.030804683085153e-09
Disease	disease_3181	5.02535119758107e-09
Disease	disease_16420	5.0234952284785004e-09
Disease	disease_20771	5.02062842794973e-09
Disease	disease_17604	5.019889333436138e-09
Disease	disease_9402	5.0184024735031335e-09
Disease	disease_7615	5.0182824724928306e-09
Disease	disease_1606	5.015465495324435e-09
Disease	disease_33570	5.015315928923165e-09
Disease	disease_12500	5.014949655664193e-09
Disease	disease_43985	5.014857429931263e-09
Disease	disease_32808	5.0137505619475976e-09
Disease	disease_1165	5.0123352812213216e-09
Disease	disease_5250	5.011262690756559e-09
Disease	disease_8945	5.007691669573129e-09
Disease	disease_32573	5.005681671093032e-09
Disease	disease_13665	5.004177976392397e-09
Disease	disease_18121	5.002713096337345e-09
Disease	disease_14197	5.00062280967464e-09
Disease	disease_44309	4.9985110869422686e-09
Disease	disease_16176	4.9981396641770975e-09
Disease	disease_15781	4.994532937603969e-09
Disease	disease_60589	4.992997300251578e-09
Disease	disease_13835	4.992903307534214e-09
Disease	disease_14138	4.986236563571499e-09
Disease	disease_12398	4.985703596469083e-09
Disease	disease_19772	4.98412965326761e-09
Disease	disease_4653	4.978397046122146e-09
Disease	disease_3846	4.974576813101671e-09
Disease	disease_10380	4.973201675836741e-09
Disease	disease_20763	4.972521698048526e-09
Disease	disease_10271	4.9716199532608215e-09
Disease	disease_5085	4.9702669810549e-09
Disease	disease_21506	4.9697059698401004e-09
Disease	disease_9671	4.968817956789476e-09
Disease	disease_60554	4.967757217913266e-09
Disease	disease_40566	4.964306931547309e-09
Disease	disease_7346	4.961932255904992e-09
Disease	disease_21505	4.957411662931688e-09
Disease	disease_2558	4.9571942462718275e-09
Disease	disease_7873	4.956776163506503e-09
Disease	disease_19738	4.954559160038814e-09
Disease	disease_7486	4.9542456740386815e-09
Disease	disease_45004	4.953100286351172e-09
Disease	disease_11271	4.952957125863393e-09
Disease	disease_14811	4.9491180273213874e-09
Disease	disease_13934	4.947103962596637e-09
Disease	disease_18758	4.944218680681137e-09
Disease	disease_649	4.942915818413653e-09
Disease	disease_19820	4.9408765547134916e-09
Disease	disease_21396	4.936223433755638e-09
Disease	disease_32942	4.936129253993191e-09
Disease	disease_17626	4.936028750491379e-09
Disease	disease_11832	4.933335936286445e-09
Disease	disease_7077	4.9272102741621484e-09
Disease	disease_1498	4.925617246801345e-09
Disease	disease_14496	4.918949368412659e-09
Disease	disease_24565	4.917147819663159e-09
Disease	disease_13837	4.916908762198102e-09
Disease	disease_16171	4.915851820646585e-09
Disease	disease_14303	4.915591576580141e-09
Disease	disease_6829	4.914882438188813e-09
Disease	disease_43123	4.914329207659516e-09
Disease	disease_8598	4.912636737423906e-09
Disease	disease_11909	4.912158506237082e-09
Disease	disease_10964	4.906415419180885e-09
Disease	disease_32887	4.905930886633792e-09
Disease	disease_1584	4.903833284335383e-09
Disease	disease_9996	4.903825587345824e-09
Disease	disease_44742	4.903505541903633e-09
Disease	disease_8635	4.900605883391364e-09
Disease	disease_7769	4.900301303925148e-09
Disease	disease_2175	4.897269386424732e-09
Disease	disease_33362	4.895352257390725e-09
Disease	disease_13402	4.894516284766532e-09
Disease	disease_32937	4.893574153485081e-09
Disease	disease_5200	4.892631945535447e-09
Disease	disease_15801	4.892265281455322e-09
Disease	disease_14126	4.885830057526884e-09
Disease	disease_6155	4.8848635350049955e-09
Disease	disease_1465	4.884117016521587e-09
Disease	disease_4892	4.883833195587868e-09
Disease	disease_12757	4.8829965316554695e-09
Disease	disease_14995	4.880393095276674e-09
Disease	disease_9986	4.8790372857748655e-09
Disease	disease_11390	4.877310021149603e-09
Disease	disease_24415	4.874090359101582e-09
Disease	disease_12795	4.873644739400875e-09
Disease	disease_21348	4.872520596095264e-09
Disease	disease_9778	4.871683864070339e-09
Disease	disease_7846	4.869198827351894e-09
Disease	disease_8284	4.868973265861455e-09
Disease	disease_2601	4.8612707053704246e-09
Disease	disease_14012	4.859800058994074e-09
Disease	disease_18642	4.8597172786559445e-09
Disease	disease_100195	4.85820737785238e-09
Disease	disease_14579	4.855813801358664e-09
Disease	disease_12939	4.855260840566675e-09
Disease	disease_14726	4.8547195175852306e-09
Disease	disease_14398	4.8541276144184894e-09
Disease	disease_5739	4.853295363435203e-09
Disease	disease_6311	4.853159152017833e-09
Disease	disease_9346	4.850891567845505e-09
Disease	disease_400005	4.850157740175467e-09
Disease	disease_14397	4.848653054045588e-09
Disease	disease_24519	4.846939564928951e-09
Disease	disease_17807	4.845325898017951e-09
Disease	disease_1109	4.845143909681116e-09
Disease	disease_2684	4.843763762996033e-09
Disease	disease_2683	4.843763762996033e-09
Disease	disease_20774	4.8437119193459995e-09
Disease	disease_9320	4.84271659718007e-09
Disease	disease_9076	4.842107070015395e-09
Disease	disease_23601	4.841995808729604e-09
Disease	disease_5588	4.838952664944686e-09
Disease	disease_27751	4.8366167960729146e-09
Disease	disease_27750	4.8366167960729146e-09
Disease	disease_10566	4.836576185514633e-09
Disease	disease_24337	4.832317328955213e-09
Disease	disease_32816	4.831543535367402e-09
Disease	disease_12252	4.830964198726185e-09
Disease	disease_9875	4.829968509066705e-09
Disease	disease_24518	4.824873477369352e-09
Disease	disease_30919	4.824425034532866e-09
Disease	disease_12078	4.824073550347347e-09
Disease	disease_11772	4.823849500286351e-09
Disease	disease_16851	4.823286819259432e-09
Disease	disease_32568	4.8229305883314575e-09
Disease	disease_10066	4.822094613604279e-09
Disease	disease_13465	4.82109748173182e-09
Disease	disease_2139	4.821083914092684e-09
Disease	disease_1272	4.821083914092684e-09
Disease	disease_43343	4.821083914092684e-09
Disease	disease_6151	4.821083914092684e-09
Disease	disease_128	4.816512203106246e-09
Disease	disease_14429	4.814122152514797e-09
Disease	disease_1646	4.8116774708457415e-09
Disease	disease_12555	4.80995891225921e-09
Disease	disease_13214	4.809010189134858e-09
Disease	disease_5776	4.808059857501318e-09
Disease	disease_9793	4.807630766000688e-09
Disease	disease_12515	4.807063175456867e-09
Disease	disease_17845	4.807008877404459e-09
Disease	disease_6281	4.8063106334204425e-09
Disease	disease_5665	4.804726638528791e-09
Disease	disease_383	4.803903960393211e-09
Disease	disease_20679	4.803184112279811e-09
Disease	disease_9132	4.801754922533764e-09
Disease	disease_24358	4.80129175866015e-09
Disease	disease_8883	4.799887824203693e-09
Disease	disease_32697	4.799179745866007e-09
Disease	disease_1451	4.798087143787237e-09
Disease	disease_15353	4.796329709965577e-09
Disease	disease_43765	4.792984909468828e-09
Disease	disease_44001	4.792984909468828e-09
Disease	disease_20707	4.792984909468828e-09
Disease	disease_3671	4.790228096945294e-09
Disease	disease_32877	4.789202604764293e-09
Disease	disease_4843	4.788416442003362e-09
Disease	disease_9547	4.786141156532523e-09
Disease	disease_11430	4.783884816367553e-09
Disease	disease_9122	4.783631611418739e-09
Disease	disease_6178	4.779383369536811e-09
Disease	disease_14924	4.77362023357515e-09
Disease	disease_10823	4.772862355915355e-09
Disease	disease_6771	4.772568286844346e-09
Disease	disease_11549	4.771740796961534e-09
Disease	disease_8400	4.770785603898423e-09
Disease	disease_21036	4.766935454394477e-09
Disease	disease_13118	4.76329858955385e-09
Disease	disease_20561	4.761742589759538e-09
Disease	disease_13605	4.761312549257558e-09
Disease	disease_14925	4.757496363917885e-09
Disease	disease_10684	4.755530304560945e-09
Disease	disease_250	4.7509271499178574e-09
Disease	disease_17399	4.7506775146907835e-09
Disease	disease_21013	4.749570814698194e-09
Disease	disease_13116	4.7482660522833206e-09
Disease	disease_14439	4.7466080229066265e-09
Disease	disease_44336	4.7457598431594135e-09
Disease	disease_20348	4.745497743452686e-09
Disease	disease_20349	4.745497743452686e-09
Disease	disease_33304	4.743670538609573e-09
Disease	disease_4663	4.741752121798008e-09
Disease	disease_54749	4.7410002190013356e-09
Disease	disease_15358	4.740436469585099e-09
Disease	disease_11985	4.739860115409366e-09
Disease	disease_6029	4.73635753043824e-09
Disease	disease_4442	4.73466466709029e-09
Disease	disease_16433	4.732839301564236e-09
Disease	disease_13140	4.732061332247097e-09
Disease	disease_15679	4.731384802561665e-09
Disease	disease_17316	4.7276640725214735e-09
Disease	disease_13239	4.7272798314878706e-09
Disease	disease_7406	4.726200815694153e-09
Disease	disease_21641	4.725793669482289e-09
Disease	disease_44201	4.7243610035671534e-09
Disease	disease_5031	4.724026587209658e-09
Disease	disease_32907	4.721494116694573e-09
Disease	disease_9599	4.7212202636391715e-09
Disease	disease_10569	4.7207714452476245e-09
Disease	disease_13058	4.7181993640811166e-09
Disease	disease_60562	4.716213829633381e-09
Disease	disease_32934	4.7123942019934575e-09
Disease	disease_13191	4.709676298093275e-09
Disease	disease_15289	4.709412400241231e-09
Disease	disease_16034	4.709356743743256e-09
Disease	disease_32620	4.7091680517351544e-09
Disease	disease_9869	4.707459142406904e-09
Disease	disease_6973	4.707091182865141e-09
Disease	disease_24392	4.7057058203129335e-09
Disease	disease_9914	4.7035249278985135e-09
Disease	disease_13119	4.702591007705135e-09
Disease	disease_12019	4.70216813161711e-09
Disease	disease_16012	4.700275075451818e-09
Disease	disease_749	4.696344627282054e-09
Disease	disease_1101	4.696344627282054e-09
Disease	disease_60555	4.695105312183981e-09
Disease	disease_12761	4.6942568296171296e-09
Disease	disease_12356	4.691115826820734e-09
Disease	disease_14807	4.690591382523529e-09
Disease	disease_4111	4.6904671291423275e-09
Disease	disease_5774	4.6900288573792876e-09
Disease	disease_3892	4.689843333868228e-09
Disease	disease_4127	4.689843333868228e-09
Disease	disease_18568	4.689510957186015e-09
Disease	disease_11914	4.689449505628706e-09
Disease	disease_11365	4.689401975732922e-09
Disease	disease_4446	4.685525661970949e-09
Disease	disease_100116	4.682527674967674e-09
Disease	disease_21134	4.681965061633267e-09
Disease	disease_9663	4.6813712417779495e-09
Disease	disease_32631	4.680717346101479e-09
Disease	disease_13819	4.6784454766115454e-09
Disease	disease_21250	4.677204568873648e-09
Disease	disease_14305	4.676431919549815e-09
Disease	disease_12725	4.676399936766386e-09
Disease	disease_11233	4.675527416664035e-09
Disease	disease_6167	4.673784458033248e-09
Disease	disease_3858	4.672623369960666e-09
Disease	disease_8127	4.672314397205482e-09
Disease	disease_45028	4.672043601290303e-09
Disease	disease_14683	4.6715139831576814e-09
Disease	disease_29136	4.671264492304283e-09
Disease	disease_7330	4.670600083600588e-09
Disease	disease_2137	4.670238471183892e-09
Disease	disease_17741	4.66946782823463e-09
Disease	disease_17062	4.665063772005988e-09
Disease	disease_20794	4.662384416236019e-09
Disease	disease_13882	4.6617631185944515e-09
Disease	disease_16889	4.660835667423289e-09
Disease	disease_3130	4.659469094798396e-09
Disease	disease_19246	4.659073969946228e-09
Disease	disease_5092	4.658837647841253e-09
Disease	disease_34186	4.658208967652625e-09
Disease	disease_9850	4.657841773389868e-09
Disease	disease_8173	4.655575362001223e-09
Disease	disease_14134	4.650553661869099e-09
Disease	disease_1471	4.64784376675945e-09
Disease	disease_19222	4.644050028988711e-09
Disease	disease_20769	4.642361251808121e-09
Disease	disease_8026	4.641494360521084e-09
Disease	disease_7991	4.638349597335665e-09
Disease	disease_8703	4.6367886648795756e-09
Disease	disease_11008	4.636028643613761e-09
Disease	disease_5895	4.634908416618509e-09
Disease	disease_4672	4.634908416618509e-09
Disease	disease_5802	4.634908416618509e-09
Disease	disease_5705	4.634908416618509e-09
Disease	disease_5870	4.634908416618509e-09
Disease	disease_5759	4.634908416618509e-09
Disease	disease_295	4.634908416618509e-09
Disease	disease_4755	4.634908416618509e-09
Disease	disease_4666	4.634908416618509e-09
Disease	disease_5729	4.634908416618509e-09
Disease	disease_4662	4.634908416618509e-09
Disease	disease_7885	4.632832801693913e-09
Disease	disease_54750	4.632554737350222e-09
Disease	disease_10409	4.628643629271298e-09
Disease	disease_32730	4.6247265447802585e-09
Disease	disease_9327	4.624670483426546e-09
Disease	disease_10670	4.6245057335268615e-09
Disease	disease_17038	4.6240907544842765e-09
Disease	disease_11557	4.622168290185658e-09
Disease	disease_6961	4.6205939075953065e-09
Disease	disease_7577	4.617374872218312e-09
Disease	disease_13434	4.617258964878681e-09
Disease	disease_7424	4.61605867101006e-09
Disease	disease_8659	4.613606525637727e-09
Disease	disease_7082	4.6103390383435455e-09
Disease	disease_100161	4.6092097158464975e-09
Disease	disease_19775	4.609103592371901e-09
Disease	disease_13488	4.607980573384116e-09
Disease	disease_4110	4.60780747503849e-09
Disease	disease_6481	4.602680931212747e-09
Disease	disease_18445	4.599177508974038e-09
Disease	disease_13457	4.5951820541176746e-09
Disease	disease_13125	4.594763359540455e-09
Disease	disease_9237	4.592706054168728e-09
Disease	disease_2510	4.592698176757446e-09
Disease	disease_12468	4.5899871014356275e-09
Disease	disease_14302	4.589633208524742e-09
Disease	disease_476	4.586741278015693e-09
Disease	disease_10229	4.586679657725891e-09
Disease	disease_10923	4.585161846796417e-09
Disease	disease_12091	4.582811696444286e-09
Disease	disease_21913	4.581765812475768e-09
Disease	disease_14178	4.579818363097408e-09
Disease	disease_19419	4.579491272499997e-09
Disease	disease_3359	4.576322591727992e-09
Disease	disease_3356	4.576322591727992e-09
Disease	disease_14081	4.57608818726094e-09
Disease	disease_8039	4.576034960504105e-09
Disease	disease_10455	4.573046057822745e-09
Disease	disease_7589	4.572161304861264e-09
Disease	disease_20786	4.57017694870744e-09
Disease	disease_13741	4.570170476465698e-09
Disease	disease_1380	4.56958800013604e-09
Disease	disease_19417	4.566389962639157e-09
Disease	disease_17616	4.566389962639157e-09
Disease	disease_13029	4.563885111330203e-09
Disease	disease_563	4.563885111330203e-09
Disease	disease_21065	4.558243352162189e-09
Disease	disease_11860	4.556659960439098e-09
Disease	disease_8866	4.556044366086604e-09
Disease	disease_1434	4.555575332907417e-09
Disease	disease_7237	4.554737304980902e-09
Disease	disease_13622	4.552880094236984e-09
Disease	disease_33569	4.551652096245479e-09
Disease	disease_5900	4.549459131337455e-09
Disease	disease_3956	4.5484849062155645e-09
Disease	disease_8565	4.54778018821968e-09
Disease	disease_1211	4.546388971632908e-09
Disease	disease_11711	4.54389358024197e-09
Disease	disease_3990	4.542072738733459e-09
Disease	disease_19621	4.541700062394987e-09
Disease	disease_16186	4.5413044698618425e-09
Disease	disease_21650	4.540849552375348e-09
Disease	disease_11710	4.5407831500109406e-09
Disease	disease_32485	4.537837572478996e-09
Disease	disease_20796	4.534493412601102e-09
Disease	disease_30916	4.532791454168783e-09
Disease	disease_10852	4.532576621999456e-09
Disease	disease_16242	4.531718751795111e-09
Disease	disease_16243	4.531718751795111e-09
Disease	disease_19537	4.531718751795111e-09
Disease	disease_49222	4.531514048408532e-09
Disease	disease_428	4.52746335247654e-09
Disease	disease_12511	4.525204964531916e-09
Disease	disease_2246	4.5251668068407185e-09
Disease	disease_60783	4.522539034070523e-09
Disease	disease_1693	4.5202983063892606e-09
Disease	disease_1153	4.5202983063892606e-09
Disease	disease_3368	4.519947641684672e-09
Disease	disease_5981	4.511953928038926e-09
Disease	disease_13438	4.511604429384685e-09
Disease	disease_15823	4.5088538665395845e-09
Disease	disease_14432	4.508515825019323e-09
Disease	disease_30911	4.508165351087848e-09
Disease	disease_9243	4.503510867935564e-09
Disease	disease_9709	4.502371752051296e-09
Disease	disease_14571	4.500314056264917e-09
Disease	disease_14968	4.498364619387153e-09
Disease	disease_13891	4.4964883537894884e-09
Disease	disease_10224	4.496453046522401e-09
Disease	disease_20293	4.4963769699305e-09
Disease	disease_60766	4.495790727801045e-09
Disease	disease_18566	4.4941851378179e-09
Disease	disease_14013	4.493042915758008e-09
Disease	disease_13936	4.4923358607488565e-09
Disease	disease_16995	4.487790466296603e-09
Disease	disease_6360	4.487393896238692e-09
Disease	disease_18338	4.4862568878795214e-09
Disease	disease_34054	4.485934065453729e-09
Disease	disease_32728	4.48526098327044e-09
Disease	disease_14143	4.483086548959152e-09
Disease	disease_11452	4.481701522249959e-09
Disease	disease_16667	4.475895352102888e-09
Disease	disease_8743	4.474008432326486e-09
Disease	disease_54701	4.4726397641409536e-09
Disease	disease_14876	4.469126543201272e-09
Disease	disease_37807	4.4683450370628934e-09
Disease	disease_24531	4.4677368538482224e-09
Disease	disease_8261	4.465872980074123e-09
Disease	disease_11131	4.465230971828637e-09
Disease	disease_4447	4.464792049403546e-09
Disease	disease_9733	4.463598602186703e-09
Disease	disease_24879	4.462968095378266e-09
Disease	disease_1215	4.462087757174747e-09
Disease	disease_1977	4.4617139136433486e-09
Disease	disease_14825	4.461657449785381e-09
Disease	disease_9632	4.460512282329947e-09
Disease	disease_54802	4.460289841275397e-09
Disease	disease_24287	4.459687389368461e-09
Disease	disease_20505	4.4584344494281374e-09
Disease	disease_3340	4.456075635992465e-09
Disease	disease_12212	4.4547907771772675e-09
Disease	disease_8765	4.4538160961950765e-09
Disease	disease_32797	4.452849373436926e-09
Disease	disease_13549	4.452633619665785e-09
Disease	disease_60	4.452047392895939e-09
Disease	disease_24463	4.451015290521803e-09
Disease	disease_14802	4.4490224444597274e-09
Disease	disease_7651	4.445351893775054e-09
Disease	disease_34976	4.444176283441087e-09
Disease	disease_24711	4.444016609301782e-09
Disease	disease_9074	4.441784287713911e-09
Disease	disease_33045	4.4401381954030395e-09
Disease	disease_5019	4.43929806204908e-09
Disease	disease_3942	4.437883638061845e-09
Disease	disease_3941	4.437883638061845e-09
Disease	disease_7150	4.4364027764805596e-09
Disease	disease_4322	4.434293401836221e-09
Disease	disease_21838	4.431890230585347e-09
Disease	disease_16078	4.431630713482384e-09
Disease	disease_7366	4.42557943505225e-09
Disease	disease_18490	4.424108468910769e-09
Disease	disease_14222	4.42364236498242e-09
Disease	disease_6163	4.421898291206745e-09
Disease	disease_15238	4.419214014402399e-09
Disease	disease_21026	4.4190052797692796e-09
Disease	disease_21950	4.417022496535367e-09
Disease	disease_16557	4.41597778347549e-09
Disease	disease_4759	4.415243778805818e-09
Disease	disease_1692	4.415243778805818e-09
Disease	disease_1504	4.415243778805818e-09
Disease	disease_983	4.415243778805818e-09
Disease	disease_1135	4.415243778805818e-09
Disease	disease_4124	4.414880689675235e-09
Disease	disease_9191	4.414705868457212e-09
Disease	disease_100016	4.414369854288542e-09
Disease	disease_4034	4.414118875107714e-09
Disease	disease_8717	4.4133588428081615e-09
Disease	disease_1752	4.412461695781424e-09
Disease	disease_7956	4.412184297923049e-09
Disease	disease_1352	4.410169118696327e-09
Disease	disease_2450	4.4081410904867835e-09
Disease	disease_18565	4.408127071872428e-09
Disease	disease_19776	4.406630990240505e-09
Disease	disease_9343	4.405738696496114e-09
Disease	disease_6223	4.405227661299849e-09
Disease	disease_6428	4.405227661299849e-09
Disease	disease_901	4.405227661299849e-09
Disease	disease_44889	4.405227661299849e-09
Disease	disease_17045	4.404348752523433e-09
Disease	disease_54781	4.401690358098894e-09
Disease	disease_17356	4.400186647509452e-09
Disease	disease_1204	4.399956072832037e-09
Disease	disease_20630	4.399844849564772e-09
Disease	disease_9167	4.399618915045539e-09
Disease	disease_24885	4.398932321218277e-09
Disease	disease_16157	4.397943752546873e-09
Disease	disease_6144	4.396141705850126e-09
Disease	disease_19239	4.395231117485973e-09
Disease	disease_45039	4.3937709766748825e-09
Disease	disease_8473	4.3916159036128426e-09
Disease	disease_16790	4.3903925142998014e-09
Disease	disease_14868	4.389560956198414e-09
Disease	disease_13989	4.387315104166939e-09
Disease	disease_19934	4.386638042788296e-09
Disease	disease_9871	4.385209318282561e-09
Disease	disease_8466	4.384076327864015e-09
Disease	disease_1825	4.383849485102374e-09
Disease	disease_13264	4.383371407858777e-09
Disease	disease_7275	4.383170265659946e-09
Disease	disease_11007	4.3827904266337405e-09
Disease	disease_7292	4.3814833620618235e-09
Disease	disease_6389	4.380667398815002e-09
Disease	disease_104	4.380601317093512e-09
Disease	disease_11978	4.379567078178962e-09
Disease	disease_15769	4.3778130128479665e-09
Disease	disease_14755	4.377346292544147e-09
Disease	disease_32600	4.37716862788856e-09
Disease	disease_1488	4.371255228000096e-09
Disease	disease_9905	4.369942212160443e-09
Disease	disease_24557	4.368832137162428e-09
Disease	disease_17034	4.368344527842338e-09
Disease	disease_14245	4.367606651693761e-09
Disease	disease_8042	4.364949862050459e-09
Disease	disease_15903	4.363174502050929e-09
Disease	disease_7474	4.3597923418954744e-09
Disease	disease_9407	4.358994764848941e-09
Disease	disease_100337	4.3589786373125244e-09
Disease	disease_25514	4.355671618106081e-09
Disease	disease_2788	4.355116214006923e-09
Disease	disease_2787	4.355116214006923e-09
Disease	disease_12977	4.354555623284937e-09
Disease	disease_7475	4.354321578838605e-09
Disease	disease_17417	4.35428801056509e-09
Disease	disease_14654	4.352913027732793e-09
Disease	disease_43541	4.348961878868532e-09
Disease	disease_1378	4.348271609502203e-09
Disease	disease_14052	4.345102971251597e-09
Disease	disease_13772	4.344142764463964e-09
Disease	disease_18697	4.342089156009429e-09
Disease	disease_7819	4.339963798625998e-09
Disease	disease_6055	4.338444862182143e-09
Disease	disease_11078	4.33636965824837e-09
Disease	disease_20459	4.335226136412248e-09
Disease	disease_19691	4.332406161941073e-09
Disease	disease_1309	4.331139517163341e-09
Disease	disease_22732	4.330265524302708e-09
Disease	disease_18605	4.328973951837099e-09
Disease	disease_4308	4.328328293869313e-09
Disease	disease_21119	4.324475220976342e-09
Disease	disease_8983	4.323273484335511e-09
Disease	disease_9832	4.320091185801525e-09
Disease	disease_2884	4.319649633601397e-09
Disease	disease_11672	4.319065018860449e-09
Disease	disease_22323	4.315946567814057e-09
Disease	disease_6616	4.315946567814057e-09
Disease	disease_10505	4.315502841554978e-09
Disease	disease_20663	4.3124375265152345e-09
Disease	disease_18385	4.312356955947957e-09
Disease	disease_382	4.309624125863868e-09
Disease	disease_20256	4.309405326242356e-09
Disease	disease_8043	4.309000564975198e-09
Disease	disease_12891	4.307746656279049e-09
Disease	disease_14861	4.307332315638757e-09
Disease	disease_1224	4.306447936344558e-09
Disease	disease_1219	4.306447936344558e-09
Disease	disease_1228	4.306447936344558e-09
Disease	disease_7298	4.305618445236263e-09
Disease	disease_11473	4.305571176568337e-09
Disease	disease_13787	4.302485633002248e-09
Disease	disease_2451	4.30205208049856e-09
Disease	disease_32623	4.301209046380762e-09
Disease	disease_20285	4.3008616598782195e-09
Disease	disease_54844	4.300386760470288e-09
Disease	disease_11198	4.299211348878802e-09
Disease	disease_13249	4.298057315547144e-09
Disease	disease_30917	4.297381213443056e-09
Disease	disease_16007	4.296053370152032e-09
Disease	disease_3964	4.293368740633569e-09
Disease	disease_10292	4.2933009822737535e-09
Disease	disease_9516	4.28981561520834e-09
Disease	disease_2402	4.288118777520699e-09
Disease	disease_20337	4.287978138158429e-09
Disease	disease_8794	4.287673612758219e-09
Disease	disease_17352	4.285874523988651e-09
Disease	disease_16351	4.28336735529351e-09
Disease	disease_21334	4.28336735529351e-09
Disease	disease_5697	4.28336735529351e-09
Disease	disease_14384	4.282321811532503e-09
Disease	disease_5074	4.281327266308483e-09
Disease	disease_2414	4.280314170827039e-09
Disease	disease_6576	4.280279864512534e-09
Disease	disease_14733	4.280274152313046e-09
Disease	disease_2056	4.279188931941418e-09
Disease	disease_13468	4.2734989115618565e-09
Disease	disease_16275	4.273369055827525e-09
Disease	disease_14469	4.2727555641917255e-09
Disease	disease_18671	4.271542374707809e-09
Disease	disease_1319	4.270782718729015e-09
Disease	disease_1376	4.270782718729015e-09
Disease	disease_1373	4.270782718729015e-09
Disease	disease_11912	4.2687025706597436e-09
Disease	disease_18750	4.267284871451738e-09
Disease	disease_11703	4.267243599246624e-09
Disease	disease_18829	4.266798550144171e-09
Disease	disease_14471	4.26492352361239e-09
Disease	disease_44302	4.262638504513388e-09
Disease	disease_4267	4.259009911620539e-09
Disease	disease_2358	4.258310638332631e-09
Disease	disease_9185	4.258121289357053e-09
Disease	disease_10135	4.258081580135896e-09
Disease	disease_3215	4.257720179076727e-09
Disease	disease_21292	4.257620684565724e-09
Disease	disease_21291	4.257620684565724e-09
Disease	disease_6655	4.255828360769869e-09
Disease	disease_17734	4.253047085407893e-09
Disease	disease_22574	4.252123015629948e-09
Disease	disease_22573	4.252123015629948e-09
Disease	disease_12793	4.251867025696275e-09
Disease	disease_6142	4.247895690689166e-09
Disease	disease_16436	4.245034813773563e-09
Disease	disease_21320	4.243160310091919e-09
Disease	disease_13545	4.243150498038679e-09
Disease	disease_13311	4.243069179853568e-09
Disease	disease_18801	4.241201169649963e-09
Disease	disease_24890	4.2411403714105765e-09
Disease	disease_16478	4.2373114586054744e-09
Disease	disease_17393	4.2368154627327854e-09
Disease	disease_10833	4.236019631527891e-09
Disease	disease_6899	4.235150417036225e-09
Disease	disease_16891	4.232203802085242e-09
Disease	disease_60765	4.232027912437881e-09
Disease	disease_12529	4.2315733024759285e-09
Disease	disease_21578	4.230623555475394e-09
Disease	disease_10660	4.229587889507173e-09
Disease	disease_16514	4.229362039074434e-09
Disease	disease_6327	4.228548774865263e-09
Disease	disease_40676	4.227388302521242e-09
Disease	disease_9446	4.227051572662922e-09
Disease	disease_5650	4.225878109401192e-09
Disease	disease_4820	4.225412014895309e-09
Disease	disease_3519	4.223470807198355e-09
Disease	disease_9434	4.220241582466612e-09
Disease	disease_3636	4.217529608430187e-09
Disease	disease_23513	4.217406940525118e-09
Disease	disease_17949	4.214988920845163e-09
Disease	disease_2061	4.2141844234500565e-09
Disease	disease_14706	4.213389945068822e-09
Disease	disease_7986	4.209553092812407e-09
Disease	disease_20386	4.207396042956317e-09
Disease	disease_10329	4.206882557606999e-09
Disease	disease_19393	4.206862340080449e-09
Disease	disease_14684	4.204837662195826e-09
Disease	disease_5506	4.204422278060851e-09
Disease	disease_155	4.203911953922165e-09
Disease	disease_10203	4.203608001537396e-09
Disease	disease_170	4.198073531491125e-09
Disease	disease_9430	4.197436150759081e-09
Disease	disease_13202	4.194848622688971e-09
Disease	disease_21851	4.194628513860246e-09
Disease	disease_33262	4.1926324163276786e-09
Disease	disease_33363	4.1909199812739315e-09
Disease	disease_9003	4.190705160524613e-09
Disease	disease_1079	4.190648325238402e-09
Disease	disease_1683	4.190648325238402e-09
Disease	disease_10370	4.189568749592382e-09
Disease	disease_7153	4.1884834150860425e-09
Disease	disease_32575	4.187648104827033e-09
Disease	disease_10063	4.187060135676298e-09
Disease	disease_10738	4.185780508786966e-09
Disease	disease_21032	4.1855578367086765e-09
Disease	disease_4131	4.18517794293691e-09
Disease	disease_3033	4.1835431166083925e-09
Disease	disease_3557	4.18172012938066e-09
Disease	disease_44919	4.181700171079136e-09
Disease	disease_6924	4.180782985733811e-09
Disease	disease_33374	4.180597217302294e-09
Disease	disease_17913	4.180138443549273e-09
Disease	disease_24607	4.177098253571538e-09
Disease	disease_11274	4.1769372119309295e-09
Disease	disease_3328	4.175082123991352e-09
Disease	disease_16726	4.1738941107160736e-09
Disease	disease_23206	4.173239241242982e-09
Disease	disease_8555	4.170245483022096e-09
Disease	disease_20235	4.170244789745938e-09
Disease	disease_2555	4.16728124879831e-09
Disease	disease_11128	4.16648738114041e-09
Disease	disease_4769	4.165786152707486e-09
Disease	disease_3593	4.1645328607515434e-09
Disease	disease_12273	4.162977041605948e-09
Disease	disease_13285	4.161830528074432e-09
Disease	disease_13624	4.160532031734904e-09
Disease	disease_3192	4.1586654733503734e-09
Disease	disease_11275	4.158658287122331e-09
Disease	disease_19525	4.158623981214111e-09
Disease	disease_12406	4.158579445216424e-09
Disease	disease_1642	4.156705707639122e-09
Disease	disease_19692	4.1549421163956664e-09
Disease	disease_42487	4.1505429080884435e-09
Disease	disease_3525	4.149217749480513e-09
Disease	disease_23076	4.14560388799071e-09
Disease	disease_2548	4.144268569832569e-09
Disease	disease_2559	4.144268569832569e-09
Disease	disease_60720	4.143862721891537e-09
Disease	disease_11069	4.143307430270689e-09
Disease	disease_30046	4.141971782777085e-09
Disease	disease_10318	4.13932848466791e-09
Disease	disease_15219	4.1388421314359784e-09
Disease	disease_16152	4.1372687453724304e-09
Disease	disease_7365	4.136843563631228e-09
Disease	disease_7726	4.135364158144712e-09
Disease	disease_13845	4.1349891028438256e-09
Disease	disease_13257	4.133870569048029e-09
Disease	disease_1391	4.133870569048029e-09
Disease	disease_5126	4.133870569048029e-09
Disease	disease_5125	4.133870569048029e-09
Disease	disease_5127	4.133870569048029e-09
Disease	disease_12358	4.133870569048029e-09
Disease	disease_33116	4.133636269735203e-09
Disease	disease_9494	4.133066157228968e-09
Disease	disease_24611	4.132583691863519e-09
Disease	disease_14117	4.132139766514008e-09
Disease	disease_6078	4.131619622576142e-09
Disease	disease_6104	4.131259593013763e-09
Disease	disease_32914	4.130742672100801e-09
Disease	disease_19332	4.130413186082788e-09
Disease	disease_4334	4.130142324116922e-09
Disease	disease_30077	4.129106618192664e-09
Disease	disease_21043	4.1290978380191275e-09
Disease	disease_37871	4.127845122063957e-09
Disease	disease_5772	4.125094909076872e-09
Disease	disease_45037	4.125094909076872e-09
Disease	disease_13201	4.124831404051887e-09
Disease	disease_20059	4.123324507850207e-09
Disease	disease_32860	4.1195576277564055e-09
Disease	disease_9701	4.117924924357361e-09
Disease	disease_4432	4.114208804469424e-09
Disease	disease_20577	4.1089038951833e-09
Disease	disease_502	4.107647486974687e-09
Disease	disease_2287	4.107581547596757e-09
Disease	disease_12063	4.1068486584591374e-09
Disease	disease_43164	4.105379890389233e-09
Disease	disease_2236	4.103755404625578e-09
Disease	disease_54602	4.100648436869516e-09
Disease	disease_14162	4.098216689936118e-09
Disease	disease_20530	4.096626707912463e-09
Disease	disease_13717	4.093480604988517e-09
Disease	disease_1130	4.093331025294864e-09
Disease	disease_10493	4.093161003007247e-09
Disease	disease_2644	4.0924053133279225e-09
Disease	disease_4881	4.0924053133279225e-09
Disease	disease_836	4.089409034797202e-09
Disease	disease_16534	4.089293377200768e-09
Disease	disease_32857	4.088171643082358e-09
Disease	disease_19483	4.0854642029453525e-09
Disease	disease_54860	4.083292944510494e-09
Disease	disease_9543	4.079671451993023e-09
Disease	disease_13231	4.0791236306315935e-09
Disease	disease_6657	4.076625187919901e-09
Disease	disease_9007	4.0764215085644245e-09
Disease	disease_14766	4.076260175472683e-09
Disease	disease_32805	4.076096682806968e-09
Disease	disease_16221	4.075763238628996e-09
Disease	disease_6266	4.075513636529009e-09
Disease	disease_29131	4.075485372334061e-09
Disease	disease_1275	4.074414884163062e-09
Disease	disease_10752	4.072982819987588e-09
Disease	disease_9574	4.071294260180394e-09
Disease	disease_5858	4.071087921795443e-09
Disease	disease_5215	4.0695920094620165e-09
Disease	disease_32749	4.068796688040426e-09
Disease	disease_11523	4.0684086933589275e-09
Disease	disease_7529	4.06744622472757e-09
Disease	disease_6131	4.066335988387583e-09
Disease	disease_7709	4.065239183512251e-09
Disease	disease_33547	4.064048509691789e-09
Disease	disease_32926	4.063865474969323e-09
Disease	disease_16972	4.062430823675208e-09
Disease	disease_763	4.061625122907298e-09
Disease	disease_1402	4.060047487495091e-09
Disease	disease_10171	4.05994974103026e-09
Disease	disease_1417	4.0589348298535936e-09
Disease	disease_17395	4.056869491083507e-09
Disease	disease_44719	4.056869491083507e-09
Disease	disease_1781	4.054901067413778e-09
Disease	disease_2549	4.054720803397324e-09
Disease	disease_11911	4.054113520755463e-09
Disease	disease_7509	4.054024777965641e-09
Disease	disease_8288	4.053513354095456e-09
Disease	disease_44685	4.052161760536699e-09
Disease	disease_3570	4.051758759431378e-09
Disease	disease_9615	4.049387064475348e-09
Disease	disease_32633	4.048537352894804e-09
Disease	disease_8955	4.047694493862542e-09
Disease	disease_10136	4.046433548640477e-09
Disease	disease_13659	4.043811439124343e-09
Disease	disease_16760	4.0416021393988165e-09
Disease	disease_16945	4.040258938697623e-09
Disease	disease_4227	4.039765870376511e-09
Disease	disease_14946	4.039747670684543e-09
Disease	disease_24326	4.039495673068336e-09
Disease	disease_12165	4.0334752388943415e-09
Disease	disease_23003	4.031603749419601e-09
Disease	disease_1192	4.031066269817969e-09
Disease	disease_18491	4.030963667565937e-09
Disease	disease_1053	4.030626351374224e-09
Disease	disease_20748	4.029466523526571e-09
Disease	disease_7498	4.023981790101839e-09
Disease	disease_24266	4.0224474786361275e-09
Disease	disease_17571	4.01954111143973e-09
Disease	disease_18537	4.018479028817145e-09
Disease	disease_9909	4.017183076267714e-09
Disease	disease_17471	4.016901686665773e-09
Disease	disease_7209	4.016892499485118e-09
Disease	disease_11950	4.016267409560336e-09
Disease	disease_16371	4.013892858853294e-09
Disease	disease_2716	4.0111131989439336e-09
Disease	disease_7983	4.0109264980231864e-09
Disease	disease_10110	4.0086148969817215e-09
Disease	disease_24878	4.007326165751409e-09
Disease	disease_3195	4.007129863600872e-09
Disease	disease_6800	4.0050765064303885e-09
Disease	disease_6766	4.0050765064303885e-09
Disease	disease_15196	4.005011998357556e-09
Disease	disease_20704	4.004553464207507e-09
Disease	disease_9538	4.00414366908232e-09
Disease	disease_3658	4.003623722403516e-09
Disease	disease_4390	4.000437825501927e-09
Disease	disease_1269	4.000437825501927e-09
Disease	disease_21746	3.9991781185820786e-09
Disease	disease_32788	3.998475899220373e-09
Disease	disease_60704	3.998383481317301e-09
Disease	disease_54559	3.99817057802878e-09
Disease	disease_7598	3.997233823660502e-09
Disease	disease_5838	3.9959058946671695e-09
Disease	disease_21327	3.99442939951505e-09
Disease	disease_14592	3.9938665115949e-09
Disease	disease_13708	3.9935424214867664e-09
Disease	disease_10068	3.993420243679173e-09
Disease	disease_10742	3.992776824683839e-09
Disease	disease_12998	3.9919758956250765e-09
Disease	disease_3534	3.99136194930188e-09
Disease	disease_32880	3.991015313923241e-09
Disease	disease_14636	3.990412585852694e-09
Disease	disease_22518	3.986767712048059e-09
Disease	disease_10015	3.9835737686344544e-09
Disease	disease_21533	3.982821197525756e-09
Disease	disease_30025	3.978709701594497e-09
Disease	disease_12717	3.977048338344251e-09
Disease	disease_17667	3.9762865585260325e-09
Disease	disease_11278	3.975858196249985e-09
Disease	disease_10162	3.973655198192497e-09
Disease	disease_9470	3.9725691067499975e-09
Disease	disease_10795	3.972414607796945e-09
Disease	disease_33621	3.972168285255674e-09
Disease	disease_14909	3.9705082465619595e-09
Disease	disease_20540	3.970376769260813e-09
Disease	disease_7075	3.9696742707366864e-09
Disease	disease_13516	3.96660080653398e-09
Disease	disease_43243	3.965131517054778e-09
Disease	disease_8522	3.964982781265386e-09
Disease	disease_33281	3.963979874455773e-09
Disease	disease_13467	3.961983947545707e-09
Disease	disease_10867	3.961582709734731e-09
Disease	disease_18450	3.960524398241366e-09
Disease	disease_8545	3.959976750296361e-09
Disease	disease_14878	3.959121332861909e-09
Disease	disease_16298	3.9572114941330775e-09
Disease	disease_7830	3.956697449473806e-09
Disease	disease_7328	3.955515845500362e-09
Disease	disease_18169	3.955033068004896e-09
Disease	disease_20843	3.9542798522129365e-09
Disease	disease_18279	3.953975689792511e-09
Disease	disease_13037	3.9539322470424704e-09
Disease	disease_3158	3.95367710150909e-09
Disease	disease_17037	3.953311382812122e-09
Disease	disease_32678	3.952754958658559e-09
Disease	disease_16962	3.9524944685828e-09
Disease	disease_3531	3.947680106214161e-09
Disease	disease_44207	3.947277585648328e-09
Disease	disease_20049	3.945964668133877e-09
Disease	disease_151	3.944078538668111e-09
Disease	disease_20001	3.943843659914644e-09
Disease	disease_1789	3.941779554953012e-09
Disease	disease_12867	3.940459938442929e-09
Disease	disease_30059	3.9346064061253605e-09
Disease	disease_17864	3.933882647029913e-09
Disease	disease_3535	3.93242114725603e-09
Disease	disease_10049	3.92846622984951e-09
Disease	disease_32655	3.927860811317397e-09
Disease	disease_2168	3.9258736001399616e-09
Disease	disease_14762	3.925165175181752e-09
Disease	disease_9227	3.923351335739743e-09
Disease	disease_17043	3.922238535220316e-09
Disease	disease_111	3.9204431557077335e-09
Disease	disease_12928	3.92022179040763e-09
Disease	disease_100105	3.920176201062142e-09
Disease	disease_8136	3.919360009890541e-09
Disease	disease_3452	3.918134152633441e-09
Disease	disease_2438	3.917016747498563e-09
Disease	disease_24560	3.914940625383765e-09
Disease	disease_25425	3.911406791404735e-09
Disease	disease_60591	3.911238840000728e-09
Disease	disease_10884	3.910199673405814e-09
Disease	disease_25263	3.907895909915494e-09
Disease	disease_14016	3.906260017445921e-09
Disease	disease_1813	3.905780678548892e-09
Disease	disease_4799	3.905780678548892e-09
Disease	disease_17270	3.905760217434171e-09
Disease	disease_1062	3.9039214197861325e-09
Disease	disease_7154	3.9038844731427625e-09
Disease	disease_21605	3.902467286641849e-09
Disease	disease_1188	3.898316520605153e-09
Disease	disease_303	3.897670477669648e-09
Disease	disease_16013	3.89712103321315e-09
Disease	disease_18567	3.896228805874453e-09
Disease	disease_12873	3.8954932363350255e-09
Disease	disease_11558	3.894133287180806e-09
Disease	disease_9542	3.894107627353301e-09
Disease	disease_23149	3.893715442989409e-09
Disease	disease_2783	3.892270526590225e-09
Disease	disease_5514	3.89226640349027e-09
Disease	disease_24893	3.891810401237656e-09
Disease	disease_14644	3.889725211778544e-09
Disease	disease_6751	3.888396240141307e-09
Disease	disease_9788	3.8876685591095035e-09
Disease	disease_16087	3.887434606828129e-09
Disease	disease_10931	3.886853536126762e-09
Disease	disease_13582	3.885795684774398e-09
Disease	disease_7167	3.885659874660595e-09
Disease	disease_11501	3.88527568905622e-09
Disease	disease_14273	3.8850121200309415e-09
Disease	disease_16548	3.883732544050033e-09
Disease	disease_10206	3.88345278178655e-09
Disease	disease_14639	3.880602685644815e-09
Disease	disease_14101	3.878353207500803e-09
Disease	disease_9270	3.876335345534684e-09
Disease	disease_8384	3.874722933006872e-09
Disease	disease_16170	3.874345276635543e-09
Disease	disease_2272	3.874141328290773e-09
Disease	disease_8025	3.873782815992851e-09
Disease	disease_147	3.873682020205329e-09
Disease	disease_2933	3.871430394809e-09
Disease	disease_14446	3.8712059404525745e-09
Disease	disease_15726	3.870733409009317e-09
Disease	disease_14678	3.870482067643024e-09
Disease	disease_2472	3.870061910714163e-09
Disease	disease_4452	3.867682644647572e-09
Disease	disease_9995	3.865773257364152e-09
Disease	disease_18114	3.863566448911223e-09
Disease	disease_12655	3.862633852210996e-09
Disease	disease_8781	3.861463841016683e-09
Disease	disease_15976	3.860602093278834e-09
Disease	disease_18262	3.857965598386121e-09
Disease	disease_7073	3.857891867511523e-09
Disease	disease_12605	3.851565494028808e-09
Disease	disease_13527	3.850900687646094e-09
Disease	disease_4041	3.850293091955845e-09
Disease	disease_10295	3.848098889724582e-09
Disease	disease_13566	3.847833082004769e-09
Disease	disease_19198	3.846699745531501e-09
Disease	disease_12669	3.846644324193738e-09
Disease	disease_10169	3.846079556412701e-09
Disease	disease_30072	3.8452028880292705e-09
Disease	disease_13853	3.843749298581967e-09
Disease	disease_4701	3.843646879547091e-09
Disease	disease_18631	3.8435219051017665e-09
Disease	disease_33556	3.843479737027734e-09
Disease	disease_11839	3.842932801915087e-09
Disease	disease_7253	3.8427656340942125e-09
Disease	disease_6091	3.842315260900438e-09
Disease	disease_12432	3.840653019349967e-09
Disease	disease_5710	3.8405219832097085e-09
Disease	disease_43346	3.8405219832097085e-09
Disease	disease_8976	3.8391750077693245e-09
Disease	disease_19071	3.835889256728751e-09
Disease	disease_8931	3.834997373285433e-09
Disease	disease_11688	3.834807658179727e-09
Disease	disease_15867	3.834029471522308e-09
Disease	disease_44101	3.833779061676845e-09
Disease	disease_6654	3.832848457116094e-09
Disease	disease_6653	3.832848457116094e-09
Disease	disease_15312	3.832656556123604e-09
Disease	disease_15313	3.832656556123604e-09
Disease	disease_30024	3.831159866705685e-09
Disease	disease_4338	3.83025452248145e-09
Disease	disease_8773	3.830088579291779e-09
Disease	disease_11040	3.830017059822668e-09
Disease	disease_30706	3.8292704251866025e-09
Disease	disease_218	3.8287339747411296e-09
Disease	disease_10832	3.8275557004467266e-09
Disease	disease_9565	3.823748814254674e-09
Disease	disease_18933	3.8235412540078276e-09
Disease	disease_45016	3.8222652204491525e-09
Disease	disease_9524	3.822226479624996e-09
Disease	disease_15553	3.8222093620115525e-09
Disease	disease_21372	3.821911610530245e-09
Disease	disease_13380	3.8203650014715355e-09
Disease	disease_3612	3.817061485197418e-09
Disease	disease_13229	3.815200080185574e-09
Disease	disease_21101	3.814653552213725e-09
Disease	disease_32619	3.813730291866681e-09
Disease	disease_11951	3.813169059382529e-09
Disease	disease_25370	3.813022470787404e-09
Disease	disease_1250	3.812463130305273e-09
Disease	disease_60527	3.810991438877688e-09
Disease	disease_16795	3.809194519740728e-09
Disease	disease_5584	3.808753525259584e-09
Disease	disease_33486	3.805395393117946e-09
Disease	disease_14485	3.805044500388264e-09
Disease	disease_11642	3.804971747584738e-09
Disease	disease_10767	3.804853591678122e-09
Disease	disease_2556	3.804322985706391e-09
Disease	disease_6887	3.8035189542605346e-09
Disease	disease_21535	3.8032780532087464e-09
Disease	disease_645	3.8005189031777476e-09
Disease	disease_16489	3.8001438354016515e-09
Disease	disease_17836	3.795071982019486e-09
Disease	disease_10454	3.7950018133660624e-09
Disease	disease_7666	3.794354589550404e-09
Disease	disease_3633	3.792215431546141e-09
Disease	disease_16652	3.791621686056875e-09
Disease	disease_44720	3.791530847024675e-09
Disease	disease_10971	3.7906419068223365e-09
Disease	disease_5194	3.7899783228335425e-09
Disease	disease_7640	3.789910621296211e-09
Disease	disease_1421	3.789826770128861e-09
Disease	disease_7931	3.788881268882124e-09
Disease	disease_845	3.783615289826402e-09
Disease	disease_12181	3.7832200060621376e-09
Disease	disease_4743	3.781969406151148e-09
Disease	disease_16353	3.781863651336056e-09
Disease	disease_19208	3.779814293688749e-09
Disease	disease_16880	3.778161871323186e-09
Disease	disease_10418	3.775329633983631e-09
Disease	disease_12239	3.7743108783100714e-09
Disease	disease_18652	3.772691342361809e-09
Disease	disease_24685	3.772387123087024e-09
Disease	disease_10917	3.772283587106786e-09
Disease	disease_21373	3.772219213092127e-09
Disease	disease_9013	3.771317082696364e-09
Disease	disease_9912	3.771228365864508e-09
Disease	disease_21453	3.770850592207759e-09
Disease	disease_32663	3.7694271438709335e-09
Disease	disease_18761	3.767344688712828e-09
Disease	disease_8880	3.767088058038199e-09
Disease	disease_44981	3.766142146479849e-09
Disease	disease_12775	3.766140989298219e-09
Disease	disease_4477	3.76565148853097e-09
Disease	disease_44303	3.765135525792226e-09
Disease	disease_31439	3.7648527664317836e-09
Disease	disease_15318	3.76475122872325e-09
Disease	disease_9233	3.7644322585621146e-09
Disease	disease_9170	3.763772175952041e-09
Disease	disease_16661	3.762380843534177e-09
Disease	disease_7202	3.762288657252459e-09
Disease	disease_4753	3.762178773827065e-09
Disease	disease_9978	3.761598070896309e-09
Disease	disease_17186	3.761436891993551e-09
Disease	disease_17299	3.760416345706025e-09
Disease	disease_950	3.760416345706025e-09
Disease	disease_4861	3.760416345706025e-09
Disease	disease_18486	3.760416345706025e-09
Disease	disease_17204	3.760416345706025e-09
Disease	disease_17789	3.760416345706025e-09
Disease	disease_10137	3.75989345038223e-09
Disease	disease_32580	3.757896920382394e-09
Disease	disease_14826	3.753710606992876e-09
Disease	disease_17747	3.75339914428825e-09
Disease	disease_1118	3.753192256152492e-09
Disease	disease_331	3.753192256152492e-09
Disease	disease_6414	3.752105416433121e-09
Disease	disease_9674	3.7503948845012416e-09
Disease	disease_1553	3.750080308293657e-09
Disease	disease_13383	3.748726009814269e-09
Disease	disease_10515	3.748434536165474e-09
Disease	disease_12178	3.7477592672420844e-09
Disease	disease_60677	3.747556427635776e-09
Disease	disease_15234	3.7470300518612474e-09
Disease	disease_21257	3.744858216050013e-09
Disease	disease_40678	3.74477327825653e-09
Disease	disease_33372	3.744551597319199e-09
Disease	disease_30029	3.7435852325044696e-09
Disease	disease_5057	3.742960874929793e-09
Disease	disease_13384	3.741907323020241e-09
Disease	disease_8416	3.741475226288768e-09
Disease	disease_18790	3.7392780593055624e-09
Disease	disease_24320	3.7376274509522574e-09
Disease	disease_7992	3.736673371309347e-09
Disease	disease_15728	3.73652656264035e-09
Disease	disease_19284	3.736001198253725e-09
Disease	disease_2855	3.731337941234271e-09
Disease	disease_12018	3.728770687691184e-09
Disease	disease_16798	3.725335656490743e-09
Disease	disease_32582	3.72488374005559e-09
Disease	disease_13315	3.7229265135927896e-09
Disease	disease_32650	3.7226462094935587e-09
Disease	disease_7806	3.7201766276921023e-09
Disease	disease_3756	3.7199340660103314e-09
Disease	disease_9040	3.7179180096358593e-09
Disease	disease_12142	3.716983718417467e-09
Disease	disease_5684	3.7169181626930094e-09
Disease	disease_8629	3.7154902192395353e-09
Disease	disease_21402	3.7138358422574157e-09
Disease	disease_8764	3.7129769784784707e-09
Disease	disease_18016	3.7090091971531603e-09
Disease	disease_14453	3.7083026531844064e-09
Disease	disease_16490	3.706886498846601e-09
Disease	disease_6577	3.7047689591924928e-09
Disease	disease_4192	3.704743262169372e-09
Disease	disease_33481	3.704739378261386e-09
Disease	disease_18984	3.7042239399119318e-09
Disease	disease_16153	3.6991402757600617e-09
Disease	disease_8088	3.6973515863263926e-09
Disease	disease_100327	3.696401852093804e-09
Disease	disease_18206	3.6959640651484578e-09
Disease	disease_16791	3.6944201705820914e-09
Disease	disease_15337	3.693744510658319e-09
Disease	disease_16297	3.6924915691388567e-09
Disease	disease_8130	3.691429240399843e-09
Disease	disease_9525	3.6909320227174993e-09
Disease	disease_30922	3.6903265540149574e-09
Disease	disease_13699	3.6896722555718113e-09
Disease	disease_21573	3.6884720732590243e-09
Disease	disease_19893	3.68668028808087e-09
Disease	disease_9759	3.6826788025035394e-09
Disease	disease_10279	3.681290044501062e-09
Disease	disease_8245	3.6800460054300845e-09
Disease	disease_17901	3.679028771064261e-09
Disease	disease_12462	3.6789789650854973e-09
Disease	disease_3062	3.6783398488209362e-09
Disease	disease_1029	3.6780583478362183e-09
Disease	disease_6641	3.6762038348206912e-09
Disease	disease_2645	3.6750641077242717e-09
Disease	disease_16746	3.6747337332550525e-09
Disease	disease_9770	3.6738259278515094e-09
Disease	disease_20133	3.673593476166946e-09
Disease	disease_32607	3.673351288335914e-09
Disease	disease_10095	3.672528596654544e-09
Disease	disease_32858	3.671419490332572e-09
Disease	disease_32693	3.6704094601563194e-09
Disease	disease_18846	3.6703098631612842e-09
Disease	disease_14091	3.66966466134603e-09
Disease	disease_14583	3.6693865451394983e-09
Disease	disease_54748	3.6685339137157927e-09
Disease	disease_21394	3.6670388402002943e-09
Disease	disease_9646	3.6670122356541905e-09
Disease	disease_18579	3.663340332150478e-09
Disease	disease_2934	3.662632324150889e-09
Disease	disease_100086	3.6612740147711893e-09
Disease	disease_15405	3.660966468714287e-09
Disease	disease_14873	3.660187235634079e-09
Disease	disease_4709	3.6599480927605494e-09
Disease	disease_6298	3.658432307955843e-09
Disease	disease_2486	3.657355399905512e-09
Disease	disease_7421	3.656854433558681e-09
Disease	disease_11684	3.655787947479361e-09
Disease	disease_5983	3.6550105062350413e-09
Disease	disease_10495	3.6543954206783154e-09
Disease	disease_21045	3.653599998396196e-09
Disease	disease_9586	3.6530443324960577e-09
Disease	disease_4508	3.6503589183480177e-09
Disease	disease_21258	3.6482056205194633e-09
Disease	disease_10025	3.647512507005076e-09
Disease	disease_12475	3.6458509241398547e-09
Disease	disease_7973	3.645083149340679e-09
Disease	disease_26726	3.644707235659296e-09
Disease	disease_17094	3.6446780401819436e-09
Disease	disease_16885	3.644635979049341e-09
Disease	disease_54867	3.64442200290914e-09
Disease	disease_13687	3.6437686377196726e-09
Disease	disease_14730	3.6435883702959886e-09
Disease	disease_44617	3.6431615327687907e-09
Disease	disease_2650	3.6410556126112143e-09
Disease	disease_8710	3.640962791396646e-09
Disease	disease_18011	3.6390068786957173e-09
Disease	disease_18521	3.638091873664347e-09
Disease	disease_4685	3.6371363650475434e-09
Disease	disease_7120	3.636817813847926e-09
Disease	disease_54588	3.636473873174296e-09
Disease	disease_20167	3.6346071630561833e-09
Disease	disease_60781	3.6314206325604813e-09
Disease	disease_1528	3.63103894568561e-09
Disease	disease_1420	3.629599084043911e-09
Disease	disease_18004	3.6265824592294324e-09
Disease	disease_20526	3.6265824592294324e-09
Disease	disease_32581	3.6213049131809297e-09
Disease	disease_9300	3.618649401354602e-09
Disease	disease_44300	3.618107665298277e-09
Disease	disease_17281	3.61590311229072e-09
Disease	disease_16005	3.6146976688598636e-09
Disease	disease_10611	3.6140141133893253e-09
Disease	disease_13710	3.6138275673987277e-09
Disease	disease_7094	3.613097986334445e-09
Disease	disease_7585	3.6124592925346734e-09
Disease	disease_7775	3.6118524178864904e-09
Disease	disease_14617	3.610363341616073e-09
Disease	disease_24262	3.6101015040839365e-09
Disease	disease_10157	3.6093483162690636e-09
Disease	disease_21144	3.6088391029847454e-09
Disease	disease_13070	3.6086061432247196e-09
Disease	disease_708	3.6078057906254547e-09
Disease	disease_4024	3.6053949064482236e-09
Disease	disease_14325	3.6047882323760065e-09
Disease	disease_638	3.602320708560225e-09
Disease	disease_25431	3.6003177522696566e-09
Disease	disease_6948	3.599457534416697e-09
Disease	disease_12387	3.5978274453961697e-09
Disease	disease_23597	3.5975290814057626e-09
Disease	disease_32578	3.5970706782709923e-09
Disease	disease_2914	3.5969953971455805e-09
Disease	disease_24315	3.5929672421918313e-09
Disease	disease_6161	3.5907898891907807e-09
Disease	disease_2112	3.590604445079131e-09
Disease	disease_21142	3.5902374809134784e-09
Disease	disease_23419	3.589183354675343e-09
Disease	disease_10408	3.5852208979631877e-09
Disease	disease_16861	3.5846916777805814e-09
Disease	disease_15819	3.584504350971214e-09
Disease	disease_3072	3.584204176012397e-09
Disease	disease_40700	3.5838004917159604e-09
Disease	disease_15217	3.5832010441346568e-09
Disease	disease_7668	3.5821522611488623e-09
Disease	disease_2695	3.5813928250310233e-09
Disease	disease_16942	3.5781756447042967e-09
Disease	disease_20596	3.578077175783888e-09
Disease	disease_9998	3.5751526815564408e-09
Disease	disease_32888	3.5734853574214715e-09
Disease	disease_8701	3.5706521064406802e-09
Disease	disease_16947	3.570363268741619e-09
Disease	disease_9920	3.5693355105272996e-09
Disease	disease_43257	3.5690865936328664e-09
Disease	disease_7357	3.5654264835790982e-09
Disease	disease_9622	3.5645377862907274e-09
Disease	disease_3184	3.5631769495184853e-09
Disease	disease_24286	3.5626877059958012e-09
Disease	disease_44916	3.5626580236890027e-09
Disease	disease_20937	3.562625271494881e-09
Disease	disease_12692	3.561067196979021e-09
Disease	disease_17339	3.559294231700728e-09
Disease	disease_30026	3.5587714766945256e-09
Disease	disease_10834	3.5586329849668355e-09
Disease	disease_16898	3.5585257449918246e-09
Disease	disease_667	3.5566468529629783e-09
Disease	disease_9365	3.554592892960628e-09
Disease	disease_14897	3.5540643738430413e-09
Disease	disease_13613	3.5523983777710238e-09
Disease	disease_9473	3.550217725356742e-09
Disease	disease_8386	3.5495138085451447e-09
Disease	disease_7371	3.5474340062523886e-09
Disease	disease_13656	3.545897211284986e-09
Disease	disease_1946	3.542864331783462e-09
Disease	disease_14845	3.5417165165154436e-09
Disease	disease_32853	3.539512681392232e-09
Disease	disease_7261	3.5387576673425384e-09
Disease	disease_10640	3.538145092860663e-09
Disease	disease_17852	3.5363739785174907e-09
Disease	disease_20730	3.5363084442497697e-09
Disease	disease_2857	3.5362440481367155e-09
Disease	disease_10021	3.5353593425263656e-09
Disease	disease_2680	3.5347981444149812e-09
Disease	disease_9425	3.5337898399369587e-09
Disease	disease_7091	3.5332326386009187e-09
Disease	disease_8937	3.5330382397348366e-09
Disease	disease_33560	3.5323353519979998e-09
Disease	disease_15562	3.531487364929804e-09
Disease	disease_12413	3.5313854871152607e-09
Disease	disease_17232	3.525494408136108e-09
Disease	disease_12102	3.525243572578792e-09
Disease	disease_12101	3.525243572578792e-09
Disease	disease_12645	3.525243572578792e-09
Disease	disease_7634	3.524389245997146e-09
Disease	disease_8785	3.5226652219858663e-09
Disease	disease_11037	3.522184822576882e-09
Disease	disease_1705	3.5214378681212673e-09
Disease	disease_14190	3.5208891617895277e-09
Disease	disease_11866	3.5206902556343393e-09
Disease	disease_9110	3.5192623984447156e-09
Disease	disease_6386	3.5190980406962184e-09
Disease	disease_6207	3.5186449430986627e-09
Disease	disease_17743	3.5185366855721093e-09
Disease	disease_7428	3.517409770531679e-09
Disease	disease_19092	3.515342462693826e-09
Disease	disease_5678	3.515342462693826e-09
Disease	disease_2106	3.514892725146148e-09
Disease	disease_1897	3.514892725146148e-09
Disease	disease_3567	3.514892725146148e-09
Disease	disease_1959	3.514892725146148e-09
Disease	disease_2107	3.514892725146148e-09
Disease	disease_4801	3.514892725146148e-09
Disease	disease_14874	3.5132220445306336e-09
Disease	disease_11097	3.5127131732608335e-09
Disease	disease_16890	3.5114759444074558e-09
Disease	disease_15915	3.5112028394889375e-09
Disease	disease_9702	3.5066568917612036e-09
Disease	disease_40872	3.506335022056855e-09
Disease	disease_17040	3.503089498087413e-09
Disease	disease_11948	3.5025574232740616e-09
Disease	disease_7755	3.5013315431160863e-09
Disease	disease_4051	3.501324489638473e-09
Disease	disease_15580	3.5009230533070855e-09
Disease	disease_10554	3.50022604993863e-09
Disease	disease_15986	3.4992877499065327e-09
Disease	disease_30033	3.4975068618709547e-09
Disease	disease_3424	3.4955154452065948e-09
Disease	disease_36501	3.4942558161283984e-09
Disease	disease_6674	3.493899288275257e-09
Disease	disease_9720	3.4911029586898026e-09
Disease	disease_60507	3.4898011920074315e-09
Disease	disease_9031	3.488023335965031e-09
Disease	disease_45020	3.4861692849515597e-09
Disease	disease_10260	3.4830338135438973e-09
Disease	disease_14752	3.4822484490723008e-09
Disease	disease_11132	3.481472205357435e-09
Disease	disease_3486	3.480073162133572e-09
Disease	disease_3390	3.4800317094039357e-09
Disease	disease_13702	3.4790321946733767e-09
Disease	disease_32783	3.4789601902892725e-09
Disease	disease_14394	3.478388599490721e-09
Disease	disease_13612	3.47728284362849e-09
Disease	disease_33534	3.4739322957892414e-09
Disease	disease_7234	3.4720531086380486e-09
Disease	disease_16281	3.471267192917237e-09
Disease	disease_19940	3.469795329157204e-09
Disease	disease_7302	3.469281187639298e-09
Disease	disease_20777	3.467772437908356e-09
Disease	disease_5519	3.467626575261812e-09
Disease	disease_1285	3.4663746939707795e-09
Disease	disease_15542	3.4659638898006437e-09
Disease	disease_271	3.464199255071156e-09
Disease	disease_32919	3.463042301255254e-09
Disease	disease_14351	3.462763799088896e-09
Disease	disease_8821	3.457709345554856e-09
Disease	disease_2894	3.456913579702796e-09
Disease	disease_7449	3.4568748244683435e-09
Disease	disease_17344	3.455555920593704e-09
Disease	disease_13513	3.4552969402566434e-09
Disease	disease_44203	3.4508134070392738e-09
Disease	disease_11115	3.4503432936801384e-09
Disease	disease_298	3.450031008852939e-09
Disease	disease_3287	3.449581403281776e-09
Disease	disease_19926	3.4489611070335548e-09
Disease	disease_21225	3.4471831290141614e-09
Disease	disease_14556	3.4460908520808695e-09
Disease	disease_17952	3.4451657007730767e-09
Disease	disease_989	3.444957789815872e-09
Disease	disease_13036	3.444791355674855e-09
Disease	disease_13219	3.44433258017409e-09
Disease	disease_33008	3.443851157258083e-09
Disease	disease_9120	3.443656639231435e-09
Disease	disease_21120	3.4425810889583794e-09
Disease	disease_7586	3.4420065024416443e-09
Disease	disease_33644	3.441863580188996e-09
Disease	disease_10179	3.44109265178216e-09
Disease	disease_11496	3.437857082691158e-09
Disease	disease_14938	3.4370038666461405e-09
Disease	disease_3503	3.4367654733128623e-09
Disease	disease_3651	3.436043459680109e-09
Disease	disease_3650	3.436043459680109e-09
Disease	disease_7905	3.435219943952886e-09
Disease	disease_2876	3.43438915350997e-09
Disease	disease_14615	3.434099793464337e-09
Disease	disease_11177	3.4331586986697076e-09
Disease	disease_13998	3.4306268382215246e-09
Disease	disease_14115	3.4305687113749912e-09
Disease	disease_13815	3.4294248764864757e-09
Disease	disease_9780	3.4250970193818356e-09
Disease	disease_5602	3.425092100377e-09
Disease	disease_13266	3.4246089999851e-09
Disease	disease_17923	3.4238188915755947e-09
Disease	disease_3078	3.422985252041823e-09
Disease	disease_3077	3.422985252041823e-09
Disease	disease_12507	3.422795896536741e-09
Disease	disease_875	3.418837668094302e-09
Disease	disease_16016	3.4154838694814797e-09
Disease	disease_16094	3.4146972031228175e-09
Disease	disease_3550	3.4144148726279846e-09
Disease	disease_114	3.4143479878355606e-09
Disease	disease_10416	3.4136009428142582e-09
Disease	disease_14928	3.4119533010967726e-09
Disease	disease_19177	3.4111492472665402e-09
Disease	disease_14438	3.4110705464270004e-09
Disease	disease_10791	3.410576978713774e-09
Disease	disease_11475	3.41037148243702e-09
Disease	disease_3493	3.4099048423852022e-09
Disease	disease_5730	3.408407047463806e-09
Disease	disease_8059	3.4081296733364304e-09
Disease	disease_21192	3.4067508465463786e-09
Disease	disease_8363	3.4063235145123972e-09
Disease	disease_14662	3.4049984723892146e-09
Disease	disease_17610	3.404404713048349e-09
Disease	disease_2746	3.401756727172623e-09
Disease	disease_4223	3.3996007234381225e-09
Disease	disease_20727	3.3985876780780772e-09
Disease	disease_20783	3.3984710192791764e-09
Disease	disease_14747	3.3976015828272044e-09
Disease	disease_18694	3.3971732411887108e-09
Disease	disease_3835	3.396140976628605e-09
Disease	disease_7060	3.392697869475027e-09
Disease	disease_15775	3.3906062756297353e-09
Disease	disease_43297	3.38933013356001e-09
Disease	disease_1229	3.389047715052061e-09
Disease	disease_33366	3.3881526715967545e-09
Disease	disease_16491	3.387536043041152e-09
Disease	disease_32691	3.3834132451456573e-09
Disease	disease_3587	3.3824035991992343e-09
Disease	disease_4562	3.3809870596308707e-09
Disease	disease_6184	3.3809870596308707e-09
Disease	disease_9625	3.379028082946419e-09
Disease	disease_13638	3.3767801353248205e-09
Disease	disease_18779	3.3760615381148726e-09
Disease	disease_5880	3.376036018243438e-09
Disease	disease_8207	3.374502675219416e-09
Disease	disease_13856	3.374132458739152e-09
Disease	disease_5425	3.372681319005987e-09
Disease	disease_16887	3.369488523432243e-09
Disease	disease_44663	3.3681685126123536e-09
Disease	disease_30707	3.36705246490568e-09
Disease	disease_14077	3.3667296795432654e-09
Disease	disease_33211	3.3654485011491385e-09
Disease	disease_12703	3.365343829531072e-09
Disease	disease_10608	3.365290690323454e-09
Disease	disease_374	3.365117533354248e-09
Disease	disease_18363	3.3626778853359373e-09
Disease	disease_54581	3.3620233625510813e-09
Disease	disease_18392	3.3614370671100467e-09
Disease	disease_7228	3.3611614586544694e-09
Disease	disease_15082	3.3610132286809078e-09
Disease	disease_540	3.3586483527963557e-09
Disease	disease_7306	3.35841133344901e-09
Disease	disease_24341	3.3581458003091752e-09
Disease	disease_18344	3.3577830507929363e-09
Disease	disease_11048	3.3575529408589937e-09
Disease	disease_17849	3.3571569142315927e-09
Disease	disease_14249	3.3556116963262906e-09
Disease	disease_10363	3.354654560965104e-09
Disease	disease_10102	3.3545826236445796e-09
Disease	disease_3389	3.3527875515283762e-09
Disease	disease_12483	3.3526225250312603e-09
Disease	disease_11531	3.3522551894575677e-09
Disease	disease_8857	3.351385424847539e-09
Disease	disease_8757	3.351361229084782e-09
Disease	disease_2425	3.3507102161697535e-09
Disease	disease_6671	3.3459348777029373e-09
Disease	disease_6765	3.3459348777029373e-09
Disease	disease_20731	3.344252258149009e-09
Disease	disease_5913	3.344252258149009e-09
Disease	disease_14447	3.3440547631253737e-09
Disease	disease_9081	3.3437707775321154e-09
Disease	disease_10835	3.3404475431153886e-09
Disease	disease_5611	3.340272099456632e-09
Disease	disease_7356	3.3382422822076723e-09
Disease	disease_14534	3.3373334466534013e-09
Disease	disease_10741	3.3367294017675507e-09
Disease	disease_18865	3.3359140977894483e-09
Disease	disease_13678	3.335759687591903e-09
Disease	disease_17173	3.3350027150174568e-09
Disease	disease_12643	3.3347875552048345e-09
Disease	disease_12373	3.327963868948612e-09
Disease	disease_15473	3.3262899129093653e-09
Disease	disease_14980	3.3227443922242824e-09
Disease	disease_13278	3.3227419379765417e-09
Disease	disease_19232	3.3225512383050325e-09
Disease	disease_16800	3.3215195163800453e-09
Disease	disease_18234	3.32143553619172e-09
Disease	disease_16461	3.321044938538809e-09
Disease	disease_11965	3.3203202122749103e-09
Disease	disease_12249	3.320015209678238e-09
Disease	disease_7592	3.3193375221071557e-09
Disease	disease_32716	3.31657759136567e-09
Disease	disease_15093	3.3157685145005865e-09
Disease	disease_16520	3.3152656722459887e-09
Disease	disease_1122	3.313567522945896e-09
Disease	disease_16155	3.3130470226988304e-09
Disease	disease_12164	3.3128976590223597e-09
Disease	disease_14502	3.3114269878009458e-09
Disease	disease_14724	3.3112393067140137e-09
Disease	disease_14376	3.310128834340565e-09
Disease	disease_3349	3.309047397743777e-09
Disease	disease_10799	3.309013843387274e-09
Disease	disease_15262	3.308520613178633e-09
Disease	disease_14843	3.3079131451202314e-09
Disease	disease_8662	3.3078861660320063e-09
Disease	disease_25149	3.305776213753463e-09
Disease	disease_2166	3.3057380103202296e-09
Disease	disease_32672	3.304391194247435e-09
Disease	disease_13880	3.3033807524194864e-09
Disease	disease_12206	3.3023710894161583e-09
Disease	disease_18971	3.30092365295339e-09
Disease	disease_8991	3.2990807526342877e-09
Disease	disease_45055	3.2983527190385932e-09
Disease	disease_10013	3.2944087636693747e-09
Disease	disease_16142	3.293940962567926e-09
Disease	disease_8791	3.2915952486670892e-09
Disease	disease_13017	3.285506728669369e-09
Disease	disease_33370	3.284238935960105e-09
Disease	disease_7206	3.2826466374996067e-09
Disease	disease_32826	3.281527850279549e-09
Disease	disease_9961	3.2799745003339775e-09
Disease	disease_17004	3.2792353975106836e-09
Disease	disease_54742	3.277374320422489e-09
Disease	disease_26722	3.2755677986359083e-09
Disease	disease_13490	3.275540563890967e-09
Disease	disease_19506	3.2753827961746627e-09
Disease	disease_9888	3.2746679158112447e-09
Disease	disease_11651	3.274638885123667e-09
Disease	disease_5978	3.2736509888890243e-09
Disease	disease_9956	3.273030606733652e-09
Disease	disease_17905	3.2710797789093993e-09
Disease	disease_33308	3.2706460203173777e-09
Disease	disease_5668	3.270577132432017e-09
Disease	disease_13525	3.270555068381779e-09
Disease	disease_20083	3.2659324428066373e-09
Disease	disease_33551	3.265618748354631e-09
Disease	disease_8132	3.2652338586354396e-09
Disease	disease_20376	3.2644119505751847e-09
Disease	disease_16843	3.263186369136304e-09
Disease	disease_4093	3.26298676043941e-09
Disease	disease_33850	3.260693910444418e-09
Disease	disease_14522	3.2600318020336365e-09
Disease	disease_3185	3.259985399981807e-09
Disease	disease_12538	3.259536533164898e-09
Disease	disease_32605	3.2590628724203295e-09
Disease	disease_11331	3.258715667217158e-09
Disease	disease_20787	3.258494392798836e-09
Disease	disease_11261	3.2561683232548923e-09
Disease	disease_32875	3.255342054300209e-09
Disease	disease_9077	3.254842364563959e-09
Disease	disease_9784	3.2546892341239095e-09
Disease	disease_14570	3.254526271688459e-09
Disease	disease_2176	3.2540129731302353e-09
Disease	disease_10908	3.25261744292176e-09
Disease	disease_7933	3.2521023782878323e-09
Disease	disease_17966	3.2516100597741813e-09
Disease	disease_20343	3.2496467959326285e-09
Disease	disease_11634	3.2487825924248826e-09
Disease	disease_9135	3.248513984715881e-09
Disease	disease_7955	3.2474585811109604e-09
Disease	disease_30071	3.2468965418674677e-09
Disease	disease_17332	3.244698814058261e-09
Disease	disease_18231	3.2440523730905016e-09
Disease	disease_10014	3.2426047268482964e-09
Disease	disease_7895	3.2379833005141927e-09
Disease	disease_16554	3.2379351608899843e-09
Disease	disease_21008	3.2374849088777174e-09
Disease	disease_10704	3.2367667026945805e-09
Disease	disease_10968	3.2350000781113643e-09
Disease	disease_1317	3.234922672698061e-09
Disease	disease_1440	3.234922672698061e-09
Disease	disease_41535	3.233545399036056e-09
Disease	disease_14622	3.2323306337781374e-09
Disease	disease_10436	3.231139214644497e-09
Disease	disease_4046	3.2305852724722955e-09
Disease	disease_9896	3.230248244135871e-09
Disease	disease_4166	3.230011900992465e-09
Disease	disease_7342	3.229244699809245e-09
Disease	disease_16031	3.2289942307651248e-09
Disease	disease_15606	3.2280190990612686e-09
Disease	disease_43069	3.2277850711212055e-09
Disease	disease_7426	3.226658007011701e-09
Disease	disease_24543	3.225052870281435e-09
Disease	disease_12945	3.2249890123864495e-09
Disease	disease_4725	3.224311039541939e-09
Disease	disease_5939	3.221754290280506e-09
Disease	disease_16199	3.2211968797618884e-09
Disease	disease_9385	3.219556528155011e-09
Disease	disease_15855	3.2191578158912013e-09
Disease	disease_12166	3.219118141071359e-09
Disease	disease_13752	3.2180939442446767e-09
Disease	disease_8589	3.2169606360366174e-09
Disease	disease_32905	3.2161614900785578e-09
Disease	disease_45018	3.2161257176900734e-09
Disease	disease_12527	3.214748171102747e-09
Disease	disease_43141	3.2147192376888617e-09
Disease	disease_20647	3.214320814857917e-09
Disease	disease_16255	3.214071833120749e-09
Disease	disease_13548	3.213830640377049e-09
Disease	disease_8035	3.2130324287679094e-09
Disease	disease_14950	3.2126607061028287e-09
Disease	disease_2352	3.2097292597950956e-09
Disease	disease_16470	3.2087710478461464e-09
Disease	disease_3934	3.206565915258018e-09
Disease	disease_4474	3.2062656001282024e-09
Disease	disease_17077	3.20377509029332e-09
Disease	disease_1618	3.2017763532387787e-09
Disease	disease_11181	3.199873476479972e-09
Disease	disease_2529	3.1996206136498445e-09
Disease	disease_24414	3.199172937903961e-09
Disease	disease_13165	3.1991611733085723e-09
Disease	disease_44317	3.196846965294809e-09
Disease	disease_10777	3.195227818450225e-09
Disease	disease_24561	3.19486933160404e-09
Disease	disease_32820	3.194725377346268e-09
Disease	disease_14044	3.1926507268253746e-09
Disease	disease_2762	3.1910336511266897e-09
Disease	disease_3073	3.1892729446303076e-09
Disease	disease_18718	3.1892670538101105e-09
Disease	disease_14551	3.1890479097254284e-09
Disease	disease_12671	3.1890452319330317e-09
Disease	disease_7252	3.188240816224675e-09
Disease	disease_13454	3.1877704430322286e-09
Disease	disease_54862	3.187060911324585e-09
Disease	disease_18357	3.186936931602637e-09
Disease	disease_10927	3.1844887660292912e-09
Disease	disease_8706	3.1830988902889645e-09
Disease	disease_9146	3.1819838685264694e-09
Disease	disease_310	3.1799191304926977e-09
Disease	disease_16285	3.1798713676434387e-09
Disease	disease_32653	3.179092589781471e-09
Disease	disease_6102	3.178184220671025e-09
Disease	disease_14552	3.1766259388189773e-09
Disease	disease_17403	3.176382101099176e-09
Disease	disease_17401	3.176382101099176e-09
Disease	disease_17402	3.176382101099176e-09
Disease	disease_1270	3.1763015295037705e-09
Disease	disease_12869	3.174913673336917e-09
Disease	disease_2874	3.1694113321767622e-09
Disease	disease_4177	3.168875717881456e-09
Disease	disease_7628	3.1681002229313473e-09
Disease	disease_19777	3.1663930881722098e-09
Disease	disease_6702	3.166097861026463e-09
Disease	disease_17625	3.1657446323014617e-09
Disease	disease_9334	3.1649302490476176e-09
Disease	disease_15619	3.1647699792235557e-09
Disease	disease_8672	3.1640844565391794e-09
Disease	disease_5630	3.1636256331714422e-09
Disease	disease_400002	3.1628929631389986e-09
Disease	disease_13842	3.1615434945200597e-09
Disease	disease_16914	3.1607258612392645e-09
Disease	disease_13415	3.1587081018376053e-09
Disease	disease_19178	3.158393087504461e-09
Disease	disease_8299	3.1583256059162386e-09
Disease	disease_10125	3.1580195905996934e-09
Disease	disease_8578	3.1544304978144358e-09
Disease	disease_8439	3.1535227862658614e-09
Disease	disease_1883	3.1532165621786576e-09
Disease	disease_8572	3.1498609752444443e-09
Disease	disease_30962	3.1494486799173217e-09
Disease	disease_44700	3.149341053719016e-09
Disease	disease_32634	3.1477660257187117e-09
Disease	disease_7790	3.146060516460407e-09
Disease	disease_9571	3.1452458910183443e-09
Disease	disease_9708	3.142598236508723e-09
Disease	disease_14067	3.1416825101584924e-09
Disease	disease_13449	3.141095484247932e-09
Disease	disease_17682	3.1406280333675245e-09
Disease	disease_9139	3.1405800770966484e-09
Disease	disease_19407	3.139815505575531e-09
Disease	disease_11444	3.138652447178522e-09
Disease	disease_16263	3.1379376943892125e-09
Disease	disease_1449	3.1376054671818723e-09
Disease	disease_11227	3.136777720419778e-09
Disease	disease_14486	3.136396413482498e-09
Disease	disease_20535	3.1359023237864568e-09
Disease	disease_21534	3.1343461736385964e-09
Disease	disease_8543	3.1339540893422753e-09
Disease	disease_1274	3.1335595264018986e-09
Disease	disease_1177	3.1335595264018986e-09
Disease	disease_9034	3.133528562019426e-09
Disease	disease_3902	3.133003187265585e-09
Disease	disease_20778	3.1311783085002104e-09
Disease	disease_8495	3.130691035689359e-09
Disease	disease_21112	3.130626849162011e-09
Disease	disease_12433	3.130102571875619e-09
Disease	disease_13836	3.1291480889663254e-09
Disease	disease_43303	3.128113679506876e-09
Disease	disease_10410	3.1274844610726796e-09
Disease	disease_12899	3.1274844610726796e-09
Disease	disease_10451	3.125792022101653e-09
Disease	disease_15795	3.1256547135255848e-09
Disease	disease_15049	3.1256547135255848e-09
Disease	disease_12802	3.124928427631311e-09
Disease	disease_8593	3.1247612784695146e-09
Disease	disease_20294	3.1247334131698114e-09
Disease	disease_2836	3.1242139377950253e-09
Disease	disease_32885	3.1229812931963033e-09
Disease	disease_7441	3.1226408079079035e-09
Disease	disease_8339	3.122486531445935e-09
Disease	disease_6804	3.122402822939561e-09
Disease	disease_937	3.1207328503320964e-09
Disease	disease_8909	3.119470172176828e-09
Disease	disease_9597	3.1186652281112518e-09
Disease	disease_14015	3.116756277425322e-09
Disease	disease_7917	3.116316302305195e-09
Disease	disease_21470	3.1158574978919088e-09
Disease	disease_10118	3.1138451889761128e-09
Disease	disease_4259	3.1135985377042464e-09
Disease	disease_17008	3.1128947378577246e-09
Disease	disease_11075	3.1116687826690937e-09
Disease	disease_3076	3.1114829146475544e-09
Disease	disease_3075	3.1114829146475544e-09
Disease	disease_20584	3.1111446557479857e-09
Disease	disease_1016	3.1094358798536083e-09
Disease	disease_14908	3.1070735939978046e-09
Disease	disease_2422	3.106450653356209e-09
Disease	disease_2991	3.103718583834715e-09
Disease	disease_30037	3.1029129217142584e-09
Disease	disease_9496	3.1019710038022665e-09
Disease	disease_32592	3.098421445238146e-09
Disease	disease_2407	3.0978464034224607e-09
Disease	disease_21325	3.0975915873653968e-09
Disease	disease_21324	3.0975915873653968e-09
Disease	disease_21326	3.0975915873653968e-09
Disease	disease_32667	3.0971829974585856e-09
Disease	disease_4206	3.0937909715112734e-09
Disease	disease_21659	3.0921342620309854e-09
Disease	disease_7396	3.0916962812425402e-09
Disease	disease_9269	3.0894611527503823e-09
Disease	disease_16559	3.08836146334676e-09
Disease	disease_41536	3.0880394601017334e-09
Disease	disease_32618	3.0873872458815914e-09
Disease	disease_19224	3.0870491826503724e-09
Disease	disease_32836	3.087046039458606e-09
Disease	disease_11077	3.0867064752192675e-09
Disease	disease_7121	3.0865470029282323e-09
Disease	disease_24569	3.0862434319866947e-09
Disease	disease_24658	3.085921292740836e-09
Disease	disease_9107	3.085322725496349e-09
Disease	disease_4693	3.084983229347029e-09
Disease	disease_16378	3.0817403869373427e-09
Disease	disease_1992	3.0815223668458238e-09
Disease	disease_20245	3.081357973690901e-09
Disease	disease_3028	3.080779761141613e-09
Disease	disease_7055	3.0806776133027374e-09
Disease	disease_14058	3.0805875885563376e-09
Disease	disease_7946	3.0803862776048087e-09
Disease	disease_8066	3.0800634138805213e-09
Disease	disease_7770	3.0800634138805213e-09
Disease	disease_8381	3.0794647219101205e-09
Disease	disease_30906	3.0788946858105046e-09
Disease	disease_30708	3.0788946858105046e-09
Disease	disease_30705	3.0788946858105046e-09
Disease	disease_11151	3.07836713839603e-09
Disease	disease_14816	3.0779316911525044e-09
Disease	disease_16149	3.076892338371254e-09
Disease	disease_11375	3.0761623655240784e-09
Disease	disease_10516	3.075921030579543e-09
Disease	disease_9121	3.073362972049941e-09
Disease	disease_1993	3.073171308646075e-09
Disease	disease_15692	3.071579827997952e-09
Disease	disease_14966	3.0710540011241427e-09
Disease	disease_32818	3.070039866696228e-09
Disease	disease_11862	3.0697881502132933e-09
Disease	disease_9331	3.067931017109597e-09
Disease	disease_9932	3.067610585816852e-09
Disease	disease_13864	3.0669626607156926e-09
Disease	disease_32862	3.066873394011067e-09
Disease	disease_21294	3.0635183747355777e-09
Disease	disease_10868	3.0631725320728275e-09
Disease	disease_32832	3.062289331743335e-09
Disease	disease_9707	3.0619635553376165e-09
Disease	disease_7096	3.0611997077742376e-09
Disease	disease_9247	3.0611358718190203e-09
Disease	disease_19779	3.0598889718430105e-09
Disease	disease_3759	3.05746352682493e-09
Disease	disease_25136	3.0573812910850238e-09
Disease	disease_16783	3.0547636201854964e-09
Disease	disease_7826	3.0544994835019054e-09
Disease	disease_8595	3.0542541627480935e-09
Disease	disease_42964	3.052252398061016e-09
Disease	disease_42965	3.052252398061016e-09
Disease	disease_14681	3.051817478261995e-09
Disease	disease_13493	3.051811808028409e-09
Disease	disease_32768	3.0515402301032764e-09
Disease	disease_16893	3.0505628042260193e-09
Disease	disease_14714	3.0502170291170265e-09
Disease	disease_16840	3.050043866531039e-09
Disease	disease_10996	3.049913066744236e-09
Disease	disease_20203	3.049762858510939e-09
Disease	disease_32894	3.048980736198085e-09
Disease	disease_10746	3.0489122699310226e-09
Disease	disease_12979	3.047145391362915e-09
Disease	disease_30899	3.046964298852186e-09
Disease	disease_7500	3.0456090839849147e-09
Disease	disease_4005	3.045079352132683e-09
Disease	disease_8101	3.0450655726468787e-09
Disease	disease_15877	3.0447630402057947e-09
Disease	disease_15632	3.0446304171176865e-09
Disease	disease_12707	3.043762684854625e-09
Disease	disease_4423	3.0436388723003808e-09
Disease	disease_11211	3.0434147911636198e-09
Disease	disease_9827	3.0430303860863846e-09
Disease	disease_14311	3.042193334897736e-09
Disease	disease_2162	3.0421844006728185e-09
Disease	disease_14380	3.0417217895240854e-09
Disease	disease_6426	3.041241257365258e-09
Disease	disease_2671	3.040944835821179e-09
Disease	disease_20853	3.0401854323530506e-09
Disease	disease_8343	3.037652865332302e-09
Disease	disease_18065	3.037420465367898e-09
Disease	disease_479	3.0349594618854375e-09
Disease	disease_9976	3.0345047287019257e-09
Disease	disease_13505	3.0324088523848985e-09
Disease	disease_7565	3.030880183176616e-09
Disease	disease_2726	3.0307610134035295e-09
Disease	disease_11332	3.0306023713991473e-09
Disease	disease_33044	3.0302385965933886e-09
Disease	disease_15520	3.0276677352601687e-09
Disease	disease_15521	3.0276677352601687e-09
Disease	disease_15519	3.0276677352601687e-09
Disease	disease_20507	3.0276677352601687e-09
Disease	disease_15322	3.0275117086138777e-09
Disease	disease_10575	3.0270040135777487e-09
Disease	disease_19786	3.0262557004753664e-09
Disease	disease_10022	3.022760187565466e-09
Disease	disease_9391	3.0223969399499145e-09
Disease	disease_7460	3.0212035173938048e-09
Disease	disease_8229	3.0212035173938048e-09
Disease	disease_2325	3.021102934102285e-09
Disease	disease_16323	3.020812428352166e-09
Disease	disease_18603	3.020812428352166e-09
Disease	disease_9931	3.0208085133296574e-09
Disease	disease_1120	3.0203271240656114e-09
Disease	disease_13463	3.0184458989511536e-09
Disease	disease_4026	3.0175160668751203e-09
Disease	disease_14083	3.0174950028405254e-09
Disease	disease_30858	3.0164827662798772e-09
Disease	disease_11014	3.015710987221829e-09
Disease	disease_42495	3.01484229877753e-09
Disease	disease_1257	3.01484229877753e-09
Disease	disease_100021	3.014228567253258e-09
Disease	disease_15585	3.014228567253258e-09
Disease	disease_100020	3.014228567253258e-09
Disease	disease_9570	3.0141474485889697e-09
Disease	disease_18731	3.0139842633120145e-09
Disease	disease_11784	3.013449485414843e-09
Disease	disease_8236	3.012484977418051e-09
Disease	disease_32864	3.00897811078691e-09
Disease	disease_6656	3.005239817882034e-09
Disease	disease_19910	3.0051185129302375e-09
Disease	disease_14479	3.004370042856352e-09
Disease	disease_10700	3.0030029168067886e-09
Disease	disease_8387	3.001901646785157e-09
Disease	disease_9375	3.0010831319623733e-09
Disease	disease_13425	3.0006367036127517e-09
Disease	disease_10599	2.999203274447092e-09
Disease	disease_1543	2.996868382402979e-09
Disease	disease_8844	2.9962853672554843e-09
Disease	disease_11792	2.993883160498951e-09
Disease	disease_2979	2.9934855004495987e-09
Disease	disease_14128	2.9929079892635674e-09
Disease	disease_17315	2.9925462704603464e-09
Disease	disease_32867	2.992157617566718e-09
Disease	disease_60456	2.988861713340849e-09
Disease	disease_13628	2.98718619697943e-09
Disease	disease_24559	2.9871022575023975e-09
Disease	disease_10952	2.9869574223775453e-09
Disease	disease_25135	2.9860062305857953e-09
Disease	disease_11705	2.983563595516841e-09
Disease	disease_20485	2.983383206137039e-09
Disease	disease_14467	2.9832031769058014e-09
Disease	disease_11047	2.981706338831403e-09
Disease	disease_6366	2.98069387252569e-09
Disease	disease_45054	2.979563111196349e-09
Disease	disease_21301	2.979518433472266e-09
Disease	disease_15496	2.97949943509548e-09
Disease	disease_9481	2.9770228099156413e-09
Disease	disease_8946	2.9770228099156413e-09
Disease	disease_10050	2.9770228099156413e-09
Disease	disease_7625	2.9755685251604998e-09
Disease	disease_11610	2.974663629023017e-09
Disease	disease_10734	2.9718631794309264e-09
Disease	disease_7483	2.9713115182656793e-09
Disease	disease_26721	2.969399377651875e-09
Disease	disease_10673	2.9689052304935504e-09
Disease	disease_2653	2.9681326804220024e-09
Disease	disease_2220	2.967726045405688e-09
Disease	disease_44873	2.9674789231992094e-09
Disease	disease_17876	2.966966445912585e-09
Disease	disease_17874	2.966966445912585e-09
Disease	disease_17875	2.966966445912585e-09
Disease	disease_3277	2.9667806658474564e-09
Disease	disease_3087	2.9661349525122074e-09
Disease	disease_13461	2.96607247442651e-09
Disease	disease_3218	2.9652381569666254e-09
Disease	disease_24308	2.964738431171678e-09
Disease	disease_18112	2.963584974771262e-09
Disease	disease_21522	2.9634807927234783e-09
Disease	disease_8078	2.9616295933054165e-09
Disease	disease_10267	2.9612104169984496e-09
Disease	disease_14171	2.960666266100123e-09
Disease	disease_4651	2.9572379175358954e-09
Disease	disease_5891	2.9562554372009687e-09
Disease	disease_5778	2.9562554372009687e-09
Disease	disease_14575	2.9556685012247368e-09
Disease	disease_18418	2.954379296719424e-09
Disease	disease_13922	2.9538358083102846e-09
Disease	disease_13894	2.950974298125737e-09
Disease	disease_6824	2.9503518077177817e-09
Disease	disease_3575	2.9503518077177817e-09
Disease	disease_20764	2.9503518077177817e-09
Disease	disease_8455	2.94890962107467e-09
Disease	disease_9328	2.945958193556097e-09
Disease	disease_18190	2.945069745104788e-09
Disease	disease_14393	2.9433304977547756e-09
Disease	disease_29143	2.9426115421913605e-09
Disease	disease_7180	2.9414246130198057e-09
Disease	disease_20539	2.9412827089306088e-09
Disease	disease_11527	2.940589910234213e-09
Disease	disease_32924	2.9396958429158925e-09
Disease	disease_32806	2.9389874572473533e-09
Disease	disease_16193	2.9386781125250475e-09
Disease	disease_32916	2.9379932918875084e-09
Disease	disease_9775	2.9378829974617023e-09
Disease	disease_32814	2.937012288226836e-09
Disease	disease_5892	2.9368968506456553e-09
Disease	disease_33369	2.93626838651238e-09
Disease	disease_7066	2.9362070371300805e-09
Disease	disease_10244	2.9341731993878224e-09
Disease	disease_2226	2.9334141986435336e-09
Disease	disease_10839	2.9331216179768524e-09
Disease	disease_9545	2.9320915427048796e-09
Disease	disease_11580	2.931392295607463e-09
Disease	disease_44323	2.931060667349587e-09
Disease	disease_20669	2.929346651350109e-09
Disease	disease_13129	2.92744686617887e-09
Disease	disease_13486	2.927243451236776e-09
Disease	disease_2795	2.926789947790181e-09
Disease	disease_8027	2.9245034012768226e-09
Disease	disease_3935	2.9244775362689663e-09
Disease	disease_5864	2.9243811992454133e-09
Disease	disease_15259	2.9238963892668442e-09
Disease	disease_8981	2.922648725638201e-09
Disease	disease_18618	2.9221974337077478e-09
Disease	disease_12324	2.9216621123345296e-09
Disease	disease_12809	2.9207734846759823e-09
Disease	disease_7777	2.919437596062124e-09
Disease	disease_16869	2.9183937718415463e-09
Disease	disease_7401	2.9181358581933534e-09
Disease	disease_15300	2.912715432414583e-09
Disease	disease_1407	2.9121966537513184e-09
Disease	disease_7595	2.911540245473634e-09
Disease	disease_14308	2.9110664305447385e-09
Disease	disease_6220	2.9110566014278728e-09
Disease	disease_15807	2.90964724247291e-09
Disease	disease_12190	2.909370214089767e-09
Disease	disease_20182	2.9085666557945067e-09
Disease	disease_169	2.9081289659824774e-09
Disease	disease_20216	2.9080636964024277e-09
Disease	disease_32893	2.9071040144326217e-09
Disease	disease_2343	2.9058433307361892e-09
Disease	disease_30074	2.905774075977211e-09
Disease	disease_5051	2.9053371595372735e-09
Disease	disease_231	2.9031513832566115e-09
Disease	disease_1154	2.9031513832566115e-09
Disease	disease_232	2.9031513832566115e-09
Disease	disease_234	2.9031513832566115e-09
Disease	disease_19364	2.9031513832566115e-09
Disease	disease_227	2.9031513832566115e-09
Disease	disease_12660	2.8996818167458453e-09
Disease	disease_12661	2.8996818167458453e-09
Disease	disease_21012	2.8996818167458453e-09
Disease	disease_3931	2.899077783191009e-09
Disease	disease_2646	2.898460360392144e-09
Disease	disease_16455	2.896291873204011e-09
Disease	disease_17326	2.896291873204011e-09
Disease	disease_15935	2.8951335394870816e-09
Disease	disease_13764	2.8948210827879332e-09
Disease	disease_11313	2.8948172797657776e-09
Disease	disease_20848	2.8943492770314388e-09
Disease	disease_9489	2.8941837950095722e-09
Disease	disease_17857	2.893909462471731e-09
Disease	disease_338	2.8934261934011584e-09
Disease	disease_7662	2.892552190028866e-09
Disease	disease_15233	2.8888393160855183e-09
Disease	disease_19357	2.8886313084408494e-09
Disease	disease_19529	2.8886313084408494e-09
Disease	disease_30054	2.8877779628823896e-09
Disease	disease_16201	2.8877298616331557e-09
Disease	disease_24478	2.8861494416225996e-09
Disease	disease_17164	2.885872696243666e-09
Disease	disease_9298	2.8837279682068252e-09
Disease	disease_9455	2.8829551304945214e-09
Disease	disease_21454	2.882910337097936e-09
Disease	disease_10803	2.8816340877912714e-09
Disease	disease_44311	2.880107170268521e-09
Disease	disease_9822	2.8799478774172686e-09
Disease	disease_2751	2.8790949066007302e-09
Disease	disease_8489	2.8781189300647273e-09
Disease	disease_11546	2.877525179129997e-09
Disease	disease_17712	2.8768210507092854e-09
Disease	disease_9028	2.876764732010713e-09
Disease	disease_4376	2.8755296057383084e-09
Disease	disease_4268	2.8755296057383084e-09
Disease	disease_20213	2.875247412429391e-09
Disease	disease_24609	2.875117580175335e-09
Disease	disease_32892	2.874632039208599e-09
Disease	disease_8255	2.874257702910886e-09
Disease	disease_8212	2.874257702910886e-09
Disease	disease_7260	2.874257702910886e-09
Disease	disease_7752	2.874257702910886e-09
Disease	disease_6490	2.8732358175886625e-09
Disease	disease_5671	2.8731743517019225e-09
Disease	disease_8477	2.8726914669843527e-09
Disease	disease_8925	2.8719330618766685e-09
Disease	disease_4311	2.871874435608747e-09
Disease	disease_19277	2.871853815517264e-09
Disease	disease_13033	2.87073124181349e-09
Disease	disease_44645	2.870561699142151e-09
Disease	disease_16159	2.8702327220715783e-09
Disease	disease_4732	2.86990664717325e-09
Disease	disease_9438	2.8689127100242133e-09
Disease	disease_21249	2.8663113965799554e-09
Disease	disease_12394	2.8660889918789307e-09
Disease	disease_10906	2.8659184379098197e-09
Disease	disease_16194	2.8657259161111065e-09
Disease	disease_19498	2.8645387193889863e-09
Disease	disease_14994	2.864156553614415e-09
Disease	disease_11569	2.8636150860809286e-09
Disease	disease_12005	2.862531503497685e-09
Disease	disease_9881	2.8624288931197955e-09
Disease	disease_6056	2.8623649062675474e-09
Disease	disease_8541	2.861362679339863e-09
Disease	disease_6060	2.8610476783393085e-09
Disease	disease_12028	2.8603362008793746e-09
Disease	disease_12027	2.8603362008793746e-09
Disease	disease_18756	2.8603362008793746e-09
Disease	disease_12263	2.8603362008793746e-09
Disease	disease_1629	2.8603362008793746e-09
Disease	disease_5435	2.8603362008793746e-09
Disease	disease_25512	2.8603362008793746e-09
Disease	disease_13758	2.859695871997514e-09
Disease	disease_21239	2.859403800739391e-09
Disease	disease_33309	2.8591427552833074e-09
Disease	disease_54738	2.858244672182819e-09
Disease	disease_9471	2.8568809846857374e-09
Disease	disease_7439	2.856524311144274e-09
Disease	disease_3337	2.854783347063992e-09
Disease	disease_17342	2.8508197595625485e-09
Disease	disease_9894	2.850645223806957e-09
Disease	disease_3032	2.8506051198421133e-09
Disease	disease_11715	2.848892870445506e-09
Disease	disease_24235	2.8459965950627137e-09
Disease	disease_16582	2.842741445593387e-09
Disease	disease_6544	2.8417793465338153e-09
Disease	disease_7799	2.8399358669408934e-09
Disease	disease_54861	2.839493281598423e-09
Disease	disease_9559	2.838723525746674e-09
Disease	disease_13617	2.838034124943308e-09
Disease	disease_19551	2.8378047466860962e-09
Disease	disease_16583	2.8377924486439494e-09
Disease	disease_12401	2.8375181754763458e-09
Disease	disease_11101	2.8374490692562204e-09
Disease	disease_10853	2.8372753189633907e-09
Disease	disease_9765	2.8371106244501728e-09
Disease	disease_7531	2.8364669426625185e-09
Disease	disease_7530	2.8364669426625185e-09
Disease	disease_12861	2.8359251091151063e-09
Disease	disease_18113	2.835160322381955e-09
Disease	disease_7583	2.833763311972543e-09
Disease	disease_21039	2.832824138670199e-09
Disease	disease_337	2.8323861614464174e-09
Disease	disease_647	2.830856147231862e-09
Disease	disease_21123	2.830307272395321e-09
Disease	disease_8802	2.8300769954327236e-09
Disease	disease_514	2.82969825160443e-09
Disease	disease_8451	2.8292562430354232e-09
Disease	disease_3842	2.8290123986483673e-09
Disease	disease_17934	2.8288690491378314e-09
Disease	disease_13583	2.82865181092139e-09
Disease	disease_15047	2.828344039251511e-09
Disease	disease_8582	2.8274621730330538e-09
Disease	disease_11525	2.8247975361207775e-09
Disease	disease_10838	2.824232643200946e-09
Disease	disease_8031	2.8237506444304185e-09
Disease	disease_14482	2.82253725908037e-09
Disease	disease_16289	2.8206165528432963e-09
Disease	disease_32685	2.820385205269336e-09
Disease	disease_15605	2.819979204620339e-09
Disease	disease_7090	2.81675348411041e-09
Disease	disease_15325	2.815376199699503e-09
Disease	disease_6138	2.8151384806884803e-09
Disease	disease_12405	2.81416617813465e-09
Disease	disease_9417	2.812760043274583e-09
Disease	disease_12371	2.812433638488315e-09
Disease	disease_1651	2.811884713707199e-09
Disease	disease_1654	2.8091387035039736e-09
Disease	disease_16938	2.8067391438773298e-09
Disease	disease_13834	2.8057605100507856e-09
Disease	disease_13984	2.8049403229706337e-09
Disease	disease_12336	2.8045227506986295e-09
Disease	disease_6817	2.8018745058044233e-09
Disease	disease_19530	2.7996009546621248e-09
Disease	disease_9001	2.7981230782325234e-09
Disease	disease_9951	2.797520722091402e-09
Disease	disease_17670	2.7974961603833095e-09
Disease	disease_14842	2.7973051435013525e-09
Disease	disease_14637	2.794065730302827e-09
Disease	disease_20657	2.7933933737305315e-09
Disease	disease_10620	2.79074792818949e-09
Disease	disease_12734	2.7905926482846214e-09
Disease	disease_3315	2.7878980819473035e-09
Disease	disease_13293	2.787274828626739e-09
Disease	disease_16068	2.785705812242926e-09
Disease	disease_15768	2.784975517858085e-09
Disease	disease_40673	2.7828300480940117e-09
Disease	disease_32642	2.7822684111449825e-09
Disease	disease_10045	2.781901007944684e-09
Disease	disease_17627	2.7788355407796523e-09
Disease	disease_16641	2.777515239875784e-09
Disease	disease_4677	2.777378053580591e-09
Disease	disease_11940	2.77302687976292e-09
Disease	disease_9521	2.772664369613045e-09
Disease	disease_8839	2.772598036574337e-09
Disease	disease_8750	2.7712839856658277e-09
Disease	disease_9790	2.7711721971738733e-09
Disease	disease_820	2.770723247833577e-09
Disease	disease_13538	2.7693098295162723e-09
Disease	disease_15022	2.769190184126128e-09
Disease	disease_8950	2.7672716128002405e-09
Disease	disease_16616	2.765941072586333e-09
Disease	disease_16615	2.765941072586333e-09
Disease	disease_11154	2.7658143599806886e-09
Disease	disease_9786	2.7657502111462624e-09
Disease	disease_13579	2.7641271987083794e-09
Disease	disease_6215	2.763615023950687e-09
Disease	disease_8431	2.7629503163122924e-09
Disease	disease_4660	2.7605060211327917e-09
Disease	disease_3901	2.7595145573653e-09
Disease	disease_5204	2.7594469371220617e-09
Disease	disease_34147	2.7573026964895216e-09
Disease	disease_25371	2.7556210218222897e-09
Disease	disease_4366	2.7552932481405304e-09
Disease	disease_4393	2.7552932481405304e-09
Disease	disease_17899	2.755271141687917e-09
Disease	disease_10446	2.7538628767299903e-09
Disease	disease_54770	2.7536446239391738e-09
Disease	disease_8875	2.7532381849384573e-09
Disease	disease_3758	2.753231894847064e-09
Disease	disease_21660	2.7527998355931125e-09
Disease	disease_12329	2.7526520589884194e-09
Disease	disease_10093	2.7518415677678792e-09
Disease	disease_9812	2.7513726752248118e-09
Disease	disease_11160	2.750254731903622e-09
Disease	disease_8444	2.749610713118389e-09
Disease	disease_9080	2.748913270905291e-09
Disease	disease_11805	2.74700250350363e-09
Disease	disease_524	2.745942203991991e-09
Disease	disease_17992	2.745199969674349e-09
Disease	disease_8052	2.745007216953315e-09
Disease	disease_16944	2.744422016401202e-09
Disease	disease_11987	2.741327107114372e-09
Disease	disease_13284	2.740677383869365e-09
Disease	disease_8129	2.7400853146511508e-09
Disease	disease_6222	2.7387273335290226e-09
Disease	disease_10064	2.7383117060510234e-09
Disease	disease_1419	2.7370602364952956e-09
Disease	disease_12792	2.736881730011525e-09
Disease	disease_30055	2.7366336954130534e-09
Disease	disease_13807	2.7361693856305425e-09
Disease	disease_12296	2.7361620537609723e-09
Disease	disease_7162	2.7348043386335187e-09
Disease	disease_11206	2.734579865818136e-09
Disease	disease_9244	2.73426234524564e-09
Disease	disease_43543	2.7342583761411477e-09
Disease	disease_938	2.7341717498498456e-09
Disease	disease_10928	2.733620994166048e-09
Disease	disease_11009	2.732722416603664e-09
Disease	disease_13287	2.732471550417853e-09
Disease	disease_4896	2.7323763851890926e-09
Disease	disease_60702	2.7316656576739136e-09
Disease	disease_5434	2.731098489338189e-09
Disease	disease_3209	2.729737846693255e-09
Disease	disease_536	2.7297051549731076e-09
Disease	disease_32882	2.7288412780277973e-09
Disease	disease_8766	2.728641379668769e-09
Disease	disease_15839	2.72734504064667e-09
Disease	disease_44710	2.724748050848194e-09
Disease	disease_43317	2.7243646496164534e-09
Disease	disease_4032	2.7238830981713932e-09
Disease	disease_12199	2.723190800295752e-09
Disease	disease_21388	2.7230692151706222e-09
Disease	disease_9429	2.721499857893954e-09
Disease	disease_2172	2.7204453233592267e-09
Disease	disease_5595	2.7201935564025655e-09
Disease	disease_8776	2.719275492170528e-09
Disease	disease_16467	2.7183304309004148e-09
Disease	disease_6046	2.7166333081810034e-09
Disease	disease_15239	2.716174528479417e-09
Disease	disease_3895	2.7159543706798487e-09
Disease	disease_6246	2.7159543706798487e-09
Disease	disease_10107	2.715797035372904e-09
Disease	disease_8307	2.7156409974108906e-09
Disease	disease_2861	2.715346117075007e-09
Disease	disease_15015	2.7138323154639925e-09
Disease	disease_8676	2.713383802107413e-09
Disease	disease_9311	2.713362726770167e-09
Disease	disease_8738	2.7122061302974442e-09
Disease	disease_9128	2.710941273823137e-09
Disease	disease_12504	2.7109377817550396e-09
Disease	disease_6226	2.7109301588194116e-09
Disease	disease_15535	2.7098790058530997e-09
Disease	disease_12160	2.7089437239439595e-09
Disease	disease_16080	2.7078043613399334e-09
Disease	disease_9177	2.707380447333842e-09
Disease	disease_11966	2.7073127207151456e-09
Disease	disease_7894	2.7071752209438048e-09
Disease	disease_16148	2.706412844504934e-09
Disease	disease_8188	2.706316900918491e-09
Disease	disease_8916	2.705920934139461e-09
Disease	disease_13453	2.7059114758282728e-09
Disease	disease_2066	2.7057692392443715e-09
Disease	disease_654	2.704031060801686e-09
Disease	disease_12576	2.70355822197596e-09
Disease	disease_19796	2.7028016354747216e-09
Disease	disease_7199	2.702463767168443e-09
Disease	disease_8506	2.701428175614712e-09
Disease	disease_18361	2.7013169275933843e-09
Disease	disease_100147	2.6988574303030954e-09
Disease	disease_32925	2.6984452367888652e-09
Disease	disease_17134	2.697136385937753e-09
Disease	disease_3878	2.695348136312033e-09
Disease	disease_19605	2.6951357663286062e-09
Disease	disease_4262	2.694910005293272e-09
Disease	disease_18165	2.6933147763979695e-09
Disease	disease_18164	2.6933147763979695e-09
Disease	disease_10078	2.6930335649479635e-09
Disease	disease_14433	2.6924305518694015e-09
Disease	disease_7636	2.6916362114495826e-09
Disease	disease_8508	2.6906848509967993e-09
Disease	disease_16896	2.6899398424958376e-09
Disease	disease_33619	2.6898898707383866e-09
Disease	disease_8920	2.6898794161313145e-09
Disease	disease_13695	2.6897723038252118e-09
Disease	disease_5056	2.689307547544221e-09
Disease	disease_2926	2.688457134097955e-09
Disease	disease_14434	2.6878948913736504e-09
Disease	disease_10075	2.6867315691714256e-09
Disease	disease_24630	2.6857672451462777e-09
Disease	disease_24632	2.6857672451462777e-09
Disease	disease_6838	2.6856740146447273e-09
Disease	disease_20563	2.6845286490379455e-09
Disease	disease_3371	2.681775255550776e-09
Disease	disease_17984	2.681297117946062e-09
Disease	disease_18529	2.680455584123769e-09
Disease	disease_14573	2.679008049508242e-09
Disease	disease_7314	2.678384293230847e-09
Disease	disease_44907	2.6775987265183623e-09
Disease	disease_8547	2.677523066152597e-09
Disease	disease_6254	2.6772825402442117e-09
Disease	disease_13635	2.676267802713603e-09
Disease	disease_6132	2.6747796423067637e-09
Disease	disease_2455	2.6747796423067637e-09
Disease	disease_8500	2.6724741733136278e-09
Disease	disease_2764	2.672330973704071e-09
Disease	disease_7647	2.671576695297422e-09
Disease	disease_10435	2.6686762246564363e-09
Disease	disease_9858	2.6684296760372406e-09
Disease	disease_14623	2.668247663969288e-09
Disease	disease_12359	2.667858230625898e-09
Disease	disease_24547	2.667099723153938e-09
Disease	disease_7125	2.6664770213012073e-09
Disease	disease_13930	2.6658185028642317e-09
Disease	disease_2634	2.6653208871562975e-09
Disease	disease_4441	2.663752536130504e-09
Disease	disease_12547	2.662302533445023e-09
Disease	disease_3997	2.661878700723703e-09
Disease	disease_3137	2.660453561145574e-09
Disease	disease_3134	2.660453561145574e-09
Disease	disease_14234	2.660230784824792e-09
Disease	disease_16018	2.659662992007499e-09
Disease	disease_4876	2.6596541690756693e-09
Disease	disease_7469	2.658343304345748e-09
Disease	disease_7308	2.6566009414455016e-09
Disease	disease_10813	2.655785408482208e-09
Disease	disease_2923	2.6545171439757635e-09
Disease	disease_16059	2.6531413707133584e-09
Disease	disease_40923	2.6526392424388287e-09
Disease	disease_33006	2.651913077487071e-09
Disease	disease_13899	2.6502378335650184e-09
Disease	disease_54739	2.6496099988892663e-09
Disease	disease_9600	2.6490667099454245e-09
Disease	disease_3017	2.6487483744093648e-09
Disease	disease_56822	2.6485150003820192e-09
Disease	disease_24461	2.646917992944334e-09
Disease	disease_14795	2.6468160965494584e-09
Disease	disease_18383	2.6449641160511863e-09
Disease	disease_13332	2.644568070315388e-09
Disease	disease_12056	2.6424163679905597e-09
Disease	disease_7384	2.6420379494867918e-09
Disease	disease_14400	2.6416306019140416e-09
Disease	disease_9205	2.641204239302078e-09
Disease	disease_14986	2.641076188449921e-09
Disease	disease_14027	2.6409066309821626e-09
Disease	disease_3479	2.6407073130900166e-09
Disease	disease_15594	2.6398564017041233e-09
Disease	disease_552	2.6388334368891955e-09
Disease	disease_20039	2.63881353930916e-09
Disease	disease_12008	2.638622581907423e-09
Disease	disease_8526	2.638289301583817e-09
Disease	disease_2775	2.6370580356732423e-09
Disease	disease_4194	2.6370580356732423e-09
Disease	disease_25956	2.6370580356732423e-09
Disease	disease_11538	2.6369595910168155e-09
Disease	disease_8350	2.6363485358615145e-09
Disease	disease_7463	2.6362966001777696e-09
Disease	disease_17529	2.6351194859898486e-09
Disease	disease_17530	2.6351194859898486e-09
Disease	disease_11135	2.6346244547826573e-09
Disease	disease_18134	2.6344554073305964e-09
Disease	disease_14941	2.633900587294166e-09
Disease	disease_9522	2.6334616914578525e-09
Disease	disease_8285	2.6332619063702877e-09
Disease	disease_13071	2.6327096893414478e-09
Disease	disease_22394	2.6323851462213343e-09
Disease	disease_13889	2.632027828319852e-09
Disease	disease_20077	2.6319946887264534e-09
Disease	disease_9488	2.6283624278668204e-09
Disease	disease_11042	2.6281689515811364e-09
Disease	disease_19662	2.628119164271876e-09
Disease	disease_3497	2.6278319231679283e-09
Disease	disease_3502	2.6270518147620274e-09
Disease	disease_12128	2.6270116277554645e-09
Disease	disease_15830	2.6266384200850635e-09
Disease	disease_33656	2.6262132903366784e-09
Disease	disease_7653	2.6259847653835484e-09
Disease	disease_8624	2.6257499714951025e-09
Disease	disease_42970	2.6249055436891488e-09
Disease	disease_16192	2.624728761745844e-09
Disease	disease_10881	2.6242261297762667e-09
Disease	disease_9163	2.6241877177660933e-09
Disease	disease_14445	2.623403367363428e-09
Disease	disease_2403	2.621857620047573e-09
Disease	disease_54696	2.6211727062555823e-09
Disease	disease_3844	2.62074217938104e-09
Disease	disease_6713	2.6205654342669313e-09
Disease	disease_19322	2.619671078267783e-09
Disease	disease_15225	2.6192121085757424e-09
Disease	disease_20785	2.6175196905068367e-09
Disease	disease_10189	2.6167591038089158e-09
Disease	disease_10114	2.616222533798355e-09
Disease	disease_7373	2.6159677305725997e-09
Disease	disease_44335	2.6146258227680347e-09
Disease	disease_7144	2.6125221848795014e-09
Disease	disease_44878	2.610162370355386e-09
Disease	disease_8160	2.6100004161639248e-09
Disease	disease_13206	2.609894731910361e-09
Disease	disease_10039	2.609873400063923e-09
Disease	disease_18330	2.609555888662146e-09
Disease	disease_16151	2.6081734209827274e-09
Disease	disease_3478	2.6079712711590857e-09
Disease	disease_14854	2.6072296974861876e-09
Disease	disease_8257	2.6069812402793626e-09
Disease	disease_6997	2.606862887014364e-09
Disease	disease_7221	2.606447608951328e-09
Disease	disease_15844	2.6046235929445567e-09
Disease	disease_15845	2.6046235929445567e-09
Disease	disease_17933	2.602790581779439e-09
Disease	disease_7420	2.6003524342501234e-09
Disease	disease_14348	2.598648876171822e-09
Disease	disease_20840	2.5969196880405798e-09
Disease	disease_4531	2.596880521381987e-09
Disease	disease_16539	2.5942715346640227e-09
Disease	disease_19348	2.593652987730412e-09
Disease	disease_14378	2.5932355413885922e-09
Disease	disease_18877	2.592898559766679e-09
Disease	disease_16827	2.592285705582517e-09
Disease	disease_10084	2.5901116497538203e-09
Disease	disease_6992	2.589979271769008e-09
Disease	disease_2896	2.589979271769008e-09
Disease	disease_7025	2.589979271769008e-09
Disease	disease_100108	2.5892440368733494e-09
Disease	disease_7393	2.5876601405036413e-09
Disease	disease_24545	2.587167961905769e-09
Disease	disease_60666	2.5867784538786238e-09
Disease	disease_100052	2.5864941107889683e-09
Disease	disease_2694	2.584803757065393e-09
Disease	disease_2693	2.584803757065393e-09
Disease	disease_8691	2.584723628666333e-09
Disease	disease_11239	2.584723009938074e-09
Disease	disease_18679	2.583737920146405e-09
Disease	disease_18680	2.583737920146405e-09
Disease	disease_7957	2.583113940009795e-09
Disease	disease_7795	2.582617132521408e-09
Disease	disease_4096	2.5815462348932783e-09
Disease	disease_21463	2.5812708972564574e-09
Disease	disease_11605	2.580157390563268e-09
Disease	disease_7304	2.5783654909759474e-09
Disease	disease_14840	2.5778202953778436e-09
Disease	disease_8281	2.5778190604315067e-09
Disease	disease_10989	2.5777006677848692e-09
Disease	disease_8709	2.5776125135394653e-09
Disease	disease_13290	2.576737711057831e-09
Disease	disease_7728	2.5764203871986407e-09
Disease	disease_24336	2.5755081642049205e-09
Disease	disease_344	2.5750974546628758e-09
Disease	disease_342	2.5750974546628758e-09
Disease	disease_4554	2.5731289595473714e-09
Disease	disease_4965	2.5727572249859467e-09
Disease	disease_9686	2.572609308158904e-09
Disease	disease_44325	2.5706956535862147e-09
Disease	disease_16417	2.5702338488013302e-09
Disease	disease_25382	2.569952425268143e-09
Disease	disease_13976	2.569661061940938e-09
Disease	disease_9240	2.569399235096345e-09
Disease	disease_41403	2.569205196608385e-09
Disease	disease_10781	2.569139397796131e-09
Disease	disease_2638	2.569051693819254e-09
Disease	disease_16646	2.5689169888300373e-09
Disease	disease_15352	2.5683237722208105e-09
Disease	disease_18813	2.5682831245905306e-09
Disease	disease_1643	2.567899708954689e-09
Disease	disease_18095	2.5660696850599025e-09
Disease	disease_13725	2.5655425541479966e-09
Disease	disease_23153	2.5648718225159136e-09
Disease	disease_21943	2.5648718225159136e-09
Disease	disease_40753	2.5648718225159136e-09
Disease	disease_14687	2.56289485323082e-09
Disease	disease_33838	2.562475825853333e-09
Disease	disease_34142	2.5621673092200893e-09
Disease	disease_7178	2.5621616393859247e-09
Disease	disease_14515	2.562155363827147e-09
Disease	disease_19923	2.5620807590908073e-09
Disease	disease_13149	2.5617100388451124e-09
Disease	disease_43923	2.561442637457127e-09
Disease	disease_21486	2.561184714084021e-09
Disease	disease_487	2.5609693411315976e-09
Disease	disease_8992	2.560117185010015e-09
Disease	disease_10447	2.5600283297935573e-09
Disease	disease_12854	2.5581381959653172e-09
Disease	disease_9060	2.5572665166586383e-09
Disease	disease_2651	2.5547108354755253e-09
Disease	disease_13183	2.5543873650854565e-09
Disease	disease_643	2.554247926678154e-09
Disease	disease_32866	2.552445450959172e-09
Disease	disease_6198	2.551983908735234e-09
Disease	disease_11179	2.5517252414675397e-09
Disease	disease_9982	2.5515486520660374e-09
Disease	disease_8613	2.550169545920635e-09
Disease	disease_1262	2.5500291557356876e-09
Disease	disease_14281	2.5496279378894354e-09
Disease	disease_14603	2.5493860184898917e-09
Disease	disease_7754	2.5483436523086903e-09
Disease	disease_12909	2.5478734616324115e-09
Disease	disease_9695	2.5472202583828898e-09
Disease	disease_32795	2.545647468439188e-09
Disease	disease_18119	2.5449625609530317e-09
Disease	disease_10912	2.5397618457441794e-09
Disease	disease_2760	2.539444267689232e-09
Disease	disease_11209	2.5387596162280535e-09
Disease	disease_19770	2.538714350280955e-09
Disease	disease_4757	2.538228086113022e-09
Disease	disease_1123	2.538228086113022e-09
Disease	disease_14972	2.537173290034565e-09
Disease	disease_9418	2.536114839719063e-09
Disease	disease_4684	2.5352459588183767e-09
Disease	disease_396	2.535142130935567e-09
Disease	disease_21246	2.5349904596755907e-09
Disease	disease_11947	2.5345792027177634e-09
Disease	disease_8914	2.5341985773812302e-09
Disease	disease_19396	2.5334341366234494e-09
Disease	disease_527	2.5329853002283843e-09
Disease	disease_16866	2.5323294138006196e-09
Disease	disease_44984	2.532268525719595e-09
Disease	disease_13948	2.5319855946292196e-09
Disease	disease_16953	2.5318475661019588e-09
Disease	disease_7997	2.531814660685888e-09
Disease	disease_9890	2.5316805629032655e-09
Disease	disease_14661	2.5309265425066935e-09
Disease	disease_13271	2.530823956985656e-09
Disease	disease_9460	2.5291472614114744e-09
Disease	disease_13259	2.527844886784279e-09
Disease	disease_11421	2.527202408571765e-09
Disease	disease_24378	2.526020013528725e-09
Disease	disease_24377	2.526020013528725e-09
Disease	disease_8600	2.5260004366544317e-09
Disease	disease_34146	2.5259737701629787e-09
Disease	disease_4248	2.5250397736394568e-09
Disease	disease_32879	2.524338129614749e-09
Disease	disease_7210	2.5236165588216705e-09
Disease	disease_15765	2.5226908563866644e-09
Disease	disease_17904	2.521861678967363e-09
Disease	disease_6082	2.521237872950784e-09
Disease	disease_8615	2.520301516873695e-09
Disease	disease_13909	2.520090341658602e-09
Disease	disease_17897	2.519773988016382e-09
Disease	disease_8403	2.518366897520521e-09
Disease	disease_9802	2.518256405201926e-09
Disease	disease_21462	2.517043799984684e-09
Disease	disease_9505	2.516942347951396e-09
Disease	disease_1819	2.516646822617708e-09
Disease	disease_7516	2.516628202096325e-09
Disease	disease_13786	2.5160663197588567e-09
Disease	disease_3523	2.516050669311214e-09
Disease	disease_8124	2.513634727763328e-09
Disease	disease_10844	2.5136075308625723e-09
Disease	disease_7216	2.5134708818717122e-09
Disease	disease_9913	2.513281253689349e-09
Disease	disease_44776	2.513170383031804e-09
Disease	disease_11172	2.513164905383341e-09
Disease	disease_9203	2.5129804942344356e-09
Disease	disease_6359	2.512800460692375e-09
Disease	disease_6034	2.5123510648289626e-09
Disease	disease_15306	2.5116593176803364e-09
Disease	disease_14326	2.511612019736432e-09
Disease	disease_16240	2.510826352612931e-09
Disease	disease_32661	2.510581559431987e-09
Disease	disease_12311	2.5099179216183245e-09
Disease	disease_14877	2.509911251255294e-09
Disease	disease_14454	2.508681185459681e-09
Disease	disease_9619	2.508223359945638e-09
Disease	disease_20737	2.507513235959904e-09
Disease	disease_8216	2.507020570952375e-09
Disease	disease_8121	2.506353564467134e-09
Disease	disease_9355	2.5052642050280734e-09
Disease	disease_9508	2.5050133938880134e-09
Disease	disease_14703	2.5049133583417443e-09
Disease	disease_12460	2.504251223545201e-09
Disease	disease_2550	2.5039969316568537e-09
Disease	disease_9358	2.5038476548517277e-09
Disease	disease_30134	2.5037979690001295e-09
Disease	disease_8563	2.5035203263058222e-09
Disease	disease_10145	2.503343057751073e-09
Disease	disease_8020	2.502597228374501e-09
Disease	disease_7038	2.501860144710484e-09
Disease	disease_14871	2.500916482844093e-09
Disease	disease_2648	2.5001886356925032e-09
Disease	disease_6561	2.499932429814175e-09
Disease	disease_30049	2.4995236344899938e-09
Disease	disease_13618	2.4992534639087176e-09
Disease	disease_2707	2.498720401142593e-09
Disease	disease_12553	2.497539201048168e-09
Disease	disease_10147	2.4969794754787283e-09
Disease	disease_7048	2.495668501489492e-09
Disease	disease_16750	2.4947257954797814e-09
Disease	disease_10166	2.4944074746552e-09
Disease	disease_1400	2.4936976149912244e-09
Disease	disease_11044	2.4933616407079984e-09
Disease	disease_17681	2.4932908385084054e-09
Disease	disease_21204	2.492528262523126e-09
Disease	disease_8202	2.4915098179953673e-09
Disease	disease_7283	2.49145535217863e-09
Disease	disease_21508	2.4907995507016704e-09
Disease	disease_7870	2.4907058210755668e-09
Disease	disease_8282	2.490565958064704e-09
Disease	disease_19603	2.49022829734596e-09
Disease	disease_13573	2.4897001363885865e-09
Disease	disease_7962	2.4895928344264303e-09
Disease	disease_11018	2.4895442595582546e-09
Disease	disease_16781	2.4886312196364235e-09
Disease	disease_16303	2.4881971862694682e-09
Disease	disease_16302	2.4881971862694682e-09
Disease	disease_20385	2.4881971862694682e-09
Disease	disease_10158	2.48753446645184e-09
Disease	disease_3813	2.4873635782602677e-09
Disease	disease_5850	2.486785446227427e-09
Disease	disease_5720	2.486785446227427e-09
Disease	disease_5717	2.486785446227427e-09
Disease	disease_44912	2.486219983999376e-09
Disease	disease_9190	2.485914096046158e-09
Disease	disease_11736	2.4854400325358045e-09
Disease	disease_11838	2.4851816318005674e-09
Disease	disease_11041	2.4850453065871626e-09
Disease	disease_1760	2.4846975434897453e-09
Disease	disease_1092	2.484665053531952e-09
Disease	disease_1490	2.4846579859435715e-09
Disease	disease_17180	2.4836789571412665e-09
Disease	disease_10336	2.4831854946551962e-09
Disease	disease_100002	2.482814554209839e-09
Disease	disease_9252	2.482441773215535e-09
Disease	disease_11260	2.482250407543747e-09
Disease	disease_100093	2.480923059451916e-09
Disease	disease_31386	2.4805455303070948e-09
Disease	disease_8445	2.479744488544753e-09
Disease	disease_15482	2.479585687286922e-09
Disease	disease_12688	2.477404955968398e-09
Disease	disease_15854	2.4773220490119895e-09
Disease	disease_8820	2.4768364035612102e-09
Disease	disease_11114	2.4750602987266733e-09
Disease	disease_16015	2.474853575578838e-09
Disease	disease_30045	2.47477851420835e-09
Disease	disease_10872	2.47286215403695e-09
Disease	disease_7246	2.472319370936817e-09
Disease	disease_18085	2.4715901620548697e-09
Disease	disease_16392	2.470858884850346e-09
Disease	disease_8696	2.4707848500642586e-09
Disease	disease_13196	2.4705615208506973e-09
Disease	disease_10980	2.4703034092988823e-09
Disease	disease_12196	2.469443951357693e-09
Disease	disease_11771	2.4691003231986428e-09
Disease	disease_19265	2.4690644937355502e-09
Disease	disease_15625	2.4690644937355502e-09
Disease	disease_13061	2.4687533693919748e-09
Disease	disease_2719	2.4685978902298688e-09
Disease	disease_3108	2.4685978902298688e-09
Disease	disease_32770	2.467861407063965e-09
Disease	disease_10925	2.4673027391991355e-09
Disease	disease_12558	2.466497298698872e-09
Disease	disease_12001	2.4660489002262453e-09
Disease	disease_13770	2.4658627234517727e-09
Disease	disease_7423	2.464625298642727e-09
Disease	disease_19271	2.464095258086149e-09
Disease	disease_450	2.4636355464249537e-09
Disease	disease_452	2.4636355464249537e-09
Disease	disease_10628	2.4633142347270252e-09
Disease	disease_10034	2.4611934032917455e-09
Disease	disease_9474	2.4611934032917455e-09
Disease	disease_16258	2.459898669520208e-09
Disease	disease_8989	2.459849295800752e-09
Disease	disease_8352	2.4598262223686465e-09
Disease	disease_14473	2.4556405895013937e-09
Disease	disease_8886	2.455303792202697e-09
Disease	disease_14914	2.4548966681380757e-09
Disease	disease_19970	2.4548569605785095e-09
Disease	disease_3487	2.454452837042596e-09
Disease	disease_6467	2.454452837042596e-09
Disease	disease_19102	2.454266287230072e-09
Disease	disease_3839	2.4539660501489987e-09
Disease	disease_706	2.453594751177803e-09
Disease	disease_20174	2.452402545459372e-09
Disease	disease_100282	2.4523374200314497e-09
Disease	disease_8957	2.4496467255981797e-09
Disease	disease_8584	2.4489809474623367e-09
Disease	disease_15041	2.4489048087447586e-09
Disease	disease_15040	2.4489048087447586e-09
Disease	disease_23273	2.4484585759515766e-09
Disease	disease_10924	2.4481490677623613e-09
Disease	disease_2616	2.4469498715345066e-09
Disease	disease_2920	2.4462551343546198e-09
Disease	disease_16867	2.4454132508491376e-09
Disease	disease_9814	2.4443487832069078e-09
Disease	disease_9029	2.4439852450697365e-09
Disease	disease_2779	2.443681276094808e-09
Disease	disease_16299	2.441664447989832e-09
Disease	disease_8385	2.441361844513669e-09
Disease	disease_7249	2.4413370900532376e-09
Disease	disease_10978	2.4411884662929586e-09
Disease	disease_16776	2.4387489053929125e-09
Disease	disease_7470	2.4386521994781883e-09
Disease	disease_13157	2.438574166189631e-09
Disease	disease_2237	2.4381335447272596e-09
Disease	disease_16541	2.4380475214166092e-09
Disease	disease_31009	2.437530998832225e-09
Disease	disease_13159	2.437530673016226e-09
Disease	disease_11746	2.437470247196684e-09
Disease	disease_12134	2.4367666173609033e-09
Disease	disease_15536	2.436131395398415e-09
Disease	disease_11577	2.436004362550944e-09
Disease	disease_7557	2.4352869768167037e-09
Disease	disease_7720	2.434021793385727e-09
Disease	disease_11248	2.433979413247433e-09
Disease	disease_12918	2.43320602261482e-09
Disease	disease_15273	2.4326725139964204e-09
Disease	disease_7049	2.4322044271419127e-09
Disease	disease_8462	2.432123705897961e-09
Disease	disease_2781	2.4320696367866936e-09
Disease	disease_7996	2.43106499012801e-09
Disease	disease_13055	2.4301919931560343e-09
Disease	disease_16518	2.4300537904987473e-09
Disease	disease_20581	2.429577129999056e-09
Disease	disease_7479	2.4294723460552375e-09
Disease	disease_13052	2.4287232603039375e-09
Disease	disease_1894	2.428448431221413e-09
Disease	disease_3313	2.428138518266077e-09
Disease	disease_7633	2.427952246697597e-09
Disease	disease_6008	2.4279102022683553e-09
Disease	disease_734	2.4278605862696262e-09
Disease	disease_3726	2.4278412036992383e-09
Disease	disease_3723	2.4278412036992383e-09
Disease	disease_7427	2.426729182136497e-09
Disease	disease_2058	2.4264284648886453e-09
Disease	disease_32725	2.426290622016052e-09
Disease	disease_15294	2.4262889491193405e-09
Disease	disease_4031	2.425155249292345e-09
Disease	disease_6556	2.4248696506599243e-09
Disease	disease_14872	2.4243311850610098e-09
Disease	disease_36484	2.4236256190168456e-09
Disease	disease_13138	2.4233318636608075e-09
Disease	disease_15522	2.4233000278197203e-09
Disease	disease_100134	2.4230168506729553e-09
Disease	disease_14112	2.422088281467137e-09
Disease	disease_21398	2.421600191114117e-09
Disease	disease_9573	2.4193779327193398e-09
Disease	disease_30005	2.418710789627883e-09
Disease	disease_4925	2.418647510104034e-09
Disease	disease_14992	2.4185393537054395e-09
Disease	disease_8014	2.418423355317481e-09
Disease	disease_6447	2.4182410232890576e-09
Disease	disease_3244	2.417308582188368e-09
Disease	disease_7882	2.4166061128063614e-09
Disease	disease_4360	2.416366730107381e-09
Disease	disease_12473	2.4154596948996e-09
Disease	disease_8022	2.415098958806985e-09
Disease	disease_9206	2.4136614712862264e-09
Disease	disease_11867	2.4130372918484706e-09
Disease	disease_9811	2.4126591165204528e-09
Disease	disease_9017	2.4124257546160773e-09
Disease	disease_60533	2.4120157169043287e-09
Disease	disease_8549	2.4118959754663767e-09
Disease	disease_14650	2.4107239367264794e-09
Disease	disease_24934	2.410312293265238e-09
Disease	disease_7643	2.4101893700631927e-09
Disease	disease_7682	2.4097005273842363e-09
Disease	disease_16209	2.4091058194605258e-09
Disease	disease_13077	2.4086279549465863e-09
Disease	disease_31012	2.408005913853446e-09
Disease	disease_14974	2.4070435834886845e-09
Disease	disease_389	2.4066632179276403e-09
Disease	disease_611	2.4055964804695214e-09
Disease	disease_2131	2.4034545258362964e-09
Disease	disease_8801	2.4026731828752616e-09
Disease	disease_7337	2.402234856036843e-09
Disease	disease_15592	2.4017756255731797e-09
Disease	disease_12748	2.4012818634537684e-09
Disease	disease_15236	2.4009893956242003e-09
Disease	disease_7133	2.4009098080904642e-09
Disease	disease_7418	2.399270204313419e-09
Disease	disease_8140	2.399270204313419e-09
Disease	disease_7581	2.399270204313419e-09
Disease	disease_7497	2.399270204313419e-09
Disease	disease_7499	2.399270204313419e-09
Disease	disease_14693	2.3991994407563245e-09
Disease	disease_15448	2.3991935695437704e-09
Disease	disease_16065	2.3990320567607175e-09
Disease	disease_9184	2.398756037226303e-09
Disease	disease_10552	2.39861373050216e-09
Disease	disease_14287	2.3985543070540253e-09
Disease	disease_8933	2.3982022704777843e-09
Disease	disease_10175	2.3979972271248154e-09
Disease	disease_13569	2.3963013045478395e-09
Disease	disease_7605	2.395967996185763e-09
Disease	disease_14436	2.395120862570727e-09
Disease	disease_4593	2.3950315756051176e-09
Disease	disease_12014	2.39452439254773e-09
Disease	disease_13535	2.394238312037831e-09
Disease	disease_2878	2.3937547047614875e-09
Disease	disease_8356	2.3936268024825584e-09
Disease	disease_5896	2.393033270872874e-09
Disease	disease_2240	2.391934370060414e-09
Disease	disease_10042	2.3916901481324124e-09
Disease	disease_13564	2.3903850294753376e-09
Disease	disease_14440	2.3902095126676933e-09
Disease	disease_10902	2.3896726951775595e-09
Disease	disease_8932	2.389621253628788e-09
Disease	disease_11221	2.389500933014535e-09
Disease	disease_9957	2.3892523062048184e-09
Disease	disease_9302	2.389133172950357e-09
Disease	disease_16154	2.388724438023932e-09
Disease	disease_11949	2.3866651176941e-09
Disease	disease_21240	2.386651617001108e-09
Disease	disease_7865	2.3865608051386283e-09
Disease	disease_13532	2.3865163333931724e-09
Disease	disease_32680	2.386416821241251e-09
Disease	disease_100209	2.3859805745579984e-09
Disease	disease_7490	2.384738095802982e-09
Disease	disease_359	2.3846918488428927e-09
Disease	disease_7816	2.3842015605351023e-09
Disease	disease_6391	2.3837085414751918e-09
Disease	disease_8064	2.3835497352759415e-09
Disease	disease_18191	2.383523049187542e-09
Disease	disease_8961	2.3830345161138878e-09
Disease	disease_11853	2.382837672455865e-09
Disease	disease_8141	2.3826642186948905e-09
Disease	disease_19789	2.3822080074324357e-09
Disease	disease_3820	2.3818295635572347e-09
Disease	disease_6548	2.3812880037991412e-09
Disease	disease_9186	2.380910977789141e-09
Disease	disease_3455	2.3807441592466425e-09
Disease	disease_11575	2.380562651965914e-09
Disease	disease_15321	2.3801754179471385e-09
Disease	disease_7151	2.379597683287297e-09
Disease	disease_9828	2.3790627477528e-09
Disease	disease_60733	2.378492151432568e-09
Disease	disease_10510	2.3784525677696058e-09
Disease	disease_7132	2.3782258801335452e-09
Disease	disease_11773	2.3779661751603496e-09
Disease	disease_8304	2.3776690243748353e-09
Disease	disease_21309	2.37737115805568e-09
Disease	disease_8391	2.3771365917249895e-09
Disease	disease_9462	2.3766258666685014e-09
Disease	disease_8573	2.375870911071522e-09
Disease	disease_11352	2.37579819059471e-09
Disease	disease_12218	2.3756913858535544e-09
Disease	disease_7553	2.375400587469123e-09
Disease	disease_15014	2.3750532818867387e-09
Disease	disease_13241	2.3749588385401756e-09
Disease	disease_100027	2.3746778538307454e-09
Disease	disease_100024	2.3746778538307454e-09
Disease	disease_100023	2.3746778538307454e-09
Disease	disease_100025	2.3746778538307454e-09
Disease	disease_100026	2.3746778538307454e-09
Disease	disease_32932	2.3734039338657538e-09
Disease	disease_14504	2.373207596795918e-09
Disease	disease_36482	2.373152760061787e-09
Disease	disease_4151	2.3725710205946256e-09
Disease	disease_13210	2.3721682788486443e-09
Disease	disease_42973	2.371894959212132e-09
Disease	disease_8063	2.3717143855836817e-09
Disease	disease_8065	2.3717143855836817e-09
Disease	disease_8625	2.371334596339724e-09
Disease	disease_8326	2.371334596339724e-09
Disease	disease_7773	2.371334596339724e-09
Disease	disease_7951	2.3710423650013485e-09
Disease	disease_7599	2.3699294179044676e-09
Disease	disease_15395	2.3692595780174747e-09
Disease	disease_20792	2.3690704309738112e-09
Disease	disease_13978	2.3690557488073474e-09
Disease	disease_16116	2.3685351931623173e-09
Disease	disease_7695	2.3675327892087953e-09
Disease	disease_6537	2.3671778479687706e-09
Disease	disease_10740	2.3671360110364316e-09
Disease	disease_15989	2.365915860023868e-09
Disease	disease_14470	2.3658699514791096e-09
Disease	disease_11442	2.3650454590559676e-09
Disease	disease_4889	2.3649840545047093e-09
Disease	disease_11005	2.3647241929648096e-09
Disease	disease_3824	2.3646870446691617e-09
Disease	disease_8291	2.3646146343408783e-09
Disease	disease_14121	2.364320240743874e-09
Disease	disease_8605	2.364267175835778e-09
Disease	disease_3495	2.363592031861684e-09
Disease	disease_8314	2.3633069894002066e-09
Disease	disease_6232	2.363222358157401e-09
Disease	disease_9403	2.3626336190921764e-09
Disease	disease_9944	2.362594320578169e-09
Disease	disease_6096	2.3624677285461023e-09
Disease	disease_7616	2.3624267344287144e-09
Disease	disease_10707	2.362330865885239e-09
Disease	disease_32787	2.36178943343553e-09
Disease	disease_8576	2.3616447149837924e-09
Disease	disease_8405	2.3616447149837924e-09
Disease	disease_8012	2.3616447149837924e-09
Disease	disease_8577	2.3616447149837924e-09
Disease	disease_8181	2.3616447149837924e-09
Disease	disease_8579	2.3616447149837924e-09
Disease	disease_8342	2.3616447149837924e-09
Disease	disease_10875	2.3616447149837924e-09
Disease	disease_7274	2.3616447149837924e-09
Disease	disease_15446	2.3616343118332847e-09
Disease	disease_13575	2.3614689505439724e-09
Disease	disease_8936	2.3612619162748e-09
Disease	disease_9016	2.3611937454255086e-09
Disease	disease_10982	2.3609613457227736e-09
Disease	disease_1598	2.3607259521603417e-09
Disease	disease_11117	2.3583681602502565e-09
Disease	disease_7976	2.358200635112711e-09
Disease	disease_8430	2.3573362329462093e-09
Disease	disease_5183	2.3572523078667252e-09
Disease	disease_7952	2.3569366559535217e-09
Disease	disease_13634	2.3560350180361667e-09
Disease	disease_11437	2.3555471893867915e-09
Disease	disease_7431	2.355132226299238e-09
Disease	disease_8581	2.355056251036882e-09
Disease	disease_7430	2.3549543516196153e-09
Disease	disease_9922	2.3548390595126467e-09
Disease	disease_15829	2.3545831049023687e-09
Disease	disease_8194	2.3543282792938283e-09
Disease	disease_8530	2.3543282792938283e-09
Disease	disease_7258	2.3543282792938283e-09
Disease	disease_10274	2.3532416231276938e-09
Disease	disease_2718	2.35302883139943e-09
Disease	disease_8687	2.352775972613788e-09
Disease	disease_7840	2.3515459537951474e-09
Disease	disease_8324	2.351359304960803e-09
Disease	disease_32733	2.3509211673212567e-09
Disease	disease_8912	2.350076380023918e-09
Disease	disease_7945	2.3497154493841068e-09
Disease	disease_20159	2.349374998434187e-09
Disease	disease_7597	2.3493160170415873e-09
Disease	disease_2969	2.3490417698151713e-09
Disease	disease_9826	2.3487735197007983e-09
Disease	disease_7914	2.3487665379516074e-09
Disease	disease_22060	2.3478779529324927e-09
Disease	disease_9027	2.347338788445371e-09
Disease	disease_32647	2.3473124864585655e-09
Disease	disease_2114	2.345534250343588e-09
Disease	disease_3728	2.345370730474502e-09
Disease	disease_2859	2.345370730474502e-09
Disease	disease_6027	2.345370730474502e-09
Disease	disease_3024	2.345370730474502e-09
Disease	disease_7408	2.3450193987751333e-09
Disease	disease_530	2.344686905797807e-09
Disease	disease_9980	2.3443992163290044e-09
Disease	disease_15136	2.3443248940885537e-09
Disease	disease_9631	2.3441042386553162e-09
Disease	disease_8208	2.3439088584455133e-09
Disease	disease_54804	2.3435837565929912e-09
Disease	disease_8651	2.343404549672627e-09
Disease	disease_12865	2.343143189186438e-09
Disease	disease_20805	2.3430603275439403e-09
Disease	disease_9860	2.3423717528832354e-09
Disease	disease_8001	2.3417834994436938e-09
Disease	disease_4306	2.3415975251745007e-09
Disease	disease_8459	2.341540645221164e-09
Disease	disease_8336	2.3412329492467854e-09
Disease	disease_8096	2.3411767302798005e-09
Disease	disease_10055	2.340851760621137e-09
Disease	disease_6590	2.340740476032604e-09
Disease	disease_8100	2.3405500643813354e-09
Disease	disease_1470	2.3405295940891996e-09
Disease	disease_12448	2.340248337822765e-09
Disease	disease_9457	2.3400208530569504e-09
Disease	disease_11051	2.33997244595268e-09
Disease	disease_9048	2.339180630907092e-09
Disease	disease_10054	2.3388216687934146e-09
Disease	disease_8623	2.3386892467442718e-09
Disease	disease_21088	2.3386655725201324e-09
Disease	disease_7359	2.3385503322419386e-09
Disease	disease_8463	2.3383444644845113e-09
Disease	disease_18701	2.338212038380524e-09
Disease	disease_7505	2.3377505097851e-09
Disease	disease_8533	2.3374449634366632e-09
Disease	disease_7687	2.3370174526187023e-09
Disease	disease_8609	2.3365841688942634e-09
Disease	disease_12486	2.3365416661931747e-09
Disease	disease_7789	2.336482137287862e-09
Disease	disease_11180	2.3364661154672653e-09
Disease	disease_8527	2.3363485089115952e-09
Disease	disease_7457	2.3362980759800003e-09
Disease	disease_7825	2.336271016983049e-09
Disease	disease_7229	2.336038547254428e-09
Disease	disease_7824	2.335978792462483e-09
Disease	disease_7491	2.335971785118946e-09
Disease	disease_8424	2.3359624860766087e-09
Disease	disease_8580	2.3359280847221367e-09
Disease	disease_7654	2.3358332917022258e-09
Disease	disease_8604	2.3358158318766413e-09
Disease	disease_8626	2.335758502438063e-09
Disease	disease_7501	2.3357474190100944e-09
Disease	disease_11890	2.335585334746649e-09
Disease	disease_7941	2.335399965627213e-09
Disease	disease_7502	2.3353798577214814e-09
Disease	disease_7985	2.335312028789029e-09
Disease	disease_44988	2.3335460619477323e-09
Disease	disease_6191	2.3324424852822407e-09
Disease	disease_10719	2.3319032736348567e-09
Disease	disease_9056	2.3316110215266615e-09
Disease	disease_19202	2.3315886667537147e-09
Disease	disease_9208	2.331567977269837e-09
Disease	disease_11148	2.331230154089073e-09
Disease	disease_9854	2.331174710967984e-09
Disease	disease_8860	2.33046483956523e-09
Disease	disease_18643	2.3303097518380606e-09
Disease	disease_13868	2.3289066593683082e-09
Disease	disease_21580	2.3287321224139496e-09
Disease	disease_14008	2.328155754062364e-09
Disease	disease_9596	2.327916537923669e-09
Disease	disease_14691	2.3274457079119418e-09
Disease	disease_3054	2.3274025368243074e-09
Disease	disease_10037	2.32715388886157e-09
Disease	disease_9125	2.32715388886157e-09
Disease	disease_9551	2.32715388886157e-09
Disease	disease_8775	2.32715388886157e-09
Disease	disease_10869	2.327137554219026e-09
Disease	disease_10106	2.326525008098934e-09
Disease	disease_8739	2.3259094618687718e-09
Disease	disease_33258	2.325826237461166e-09
Disease	disease_10487	2.3248805979629355e-09
Disease	disease_4017	2.324552799001336e-09
Disease	disease_9059	2.3226111229133406e-09
Disease	disease_32574	2.3219035089708245e-09
Disease	disease_17918	2.3217680881248675e-09
Disease	disease_3957	2.3215080495129813e-09
Disease	disease_13251	2.320761729013076e-09
Disease	disease_33652	2.320223135395097e-09
Disease	disease_4751	2.3185695380016307e-09
Disease	disease_7923	2.3176057207919363e-09
Disease	disease_10919	2.317506970290532e-09
Disease	disease_5959	2.3173303800112086e-09
Disease	disease_9286	2.316852359024839e-09
Disease	disease_4383	2.3165307675604016e-09
Disease	disease_14660	2.3148760508172976e-09
Disease	disease_17573	2.3143627654997723e-09
Disease	disease_10695	2.3136943626387447e-09
Disease	disease_12691	2.3136712207013606e-09
Disease	disease_6980	2.3126917321616507e-09
Disease	disease_10769	2.3122398863074393e-09
Disease	disease_9087	2.3118340286957953e-09
Disease	disease_13857	2.311469384507334e-09
Disease	disease_1255	2.3106158154742914e-09
Disease	disease_5865	2.3106158154742914e-09
Disease	disease_4549	2.3106158154742914e-09
Disease	disease_12698	2.310188769568645e-09
Disease	disease_10103	2.3101475718156727e-09
Disease	disease_15828	2.3096928541966055e-09
Disease	disease_6444	2.309488409223094e-09
Disease	disease_17103	2.3093336066792293e-09
Disease	disease_11486	2.3083300444768096e-09
Disease	disease_1921	2.3072832878947053e-09
Disease	disease_7861	2.3069458857392587e-09
Disease	disease_10018	2.3065096216237163e-09
Disease	disease_14853	2.3041159755508544e-09
Disease	disease_3751	2.302238346166101e-09
Disease	disease_13218	2.3020464088874796e-09
Disease	disease_9363	2.301619735296779e-09
Disease	disease_10477	2.3001666851834827e-09
Disease	disease_20654	2.2999846998684274e-09
Disease	disease_9037	2.2997064600220986e-09
Disease	disease_10696	2.299576865438308e-09
Disease	disease_2207	2.2993897974156042e-09
Disease	disease_11411	2.296977480042754e-09
Disease	disease_16009	2.296956721271579e-09
Disease	disease_7399	2.2949984153566746e-09
Disease	disease_12292	2.294971251367962e-09
Disease	disease_4249	2.2944671943888805e-09
Disease	disease_9616	2.2934631336803517e-09
Disease	disease_9898	2.293146397279786e-09
Disease	disease_32854	2.2930571600150875e-09
Disease	disease_9129	2.292859662269179e-09
Disease	disease_4495	2.292842341550131e-09
Disease	disease_9899	2.292728511399421e-09
Disease	disease_10163	2.292438066743763e-09
Disease	disease_14520	2.2924004359634223e-09
Disease	disease_10124	2.2923847000192817e-09
Disease	disease_11092	2.291935838718755e-09
Disease	disease_9392	2.291640305684157e-09
Disease	disease_230	2.2916241989909646e-09
Disease	disease_24473	2.2916241989909646e-09
Disease	disease_229	2.2916241989909646e-09
Disease	disease_14511	2.2910622000728606e-09
Disease	disease_4984	2.2907473682859203e-09
Disease	disease_14120	2.2905532125841264e-09
Disease	disease_12723	2.2905343546912606e-09
Disease	disease_10115	2.2903961824768486e-09
Disease	disease_14442	2.290196330029499e-09
Disease	disease_17942	2.2889796295075284e-09
Disease	disease_19068	2.2883303764794533e-09
Disease	disease_12380	2.288006583315207e-09
Disease	disease_4337	2.286926256904643e-09
Disease	disease_32753	2.2840960450209215e-09
Disease	disease_10629	2.28385541097639e-09
Disease	disease_14179	2.2838529095831184e-09
Disease	disease_10546	2.283368352063773e-09
Disease	disease_13923	2.2827535774814464e-09
Disease	disease_14277	2.281189762405119e-09
Disease	disease_22113	2.280010410412176e-09
Disease	disease_32786	2.2799448752290316e-09
Disease	disease_7562	2.279806419062994e-09
Disease	disease_19132	2.2797339417094706e-09
Disease	disease_32917	2.278608474433609e-09
Disease	disease_14926	2.27518644417795e-09
Disease	disease_424	2.273778153699141e-09
Disease	disease_33640	2.273294732743144e-09
Disease	disease_7694	2.2730280128328194e-09
Disease	disease_3922	2.2729226452957486e-09
Disease	disease_30907	2.2723858051515437e-09
Disease	disease_12615	2.271387024208423e-09
Disease	disease_15471	2.2705519434210566e-09
Disease	disease_30013	2.270339858463945e-09
Disease	disease_43116	2.269830782670412e-09
Disease	disease_9915	2.2696959244110764e-09
Disease	disease_33480	2.2681832776723068e-09
Disease	disease_13644	2.2681394743995105e-09
Disease	disease_33668	2.2680249636916115e-09
Disease	disease_936	2.2664796390240934e-09
Disease	disease_13248	2.2662281938541144e-09
Disease	disease_21035	2.2661743733659804e-09
Disease	disease_15160	2.2653813377577967e-09
Disease	disease_13497	2.2643779397390906e-09
Disease	disease_4605	2.264006237293117e-09
Disease	disease_16029	2.2635879481028164e-09
Disease	disease_8378	2.2630942943968684e-09
Disease	disease_8361	2.2610579790849084e-09
Disease	disease_4943	2.259696577830858e-09
Disease	disease_3392	2.2584511519085176e-09
Disease	disease_8498	2.257749614319773e-09
Disease	disease_15354	2.257556510816048e-09
Disease	disease_20146	2.257516107370286e-09
Disease	disease_11775	2.2555831673677157e-09
Disease	disease_8622	2.2538404082047833e-09
Disease	disease_9002	2.2516422667295982e-09
Disease	disease_20214	2.250081655399128e-09
Disease	disease_345	2.249895623251543e-09
Disease	disease_13177	2.2496430764145502e-09
Disease	disease_20378	2.2492569261874835e-09
Disease	disease_3710	2.2484768206598825e-09
Disease	disease_17136	2.2479894046345867e-09
Disease	disease_7175	2.2476992647221955e-09
Disease	disease_11358	2.2476992647221955e-09
Disease	disease_8427	2.2476992647221955e-09
Disease	disease_33572	2.2476992647221955e-09
Disease	disease_12416	2.2476992647221955e-09
Disease	disease_8398	2.2476992647221955e-09
Disease	disease_11317	2.2476992647221955e-09
Disease	disease_11516	2.2476992647221955e-09
Disease	disease_11315	2.2476992647221955e-09
Disease	disease_12402	2.2476992647221955e-09
Disease	disease_11316	2.2476992647221955e-09
Disease	disease_7189	2.2476992647221955e-09
Disease	disease_7192	2.2476992647221955e-09
Disease	disease_13462	2.2476992647221955e-09
Disease	disease_12390	2.2476992647221955e-09
Disease	disease_11318	2.2476992647221955e-09
Disease	disease_12385	2.2476992647221955e-09
Disease	disease_8432	2.2476992647221955e-09
Disease	disease_11306	2.2476992647221955e-09
Disease	disease_11507	2.2476992647221955e-09
Disease	disease_30032	2.2476992647221955e-09
Disease	disease_11288	2.2476992647221955e-09
Disease	disease_8507	2.2476992647221955e-09
Disease	disease_11509	2.2476992647221955e-09
Disease	disease_8505	2.2476992647221955e-09
Disease	disease_9171	2.2476992647221955e-09
Disease	disease_11289	2.2476992647221955e-09
Disease	disease_11290	2.2476992647221955e-09
Disease	disease_11310	2.2476992647221955e-09
Disease	disease_8435	2.2476992647221955e-09
Disease	disease_7139	2.2476992647221955e-09
Disease	disease_12038	2.2476992647221955e-09
Disease	disease_11511	2.2476992647221955e-09
Disease	disease_7141	2.2476992647221955e-09
Disease	disease_9193	2.2476992647221955e-09
Disease	disease_8446	2.2476992647221955e-09
Disease	disease_10439	2.2476992647221955e-09
Disease	disease_7242	2.2476992647221955e-09
Disease	disease_12386	2.2476992647221955e-09
Disease	disease_8330	2.2476992647221955e-09
Disease	disease_9555	2.2476992647221955e-09
Disease	disease_10312	2.2476992647221955e-09
Disease	disease_12428	2.2476992647221955e-09
Disease	disease_8241	2.2476992647221955e-09
Disease	disease_8239	2.2476992647221955e-09
Disease	disease_12488	2.2476992647221955e-09
Disease	disease_11343	2.2476992647221955e-09
Disease	disease_8238	2.2476992647221955e-09
Disease	disease_13009	2.2476992647221955e-09
Disease	disease_13004	2.2476992647221955e-09
Disease	disease_12499	2.2476992647221955e-09
Disease	disease_12007	2.2476992647221955e-09
Disease	disease_11344	2.2476992647221955e-09
Disease	disease_8230	2.2476992647221955e-09
Disease	disease_12501	2.2476992647221955e-09
Disease	disease_11345	2.2476992647221955e-09
Disease	disease_11349	2.2476992647221955e-09
Disease	disease_11618	2.2476992647221955e-09
Disease	disease_10113	2.2476992647221955e-09
Disease	disease_10112	2.2476992647221955e-09
Disease	disease_60593	2.2476992647221955e-09
Disease	disease_11353	2.2476992647221955e-09
Disease	disease_11619	2.2476992647221955e-09
Disease	disease_11626	2.2476992647221955e-09
Disease	disease_9250	2.2476992647221955e-09
Disease	disease_11617	2.2476992647221955e-09
Disease	disease_11341	2.2476992647221955e-09
Disease	disease_10262	2.2476992647221955e-09
Disease	disease_11550	2.2476992647221955e-09
Disease	disease_11554	2.2476992647221955e-09
Disease	disease_14519	2.2476992647221955e-09
Disease	disease_14362	2.2476992647221955e-09
Disease	disease_11574	2.2476992647221955e-09
Disease	disease_11357	2.2476992647221955e-09
Disease	disease_10276	2.2476992647221955e-09
Disease	disease_8317	2.2476992647221955e-09
Disease	disease_11319	2.2476992647221955e-09
Disease	disease_11590	2.2476992647221955e-09
Disease	disease_7331	2.2476992647221955e-09
Disease	disease_11321	2.2476992647221955e-09
Disease	disease_11594	2.2476992647221955e-09
Disease	disease_11322	2.2476992647221955e-09
Disease	disease_7317	2.2476992647221955e-09
Disease	disease_11611	2.2476992647221955e-09
Disease	disease_7323	2.2476992647221955e-09
Disease	disease_8256	2.2476992647221955e-09
Disease	disease_8252	2.2476992647221955e-09
Disease	disease_11333	2.2476992647221955e-09
Disease	disease_30036	2.2476992647221955e-09
Disease	disease_11406	2.2476992647221955e-09
Disease	disease_12047	2.2476992647221955e-09
Disease	disease_12223	2.2476992647221955e-09
Disease	disease_11427	2.2476992647221955e-09
Disease	disease_11161	2.2476992647221955e-09
Disease	disease_11433	2.2476992647221955e-09
Disease	disease_11993	2.2476992647221955e-09
Disease	disease_9442	2.2476992647221955e-09
Disease	disease_12207	2.2476992647221955e-09
Disease	disease_11446	2.2476992647221955e-09
Disease	disease_9004	2.2476992647221955e-09
Disease	disease_13814	2.2476992647221955e-09
Disease	disease_33552	2.2476992647221955e-09
Disease	disease_11141	2.2476992647221955e-09
Disease	disease_11453	2.2476992647221955e-09
Disease	disease_11210	2.2476992647221955e-09
Disease	disease_12243	2.2476992647221955e-09
Disease	disease_10793	2.2476992647221955e-09
Disease	disease_11212	2.2476992647221955e-09
Disease	disease_11228	2.2476992647221955e-09
Disease	disease_10776	2.2476992647221955e-09
Disease	disease_11373	2.2476992647221955e-09
Disease	disease_13799	2.2476992647221955e-09
Disease	disease_13374	2.2476992647221955e-09
Disease	disease_13318	2.2476992647221955e-09
Disease	disease_8528	2.2476992647221955e-09
Disease	disease_11029	2.2476992647221955e-09
Disease	disease_12133	2.2476992647221955e-09
Disease	disease_8949	2.2476992647221955e-09
Disease	disease_11100	2.2476992647221955e-09
Disease	disease_11410	2.2476992647221955e-09
Disease	disease_13846	2.2476992647221955e-09
Disease	disease_11111	2.2476992647221955e-09
Disease	disease_8902	2.2476992647221955e-09
Disease	disease_11030	2.2476992647221955e-09
Disease	disease_11126	2.2476992647221955e-09
Disease	disease_13335	2.2476992647221955e-09
Disease	disease_10937	2.2476992647221955e-09
Disease	disease_11000	2.2476992647221955e-09
Disease	disease_10990	2.2476992647221955e-09
Disease	disease_9432	2.2476992647221955e-09
Disease	disease_11419	2.2476992647221955e-09
Disease	disease_10960	2.2476992647221955e-09
Disease	disease_12182	2.2476992647221955e-09
Disease	disease_14763	2.2476992647221955e-09
Disease	disease_10944	2.2476992647221955e-09
Disease	disease_11404	2.2476992647221955e-09
Disease	disease_11241	2.2476992647221955e-09
Disease	disease_11247	2.2476992647221955e-09
Disease	disease_12255	2.2476992647221955e-09
Disease	disease_11267	2.2476992647221955e-09
Disease	disease_10630	2.2476992647221955e-09
Disease	disease_11367	2.2476992647221955e-09
Disease	disease_8616	2.2476992647221955e-09
Disease	disease_11958	2.2476992647221955e-09
Disease	disease_8614	2.2476992647221955e-09
Disease	disease_60688	2.2476992647221955e-09
Disease	disease_60690	2.2476992647221955e-09
Disease	disease_10597	2.2476992647221955e-09
Disease	disease_12325	2.2476992647221955e-09
Disease	disease_7061	2.2476992647221955e-09
Disease	disease_10770	2.2476992647221955e-09
Disease	disease_9487	2.2476992647221955e-09
Disease	disease_11282	2.2476992647221955e-09
Disease	disease_8548	2.2476992647221955e-09
Disease	disease_12131	2.2476992647221955e-09
Disease	disease_11494	2.2476992647221955e-09
Disease	disease_8536	2.2476992647221955e-09
Disease	disease_10536	2.2476992647221955e-09
Disease	disease_8529	2.2476992647221955e-09
Disease	disease_12352	2.2476992647221955e-09
Disease	disease_11483	2.2476992647221955e-09
Disease	disease_12058	2.2476992647221955e-09
Disease	disease_8639	2.2476992647221955e-09
Disease	disease_8643	2.2476992647221955e-09
Disease	disease_12259	2.2476992647221955e-09
Disease	disease_11455	2.2476992647221955e-09
Disease	disease_10760	2.2476992647221955e-09
Disease	disease_10739	2.2476992647221955e-09
Disease	disease_11250	2.2476992647221955e-09
Disease	disease_11251	2.2476992647221955e-09
Disease	disease_10705	2.2476992647221955e-09
Disease	disease_12283	2.2476992647221955e-09
Disease	disease_12284	2.2476992647221955e-09
Disease	disease_8658	2.2476992647221955e-09
Disease	disease_12288	2.2476992647221955e-09
Disease	disease_12068	2.2476992647221955e-09
Disease	disease_10692	2.2476992647221955e-09
Disease	disease_7645	2.2476992647221955e-09
Disease	disease_12298	2.2476992647221955e-09
Disease	disease_11254	2.2476992647221955e-09
Disease	disease_11478	2.2476992647221955e-09
Disease	disease_11256	2.2476992647221955e-09
Disease	disease_13586	2.2476992647221955e-09
Disease	disease_11492	2.2476992647221955e-09
Disease	disease_11356	2.2476992647221955e-09
Disease	disease_7968	2.2476992647221955e-09
Disease	disease_7543	2.2476992647221955e-09
Disease	disease_13732	2.2476992647221955e-09
Disease	disease_11729	2.2476992647221955e-09
Disease	disease_7697	2.2476992647221955e-09
Disease	disease_7910	2.2476992647221955e-09
Disease	disease_13733	2.2476992647221955e-09
Disease	disease_11825	2.2476992647221955e-09
Disease	disease_14053	2.2476992647221955e-09
Disease	disease_8085	2.2476992647221955e-09
Disease	disease_11645	2.2476992647221955e-09
Disease	disease_7578	2.2476992647221955e-09
Disease	disease_7579	2.2476992647221955e-09
Disease	disease_7911	2.2476992647221955e-09
Disease	disease_9939	2.2476992647221955e-09
Disease	disease_9829	2.2476992647221955e-09
Disease	disease_7456	2.2476992647221955e-09
Disease	disease_8091	2.2476992647221955e-09
Disease	disease_26768	2.2476992647221955e-09
Disease	disease_11641	2.2476992647221955e-09
Disease	disease_8110	2.2476992647221955e-09
Disease	disease_7822	2.2476992647221955e-09
Disease	disease_11796	2.2476992647221955e-09
Disease	disease_7913	2.2476992647221955e-09
Disease	disease_8010	2.2476992647221955e-09
Disease	disease_11779	2.2476992647221955e-09
Disease	disease_11745	2.2476992647221955e-09
Disease	disease_7823	2.2476992647221955e-09
Disease	disease_12572	2.2476992647221955e-09
Disease	disease_7832	2.2476992647221955e-09
Disease	disease_9840	2.2476992647221955e-09
Disease	disease_12564	2.2476992647221955e-09
Disease	disease_8068	2.2476992647221955e-09
Disease	disease_7742	2.2476992647221955e-09
Disease	disease_10000	2.2476992647221955e-09
Disease	disease_7532	2.2476992647221955e-09
Disease	disease_14415	2.2476992647221955e-09
Disease	disease_8074	2.2476992647221955e-09
Disease	disease_11685	2.2476992647221955e-09
Disease	disease_11848	2.2476992647221955e-09
Disease	disease_7736	2.2476992647221955e-09
Disease	disease_11854	2.2476992647221955e-09
Disease	disease_7730	2.2476992647221955e-09
Disease	disease_8011	2.2476992647221955e-09
Disease	disease_11863	2.2476992647221955e-09
Disease	disease_11726	2.2476992647221955e-09
Disease	disease_7580	2.2476992647221955e-09
Disease	disease_12711	2.2476992647221955e-09
Disease	disease_14616	2.2476992647221955e-09
Disease	disease_7676	2.2476992647221955e-09
Disease	disease_12550	2.2476992647221955e-09
Disease	disease_7675	2.2476992647221955e-09
Disease	disease_7674	2.2476992647221955e-09
Disease	disease_9750	2.2476992647221955e-09
Disease	disease_23121	2.2476992647221955e-09
Disease	disease_7467	2.2476992647221955e-09
Disease	disease_7629	2.2476992647221955e-09
Disease	disease_100176	2.2476992647221955e-09
Disease	disease_11763	2.2476992647221955e-09
Disease	disease_7649	2.2476992647221955e-09
Disease	disease_7638	2.2476992647221955e-09
Disease	disease_12722	2.2476992647221955e-09
Disease	disease_7466	2.2476992647221955e-09
Disease	disease_7807	2.2476992647221955e-09
Disease	disease_11677	2.2476992647221955e-09
Disease	disease_12749	2.2476992647221955e-09
Disease	disease_7692	2.2476992647221955e-09
Disease	disease_7689	2.2476992647221955e-09
Disease	disease_7821	2.2476992647221955e-09
Disease	disease_10048	2.2476992647221955e-09
Disease	disease_7980	2.2476992647221955e-09
Disease	disease_7942	2.2476992647221955e-09
Disease	disease_12874	2.2474626648165245e-09
Disease	disease_13974	2.2471042279576814e-09
Disease	disease_7067	2.2468569493577605e-09
Disease	disease_14513	2.24677042840772e-09
Disease	disease_7975	2.246093160341713e-09
Disease	disease_11938	2.243271249708505e-09
Disease	disease_4309	2.243110683135946e-09
Disease	disease_1411	2.2428714401170307e-09
Disease	disease_14068	2.2425882820406277e-09
Disease	disease_15348	2.2419093894667255e-09
Disease	disease_14435	2.241558955396643e-09
Disease	disease_16140	2.2412259945839486e-09
Disease	disease_43373	2.240333089183543e-09
Disease	disease_1351	2.2401357425629142e-09
Disease	disease_22538	2.2395751282605205e-09
Disease	disease_3481	2.239249018618912e-09
Disease	disease_1535	2.237656490754198e-09
Disease	disease_1482	2.2373978025315162e-09
Disease	disease_62	2.2357649903829936e-09
Disease	disease_14104	2.2355965165119798e-09
Disease	disease_14239	2.2354250814904517e-09
Disease	disease_4241	2.2350889762631743e-09
Disease	disease_13588	2.2350738769211446e-09
Disease	disease_10051	2.234837822848983e-09
Disease	disease_2195	2.234827411399851e-09
Disease	disease_12670	2.2331939191699697e-09
Disease	disease_33649	2.233122656521704e-09
Disease	disease_3173	2.232791625816552e-09
Disease	disease_3291	2.2324371367920574e-09
Disease	disease_11522	2.232326994647623e-09
Disease	disease_2604	2.2312346061542194e-09
Disease	disease_9589	2.2304723075334266e-09
Disease	disease_54832	2.230290570441101e-09
Disease	disease_3154	2.2299223982111256e-09
Disease	disease_19094	2.228197121087214e-09
Disease	disease_8184	2.226996238892909e-09
Disease	disease_21629	2.2264539279178923e-09
Disease	disease_7277	2.225938987899829e-09
Disease	disease_1837	2.224532168724217e-09
Disease	disease_13862	2.2241777341823258e-09
Disease	disease_2597	2.223566429735079e-09
Disease	disease_11143	2.2232459169720274e-09
Disease	disease_15493	2.2229023747809785e-09
Disease	disease_16387	2.2228796395216606e-09
Disease	disease_10373	2.2225272005934795e-09
Disease	disease_21366	2.2224317015546325e-09
Disease	disease_3932	2.222197599546326e-09
Disease	disease_4257	2.222056664153525e-09
Disease	disease_14483	2.22140429545222e-09
Disease	disease_12006	2.2213900625963324e-09
Disease	disease_10062	2.2211156358004275e-09
Disease	disease_4467	2.22086087791553e-09
Disease	disease_11034	2.2208397744099935e-09
Disease	disease_2178	2.220522745750254e-09
Disease	disease_282	2.219901832228894e-09
Disease	disease_44092	2.2183636036102563e-09
Disease	disease_11116	2.217505061970431e-09
Disease	disease_7056	2.2165138297823966e-09
Disease	disease_4826	2.215924852750387e-09
Disease	disease_3098	2.215884443626141e-09
Disease	disease_6265	2.2155210044287007e-09
Disease	disease_3589	2.2152739867677923e-09
Disease	disease_14170	2.21497769259684e-09
Disease	disease_12602	2.213691630478746e-09
Disease	disease_10846	2.213325647325357e-09
Disease	disease_15463	2.212606788082298e-09
Disease	disease_14051	2.2119007096098216e-09
Disease	disease_15024	2.2106596875590723e-09
Disease	disease_18676	2.2099832249862825e-09
Disease	disease_18674	2.2099832249862825e-09
Disease	disease_20218	2.208096556980993e-09
Disease	disease_20562	2.208028548439422e-09
Disease	disease_14689	2.207248044442479e-09
Disease	disease_14682	2.2056232824451622e-09
Disease	disease_15546	2.20525898863158e-09
Disease	disease_2729	2.2047347929591743e-09
Disease	disease_21577	2.204424397483759e-09
Disease	disease_10595	2.204005277483302e-09
Disease	disease_60650	2.202973123237485e-09
Disease	disease_12640	2.2010274940759337e-09
Disease	disease_10470	2.200935303459948e-09
Disease	disease_14059	2.200878070653464e-09
Disease	disease_14322	2.200522366154762e-09
Disease	disease_5962	2.2002372666736597e-09
Disease	disease_11235	2.199292349482667e-09
Disease	disease_8671	2.1989050775499673e-09
Disease	disease_1616	2.198710260573377e-09
Disease	disease_12709	2.1952954046947966e-09
Disease	disease_11735	2.1951862901631245e-09
Disease	disease_54736	2.1951587380617594e-09
Disease	disease_8882	2.1938010106252044e-09
Disease	disease_9969	2.193601816711529e-09
Disease	disease_16156	2.1935870494470248e-09
Disease	disease_14242	2.192887785670068e-09
Disease	disease_14032	2.190322797761167e-09
Disease	disease_3053	2.190275794187972e-09
Disease	disease_18659	2.1895806787274074e-09
Disease	disease_20660	2.1890549748043754e-09
Disease	disease_4301	2.1890549748043754e-09
Disease	disease_2627	2.1890549748043754e-09
Disease	disease_2449	2.1887035117583683e-09
Disease	disease_1368	2.1887035117583683e-09
Disease	disease_1983	2.1887035117583683e-09
Disease	disease_32641	2.1866052650424088e-09
Disease	disease_17117	2.1862571253607204e-09
Disease	disease_13065	2.1857912432668773e-09
Disease	disease_4703	2.1857815952331455e-09
Disease	disease_2966	2.1856906528428758e-09
Disease	disease_11070	2.1853036091082754e-09
Disease	disease_11090	2.185093122279598e-09
Disease	disease_20697	2.1850509105247085e-09
Disease	disease_16350	2.1844572376630214e-09
Disease	disease_13567	2.1844536138607567e-09
Disease	disease_11698	2.1842076774484976e-09
Disease	disease_7411	2.183913538397971e-09
Disease	disease_13011	2.183861799377245e-09
Disease	disease_766	2.1838255884682363e-09
Disease	disease_100092	2.1831130284404266e-09
Disease	disease_30854	2.1822161265939455e-09
Disease	disease_10245	2.180394612885981e-09
Disease	disease_18416	2.1796166107812853e-09
Disease	disease_22737	2.178981177863746e-09
Disease	disease_44320	2.1773680284741467e-09
Disease	disease_33862	2.176065455136385e-09
Disease	disease_15174	2.176065455136385e-09
Disease	disease_10828	2.1759834611658315e-09
Disease	disease_12287	2.175482526366486e-09
Disease	disease_13296	2.1753830068744467e-09
Disease	disease_100103	2.1747287739714472e-09
Disease	disease_11916	2.1725518106013875e-09
Disease	disease_11653	2.170447943586944e-09
Disease	disease_3363	2.1699954808415834e-09
Disease	disease_70	2.1696959882375174e-09
Disease	disease_10967	2.1696771670157097e-09
Disease	disease_9895	2.167902551572632e-09
Disease	disease_14441	2.1673785569062235e-09
Disease	disease_25494	2.1637871284688323e-09
Disease	disease_12963	2.1635322941232562e-09
Disease	disease_12654	2.1604362723837796e-09
Disease	disease_3036	2.160122125500186e-09
Disease	disease_6276	2.1586133793232658e-09
Disease	disease_8180	2.1575575969365815e-09
Disease	disease_8106	2.1573092661853906e-09
Disease	disease_6195	2.1568325740309115e-09
Disease	disease_9273	2.1559912322840595e-09
Disease	disease_14866	2.1554825749632513e-09
Disease	disease_11262	2.1504943027307873e-09
Disease	disease_32865	2.1493851152177355e-09
Disease	disease_3586	2.1491576985576544e-09
Disease	disease_6438	2.1488180171982573e-09
Disease	disease_5104	2.1488180171982573e-09
Disease	disease_11139	2.148112431503616e-09
Disease	disease_17951	2.1476769615758083e-09
Disease	disease_15799	2.1476639115595658e-09
Disease	disease_42961	2.1474898235711865e-09
Disease	disease_3286	2.1469477443811214e-09
Disease	disease_7290	2.1469082911484712e-09
Disease	disease_7471	2.1463944908416236e-09
Disease	disease_32732	2.1456454364489454e-09
Disease	disease_32776	2.1456454364489454e-09
Disease	disease_32740	2.1456454364489454e-09
Disease	disease_30905	2.1456454364489454e-09
Disease	disease_625	2.144195526829785e-09
Disease	disease_17668	2.1432062657225827e-09
Disease	disease_1754	2.143067972885627e-09
Disease	disease_13446	2.1421153229783054e-09
Disease	disease_13378	2.1411793965771805e-09
Disease	disease_14337	2.140752880759704e-09
Disease	disease_14664	2.140242948740915e-09
Disease	disease_21364	2.140205559385624e-09
Disease	disease_14566	2.139725195220825e-09
Disease	disease_1776	2.1383812475604146e-09
Disease	disease_33311	2.1368222932254296e-09
Disease	disease_3307	2.1364388294527725e-09
Disease	disease_12903	2.1357613250121274e-09
Disease	disease_16494	2.1336432271801564e-09
Disease	disease_1806	2.1331680416513564e-09
Disease	disease_16570	2.133097564783602e-09
Disease	disease_24265	2.1327209241836575e-09
Disease	disease_15704	2.131871714692856e-09
Disease	disease_4064	2.129587229177861e-09
Disease	disease_6569	2.128171061297965e-09
Disease	disease_22907	2.128171061297965e-09
Disease	disease_18139	2.128171061297965e-09
Disease	disease_6792	2.128171061297965e-09
Disease	disease_23679	2.128171061297965e-09
Disease	disease_23388	2.128171061297965e-09
Disease	disease_43783	2.128171061297965e-09
Disease	disease_22749	2.128171061297965e-09
Disease	disease_26045	2.128171061297965e-09
Disease	disease_6546	2.128171061297965e-09
Disease	disease_18302	2.128171061297965e-09
Disease	disease_19631	2.1263015641955568e-09
Disease	disease_19619	2.1251475447480432e-09
Disease	disease_4404	2.1214227991529984e-09
Disease	disease_9140	2.120539980583548e-09
Disease	disease_15499	2.1200619003854848e-09
Disease	disease_10929	2.1199814653283073e-09
Disease	disease_12487	2.118635027082455e-09
Disease	disease_13160	2.1178830988539664e-09
Disease	disease_13252	2.117299062725015e-09
Disease	disease_10352	2.1159676789540517e-09
Disease	disease_3057	2.1152915013380144e-09
Disease	disease_16137	2.1148410790263637e-09
Disease	disease_3867	2.1145924445309277e-09
Disease	disease_13657	2.1144046393170764e-09
Disease	disease_100107	2.110453016422371e-09
Disease	disease_25353	2.110453016422371e-09
Disease	disease_9207	2.1089628825110396e-09
Disease	disease_8443	2.107570373276742e-09
Disease	disease_15476	2.106174478629872e-09
Disease	disease_15495	2.1053046729975914e-09
Disease	disease_15241	2.105277284242097e-09
Disease	disease_4406	2.1047310138950684e-09
Disease	disease_2862	2.1037010720616134e-09
Disease	disease_1146	2.103146443085325e-09
Disease	disease_17967	2.1027256317469124e-09
Disease	disease_13492	2.1001339736575296e-09
Disease	disease_4483	2.1000161941089516e-09
Disease	disease_9601	2.09950955658602e-09
Disease	disease_17050	2.0980852772478198e-09
Disease	disease_14427	2.0974859059794784e-09
Disease	disease_11396	2.0968980043451966e-09
Disease	disease_21358	2.0965224989103183e-09
Disease	disease_1816	2.0961667629756125e-09
Disease	disease_1395	2.0961667629756125e-09
Disease	disease_3082	2.0961667629756125e-09
Disease	disease_20130	2.0949930851534586e-09
Disease	disease_16560	2.094872848057657e-09
Disease	disease_9232	2.0935766465509223e-09
Disease	disease_14184	2.0934324468425588e-09
Disease	disease_8113	2.091757943411821e-09
Disease	disease_4118	2.0915266415713864e-09
Disease	disease_1681	2.0915266415713864e-09
Disease	disease_4112	2.0915266415713864e-09
Disease	disease_1506	2.0915266415713864e-09
Disease	disease_23073	2.0915266415713864e-09
Disease	disease_496	2.0915266415713864e-09
Disease	disease_13243	2.091413239979222e-09
Disease	disease_13418	2.0912470270717595e-09
Disease	disease_15856	2.0906607654082896e-09
Disease	disease_4125	2.090399275925835e-09
Disease	disease_14254	2.0897173726718353e-09
Disease	disease_7764	2.089265643259336e-09
Disease	disease_32910	2.0885260499151458e-09
Disease	disease_238	2.085577627137028e-09
Disease	disease_16181	2.0851981468428295e-09
Disease	disease_22826	2.0832924672215175e-09
Disease	disease_3399	2.0828739024233462e-09
Disease	disease_20368	2.082718354685566e-09
Disease	disease_9011	2.079646592516476e-09
Disease	disease_78	2.078913521723225e-09
Disease	disease_3607	2.0787578186862533e-09
Disease	disease_16291	2.0786898165700944e-09
Disease	disease_6053	2.076952606028182e-09
Disease	disease_4350	2.076686357115873e-09
Disease	disease_4045	2.076686357115873e-09
Disease	disease_13158	2.0766593125462035e-09
Disease	disease_12114	2.0762891848563676e-09
Disease	disease_13376	2.075954892397145e-09
Disease	disease_13547	2.07464793179362e-09
Disease	disease_15634	2.0720588590923466e-09
Disease	disease_14584	2.071929094760836e-09
Disease	disease_14125	2.0708936159609135e-09
Disease	disease_14670	2.070008369211032e-09
Disease	disease_12411	2.0687728811178677e-09
Disease	disease_4234	2.068352241546729e-09
Disease	disease_10369	2.0669939363381255e-09
Disease	disease_43254	2.0661070422650237e-09
Disease	disease_16276	2.0660127701884372e-09
Disease	disease_12237	2.064821794553441e-09
Disease	disease_13750	2.0646003383047938e-09
Disease	disease_390	2.0640672515383663e-09
Disease	disease_14491	2.0636115164346934e-09
Disease	disease_4429	2.0629261627872602e-09
Disease	disease_750	2.061574212021074e-09
Disease	disease_14080	2.0602116004461713e-09
Disease	disease_19109	2.059077775342094e-09
Disease	disease_43862	2.05762225240847e-09
Disease	disease_20974	2.05762225240847e-09
Disease	disease_2659	2.0549726893867425e-09
Disease	disease_3857	2.054857443878184e-09
Disease	disease_18878	2.0538621824038724e-09
Disease	disease_2117	2.052507529980452e-09
Disease	disease_10367	2.052130853831029e-09
Disease	disease_8379	2.0517507285050586e-09
Disease	disease_13363	2.051290537598455e-09
Disease	disease_5949	2.0511219231640077e-09
Disease	disease_12257	2.051006284398251e-09
Disease	disease_18483	2.049980153245614e-09
Disease	disease_14208	2.049063131912795e-09
Disease	disease_13482	2.049041698452608e-09
Disease	disease_100291	2.0489321616739596e-09
Disease	disease_16802	2.048588422855854e-09
Disease	disease_6780	2.0475697371446816e-09
Disease	disease_16143	2.04624224911417e-09
Disease	disease_2121	2.04597508927023e-09
Disease	disease_6785	2.045491673475666e-09
Disease	disease_8715	2.0452098403696955e-09
Disease	disease_19999	2.0447674340719422e-09
Disease	disease_10962	2.0443915467590885e-09
Disease	disease_5916	2.0443915087422422e-09
Disease	disease_6309	2.043390649139469e-09
Disease	disease_17167	2.042861996078278e-09
Disease	disease_9336	2.042013430795921e-09
Disease	disease_7159	2.040474516309504e-09
Disease	disease_6450	2.0403558953037033e-09
Disease	disease_12625	2.039730808867936e-09
Disease	disease_12682	2.0388971057402546e-09
Disease	disease_6762	2.0364007035838075e-09
Disease	disease_23563	2.0361861646777403e-09
Disease	disease_14828	2.035796361977074e-09
Disease	disease_7879	2.035319372583783e-09
Disease	disease_2623	2.033928238926381e-09
Disease	disease_12044	2.0338831012283584e-09
Disease	disease_8107	2.033228340476793e-09
Disease	disease_14108	2.0330764821916314e-09
Disease	disease_14817	2.032770868616113e-09
Disease	disease_11312	2.0322408705086916e-09
Disease	disease_11368	2.0322408705086916e-09
Disease	disease_17968	2.0291879403287936e-09
Disease	disease_14149	2.0284843569042737e-09
Disease	disease_4081	2.0273985756345747e-09
Disease	disease_2235	2.0273451301962052e-09
Disease	disease_22904	2.025110634322738e-09
Disease	disease_3591	2.0244803684693993e-09
Disease	disease_16190	2.0241195511761314e-09
Disease	disease_10819	2.023659195890135e-09
Disease	disease_18375	2.023518850563434e-09
Disease	disease_10779	2.0229351809306035e-09
Disease	disease_18050	2.022148650823785e-09
Disease	disease_21383	2.0220614421245974e-09
Disease	disease_17961	2.0213823970706878e-09
Disease	disease_12438	2.0203313401449187e-09
Disease	disease_4330	2.020277961170975e-09
Disease	disease_14116	2.018236896368312e-09
Disease	disease_11105	2.0165788223797794e-09
Disease	disease_23023	2.016258331214078e-09
Disease	disease_1611	2.016258331214078e-09
Disease	disease_7965	2.0155686879737306e-09
Disease	disease_21357	2.014507409251519e-09
Disease	disease_14814	2.0131641361592697e-09
Disease	disease_12730	2.011150595802266e-09
Disease	disease_8286	2.008988118406742e-09
Disease	disease_18640	2.0087132648581453e-09
Disease	disease_4398	2.0084725904075634e-09
Disease	disease_1969	2.0069342880567287e-09
Disease	disease_24455	2.0065947523708606e-09
Disease	disease_14945	2.0064656927521457e-09
Disease	disease_20160	2.0064272600003237e-09
Disease	disease_9554	2.0061050671177053e-09
Disease	disease_12575	2.005044751894186e-09
Disease	disease_10019	2.0045758847556656e-09
Disease	disease_32635	2.0038385224964894e-09
Disease	disease_15048	2.0019745458331485e-09
Disease	disease_37870	2.0017102008052378e-09
Disease	disease_9301	2.001104922512529e-09
Disease	disease_42496	1.997981072573023e-09
Disease	disease_19620	1.9976357606507722e-09
Disease	disease_14426	1.9975280901925687e-09
Disease	disease_910	1.997191041360755e-09
Disease	disease_33954	1.9961863948977953e-09
Disease	disease_24508	1.9950880875363848e-09
Disease	disease_18778	1.992777087242994e-09
Disease	disease_44705	1.9921674380631623e-09
Disease	disease_16630	1.9918559990328635e-09
Disease	disease_33651	1.9917081569566962e-09
Disease	disease_20161	1.991420363906303e-09
Disease	disease_5168	1.990131300837625e-09
Disease	disease_6847	1.990131300837625e-09
Disease	disease_5779	1.9899271065897003e-09
Disease	disease_27353	1.988909460396618e-09
Disease	disease_14582	1.9872024981124718e-09
Disease	disease_5985	1.9866454266902953e-09
Disease	disease_6119	1.9861887634660654e-09
Disease	disease_30855	1.9861452385256255e-09
Disease	disease_36779	1.9833354872904403e-09
Disease	disease_32810	1.9831925449600047e-09
Disease	disease_14096	1.9821311443947553e-09
Disease	disease_16184	1.9816627114217955e-09
Disease	disease_2881	1.9802223889113576e-09
Disease	disease_3600	1.9799652069659397e-09
Disease	disease_14819	1.9797434381875646e-09
Disease	disease_14321	1.9786705161621586e-09
Disease	disease_2813	1.9781814141603084e-09
Disease	disease_3295	1.9771953326808297e-09
Disease	disease_8472	1.97546718235662e-09
Disease	disease_6773	1.974118535031003e-09
Disease	disease_3819	1.9734746951920057e-09
Disease	disease_293	1.973380528618811e-09
Disease	disease_5483	1.973157364386618e-09
Disease	disease_8483	1.9725967456001e-09
Disease	disease_12946	1.9724739483290153e-09
Disease	disease_14586	1.9723396997964823e-09
Disease	disease_14312	1.972255289993725e-09
Disease	disease_3234	1.9715665476854095e-09
Disease	disease_17425	1.9707757329284004e-09
Disease	disease_6853	1.970428425662962e-09
Disease	disease_2745	1.9682368243507613e-09
Disease	disease_584	1.967642044014274e-09
Disease	disease_45003	1.966948317958114e-09
Disease	disease_14648	1.9663829044960125e-09
Disease	disease_17898	1.9657679476193077e-09
Disease	disease_13013	1.9653672899358393e-09
Disease	disease_3769	1.9648750162204133e-09
Disease	disease_8335	1.96380129963735e-09
Disease	disease_6245	1.962809303840147e-09
Disease	disease_16381	1.962365465833731e-09
Disease	disease_13697	1.9615663910970873e-09
Disease	disease_12694	1.961333318376594e-09
Disease	disease_20147	1.9600774283585863e-09
Disease	disease_40922	1.9574696182438023e-09
Disease	disease_7853	1.95735352436167e-09
Disease	disease_11855	1.9565726300617126e-09
Disease	disease_12169	1.955928629327387e-09
Disease	disease_16477	1.953862771607214e-09
Disease	disease_4420	1.9527932086356924e-09
Disease	disease_10430	1.9526717767203775e-09
Disease	disease_12689	1.9523271737801186e-09
Disease	disease_8654	1.9517965841547685e-09
Disease	disease_10508	1.9491161088721407e-09
Disease	disease_43143	1.9488926804409375e-09
Disease	disease_19668	1.9487733497566827e-09
Disease	disease_16710	1.945440021498439e-09
Disease	disease_34216	1.9446854241303793e-09
Disease	disease_13570	1.941840722298143e-09
Disease	disease_1093	1.941374488165996e-09
Disease	disease_12539	1.9412450484822218e-09
Disease	disease_13395	1.940059891978075e-09
Disease	disease_11524	1.9397733257252443e-09
Disease	disease_5986	1.9392563035531066e-09
Disease	disease_12200	1.9389713673259803e-09
Disease	disease_20746	1.9376372166198984e-09
Disease	disease_32696	1.9356508972065688e-09
Disease	disease_14071	1.935476473355396e-09
Disease	disease_14240	1.9353405826552578e-09
Disease	disease_14093	1.934382916756545e-09
Disease	disease_13436	1.9342657039394593e-09
Disease	disease_7618	1.9337966043734493e-09
Disease	disease_20549	1.9325120071182537e-09
Disease	disease_30925	1.9324041425803046e-09
Disease	disease_11818	1.932368133860457e-09
Disease	disease_9038	1.93148734248328e-09
Disease	disease_6135	1.93114801206691e-09
Disease	disease_16086	1.9283916620805095e-09
Disease	disease_32881	1.9268515697896703e-09
Disease	disease_12825	1.9262693479144883e-09
Disease	disease_9226	1.9257166283886835e-09
Disease	disease_12106	1.924565424819933e-09
Disease	disease_1365	1.9231149199268292e-09
Disease	disease_30870	1.9230171446043883e-09
Disease	disease_20193	1.9214863607286622e-09
Disease	disease_2865	1.921022443009788e-09
Disease	disease_1330	1.9208172008457338e-09
Disease	disease_19042	1.920692470785337e-09
Disease	disease_17452	1.919412154042976e-09
Disease	disease_3588	1.9188786439499512e-09
Disease	disease_15017	1.9183331713440636e-09
Disease	disease_9531	1.918002665568159e-09
Disease	disease_16903	1.917601975122183e-09
Disease	disease_11606	1.916941932719547e-09
Disease	disease_6348	1.915231092134179e-09
Disease	disease_2765	1.915212009034591e-09
Disease	disease_5902	1.9134738663824725e-09
Disease	disease_6683	1.912790243920279e-09
Disease	disease_12253	1.9126686286138203e-09
Disease	disease_10889	1.9120322839503945e-09
Disease	disease_7814	1.9099073021282745e-09
Disease	disease_16970	1.9093293064566628e-09
Disease	disease_6759	1.9085464534863972e-09
Disease	disease_2410	1.9076514770106893e-09
Disease	disease_18431	1.9068442366295904e-09
Disease	disease_6839	1.9067572087579444e-09
Disease	disease_9795	1.906711754575159e-09
Disease	disease_7204	1.9062233395954227e-09
Disease	disease_3870	1.9055560289389627e-09
Disease	disease_11193	1.9042125395451997e-09
Disease	disease_12520	1.9040025423182185e-09
Disease	disease_16709	1.9031904442335193e-09
Disease	disease_2791	1.9031904442335193e-09
Disease	disease_2792	1.9031904442335193e-09
Disease	disease_2799	1.9031904442335193e-09
Disease	disease_16712	1.9031904442335193e-09
Disease	disease_2939	1.9023058149722815e-09
Disease	disease_14492	1.9010719585709793e-09
Disease	disease_10350	1.900694443082916e-09
Disease	disease_9436	1.900525707489719e-09
Disease	disease_18621	1.9002127881633156e-09
Disease	disease_3774	1.8997985793214615e-09
Disease	disease_7771	1.89966363725489e-09
Disease	disease_2626	1.8992380008986374e-09
Disease	disease_32627	1.8986565900808086e-09
Disease	disease_16928	1.8970429196109167e-09
Disease	disease_12332	1.895454369647405e-09
Disease	disease_19998	1.895323810514676e-09
Disease	disease_3397	1.8946171533413383e-09
Disease	disease_15016	1.894295531581746e-09
Disease	disease_1108	1.893752403212281e-09
Disease	disease_2621	1.8932735218092255e-09
Disease	disease_14838	1.893169014712437e-09
Disease	disease_8619	1.892643242798003e-09
Disease	disease_11687	1.8910002490473996e-09
Disease	disease_11171	1.8908090333446502e-09
Disease	disease_19411	1.8885822966613973e-09
Disease	disease_17492	1.8883265733191367e-09
Disease	disease_17493	1.8883265733191367e-09
Disease	disease_44777	1.8877027154899426e-09
Disease	disease_12060	1.886909038233604e-09
Disease	disease_3953	1.8865018492217275e-09
Disease	disease_17355	1.885380633584403e-09
Disease	disease_14829	1.8849681971171848e-09
Disease	disease_3599	1.884945652086774e-09
Disease	disease_11055	1.884527062119983e-09
Disease	disease_11928	1.8842198283924773e-09
Disease	disease_3737	1.884132795801091e-09
Disease	disease_15428	1.8834260062002944e-09
Disease	disease_6010	1.882117254208422e-09
Disease	disease_13228	1.8806058870685744e-09
Disease	disease_3470	1.8804791581057503e-09
Disease	disease_3474	1.8804791581057503e-09
Disease	disease_9307	1.8804262973832976e-09
Disease	disease_4345	1.8784217314545506e-09
Disease	disease_14844	1.877945215110675e-09
Disease	disease_7858	1.877901920067861e-09
Disease	disease_15440	1.8777084230726154e-09
Disease	disease_16259	1.8769904132138487e-09
Disease	disease_6527	1.8756136779344975e-09
Disease	disease_13641	1.8749178892309593e-09
Disease	disease_2370	1.8736110915497297e-09
Disease	disease_8515	1.8732137099255498e-09
Disease	disease_13720	1.8730143743881333e-09
Disease	disease_11036	1.8725448787372088e-09
Disease	disease_16561	1.872524765033901e-09
Disease	disease_43003	1.872138543766682e-09
Disease	disease_8673	1.871829115019387e-09
Disease	disease_3386	1.8701840078432917e-09
Disease	disease_18916	1.8690524116566836e-09
Disease	disease_13812	1.868622312807597e-09
Disease	disease_34127	1.8680784586431713e-09
Disease	disease_18688	1.8680784586431713e-09
Disease	disease_16182	1.867008745104488e-09
Disease	disease_3601	1.8642183044388868e-09
Disease	disease_4558	1.8640702843167183e-09
Disease	disease_4460	1.8640702843167183e-09
Disease	disease_4524	1.8640702843167183e-09
Disease	disease_24676	1.863776970435684e-09
Disease	disease_7287	1.8633725000867302e-09
Disease	disease_8407	1.8606007322644608e-09
Disease	disease_17303	1.8604124901384375e-09
Disease	disease_37738	1.8597280756066966e-09
Disease	disease_17804	1.8588936003714433e-09
Disease	disease_12085	1.8580585148562368e-09
Disease	disease_407	1.85750164156499e-09
Disease	disease_45008	1.8559899521262792e-09
Disease	disease_18127	1.8547367542651175e-09
Disease	disease_6270	1.8546481591233632e-09
Disease	disease_16870	1.8543356117476973e-09
Disease	disease_21114	1.8514775474212511e-09
Disease	disease_11137	1.8512264033106784e-09
Disease	disease_11285	1.8511588544245654e-09
Disease	disease_4295	1.849773514621642e-09
Disease	disease_24555	1.8492718529330891e-09
Disease	disease_19875	1.8492598448203284e-09
Disease	disease_3691	1.8476555506104312e-09
Disease	disease_14645	1.8443326308380222e-09
Disease	disease_32590	1.841505920593307e-09
Disease	disease_29135	1.840893232651695e-09
Disease	disease_4122	1.8400229901038382e-09
Disease	disease_6105	1.8399618379457789e-09
Disease	disease_8602	1.8388896080962e-09
Disease	disease_18775	1.8373748453183702e-09
Disease	disease_30861	1.8373611483101005e-09
Disease	disease_3796	1.8356712540422804e-09
Disease	disease_32757	1.8353402353798522e-09
Disease	disease_16751	1.8341369557196993e-09
Disease	disease_3387	1.8331429945144307e-09
Disease	disease_16655	1.8324737429237153e-09
Disease	disease_14172	1.832141434405976e-09
Disease	disease_33639	1.8317785502645681e-09
Disease	disease_9968	1.8313538352902716e-09
Disease	disease_21245	1.8313107210331478e-09
Disease	disease_11355	1.8312723317996318e-09
Disease	disease_16445	1.8309941306307065e-09
Disease	disease_4285	1.8300748936097458e-09
Disease	disease_19768	1.830051420726736e-09
Disease	disease_19368	1.8299180695983611e-09
Disease	disease_19029	1.8299180695983611e-09
Disease	disease_17165	1.8295594284816816e-09
Disease	disease_15430	1.8293874427869113e-09
Disease	disease_6306	1.8288016197865259e-09
Disease	disease_15382	1.828297825096425e-09
Disease	disease_2888	1.8282268773448964e-09
Disease	disease_3378	1.827971711871264e-09
Disease	disease_10856	1.8272776786552625e-09
Disease	disease_22762	1.8269015023490565e-09
Disease	disease_13927	1.8268475451932036e-09
Disease	disease_20134	1.8264677429708054e-09
Disease	disease_37250	1.8263490026940877e-09
Disease	disease_12240	1.8259067134649045e-09
Disease	disease_8060	1.825363946566438e-09
Disease	disease_20798	1.8246558132742581e-09
Disease	disease_14183	1.824271129791301e-09
Disease	disease_4022	1.8228596674201815e-09
Disease	disease_15443	1.8219528494471962e-09
Disease	disease_3585	1.819162130277047e-09
Disease	disease_3590	1.819162130277047e-09
Disease	disease_3594	1.819162130277047e-09
Disease	disease_3602	1.819162130277047e-09
Disease	disease_2057	1.8183718983424506e-09
Disease	disease_19840	1.8173937715682214e-09
Disease	disease_8942	1.8170798327612004e-09
Disease	disease_20453	1.8165561761323528e-09
Disease	disease_5187	1.8159577851426148e-09
Disease	disease_3760	1.8156968690245656e-09
Disease	disease_14987	1.8154877729215406e-09
Disease	disease_3541	1.815096943069628e-09
Disease	disease_14195	1.8141583382570836e-09
Disease	disease_11062	1.8138658038336947e-09
Disease	disease_8049	1.8130454698911244e-09
Disease	disease_6043	1.810916392204364e-09
Disease	disease_33015	1.8108871590446931e-09
Disease	disease_8899	1.8107441398863497e-09
Disease	disease_15468	1.8105313509247414e-09
Disease	disease_9073	1.8102389866878408e-09
Disease	disease_11547	1.8081022650986291e-09
Disease	disease_19278	1.8075593646528185e-09
Disease	disease_3383	1.8070312768581762e-09
Disease	disease_33549	1.806066362401883e-09
Disease	disease_8196	1.8060347185704854e-09
Disease	disease_8371	1.8046088374416191e-09
Disease	disease_20175	1.8042424632988388e-09
Disease	disease_44715	1.803451353338634e-09
Disease	disease_18780	1.802307102637935e-09
Disease	disease_1592	1.801492038512986e-09
Disease	disease_7385	1.801259632918423e-09
Disease	disease_379	1.8000849284111692e-09
Disease	disease_12562	1.7972846912730788e-09
Disease	disease_15388	1.7965714938477069e-09
Disease	disease_978	1.7964994070826213e-09
Disease	disease_30996	1.7964397912496633e-09
Disease	disease_10094	1.7958832266391698e-09
Disease	disease_2092	1.795609262676995e-09
Disease	disease_14894	1.7955493238668598e-09
Disease	disease_21110	1.7933131689515526e-09
Disease	disease_44884	1.7916053161860681e-09
Disease	disease_6930	1.7915575726712165e-09
Disease	disease_7700	1.7912776410178981e-09
Disease	disease_18930	1.7892743390604428e-09
Disease	disease_7841	1.7892299337272263e-09
Disease	disease_20055	1.7886414046883637e-09
Disease	disease_24686	1.7878290808841265e-09
Disease	disease_14626	1.7854511527821736e-09
Disease	disease_20369	1.7841505210000987e-09
Disease	disease_24240	1.7830439516069684e-09
Disease	disease_22752	1.78254104446201e-09
Disease	disease_16114	1.782365091437966e-09
Disease	disease_1172	1.7817551939471941e-09
Disease	disease_5999	1.7816802499337758e-09
Disease	disease_14695	1.7814783903034376e-09
Disease	disease_21500	1.7806958971504964e-09
Disease	disease_17971	1.779562507614298e-09
Disease	disease_18869	1.777526854549472e-09
Disease	disease_14565	1.777048818010492e-09
Disease	disease_13671	1.7753276770728069e-09
Disease	disease_15613	1.774790130373786e-09
Disease	disease_8499	1.7746869254737684e-09
Disease	disease_3509	1.7743935806081495e-09
Disease	disease_4414	1.7724707126140171e-09
Disease	disease_24485	1.7717283781372834e-09
Disease	disease_6212	1.7717283781372834e-09
Disease	disease_9638	1.770090431479256e-09
Disease	disease_332	1.7692352977153531e-09
Disease	disease_3952	1.7691761989632626e-09
Disease	disease_3370	1.7690771836253307e-09
Disease	disease_2675	1.7679524158140355e-09
Disease	disease_9153	1.7668423232433893e-09
Disease	disease_15355	1.7664114000341447e-09
Disease	disease_13829	1.765365432373809e-09
Disease	disease_10995	1.7648070362999211e-09
Disease	disease_158	1.7643781813749467e-09
Disease	disease_21097	1.7639287183334763e-09
Disease	disease_10883	1.7634693631960817e-09
Disease	disease_7982	1.7629316309234411e-09
Disease	disease_15439	1.7629064444172197e-09
Disease	disease_15598	1.7619215800237782e-09
Disease	disease_19241	1.7598121239041046e-09
Disease	disease_14646	1.7597232705215147e-09
Disease	disease_6893	1.7590773606147657e-09
Disease	disease_16141	1.7590752729074856e-09
Disease	disease_12187	1.7561871942943983e-09
Disease	disease_110	1.7559365557976038e-09
Disease	disease_19764	1.7542712224343192e-09
Disease	disease_1480	1.7538542753250803e-09
Disease	disease_1472	1.7538542753250803e-09
Disease	disease_21283	1.7536802012027613e-09
Disease	disease_30985	1.7533767629673285e-09
Disease	disease_10933	1.7525393213368778e-09
Disease	disease_9806	1.7519684812866376e-09
Disease	disease_32612	1.751421480461432e-09
Disease	disease_16144	1.7495271135351857e-09
Disease	disease_1399	1.7481666650825068e-09
Disease	disease_10986	1.7468213701508977e-09
Disease	disease_7971	1.746493972747917e-09
Disease	disease_15767	1.745921146147361e-09
Disease	disease_8155	1.7457813895889445e-09
Disease	disease_6482	1.7457150261018334e-09
Disease	disease_24652	1.74472968141977e-09
Disease	disease_7476	1.7436440154847311e-09
Disease	disease_5120	1.7432951946598068e-09
Disease	disease_11195	1.742208582381228e-09
Disease	disease_18776	1.7418314128856066e-09
Disease	disease_3041	1.7405783138126677e-09
Disease	disease_8484	1.738624211746853e-09
Disease	disease_16544	1.7381082380843667e-09
Disease	disease_18672	1.7381082380843667e-09
Disease	disease_21233	1.736457737096799e-09
Disease	disease_4489	1.7358597855072644e-09
Disease	disease_6405	1.7357263454587053e-09
Disease	disease_3250	1.7356077785554831e-09
Disease	disease_7230	1.7349898015607787e-09
Disease	disease_100019	1.7345932864094402e-09
Disease	disease_33967	1.734426115529116e-09
Disease	disease_15201	1.733899154378744e-09
Disease	disease_13753	1.7337844406906035e-09
Disease	disease_3825	1.733175719053436e-09
Disease	disease_24387	1.7325510446296363e-09
Disease	disease_24544	1.7322662249229594e-09
Disease	disease_3811	1.7321738052762096e-09
Disease	disease_12138	1.7301111508347999e-09
Disease	disease_11346	1.7274235641281893e-09
Disease	disease_6464	1.7262216990598703e-09
Disease	disease_7637	1.7255420518706926e-09
Disease	disease_2065	1.7254441530683066e-09
Disease	disease_16493	1.7239180076188436e-09
Disease	disease_24620	1.7231631451022794e-09
Disease	disease_11795	1.7223470119292332e-09
Disease	disease_20838	1.721564948740135e-09
Disease	disease_7114	1.719780669813103e-09
Disease	disease_2918	1.7195554622705442e-09
Disease	disease_4544	1.7195554622705442e-09
Disease	disease_3200	1.7190174798142056e-09
Disease	disease_14110	1.7186207185436273e-09
Disease	disease_32660	1.7183579019395036e-09
Disease	disease_16311	1.7175262289567603e-09
Disease	disease_15689	1.7160489983812658e-09
Disease	disease_14457	1.7150741480599424e-09
Disease	disease_10722	1.7128614374331802e-09
Disease	disease_20653	1.7127653945368832e-09
Disease	disease_16123	1.7109378279275901e-09
Disease	disease_8537	1.7105892223550953e-09
Disease	disease_20388	1.7104462446770976e-09
Disease	disease_18498	1.7104462446770976e-09
Disease	disease_20387	1.7104462446770976e-09
Disease	disease_32923	1.7101218281228982e-09
Disease	disease_21759	1.7094833540383526e-09
Disease	disease_1901	1.7091276699673541e-09
Disease	disease_1463	1.7091197516270224e-09
Disease	disease_2357	1.7091197516270224e-09
Disease	disease_16665	1.7086410309763075e-09
Disease	disease_12498	1.7080306936722707e-09
Disease	disease_7713	1.7069596355816738e-09
Disease	disease_10647	1.706823925299902e-09
Disease	disease_7612	1.7061653505500988e-09
Disease	disease_7481	1.7051765783003347e-09
Disease	disease_21437	1.7051059512970732e-09
Disease	disease_21076	1.7050988978478033e-09
Disease	disease_14543	1.7044212600722793e-09
Disease	disease_8898	1.7030578349927416e-09
Disease	disease_13437	1.7029063963259914e-09
Disease	disease_12701	1.7021689705868337e-09
Disease	disease_6237	1.702057467783305e-09
Disease	disease_24889	1.6999417759673658e-09
Disease	disease_20688	1.6995083476980698e-09
Disease	disease_2658	1.6982402840749106e-09
Disease	disease_12161	1.6981079405247077e-09
Disease	disease_4940	1.697717549619957e-09
Disease	disease_16185	1.696791401792312e-09
Disease	disease_19317	1.6951719317379683e-09
Disease	disease_4280	1.6951609290623444e-09
Disease	disease_18417	1.6944604254710888e-09
Disease	disease_15434	1.693329911978683e-09
Disease	disease_19903	1.693329911978683e-09
Disease	disease_19904	1.693329911978683e-09
Disease	disease_19905	1.693329911978683e-09
Disease	disease_19906	1.693329911978683e-09
Disease	disease_15433	1.693329911978683e-09
Disease	disease_19909	1.693329911978683e-09
Disease	disease_19908	1.693329911978683e-09
Disease	disease_15435	1.693329911978683e-09
Disease	disease_16654	1.693329911978683e-09
Disease	disease_6202	1.693002058788723e-09
Disease	disease_4120	1.6928258521768262e-09
Disease	disease_14451	1.6917641032269892e-09
Disease	disease_7684	1.691180890042694e-09
Disease	disease_8067	1.6904735749949076e-09
Disease	disease_14581	1.6897905634770949e-09
Disease	disease_20682	1.6894121306617826e-09
Disease	disease_14140	1.689268150741057e-09
Disease	disease_8275	1.6891897212827576e-09
Disease	disease_12279	1.6887874993765037e-09
Disease	disease_19067	1.686547171657183e-09
Disease	disease_10614	1.6843150692021948e-09
Disease	disease_13895	1.6825093539324921e-09
Disease	disease_33650	1.6814455341207995e-09
Disease	disease_7129	1.680385408542148e-09
Disease	disease_14111	1.6788281911834567e-09
Disease	disease_21027	1.6780776072976236e-09
Disease	disease_12518	1.677549915857967e-09
Disease	disease_19914	1.677343217555087e-09
Disease	disease_8551	1.6772519773141397e-09
Disease	disease_10426	1.6771057006505557e-09
Disease	disease_21241	1.6768091278251275e-09
Disease	disease_24662	1.6765839683784687e-09
Disease	disease_14959	1.6763980955862744e-09
Disease	disease_6788	1.6762845546464722e-09
Disease	disease_8665	1.67452651134977e-09
Disease	disease_9204	1.6743222241527108e-09
Disease	disease_9464	1.6741572710253722e-09
Disease	disease_9042	1.6730998499472735e-09
Disease	disease_13127	1.6727497316015378e-09
Disease	disease_3501	1.6714188143435546e-09
Disease	disease_32644	1.671028625685748e-09
Disease	disease_12767	1.6703466255980072e-09
Disease	disease_3051	1.6701948984927842e-09
Disease	disease_3052	1.6701948984927842e-09
Disease	disease_12540	1.6695602475267091e-09
Disease	disease_44787	1.6688987229503857e-09
Disease	disease_1740	1.668561827610096e-09
Disease	disease_6409	1.6682263371573917e-09
Disease	disease_15793	1.6666123363450412e-09
Disease	disease_1282	1.666221676510185e-09
Disease	disease_3171	1.6656559619551746e-09
Disease	disease_13345	1.6643197263418878e-09
Disease	disease_9654	1.6626495437096962e-09
Disease	disease_43251	1.6626000816402863e-09
Disease	disease_20520	1.662455924471196e-09
Disease	disease_17041	1.662204497059445e-09
Disease	disease_24475	1.660984971177065e-09
Disease	disease_8259	1.660976481274017e-09
Disease	disease_3350	1.6608560717452302e-09
Disease	disease_7134	1.6607637375748354e-09
Disease	disease_14177	1.660407619615467e-09
Disease	disease_32794	1.6596606036489201e-09
Disease	disease_30883	1.659419624906187e-09
Disease	disease_1511	1.6588535763703389e-09
Disease	disease_24381	1.658231082284678e-09
Disease	disease_24379	1.658231082284678e-09
Disease	disease_24382	1.658231082284678e-09
Disease	disease_6173	1.657411468721835e-09
Disease	disease_1329	1.657091722383611e-09
Disease	disease_20338	1.6570694877393718e-09
Disease	disease_11083	1.6559166363723894e-09
Disease	disease_16948	1.6558539267073037e-09
Disease	disease_8806	1.6546364876230116e-09
Disease	disease_2503	1.6530305437978846e-09
Disease	disease_13122	1.6523500047041126e-09
Disease	disease_1887	1.6511408592634185e-09
Disease	disease_14591	1.6509281816267296e-09
Disease	disease_3992	1.6507213894645303e-09
Disease	disease_6164	1.6499229385117396e-09
Disease	disease_6557	1.6498697473812191e-09
Disease	disease_11432	1.6498342767086543e-09
Disease	disease_10349	1.6488252728021362e-09
Disease	disease_32629	1.6486622775978423e-09
Disease	disease_14478	1.6452132279041357e-09
Disease	disease_14709	1.6445765385111798e-09
Disease	disease_16847	1.6440663212800281e-09
Disease	disease_7033	1.6407780896236028e-09
Disease	disease_8847	1.6395412240848465e-09
Disease	disease_6303	1.6392245364318551e-09
Disease	disease_9751	1.6385740647869791e-09
Disease	disease_2678	1.6381081847145794e-09
Disease	disease_3422	1.6376231449761307e-09
Disease	disease_7111	1.63760620952175e-09
Disease	disease_3097	1.637479568634672e-09
Disease	disease_2297	1.63639440801092e-09
Disease	disease_19397	1.6359158423406837e-09
Disease	disease_34143	1.6359158423406837e-09
Disease	disease_15349	1.6359158423406837e-09
Disease	disease_6059	1.6355474130937161e-09
Disease	disease_20359	1.6351536378834762e-09
Disease	disease_20361	1.6351536378834762e-09
Disease	disease_20360	1.6351536378834762e-09
Disease	disease_23282	1.6347208795482786e-09
Disease	disease_13329	1.6344882115771562e-09
Disease	disease_13414	1.6337371137749e-09
Disease	disease_10116	1.6337144413658665e-09
Disease	disease_18061	1.6334877373018756e-09
Disease	disease_8958	1.6331399791923009e-09
Disease	disease_19575	1.632762764067734e-09
Disease	disease_15741	1.632227220652173e-09
Disease	disease_14418	1.6317187828540183e-09
Disease	disease_29141	1.6313536544718044e-09
Disease	disease_15008	1.6261848812836018e-09
Disease	disease_54761	1.6249933706157064e-09
Disease	disease_12225	1.624455027469465e-09
Disease	disease_20307	1.6238718906607864e-09
Disease	disease_7748	1.6230919120368122e-09
Disease	disease_32763	1.6226596546682225e-09
Disease	disease_1283	1.6211152792592405e-09
Disease	disease_14577	1.6199933291160746e-09
Disease	disease_12021	1.6192590924307965e-09
Disease	disease_10625	1.616232092366634e-09
Disease	disease_13136	1.616180427516167e-09
Disease	disease_3492	1.615350813905977e-09
Disease	disease_6006	1.615130909964392e-09
Disease	disease_17110	1.6144121291486057e-09
Disease	disease_17111	1.6144121291486057e-09
Disease	disease_14653	1.6141031528725712e-09
Disease	disease_13972	1.6139363861604548e-09
Disease	disease_16146	1.6138784772587243e-09
Disease	disease_15688	1.609258643932448e-09
Disease	disease_10775	1.6089039796138618e-09
Disease	disease_12043	1.6087731984860901e-09
Disease	disease_3256	1.608362858904057e-09
Disease	disease_7842	1.608208412647405e-09
Disease	disease_20284	1.6079252186246595e-09
Disease	disease_16934	1.607894053263845e-09
Disease	disease_11081	1.6077979461452068e-09
Disease	disease_13790	1.6062141696299896e-09
Disease	disease_7398	1.6060086612947918e-09
Disease	disease_156	1.6052107298187685e-09
Disease	disease_14977	1.604911941117791e-09
Disease	disease_33046	1.6049114187840734e-09
Disease	disease_12355	1.604516548031984e-09
Disease	disease_3827	1.6036363494063144e-09
Disease	disease_13581	1.60313006571495e-09
Disease	disease_8884	1.6026293807968421e-09
Disease	disease_25506	1.6024309400039352e-09
Disease	disease_17731	1.6022110740562813e-09
Disease	disease_4341	1.6016242224375324e-09
Disease	disease_10005	1.6014711302144626e-09
Disease	disease_4233	1.6009570853169737e-09
Disease	disease_3898	1.6009570853169737e-09
Disease	disease_37002	1.600743863650555e-09
Disease	disease_11186	1.6001929259209547e-09
Disease	disease_16857	1.5997955800362375e-09
Disease	disease_3100	1.599219921429034e-09
Disease	disease_12477	1.5991659585500407e-09
Disease	disease_10969	1.5988890904905995e-09
Disease	disease_3887	1.5988706219291334e-09
Disease	disease_18837	1.5988296432220883e-09
Disease	disease_8002	1.597380606588944e-09
Disease	disease_13124	1.596833754703838e-09
Disease	disease_7866	1.5967426777495052e-09
Disease	disease_9873	1.5965721070116401e-09
Disease	disease_14587	1.5961353062858342e-09
Disease	disease_60486	1.5925885043655475e-09
Disease	disease_100196	1.5922427688759732e-09
Disease	disease_5911	1.592121708132152e-09
Disease	disease_2452	1.5907020330470203e-09
Disease	disease_7852	1.5895836415612657e-09
Disease	disease_14657	1.5890766393960529e-09
Disease	disease_6385	1.5887941340478433e-09
Disease	disease_240	1.588305828006955e-09
Disease	disease_12148	1.5874906755054124e-09
Disease	disease_13314	1.587140247330482e-09
Disease	disease_8131	1.5856331661321145e-09
Disease	disease_3170	1.5852959669490603e-09
Disease	disease_3905	1.5851216661267133e-09
Disease	disease_3906	1.5851216661267133e-09
Disease	disease_3907	1.5851216661267133e-09
Disease	disease_9900	1.5849526423833075e-09
Disease	disease_32903	1.5843687283002178e-09
Disease	disease_1017	1.5838014058791747e-09
Disease	disease_13679	1.5834748624209319e-09
Disease	disease_21377	1.583391220028175e-09
Disease	disease_21184	1.5818646199533814e-09
Disease	disease_15310	1.5818405545214118e-09
Disease	disease_16568	1.5808543398553647e-09
Disease	disease_7808	1.5805044691323352e-09
Disease	disease_3056	1.5802736965010666e-09
Disease	disease_3058	1.5802736965010666e-09
Disease	disease_4143	1.5802736965010666e-09
Disease	disease_4144	1.5802736965010666e-09
Disease	disease_4145	1.5802736965010666e-09
Disease	disease_4146	1.5802736965010666e-09
Disease	disease_3918	1.5802736965010666e-09
Disease	disease_3055	1.5802736965010666e-09
Disease	disease_8597	1.5774289415576967e-09
Disease	disease_16678	1.5765969040609538e-09
Disease	disease_2133	1.57542899112595e-09
Disease	disease_5980	1.5749767946035253e-09
Disease	disease_6682	1.5748553043951882e-09
Disease	disease_4671	1.5745875226220175e-09
Disease	disease_3143	1.5744537706748864e-09
Disease	disease_4181	1.5743753433660227e-09
Disease	disease_4534	1.5743753433660227e-09
Disease	disease_25096	1.574319728814953e-09
Disease	disease_25089	1.574319728814953e-09
Disease	disease_9682	1.5735025314531507e-09
Disease	disease_6197	1.5731160483824012e-09
Disease	disease_1667	1.5715783480023863e-09
Disease	disease_6347	1.571430127985376e-09
Disease	disease_11770	1.5713539166931975e-09
Disease	disease_24281	1.5708835818645005e-09
Disease	disease_8792	1.5708208467608211e-09
Disease	disease_2435	1.5706597027063215e-09
Disease	disease_4526	1.5700621286910965e-09
Disease	disease_44768	1.5698554483148066e-09
Disease	disease_10932	1.5692463082582013e-09
Disease	disease_8653	1.5687501791833727e-09
Disease	disease_1426	1.5681459246437635e-09
Disease	disease_33653	1.5676723042985102e-09
Disease	disease_21485	1.5676464273520376e-09
Disease	disease_24857	1.5674326677978042e-09
Disease	disease_14815	1.5669608796359042e-09
Disease	disease_8984	1.5664449485888234e-09
Disease	disease_5801	1.5651696089505737e-09
Disease	disease_1965	1.5641876258817398e-09
Disease	disease_3022	1.5632414689221888e-09
Disease	disease_20790	1.5621596524872773e-09
Disease	disease_11935	1.5616585619369085e-09
Disease	disease_519	1.5615255499918083e-09
Disease	disease_100013	1.5613649418920863e-09
Disease	disease_12943	1.5611806433220797e-09
Disease	disease_17011	1.558634194613138e-09
Disease	disease_13751	1.558079778768746e-09
Disease	disease_1634	1.5572182176610948e-09
Disease	disease_10165	1.555129406329526e-09
Disease	disease_2159	1.5549671715217105e-09
Disease	disease_4539	1.554603460362122e-09
Disease	disease_14955	1.553242551570936e-09
Disease	disease_8712	1.5528237627236398e-09
Disease	disease_18159	1.552398952849541e-09
Disease	disease_7655	1.5519669677080297e-09
Disease	disease_1060	1.5517590376051764e-09
Disease	disease_12608	1.5510870928576207e-09
Disease	disease_2946	1.5498990492413963e-09
Disease	disease_18987	1.5498990492413963e-09
Disease	disease_4169	1.5498990492413963e-09
Disease	disease_1578	1.5498990492413963e-09
Disease	disease_21736	1.548505936568394e-09
Disease	disease_5798	1.5474651977185947e-09
Disease	disease_6071	1.5470515618348928e-09
Disease	disease_14124	1.5467897627079895e-09
Disease	disease_10963	1.5467514855898298e-09
Disease	disease_4778	1.5466184742554034e-09
Disease	disease_4076	1.5461368834495255e-09
Disease	disease_8994	1.5448007521366887e-09
Disease	disease_8512	1.5431853685248919e-09
Disease	disease_22642	1.5425153087140596e-09
Disease	disease_44337	1.5422641335342714e-09
Disease	disease_22900	1.542050193708244e-09
Disease	disease_16888	1.541276545654407e-09
Disease	disease_13798	1.5402973896237496e-09
Disease	disease_5725	1.5389665067196944e-09
Disease	disease_27029	1.5387280135257219e-09
Disease	disease_17018	1.5386674134984221e-09
Disease	disease_13447	1.5372546964851711e-09
Disease	disease_1893	1.5363868351274815e-09
Disease	disease_5214	1.534976568965445e-09
Disease	disease_2101	1.5326192378182635e-09
Disease	disease_2395	1.5325524564500798e-09
Disease	disease_16360	1.5321481718878696e-09
Disease	disease_20179	1.531776874533431e-09
Disease	disease_11879	1.5315980615673848e-09
Disease	disease_6524	1.5306582764328005e-09
Disease	disease_13407	1.5299398255034692e-09
Disease	disease_12363	1.5289617106718465e-09
Disease	disease_20308	1.528891443032335e-09
Disease	disease_24284	1.5286189103892904e-09
Disease	disease_2197	1.5269736737968808e-09
Disease	disease_5293	1.5266293444503404e-09
Disease	disease_2034	1.5264838329790155e-09
Disease	disease_9083	1.5256009358891529e-09
Disease	disease_8534	1.524962003877478e-09
Disease	disease_16576	1.5242803328994189e-09
Disease	disease_3186	1.5242710504160163e-09
Disease	disease_14794	1.5242166524113848e-09
Disease	disease_1171	1.5230364341804601e-09
Disease	disease_18282	1.5221555160906714e-09
Disease	disease_16879	1.5219391231071501e-09
Disease	disease_1341	1.5210476383208408e-09
Disease	disease_1884	1.5196187174048785e-09
Disease	disease_2642	1.5187697846572768e-09
Disease	disease_100286	1.517235466338988e-09
Disease	disease_24912	1.515536841277595e-09
Disease	disease_18720	1.514854079621382e-09
Disease	disease_2705	1.514548059866712e-09
Disease	disease_15295	1.5141889155689894e-09
Disease	disease_13299	1.514056167935328e-09
Disease	disease_5791	1.5137868382980473e-09
Disease	disease_13233	1.5127938857836227e-09
Disease	disease_12055	1.511746162724485e-09
Disease	disease_8486	1.511733516008515e-09
Disease	disease_14669	1.5115031832191943e-09
Disease	disease_30864	1.511304016651226e-09
Disease	disease_19864	1.5111119411041948e-09
Disease	disease_8621	1.5105728605777154e-09
Disease	disease_16659	1.5101541246149446e-09
Disease	disease_17912	1.5099162187738369e-09
Disease	disease_10073	1.5093134119194386e-09
Disease	disease_13610	1.5080193467865867e-09
Disease	disease_21024	1.5072334371174284e-09
Disease	disease_5050	1.5069168296446973e-09
Disease	disease_4551	1.5067065430081773e-09
Disease	disease_100011	1.5063587792186623e-09
Disease	disease_37253	1.5061995191224794e-09
Disease	disease_7375	1.5055489476539298e-09
Disease	disease_13263	1.5049205779506347e-09
Disease	disease_8850	1.504772768436689e-09
Disease	disease_13542	1.5044939633057693e-09
Disease	disease_3066	1.5041812124282738e-09
Disease	disease_100096	1.5034094903236604e-09
Disease	disease_16878	1.5025633552153463e-09
Disease	disease_4107	1.5021698018133403e-09
Disease	disease_8357	1.5011796484303142e-09
Disease	disease_17126	1.4999770367467045e-09
Disease	disease_9846	1.4988479137243071e-09
Disease	disease_16727	1.4977842419468645e-09
Disease	disease_9178	1.4974414171306524e-09
Disease	disease_4314	1.495890142044935e-09
Disease	disease_56817	1.4951363889291416e-09
Disease	disease_16458	1.4944817385870646e-09
Disease	disease_15538	1.493769586480264e-09
Disease	disease_1367	1.4933694299331451e-09
Disease	disease_12282	1.4931622523732053e-09
Disease	disease_16858	1.4929855569425081e-09
Disease	disease_16859	1.4929855569425081e-09
Disease	disease_13785	1.4921578241653672e-09
Disease	disease_14688	1.4902210060164599e-09
Disease	disease_18337	1.4893976790319599e-09
Disease	disease_6304	1.4892128916237916e-09
Disease	disease_14997	1.4891859187600622e-09
Disease	disease_30941	1.4890218390645317e-09
Disease	disease_13204	1.488923598410285e-09
Disease	disease_8772	1.4880682332161506e-09
Disease	disease_1704	1.486909939791836e-09
Disease	disease_14014	1.4855340244289215e-09
Disease	disease_8210	1.4850152006975168e-09
Disease	disease_8292	1.4843068382584798e-09
Disease	disease_6551	1.4837609145933527e-09
Disease	disease_13883	1.482973268901711e-09
Disease	disease_3866	1.4828924883385318e-09
Disease	disease_14652	1.4827462884623954e-09
Disease	disease_14772	1.4817292487721422e-09
Disease	disease_5437	1.481009353576454e-09
Disease	disease_5312	1.480803419207008e-09
Disease	disease_32665	1.4805960852027762e-09
Disease	disease_3475	1.4801191785516133e-09
Disease	disease_3476	1.4801191785516133e-09
Disease	disease_43096	1.479462053783972e-09
Disease	disease_3762	1.4784619124481669e-09
Disease	disease_8985	1.4782238945884818e-09
Disease	disease_14385	1.4781186104534524e-09
Disease	disease_5687	1.47808327889716e-09
Disease	disease_819	1.4767672334011369e-09
Disease	disease_32792	1.4763078251539792e-09
Disease	disease_11015	1.4759963736768166e-09
Disease	disease_23757	1.4758003674497048e-09
Disease	disease_16049	1.4755582967340456e-09
Disease	disease_37739	1.475158195260746e-09
Disease	disease_3305	1.4731816647231527e-09
Disease	disease_2383	1.4731816647231527e-09
Disease	disease_3302	1.4731816647231527e-09
Disease	disease_3306	1.4731816647231527e-09
Disease	disease_18318	1.472329783023229e-09
Disease	disease_16262	1.4713838911415017e-09
Disease	disease_42974	1.4704384687165746e-09
Disease	disease_9764	1.4699596404164077e-09
Disease	disease_18903	1.4697186546962184e-09
Disease	disease_18769	1.4697186546962184e-09
Disease	disease_4891	1.4694634954936113e-09
Disease	disease_54716	1.4688651849666852e-09
Disease	disease_6407	1.4683514306902311e-09
Disease	disease_20517	1.468111189696816e-09
Disease	disease_19404	1.467314179253818e-09
Disease	disease_4354	1.467237311465607e-09
Disease	disease_3293	1.4658980503713208e-09
Disease	disease_21824	1.465691775988379e-09
Disease	disease_13348	1.4633172723212995e-09
Disease	disease_3223	1.4632399400600078e-09
Disease	disease_208	1.4616745088838575e-09
Disease	disease_15864	1.4609007824179878e-09
Disease	disease_17795	1.4593938701503797e-09
Disease	disease_20270	1.4584569278648979e-09
Disease	disease_2849	1.4583028911072353e-09
Disease	disease_3294	1.4582695414565091e-09
Disease	disease_16580	1.4578409836184958e-09
Disease	disease_22607	1.4572209594789624e-09
Disease	disease_21574	1.455091113067045e-09
Disease	disease_3624	1.452672338801088e-09
Disease	disease_16533	1.4521296740324302e-09
Disease	disease_19731	1.4521296740324302e-09
Disease	disease_19732	1.4521296740324302e-09
Disease	disease_19733	1.4521296740324302e-09
Disease	disease_10077	1.4520691089313971e-09
Disease	disease_21221	1.449999436369789e-09
Disease	disease_9690	1.449816586745871e-09
Disease	disease_4392	1.4496024963703695e-09
Disease	disease_15690	1.4490163990357083e-09
Disease	disease_6493	1.4479063096259524e-09
Disease	disease_5006	1.4454788136132814e-09
Disease	disease_3216	1.4454578658531566e-09
Disease	disease_12024	1.4449128064007687e-09
Disease	disease_12968	1.4440341600384994e-09
Disease	disease_18979	1.4437772820775688e-09
Disease	disease_14466	1.4436677177015348e-09
Disease	disease_24300	1.44355750376319e-09
Disease	disease_6848	1.4429142194251117e-09
Disease	disease_6826	1.4429142194251117e-09
Disease	disease_4656	1.442822774953527e-09
Disease	disease_3988	1.441709313659874e-09
Disease	disease_5556	1.4414889004940252e-09
Disease	disease_11592	1.4413311889417286e-09
Disease	disease_18058	1.4404408410328476e-09
Disease	disease_19527	1.4386293599460902e-09
Disease	disease_22618	1.4378586612218507e-09
Disease	disease_2423	1.4361544302539394e-09
Disease	disease_5899	1.4341158341657298e-09
Disease	disease_5599	1.4337610045399776e-09
Disease	disease_13002	1.432696026838715e-09
Disease	disease_45045	1.4308538223256693e-09
Disease	disease_24466	1.4294527734886018e-09
Disease	disease_7389	1.4288686843420244e-09
Disease	disease_9518	1.4273181211964569e-09
Disease	disease_13728	1.4258159201410167e-09
Disease	disease_2847	1.4257710245160907e-09
Disease	disease_17211	1.4242931575048627e-09
Disease	disease_17209	1.4242931575048627e-09
Disease	disease_12167	1.4240358288594104e-09
Disease	disease_13100	1.4240358288594104e-09
Disease	disease_14409	1.4237479253073844e-09
Disease	disease_17948	1.4235865688820938e-09
Disease	disease_31014	1.420938115164904e-09
Disease	disease_3335	1.420832024870793e-09
Disease	disease_8881	1.4207718977057009e-09
Disease	disease_13156	1.4206922257583564e-09
Disease	disease_12035	1.4174704233892754e-09
Disease	disease_25491	1.4162985002740703e-09
Disease	disease_15782	1.4159802453841467e-09
Disease	disease_4832	1.4155322089256345e-09
Disease	disease_1174	1.415284469771878e-09
Disease	disease_7238	1.4145138850597265e-09
Disease	disease_8374	1.413870360317513e-09
Disease	disease_14663	1.4122220217459676e-09
Disease	disease_4435	1.4118964887056596e-09
Disease	disease_5102	1.4118964887056596e-09
Disease	disease_20339	1.411669643967726e-09
Disease	disease_757	1.4115639810820831e-09
Disease	disease_17925	1.4103879910264326e-09
Disease	disease_12042	1.4103559588237765e-09
Disease	disease_12710	1.4103559588237765e-09
Disease	disease_11742	1.4103559588237765e-09
Disease	disease_11741	1.4103559588237765e-09
Disease	disease_19938	1.4098902059118196e-09
Disease	disease_15571	1.4098843219448872e-09
Disease	disease_13360	1.4061705363474534e-09
Disease	disease_7442	1.4059434892925418e-09
Disease	disease_6489	1.4057824406807028e-09
Disease	disease_9792	1.4049670642044167e-09
Disease	disease_17684	1.404177898563096e-09
Disease	disease_20312	1.4034119217238679e-09
Disease	disease_5613	1.4027927470726772e-09
Disease	disease_10429	1.4016380808205934e-09
Disease	disease_8442	1.4012945993560629e-09
Disease	disease_14578	1.3996096147916391e-09
Disease	disease_21575	1.3979824538207133e-09
Disease	disease_21673	1.3979587601036137e-09
Disease	disease_1771	1.3979587601036137e-09
Disease	disease_3164	1.3976917374023636e-09
Disease	disease_2140	1.3969890337714342e-09
Disease	disease_21525	1.3969216635292117e-09
Disease	disease_7351	1.3937744596879395e-09
Disease	disease_4491	1.3931154150415917e-09
Disease	disease_21028	1.39180523786703e-09
Disease	disease_3322	1.391192194578206e-09
Disease	disease_24675	1.391192194578206e-09
Disease	disease_3320	1.391192194578206e-09
Disease	disease_3317	1.391192194578206e-09
Disease	disease_6432	1.391192194578206e-09
Disease	disease_3316	1.391192194578206e-09
Disease	disease_3318	1.391192194578206e-09
Disease	disease_49223	1.3911381155523947e-09
Disease	disease_10368	1.3907808456710972e-09
Disease	disease_25404	1.3902816180695566e-09
Disease	disease_16875	1.390058972031509e-09
Disease	disease_6192	1.3892207563816005e-09
Disease	disease_7461	1.388146500570605e-09
Disease	disease_100102	1.3878651491860803e-09
Disease	disease_18523	1.387232351011408e-09
Disease	disease_2475	1.3871988911934594e-09
Disease	disease_18426	1.3869048650830331e-09
Disease	disease_3208	1.3864234013958684e-09
Disease	disease_3204	1.386356524361868e-09
Disease	disease_7587	1.3859397470964037e-09
Disease	disease_20205	1.38512107971082e-09
Disease	disease_22768	1.3845876314080912e-09
Disease	disease_2960	1.3845876314080912e-09
Disease	disease_17383	1.3842344557962808e-09
Disease	disease_6108	1.3841698231905804e-09
Disease	disease_21583	1.3836153910133229e-09
Disease	disease_11066	1.3834185589118211e-09
Disease	disease_11901	1.3824794255426466e-09
Disease	disease_2191	1.3824201093898399e-09
Disease	disease_14401	1.3818876853416506e-09
Disease	disease_5953	1.3813237442468194e-09
Disease	disease_19228	1.3805967937173963e-09
Disease	disease_14299	1.3796031321823036e-09
Disease	disease_5932	1.3779001150882115e-09
Disease	disease_5855	1.3779001150882115e-09
Disease	disease_5927	1.3779001150882115e-09
Disease	disease_2594	1.3779001150882115e-09
Disease	disease_2595	1.3779001150882115e-09
Disease	disease_18583	1.3779001150882115e-09
Disease	disease_18107	1.3779001150882115e-09
Disease	disease_5755	1.3779001150882115e-09
Disease	disease_18110	1.3779001150882115e-09
Disease	disease_5830	1.3779001150882115e-09
Disease	disease_5652	1.3779001150882115e-09
Disease	disease_5875	1.3779001150882115e-09
Disease	disease_5658	1.3779001150882115e-09
Disease	disease_23164	1.3779001150882115e-09
Disease	disease_19191	1.377883857553654e-09
Disease	disease_15774	1.377648311645372e-09
Disease	disease_6267	1.3765437729515539e-09
Disease	disease_22400	1.376200595985139e-09
Disease	disease_22399	1.376200595985139e-09
Disease	disease_22405	1.376200595985139e-09
Disease	disease_22397	1.376200595985139e-09
Disease	disease_22407	1.376200595985139e-09
Disease	disease_22404	1.376200595985139e-09
Disease	disease_3960	1.3740291921769148e-09
Disease	disease_108	1.3731988182169817e-09
Disease	disease_10693	1.3724118352629684e-09
Disease	disease_44913	1.3709231145612741e-09
Disease	disease_10948	1.3699603907706192e-09
Disease	disease_9351	1.3697269343141615e-09
Disease	disease_19680	1.368370942935222e-09
Disease	disease_15724	1.368347556793762e-09
Disease	disease_19659	1.3677821976769988e-09
Disease	disease_5635	1.3607786268895565e-09
Disease	disease_17033	1.360289745933948e-09
Disease	disease_16197	1.3598989168266063e-09
Disease	disease_8652	1.3597145461851864e-09
Disease	disease_3351	1.358903431397255e-09
Disease	disease_7729	1.3534363178212114e-09
Disease	disease_13155	1.3526701503890523e-09
Disease	disease_100290	1.3523729021326183e-09
Disease	disease_2852	1.3517271375174458e-09
Disease	disease_93	1.35163485676023e-09
Disease	disease_1387	1.3506082672130555e-09
Disease	disease_21273	1.350582075722693e-09
Disease	disease_45043	1.3499441291503517e-09
Disease	disease_54805	1.3493625020608313e-09
Disease	disease_32846	1.3485398765443337e-09
Disease	disease_42975	1.3481334254686814e-09
Disease	disease_18587	1.3464822635687868e-09
Disease	disease_2153	1.3451877709710205e-09
Disease	disease_30846	1.3448737838746633e-09
Disease	disease_13221	1.3443498965776124e-09
Disease	disease_3744	1.3433598096389456e-09
Disease	disease_7395	1.3410768192509511e-09
Disease	disease_2295	1.3407674436950614e-09
Disease	disease_16872	1.3403875239365398e-09
Disease	disease_6491	1.339142818540232e-09
Disease	disease_24359	1.3380917866040317e-09
Disease	disease_24357	1.3380917866040317e-09
Disease	disease_24356	1.3380917866040317e-09
Disease	disease_24360	1.3380917866040317e-09
Disease	disease_13714	1.337817177824769e-09
Disease	disease_21546	1.3350222319132433e-09
Disease	disease_2903	1.3346672466953393e-09
Disease	disease_4056	1.3346060746980822e-09
Disease	disease_17870	1.3344980484566486e-09
Disease	disease_17866	1.3344980484566486e-09
Disease	disease_11458	1.3337483751959502e-09
Disease	disease_3336	1.3336189413343147e-09
Disease	disease_6126	1.3330794096211974e-09
Disease	disease_3637	1.3325274747967394e-09
Disease	disease_20837	1.3323615469334291e-09
Disease	disease_13326	1.3321478936384794e-09
Disease	disease_6401	1.3312934690521135e-09
Disease	disease_17084	1.3309067803078177e-09
Disease	disease_13035	1.3307971029116905e-09
Disease	disease_17019	1.3306860764826105e-09
Disease	disease_14906	1.3298302333987695e-09
Disease	disease_2448	1.329571736266837e-09
Disease	disease_13959	1.3293587835598965e-09
Disease	disease_12145	1.3290933188241101e-09
Disease	disease_7504	1.328386759330592e-09
Disease	disease_18132	1.3264439561161398e-09
Disease	disease_544	1.3257972450805605e-09
Disease	disease_16733	1.324344483964902e-09
Disease	disease_4288	1.324035864372984e-09
Disease	disease_5063	1.324035864372984e-09
Disease	disease_6050	1.324035864372984e-09
Disease	disease_13649	1.3237141686820882e-09
Disease	disease_6465	1.3236392311885277e-09
Disease	disease_3189	1.3232892905177375e-09
Disease	disease_17032	1.3216967513392872e-09
Disease	disease_18988	1.319823721477401e-09
Disease	disease_3211	1.3196121671795975e-09
Disease	disease_13718	1.3191110973893664e-09
Disease	disease_12075	1.3185136707936513e-09
Disease	disease_4510	1.3184475347725154e-09
Disease	disease_8811	1.318404315495433e-09
Disease	disease_30070	1.3181758874559485e-09
Disease	disease_13428	1.3175482205305013e-09
Disease	disease_2401	1.317223976519217e-09
Disease	disease_21086	1.3172144213583237e-09
Disease	disease_3443	1.3170755094595196e-09
Disease	disease_25457	1.3166118030726567e-09
Disease	disease_2872	1.3161780775698094e-09
Disease	disease_11982	1.3161471249846686e-09
Disease	disease_12217	1.3158596856248258e-09
Disease	disease_941	1.3157060588509275e-09
Disease	disease_12087	1.3149135722221226e-09
Disease	disease_12844	1.3149135722221226e-09
Disease	disease_7639	1.3131604454686533e-09
Disease	disease_21029	1.3129715419402591e-09
Disease	disease_2785	1.3129025697691444e-09
Disease	disease_4738	1.31277522645167e-09
Disease	disease_10488	1.3125435534439142e-09
Disease	disease_7881	1.3117787290934408e-09
Disease	disease_881	1.3113836457773782e-09
Disease	disease_14057	1.310869892458726e-09
Disease	disease_1000	1.3100633406344648e-09
Disease	disease_13629	1.3099713246040493e-09
Disease	disease_33375	1.3093948458443832e-09
Disease	disease_3644	1.309353417794377e-09
Disease	disease_24622	1.3085482333569863e-09
Disease	disease_10431	1.3080971286073218e-09
Disease	disease_6998	1.307714318784125e-09
Disease	disease_7683	1.3070034218428433e-09
Disease	disease_19446	1.3066187612801282e-09
Disease	disease_8453	1.3054845948817016e-09
Disease	disease_10317	1.3052846677388106e-09
Disease	disease_24566	1.3044508563260056e-09
Disease	disease_3403	1.3038915847058313e-09
Disease	disease_3196	1.3022887203272398e-09
Disease	disease_7006	1.3018760481807815e-09
Disease	disease_2998	1.300358256532024e-09
Disease	disease_3410	1.2993539162159094e-09
Disease	disease_16639	1.2989836565358174e-09
Disease	disease_11162	1.298892445536609e-09
Disease	disease_21131	1.2988059710829093e-09
Disease	disease_5908	1.298763128404694e-09
Disease	disease_12541	1.2986844461930217e-09
Disease	disease_12029	1.2984862985964395e-09
Disease	disease_8301	1.2984823725090818e-09
Disease	disease_14847	1.2966637385410758e-09
Disease	disease_1863	1.2965987869057217e-09
Disease	disease_17345	1.296444481045411e-09
Disease	disease_19447	1.2961150190355618e-09
Disease	disease_6398	1.295634668857215e-09
Disease	disease_13611	1.2953347516875142e-09
Disease	disease_12250	1.293877419695711e-09
Disease	disease_4328	1.2930978029257475e-09
Disease	disease_6646	1.292507579728367e-09
Disease	disease_16099	1.2921520802485728e-09
Disease	disease_16609	1.2921520802485728e-09
Disease	disease_16610	1.2921520802485728e-09
Disease	disease_301	1.291721866682753e-09
Disease	disease_14251	1.290815825383544e-09
Disease	disease_13562	1.290815825383544e-09
Disease	disease_12057	1.290815825383544e-09
Disease	disease_13185	1.290815825383544e-09
Disease	disease_12595	1.290815825383544e-09
Disease	disease_4951	1.290815825383544e-09
Disease	disease_13713	1.290815825383544e-09
Disease	disease_12618	1.2898617899523836e-09
Disease	disease_54869	1.289606682485822e-09
Disease	disease_1487	1.2895817078519416e-09
Disease	disease_650	1.2894418127374736e-09
Disease	disease_100231	1.2892382766640997e-09
Disease	disease_3412	1.2874607651043257e-09
Disease	disease_2418	1.2872254853299582e-09
Disease	disease_15622	1.287161982702502e-09
Disease	disease_18941	1.287161982702502e-09
Disease	disease_13432	1.2870529089749164e-09
Disease	disease_15702	1.2870470228554018e-09
Disease	disease_6435	1.2863384701513589e-09
Disease	disease_19488	1.2858375346094298e-09
Disease	disease_16026	1.2858375346094298e-09
Disease	disease_23521	1.2853197716774814e-09
Disease	disease_3285	1.2844884567993255e-09
Disease	disease_14937	1.2829706466634e-09
Disease	disease_3419	1.2818986389662844e-09
Disease	disease_30869	1.2816742761821409e-09
Disease	disease_21351	1.2816311264310347e-09
Disease	disease_7215	1.281551882662859e-09
Disease	disease_17765	1.2815006472944032e-09
Disease	disease_17886	1.28129113234007e-09
Disease	disease_7644	1.2810080314532133e-09
Disease	disease_10236	1.2809153656240574e-09
Disease	disease_14524	1.2806862086508836e-09
Disease	disease_16457	1.2798602887871665e-09
Disease	disease_15412	1.2793598123802041e-09
Disease	disease_19401	1.2771862965862548e-09
Disease	disease_2198	1.2763431475350743e-09
Disease	disease_42486	1.2755549948924388e-09
Disease	disease_11788	1.2752731436357808e-09
Disease	disease_10759	1.2745831980287096e-09
Disease	disease_18788	1.2739889372286588e-09
Disease	disease_8158	1.2733883642493298e-09
Disease	disease_6302	1.2728588881337274e-09
Disease	disease_2822	1.2728588881337274e-09
Disease	disease_3219	1.2728588881337274e-09
Disease	disease_6214	1.2728588881337274e-09
Disease	disease_6382	1.2728588881337274e-09
Disease	disease_16357	1.2708357993630416e-09
Disease	disease_9617	1.2706750689662963e-09
Disease	disease_21115	1.2697229012667846e-09
Disease	disease_21116	1.2697229012667846e-09
Disease	disease_32721	1.269445325806701e-09
Disease	disease_15023	1.268142352862424e-09
Disease	disease_18918	1.2681002361152034e-09
Disease	disease_2063	1.2673395115015696e-09
Disease	disease_6660	1.2650820991875788e-09
Disease	disease_14901	1.2648264051165782e-09
Disease	disease_16787	1.2644911736952516e-09
Disease	disease_13956	1.2642275400913998e-09
Disease	disease_9647	1.2635140512283185e-09
Disease	disease_18499	1.2617258425967408e-09
Disease	disease_32747	1.261436503005801e-09
Disease	disease_17819	1.260558915835624e-09
Disease	disease_11674	1.2556862901668234e-09
Disease	disease_3153	1.2552430089615453e-09
Disease	disease_14252	1.2531088926880262e-09
Disease	disease_2222	1.2529053710656882e-09
Disease	disease_22606	1.252864145909589e-09
Disease	disease_16964	1.2527349886646242e-09
Disease	disease_25087	1.2521667575979184e-09
Disease	disease_14189	1.251509273935965e-09
Disease	disease_3253	1.2513949090595535e-09
Disease	disease_9918	1.2512243973964744e-09
Disease	disease_17047	1.2512214165370016e-09
Disease	disease_44622	1.2512214165370016e-09
Disease	disease_1001	1.2511163433692404e-09
Disease	disease_1004	1.2511163433692404e-09
Disease	disease_5690	1.2511163433692404e-09
Disease	disease_22745	1.2511163433692404e-09
Disease	disease_1003	1.2511163433692404e-09
Disease	disease_3872	1.2510755795660004e-09
Disease	disease_16434	1.2510716407697608e-09
Disease	disease_15255	1.2508333334845083e-09
Disease	disease_15794	1.2471806725327382e-09
Disease	disease_8099	1.246964231672646e-09
Disease	disease_12739	1.245820017448131e-09
Disease	disease_21313	1.2453242397516654e-09
Disease	disease_2617	1.2439497889801096e-09
Disease	disease_12980	1.243865360776179e-09
Disease	disease_16839	1.2430277414840086e-09
Disease	disease_18628	1.2428689639428143e-09
Disease	disease_34987	1.242748641956905e-09
Disease	disease_30938	1.241515625909523e-09
Disease	disease_10101	1.239492734383647e-09
Disease	disease_2062	1.2390454741503792e-09
Disease	disease_1084	1.2384683392897414e-09
Disease	disease_3517	1.2381120608316921e-09
Disease	disease_19916	1.238037628606586e-09
Disease	disease_1536	1.2360060645172633e-09
Disease	disease_14597	1.2357592003752607e-09
Disease	disease_4920	1.2352748542954533e-09
Disease	disease_18001	1.234788564931767e-09
Disease	disease_8520	1.2343171389127348e-09
Disease	disease_18706	1.231897273682971e-09
Disease	disease_1459	1.231312211830959e-09
Disease	disease_6106	1.2304729400268108e-09
Disease	disease_3093	1.2304206029464192e-09
Disease	disease_20742	1.2300991738082783e-09
Disease	disease_1862	1.2297359984205233e-09
Disease	disease_1861	1.2297359984205233e-09
Disease	disease_100132	1.2290101902678379e-09
Disease	disease_44628	1.228787117822035e-09
Disease	disease_9148	1.228549494420778e-09
Disease	disease_5673	1.2282534843444371e-09
Disease	disease_11720	1.2280481280193843e-09
Disease	disease_21222	1.2270802789199119e-09
Disease	disease_13491	1.2266003064902336e-09
Disease	disease_2666	1.2264599104554598e-09
Disease	disease_3617	1.2255786873719024e-09
Disease	disease_22424	1.224291129650398e-09
Disease	disease_13411	1.2237879575547852e-09
Disease	disease_7437	1.2236855422091096e-09
Disease	disease_9362	1.2235862140853296e-09
Disease	disease_18283	1.2235432627873217e-09
Disease	disease_43101	1.2231155594361954e-09
Disease	disease_14037	1.2226473436778192e-09
Disease	disease_16809	1.221420571541192e-09
Disease	disease_7115	1.2199745017703233e-09
Disease	disease_14407	1.2194691784938633e-09
Disease	disease_15528	1.219317675381051e-09
Disease	disease_4792	1.2185626464454364e-09
Disease	disease_2850	1.2184513897380599e-09
Disease	disease_3882	1.2184513897380599e-09
Disease	disease_2030	1.2173538198130156e-09
Disease	disease_10688	1.2172722955873413e-09
Disease	disease_7377	1.2167278932657116e-09
Disease	disease_11548	1.2160922745779054e-09
Disease	disease_10252	1.2159137376993728e-09
Disease	disease_16955	1.2156310364378744e-09
Disease	disease_16442	1.215630039816422e-09
Disease	disease_12917	1.2145932322441596e-09
Disease	disease_11780	1.2145932322441596e-09
Disease	disease_14365	1.2142554876326855e-09
Disease	disease_13736	1.2136788110934016e-09
Disease	disease_12687	1.2130845231502723e-09
Disease	disease_6255	1.2121796576035564e-09
Disease	disease_54740	1.2117292484909346e-09
Disease	disease_13574	1.2115508008866006e-09
Disease	disease_54551	1.2114375766591956e-09
Disease	disease_10723	1.2109030815660807e-09
Disease	disease_15316	1.2102754928986088e-09
Disease	disease_11272	1.2102620502624445e-09
Disease	disease_17336	1.209472846828861e-09
Disease	disease_12544	1.2091007215628306e-09
Disease	disease_16943	1.209082116696283e-09
Disease	disease_10052	1.2085026722338333e-09
Disease	disease_4252	1.2077579725763248e-09
Disease	disease_15351	1.2075735034206082e-09
Disease	disease_12122	1.2072022919991952e-09
Disease	disease_10151	1.2065848060498181e-09
Disease	disease_45068	1.2060971320746828e-09
Disease	disease_18929	1.2055235249663938e-09
Disease	disease_3214	1.2054463530908105e-09
Disease	disease_1653	1.2052421300113703e-09
Disease	disease_1235	1.204677663348908e-09
Disease	disease_14366	1.2040882622902797e-09
Disease	disease_13642	1.2029748172801462e-09
Disease	disease_20650	1.2027741401813662e-09
Disease	disease_33622	1.2018823431924606e-09
Disease	disease_26767	1.2006638675949822e-09
Disease	disease_32902	1.2002661886527377e-09
Disease	disease_13893	1.1976244281917418e-09
Disease	disease_2375	1.1973705996379502e-09
Disease	disease_56816	1.19711642137935e-09
Disease	disease_12656	1.1965264516842364e-09
Disease	disease_23472	1.1951506474380204e-09
Disease	disease_22729	1.1951506474380204e-09
Disease	disease_9776	1.191490855431386e-09
Disease	disease_33115	1.1904907066509715e-09
Disease	disease_3423	1.1902889691253163e-09
Disease	disease_15391	1.1901802346259647e-09
Disease	disease_6940	1.189828248772112e-09
Disease	disease_11821	1.1892953229924426e-09
Disease	disease_19677	1.1891899487001253e-09
Disease	disease_4405	1.188763186703175e-09
Disease	disease_16917	1.188566335890694e-09
Disease	disease_13504	1.1871810960844824e-09
Disease	disease_12291	1.1864718824830995e-09
Disease	disease_1377	1.186430705824567e-09
Disease	disease_18839	1.1862805849029442e-09
Disease	disease_3327	1.185160822493678e-09
Disease	disease_16735	1.1847453470694234e-09
Disease	disease_16731	1.1847453470694234e-09
Disease	disease_16736	1.1847453470694234e-09
Disease	disease_22965	1.1847453470694234e-09
Disease	disease_22963	1.1847453470694234e-09
Disease	disease_12286	1.1840526891532552e-09
Disease	disease_11889	1.1838866575963138e-09
Disease	disease_13841	1.1837340289202096e-09
Disease	disease_13844	1.1837340289202096e-09
Disease	disease_12232	1.1837340289202096e-09
Disease	disease_20510	1.1835277238409734e-09
Disease	disease_4527	1.1829250144667673e-09
Disease	disease_2624	1.1825632819555286e-09
Disease	disease_10391	1.1822534148985204e-09
Disease	disease_15344	1.1809967957881803e-09
Disease	disease_15343	1.1809967957881803e-09
Disease	disease_13051	1.1804925115173666e-09
Disease	disease_9859	1.1804130617818767e-09
Disease	disease_11814	1.1798773305207221e-09
Disease	disease_32729	1.1798082482409501e-09
Disease	disease_1495	1.1796943807080717e-09
Disease	disease_6977	1.1796943807080717e-09
Disease	disease_1496	1.1796943807080717e-09
Disease	disease_1497	1.1796943807080717e-09
Disease	disease_3685	1.1783505477731009e-09
Disease	disease_13901	1.178092562201437e-09
Disease	disease_13719	1.1778294113605511e-09
Disease	disease_100104	1.1777550318317884e-09
Disease	disease_14462	1.177588688352097e-09
Disease	disease_9108	1.1774477653690743e-09
Disease	disease_25369	1.177337268025558e-09
Disease	disease_32748	1.176712521051592e-09
Disease	disease_33673	1.1755083993358721e-09
Disease	disease_30868	1.1749707005117681e-09
Disease	disease_32739	1.1726161109087088e-09
Disease	disease_3298	1.1710902394606106e-09
Disease	disease_3595	1.170770947311107e-09
Disease	disease_5831	1.1707685110590605e-09
Disease	disease_4250	1.170530815724339e-09
Disease	disease_11869	1.1700988464739563e-09
Disease	disease_30014	1.1699795625948425e-09
Disease	disease_10783	1.1695061400615927e-09
Disease	disease_14207	1.1684056715261981e-09
Disease	disease_17300	1.1658220155113397e-09
Disease	disease_12716	1.165617831315808e-09
Disease	disease_516	1.1648432509183478e-09
Disease	disease_7514	1.164759897498505e-09
Disease	disease_20457	1.1645854984480593e-09
Disease	disease_25155	1.1640090815922687e-09
Disease	disease_54560	1.1632207518900716e-09
Disease	disease_2747	1.1628306283158463e-09
Disease	disease_36915	1.1627512450005124e-09
Disease	disease_7137	1.1624544786068923e-09
Disease	disease_9580	1.1619504348365724e-09
Disease	disease_2299	1.1594828614770484e-09
Disease	disease_8479	1.1594406671819145e-09
Disease	disease_32845	1.159309586500564e-09
Disease	disease_32863	1.1588656605619402e-09
Disease	disease_32859	1.158819859582958e-09
Disease	disease_30844	1.158646922411211e-09
Disease	disease_2889	1.157890078579549e-09
Disease	disease_4377	1.1578721313369458e-09
Disease	disease_3829	1.1574750574903062e-09
Disease	disease_20306	1.1571080332844644e-09
Disease	disease_35892	1.1567946794434399e-09
Disease	disease_7805	1.1566572960719945e-09
Disease	disease_9988	1.1564590470306446e-09
Disease	disease_6479	1.1563228918613655e-09
Disease	disease_1212	1.155950816836213e-09
Disease	disease_21091	1.1559098141129934e-09
Disease	disease_43206	1.1555193254371604e-09
Disease	disease_3948	1.1553239452101492e-09
Disease	disease_12765	1.1547769631082297e-09
Disease	disease_21478	1.1545474076883203e-09
Disease	disease_13450	1.1541641317933276e-09
Disease	disease_4860	1.1538979554292393e-09
Disease	disease_7998	1.1519661449560633e-09
Disease	disease_18280	1.1517678851562458e-09
Disease	disease_3686	1.1512290347095015e-09
Disease	disease_12012	1.1502289961584477e-09
Disease	disease_2997	1.1492742198096085e-09
Disease	disease_20711	1.14893079299915e-09
Disease	disease_14509	1.1487138076755454e-09
Disease	disease_20852	1.148309860796328e-09
Disease	disease_4343	1.1474130530887795e-09
Disease	disease_30981	1.147341137748566e-09
Disease	disease_30973	1.147341137748566e-09
Disease	disease_30971	1.147341137748566e-09
Disease	disease_30898	1.147341137748566e-09
Disease	disease_3427	1.1460765968941607e-09
Disease	disease_3288	1.1460337750954103e-09
Disease	disease_3296	1.1460337750954103e-09
Disease	disease_18052	1.1441657337913569e-09
Disease	disease_6828	1.1441135418766947e-09
Disease	disease_13609	1.1438610518840845e-09
Disease	disease_10815	1.143488358553841e-09
Disease	disease_20381	1.1431554047092674e-09
Disease	disease_4707	1.143019417569664e-09
Disease	disease_15203	1.1425268909624898e-09
Disease	disease_7233	1.1412445876076053e-09
Disease	disease_13615	1.1410636667217112e-09
Disease	disease_7322	1.1407938658409473e-09
Disease	disease_44727	1.1402648956018694e-09
Disease	disease_14588	1.1400435178998555e-09
Disease	disease_16961	1.1381939819073585e-09
Disease	disease_3284	1.1378533651447615e-09
Disease	disease_20064	1.1370672528799975e-09
Disease	disease_20780	1.1365839814778179e-09
Disease	disease_20762	1.136250925594033e-09
Disease	disease_4286	1.133723327308324e-09
Disease	disease_54593	1.1335259760051347e-09
Disease	disease_16481	1.1327989194305379e-09
Disease	disease_3061	1.1320320356510446e-09
Disease	disease_32614	1.1318920085364908e-09
Disease	disease_2318	1.1313240178233103e-09
Disease	disease_12870	1.1311885633667034e-09
Disease	disease_13309	1.1311885633667034e-09
Disease	disease_11884	1.1306600637872325e-09
Disease	disease_24919	1.1302455027121349e-09
Disease	disease_44748	1.1295757265197093e-09
Disease	disease_32896	1.1295364395835308e-09
Disease	disease_3450	1.1288020405864622e-09
Disease	disease_1363	1.1287373750941205e-09
Disease	disease_10207	1.1285991015390323e-09
Disease	disease_32898	1.1284953239469781e-09
Disease	disease_33671	1.128362035390744e-09
Disease	disease_14297	1.1283261648181666e-09
Disease	disease_1888	1.1274047927986162e-09
Disease	disease_18246	1.1272338711764625e-09
Disease	disease_934	1.1253150616795192e-09
Disease	disease_10541	1.1249580298356855e-09
Disease	disease_2592	1.1243850586510663e-09
Disease	disease_17929	1.124332984198517e-09
Disease	disease_2466	1.124315449031835e-09
Disease	disease_1129	1.1241018066148443e-09
Disease	disease_7584	1.1237274595951057e-09
Disease	disease_1952	1.1227298421218906e-09
Disease	disease_1938	1.1219440042120996e-09
Disease	disease_18080	1.1216059560540968e-09
Disease	disease_7279	1.1211383436210987e-09
Disease	disease_7161	1.1205436921930664e-09
Disease	disease_13585	1.1193406364844838e-09
Disease	disease_20583	1.1187541105906043e-09
Disease	disease_8396	1.1171528002879991e-09
Disease	disease_19392	1.1162900999744938e-09
Disease	disease_20761	1.1158709689874825e-09
Disease	disease_7400	1.1149059203051476e-09
Disease	disease_11967	1.1148101464118159e-09
Disease	disease_13031	1.1148101464118159e-09
Disease	disease_3665	1.114558717093635e-09
Disease	disease_14508	1.1143198566749922e-09
Disease	disease_8093	1.1140548613419999e-09
Disease	disease_21443	1.1140200933056156e-09
Disease	disease_20155	1.1126733632168453e-09
Disease	disease_4608	1.1119215237243199e-09
Disease	disease_14327	1.1118958791929334e-09
Disease	disease_15013	1.111603730354146e-09
Disease	disease_18759	1.1114417260959353e-09
Disease	disease_21206	1.1109380287341595e-09
Disease	disease_24323	1.1105582604740144e-09
Disease	disease_4287	1.1099926109032457e-09
Disease	disease_4340	1.1099926109032457e-09
Disease	disease_14501	1.1080200230958253e-09
Disease	disease_10182	1.1071873963872787e-09
Disease	disease_8979	1.1064771503208032e-09
Disease	disease_17634	1.1049024660958269e-09
Disease	disease_4009	1.1037974787420787e-09
Disease	disease_2737	1.1025909876177276e-09
Disease	disease_4865	1.1025909876177276e-09
Disease	disease_32604	1.101741090499741e-09
Disease	disease_45063	1.1015918256773067e-09
Disease	disease_1312	1.1012207107182607e-09
Disease	disease_18494	1.1001162805338424e-09
Disease	disease_20857	1.0990517830203715e-09
Disease	disease_21238	1.098820492942201e-09
Disease	disease_1418	1.098446219562279e-09
Disease	disease_6200	1.0967880216709747e-09
Disease	disease_3432	1.0959117116274811e-09
Disease	disease_13648	1.0949222117460444e-09
Disease	disease_3927	1.094535485474456e-09
Disease	disease_3289	1.094463456593212e-09
Disease	disease_22560	1.094463456593212e-09
Disease	disease_10057	1.094014903601903e-09
Disease	disease_8971	1.0939911219673096e-09
Disease	disease_6097	1.0939104191314542e-09
Disease	disease_2261	1.0935292299553475e-09
Disease	disease_8470	1.0934018112278158e-09
Disease	disease_24617	1.091766696726438e-09
Disease	disease_704	1.0916086306688858e-09
Disease	disease_20062	1.0900892986954118e-09
Disease	disease_18525	1.0889562458518848e-09
Disease	disease_18527	1.0889562458518848e-09
Disease	disease_8789	1.0885961312298371e-09
Disease	disease_12913	1.0884335584379594e-09
Disease	disease_4020	1.0873576567354386e-09
Disease	disease_20428	1.0871405403906976e-09
Disease	disease_21464	1.0859224009050916e-09
Disease	disease_10178	1.085817520390132e-09
Disease	disease_14923	1.0851430842690486e-09
Disease	disease_18250	1.0847128813291182e-09
Disease	disease_4278	1.0846941877227767e-09
Disease	disease_15092	1.084624357995967e-09
Disease	disease_4062	1.0836911597971247e-09
Disease	disease_11505	1.0834895556434207e-09
Disease	disease_13137	1.083380459824954e-09
Disease	disease_100318	1.0815766794014283e-09
Disease	disease_6963	1.081383579453202e-09
Disease	disease_7208	1.0810618489037197e-09
Disease	disease_3910	1.079828236499079e-09
Disease	disease_20355	1.0798119605672212e-09
Disease	disease_2218	1.0797677022080436e-09
Disease	disease_13740	1.0795920277408042e-09
Disease	disease_20850	1.079474693656684e-09
Disease	disease_1379	1.0781485633938861e-09
Disease	disease_3281	1.078059471682049e-09
Disease	disease_7376	1.0763566328239322e-09
Disease	disease_17413	1.0753009503864458e-09
Disease	disease_13650	1.0752254960392043e-09
Disease	disease_44328	1.0749625268072546e-09
Disease	disease_25377	1.0745716978116011e-09
Disease	disease_14323	1.0742568076353628e-09
Disease	disease_6358	1.0729701247080668e-09
Disease	disease_13514	1.0729262779860527e-09
Disease	disease_4612	1.0723520309514968e-09
Disease	disease_3129	1.0722683279225633e-09
Disease	disease_3128	1.0722683279225633e-09
Disease	disease_7458	1.0720716250366947e-09
Disease	disease_778	1.071869723037301e-09
Disease	disease_18981	1.070597384468486e-09
Disease	disease_8888	1.0702541865163098e-09
Disease	disease_4365	1.0684995979653945e-09
Disease	disease_10981	1.0684901186210188e-09
Disease	disease_14783	1.0677215780625566e-09
Disease	disease_19713	1.0670778490508141e-09
Disease	disease_15161	1.0669102021683283e-09
Disease	disease_2219	1.0665162998763229e-09
Disease	disease_32626	1.0662990890281273e-09
Disease	disease_18014	1.0659393970413894e-09
Disease	disease_13747	1.0655828200965435e-09
Disease	disease_56806	1.0633828485057588e-09
Disease	disease_32584	1.0625669164774726e-09
Disease	disease_6287	1.0605630978383989e-09
Disease	disease_54666	1.0603890979589774e-09
Disease	disease_32643	1.0599510920486209e-09
Disease	disease_8452	1.0571524449563226e-09
Disease	disease_8266	1.0571163964719612e-09
Disease	disease_7503	1.0568846418888367e-09
Disease	disease_4210	1.0564582163453322e-09
Disease	disease_13614	1.0554343832773601e-09
Disease	disease_2171	1.0550392897149764e-09
Disease	disease_22311	1.0542433882276986e-09
Disease	disease_22552	1.0542433882276986e-09
Disease	disease_3740	1.0539309151629376e-09
Disease	disease_3736	1.0539309151629376e-09
Disease	disease_17907	1.0536987731675189e-09
Disease	disease_14026	1.0533289426806777e-09
Disease	disease_17168	1.0521608514313654e-09
Disease	disease_7734	1.051679742189846e-09
Disease	disease_19230	1.0515665486554854e-09
Disease	disease_6949	1.0512511492793435e-09
Disease	disease_54850	1.0502706001876367e-09
Disease	disease_6089	1.050261310833246e-09
Disease	disease_8390	1.0498009674963028e-09
Disease	disease_12260	1.0496518693760184e-09
Disease	disease_16758	1.0491565946588423e-09
Disease	disease_16061	1.0486415979172325e-09
Disease	disease_32628	1.0478946599772032e-09
Disease	disease_659	1.0471074525224314e-09
Disease	disease_24285	1.0471074525224314e-09
Disease	disease_16213	1.0470364368358464e-09
Disease	disease_13561	1.0438468148449237e-09
Disease	disease_21202	1.042945946330816e-09
Disease	disease_15537	1.0426411202348133e-09
Disease	disease_1829	1.0424597985919615e-09
Disease	disease_11649	1.041089104946474e-09
Disease	disease_11570	1.0404477812621365e-09
Disease	disease_20156	1.037370636220393e-09
Disease	disease_32811	1.0371782727429293e-09
Disease	disease_11191	1.0365644952881294e-09
Disease	disease_3574	1.0351820149538842e-09
Disease	disease_14180	1.0340844281916954e-09
Disease	disease_30118	1.0331313236074246e-09
Disease	disease_14919	1.0328674507595418e-09
Disease	disease_15985	1.0320403426246136e-09
Disease	disease_14929	1.0319841307998427e-09
Disease	disease_4243	1.0318452753135418e-09
Disease	disease_19521	1.0301237451814613e-09
Disease	disease_12848	1.0298440759630443e-09
Disease	disease_27694	1.0297470089692616e-09
Disease	disease_6364	1.029592437451523e-09
Disease	disease_11696	1.028864869456933e-09
Disease	disease_11695	1.028864869456933e-09
Disease	disease_32800	1.0287952842452242e-09
Disease	disease_17055	1.0286082475277233e-09
Disease	disease_4351	1.0272415882806039e-09
Disease	disease_17205	1.0272415882806039e-09
Disease	disease_20855	1.0265377369179303e-09
Disease	disease_8469	1.0263789626470948e-09
Disease	disease_13420	1.0262660246526015e-09
Disease	disease_12096	1.0262027766334078e-09
Disease	disease_17798	1.0261360350952372e-09
Disease	disease_17235	1.0261360350952372e-09
Disease	disease_5196	1.0260659305696557e-09
Disease	disease_6550	1.025498114672752e-09
Disease	disease_3618	1.0251296658605092e-09
Disease	disease_4687	1.024605167108186e-09
Disease	disease_22716	1.024318807768297e-09
Disease	disease_22715	1.024318807768297e-09
Disease	disease_1878	1.023784780482819e-09
Disease	disease_13403	1.0234361907430432e-09
Disease	disease_5007	1.0213145664058423e-09
Disease	disease_1268	1.020666537901962e-09
Disease	disease_333	1.020275390083306e-09
Disease	disease_11802	1.0195658766507785e-09
Disease	disease_32912	1.019361974375759e-09
Disease	disease_25397	1.0181308401766764e-09
Disease	disease_7932	1.0163421306197624e-09
Disease	disease_18976	1.0160572480537921e-09
Disease	disease_2811	1.0156755700280742e-09
Disease	disease_13689	1.013934742272429e-09
Disease	disease_11907	1.01375407287233e-09
Disease	disease_19985	1.013572696803982e-09
Disease	disease_19984	1.013572696803982e-09
Disease	disease_8664	1.0135210950248688e-09
Disease	disease_9512	1.0123367737736725e-09
Disease	disease_5963	1.0118323335234278e-09
Disease	disease_294	1.0118323335234278e-09
Disease	disease_15260	1.0118323335234278e-09
Disease	disease_13727	1.0116334200885547e-09
Disease	disease_12753	1.0106984101725317e-09
Disease	disease_7181	1.0105255289565306e-09
Disease	disease_21458	1.0104859832750704e-09
Disease	disease_7815	1.0102792231622703e-09
Disease	disease_17302	1.0102263056131999e-09
Disease	disease_18420	1.0096543961626162e-09
Disease	disease_11806	1.0082795825008453e-09
Disease	disease_35004	1.007030602956353e-09
Disease	disease_14692	1.0066841234307891e-09
Disease	disease_21282	1.006453092530488e-09
Disease	disease_3775	1.0058329789581227e-09
Disease	disease_1015	1.0049234473869221e-09
Disease	disease_100229	1.0047088810981525e-09
Disease	disease_12421	1.0041179797282209e-09
Disease	disease_11556	1.0034631120550665e-09
Disease	disease_3666	1.002690650982104e-09
Disease	disease_1403	1.0016656701605426e-09
Disease	disease_1526	1.0016656701605426e-09
Disease	disease_17878	1.000614302851785e-09
Disease	disease_17877	1.000614302851785e-09
Disease	disease_21424	1.0004552819689806e-09
Disease	disease_16004	1.0002953921342868e-09
Disease	disease_6041	9.997082469192338e-10
Disease	disease_3904	9.99345676925627e-10
Disease	disease_15393	9.987510419416323e-10
Disease	disease_14705	9.980914835283703e-10
Disease	disease_11878	9.97570237830509e-10
Disease	disease_15177	9.969882811318768e-10
Disease	disease_11120	9.969706458315475e-10
Disease	disease_16475	9.967417453105594e-10
Disease	disease_23182	9.967417453105594e-10
Disease	disease_24877	9.953887857584802e-10
Disease	disease_20372	9.9504244354824e-10
Disease	disease_43735	9.950186573766614e-10
Disease	disease_770	9.94709024765465e-10
Disease	disease_769	9.94709024765465e-10
Disease	disease_5202	9.94709024765465e-10
Disease	disease_5849	9.94709024765465e-10
Disease	disease_100001	9.94709024765465e-10
Disease	disease_807	9.94709024765465e-10
Disease	disease_775	9.94709024765465e-10
Disease	disease_5396	9.940432226559395e-10
Disease	disease_14970	9.925543374858486e-10
Disease	disease_11691	9.905104300693278e-10
Disease	disease_23134	9.88942826739992e-10
Disease	disease_33839	9.888875695921357e-10
Disease	disease_2536	9.887574910755331e-10
Disease	disease_12947	9.874317217186782e-10
Disease	disease_25102	9.852749615759948e-10
Disease	disease_8877	9.848660917449428e-10
Disease	disease_1035	9.845768945005319e-10
Disease	disease_14223	9.845686323801145e-10
Disease	disease_19643	9.833188295838575e-10
Disease	disease_13487	9.81585636001001e-10
Disease	disease_14266	9.804595586624006e-10
Disease	disease_19762	9.79378191907428e-10
Disease	disease_19763	9.79378191907428e-10
Disease	disease_19761	9.79378191907428e-10
Disease	disease_17220	9.79378191907428e-10
Disease	disease_6925	9.784470640631999e-10
Disease	disease_6705	9.784470640631999e-10
Disease	disease_16863	9.783423510780145e-10
Disease	disease_15772	9.780304334421746e-10
Disease	disease_1772	9.777081036316132e-10
Disease	disease_13431	9.771913825948444e-10
Disease	disease_20164	9.770614361333913e-10
Disease	disease_1353	9.755554041303898e-10
Disease	disease_60585	9.723095804959172e-10
Disease	disease_54726	9.721659138446318e-10
Disease	disease_1025	9.677767315476879e-10
Disease	disease_4767	9.677767315476879e-10
Disease	disease_14214	9.661250602030439e-10
Disease	disease_54727	9.656587133617677e-10
Disease	disease_7084	9.655455542049376e-10
Disease	disease_33135	9.654024874054598e-10
Disease	disease_21083	9.648063918874871e-10
Disease	disease_3826	9.63932546621839e-10
Disease	disease_7282	9.635535211964574e-10
Disease	disease_13421	9.630993068561776e-10
Disease	disease_15227	9.626725103962298e-10
Disease	disease_14259	9.618798851908668e-10
Disease	disease_16925	9.611180979643977e-10
Disease	disease_17752	9.603358804945761e-10
Disease	disease_10827	9.594028573822388e-10
Disease	disease_7222	9.591446953318551e-10
Disease	disease_8603	9.5912702632571e-10
Disease	disease_15516	9.586003968328221e-10
Disease	disease_1514	9.56873138866031e-10
Disease	disease_10694	9.564331845768622e-10
Disease	disease_2739	9.561678437337387e-10
Disease	disease_7166	9.560256063481574e-10
Disease	disease_14860	9.544780101143348e-10
Disease	disease_44313	9.543649450221345e-10
Disease	disease_16046	9.540875878154141e-10
Disease	disease_19286	9.534992374420895e-10
Disease	disease_1203	9.53205124533171e-10
Disease	disease_12015	9.522070937146258e-10
Disease	disease_44811	9.520012149528784e-10
Disease	disease_5796	9.517713245763726e-10
Disease	disease_19628	9.516782823548357e-10
Disease	disease_24621	9.51337074086559e-10
Disease	disease_11091	9.512007986797536e-10
Disease	disease_13316	9.496997202543323e-10
Disease	disease_12262	9.490893302154963e-10
Disease	disease_42977	9.485733219904144e-10
Disease	disease_7343	9.478010895355576e-10
Disease	disease_4519	9.471941321282932e-10
Disease	disease_20020	9.45049525823825e-10
Disease	disease_8663	9.44004405009757e-10
Disease	disease_11443	9.438886233203722e-10
Disease	disease_7062	9.430218109994624e-10
Disease	disease_19449	9.429763899158634e-10
Disease	disease_12894	9.428203950040663e-10
Disease	disease_5416	9.428203950040663e-10
Disease	disease_16921	9.418981164893383e-10
Disease	disease_44789	9.418796374924027e-10
Disease	disease_3477	9.41777909482402e-10
Disease	disease_16676	9.416451674068545e-10
Disease	disease_33123	9.41260343486822e-10
Disease	disease_3843	9.390675931938903e-10
Disease	disease_2323	9.390667188829747e-10
Disease	disease_13212	9.38387348084437e-10
Disease	disease_13769	9.368746776953034e-10
Disease	disease_10456	9.366858072446603e-10
Disease	disease_43283	9.361982457964946e-10
Disease	disease_9152	9.35784089378778e-10
Disease	disease_3212	9.350987833368995e-10
Disease	disease_32694	9.349219462255247e-10
Disease	disease_12659	9.344907968136864e-10
Disease	disease_12733	9.33282222876536e-10
Disease	disease_12408	9.325387538652723e-10
Disease	disease_14880	9.307493441117765e-10
Disease	disease_19714	9.307036904006018e-10
Disease	disease_1743	9.300699874942624e-10
Disease	disease_8478	9.29981711093275e-10
Disease	disease_9755	9.286030773550385e-10
Disease	disease_16024	9.28039197883807e-10
Disease	disease_1575	9.27034401506866e-10
Disease	disease_4035	9.262460112352884e-10
Disease	disease_12983	9.25408492151128e-10
Disease	disease_12067	9.253984670165561e-10
Disease	disease_13333	9.231773206975114e-10
Disease	disease_16260	9.231571460302654e-10
Disease	disease_16038	9.230927660927933e-10
Disease	disease_19511	9.222758370080089e-10
Disease	disease_12617	9.206004344774658e-10
Disease	disease_13034	9.205998126941547e-10
Disease	disease_3512	9.204844192909239e-10
Disease	disease_14771	9.190965867704643e-10
Disease	disease_7219	9.18808037165285e-10
Disease	disease_13406	9.185183574743703e-10
Disease	disease_8711	9.165202428571892e-10
Disease	disease_12412	9.164073268393003e-10
Disease	disease_7123	9.163950434129112e-10
Disease	disease_6183	9.152363635171293e-10
Disease	disease_37745	9.151694211957957e-10
Disease	disease_54743	9.148220609926009e-10
Disease	disease_8401	9.14576279952506e-10
Disease	disease_14542	9.145134247830804e-10
Disease	disease_7927	9.117957539252646e-10
Disease	disease_11675	9.098667517224765e-10
Disease	disease_1458	9.091345267852007e-10
Disease	disease_6098	9.09125234909615e-10
Disease	disease_10591	9.088913557744866e-10
Disease	disease_20110	9.085468614380601e-10
Disease	disease_17932	9.084252785795388e-10
Disease	disease_18607	9.077998573494637e-10
Disease	disease_32791	9.077213366777266e-10
Disease	disease_16876	9.059864651649154e-10
Disease	disease_20522	9.059453092264723e-10
Disease	disease_20521	9.059453092264723e-10
Disease	disease_12367	9.053819865344153e-10
Disease	disease_32778	9.052289568886473e-10
Disease	disease_12419	9.05015442675416e-10
Disease	disease_54729	9.037866965647854e-10
Disease	disease_16500	9.037831076397604e-10
Disease	disease_16499	9.037831076397604e-10
Disease	disease_16498	9.037831076397604e-10
Disease	disease_8774	9.02941780422777e-10
Disease	disease_1758	9.017910575922249e-10
Disease	disease_17676	9.008782914048876e-10
Disease	disease_840	8.99824246657314e-10
Disease	disease_14139	8.996624199487503e-10
Disease	disease_16526	8.988609914281697e-10
Disease	disease_23543	8.97060822110744e-10
Disease	disease_37743	8.964864167478964e-10
Disease	disease_13670	8.95806393353257e-10
Disease	disease_16873	8.947152322649586e-10
Disease	disease_33563	8.933705997016483e-10
Disease	disease_6349	8.930544672513446e-10
Disease	disease_4165	8.930390933261689e-10
Disease	disease_9560	8.923362592837286e-10
Disease	disease_21579	8.913054391915764e-10
Disease	disease_11238	8.90320752764331e-10
Disease	disease_3885	8.902330375278813e-10
Disease	disease_20180	8.901917590171825e-10
Disease	disease_12857	8.89917098084692e-10
Disease	disease_11900	8.89917098084692e-10
Disease	disease_20851	8.898258055364098e-10
Disease	disease_11616	8.897587080348681e-10
Disease	disease_12267	8.897587080348681e-10
Disease	disease_13887	8.897260645180776e-10
Disease	disease_3680	8.865631763932564e-10
Disease	disease_5013	8.865631763932564e-10
Disease	disease_3684	8.865631763932564e-10
Disease	disease_9084	8.862994924848478e-10
Disease	disease_54732	8.858332227222791e-10
Disease	disease_6423	8.856482279594673e-10
Disease	disease_54695	8.855469341264535e-10
Disease	disease_18850	8.847360472602629e-10
Disease	disease_14181	8.843432935964256e-10
Disease	disease_3764	8.819532727277219e-10
Disease	disease_19917	8.814299367736557e-10
Disease	disease_8485	8.811031702361067e-10
Disease	disease_24661	8.8084579195974e-10
Disease	disease_20661	8.800333729183955e-10
Disease	disease_6863	8.800333729183955e-10
Disease	disease_687	8.793006215068058e-10
Disease	disease_3991	8.792924510814807e-10
Disease	disease_54731	8.779573371242243e-10
Disease	disease_14428	8.777889206980529e-10
Disease	disease_24673	8.773529927925288e-10
Disease	disease_54724	8.764652078731035e-10
Disease	disease_13092	8.751418253812511e-10
Disease	disease_21456	8.746905548817271e-10
Disease	disease_4231	8.73937437111506e-10
Disease	disease_54723	8.738843507081031e-10
Disease	disease_14961	8.735833127250148e-10
Disease	disease_12395	8.733741784667069e-10
Disease	disease_54725	8.731432190093731e-10
Disease	disease_19211	8.726353695877426e-10
Disease	disease_3364	8.708577546896418e-10
Disease	disease_18026	8.707954152576601e-10
Disease	disease_10415	8.704159471288238e-10
Disease	disease_16618	8.698976365728684e-10
Disease	disease_16617	8.698976365728684e-10
Disease	disease_32940	8.689816833662777e-10
Disease	disease_13445	8.68418884509375e-10
Disease	disease_8298	8.681579687204521e-10
Disease	disease_3976	8.680876412146765e-10
Disease	disease_19982	8.67937819981607e-10
Disease	disease_54615	8.677049488710604e-10
Disease	disease_16626	8.672797608356526e-10
Disease	disease_19669	8.671827414200248e-10
Disease	disease_13409	8.670405696919204e-10
Disease	disease_1730	8.667992043845122e-10
Disease	disease_4760	8.667992043845122e-10
Disease	disease_4909	8.667992043845122e-10
Disease	disease_16868	8.660645732670305e-10
Disease	disease_1736	8.658922881385283e-10
Disease	disease_44717	8.655182258168332e-10
Disease	disease_15604	8.650216036116519e-10
Disease	disease_7374	8.649708412304395e-10
Disease	disease_3869	8.644693178367917e-10
Disease	disease_1323	8.642979111184867e-10
Disease	disease_8270	8.641102441156964e-10
Disease	disease_13416	8.638880717067171e-10
Disease	disease_7286	8.635790338256362e-10
Disease	disease_11587	8.617396433644041e-10
Disease	disease_12293	8.608547003692468e-10
Disease	disease_12482	8.607789844517519e-10
Disease	disease_273	8.607789844517519e-10
Disease	disease_19482	8.603449611012982e-10
Disease	disease_14373	8.600828536516283e-10
Disease	disease_44925	8.599579548823161e-10
Disease	disease_4962	8.569028426246146e-10
Disease	disease_4961	8.569028426246146e-10
Disease	disease_9202	8.568333991948224e-10
Disease	disease_44406	8.567780379053647e-10
Disease	disease_54733	8.565841226569746e-10
Disease	disease_9235	8.563420503514348e-10
Disease	disease_15567	8.558757099538708e-10
Disease	disease_12674	8.558730680981664e-10
Disease	disease_100114	8.558730680981664e-10
Disease	disease_10366	8.542125390016691e-10
Disease	disease_10316	8.542125390016691e-10
Disease	disease_8518	8.538203721501624e-10
Disease	disease_43836	8.531790132570641e-10
Disease	disease_2293	8.531356326877802e-10
Disease	disease_19948	8.531186223886974e-10
Disease	disease_662	8.522599789774296e-10
Disease	disease_661	8.522599789774296e-10
Disease	disease_676	8.522599789774296e-10
Disease	disease_674	8.522599789774296e-10
Disease	disease_682	8.522599789774296e-10
Disease	disease_681	8.522599789774296e-10
Disease	disease_679	8.522599789774296e-10
Disease	disease_673	8.522599789774296e-10
Disease	disease_675	8.522599789774296e-10
Disease	disease_678	8.522599789774296e-10
Disease	disease_677	8.522599789774296e-10
Disease	disease_668	8.522599789774296e-10
Disease	disease_663	8.522599789774296e-10
Disease	disease_5509	8.522179849660244e-10
Disease	disease_20153	8.52101896913778e-10
Disease	disease_1011	8.519324753787563e-10
Disease	disease_32686	8.513747583665388e-10
Disease	disease_29148	8.513747583665388e-10
Disease	disease_29147	8.513747583665388e-10
Disease	disease_54730	8.513532920600276e-10
Disease	disease_14538	8.510482598709606e-10
Disease	disease_16881	8.504182535568197e-10
Disease	disease_2742	8.491952954024505e-10
Disease	disease_2748	8.481588637347934e-10
Disease	disease_2378	8.472098375396705e-10
Disease	disease_29137	8.466684101846789e-10
Disease	disease_30700	8.461884519413001e-10
Disease	disease_2618	8.461587568792559e-10
Disease	disease_2619	8.461587568792559e-10
Disease	disease_7367	8.461561770116442e-10
Disease	disease_12224	8.461561770116442e-10
Disease	disease_12226	8.461561770116442e-10
Disease	disease_11370	8.460256791443863e-10
Disease	disease_17943	8.45629682062043e-10
Disease	disease_8053	8.454494112683279e-10
Disease	disease_3933	8.450294507616307e-10
Disease	disease_14539	8.448477721939649e-10
Disease	disease_8611	8.427433708916596e-10
Disease	disease_21354	8.426021044492669e-10
Disease	disease_17843	8.425282454495759e-10
Disease	disease_16571	8.425203803692062e-10
Disease	disease_11080	8.42157795631954e-10
Disease	disease_19156	8.414229915519722e-10
Disease	disease_19646	8.413380161146138e-10
Disease	disease_19647	8.413380161146138e-10
Disease	disease_11112	8.411481296847015e-10
Disease	disease_6422	8.410343733251798e-10
Disease	disease_43589	8.399012973513072e-10
Disease	disease_43723	8.399012973513072e-10
Disease	disease_22572	8.39823107543e-10
Disease	disease_20252	8.396181528236357e-10
Disease	disease_33980	8.395894724109135e-10
Disease	disease_21010	8.393124265666651e-10
Disease	disease_10153	8.384988370253571e-10
Disease	disease_24965	8.383789237894215e-10
Disease	disease_12908	8.381307234424964e-10
Disease	disease_100222	8.377221514820554e-10
Disease	disease_8544	8.377008152991677e-10
Disease	disease_6154	8.375854964089216e-10
Disease	disease_10718	8.371284337376417e-10
Disease	disease_20468	8.370080978233322e-10
Disease	disease_19925	8.370080978233322e-10
Disease	disease_19924	8.370080978233322e-10
Disease	disease_19922	8.370080978233322e-10
Disease	disease_8058	8.361842812027022e-10
Disease	disease_11231	8.357176256915281e-10
Disease	disease_4410	8.356622731649569e-10
Disease	disease_1957	8.343370193956048e-10
Disease	disease_22349	8.343272283633822e-10
Disease	disease_43162	8.343272283633822e-10
Disease	disease_2744	8.342418284231765e-10
Disease	disease_11800	8.329221952799904e-10
Disease	disease_13096	8.329221952799904e-10
Disease	disease_13095	8.329221952799904e-10
Disease	disease_13097	8.329221952799904e-10
Disease	disease_13094	8.329221952799904e-10
Disease	disease_28618	8.323403430675632e-10
Disease	disease_1551	8.316603997453075e-10
Disease	disease_100312	8.313983149613472e-10
Disease	disease_12310	8.309209367148851e-10
Disease	disease_6421	8.301553058818712e-10
Disease	disease_1169	8.293971290852874e-10
Disease	disease_6320	8.287261671887054e-10
Disease	disease_8341	8.280293735355069e-10
Disease	disease_19898	8.278032818994539e-10
Disease	disease_2369	8.277094614357254e-10
Disease	disease_22057	8.275406642252549e-10
Disease	disease_13528	8.273314710854819e-10
Disease	disease_7627	8.271189759247148e-10
Disease	disease_12543	8.265412606744627e-10
Disease	disease_22338	8.264762506015776e-10
Disease	disease_2984	8.264762506015776e-10
Disease	disease_10991	8.256017940714754e-10
Disease	disease_10173	8.230336304182905e-10
Disease	disease_2354	8.2272544737697e-10
Disease	disease_13484	8.224959097729199e-10
Disease	disease_2432	8.222128850231748e-10
Disease	disease_5946	8.218623552370404e-10
Disease	disease_6156	8.213433183028667e-10
Disease	disease_4297	8.212199570549001e-10
Disease	disease_4475	8.212199570549001e-10
Disease	disease_13073	8.201211663699905e-10
Disease	disease_4535	8.193026124782482e-10
Disease	disease_3103	8.191937690895745e-10
Disease	disease_6712	8.189901804293896e-10
Disease	disease_15697	8.178986483644758e-10
Disease	disease_10406	8.172416728383825e-10
Disease	disease_20494	8.171810221470422e-10
Disease	disease_11046	8.171212433365985e-10
Disease	disease_14354	8.169605485177005e-10
Disease	disease_20795	8.168244497986655e-10
Disease	disease_377	8.156138050594371e-10
Disease	disease_17197	8.149078265507653e-10
Disease	disease_60670	8.14654094247365e-10
Disease	disease_13175	8.136720821516744e-10
Disease	disease_2398	8.13006402623448e-10
Disease	disease_6830	8.115813885309334e-10
Disease	disease_6067	8.101965765224908e-10
Disease	disease_248	8.101095195641915e-10
Disease	disease_20326	8.096029230196383e-10
Disease	disease_10393	8.08695017392683e-10
Disease	disease_10882	8.078376518657961e-10
Disease	disease_3319	8.068871209771446e-10
Disease	disease_3951	8.068412020827057e-10
Disease	disease_6374	8.062142708513925e-10
Disease	disease_19981	8.057757529600204e-10
Disease	disease_14089	8.052251435456135e-10
Disease	disease_14074	8.04533379126951e-10
Disease	disease_12270	8.036790557607159e-10
Disease	disease_20801	8.030817427836081e-10
Disease	disease_7707	8.02341281851542e-10
Disease	disease_17095	8.017079884779495e-10
Disease	disease_3278	8.016004723208476e-10
Disease	disease_13280	8.01383853554604e-10
Disease	disease_14028	8.013437543244874e-10
Disease	disease_3791	8.012810374900681e-10
Disease	disease_15398	8.005809635849746e-10
Disease	disease_15387	8.003985339699884e-10
Disease	disease_892	8.002053529671883e-10
Disease	disease_18152	8.001930849092507e-10
Disease	disease_17257	8.001930849092507e-10
Disease	disease_3841	7.999818358081418e-10
Disease	disease_1939	7.997184549212498e-10
Disease	disease_10849	7.98965251313239e-10
Disease	disease_7632	7.987631645632551e-10
Disease	disease_44970	7.978632840517442e-10
Disease	disease_10238	7.978419737134412e-10
Disease	disease_380	7.978399885716407e-10
Disease	disease_8540	7.974002580905888e-10
Disease	disease_24950	7.97129333335034e-10
Disease	disease_3377	7.967363294231279e-10
Disease	disease_16414	7.964669041343124e-10
Disease	disease_1167	7.958072384863407e-10
Disease	disease_16574	7.956592358470539e-10
Disease	disease_11998	7.95370782522861e-10
Disease	disease_20060	7.934294693535048e-10
Disease	disease_3909	7.931347468764318e-10
Disease	disease_4490	7.931301581719847e-10
Disease	disease_15250	7.922679797051828e-10
Disease	disease_44926	7.915563640333468e-10
Disease	disease_18281	7.911473755253204e-10
Disease	disease_13729	7.905853495774947e-10
Disease	disease_19873	7.900019113902947e-10
Disease	disease_970	7.89306099789674e-10
Disease	disease_1202	7.892555991945387e-10
Disease	disease_13980	7.890483971859535e-10
Disease	disease_7434	7.890314244031796e-10
Disease	disease_19671	7.889094611938447e-10
Disease	disease_13358	7.876369061578462e-10
Disease	disease_4140	7.860084176426357e-10
Disease	disease_6553	7.857909085898413e-10
Disease	disease_30019	7.854258425480184e-10
Disease	disease_16173	7.848974156288448e-10
Disease	disease_4339	7.836597297152623e-10
Disease	disease_20357	7.828020856457499e-10
Disease	disease_3553	7.82560372335653e-10
Disease	disease_10806	7.823398505963034e-10
Disease	disease_4044	7.8206453800364e-10
Disease	disease_17199	7.820265240645048e-10
Disease	disease_340	7.819297411510587e-10
Disease	disease_339	7.819297411510587e-10
Disease	disease_30934	7.817337972629227e-10
Disease	disease_20058	7.814324189527201e-10
Disease	disease_23250	7.810331575402315e-10
Disease	disease_19649	7.808021418739145e-10
Disease	disease_19650	7.808021418739145e-10
Disease	disease_19651	7.808021418739145e-10
Disease	disease_18980	7.807561543464462e-10
Disease	disease_19767	7.806054976927523e-10
Disease	disease_12573	7.800526994149538e-10
Disease	disease_17003	7.799128184480726e-10
Disease	disease_10782	7.795828633244172e-10
Disease	disease_6365	7.78756673963479e-10
Disease	disease_14668	7.786907624207047e-10
Disease	disease_11407	7.786846352025224e-10
Disease	disease_8680	7.783770623990867e-10
Disease	disease_11881	7.783508851145984e-10
Disease	disease_12330	7.775088039442599e-10
Disease	disease_100072	7.768503483108863e-10
Disease	disease_22932	7.768503483108863e-10
Disease	disease_100069	7.768503483108863e-10
Disease	disease_16200	7.768347704834072e-10
Disease	disease_3126	7.76481586774176e-10
Disease	disease_19151	7.755126424900118e-10
Disease	disease_8510	7.753083770703418e-10
Disease	disease_1178	7.753067584188977e-10
Disease	disease_12966	7.75167840747567e-10
Disease	disease_4331	7.74903245451897e-10
Disease	disease_10484	7.745158372308339e-10
Disease	disease_13704	7.737363254546134e-10
Disease	disease_17351	7.73638526050197e-10
Disease	disease_2652	7.736175794384168e-10
Disease	disease_335	7.734009430873978e-10
Disease	disease_336	7.734009430873978e-10
Disease	disease_12665	7.733426668291895e-10
Disease	disease_2090	7.701534383739599e-10
Disease	disease_1747	7.696462823136612e-10
Disease	disease_1533	7.696462823136612e-10
Disease	disease_4764	7.696462823136612e-10
Disease	disease_1996	7.690155468613037e-10
Disease	disease_1686	7.690155468613037e-10
Disease	disease_16936	7.686707836699431e-10
Disease	disease_44334	7.67413997360543e-10
Disease	disease_12139	7.670313944944545e-10
Disease	disease_16871	7.666388448966085e-10
Disease	disease_13413	7.665625356156074e-10
Disease	disease_5844	7.665508074263668e-10
Disease	disease_14173	7.662201733147215e-10
Disease	disease_19822	7.650133415837633e-10
Disease	disease_44747	7.64180646948116e-10
Disease	disease_16020	7.638109062811617e-10
Disease	disease_14186	7.633679085335843e-10
Disease	disease_644	7.627654888950903e-10
Disease	disease_11620	7.618309093112757e-10
Disease	disease_17930	7.618309093112757e-10
Disease	disease_16604	7.604845080506777e-10
Disease	disease_20163	7.600711416519041e-10
Disease	disease_10144	7.600043308253915e-10
Disease	disease_13707	7.599341941660841e-10
Disease	disease_2655	7.588721701837418e-10
Disease	disease_20401	7.577460766502342e-10
Disease	disease_20399	7.577460766502342e-10
Disease	disease_20402	7.577460766502342e-10
Disease	disease_20403	7.577460766502342e-10
Disease	disease_20400	7.577460766502342e-10
Disease	disease_4172	7.563543461878314e-10
Disease	disease_33310	7.559299003300472e-10
Disease	disease_21067	7.557869574351127e-10
Disease	disease_10223	7.556521111309801e-10
Disease	disease_4100	7.554156078202717e-10
Disease	disease_11957	7.553924594101663e-10
Disease	disease_14967	7.553472613342815e-10
Disease	disease_22985	7.550006508382794e-10
Disease	disease_42969	7.544374971816277e-10
Disease	disease_6717	7.539227534862701e-10
Disease	disease_4315	7.53336753089096e-10
Disease	disease_894	7.530511666893273e-10
Disease	disease_20374	7.524507140553853e-10
Disease	disease_19683	7.509977223206668e-10
Disease	disease_1579	7.509965798975268e-10
Disease	disease_1716	7.509965798975268e-10
Disease	disease_1950	7.509965798975268e-10
Disease	disease_33818	7.509965798975268e-10
Disease	disease_1310	7.509965798975268e-10
Disease	disease_15298	7.509965798975268e-10
Disease	disease_33816	7.509965798975268e-10
Disease	disease_44781	7.508140209635374e-10
Disease	disease_6367	7.502286555356401e-10
Disease	disease_100100	7.501283929178649e-10
Disease	disease_722	7.501281531217796e-10
Disease	disease_21289	7.495459380571898e-10
Disease	disease_1608	7.495361033783917e-10
Disease	disease_20204	7.493932659667879e-10
Disease	disease_3788	7.484833442422454e-10
Disease	disease_17139	7.480914078744606e-10
Disease	disease_3434	7.466723648103544e-10
Disease	disease_44138	7.460382461665004e-10
Disease	disease_4087	7.455645122809874e-10
Disease	disease_37256	7.452946299085513e-10
Disease	disease_14443	7.452021074686476e-10
Disease	disease_2993	7.448596325650122e-10
Disease	disease_4401	7.445815836442256e-10
Disease	disease_54728	7.444278569717549e-10
Disease	disease_2055	7.427810304966432e-10
Disease	disease_15464	7.424419969658932e-10
Disease	disease_1778	7.421481557996344e-10
Disease	disease_9010	7.419898742767498e-10
Disease	disease_32744	7.417731686145255e-10
Disease	disease_3716	7.411253577816132e-10
Disease	disease_4220	7.406583839782538e-10
Disease	disease_4175	7.406583839782538e-10
Disease	disease_4174	7.406583839782538e-10
Disease	disease_4019	7.406583839782538e-10
Disease	disease_2630	7.396166152602751e-10
Disease	disease_7630	7.390468360393552e-10
Disease	disease_3275	7.388936579929715e-10
Disease	disease_16959	7.386503144005537e-10
Disease	disease_16150	7.372023845190993e-10
Disease	disease_13405	7.371688531457983e-10
Disease	disease_20354	7.368196836193853e-10
Disease	disease_6069	7.364133555362458e-10
Disease	disease_24660	7.357847010219417e-10
Disease	disease_11415	7.35266557834307e-10
Disease	disease_2892	7.348479686518095e-10
Disease	disease_8465	7.348370171639115e-10
Disease	disease_1849	7.338244896083317e-10
Disease	disease_12607	7.335775935260405e-10
Disease	disease_12144	7.325735802416983e-10
Disease	disease_10326	7.313901248620991e-10
Disease	disease_13651	7.313865480267969e-10
Disease	disease_4628	7.311059421335407e-10
Disease	disease_19626	7.305700933106582e-10
Disease	disease_44632	7.300726249355798e-10
Disease	disease_24985	7.292924592531119e-10
Disease	disease_9526	7.281023901160359e-10
Disease	disease_16882	7.280704109272041e-10
Disease	disease_17424	7.279981588366308e-10
Disease	disease_292	7.27996368174086e-10
Disease	disease_14649	7.275976270486474e-10
Disease	disease_7285	7.273760435673773e-10
Disease	disease_16993	7.269232226180227e-10
Disease	disease_21457	7.258804737037434e-10
Disease	disease_15381	7.257243577583448e-10
Disease	disease_37938	7.252348668510287e-10
Disease	disease_15872	7.23908441749239e-10
Disease	disease_21528	7.23908441749239e-10
Disease	disease_22972	7.23908441749239e-10
Disease	disease_20639	7.234452523878465e-10
Disease	disease_9221	7.230214858137186e-10
Disease	disease_8921	7.228885961013293e-10
Disease	disease_1694	7.226555910893788e-10
Disease	disease_18826	7.223158081907057e-10
Disease	disease_15235	7.217005292128901e-10
Disease	disease_17770	7.217005292128901e-10
Disease	disease_10544	7.216356879789267e-10
Disease	disease_4797	7.209054604596397e-10
Disease	disease_11898	7.208804528146827e-10
Disease	disease_100066	7.207340356140078e-10
Disease	disease_100065	7.207340356140078e-10
Disease	disease_7680	7.195453233312007e-10
Disease	disease_21299	7.19008524588961e-10
Disease	disease_17710	7.18895008711849e-10
Disease	disease_15498	7.186593929619837e-10
Disease	disease_14779	7.180609230197446e-10
Disease	disease_13120	7.177242830662323e-10
Disease	disease_14430	7.161810532871534e-10
Disease	disease_20358	7.160428792790379e-10
Disease	disease_3421	7.157502485183964e-10
Disease	disease_16014	7.157310997377468e-10
Disease	disease_15367	7.148941722100282e-10
Disease	disease_21452	7.147950317486734e-10
Disease	disease_15591	7.145200258468171e-10
Disease	disease_10290	7.144762199747617e-10
Disease	disease_14930	7.13763993961591e-10
Disease	disease_44783	7.134898483741224e-10
Disease	disease_4193	7.117602607839666e-10
Disease	disease_13904	7.117594430370766e-10
Disease	disease_3125	7.109606738206835e-10
Disease	disease_36688	7.095866438561762e-10
Disease	disease_21281	7.092422136722167e-10
Disease	disease_4211	7.091765469366625e-10
Disease	disease_25478	7.085655355642444e-10
Disease	disease_13338	7.075578845216325e-10
Disease	disease_10905	7.075506562237173e-10
Disease	disease_16852	7.072345867995836e-10
Disease	disease_9535	7.065885760056423e-10
Disease	disease_20196	7.06533569060796e-10
Disease	disease_3782	7.060829003806787e-10
Disease	disease_3928	7.060829003806787e-10
Disease	disease_6442	7.052963852526193e-10
Disease	disease_16675	7.052578487684128e-10
Disease	disease_18586	7.039088256611054e-10
Disease	disease_19077	7.039088256611054e-10
Disease	disease_16503	7.039088256611054e-10
Disease	disease_400004	7.039088256611054e-10
Disease	disease_4078	7.02240035247738e-10
Disease	disease_14989	7.018350816050423e-10
Disease	disease_11395	7.009542120279493e-10
Disease	disease_4866	7.006458418463323e-10
Disease	disease_7280	7.000188671160561e-10
Disease	disease_4134	6.997893210202426e-10
Disease	disease_13627	6.993793403191867e-10
Disease	disease_14484	6.99213834407414e-10
Disease	disease_25354	6.989235580866992e-10
Disease	disease_30989	6.989235580866992e-10
Disease	disease_30926	6.989235580866992e-10
Disease	disease_20461	6.988723344386008e-10
Disease	disease_33809	6.988723344386008e-10
Disease	disease_33566	6.969331751837045e-10
Disease	disease_21467	6.965844623608691e-10
Disease	disease_715	6.962721195429963e-10
Disease	disease_25062	6.960661733896224e-10
Disease	disease_25130	6.960661733896224e-10
Disease	disease_24311	6.95873392238962e-10
Disease	disease_4911	6.951696241950267e-10
Disease	disease_363	6.951696241950267e-10
Disease	disease_3272	6.947731570874121e-10
Disease	disease_13366	6.944330835797662e-10
Disease	disease_54582	6.931919673669448e-10
Disease	disease_4336	6.927754063328009e-10
Disease	disease_1006	6.924726251771766e-10
Disease	disease_1086	6.924726251771766e-10
Disease	disease_7660	6.921971660682843e-10
Disease	disease_23043	6.921805683617027e-10
Disease	disease_10443	6.911818231634428e-10
Disease	disease_6258	6.907311731436998e-10
Disease	disease_30067	6.904815236637134e-10
Disease	disease_2495	6.898990165163813e-10
Disease	disease_23528	6.892331615296456e-10
Disease	disease_43275	6.892331615296456e-10
Disease	disease_2871	6.891750132952339e-10
Disease	disease_16931	6.889828929189193e-10
Disease	disease_10761	6.882978984853022e-10
Disease	disease_7225	6.879067804284518e-10
Disease	disease_8464	6.875858123486312e-10
Disease	disease_15271	6.875579999987902e-10
Disease	disease_18654	6.875579999987902e-10
Disease	disease_32689	6.872888691522346e-10
Disease	disease_4346	6.86988150604685e-10
Disease	disease_24638	6.864163366036948e-10
Disease	disease_20154	6.860669690318214e-10
Disease	disease_3355	6.848634821578013e-10
Disease	disease_17066	6.846434621308002e-10
Disease	disease_6134	6.84185997710124e-10
Disease	disease_14927	6.841583043390014e-10
Disease	disease_6880	6.836031664990726e-10
Disease	disease_1099	6.831554392698162e-10
Disease	disease_7353	6.83120363996689e-10
Disease	disease_10218	6.819547561436331e-10
Disease	disease_24470	6.815509941488831e-10
Disease	disease_1541	6.806883288463293e-10
Disease	disease_21048	6.804690800008264e-10
Disease	disease_12108	6.803930257219311e-10
Disease	disease_3413	6.8020475537061e-10
Disease	disease_3561	6.800824196221944e-10
Disease	disease_14130	6.790207155550018e-10
Disease	disease_4156	6.772463299669642e-10
Disease	disease_7333	6.765092173123211e-10
Disease	disease_10713	6.754239303983528e-10
Disease	disease_373	6.751298439834521e-10
Disease	disease_19994	6.746357379347742e-10
Disease	disease_19918	6.746357379347742e-10
Disease	disease_19919	6.746357379347742e-10
Disease	disease_18767	6.74437235708794e-10
Disease	disease_375	6.730319344348997e-10
Disease	disease_3190	6.724287716676916e-10
Disease	disease_9008	6.718311965325191e-10
Disease	disease_4321	6.711990167815543e-10
Disease	disease_12644	6.710842613477464e-10
Disease	disease_16954	6.69246962791417e-10
Disease	disease_21532	6.679898684256333e-10
Disease	disease_22321	6.672142964540138e-10
Disease	disease_30935	6.670269899149068e-10
Disease	disease_10413	6.670246822198567e-10
Disease	disease_11952	6.670155089368888e-10
Disease	disease_8601	6.667915452933625e-10
Disease	disease_11712	6.666093388856589e-10
Disease	disease_3365	6.664000933568843e-10
Disease	disease_3248	6.66304884613505e-10
Disease	disease_3026	6.662728465055268e-10
Disease	disease_633	6.66071191971745e-10
Disease	disease_12299	6.658791557532195e-10
Disease	disease_8513	6.657004674272982e-10
Disease	disease_11974	6.651667951925342e-10
Disease	disease_2713	6.64887657226673e-10
Disease	disease_6969	6.646255088562863e-10
Disease	disease_3572	6.642229932749536e-10
Disease	disease_44640	6.641321669655349e-10
Disease	disease_6484	6.633645659605384e-10
Disease	disease_24892	6.631170992589218e-10
Disease	disease_19971	6.631170992589218e-10
Disease	disease_13443	6.622421764281976e-10
Disease	disease_22067	6.621828932668619e-10
Disease	disease_42498	6.621828932668619e-10
Disease	disease_23561	6.621828932668619e-10
Disease	disease_22094	6.621828932668619e-10
Disease	disease_17613	6.621828932668619e-10
Disease	disease_23059	6.621828932668619e-10
Disease	disease_17642	6.621828932668619e-10
Disease	disease_43174	6.621828932668619e-10
Disease	disease_35122	6.621828932668619e-10
Disease	disease_22934	6.621828932668619e-10
Disease	disease_16821	6.621828932668619e-10
Disease	disease_12525	6.618400201743174e-10
Disease	disease_10414	6.613142989901356e-10
Disease	disease_11488	6.604831336250015e-10
Disease	disease_9594	6.601798802316112e-10
Disease	disease_19729	6.601400313986698e-10
Disease	disease_19728	6.601400313986698e-10
Disease	disease_19730	6.601400313986698e-10
Disease	disease_953	6.586616262806955e-10
Disease	disease_26729	6.586441937298232e-10
Disease	disease_7538	6.576723904977232e-10
Disease	disease_20377	6.573674389470375e-10
Disease	disease_2574	6.570982659431355e-10
Disease	disease_10453	6.562879985532192e-10
Disease	disease_18083	6.547543624556483e-10
Disease	disease_14169	6.544902691477107e-10
Disease	disease_7288	6.54438142451273e-10
Disease	disease_11056	6.542969288064502e-10
Disease	disease_8683	6.542969288064502e-10
Disease	disease_2193	6.539782251818859e-10
Disease	disease_16935	6.532204292838469e-10
Disease	disease_6620	6.523205938656432e-10
Disease	disease_1597	6.511840981744014e-10
Disease	disease_7388	6.510133865025805e-10
Disease	disease_10117	6.508673779785842e-10
Disease	disease_3556	6.502245114303434e-10
Disease	disease_2805	6.494410607094232e-10
Disease	disease_25113	6.491401781632796e-10
Disease	disease_21845	6.491170598345181e-10
Disease	disease_9222	6.488479318717827e-10
Disease	disease_16431	6.486807392707957e-10
Disease	disease_17602	6.4843494720099e-10
Disease	disease_8135	6.476643051235805e-10
Disease	disease_23699	6.469775821820142e-10
Disease	disease_7058	6.469530069641929e-10
Disease	disease_10227	6.465920862030085e-10
Disease	disease_8516	6.463739563984201e-10
Disease	disease_44874	6.461384292407329e-10
Disease	disease_2359	6.459837250865474e-10
Disease	disease_18472	6.451998432354849e-10
Disease	disease_4451	6.448718969760045e-10
Disease	disease_44788	6.448718969760045e-10
Disease	disease_2253	6.447565500356544e-10
Disease	disease_44906	6.446359006860175e-10
Disease	disease_12623	6.441593955648728e-10
Disease	disease_14061	6.441400571367087e-10
Disease	disease_14229	6.436820171585746e-10
Disease	disease_16864	6.432640785600911e-10
Disease	disease_2649	6.430577947246697e-10
Disease	disease_8007	6.412356563703827e-10
Disease	disease_16806	6.410334433649069e-10
Disease	disease_13026	6.403661232170244e-10
Disease	disease_12612	6.395138472803813e-10
Disease	disease_60550	6.394945272486907e-10
Disease	disease_10389	6.392860866378894e-10
Disease	disease_16077	6.389624352792626e-10
Disease	disease_18145	6.383435431156266e-10
Disease	disease_19196	6.383435431156266e-10
Disease	disease_19972	6.383435431156266e-10
Disease	disease_20656	6.379312534111152e-10
Disease	disease_3596	6.375507132353665e-10
Disease	disease_2496	6.371339088009962e-10
Disease	disease_30010	6.353024136262655e-10
Disease	disease_15385	6.352636804106042e-10
Disease	disease_2256	6.348442414343504e-10
Disease	disease_15743	6.346377535141318e-10
Disease	disease_18484	6.346377535141318e-10
Disease	disease_10577	6.338035513082849e-10
Disease	disease_3653	6.336657369416703e-10
Disease	disease_11350	6.332555347824845e-10
Disease	disease_12485	6.3265480474952e-10
Disease	disease_10876	6.321032777231663e-10
Disease	disease_6841	6.320210703716182e-10
Disease	disease_15408	6.320210703716182e-10
Disease	disease_5614	6.312360260182903e-10
Disease	disease_8519	6.302548733689301e-10
Disease	disease_12219	6.300630516772975e-10
Disease	disease_16317	6.299619326566877e-10
Disease	disease_4067	6.298093084440316e-10
Disease	disease_2291	6.294218071333398e-10
Disease	disease_19892	6.292089251043028e-10
Disease	disease_14390	6.287049347634451e-10
Disease	disease_8377	6.286731857929458e-10
Disease	disease_4307	6.286253246430875e-10
Disease	disease_7392	6.285017733730331e-10
Disease	disease_549	6.28233869457166e-10
Disease	disease_1096	6.281921404807212e-10
Disease	disease_5482	6.27969593415596e-10
Disease	disease_43137	6.27969593415596e-10
Disease	disease_3068	6.27969593415596e-10
Disease	disease_16531	6.278973005586446e-10
Disease	disease_18962	6.278973005586446e-10
Disease	disease_24524	6.275853823534076e-10
Disease	disease_8410	6.275444140004062e-10
Disease	disease_3975	6.273894683350421e-10
Disease	disease_3283	6.273163226191798e-10
Disease	disease_13709	6.27238787226897e-10
Disease	disease_3802	6.268305509537972e-10
Disease	disease_2141	6.264811553519468e-10
Disease	disease_13965	6.264041226317795e-10
Disease	disease_6957	6.259766924897572e-10
Disease	disease_7900	6.256531560859991e-10
Disease	disease_6904	6.256157352029649e-10
Disease	disease_3893	6.252191142754371e-10
Disease	disease_6834	6.249550894604825e-10
Disease	disease_24520	6.246892270764674e-10
Disease	disease_20695	6.246852822707047e-10
Disease	disease_400	6.246852822707047e-10
Disease	disease_22697	6.246852822707047e-10
Disease	disease_20760	6.245715363962215e-10
Disease	disease_13705	6.241893539090654e-10
Disease	disease_12463	6.241427258693788e-10
Disease	disease_20172	6.24112805130599e-10
Disease	disease_16725	6.238025833707756e-10
Disease	disease_31010	6.234171181608247e-10
Disease	disease_44305	6.230937423835193e-10
Disease	disease_8358	6.22679219438976e-10
Disease	disease_13694	6.223779881173961e-10
Disease	disease_20637	6.222362015570892e-10
Disease	disease_21542	6.220722802862862e-10
Disease	disease_4208	6.214611966548192e-10
Disease	disease_6028	6.210905452458165e-10
Disease	disease_3524	6.209136906741748e-10
Disease	disease_10228	6.187959653837036e-10
Disease	disease_2072	6.178695276326452e-10
Disease	disease_18062	6.175856269183527e-10
Disease	disease_35124	6.175856269183527e-10
Disease	disease_11883	6.175856269183527e-10
Disease	disease_16319	6.172376354382249e-10
Disease	disease_16941	6.16732192189489e-10
Disease	disease_21465	6.150510281869027e-10
Disease	disease_30997	6.139530995892702e-10
Disease	disease_25129	6.133680249515328e-10
Disease	disease_4108	6.133382265300764e-10
Disease	disease_21427	6.133020442061511e-10
Disease	disease_10841	6.129513103666802e-10
Disease	disease_17277	6.123691570506925e-10
Disease	disease_1890	6.12352132083589e-10
Disease	disease_13444	6.123436682105349e-10
Disease	disease_10850	6.120255286226365e-10
Disease	disease_19849	6.11357935349534e-10
Disease	disease_10750	6.112844339923495e-10
Disease	disease_9810	6.10363179399762e-10
Disease	disease_21630	6.10344538778178e-10
Disease	disease_19676	6.102984467618619e-10
Disease	disease_16286	6.102118442019462e-10
Disease	disease_12626	6.100236819848675e-10
Disease	disease_13703	6.099869765551234e-10
Disease	disease_22622	6.090913084341816e-10
Disease	disease_10344	6.087690541299534e-10
Disease	disease_343	6.087453116020807e-10
Disease	disease_13941	6.086970311039204e-10
Disease	disease_8372	6.086145196894434e-10
Disease	disease_1537	6.086058540958815e-10
Disease	disease_421	6.08560623849128e-10
Disease	disease_11635	6.084281318124811e-10
Disease	disease_10322	6.076466512602441e-10
Disease	disease_3890	6.075029859984082e-10
Disease	disease_7696	6.069049692984496e-10
Disease	disease_13706	6.066425765032572e-10
Disease	disease_40503	6.065341179280275e-10
Disease	disease_16932	6.045799610802507e-10
Disease	disease_26723	6.043395305258832e-10
Disease	disease_3388	6.015327782350837e-10
Disease	disease_10450	6.011576503648162e-10
Disease	disease_44644	6.004901224007252e-10
Disease	disease_12619	5.998869823763683e-10
Disease	disease_14978	5.997836090720214e-10
Disease	disease_10307	5.991078985201438e-10
Disease	disease_10347	5.985067759223974e-10
Disease	disease_43452	5.97835641563255e-10
Disease	disease_43277	5.97835641563255e-10
Disease	disease_3717	5.976402813113381e-10
Disease	disease_16188	5.974399994827401e-10
Disease	disease_8142	5.970069142273559e-10
Disease	disease_14122	5.963366674509682e-10
Disease	disease_12658	5.960520636989164e-10
Disease	disease_3180	5.9604382260671e-10
Disease	disease_1279	5.960183223190882e-10
Disease	disease_14350	5.95563033507078e-10
Disease	disease_5221	5.945400265874279e-10
Disease	disease_13916	5.943907423877584e-10
Disease	disease_1635	5.94269523883461e-10
Disease	disease_19387	5.934453893467265e-10
Disease	disease_16930	5.931184643889278e-10
Disease	disease_6351	5.930925654735843e-10
Disease	disease_6081	5.907120808619567e-10
Disease	disease_3426	5.902648966116493e-10
Disease	disease_6079	5.902582359878712e-10
Disease	disease_6410	5.899970159320842e-10
Disease	disease_6169	5.899970159320842e-10
Disease	disease_5592	5.895727605385451e-10
Disease	disease_1349	5.895727605385451e-10
Disease	disease_5591	5.895727605385451e-10
Disease	disease_20582	5.895257557224098e-10
Disease	disease_7218	5.882823682662615e-10
Disease	disease_21475	5.879685488119402e-10
Disease	disease_17974	5.878765852297231e-10
Disease	disease_18039	5.871657328514747e-10
Disease	disease_14283	5.870568233280927e-10
Disease	disease_16656	5.850737784967725e-10
Disease	disease_18832	5.83878448623276e-10
Disease	disease_3598	5.834147437229973e-10
Disease	disease_10324	5.832693600007173e-10
Disease	disease_10230	5.832693600007173e-10
Disease	disease_10300	5.832693600007173e-10
Disease	disease_33493	5.811186656423614e-10
Disease	disease_24416	5.803920271459991e-10
Disease	disease_19327	5.80312805971201e-10
Disease	disease_10231	5.803114110633404e-10
Disease	disease_3822	5.800036420722924e-10
Disease	disease_21929	5.796038055504556e-10
Disease	disease_44983	5.790977501904667e-10
Disease	disease_1091	5.786876148834136e-10
Disease	disease_21521	5.785573891063069e-10
Disease	disease_2006	5.771274341623019e-10
Disease	disease_1820	5.771274341623019e-10
Disease	disease_1739	5.771274341623019e-10
Disease	disease_13896	5.764182967544716e-10
Disease	disease_3761	5.753684079540201e-10
Disease	disease_11219	5.75330247298122e-10
Disease	disease_13441	5.753099579939649e-10
Disease	disease_32834	5.751301595682664e-10
Disease	disease_14920	5.742092084587836e-10
Disease	disease_21343	5.739672623440018e-10
Disease	disease_8138	5.732736612463407e-10
Disease	disease_3654	5.728236993379668e-10
Disease	disease_200000	5.724599359044875e-10
Disease	disease_21316	5.721772024399869e-10
Disease	disease_10081	5.718835325938357e-10
Disease	disease_14406	5.715619927428505e-10
Disease	disease_24504	5.704886747432766e-10
Disease	disease_5179	5.704099108884238e-10
Disease	disease_6307	5.704099108884238e-10
Disease	disease_3433	5.704099108884238e-10
Disease	disease_3431	5.704099108884238e-10
Disease	disease_15637	5.698706529082533e-10
Disease	disease_17461	5.695148825868573e-10
Disease	disease_10965	5.688030043252261e-10
Disease	disease_4644	5.68488987486317e-10
Disease	disease_17785	5.681730602577521e-10
Disease	disease_6975	5.67879766670796e-10
Disease	disease_14022	5.677759381192096e-10
Disease	disease_4433	5.674552262001165e-10
Disease	disease_7904	5.67198983536755e-10
Disease	disease_525	5.665304463452759e-10
Disease	disease_4394	5.663684247061378e-10
Disease	disease_24532	5.653937994926791e-10
Disease	disease_7438	5.651169908814757e-10
Disease	disease_15232	5.649920532733402e-10
Disease	disease_44982	5.649222948079003e-10
Disease	disease_14154	5.647667446785403e-10
Disease	disease_7984	5.640216788168302e-10
Disease	disease_16662	5.638955221060616e-10
Disease	disease_17958	5.638955221060616e-10
Disease	disease_20474	5.632253027968793e-10
Disease	disease_2924	5.629736862461462e-10
Disease	disease_12962	5.629007271206314e-10
Disease	disease_9979	5.623725425929147e-10
Disease	disease_16283	5.62210597262897e-10
Disease	disease_2664	5.615748878534198e-10
Disease	disease_3473	5.613807618291397e-10
Disease	disease_12695	5.608840039206739e-10
Disease	disease_3395	5.602277870690145e-10
Disease	disease_12969	5.600205885588555e-10
Disease	disease_10251	5.600048661400669e-10
Disease	disease_7217	5.594828054110928e-10
Disease	disease_2741	5.593702196791851e-10
Disease	disease_2910	5.586622163668983e-10
Disease	disease_6217	5.585320415351507e-10
Disease	disease_3379	5.583578170169041e-10
Disease	disease_10994	5.583009232138377e-10
Disease	disease_60768	5.582468987362247e-10
Disease	disease_20115	5.577551207363705e-10
Disease	disease_6275	5.574132066060039e-10
Disease	disease_11767	5.570424857869221e-10
Disease	disease_5903	5.567344855048882e-10
Disease	disease_44619	5.564375498355101e-10
Disease	disease_4052	5.559518857203031e-10
Disease	disease_19398	5.558025279267672e-10
Disease	disease_7214	5.542911890348359e-10
Disease	disease_15467	5.540677574809872e-10
Disease	disease_14651	5.537645048368594e-10
Disease	disease_10818	5.512979807022947e-10
Disease	disease_17044	5.510292476515416e-10
Disease	disease_11536	5.509540466404552e-10
Disease	disease_20927	5.503023295722783e-10
Disease	disease_3729	5.49942699033756e-10
Disease	disease_14673	5.499414250117651e-10
Disease	disease_6471	5.492968273449539e-10
Disease	disease_19319	5.488723937083559e-10
Disease	disease_19318	5.488723937083559e-10
Disease	disease_12666	5.486692112905831e-10
Disease	disease_13180	5.486692112905831e-10
Disease	disease_12771	5.486692112905831e-10
Disease	disease_12379	5.486692112905831e-10
Disease	disease_12577	5.486692112905831e-10
Disease	disease_3562	5.481059451443377e-10
Disease	disease_554	5.481025974197479e-10
Disease	disease_11386	5.478263924470012e-10
Disease	disease_21473	5.471074520258459e-10
Disease	disease_60732	5.467308042447375e-10
Disease	disease_20980	5.454662137774141e-10
Disease	disease_16929	5.445585676532966e-10
Disease	disease_10511	5.436114600578601e-10
Disease	disease_21345	5.43019787706823e-10
Disease	disease_32746	5.428831937182907e-10
Disease	disease_21653	5.424587802476446e-10
Disease	disease_1331	5.42173858818033e-10
Disease	disease_3428	5.418191492405543e-10
Disease	disease_3373	5.417227632686293e-10
Disease	disease_19330	5.414227154989086e-10
Disease	disease_12304	5.407900833023148e-10
Disease	disease_12305	5.407900833023148e-10
Disease	disease_20717	5.405583084829948e-10
Disease	disease_20342	5.403932292940111e-10
Disease	disease_14749	5.401693157713182e-10
Disease	disease_18703	5.395414305372768e-10
Disease	disease_19034	5.395414305372768e-10
Disease	disease_515	5.387523845959737e-10
Disease	disease_8594	5.387523703076144e-10
Disease	disease_54561	5.383913729586753e-10
Disease	disease_33202	5.368461293026894e-10
Disease	disease_13871	5.364943554348754e-10
Disease	disease_15641	5.356834575781759e-10
Disease	disease_15640	5.356834575781759e-10
Disease	disease_9592	5.356403040101791e-10
Disease	disease_21491	5.351516340670771e-10
Disease	disease_13666	5.347934230868747e-10
Disease	disease_24338	5.342547464232714e-10
Disease	disease_17997	5.34051787501187e-10
Disease	disease_20734	5.334561716568581e-10
Disease	disease_3417	5.333835634696503e-10
Disease	disease_21370	5.331012874197347e-10
Disease	disease_4016	5.313951398520915e-10
Disease	disease_10425	5.313387865392477e-10
Disease	disease_15590	5.309696532498145e-10
Disease	disease_1790	5.299687086006656e-10
Disease	disease_1768	5.293488601374929e-10
Disease	disease_1767	5.293488601374929e-10
Disease	disease_25013	5.290508677068012e-10
Disease	disease_17544	5.286358519849583e-10
Disease	disease_14549	5.28520306458363e-10
Disease	disease_21651	5.276868442864979e-10
Disease	disease_13385	5.274010213988675e-10
Disease	disease_24973	5.272990440740467e-10
Disease	disease_20567	5.272990440740467e-10
Disease	disease_19780	5.270317439115648e-10
Disease	disease_2761	5.266543265211404e-10
Disease	disease_2396	5.26094261208942e-10
Disease	disease_11065	5.257688256750417e-10
Disease	disease_13305	5.254274422449114e-10
Disease	disease_60774	5.254009732579031e-10
Disease	disease_12697	5.249991338287913e-10
Disease	disease_13823	5.249546602380451e-10
Disease	disease_1369	5.246604118633438e-10
Disease	disease_11226	5.239971566803446e-10
Disease	disease_12327	5.235152922327104e-10
Disease	disease_7409	5.234785449052395e-10
Disease	disease_3551	5.231695379648469e-10
Disease	disease_11064	5.210200518498778e-10
Disease	disease_3809	5.209954884823311e-10
Disease	disease_3630	5.209019093112642e-10
Disease	disease_8175	5.208807714584067e-10
Disease	disease_19862	5.207846782339607e-10
Disease	disease_11659	5.207846782339607e-10
Disease	disease_5616	5.203420992034648e-10
Disease	disease_4482	5.188595258318016e-10
Disease	disease_13469	5.182011370702941e-10
Disease	disease_17812	5.181725503753501e-10
Disease	disease_7213	5.180951226301385e-10
Disease	disease_531	5.180289374992503e-10
Disease	disease_44275	5.18022139795016e-10
Disease	disease_20379	5.179909876067937e-10
Disease	disease_10309	5.178942093065256e-10
Disease	disease_16968	5.175660698718094e-10
Disease	disease_22171	5.155099407706695e-10
Disease	disease_2957	5.152015811509711e-10
Disease	disease_11893	5.146458559534114e-10
Disease	disease_11657	5.146458559534114e-10
Disease	disease_14291	5.146458559534114e-10
Disease	disease_16552	5.140948160281784e-10
Disease	disease_16551	5.140948160281784e-10
Disease	disease_16550	5.140948160281784e-10
Disease	disease_16549	5.140948160281784e-10
Disease	disease_4679	5.138672117514152e-10
Disease	disease_17429	5.133116136715007e-10
Disease	disease_24884	5.130138938169867e-10
Disease	disease_60489	5.128043466133143e-10
Disease	disease_4006	5.126810065958153e-10
Disease	disease_16985	5.125191744783762e-10
Disease	disease_14770	5.123772472441765e-10
Disease	disease_18269	5.109955464267958e-10
Disease	disease_18268	5.109955464267958e-10
Disease	disease_6427	5.103285031724537e-10
Disease	disease_15409	5.102462923307856e-10
Disease	disease_17457	5.096439723208807e-10
Disease	disease_17456	5.096439723208807e-10
Disease	disease_4641	5.093445322810469e-10
Disease	disease_16320	5.088688097081442e-10
Disease	disease_18635	5.076016354058328e-10
Disease	disease_18382	5.076016354058328e-10
Disease	disease_22983	5.076016354058328e-10
Disease	disease_24988	5.074678145675272e-10
Disease	disease_11660	5.074632656463703e-10
Disease	disease_3445	5.0743208429925e-10
Disease	disease_15411	5.067169495816229e-10
Disease	disease_6645	5.063696313321288e-10
Disease	disease_1073	5.063696313321288e-10
Disease	disease_1765	5.063696313321288e-10
Disease	disease_1904	5.063696313321288e-10
Disease	disease_11568	5.062281548831139e-10
Disease	disease_6562	5.055019916964861e-10
Disease	disease_33260	5.052477470718112e-10
Disease	disease_17472	5.049678069547168e-10
Disease	disease_17473	5.049678069547168e-10
Disease	disease_21538	5.047992663072705e-10
Disease	disease_21479	5.040066641886451e-10
Disease	disease_21429	5.037978706259634e-10
Disease	disease_25505	5.031731082456882e-10
Disease	disease_14411	5.028018500209557e-10
Disease	disease_973	5.026918403113269e-10
Disease	disease_1361	5.023231057615654e-10
Disease	disease_1655	5.023231057615654e-10
Disease	disease_13442	5.017561294778309e-10
Disease	disease_13973	5.016022242244095e-10
Disease	disease_14818	5.015398014751694e-10
Disease	disease_11630	5.00417906246664e-10
Disease	disease_1168	4.998059503700711e-10
Disease	disease_12976	4.99587240761984e-10
Disease	disease_6878	4.990096244123933e-10
Disease	disease_1588	4.985856649391673e-10
Disease	disease_4800	4.985856649391673e-10
Disease	disease_4190	4.983459619587945e-10
Disease	disease_13996	4.981093434332756e-10
Disease	disease_20694	4.978876929793748e-10
Disease	disease_17927	4.975857283130605e-10
Disease	disease_7289	4.970588987965216e-10
Disease	disease_13698	4.967207826068863e-10
Disease	disease_16322	4.966102956053245e-10
Disease	disease_44743	4.965250537980063e-10
Disease	disease_4504	4.959958855110217e-10
Disease	disease_6549	4.958795932230338e-10
Disease	disease_8312	4.954818402127837e-10
Disease	disease_4356	4.948861041796973e-10
Disease	disease_6864	4.942738043393463e-10
Disease	disease_6970	4.942738043393463e-10
Disease	disease_1600	4.942738043393463e-10
Disease	disease_43094	4.935986737188778e-10
Disease	disease_11920	4.926912022637608e-10
Disease	disease_14932	4.915067756556039e-10
Disease	disease_3301	4.91441643955193e-10
Disease	disease_13849	4.910312528567529e-10
Disease	disease_11480	4.90328212185161e-10
Disease	disease_13269	4.902174891657589e-10
Disease	disease_21431	4.895259984361607e-10
Disease	disease_14087	4.894754199883395e-10
Disease	disease_1052	4.887536873346802e-10
Disease	disease_20373	4.88481543182075e-10
Disease	disease_3124	4.872043519024833e-10
Disease	disease_27069	4.859433683152894e-10
Disease	disease_1116	4.850294044145766e-10
Disease	disease_13884	4.837639382869954e-10
Disease	disease_7820	4.832230883257394e-10
Disease	disease_13064	4.829751447445202e-10
Disease	disease_11074	4.819290418432432e-10
Disease	disease_2478	4.815576400599167e-10
Disease	disease_3926	4.814335702083961e-10
Disease	disease_13489	4.8100244113477e-10
Disease	disease_14667	4.807962345100854e-10
Disease	disease_7907	4.807278762213484e-10
Disease	disease_11109	4.805193504922296e-10
Disease	disease_21489	4.804823449576142e-10
Disease	disease_18070	4.804294060522295e-10
Disease	disease_19900	4.797520470759898e-10
Disease	disease_17334	4.797520470759898e-10
Disease	disease_17426	4.790695076265172e-10
Disease	disease_12680	4.781917130938084e-10
Disease	disease_6278	4.769471148974892e-10
Disease	disease_6781	4.765590458218813e-10
Disease	disease_6708	4.765590458218813e-10
Disease	disease_30877	4.764953163894937e-10
Disease	disease_20685	4.763533578027727e-10
Disease	disease_7809	4.75088012566693e-10
Disease	disease_21284	4.749021048018783e-10
Disease	disease_23165	4.748088182127564e-10
Disease	disease_3255	4.744194533479198e-10
Disease	disease_13181	4.736251110170068e-10
Disease	disease_12990	4.734982669570532e-10
Disease	disease_21285	4.734914601273343e-10
Disease	disease_1251	4.73489364079845e-10
Disease	disease_19406	4.732936590832806e-10
Disease	disease_33810	4.73069363059409e-10
Disease	disease_13537	4.730009346965028e-10
Disease	disease_15668	4.729904169693071e-10
Disease	disease_4540	4.727657118679539e-10
Disease	disease_20081	4.723843900405209e-10
Disease	disease_14237	4.7232827611437e-10
Disease	disease_6088	4.717048360860097e-10
Disease	disease_36483	4.715788142388788e-10
Disease	disease_23071	4.715353484739023e-10
Disease	disease_5740	4.715353484739023e-10
Disease	disease_5751	4.715353484739023e-10
Disease	disease_1388	4.705748942946605e-10
Disease	disease_13590	4.705242961086193e-10
Disease	disease_13386	4.704896189196537e-10
Disease	disease_7335	4.698291719549308e-10
Disease	disease_4883	4.697363278071845e-10
Disease	disease_16963	4.686548724242673e-10
Disease	disease_54565	4.68161017825625e-10
Disease	disease_14740	4.681091564035075e-10
Disease	disease_15429	4.67664693213663e-10
Disease	disease_33199	4.67446912665724e-10
Disease	disease_12972	4.674450379232579e-10
Disease	disease_12681	4.674450379232579e-10
Disease	disease_11082	4.669266521197068e-10
Disease	disease_4520	4.668446734729003e-10
Disease	disease_11981	4.66647563102722e-10
Disease	disease_11980	4.66647563102722e-10
Disease	disease_11983	4.66647563102722e-10
Disease	disease_10525	4.662269309883247e-10
Disease	disease_21496	4.659646213651659e-10
Disease	disease_100163	4.659336049320719e-10
Disease	disease_6480	4.65678078663049e-10
Disease	disease_3065	4.6559814153771093e-10
Disease	disease_21077	4.655582753529113e-10
Disease	disease_17423	4.647513058502423e-10
Disease	disease_2790	4.645946375131455e-10
Disease	disease_45056	4.642791134867008e-10
Disease	disease_2577	4.641034383097407e-10
Disease	disease_6487	4.6396328547536774e-10
Disease	disease_9236	4.6375004155616904e-10
Disease	disease_11519	4.63652289856424e-10
Disease	disease_13955	4.632950325578972e-10
Disease	disease_21469	4.631556855836958e-10
Disease	disease_2460	4.628189367715628e-10
Disease	disease_16496	4.6275252532411496e-10
Disease	disease_37746	4.6223704631953906e-10
Disease	disease_21588	4.6124368237570765e-10
Disease	disease_21296	4.6036715669937466e-10
Disease	disease_2170	4.5898390684059647e-10
Disease	disease_4661	4.588011646242836e-10
Disease	disease_7811	4.583299811963941e-10
Disease	disease_14408	4.5832210306549886e-10
Disease	disease_16164	4.581670535802741e-10
Disease	disease_10855	4.5770174109448395e-10
Disease	disease_17489	4.5742990061494795e-10
Disease	disease_17488	4.5742990061494795e-10
Disease	disease_1375	4.5695663296024943e-10
Disease	disease_2736	4.5616242255499484e-10
Disease	disease_962	4.551294592902569e-10
Disease	disease_13328	4.551257273598e-10
Disease	disease_10320	4.544898881651447e-10
Disease	disease_24227	4.541803823780839e-10
Disease	disease_20823	4.541803823780839e-10
Disease	disease_6581	4.541803823780839e-10
Disease	disease_20816	4.541803823780839e-10
Disease	disease_24229	4.541803823780839e-10
Disease	disease_20817	4.541803823780839e-10
Disease	disease_24228	4.541803823780839e-10
Disease	disease_20814	4.541803823780839e-10
Disease	disease_7994	4.5384725428378573e-10
Disease	disease_4363	4.535386599162592e-10
Disease	disease_19195	4.535061121305162e-10
Disease	disease_15755	4.5295276822702263e-10
Disease	disease_4827	4.5258351514799936e-10
Disease	disease_1917	4.5251156701891106e-10
Disease	disease_4273	4.522861234523533e-10
Disease	disease_7977	4.518564588717717e-10
Disease	disease_12975	4.514175983919992e-10
Disease	disease_24642	4.5108354742937143e-10
Disease	disease_24639	4.5108354742937143e-10
Disease	disease_6227	4.5108354742937143e-10
Disease	disease_18742	4.5108354742937143e-10
Disease	disease_27048	4.507351027225518e-10
Disease	disease_17603	4.505096605303886e-10
Disease	disease_21879	4.505096605303886e-10
Disease	disease_6264	4.504810630603738e-10
Disease	disease_10154	4.4979312642331946e-10
Disease	disease_19821	4.4963398978017863e-10
Disease	disease_16441	4.487534535540075e-10
Disease	disease_20406	4.4864548101806895e-10
Disease	disease_20407	4.4864548101806895e-10
Disease	disease_20408	4.4864548101806895e-10
Disease	disease_3631	4.475199808849424e-10
Disease	disease_17585	4.474562760870705e-10
Disease	disease_20007	4.4694194733648087e-10
Disease	disease_15664	4.4694194733648087e-10
Disease	disease_20420	4.4694194733648087e-10
Disease	disease_54708	4.469041548342595e-10
Disease	disease_3894	4.4614686758545273e-10
Disease	disease_17940	4.457056987061783e-10
Disease	disease_19408	4.4541312884272904e-10
Disease	disease_16772	4.4533047585786544e-10
Disease	disease_16769	4.4533047585786544e-10
Disease	disease_16773	4.4533047585786544e-10
Disease	disease_16771	4.4533047585786544e-10
Disease	disease_16774	4.4533047585786544e-10
Disease	disease_16770	4.4533047585786544e-10
Disease	disease_8826	4.4385804152628374e-10
Disease	disease_19311	4.4349572668078386e-10
Disease	disease_21523	4.434259715855734e-10
Disease	disease_2717	4.43315721549714e-10
Disease	disease_12796	4.4298668121234e-10
Disease	disease_2463	4.426386145494826e-10
Disease	disease_4886	4.4155647961761333e-10
Disease	disease_4879	4.4155647961761333e-10
Disease	disease_13608	4.4154777072012223e-10
Disease	disease_54771	4.414639332922427e-10
Disease	disease_44657	4.4142442478353446e-10
Disease	disease_44625	4.4142442478353446e-10
Disease	disease_3454	4.409834113185654e-10
Disease	disease_2669	4.4091053791194075e-10
Disease	disease_13039	4.4085637678746596e-10
Disease	disease_19128	4.405742815603602e-10
Disease	disease_10087	4.4031149615059623e-10
Disease	disease_12713	4.4001207396387946e-10
Disease	disease_4561	4.399935312724081e-10
Disease	disease_11296	4.3983292772924053e-10
Disease	disease_15418	4.3965639827951044e-10
Disease	disease_6262	4.395459563118939e-10
Disease	disease_9558	4.3915638438678644e-10
Disease	disease_12989	4.3909591305565294e-10
Disease	disease_4424	4.3822629994899713e-10
Disease	disease_11103	4.381157045889695e-10
Disease	disease_4862	4.363661306596165e-10
Disease	disease_3518	4.3623352314063513e-10
Disease	disease_14164	4.3622125513665854e-10
Disease	disease_3374	4.3612103874918294e-10
Disease	disease_16598	4.358578027394555e-10
Disease	disease_4349	4.3575484433906025e-10
Disease	disease_44682	4.357388298640166e-10
Disease	disease_2578	4.3525814122920263e-10
Disease	disease_2672	4.35032264540417e-10
Disease	disease_20473	4.3455672343080295e-10
Disease	disease_42491	4.3402507069689146e-10
Disease	disease_19679	4.340184949020959e-10
Disease	disease_2944	4.3313657503511455e-10
Disease	disease_19283	4.3310155983290776e-10
Disease	disease_1779	4.330442569133816e-10
Disease	disease_6211	4.3292230168406724e-10
Disease	disease_14345	4.320638971653997e-10
Disease	disease_19320	4.319317146138079e-10
Disease	disease_6469	4.315341716842896e-10
Disease	disease_36781	4.310973574897764e-10
Disease	disease_17237	4.3072315510972223e-10
Disease	disease_12023	4.300010285612044e-10
Disease	disease_8125	4.296513140098463e-10
Disease	disease_13795	4.29074162123794e-10
Disease	disease_5238	4.2855636330976556e-10
Disease	disease_6283	4.2774736476257005e-10
Disease	disease_24386	4.2774736476257005e-10
Disease	disease_4128	4.2774736476257005e-10
Disease	disease_4237	4.2774736476257005e-10
Disease	disease_7278	4.2758043107049826e-10
Disease	disease_4973	4.269335703206127e-10
Disease	disease_15424	4.2686173789010086e-10
Disease	disease_6533	4.267864896079099e-10
Disease	disease_17983	4.2671683181996846e-10
Disease	disease_11465	4.2639330419100676e-10
Disease	disease_13105	4.2639330419100676e-10
Disease	disease_13102	4.2639330419100676e-10
Disease	disease_13106	4.2639330419100676e-10
Disease	disease_13104	4.2639330419100676e-10
Disease	disease_13101	4.2639330419100676e-10
Disease	disease_3333	4.2635462446074385e-10
Disease	disease_10801	4.259713301820592e-10
Disease	disease_44791	4.2508393225158643e-10
Disease	disease_8268	4.2486614474462494e-10
Disease	disease_4197	4.2371572991249744e-10
Disease	disease_8744	4.2256265575284993e-10
Disease	disease_4696	4.221891266648049e-10
Disease	disease_21979	4.2127848599309416e-10
Disease	disease_25417	4.2113440806988144e-10
Disease	disease_25381	4.2113440806988144e-10
Disease	disease_25167	4.2113440806988144e-10
Disease	disease_18447	4.209876306823188e-10
Disease	disease_3369	4.2022281350912187e-10
Disease	disease_16937	4.201785004058338e-10
Disease	disease_12097	4.1976056164895247e-10
Disease	disease_10538	4.18971004897107e-10
Disease	disease_19630	4.1894689238717665e-10
Disease	disease_44315	4.1819848109311284e-10
Disease	disease_18022	4.178642280618299e-10
Disease	disease_19206	4.1769191800510196e-10
Disease	disease_23040	4.1769191800510196e-10
Disease	disease_23046	4.1769191800510196e-10
Disease	disease_23041	4.1769191800510196e-10
Disease	disease_43110	4.1769191800510196e-10
Disease	disease_23048	4.1769191800510196e-10
Disease	disease_23042	4.1769191800510196e-10
Disease	disease_22611	4.1769191800510196e-10
Disease	disease_22432	4.1769191800510196e-10
Disease	disease_23045	4.1769191800510196e-10
Disease	disease_20636	4.1748036521966444e-10
Disease	disease_13963	4.1671246590886136e-10
Disease	disease_11774	4.163016303515659e-10
Disease	disease_8274	4.162475061836075e-10
Disease	disease_32873	4.160968045793575e-10
Disease	disease_54806	4.149220569025142e-10
Disease	disease_11535	4.147948401609529e-10
Disease	disease_12970	4.1394619672319145e-10
Disease	disease_8454	4.129357137001759e-10
Disease	disease_2789	4.122256972446125e-10
Disease	disease_2310	4.115260348883689e-10
Disease	disease_1523	4.115260348883689e-10
Disease	disease_12378	4.112047507539027e-10
Disease	disease_11563	4.112047507539027e-10
Disease	disease_12598	4.112047507539027e-10
Disease	disease_9762	4.1076812213328584e-10
Disease	disease_20701	4.105723887439712e-10
Disease	disease_3548	4.1054343115691847e-10
Disease	disease_12437	4.0979481641513556e-10
Disease	disease_3980	4.0954368706184326e-10
Disease	disease_3706	4.0807262016582625e-10
Disease	disease_24534	4.0799355834454916e-10
Disease	disease_18793	4.0757453789484104e-10
Disease	disease_300000	4.0730021953171096e-10
Disease	disease_3047	4.0726578010314787e-10
Disease	disease_13826	4.066111620078574e-10
Disease	disease_12185	4.0630623382149706e-10
Disease	disease_17430	4.059812410702111e-10
Disease	disease_23644	4.0565718869565055e-10
Disease	disease_12452	4.0563465154684383e-10
Disease	disease_12409	4.055096021084887e-10
Disease	disease_14799	4.0527534329453805e-10
Disease	disease_2434	4.0527197471368683e-10
Disease	disease_13734	4.052693860109065e-10
Disease	disease_17568	4.0526076407595276e-10
Disease	disease_11697	4.05051396901375e-10
Disease	disease_1748	4.048103786961319e-10
Disease	disease_33198	4.043045245226312e-10
Disease	disease_14422	4.041003552324475e-10
Disease	disease_16095	4.0380147748827534e-10
Disease	disease_11625	4.03294099378448e-10
Disease	disease_11286	4.0296797141452265e-10
Disease	disease_11392	4.0296797141452265e-10
Disease	disease_13985	4.0274382399433493e-10
Disease	disease_4927	4.0238917888995434e-10
Disease	disease_3372	4.021880468860064e-10
Disease	disease_7220	4.019023831847917e-10
Disease	disease_14182	4.0141764793997066e-10
Disease	disease_56819	4.0054153835010294e-10
Disease	disease_15392	4.001244817960626e-10
Disease	disease_6403	4.001199139717571e-10
Disease	disease_1503	4.0004318625107973e-10
Disease	disease_4170	4.0004318625107973e-10
Disease	disease_1439	4.0004318625107973e-10
Disease	disease_1360	4.0004318625107973e-10
Disease	disease_24293	3.999184848170161e-10
Disease	disease_8247	3.998611612050424e-10
Disease	disease_43131	3.99426787901897e-10
Disease	disease_2703	3.9926558794357617e-10
Disease	disease_2376	3.991145452567321e-10
Disease	disease_4465	3.987942842832626e-10
Disease	disease_16522	3.9845692821049976e-10
Disease	disease_15457	3.9845692821049976e-10
Disease	disease_16161	3.9845692821049976e-10
Disease	disease_8700	3.979984166701176e-10
Disease	disease_16745	3.975673096128468e-10
Disease	disease_5507	3.9730335746856525e-10
Disease	disease_3912	3.9680793564766303e-10
Disease	disease_44796	3.9673649018672154e-10
Disease	disease_16979	3.965623462036432e-10
Disease	disease_8388	3.9647905927178644e-10
Disease	disease_14982	3.9625804543239653e-10
Disease	disease_21460	3.962480508046645e-10
Disease	disease_1702	3.960170846250497e-10
Disease	disease_1602	3.960170846250497e-10
Disease	disease_20687	3.959341033159059e-10
Disease	disease_32583	3.9557127758403024e-10
Disease	disease_15525	3.9552495081362175e-10
Disease	disease_19885	3.9524741058795734e-10
Disease	disease_21654	3.940848180446033e-10
Disease	disease_6606	3.940848180446033e-10
Disease	disease_16219	3.9388388704915667e-10
Disease	disease_22173	3.928458773420306e-10
Disease	disease_23099	3.928458773420306e-10
Disease	disease_22174	3.928458773420306e-10
Disease	disease_22757	3.928458773420306e-10
Disease	disease_22177	3.928458773420306e-10
Disease	disease_22746	3.928458773420306e-10
Disease	disease_22755	3.928458773420306e-10
Disease	disease_22756	3.928458773420306e-10
Disease	disease_22180	3.928458773420306e-10
Disease	disease_22758	3.928458773420306e-10
Disease	disease_22759	3.928458773420306e-10
Disease	disease_22178	3.928458773420306e-10
Disease	disease_22760	3.928458773420306e-10
Disease	disease_43085	3.928458773420306e-10
Disease	disease_43678	3.928458773420306e-10
Disease	disease_19678	3.922399725161758e-10
Disease	disease_5691	3.9204329395504793e-10
Disease	disease_24746	3.918700130735992e-10
Disease	disease_13746	3.9178041493011973e-10
Disease	disease_9019	3.916686025488694e-10
Disease	disease_27068	3.9164990556463646e-10
Disease	disease_12813	3.912249643784926e-10
Disease	disease_12523	3.9098355257384493e-10
Disease	disease_22672	3.896865198157907e-10
Disease	disease_22567	3.896865198157907e-10
Disease	disease_22673	3.896865198157907e-10
Disease	disease_18380	3.8898201987229447e-10
Disease	disease_15451	3.8802661394585764e-10
Disease	disease_8770	3.8737669925656227e-10
Disease	disease_2163	3.8714497839229225e-10
Disease	disease_963	3.8646641037285807e-10
Disease	disease_12086	3.8624177556317217e-10
Disease	disease_30876	3.859184115155863e-10
Disease	disease_1019	3.85371097296407e-10
Disease	disease_14145	3.8526108811090194e-10
Disease	disease_49221	3.851896580701257e-10
Disease	disease_12343	3.850095863905357e-10
Disease	disease_12751	3.850095863905357e-10
Disease	disease_13716	3.850095863905357e-10
Disease	disease_14738	3.8495828117616814e-10
Disease	disease_21271	3.846678417808732e-10
Disease	disease_18973	3.8445825005647213e-10
Disease	disease_14450	3.84168306544486e-10
Disease	disease_20634	3.839351029337518e-10
Disease	disease_8973	3.8390380818949076e-10
Disease	disease_9157	3.83256046636274e-10
Disease	disease_15086	3.828784896871439e-10
Disease	disease_18064	3.828784896871439e-10
Disease	disease_11253	3.828784896871439e-10
Disease	disease_24981	3.826074809639122e-10
Disease	disease_3707	3.8250059334902927e-10
Disease	disease_7093	3.8208957002039354e-10
Disease	disease_16762	3.8206351662649435e-10
Disease	disease_20353	3.8206351662649435e-10
Disease	disease_11799	3.816828179687469e-10
Disease	disease_13738	3.816828179687469e-10
Disease	disease_12993	3.816349966093246e-10
Disease	disease_37252	3.816252305151824e-10
Disease	disease_2606	3.816051134531893e-10
Disease	disease_3376	3.8146069923811957e-10
Disease	disease_3755	3.806037853922136e-10
Disease	disease_4008	3.7994644456238077e-10
Disease	disease_12489	3.797151878220366e-10
Disease	disease_5286	3.7960642231828975e-10
Disease	disease_14540	3.79249004092738e-10
Disease	disease_17203	3.786727999291694e-10
Disease	disease_12083	3.7866399007624377e-10
Disease	disease_2368	3.78175212765998e-10
Disease	disease_3930	3.7709109484778383e-10
Disease	disease_1435	3.7706677773287087e-10
Disease	disease_4578	3.7706677773287087e-10
Disease	disease_15414	3.7676070182797704e-10
Disease	disease_7360	3.766427092596048e-10
Disease	disease_43191	3.765956345355794e-10
Disease	disease_30953	3.764832531418147e-10
Disease	disease_11320	3.755741286435747e-10
Disease	disease_18156	3.754978968471954e-10
Disease	disease_1989	3.7480326575131053e-10
Disease	disease_12349	3.7469399811399926e-10
Disease	disease_10442	3.7376905353101385e-10
Disease	disease_8098	3.7312238137437925e-10
Disease	disease_14075	3.730244072353002e-10
Disease	disease_1793	3.729548989466096e-10
Disease	disease_17744	3.7276743343908516e-10
Disease	disease_10915	3.7247664107343933e-10
Disease	disease_25138	3.7233587426926855e-10
Disease	disease_3873	3.723327410258471e-10
Disease	disease_4092	3.717414257762686e-10
Disease	disease_21099	3.7113382625226146e-10
Disease	disease_11031	3.7097674580874154e-10
Disease	disease_8167	3.709464796050683e-10
Disease	disease_6352	3.7079559080173933e-10
Disease	disease_975	3.703254900768196e-10
Disease	disease_16048	3.7020046143911167e-10
Disease	disease_18228	3.7010667943619863e-10
Disease	disease_14694	3.7010494172456893e-10
Disease	disease_378	3.696692353955259e-10
Disease	disease_31003	3.6963790734494837e-10
Disease	disease_14050	3.694752494312515e-10
Disease	disease_12442	3.6913910682505307e-10
Disease	disease_14319	3.6910555694108635e-10
Disease	disease_23704	3.690988500273875e-10
Disease	disease_17788	3.689512264776116e-10
Disease	disease_12842	3.677295102666246e-10
Disease	disease_11954	3.677295102666246e-10
Disease	disease_372	3.675629245919331e-10
Disease	disease_30058	3.671802988216187e-10
Disease	disease_44786	3.6709894961936724e-10
Disease	disease_15750	3.6650416934690145e-10
Disease	disease_30974	3.663509763232478e-10
Disease	disease_12307	3.6621746043874565e-10
Disease	disease_19500	3.654413305657659e-10
Disease	disease_17427	3.6543014205462224e-10
Disease	disease_5750	3.653950795715922e-10
Disease	disease_6747	3.653950795715922e-10
Disease	disease_5809	3.653950795715922e-10
Disease	disease_5811	3.653950795715922e-10
Disease	disease_25003	3.653950795715922e-10
Disease	disease_25459	3.653950795715922e-10
Disease	disease_25510	3.653950795715922e-10
Disease	disease_24971	3.653950795715922e-10
Disease	disease_5734	3.653950795715922e-10
Disease	disease_24953	3.653950795715922e-10
Disease	disease_5581	3.653950795715922e-10
Disease	disease_5765	3.653950795715922e-10
Disease	disease_24935	3.653950795715922e-10
Disease	disease_5679	3.653950795715922e-10
Disease	disease_5675	3.653950795715922e-10
Disease	disease_6051	3.653950795715922e-10
Disease	disease_3542	3.6532543405776787e-10
Disease	disease_5806	3.648433767365017e-10
Disease	disease_4494	3.6255794651376527e-10
Disease	disease_4219	3.6255794651376527e-10
Disease	disease_4547	3.6255794651376527e-10
Disease	disease_4543	3.6255794651376527e-10
Disease	disease_4493	3.6255794651376527e-10
Disease	disease_4178	3.6255794651376527e-10
Disease	disease_4198	3.6255794651376527e-10
Disease	disease_4106	3.6255794651376527e-10
Disease	disease_4453	3.6255794651376527e-10
Disease	disease_4402	3.6255794651376527e-10
Disease	disease_21300	3.6222115451113873e-10
Disease	disease_8370	3.621885566424849e-10
Disease	disease_17451	3.621267196425006e-10
Disease	disease_17563	3.615208261654428e-10
Disease	disease_17562	3.615208261654428e-10
Disease	disease_11102	3.614470737390923e-10
Disease	disease_5438	3.607642558301567e-10
Disease	disease_1614	3.607642558301567e-10
Disease	disease_13749	3.6072464138352555e-10
Disease	disease_15462	3.606860904542488e-10
Disease	disease_8993	3.603358374467665e-10
Disease	disease_11159	3.5993540894748906e-10
Disease	disease_13356	3.5875683518629113e-10
Disease	disease_4055	3.5851122274837835e-10
Disease	disease_10736	3.5846472441802884e-10
Disease	disease_11757	3.583356552989783e-10
Disease	disease_1880	3.5794110184369263e-10
Disease	disease_4191	3.55930722916934e-10
Disease	disease_4226	3.55392333545444e-10
Disease	disease_4254	3.55392333545444e-10
Disease	disease_3187	3.5508466291860784e-10
Disease	disease_56818	3.546887458384749e-10
Disease	disease_2972	3.5455636812453084e-10
Disease	disease_45069	3.544410802982056e-10
Disease	disease_4038	3.5415266911174266e-10
Disease	disease_4030	3.540420537823418e-10
Disease	disease_1430	3.53774210691032e-10
Disease	disease_10521	3.5277953993783496e-10
Disease	disease_17675	3.5219222369025777e-10
Disease	disease_893	3.5206842643118156e-10
Disease	disease_895	3.5206842643118156e-10
Disease	disease_12604	3.5191051254773187e-10
Disease	disease_19489	3.5179725349284403e-10
Disease	disease_18663	3.513107706446145e-10
Disease	disease_30933	3.508366538965629e-10
Disease	disease_11104	3.505911049077397e-10
Disease	disease_7787	3.5048214675339874e-10
Disease	disease_11761	3.5035907525366133e-10
Disease	disease_11673	3.5035907525366133e-10
Disease	disease_12974	3.5035907525366133e-10
Disease	disease_12090	3.5035907525366133e-10
Disease	disease_17039	3.5030431464630663e-10
Disease	disease_18128	3.4992248812215313e-10
Disease	disease_13312	3.4918595025007765e-10
Disease	disease_3784	3.4905640612831643e-10
Disease	disease_15032	3.489555830339115e-10
Disease	disease_2858	3.4845895708152655e-10
Disease	disease_3035	3.4845895708152655e-10
Disease	disease_3565	3.4760325108567525e-10
Disease	disease_24539	3.4752322250199877e-10
Disease	disease_14228	3.4747928709520454e-10
Disease	disease_2188	3.4684824677725595e-10
Disease	disease_12170	3.466997483892546e-10
Disease	disease_21513	3.4577554447036166e-10
Disease	disease_6208	3.456578920245129e-10
Disease	disease_32911	3.4506086277670004e-10
Disease	disease_19654	3.4458463230847726e-10
Disease	disease_19653	3.4458463230847726e-10
Disease	disease_19652	3.4458463230847726e-10
Disease	disease_4659	3.444632768695239e-10
Disease	disease_13230	3.4336182476188717e-10
Disease	disease_3194	3.431866395036057e-10
Disease	disease_2060	3.4305912949322687e-10
Disease	disease_2479	3.4245912974607176e-10
Disease	disease_2511	3.423801763806893e-10
Disease	disease_2124	3.423801763806893e-10
Disease	disease_1766	3.423801763806893e-10
Disease	disease_957	3.423801763806893e-10
Disease	disease_1851	3.423801763806893e-10
Disease	disease_4512	3.417665915143638e-10
Disease	disease_6578	3.417367849930086e-10
Disease	disease_6593	3.417367849930086e-10
Disease	disease_6539	3.417367849930086e-10
Disease	disease_6612	3.417367849930086e-10
Disease	disease_32802	3.4096096637206086e-10
Disease	disease_20375	3.407332723728566e-10
Disease	disease_17104	3.4062462530757153e-10
Disease	disease_3466	3.4015899474565407e-10
Disease	disease_10973	3.3977556451166305e-10
Disease	disease_2534	3.395125260723578e-10
Disease	disease_13630	3.394320924547011e-10
Disease	disease_11372	3.391466141847272e-10
Disease	disease_10710	3.385721235311531e-10
Disease	disease_7177	3.383607549660054e-10
Disease	disease_19413	3.3801889403661963e-10
Disease	disease_16622	3.3801889403661963e-10
Disease	disease_17980	3.3801889403661963e-10
Disease	disease_371	3.377112568405959e-10
Disease	disease_8417	3.373225730627288e-10
Disease	disease_4142	3.3673543736552743e-10
Disease	disease_24616	3.367147857232313e-10
Disease	disease_21529	3.3640712079374403e-10
Disease	disease_3347	3.3640452507627375e-10
Disease	disease_3348	3.3640452507627375e-10
Disease	disease_520	3.3612218937803293e-10
Disease	disease_10104	3.3608157609042906e-10
Disease	disease_12274	3.356429447962653e-10
Disease	disease_20173	3.353375461818992e-10
Disease	disease_19899	3.350782725179255e-10
Disease	disease_6313	3.343676579147711e-10
Disease	disease_7250	3.336107759487581e-10
Disease	disease_44704	3.3294269941901157e-10
Disease	disease_21547	3.324746745652967e-10
Disease	disease_2581	3.3214628468516134e-10
Disease	disease_16373	3.320462177905126e-10
Disease	disease_14765	3.3137602685265247e-10
Disease	disease_13215	3.312848307956133e-10
Disease	disease_3856	3.308628823115735e-10
Disease	disease_3800	3.308628823115735e-10
Disease	disease_4344	3.308628823115735e-10
Disease	disease_18552	3.306058002388947e-10
Disease	disease_18553	3.306058002388947e-10
Disease	disease_4373	3.3059537483276223e-10
Disease	disease_8618	3.302739196593231e-10
Disease	disease_961	3.3008062036905695e-10
Disease	disease_19120	3.300172142643556e-10
Disease	disease_3702	3.296273461305804e-10
Disease	disease_14965	3.2956371224716386e-10
Disease	disease_18600	3.293720210952512e-10
Disease	disease_18599	3.293720210952512e-10
Disease	disease_22991	3.289961202754392e-10
Disease	disease_397	3.28344980140571e-10
Disease	disease_16572	3.280193122061482e-10
Disease	disease_2194	3.2724413746808114e-10
Disease	disease_13429	3.2721849672837083e-10
Disease	disease_11300	3.271419335544659e-10
Disease	disease_12045	3.271419335544659e-10
Disease	disease_21170	3.271231460848631e-10
Disease	disease_6353	3.2601155629157676e-10
Disease	disease_13859	3.258373536300389e-10
Disease	disease_2989	3.2523376372981484e-10
Disease	disease_3731	3.2436944659016585e-10
Disease	disease_6321	3.2432921432689907e-10
Disease	disease_32649	3.2417038171048736e-10
Disease	disease_949	3.241552710431692e-10
Disease	disease_44656	3.2378345195973336e-10
Disease	disease_14425	3.233537091562808e-10
Disease	disease_14256	3.2334126629327315e-10
Disease	disease_14153	3.2310650721105965e-10
Disease	disease_17727	3.230078811888376e-10
Disease	disease_3516	3.227134598022258e-10
Disease	disease_32717	3.225998035950477e-10
Disease	disease_8269	3.224854155820752e-10
Disease	disease_1313	3.2161982726183493e-10
Disease	disease_17487	3.2121508932915223e-10
Disease	disease_17486	3.2121508932915223e-10
Disease	disease_4430	3.204606920139871e-10
Disease	disease_2935	3.204606920139871e-10
Disease	disease_11192	3.1992294440893427e-10
Disease	disease_21477	3.197579237885097e-10
Disease	disease_3787	3.1952543585349815e-10
Disease	disease_18252	3.189471817609954e-10
Disease	disease_6066	3.18564964988203e-10
Disease	disease_4164	3.18564964988203e-10
Disease	disease_11621	3.183549513309197e-10
Disease	disease_6369	3.180819290033493e-10
Disease	disease_4436	3.1769102052481183e-10
Disease	disease_968	3.174746702889496e-10
Disease	disease_8514	3.1738381716553365e-10
Disease	disease_12971	3.1700752828397756e-10
Disease	disease_3118	3.169314529680768e-10
Disease	disease_44675	3.1675900698720036e-10
Disease	disease_18315	3.1675900698720036e-10
Disease	disease_100319	3.155973721384296e-10
Disease	disease_100233	3.155973721384296e-10
Disease	disease_11709	3.152879210190079e-10
Disease	disease_24663	3.147887689692978e-10
Disease	disease_6854	3.1451777934578063e-10
Disease	disease_14710	3.1388708229749897e-10
Disease	disease_2770	3.1387146057827676e-10
Disease	disease_7851	3.13738952100635e-10
Disease	disease_6087	3.1363102680043796e-10
Disease	disease_33200	3.135804329435991e-10
Disease	disease_4333	3.1298944874533886e-10
Disease	disease_13151	3.126614111463523e-10
Disease	disease_15396	3.116373256090054e-10
Disease	disease_15314	3.116373256090054e-10
Disease	disease_16530	3.116373256090054e-10
Disease	disease_16057	3.113342982812284e-10
Disease	disease_2763	3.112781632096371e-10
Disease	disease_3876	3.107476428262898e-10
Disease	disease_21169	3.1039255472029385e-10
Disease	disease_16978	3.1028675083273577e-10
Disease	disease_16976	3.1028675083273577e-10
Disease	disease_16977	3.1028675083273577e-10
Disease	disease_1216	3.1024390354285774e-10
Disease	disease_20818	3.1024390354285774e-10
Disease	disease_1326	3.1024390354285774e-10
Disease	disease_20812	3.1024390354285774e-10
Disease	disease_3300	3.099657768468076e-10
Disease	disease_22930	3.0846859286801923e-10
Disease	disease_23235	3.0814789685010235e-10
Disease	disease_3027	3.08076431678643e-10
Disease	disease_15712	3.072184740033585e-10
Disease	disease_3120	3.0701589250915585e-10
Disease	disease_13113	3.068174110362686e-10
Disease	disease_6233	3.0646784020775905e-10
Disease	disease_10987	3.056362306290421e-10
Disease	disease_36990	3.0554135309356774e-10
Disease	disease_13130	3.0549679158298174e-10
Disease	disease_19889	3.0468030674865014e-10
Disease	disease_14372	3.03960881508404e-10
Disease	disease_14560	3.0395137454790417e-10
Disease	disease_7040	3.03210482714106e-10
Disease	disease_21484	3.025033549653335e-10
Disease	disease_19818	3.024113229359192e-10
Disease	disease_13375	3.0239664041608103e-10
Disease	disease_44638	3.01835204952311e-10
Disease	disease_3984	3.015939382039127e-10
Disease	disease_21515	3.007553317702298e-10
Disease	disease_21483	3.006958664104439e-10
Disease	disease_4537	2.9956986564852914e-10
Disease	disease_13027	2.995343036892919e-10
Disease	disease_3045	2.99006339989161e-10
Disease	disease_16577	2.9887479975288745e-10
Disease	disease_18254	2.9851463901814243e-10
Disease	disease_2759	2.979899773232265e-10
Disease	disease_1055	2.973731181908465e-10
Disease	disease_44998	2.9669858936195666e-10
Disease	disease_4047	2.9637560371819325e-10
Disease	disease_21441	2.955719571561945e-10
Disease	disease_14424	2.944240675318341e-10
Disease	disease_13744	2.9398821482342956e-10
Disease	disease_3786	2.938599061801607e-10
Disease	disease_1443	2.935275028256186e-10
Disease	disease_1547	2.935275028256186e-10
Disease	disease_3647	2.935275028256186e-10
Disease	disease_9014	2.934514952954886e-10
Disease	disease_10860	2.9333012011304785e-10
Disease	disease_6396	2.9327326288767843e-10
Disease	disease_4443	2.9318801007507375e-10
Disease	disease_7934	2.9290642498238025e-10
Disease	disease_4091	2.9290240515304346e-10
Disease	disease_18773	2.925377225081696e-10
Disease	disease_9987	2.9213375099682275e-10
Disease	disease_43120	2.9170706962544827e-10
Disease	disease_12254	2.91359980816827e-10
Disease	disease_6284	2.9125520067219003e-10
Disease	disease_22022	2.9109763936644194e-10
Disease	disease_3818	2.909184085661675e-10
Disease	disease_23650	2.90581653446945e-10
Disease	disease_12326	2.886949258827985e-10
Disease	disease_11530	2.8845350047867174e-10
Disease	disease_4645	2.8775821844997316e-10
Disease	disease_13377	2.874281600818622e-10
Disease	disease_1335	2.8741777565500167e-10
Disease	disease_928	2.8720727220876013e-10
Disease	disease_3555	2.8681731652638473e-10
Disease	disease_15167	2.86366883096753e-10
Disease	disease_44978	2.862787045302104e-10
Disease	disease_13783	2.8540349978712786e-10
Disease	disease_11999	2.84977592809427e-10
Disease	disease_6395	2.8488884599073956e-10
Disease	disease_14069	2.8463010061770975e-10
Disease	disease_3692	2.8441408168824004e-10
Disease	disease_100197	2.8354575276064267e-10
Disease	disease_6193	2.8341812139815846e-10
Disease	disease_6166	2.8341812139815846e-10
Disease	disease_2290	2.828265044218131e-10
Disease	disease_13244	2.826397320158758e-10
Disease	disease_7590	2.826207031423415e-10
Disease	disease_976	2.825725965911999e-10
Disease	disease_3414	2.824241535359829e-10
Disease	disease_14635	2.819504927630036e-10
Disease	disease_2936	2.8118673089354273e-10
Disease	disease_19760	2.8075022212171877e-10
Disease	disease_4088	2.806219830860783e-10
Disease	disease_7281	2.80510517401891e-10
Disease	disease_4718	2.802031631392748e-10
Disease	disease_4706	2.802031631392748e-10
Disease	disease_2136	2.802031631392748e-10
Disease	disease_4621	2.7961561287315313e-10
Disease	disease_3254	2.7961542275487036e-10
Disease	disease_16922	2.7941978308266273e-10
Disease	disease_2221	2.7926123187052965e-10
Disease	disease_7936	2.792228647823829e-10
Disease	disease_14739	2.787785624853616e-10
Disease	disease_9984	2.78402857346864e-10
Disease	disease_2130	2.7816902945593095e-10
Disease	disease_11258	2.7810695135848306e-10
Disease	disease_11984	2.7765721594658057e-10
Disease	disease_12051	2.7637229369976367e-10
Disease	disease_3721	2.7631423782523026e-10
Disease	disease_7195	2.762146991838354e-10
Disease	disease_4039	2.7592799069765425e-10
Disease	disease_9200	2.748529169923071e-10
Disease	disease_21520	2.7485290455258494e-10
Disease	disease_15406	2.7457022462086077e-10
Disease	disease_15407	2.7457022462086077e-10
Disease	disease_20553	2.744434930935792e-10
Disease	disease_14798	2.7418600556257763e-10
Disease	disease_10259	2.7393856569188933e-10
Disease	disease_11880	2.7369827057225796e-10
Disease	disease_4283	2.7354332287951215e-10
Disease	disease_5940	2.733420516936765e-10
Disease	disease_12797	2.73122428362046e-10
Disease	disease_25376	2.7300990622929876e-10
Disease	disease_4615	2.722065182045926e-10
Disease	disease_1680	2.7194923320141056e-10
Disease	disease_20390	2.716141747593142e-10
Disease	disease_2860	2.7153334134282234e-10
Disease	disease_17428	2.712475093223914e-10
Disease	disease_16927	2.7075690048120994e-10
Disease	disease_7185	2.7047449674729974e-10
Disease	disease_3515	2.703465603120538e-10
Disease	disease_17511	2.69560497451292e-10
Disease	disease_17512	2.69560497451292e-10
Disease	disease_19990	2.6950682263425704e-10
Disease	disease_19991	2.6950682263425704e-10
Disease	disease_4261	2.694879827088464e-10
Disease	disease_4449	2.694879827088464e-10
Disease	disease_5605	2.692380469155945e-10
Disease	disease_3714	2.686446138312366e-10
Disease	disease_1054	2.683935723048651e-10
Disease	disease_16924	2.683777953920909e-10
Disease	disease_2372	2.6812444597716614e-10
Disease	disease_4329	2.68033733876973e-10
Disease	disease_14999	2.67700030719657e-10
Disease	disease_12420	2.6760687840655156e-10
Disease	disease_11762	2.674462575564023e-10
Disease	disease_15272	2.6705343350313207e-10
Disease	disease_8606	2.6704745433114306e-10
Disease	disease_670	2.6674883200673566e-10
Disease	disease_684	2.6674883200673566e-10
Disease	disease_44785	2.6665288584347885e-10
Disease	disease_13471	2.6654751028107266e-10
Disease	disease_4682	2.6629966935354277e-10
Disease	disease_4720	2.6614910414614514e-10
Disease	disease_17448	2.6584514466562573e-10
Disease	disease_6317	2.6547675007175037e-10
Disease	disease_21447	2.6512604461960637e-10
Disease	disease_7961	2.64899348943237e-10
Disease	disease_43349	2.6469023748188755e-10
Disease	disease_13954	2.643537946124569e-10
Disease	disease_4364	2.64235542733601e-10
Disease	disease_513	2.6386301192308747e-10
Disease	disease_21524	2.6374745673704323e-10
Disease	disease_309	2.6372547846212323e-10
Disease	disease_1390	2.6372547846212323e-10
Disease	disease_11921	2.636948588350375e-10
Disease	disease_9018	2.63575004400264e-10
Disease	disease_10903	2.6331499493867605e-10
Disease	disease_20593	2.627355551398343e-10
Disease	disease_4550	2.6255034941292153e-10
Disease	disease_22586	2.621150172289886e-10
Disease	disease_21762	2.621150172289886e-10
Disease	disease_5216	2.6182417836249076e-10
Disease	disease_20651	2.617455549218576e-10
Disease	disease_56820	2.617189232820413e-10
Disease	disease_2965	2.6170608901455784e-10
Disease	disease_17391	2.6162153510228997e-10
Disease	disease_20363	2.6162153510228997e-10
Disease	disease_32639	2.609329525121838e-10
Disease	disease_30604	2.60606567742136e-10
Disease	disease_11808	2.6040336442089587e-10
Disease	disease_13774	2.603311368867225e-10
Disease	disease_2696	2.6021229005809723e-10
Disease	disease_11856	2.597862841956962e-10
Disease	disease_18255	2.597862841956962e-10
Disease	disease_29145	2.595441642810707e-10
Disease	disease_8517	2.593491928251276e-10
Disease	disease_17348	2.59164802447894e-10
Disease	disease_2469	2.5875870638379816e-10
Disease	disease_17931	2.586269032359247e-10
Disease	disease_15303	2.584514836702976e-10
Disease	disease_15302	2.584514836702976e-10
Disease	disease_17906	2.584514836702976e-10
Disease	disease_17382	2.5833774819860294e-10
Disease	disease_2379	2.5765447117561467e-10
Disease	disease_21445	2.5655583763054994e-10
Disease	disease_4426	2.564726849046186e-10
Disease	disease_17937	2.563002739312731e-10
Disease	disease_6619	2.557575740743042e-10
Disease	disease_534	2.554463798753574e-10
Disease	disease_3292	2.5535112386539993e-10
Disease	disease_12003	2.549976453789262e-10
Disease	disease_20220	2.5498849485748855e-10
Disease	disease_2667	2.546449964619568e-10
Disease	disease_4239	2.542634786627513e-10
Disease	disease_17583	2.5425276965750247e-10
Disease	disease_8607	2.5387091134487325e-10
Disease	disease_3733	2.534761623315494e-10
Disease	disease_3722	2.5335803325385215e-10
Disease	disease_54752	2.530380162916097e-10
Disease	disease_11553	2.520893868150886e-10
Disease	disease_18738	2.520770122485142e-10
Disease	disease_2385	2.520770122485142e-10
Disease	disease_3681	2.514561764879987e-10
Disease	disease_17386	2.514561764879987e-10
Disease	disease_2096	2.5139999052465723e-10
Disease	disease_11477	2.4985805147504775e-10
Disease	disease_12922	2.498031037635861e-10
Disease	disease_10411	2.498031037635861e-10
Disease	disease_12785	2.498031037635861e-10
Disease	disease_12457	2.498031037635861e-10
Disease	disease_26404	2.4706647803422e-10
Disease	disease_24325	2.470271649897587e-10
Disease	disease_14971	2.467958690268522e-10
Disease	disease_3086	2.46386026646578e-10
Disease	disease_21517	2.457473284644189e-10
Disease	disease_3331	2.457205069078086e-10
Disease	disease_1804	2.45675797609701e-10
Disease	disease_10836	2.455137228126938e-10
Disease	disease_20084	2.4494221973564776e-10
Disease	disease_3896	2.449284495010889e-10
Disease	disease_6093	2.442397080146729e-10
Disease	disease_15635	2.437641143824436e-10
Disease	disease_44690	2.4312909468649484e-10
Disease	disease_44689	2.4312909468649484e-10
Disease	disease_44688	2.4312909468649484e-10
Disease	disease_44687	2.4312909468649484e-10
Disease	disease_12445	2.430344108776116e-10
Disease	disease_1237	2.4299302363534006e-10
Disease	disease_4129	2.4295949736828554e-10
Disease	disease_4010	2.4261677941514946e-10
Disease	disease_3773	2.4258597091911613e-10
Disease	disease_19549	2.42184374472896e-10
Disease	disease_21482	2.4208632396334836e-10
Disease	disease_4130	2.4205879531851597e-10
Disease	disease_20351	2.4159231066429416e-10
Disease	disease_4702	2.413204213175603e-10
Disease	disease_4312	2.4124964759873455e-10
Disease	disease_11364	2.4118646913935907e-10
Disease	disease_4545	2.411363408010027e-10
Disease	disease_3610	2.406471453858051e-10
Disease	disease_7176	2.406070441960132e-10
Disease	disease_15698	2.405407739680853e-10
Disease	disease_2580	2.4038731279643005e-10
Disease	disease_7224	2.398636803390648e-10
Disease	disease_1763	2.39464827020327e-10
Disease	disease_13205	2.3909570284061733e-10
Disease	disease_13207	2.3909570284061733e-10
Disease	disease_26426	2.3859618156085867e-10
Disease	disease_18192	2.3835111746317394e-10
Disease	disease_6463	2.379381024330715e-10
Disease	disease_9117	2.372450449436001e-10
Disease	disease_25385	2.370545397590095e-10
Disease	disease_4530	2.367442095525093e-10
Disease	disease_6137	2.367442095525093e-10
Disease	disease_6139	2.367442095525093e-10
Disease	disease_9373	2.3629766942811086e-10
Disease	disease_1691	2.3609326389436803e-10
Disease	disease_4305	2.3594590979223273e-10
Disease	disease_10522	2.349486264511404e-10
Disease	disease_22109	2.3487792884388295e-10
Disease	disease_8798	2.3487493753225163e-10
Disease	disease_9467	2.345967574839037e-10
Disease	disease_10374	2.3440253327053414e-10
Disease	disease_11259	2.3440253327053414e-10
Disease	disease_21275	2.339868848462535e-10
Disease	disease_15543	2.339507423227596e-10
Disease	disease_15544	2.339507423227596e-10
Disease	disease_6172	2.337762259626195e-10
Disease	disease_4831	2.337416074276133e-10
Disease	disease_3777	2.337374358791937e-10
Disease	disease_4427	2.337325587202727e-10
Disease	disease_14301	2.3329517470662527e-10
Disease	disease_13903	2.329991825022041e-10
Disease	disease_4232	2.3275681454501167e-10
Disease	disease_30998	2.3264549492030584e-10
Disease	disease_13929	2.3252578444523748e-10
Disease	disease_7245	2.323869609567984e-10
Disease	disease_2916	2.3213955674335078e-10
Disease	disease_4371	2.3213955674335078e-10
Disease	disease_18885	2.3177276492637106e-10
Disease	disease_4762	2.316424991835529e-10
Disease	disease_1809	2.316424991835529e-10
Disease	disease_6782	2.316424991835529e-10
Disease	disease_4936	2.316424991835529e-10
Disease	disease_1753	2.316424991835529e-10
Disease	disease_1808	2.316424991835529e-10
Disease	disease_2353	2.3155363874094847e-10
Disease	disease_10755	2.315119730026002e-10
Disease	disease_16446	2.3135450263092703e-10
Disease	disease_2371	2.3107363849000986e-10
Disease	disease_4150	2.3107363849000986e-10
Disease	disease_2377	2.3107363849000986e-10
Disease	disease_16212	2.3084220609627487e-10
Disease	disease_1869	2.3062832850439835e-10
Disease	disease_4063	2.2978634184133806e-10
Disease	disease_3840	2.2944263766673213e-10
Disease	disease_933	2.2930771739734993e-10
Disease	disease_25412	2.2870576821207323e-10
Disease	disease_11960	2.28506405270582e-10
Disease	disease_20736	2.2849004347528548e-10
Disease	disease_11351	2.2848403575442856e-10
Disease	disease_12162	2.2815840927114825e-10
Disease	disease_13300	2.2812729824910306e-10
Disease	disease_17239	2.2795885666520386e-10
Disease	disease_21548	2.2787568242310205e-10
Disease	disease_11591	2.2787568242310205e-10
Disease	disease_6460	2.273875786827381e-10
Disease	disease_16509	2.2716548132008113e-10
Disease	disease_13906	2.2710784418966678e-10
Disease	disease_12025	2.2698284967295923e-10
Disease	disease_12333	2.2697237096282575e-10
Disease	disease_4601	2.2639914120842964e-10
Disease	disease_4646	2.2639914120842964e-10
Disease	disease_18651	2.2635984671385789e-10
Disease	disease_3003	2.258060721866233e-10
Disease	disease_16282	2.258060721866233e-10
Disease	disease_16284	2.258060721866233e-10
Disease	disease_1474	2.255386669631133e-10
Disease	disease_6326	2.249428056377437e-10
Disease	disease_4472	2.24882493623594e-10
Disease	disease_4724	2.24682207844173e-10
Disease	disease_25061	2.2453082491572167e-10
Disease	disease_25066	2.2453082491572167e-10
Disease	disease_13466	2.245070442612698e-10
Disease	disease_7564	2.2446628750210624e-10
Disease	disease_3891	2.2442966437550227e-10
Disease	disease_29142	2.2423743891553177e-10
Disease	disease_3480	2.2416329626200214e-10
Disease	disease_20131	2.2411412426817482e-10
Disease	disease_4352	2.2385106904645764e-10
Disease	disease_16671	2.2379472834118977e-10
Disease	disease_16668	2.2379472834118977e-10
Disease	disease_16670	2.2379472834118977e-10
Disease	disease_16672	2.2379472834118977e-10
Disease	disease_16669	2.2379472834118977e-10
Disease	disease_3735	2.236072150618391e-10
Disease	disease_4176	2.2353855000300245e-10
Disease	disease_18507	2.2270774218199995e-10
Disease	disease_19550	2.2270774218199995e-10
Disease	disease_11463	2.2270774218199995e-10
Disease	disease_16454	2.2270774218199995e-10
Disease	disease_34041	2.2270774218199995e-10
Disease	disease_9156	2.2267076968996835e-10
Disease	disease_3384	2.2108031487080024e-10
Disease	disease_3946	2.208394713572033e-10
Disease	disease_1227	2.2060861172510904e-10
Disease	disease_4205	2.202529900250019e-10
Disease	disease_2809	2.2004747746199634e-10
Disease	disease_1783	2.1965078991138462e-10
Disease	disease_2853	2.184937512311068e-10
Disease	disease_9321	2.176441049950319e-10
Disease	disease_21455	2.1761188021413696e-10
Disease	disease_912	2.1739603726899678e-10
Disease	disease_12370	2.1739603726899678e-10
Disease	disease_11279	2.1739603726899678e-10
Disease	disease_11602	2.1739603726899678e-10
Disease	disease_11360	2.1739603726899678e-10
Disease	disease_5713	2.1642085149862917e-10
Disease	disease_1630	2.1596527806304347e-10
Disease	disease_4583	2.1596527806304347e-10
Disease	disease_1985	2.1596527806304347e-10
Disease	disease_1542	2.1589351623714043e-10
Disease	disease_2190	2.1545706995958248e-10
Disease	disease_11852	2.153986876730574e-10
Disease	disease_19462	2.151347524268715e-10
Disease	disease_19465	2.151347524268715e-10
Disease	disease_17599	2.151347524268715e-10
Disease	disease_15814	2.1506577508743804e-10
Disease	disease_15813	2.1506577508743804e-10
Disease	disease_14675	2.1500975616643888e-10
Disease	disease_14307	2.148981047377683e-10
Disease	disease_14363	2.13312876699083e-10
Disease	disease_15050	2.125065291747019e-10
Disease	disease_15051	2.125065291747019e-10
Disease	disease_21331	2.1248322786539585e-10
Disease	disease_4065	2.123299101077945e-10
Disease	disease_2856	2.1217391406864824e-10
Disease	disease_3913	2.1194337421553263e-10
Disease	disease_4455	2.117995896793719e-10
Disease	disease_4454	2.117995896793719e-10
Disease	disease_33670	2.1177930357239328e-10
Disease	disease_16102	2.11483454603951e-10
Disease	disease_7223	2.1096289710298233e-10
Disease	disease_4374	2.1079810008177014e-10
Disease	disease_19608	2.1052926288082043e-10
Disease	disease_6340	2.1035588197548322e-10
Disease	disease_23642	2.101648302019571e-10
Disease	disease_4611	2.1008122799583905e-10
Disease	disease_21472	2.0949796176348435e-10
Disease	disease_15384	2.0919431428318867e-10
Disease	disease_3958	2.0906180926725973e-10
Disease	disease_17588	2.0893944825936816e-10
Disease	disease_17349	2.0879003900975035e-10
Disease	disease_21461	2.087180700505621e-10
Disease	disease_32761	2.0799792838739714e-10
Disease	disease_32762	2.0799792838739714e-10
Disease	disease_4269	2.0796003570511075e-10
Disease	disease_8271	2.0793543883586146e-10
Disease	disease_15101	2.0792457304293025e-10
Disease	disease_20362	2.0792457304293025e-10
Disease	disease_3875	2.0750011417781918e-10
Disease	disease_6483	2.0709798150336596e-10
Disease	disease_3695	2.064729067913716e-10
Disease	disease_19874	2.0582923282360398e-10
Disease	disease_17628	2.0578557539195975e-10
Disease	disease_1454	2.0563011703135826e-10
Disease	disease_1457	2.0563011703135826e-10
Disease	disease_1452	2.0563011703135826e-10
Disease	disease_1456	2.0563011703135826e-10
Disease	disease_1455	2.0563011703135826e-10
Disease	disease_1453	2.0563011703135826e-10
Disease	disease_15907	2.0536553287177494e-10
Disease	disease_3720	2.0531823819235475e-10
Disease	disease_15841	2.045525680220462e-10
Disease	disease_15840	2.045525680220462e-10
Disease	disease_21297	2.044888037241222e-10
Disease	disease_7136	2.0440645486716523e-10
Disease	disease_3461	2.0387781445604263e-10
Disease	disease_964	2.03696435476772e-10
Disease	disease_12202	2.0347287204135414e-10
Disease	disease_19674	2.031119842352997e-10
Disease	disease_11409	2.0274071008631105e-10
Disease	disease_11750	2.02739815023785e-10
Disease	disease_2298	2.0246393806145102e-10
Disease	disease_15773	2.0233497022046742e-10
Disease	disease_4090	2.0225203607329426e-10
Disease	disease_3091	2.0185780685757937e-10
Disease	disease_9090	2.0170290819298807e-10
Disease	disease_4188	2.015958711098838e-10
Disease	disease_7867	2.011900716713823e-10
Disease	disease_16664	2.008708831184743e-10
Disease	disease_2382	2.007073850525465e-10
Disease	disease_3463	2.0044910684494442e-10
Disease	disease_15256	1.9989370891325006e-10
Disease	disease_6196	1.9987008366702263e-10
Disease	disease_21474	1.9902894911410335e-10
Disease	disease_22055	1.986132012335063e-10
Disease	disease_17981	1.9851883643964014e-10
Disease	disease_17331	1.9851883643964014e-10
Disease	disease_18046	1.9851883643964014e-10
Disease	disease_15209	1.9845486848893707e-10
Disease	disease_4204	1.9825465236558877e-10
Disease	disease_4546	1.9812263806926505e-10
Disease	disease_11991	1.9811381695057482e-10
Disease	disease_13250	1.9811381695057482e-10
Disease	disease_12002	1.9811381695057482e-10
Disease	disease_12418	1.9811381695057482e-10
Disease	disease_13365	1.9811381695057482e-10
Disease	disease_13010	1.9811381695057482e-10
Disease	disease_12800	1.980042474998714e-10
Disease	disease_19980	1.9798639102673727e-10
Disease	disease_20313	1.9740199868874298e-10
Disease	disease_6897	1.971170703800811e-10
Disease	disease_6989	1.971170703800811e-10
Disease	disease_1338	1.971170703800811e-10
Disease	disease_16850	1.9675211690091138e-10
Disease	disease_1005	1.9650121877749558e-10
Disease	disease_9588	1.9589608363958875e-10
Disease	disease_1604	1.957751333741393e-10
Disease	disease_4324	1.9544833613845892e-10
Disease	disease_16092	1.9508680444833444e-10
Disease	disease_17800	1.9508680444833444e-10
Disease	disease_17801	1.9508680444833444e-10
Disease	disease_4163	1.9507468666815034e-10
Disease	disease_6086	1.940435571668215e-10
Disease	disease_44784	1.940435571668215e-10
Disease	disease_4464	1.9403311536338569e-10
Disease	disease_3121	1.9402233818930515e-10
Disease	disease_7332	1.9360448476716213e-10
Disease	disease_3863	1.9345597871413807e-10
Disease	disease_12271	1.932758450279323e-10
Disease	disease_18263	1.9289666622168053e-10
Disease	disease_3884	1.926143281216557e-10
Disease	disease_21490	1.9236616537383056e-10
Disease	disease_4218	1.9229297143276942e-10
Disease	disease_626	1.9221088837542096e-10
Disease	disease_4468	1.916009399240153e-10
Disease	disease_17793	1.9146391849639215e-10
Disease	disease_19888	1.909310171212084e-10
Disease	disease_8246	1.9009418260791854e-10
Disease	disease_17412	1.898874296670973e-10
Disease	disease_19877	1.898874296670973e-10
Disease	disease_3279	1.8968364943474746e-10
Disease	disease_1136	1.8968364943474746e-10
Disease	disease_1415	1.8968364943474746e-10
Disease	disease_3995	1.895866963579389e-10
Disease	disease_21078	1.889042955231819e-10
Disease	disease_17631	1.8843381001644883e-10
Disease	disease_4787	1.8762369234799228e-10
Disease	disease_17421	1.8724894938866971e-10
Disease	disease_11079	1.8704835896738983e-10
Disease	disease_24480	1.869686837568037e-10
Disease	disease_20465	1.869686837568037e-10
Disease	disease_2362	1.8671859524629745e-10
Disease	disease_4085	1.8621966964689268e-10
Disease	disease_4221	1.8618981166428314e-10
Disease	disease_4890	1.8600287664096937e-10
Disease	disease_4919	1.85291088221519e-10
Disease	disease_15394	1.8525596809631845e-10
Disease	disease_7891	1.8516009903113619e-10
Disease	disease_3745	1.8456231133049412e-10
Disease	disease_3700	1.8449514475293575e-10
Disease	disease_16510	1.8449257646245227e-10
Disease	disease_4895	1.8443562709703343e-10
Disease	disease_997	1.8443562709703343e-10
Disease	disease_4913	1.8443562709703343e-10
Disease	disease_16440	1.819286012663489e-10
Disease	disease_16437	1.819286012663489e-10
Disease	disease_16438	1.819286012663489e-10
Disease	disease_6392	1.8161688909707605e-10
Disease	disease_8620	1.8150584881152814e-10
Disease	disease_5610	1.813169812102512e-10
Disease	disease_23106	1.813169812102512e-10
Disease	disease_23599	1.813169812102512e-10
Disease	disease_21834	1.813169812102512e-10
Disease	disease_446	1.813169812102512e-10
Disease	disease_4274	1.8109457727604916e-10
Disease	disease_3611	1.8067339544812273e-10
Disease	disease_2110	1.8014482681542774e-10
Disease	disease_17067	1.799369809297412e-10
Disease	disease_17068	1.799369809297412e-10
Disease	disease_17065	1.799369809297412e-10
Disease	disease_17064	1.799369809297412e-10
Disease	disease_17063	1.799369809297412e-10
Disease	disease_4320	1.7954322314606307e-10
Disease	disease_6859	1.789526121346249e-10
Disease	disease_3943	1.7884968435861266e-10
Disease	disease_21488	1.7851480549261417e-10
Disease	disease_15678	1.78066137817628e-10
Disease	disease_4559	1.779949607770706e-10
Disease	disease_16757	1.779949607770706e-10
Disease	disease_1833	1.7782981730959536e-10
Disease	disease_3042	1.773368448904806e-10
Disease	disease_5182	1.7707857452010337e-10
Disease	disease_4469	1.7690212922656858e-10
Disease	disease_3499	1.7690212922656858e-10
Disease	disease_4316	1.7690212922656858e-10
Disease	disease_4523	1.7690212922656858e-10
Disease	disease_44327	1.7676832900233173e-10
Disease	disease_7341	1.765674587897392e-10
Disease	disease_21957	1.7627769090931107e-10
Disease	disease_4199	1.7589353164996678e-10
Disease	disease_21276	1.7586016573663834e-10
Disease	disease_20733	1.7570433072066565e-10
Disease	disease_7135	1.7569862221742917e-10
Disease	disease_3753	1.7561072839643172e-10
Disease	disease_23129	1.7529860047598924e-10
Disease	disease_10887	1.7484608392978016e-10
Disease	disease_16975	1.735912632521512e-10
Disease	disease_3088	1.7358300291079058e-10
Disease	disease_33969	1.7343778981066573e-10
Disease	disease_4727	1.7340365652167413e-10
Disease	disease_3205	1.73379086125326e-10
Disease	disease_1978	1.7259897771943121e-10
Disease	disease_20659	1.7249663660878864e-10
Disease	disease_6394	1.724150003774668e-10
Disease	disease_16287	1.7237652889899715e-10
Disease	disease_21009	1.7215520032850162e-10
Disease	disease_20177	1.7196637452360092e-10
Disease	disease_4162	1.7190385895422285e-10
Disease	disease_1846	1.7190385895422285e-10
Disease	disease_2676	1.715269215945558e-10
Disease	disease_16435	1.7136230255212816e-10
Disease	disease_3358	1.7109330095234045e-10
Disease	disease_6182	1.710379063164308e-10
Disease	disease_1534	1.7083329579642585e-10
Disease	disease_2931	1.7083329579642585e-10
Disease	disease_12944	1.7058667369063415e-10
Disease	disease_6141	1.7047702213746471e-10
Disease	disease_17525	1.7000198790331375e-10
Disease	disease_17526	1.7000198790331375e-10
Disease	disease_15206	1.6990102933885694e-10
Disease	disease_18154	1.6971018743787401e-10
Disease	disease_4788	1.6965092929732776e-10
Disease	disease_24248	1.6883131874925782e-10
Disease	disease_15568	1.6844465620061083e-10
Disease	disease_18757	1.6844465620061083e-10
Disease	disease_15390	1.6844465620061083e-10
Disease	disease_15569	1.6844465620061083e-10
Disease	disease_16966	1.6835898526866785e-10
Disease	disease_3614	1.6807074768370354e-10
Disease	disease_2174	1.679058013987969e-10
Disease	disease_4904	1.679058013987969e-10
Disease	disease_1919	1.679058013987969e-10
Disease	disease_1663	1.679058013987969e-10
Disease	disease_19837	1.6753903531682722e-10
Disease	disease_22096	1.6728238075326664e-10
Disease	disease_2943	1.6714081782858734e-10
Disease	disease_12154	1.6711618033107165e-10
Disease	disease_6777	1.6707312302391767e-10
Disease	disease_1689	1.6707312302391767e-10
Disease	disease_2831	1.668887870064933e-10
Disease	disease_7386	1.665753594604907e-10
Disease	disease_7170	1.6647627470215163e-10
Disease	disease_22893	1.6644544908110576e-10
Disease	disease_22892	1.6644544908110576e-10
Disease	disease_22891	1.6644544908110576e-10
Disease	disease_22890	1.6644544908110576e-10
Disease	disease_22894	1.6644544908110576e-10
Disease	disease_11347	1.6644544908110576e-10
Disease	disease_22896	1.6644544908110576e-10
Disease	disease_22895	1.6644544908110576e-10
Disease	disease_22897	1.6644544908110576e-10
Disease	disease_22898	1.6644544908110576e-10
Disease	disease_3801	1.6558503050852348e-10
Disease	disease_2757	1.6538914229746143e-10
Disease	disease_4864	1.6538914229746143e-10
Disease	disease_17903	1.653138969190807e-10
Disease	disease_4413	1.6462170715960342e-10
Disease	disease_4296	1.6462170715960342e-10
Disease	disease_4552	1.6462170715960342e-10
Disease	disease_8813	1.6434245004365128e-10
Disease	disease_24873	1.6393231963115176e-10
Disease	disease_4089	1.6384317324796664e-10
Disease	disease_4557	1.6380979563678906e-10
Disease	disease_9357	1.637840428155694e-10
Disease	disease_4385	1.6376293231613307e-10
Disease	disease_15450	1.6359494180990536e-10
Disease	disease_21476	1.6317773791570052e-10
Disease	disease_3508	1.6296874357075357e-10
Disease	disease_2766	1.628265920710135e-10
Disease	disease_1144	1.6241584640520245e-10
Disease	disease_1145	1.6241584640520245e-10
Disease	disease_2200	1.6237701918992396e-10
Disease	disease_935	1.6236636790188428e-10
Disease	disease_21805	1.6166346923002905e-10
Disease	disease_3029	1.6080307668889834e-10
Disease	disease_2919	1.6069631703989762e-10
Disease	disease_17454	1.6062112956133266e-10
Disease	disease_18249	1.6062112956133266e-10
Disease	disease_18777	1.6062112956133266e-10
Disease	disease_2537	1.6047549787054486e-10
Disease	disease_4083	1.6020039061433482e-10
Disease	disease_21168	1.6006654456144162e-10
Disease	disease_9630	1.5929933650623786e-10
Disease	disease_4518	1.5877166040349848e-10
Disease	disease_4240	1.5877166040349848e-10
Disease	disease_4203	1.5877166040349848e-10
Disease	disease_60777	1.5869891028824208e-10
Disease	disease_1180	1.5849007590581386e-10
Disease	disease_21183	1.5818417039818007e-10
Disease	disease_2940	1.5798444859514925e-10
Disease	disease_4253	1.57434762179859e-10
Disease	disease_29130	1.5705613595195233e-10
Disease	disease_3095	1.5663061559077775e-10
Disease	disease_15666	1.5623550278122574e-10
Disease	disease_20438	1.5623550278122574e-10
Disease	disease_4719	1.5611011216763022e-10
Disease	disease_3771	1.5602068802881587e-10
Disease	disease_24469	1.5598206786397058e-10
Disease	disease_3237	1.5575810747638418e-10
Disease	disease_12754	1.5569032913359655e-10
Disease	disease_3023	1.5545512048554719e-10
Disease	disease_12926	1.5488733632854118e-10
Disease	disease_17101	1.5458843933636683e-10
Disease	disease_17102	1.5458843933636683e-10
Disease	disease_16923	1.5449351491461585e-10
Disease	disease_20979	1.54274611947919e-10
Disease	disease_6121	1.5353165983994056e-10
Disease	disease_2464	1.532952219354565e-10
Disease	disease_14849	1.5326127329539618e-10
Disease	disease_1769	1.5193279218278421e-10
Disease	disease_44794	1.5126601137191828e-10
Disease	disease_20176	1.5087191241915329e-10
Disease	disease_12049	1.5021319920136614e-10
Disease	disease_15421	1.5021319920136614e-10
Disease	disease_15422	1.5021319920136614e-10
Disease	disease_21109	1.5004472641775553e-10
Disease	disease_13748	1.4970461384562724e-10
Disease	disease_3881	1.4958907200581436e-10
Disease	disease_2535	1.4948752586624055e-10
Disease	disease_21333	1.4944779272810252e-10
Disease	disease_15379	1.4856024641285936e-10
Disease	disease_3768	1.48310254586454e-10
Disease	disease_1731	1.4821221067941464e-10
Disease	disease_2864	1.4803152872085046e-10
Disease	disease_3861	1.4793234991637977e-10
Disease	disease_36918	1.4784343884137964e-10
Disease	disease_100074	1.478050493535477e-10
Disease	disease_7372	1.4767081486832327e-10
Disease	disease_3715	1.4704330050102253e-10
Disease	disease_3944	1.4658795853266001e-10
Disease	disease_3092	1.456955088422984e-10
Disease	disease_21582	1.4470167543992726e-10
Disease	disease_17518	1.439533697050182e-10
Disease	disease_17517	1.439533697050182e-10
Disease	disease_19895	1.438176966039423e-10
Disease	disease_2355	1.4350599476739133e-10
Disease	disease_4357	1.432196405815145e-10
Disease	disease_4229	1.4311504304186413e-10
Disease	disease_3852	1.429090412745931e-10
Disease	disease_3851	1.429090412745931e-10
Disease	disease_44817	1.4281210756535634e-10
Disease	disease_1350	1.4203003698608454e-10
Disease	disease_6905	1.4177975606674625e-10
Disease	disease_18261	1.4177975606674625e-10
Disease	disease_18260	1.4177975606674625e-10
Disease	disease_6813	1.4177975606674625e-10
Disease	disease_6680	1.4177975606674625e-10
Disease	disease_18259	1.4177975606674625e-10
Disease	disease_6778	1.4177975606674625e-10
Disease	disease_18258	1.4177975606674625e-10
Disease	disease_16984	1.4177975606674625e-10
Disease	disease_23246	1.4117195242935433e-10
Disease	disease_4358	1.4092719972483466e-10
Disease	disease_14990	1.4043697721963715e-10
Disease	disease_3663	1.394211275530432e-10
Disease	disease_4149	1.3817769690974246e-10
Disease	disease_5641	1.377780286740959e-10
Disease	disease_6355	1.3774151819911087e-10
Disease	disease_2810	1.3734143656154515e-10
Disease	disease_13724	1.3731540419628834e-10
Disease	disease_13723	1.3731540419628834e-10
Disease	disease_3453	1.371251853091973e-10
Disease	disease_4109	1.36795168599038e-10
Disease	disease_7506	1.3650229581291338e-10
Disease	disease_25163	1.363731489100711e-10
Disease	disease_25100	1.363731489100711e-10
Disease	disease_25489	1.363731489100711e-10
Disease	disease_11265	1.3562974798914988e-10
Disease	disease_12583	1.3562974798914988e-10
Disease	disease_21368	1.3475744022332292e-10
Disease	disease_6085	1.345820738404097e-10
Disease	disease_43083	1.34570686047885e-10
Disease	disease_18007	1.3414419994979997e-10
Disease	disease_3954	1.3388386810466628e-10
Disease	disease_17107	1.3372003043417894e-10
Disease	disease_18789	1.3339794913125862e-10
Disease	disease_1293	1.3331398747601014e-10
Disease	disease_966	1.332401581708772e-10
Disease	disease_3464	1.3294045138497915e-10
Disease	disease_10669	1.3277845785480802e-10
Disease	disease_3993	1.3248664281596243e-10
Disease	disease_16734	1.324334628320503e-10
Disease	disease_3447	1.323747887950952e-10
Disease	disease_2734	1.3122770308334917e-10
Disease	disease_21203	1.3103856811508843e-10
Disease	disease_21290	1.3076248020114518e-10
Disease	disease_3853	1.305248006763638e-10
Disease	disease_6073	1.304923871195547e-10
Disease	disease_1724	1.3040444671187578e-10
Disease	disease_2758	1.302989267605792e-10
Disease	disease_2351	1.3020883440288467e-10
Disease	disease_56805	1.301693729330502e-10
Disease	disease_6339	1.299388910940916e-10
Disease	disease_4053	1.2927166453845029e-10
Disease	disease_6400	1.2863647442810513e-10
Disease	disease_19577	1.280010799418133e-10
Disease	disease_3458	1.2785675335317724e-10
Disease	disease_3911	1.2782015025443086e-10
Disease	disease_18648	1.2775134320501434e-10
Disease	disease_4074	1.2726791461259224e-10
Disease	disease_21812	1.2681351805736244e-10
Disease	disease_16611	1.267663665357539e-10
Disease	disease_17523	1.2667215893144162e-10
Disease	disease_17524	1.2667215893144162e-10
Disease	disease_4291	1.262569674956916e-10
Disease	disease_3448	1.2582830806625492e-10
Disease	disease_16053	1.2569892310181127e-10
Disease	disease_2128	1.2472284131163948e-10
Disease	disease_45053	1.2328360469398838e-10
Disease	disease_4080	1.2287653049985852e-10
Disease	disease_4293	1.228543947257693e-10
Disease	disease_45052	1.2278748526938583e-10
Disease	disease_3420	1.226875538413945e-10
Disease	disease_13684	1.222687643421186e-10
Disease	disease_14161	1.222687643421186e-10
Disease	disease_13682	1.222687643421186e-10
Disease	disease_13683	1.222687643421186e-10
Disease	disease_2440	1.2189731799691496e-10
Disease	disease_5572	1.2189731799691496e-10
Disease	disease_2437	1.2189731799691496e-10
Disease	disease_952	1.2167012374102068e-10
Disease	disease_19879	1.2156143301927283e-10
Disease	disease_13067	1.2090712676560972e-10
Disease	disease_21243	1.2074862733011448e-10
Disease	disease_20557	1.2062729403672615e-10
Disease	disease_20556	1.2062729403672615e-10
Disease	disease_20555	1.2062729403672615e-10
Disease	disease_17289	1.2062729403672615e-10
Disease	disease_5837	1.201713255013416e-10
Disease	disease_969	1.1983620732354452e-10
Disease	disease_6928	1.1973315380205892e-10
Disease	disease_5660	1.1964925471058645e-10
Disease	disease_20652	1.1959548249016585e-10
Disease	disease_20463	1.1948341498922243e-10
Disease	disease_20464	1.1948341498922243e-10
Disease	disease_1670	1.1933862189856645e-10
Disease	disease_21764	1.192470639706885e-10
Disease	disease_4353	1.1903498859593197e-10
Disease	disease_4509	1.1903498859593197e-10
Disease	disease_3704	1.1862941476129722e-10
Disease	disease_13023	1.1787648095481416e-10
Disease	disease_11276	1.1787648095481416e-10
Disease	disease_12022	1.1787648095481416e-10
Disease	disease_12478	1.1787648095481416e-10
Disease	disease_20462	1.1746685442476863e-10
Disease	disease_6393	1.1723249626035888e-10
Disease	disease_5198	1.1700470305414716e-10
Disease	disease_2804	1.1698371822772642e-10
Disease	disease_15733	1.1680806477979754e-10
Disease	disease_3808	1.1605217379472102e-10
Disease	disease_2201	1.1603596127521391e-10
Disease	disease_3994	1.1578801914937632e-10
Disease	disease_18818	1.1521505564480033e-10
Disease	disease_12653	1.148179915972625e-10
Disease	disease_4079	1.1460621810674414e-10
Disease	disease_4637	1.1453167231582814e-10
Disease	disease_25139	1.1317697596565496e-10
Disease	disease_18245	1.1272047045253365e-10
Disease	disease_8164	1.1252250022910854e-10
Disease	disease_44629	1.1225037274438879e-10
Disease	disease_3810	1.1220978838121049e-10
Disease	disease_4445	1.1220978838121049e-10
Disease	disease_4444	1.1220978838121049e-10
Disease	disease_22700	1.11967259655394e-10
Disease	disease_100063	1.1155973629587555e-10
Disease	disease_4059	1.1128809608302232e-10
Disease	disease_6790	1.1128809608302232e-10
Disease	disease_4461	1.1086027629029859e-10
Disease	disease_32785	1.10566598744157e-10
Disease	disease_16989	1.1048992974131447e-10
Disease	disease_16207	1.1048992974131447e-10
Disease	disease_18888	1.1029841490216696e-10
Disease	disease_19953	1.0958763813367619e-10
Disease	disease_24863	1.094519905724099e-10
Disease	disease_24864	1.094519905724099e-10
Disease	disease_17546	1.0877683678073276e-10
Disease	disease_17547	1.0877683678073276e-10
Disease	disease_974	1.0850580757865612e-10
Disease	disease_11941	1.0848106985214773e-10
Disease	disease_12606	1.0848106985214773e-10
Disease	disease_10282	1.0848106985214773e-10
Disease	disease_13045	1.0848106985214773e-10
Disease	disease_2750	1.0796236482328763e-10
Disease	disease_3938	1.0796236482328763e-10
Disease	disease_4458	1.0796236482328763e-10
Disease	disease_6842	1.0768887313101845e-10
Disease	disease_20365	1.0699275021968942e-10
Disease	disease_3713	1.0627428737194844e-10
Disease	disease_3712	1.0627428737194844e-10
Disease	disease_15734	1.0573865737970138e-10
Disease	disease_3897	1.0558018553936335e-10
Disease	disease_21665	1.0548843624329908e-10
Disease	disease_15415	1.0507477874785001e-10
Disease	disease_12995	1.050704662080058e-10
Disease	disease_3880	1.048090933255722e-10
Disease	disease_37744	1.0424927687045186e-10
Disease	disease_13604	1.0413677083371817e-10
Disease	disease_4271	1.0398882773395482e-10
Disease	disease_4270	1.0398882773395482e-10
Disease	disease_6092	1.0381913722464581e-10
Disease	disease_44793	1.0378138689303467e-10
Disease	disease_1213	1.0296702768330306e-10
Disease	disease_4086	1.0209644568579146e-10
Disease	disease_2583	1.0181489631014336e-10
Disease	disease_20392	1.014268410020946e-10
Disease	disease_3505	1.0129281246260745e-10
Disease	disease_100129	1.0113881374566652e-10
Disease	disease_22841	1.0044909189819744e-10
Disease	disease_4397	1.0042176893943802e-10
Disease	disease_4173	1.0032471086691361e-10
Disease	disease_13831	1.0000193038135671e-10
Disease	disease_13833	1.0000193038135671e-10
Disease	disease_13832	1.0000193038135671e-10
Disease	disease_13830	1.0000193038135671e-10
Disease	disease_3998	9.998120884699227e-11
Disease	disease_16321	9.979758020116954e-11
Disease	disease_2416	9.974400741683805e-11
Disease	disease_24886	9.943180178991743e-11
Disease	disease_16183	9.93901413340006e-11
Disease	disease_11723	9.931437565891022e-11
Disease	disease_971	9.903645068021518e-11
Disease	disease_3089	9.902555451497782e-11
Disease	disease_17179	9.899227940687368e-11
Disease	disease_15596	9.899227940687368e-11
Disease	disease_15595	9.899227940687368e-11
Disease	disease_18003	9.899227940687368e-11
Disease	disease_44683	9.899227940687368e-11
Disease	disease_20370	9.898609065283467e-11
Disease	disease_20371	9.898609065283467e-11
Disease	disease_17012	9.862242655342259e-11
Disease	disease_4428	9.82556925538435e-11
Disease	disease_18611	9.790251985283516e-11
Disease	disease_12696	9.779929213934676e-11
Disease	disease_19585	9.720279720588238e-11
Disease	disease_19583	9.720279720588238e-11
Disease	disease_19584	9.720279720588238e-11
Disease	disease_35121	9.655409437690724e-11
Disease	disease_21337	9.617546572408449e-11
Disease	disease_3341	9.611307073329447e-11
Disease	disease_32941	9.539521654475904e-11
Disease	disease_44964	9.505892061662156e-11
Disease	disease_20690	9.49582935809853e-11
Disease	disease_24549	9.445596218938418e-11
Disease	disease_11589	9.445596218938418e-11
Disease	disease_3530	9.418458307722074e-11
Disease	disease_20597	9.406984195073032e-11
Disease	disease_16835	9.395272977163479e-11
Disease	disease_3845	9.39060073112618e-11
Disease	disease_6889	9.383910047610454e-11
Disease	disease_8761	9.370559033663119e-11
Disease	disease_1230	9.368556270812842e-11
Disease	disease_21539	9.334550899249732e-11
Disease	disease_19826	9.284898774675259e-11
Disease	disease_13592	9.254253066766992e-11
Disease	disease_13508	9.232417110052515e-11
Disease	disease_44880	9.213217991785635e-11
Disease	disease_17392	9.199659948955748e-11
Disease	disease_6301	9.195164685574715e-11
Disease	disease_3616	9.191278997966334e-11
Disease	disease_44885	9.132865512721065e-11
Disease	disease_1995	9.114111612021534e-11
Disease	disease_25488	9.092773953797703e-11
Disease	disease_19329	9.088742785049656e-11
Disease	disease_19328	9.088742785049656e-11
Disease	disease_18717	9.088742785049656e-11
Disease	disease_15842	9.067631104056588e-11
Disease	disease_10685	9.046215935086156e-11
Disease	disease_20649	9.040025744525479e-11
Disease	disease_17677	9.008518388991606e-11
Disease	disease_1886	9.007393448151843e-11
Disease	disease_1559	9.007393448151843e-11
Disease	disease_1327	9.007393448151843e-11
Disease	disease_1885	9.007393448151843e-11
Disease	disease_2192	9.001434864790632e-11
Disease	disease_3698	8.928044147925375e-11
Disease	disease_2301	8.921815714113855e-11
Disease	disease_7802	8.86115738829629e-11
Disease	disease_4136	8.839506382647596e-11
Disease	disease_15843	8.82922883556856e-11
Disease	disease_11187	8.777146205607278e-11
Disease	disease_7464	8.759628300660985e-11
Disease	disease_3238	8.755536416775981e-11
Disease	disease_14264	8.755049421652028e-11
Disease	disease_20454	8.743635299880746e-11
Disease	disease_20456	8.743635299880746e-11
Disease	disease_20455	8.743635299880746e-11
Disease	disease_1513	8.69450071806885e-11
Disease	disease_1512	8.69450071806885e-11
Disease	disease_4929	8.69450071806885e-11
Disease	disease_1510	8.69450071806885e-11
Disease	disease_4942	8.684051548614251e-11
Disease	disease_3831	8.680929158233862e-11
Disease	disease_3830	8.680929158233862e-11
Disease	disease_21244	8.661046960643203e-11
Disease	disease_17519	8.627310594851708e-11
Disease	disease_17520	8.627310594851708e-11
Disease	disease_4212	8.625176014681945e-11
Disease	disease_4213	8.625176014681945e-11
Disease	disease_2955	8.625176014681945e-11
Disease	disease_4422	8.619542299846169e-11
Disease	disease_3444	8.608472095028794e-11
Disease	disease_3236	8.591416384784141e-11
Disease	disease_4043	8.570630916971474e-11
Disease	disease_19825	8.568930927684008e-11
Disease	disease_16081	8.568930927684008e-11
Disease	disease_32603	8.556589263992601e-11
Disease	disease_54680	8.538928560542184e-11
Disease	disease_20389	8.527782084207618e-11
Disease	disease_15103	8.527782084207618e-11
Disease	disease_4372	8.524766771839547e-11
Disease	disease_4224	8.524766771839547e-11
Disease	disease_1009	8.519140269930056e-11
Disease	disease_4381	8.502768408090795e-11
Disease	disease_25086	8.476279134357467e-11
Disease	disease_15031	8.428590003144365e-11
Disease	disease_15732	8.410698821802061e-11
Disease	disease_15731	8.410698821802061e-11
Disease	disease_20815	8.303777774996167e-11
Disease	disease_5841	8.269887693095065e-11
Disease	disease_3730	8.24868215441692e-11
Disease	disease_4529	8.236406337882438e-11
Disease	disease_6330	8.236406337882438e-11
Disease	disease_2973	8.225757737757777e-11
Disease	disease_15478	8.184490311576051e-11
Disease	disease_3460	8.03647042756024e-11
Disease	disease_6436	7.957350638730281e-11
Disease	disease_883	7.86814170353898e-11
Disease	disease_884	7.86814170353898e-11
Disease	disease_882	7.86814170353898e-11
Disease	disease_2712	7.859391371318587e-11
Disease	disease_24454	7.818271120752406e-11
Disease	disease_43982	7.810981549750286e-11
Disease	disease_19656	7.662950711494801e-11
Disease	disease_19655	7.662950711494801e-11
Disease	disease_19986	7.662950711494801e-11
Disease	disease_2199	7.662678286740073e-11
Disease	disease_3955	7.603875548146282e-11
Disease	disease_17460	7.558839564172604e-11
Disease	disease_3152	7.531330748716917e-11
Disease	disease_3705	7.531330748716917e-11
Disease	disease_3849	7.525636255849644e-11
Disease	disease_6356	7.519896814067918e-11
Disease	disease_24247	7.485707296027646e-11
Disease	disease_6635	7.484572776287911e-11
Disease	disease_3609	7.404667354345867e-11
Disease	disease_3886	7.356303052152795e-11
Disease	disease_12447	7.355266619555562e-11
Disease	disease_1048	7.338083937956047e-11
Disease	disease_3626	7.271693264087865e-11
Disease	disease_22794	7.234178419752194e-11
Disease	disease_20418	7.202682511053903e-11
Disease	disease_20414	7.202682511053903e-11
Disease	disease_20415	7.202682511053903e-11
Disease	disease_20416	7.202682511053903e-11
Disease	disease_20413	7.202682511053903e-11
Disease	disease_4304	7.157302883235312e-11
Disease	disease_15593	7.14489114607709e-11
Disease	disease_19479	7.085228103983319e-11
Disease	disease_6189	7.06687307105179e-11
Disease	disease_1508	7.005910644927851e-11
Disease	disease_2189	6.984825071080821e-11
Disease	disease_6149	6.935294939877526e-11
Disease	disease_12537	6.932980085868865e-11
Disease	disease_4075	6.875927438961295e-11
Disease	disease_545	6.854559524971401e-11
Disease	disease_19884	6.828935253814666e-11
Disease	disease_21329	6.797966029463548e-11
Disease	disease_22699	6.747225409389066e-11
Disease	disease_24482	6.744353501895742e-11
Disease	disease_19878	6.692327112628994e-11
Disease	disease_24245	6.686218423839729e-11
Disease	disease_23039	6.686218423839729e-11
Disease	disease_3545	6.648399767644368e-11
Disease	disease_27091	6.646030931092329e-11
Disease	disease_17080	6.617667647852078e-11
Disease	disease_3391	6.578352180973204e-11
Disease	disease_2971	6.569898927967256e-11
Disease	disease_6381	6.567137175611559e-11
Disease	disease_6179	6.567137175611559e-11
Disease	disease_967	6.539765804043504e-11
Disease	disease_977	6.539765804043504e-11
Disease	disease_4690	6.53836171261986e-11
Disease	disease_19579	6.532630159033982e-11
Disease	disease_19580	6.532630159033982e-11
Disease	disease_19578	6.532630159033982e-11
Disease	disease_19581	6.532630159033982e-11
Disease	disease_19582	6.532630159033982e-11
Disease	disease_17848	6.51361637517329e-11
Disease	disease_25293	6.49108573334597e-11
Disease	disease_44709	6.487491338270738e-11
Disease	disease_15570	6.487491338270738e-11
Disease	disease_4569	6.455521789119474e-11
Disease	disease_4098	6.440005504785048e-11
Disease	disease_784	6.43074935894484e-11
Disease	disease_783	6.43074935894484e-11
Disease	disease_782	6.43074935894484e-11
Disease	disease_781	6.43074935894484e-11
Disease	disease_20178	6.404735052686533e-11
Disease	disease_6531	6.401582533039646e-11
Disease	disease_21493	6.375396906824471e-11
Disease	disease_44956	6.341510091707655e-11
Disease	disease_16960	6.309379787729733e-11
Disease	disease_24861	6.260841817023585e-11
Disease	disease_2599	6.260841817023585e-11
Disease	disease_3908	6.237117006954501e-11
Disease	disease_10423	6.201416402124461e-11
Disease	disease_4325	6.185742785753476e-11
Disease	disease_17543	6.172674760350188e-11
Disease	disease_17545	6.172674760350188e-11
Disease	disease_12351	6.172674760350188e-11
Disease	disease_6133	6.101960313457586e-11
Disease	disease_9713	6.088975872985117e-11
Disease	disease_17491	6.079964252612971e-11
Disease	disease_17490	6.079964252612971e-11
Disease	disease_17096	6.012684551787206e-11
Disease	disease_17097	6.012684551787206e-11
Disease	disease_17098	6.012684551787206e-11
Disease	disease_381	5.993004885396624e-11
Disease	disease_2740	5.980966773417935e-11
Disease	disease_20658	5.966161564373114e-11
Disease	disease_17455	5.940294065835915e-11
Disease	disease_4505	5.8795122324238e-11
Disease	disease_4421	5.8795122324238e-11
Disease	disease_2388	5.8795122324238e-11
Disease	disease_4506	5.8795122324238e-11
Disease	disease_4507	5.8795122324238e-11
Disease	disease_6033	5.835002137372426e-11
Disease	disease_6280	5.825441602419985e-11
Disease	disease_20409	5.819883366207932e-11
Disease	disease_3462	5.8012809724634187e-11
Disease	disease_7347	5.772586595992029e-11
Disease	disease_7017	5.7693330730446945e-11
Disease	disease_1994	5.765411079731615e-11
Disease	disease_25487	5.7386115089495645e-11
Disease	disease_20412	5.7372399093494874e-11
Disease	disease_19823	5.7372399093494874e-11
Disease	disease_15639	5.698349161247303e-11
Disease	disease_15638	5.698349161247303e-11
Disease	disease_21446	5.676113196415019e-11
Disease	disease_17252	5.622880036714336e-11
Disease	disease_17248	5.622880036714336e-11
Disease	disease_17251	5.622880036714336e-11
Disease	disease_17250	5.622880036714336e-11
Disease	disease_17249	5.622880036714336e-11
Disease	disease_5771	5.621529799033164e-11
Disease	disease_4361	5.613590028688048e-11
Disease	disease_18573	5.58722390036438e-11
Disease	disease_4040	5.584700275088621e-11
Disease	disease_21530	5.5445072936476477e-11
Disease	disease_19882	5.539586104578158e-11
Disease	disease_1412	5.4214101911392984e-11
Disease	disease_1544	5.4064713222612306e-11
Disease	disease_2075	5.403610186122373e-11
Disease	disease_21516	5.400712503580626e-11
Disease	disease_4054	5.377464954941945e-11
Disease	disease_21543	5.351363111389631e-11
Disease	disease_5067	5.3426515933724165e-11
Disease	disease_4185	5.32886450772375e-11
Disease	disease_14265	5.3154534070912894e-11
Disease	disease_501	5.314216251482886e-11
Disease	disease_6285	5.309050486063943e-11
Disease	disease_25152	5.289976749800959e-11
Disease	disease_14090	5.2331167977713606e-11
Disease	disease_20809	5.135210926152882e-11
Disease	disease_4542	5.131184613667652e-11
Disease	disease_4141	5.1263188164002784e-11
Disease	disease_17538	5.0962713877808454e-11
Disease	disease_17536	5.0962713877808454e-11
Disease	disease_17535	5.0962713877808454e-11
Disease	disease_17537	5.0962713877808454e-11
Disease	disease_4159	5.079231617207886e-11
Disease	disease_4158	5.079231617207886e-11
Disease	disease_6850	5.0791064282899854e-11
Disease	disease_11836	5.07803430548021e-11
Disease	disease_20183	5.0681888627797234e-11
Disease	disease_20181	5.0681888627797234e-11
Disease	disease_17245	5.054856089392609e-11
Disease	disease_17247	5.054856089392609e-11
Disease	disease_17246	5.054856089392609e-11
Disease	disease_6213	5.017368127155884e-11
Disease	disease_4607	5.0034819465463814e-11
Disease	disease_3262	4.9586937694368076e-11
Disease	disease_10280	4.9180648346982335e-11
Disease	disease_21287	4.9144263501867315e-11
Disease	disease_1183	4.9138235203726785e-11
Disease	disease_1181	4.9138235203726785e-11
Disease	disease_1182	4.9138235203726785e-11
Disease	disease_3096	4.907530891059058e-11
Disease	disease_21298	4.876457089355352e-11
Disease	disease_1652	4.8410403956306e-11
Disease	disease_9893	4.8405871969588206e-11
Disease	disease_6297	4.804715857708435e-11
Disease	disease_16062	4.7974414751554926e-11
Disease	disease_15419	4.7974414751554926e-11
Disease	disease_15413	4.7974414751554926e-11
Disease	disease_4700	4.7949640480132436e-11
Disease	disease_2588	4.7203053577816393e-11
Disease	disease_2769	4.707687358092134e-11
Disease	disease_4898	4.69714954407507e-11
Disease	disease_4888	4.69714954407507e-11
Disease	disease_19886	4.686370437218653e-11
Disease	disease_15831	4.6862167588407895e-11
Disease	disease_4556	4.6753279045869304e-11
Disease	disease_4266	4.6414377670616426e-11
Disease	disease_2576	4.640640240157508e-11
Disease	disease_6488	4.622168818639918e-11
Disease	disease_44879	4.5870719749149926e-11
Disease	disease_4462	4.5414665818623926e-11
Disease	disease_3467	4.505617416184538e-11
Disease	disease_3034	4.505617416184538e-11
Disease	disease_2851	4.505617416184538e-11
Disease	disease_4636	4.4975631046262364e-11
Disease	disease_15399	4.488359080636175e-11
Disease	disease_20808	4.4603276809706685e-11
Disease	disease_100203	4.434071144406196e-11
Disease	disease_21339	4.4272470006171475e-11
Disease	disease_16969	4.399469790490083e-11
Disease	disease_3446	4.383615292253705e-11
Disease	disease_16032	4.378388555580395e-11
Disease	disease_17440	4.378388555580395e-11
Disease	disease_25453	4.375291493892992e-11
Disease	disease_4099	4.352451235796077e-11
Disease	disease_3765	4.3151370755667685e-11
Disease	disease_17420	4.290065728342779e-11
Disease	disease_4066	4.2816373395420167e-11
Disease	disease_3064	4.2446084292800935e-11
Disease	disease_6201	4.2174840981295615e-11
Disease	disease_15377	4.212119125927095e-11
Disease	disease_15410	4.212119125927095e-11
Disease	disease_15378	4.212119125927095e-11
Disease	disease_15383	4.212119125927095e-11
Disease	disease_15477	4.212119125927095e-11
Disease	disease_15376	4.212119125927095e-11
Disease	disease_3741	4.20149875019423e-11
Disease	disease_4548	4.20149875019423e-11
Disease	disease_100085	4.1749730214103834e-11
Disease	disease_24312	4.1749730214103834e-11
Disease	disease_4012	4.1404765263788064e-11
Disease	disease_20554	4.1161768901622243e-11
Disease	disease_535	4.080134923126877e-11
Disease	disease_8204	4.0697933966394613e-11
Disease	disease_21288	4.005346765782865e-11
Disease	disease_3746	3.999730236420861e-11
Disease	disease_4473	3.900022779527921e-11
Disease	disease_19829	3.894154490956912e-11
Disease	disease_19830	3.885171973404804e-11
Disease	disease_100289	3.858269893833228e-11
Disease	disease_1756	3.8419708858050406e-11
Disease	disease_17549	3.840343342780081e-11
Disease	disease_17548	3.840343342780081e-11
Disease	disease_19831	3.823389992804337e-11
Disease	disease_21518	3.821825227330822e-11
Disease	disease_21480	3.821825227330822e-11
Disease	disease_3459	3.8136166481751786e-11
Disease	disease_3109	3.772599345204299e-11
Disease	disease_4513	3.771561639478524e-11
Disease	disease_3899	3.771561639478524e-11
Disease	disease_1936	3.6844425364529327e-11
Disease	disease_4560	3.6729523541639715e-11
Disease	disease_3734	3.622969277758765e-11
Disease	disease_18811	3.5943019503419056e-11
Disease	disease_19836	3.5943019503419056e-11
Disease	disease_4214	3.5760480305283193e-11
Disease	disease_4368	3.546407220677507e-11
Disease	disease_4367	3.546407220677507e-11
Disease	disease_4370	3.546407220677507e-11
Disease	disease_4094	3.546407220677507e-11
Disease	disease_4042	3.54254552966862e-11
Disease	disease_1580	3.4709503064338024e-11
Disease	disease_3732	3.466799768814672e-11
Disease	disease_17431	3.4133692291220045e-11
Disease	disease_21492	3.391111885421549e-11
Disease	disease_1802	3.3670136636692336e-11
Disease	disease_1918	3.356441680107396e-11
Disease	disease_1792	3.356441680107396e-11
Disease	disease_20813	3.345215337225109e-11
Disease	disease_1764	3.341127874569665e-11
Disease	disease_4667	3.329320659237492e-11
Disease	disease_4327	3.310665037909778e-11
Disease	disease_17422	3.2546550944194977e-11
Disease	disease_17469	3.2390776725455634e-11
Disease	disease_6286	3.224423661940725e-11
Disease	disease_4457	3.205586494157609e-11
Disease	disease_3923	3.194946264389293e-11
Disease	disease_3752	3.19458350323984e-11
Disease	disease_6140	3.184295503423955e-11
Disease	disease_4538	3.184295503423955e-11
Disease	disease_1286	3.178933608372798e-11
Disease	disease_4673	3.124525601317611e-11
Disease	disease_1723	3.113533525065568e-11
Disease	disease_5177	3.075384231825293e-11
Disease	disease_17468	3.0448117452208384e-11
Disease	disease_19819	3.023950623617939e-11
Disease	disease_20405	3.023950623617939e-11
Disease	disease_11204	2.996398744779085e-11
Disease	disease_4897	2.988584494740666e-11
Disease	disease_4899	2.988584494740666e-11
Disease	disease_2152	2.988584494740666e-11
Disease	disease_4894	2.988584494740666e-11
Disease	disease_4893	2.988584494740666e-11
Disease	disease_1527	2.988584494740666e-11
Disease	disease_16041	2.9768147584888297e-11
Disease	disease_1622	2.93647248309619e-11
Disease	disease_2990	2.9269771284927696e-11
Disease	disease_16939	2.925502584783533e-11
Disease	disease_4386	2.845975063067009e-11
Disease	disease_16957	2.8348354562817964e-11
Disease	disease_3945	2.7934116791541838e-11
Disease	disease_19782	2.7300884922167664e-11
Disease	disease_6696	2.7204927822761143e-11
Disease	disease_2706	2.7204927822761143e-11
Disease	disease_5698	2.7204927822761143e-11
Disease	disease_2255	2.7204927822761143e-11
Disease	disease_17516	2.7158602981053678e-11
Disease	disease_17515	2.7158602981053678e-11
Disease	disease_17508	2.658400659047536e-11
Disease	disease_4501	2.6081385382432335e-11
Disease	disease_2951	2.585481517736197e-11
Disease	disease_2677	2.5726377565033858e-11
Disease	disease_17467	2.566453885780051e-11
Disease	disease_6749	2.5622870029179355e-11
Disease	disease_17105	2.5545109500047103e-11
Disease	disease_4317	2.5543297432127272e-11
Disease	disease_4498	2.5543297432127272e-11
Disease	disease_3770	2.5543297432127272e-11
Disease	disease_2778	2.5543297432127272e-11
Disease	disease_4396	2.5543297432127272e-11
Disease	disease_4256	2.5543297432127272e-11
Disease	disease_4516	2.5420991216361385e-11
Disease	disease_4281	2.539031282579082e-11
Disease	disease_18610	2.535510808441212e-11
Disease	disease_19887	2.525375659605498e-11
Disease	disease_3776	2.5029354821313897e-11
Disease	disease_3929	2.454156882135008e-11
Disease	disease_20430	2.4536492297235363e-11
Disease	disease_21070	2.4529304842517892e-11
Disease	disease_1179	2.431017852136956e-11
Disease	disease_20394	2.4224347194131942e-11
Disease	disease_20393	2.4224347194131942e-11
Disease	disease_2978	2.4038045146455243e-11
Disease	disease_2579	2.4038045146455243e-11
Disease	disease_3888	2.3962799451067715e-11
Disease	disease_4713	2.383616134461546e-11
Disease	disease_20382	2.332951449088403e-11
Disease	disease_2710	2.2421725166536708e-11
Disease	disease_6328	2.2420079982509925e-11
Disease	disease_17112	2.2409380518619203e-11
Disease	disease_17113	2.2409380518619203e-11
Disease	disease_4290	2.2393131651241074e-11
Disease	disease_3694	2.2351894550968295e-11
Disease	disease_3903	2.222907877093863e-11
Disease	disease_4289	2.205512427375519e-11
Disease	disease_4292	2.2052895043234115e-11
Disease	disease_1757	2.1881095085783252e-11
Disease	disease_2808	2.1113114131293764e-11
Disease	disease_17963	2.10535337458809e-11
Disease	disease_17964	2.10535337458809e-11
Disease	disease_20383	2.075977053202639e-11
Disease	disease_3979	2.0270395742261954e-11
Disease	disease_3747	2.0245361618825357e-11
Disease	disease_18786	2.0005845984210822e-11
Disease	disease_3862	1.9343880886005034e-11
Disease	disease_17527	1.8712916125841083e-11
Disease	disease_17528	1.8712916125841083e-11
Disease	disease_17533	1.8279309037247244e-11
Disease	disease_17534	1.8279309037247244e-11
Disease	disease_4733	1.8240508870354496e-11
Disease	disease_4635	1.8240508870354496e-11
Disease	disease_12230	1.8040148202026242e-11
Disease	disease_12229	1.8040148202026242e-11
Disease	disease_12228	1.8040148202026242e-11
Disease	disease_12227	1.8040148202026242e-11
Disease	disease_5208	1.7738601631670156e-11
Disease	disease_6274	1.754879407213945e-11
Disease	disease_3693	1.7081773072758897e-11
Disease	disease_100204	1.700969812585248e-11
Disease	disease_100205	1.700969812585248e-11
Disease	disease_17462	1.6950282796052877e-11
Disease	disease_17464	1.6950282796052877e-11
Disease	disease_17465	1.6950282796052877e-11
Disease	disease_17466	1.6950282796052877e-11
Disease	disease_17463	1.6950282796052877e-11
Disease	disease_17082	1.6811311895707488e-11
Disease	disease_17081	1.6811311895707488e-11
Disease	disease_4057	1.656693107643913e-11
Disease	disease_4417	1.656693107643913e-11
Disease	disease_4419	1.656693107643913e-11
Disease	disease_4418	1.656693107643913e-11
Disease	disease_4416	1.656693107643913e-11
Disease	disease_3889	1.656693107643913e-11
Disease	disease_4415	1.656693107643913e-11
Disease	disease_4299	1.656693107643913e-11
Disease	disease_44797	1.6547816222189918e-11
Disease	disease_16940	1.6174405808698028e-11
Disease	disease_21279	1.5896574930719393e-11
Disease	disease_17587	1.5668450554354506e-11
Disease	disease_17586	1.5668450554354506e-11
Disease	disease_4013	1.489365061682509e-11
Disease	disease_19870	1.4792582185373872e-11
Disease	disease_6787	1.4413270356426112e-11
Disease	disease_6738	1.4413270356426112e-11
Disease	disease_6357	1.4412634140794437e-11
Disease	disease_17108	1.3370028878179162e-11
Disease	disease_17109	1.3370028878179162e-11
Disease	disease_4400	1.2744459113272229e-11
Disease	disease_17556	1.2726792854318013e-11
Disease	disease_17557	1.2726792854318013e-11
Disease	disease_4624	1.2602893578933925e-11
Disease	disease_20431	1.2563251687447067e-11
Disease	disease_20433	1.2563251687447067e-11
Disease	disease_20432	1.2563251687447067e-11
Disease	disease_3966	1.222123541081477e-11
Disease	disease_3850	1.1816507401467007e-11
Disease	disease_4276	1.169699826968449e-11
Disease	disease_21280	1.1522036684095888e-11
Disease	disease_4326	1.1331943944632713e-11
Disease	disease_4384	1.1226836867444894e-11
Disease	disease_3925	1.1216253748472453e-11
Disease	disease_4448	1.1215877377113264e-11
Disease	disease_21494	1.1087671567498372e-11
Disease	disease_22643	1.0762151007913452e-11
Disease	disease_21242	1.0526420888958089e-11
Disease	disease_18221	9.929633707598168e-12
Disease	disease_15834	9.648141622866631e-12
Disease	disease_15837	9.496450705099487e-12
Disease	disease_44800	9.486255305171747e-12
Disease	disease_1997	8.949071544614999e-12
Disease	disease_1988	8.949071544614999e-12
Disease	disease_1668	8.949071544614999e-12
Disease	disease_3697	8.926263192006732e-12
Disease	disease_21481	8.527457605397258e-12
Disease	disease_15030	8.427865028542294e-12
Disease	disease_15029	8.427865028542294e-12
Disease	disease_3469	8.012710060492762e-12
Disease	disease_4533	7.361053399806973e-12
Disease	disease_2868	7.359471245450252e-12
Disease	disease_44795	7.0046889368993864e-12
Disease	disease_19445	6.999732415107056e-12
Disease	disease_15744	6.5975861655265955e-12
Disease	disease_4488	6.5654022287671485e-12
Disease	disease_4487	6.5654022287671485e-12
Disease	disease_4486	6.5654022287671485e-12
Disease	disease_17781	6.512289639237852e-12
Disease	disease_17229	6.512289639237852e-12
Disease	disease_16444	6.4249358005056875e-12
Disease	disease_16447	6.4249358005056875e-12
Disease	disease_16443	6.4249358005056875e-12
Disease	disease_16449	6.4249358005056875e-12
Disease	disease_16376	6.4249358005056875e-12
Disease	disease_16448	6.4249358005056875e-12
Disease	disease_19883	6.307517044935409e-12
Disease	disease_19890	6.307517044935409e-12
Disease	disease_18563	5.974017447133557e-12
Disease	disease_17443	5.974017447133557e-12
Disease	disease_17444	5.974017447133557e-12
Disease	disease_17445	5.974017447133557e-12
Disease	disease_17446	5.974017447133557e-12
Disease	disease_17522	5.939107696160265e-12
Disease	disease_17521	5.939107696160265e-12
Disease	disease_1233	5.620061248552233e-12
Disease	disease_6881	5.620061248552233e-12
Disease	disease_1232	5.620061248552233e-12
Disease	disease_1231	5.620061248552233e-12
Disease	disease_3115	5.541915150028344e-12
Disease	disease_15480	5.252802342035237e-12
Disease	disease_15417	5.252802342035237e-12
Disease	disease_15416	5.252802342035237e-12
Disease	disease_15481	5.252802342035237e-12
Disease	disease_15833	4.68560365063174e-12
Disease	disease_15832	4.68560365063174e-12
Disease	disease_4511	4.675629011081736e-12
Disease	disease_4503	4.675629011081736e-12
Disease	disease_1722	4.669367364612054e-12
Disease	disease_17442	4.562229239658835e-12
Disease	disease_19871	4.386986476124261e-12
Disease	disease_17485	4.377488407907338e-12
Disease	disease_17484	4.377488407907338e-12
Disease	disease_17483	4.377488407907338e-12
Disease	disease_17482	4.377488407907338e-12
Disease	disease_17441	4.289332361278091e-12
Disease	disease_19881	4.250908935457591e-12
Disease	disease_6470	4.078557799587278e-12
Disease	disease_20424	3.977918579308498e-12
Disease	disease_20421	3.977918579308498e-12
Disease	disease_20422	3.977918579308498e-12
Disease	disease_20423	3.977918579308498e-12
Disease	disease_20426	3.977918579308498e-12
Disease	disease_20425	3.977918579308498e-12
Disease	disease_20446	3.823685554553275e-12
Disease	disease_20447	3.823685554553275e-12
Disease	disease_3921	3.770032331343861e-12
Disease	disease_3868	3.770032331343861e-12
Disease	disease_17447	3.461751947656076e-12
Disease	disease_17477	3.412792267062937e-12
Disease	disease_17476	3.412792267062937e-12
Disease	disease_4014	3.339687396395974e-12
Disease	disease_17558	3.2387374770917327e-12
Disease	disease_17559	3.2387374770917327e-12
Disease	disease_1281	3.179184003870741e-12
Disease	disease_1392	3.179184003870741e-12
Disease	disease_21495	3.084610570706025e-12
Disease	disease_17552	2.7291847133721838e-12
Disease	disease_17553	2.7291847133721838e-12
Disease	disease_19872	2.424876848884534e-12
Disease	disease_20448	1.9427945377585e-12
Disease	disease_20449	1.9427945377585e-12
Disease	disease_20450	1.9427945377585e-12
Disease	disease_20451	1.9427945377585e-12
Disease	disease_20452	1.9427945377585e-12
Disease	disease_6145	1.7723899257478273e-12
Disease	disease_20443	1.6691108579636063e-12
Disease	disease_20444	1.6691108579636063e-12
Disease	disease_20442	1.6691108579636063e-12
Disease	disease_20441	1.6691108579636063e-12
Disease	disease_20440	1.6691108579636063e-12
Disease	disease_20445	1.6691108579636063e-12
Disease	disease_15838	1.4215937795491555e-12
Disease	disease_15836	9.624289053311774e-13
Disease	disease_15835	9.624289053311774e-13
Disease	disease_17500	5.970671679953548e-13
Disease	disease_17505	5.970671679953548e-13
Disease	disease_17509	5.970671679953548e-13
Disease	disease_17503	5.970671679953548e-13
Disease	disease_17510	5.970671679953548e-13
Disease	disease_17501	5.970671679953548e-13
Disease	disease_17502	5.970671679953548e-13
Disease	disease_17504	5.970671679953548e-13
Disease	disease_17499	5.970671679953548e-13
Disease	disease_17498	5.970671679953548e-13
Disease	disease_17496	4.560272464395389e-13
Disease	disease_17497	4.560272464395389e-13
Disease	disease_17506	3.458833786848124e-13
Disease	disease_17507	3.458833786848124e-13
