multiplex	node	score
Disease	disease_1134	0.0015188270573771856
Disease	disease_7781	0.00012845394975607153
Disease	disease_1133	0.0001231010532959736
Disease	disease_1151	0.00012150616546442994
Disease	disease_8903	3.5841351971434824e-05
Disease	disease_3582	2.1472907938947347e-05
Disease	disease_4989	2.0531863661038286e-05
Disease	disease_21100	1.924952608844448e-05
Disease	disease_9693	1.8740732554662767e-05
Disease	disease_5191	1.8395328173145955e-05
Disease	disease_7254	1.8362139682240175e-05
Disease	disease_16419	1.8125034027426422e-05
Disease	disease_16267	1.7667562218497542e-05
Disease	disease_16266	1.755425873884877e-05
Disease	disease_6846	1.7187523209070585e-05
Disease	disease_5154	1.6422745715694188e-05
Disease	disease_5281	1.5394127606808104e-05
Disease	disease_1115	1.5182288222839877e-05
Disease	disease_9891	1.3032469425825763e-05
Disease	disease_18905	1.2812290478700818e-05
Disease	disease_15074	1.2519488650188792e-05
Disease	disease_2108	1.2374076385034025e-05
Disease	disease_5032	1.236091070467005e-05
Disease	disease_7572	1.2349621012504441e-05
Disease	disease_17858	1.2286666474222669e-05
Disease	disease_5240	1.1925248457807027e-05
Disease	disease_2438	1.175367476952163e-05
Disease	disease_6244	1.1651651087569424e-05
Disease	disease_1609	1.152286024826695e-05
Disease	disease_1475	1.1228642214031151e-05
Disease	disease_2050	1.0716178141642647e-05
Disease	disease_1922	1.0586689824247347e-05
Disease	disease_8383	1.0469341711308152e-05
Disease	disease_2083	1.0151240924375182e-05
Disease	disease_7256	9.757763479928392e-06
Disease	disease_5027	8.908691002774016e-06
Disease	disease_2049	8.900965938361108e-06
Disease	disease_13108	8.695676082183056e-06
Disease	disease_5379	8.071851664404154e-06
Disease	disease_1442	7.882431486842621e-06
Disease	disease_6474	7.828962651968654e-06
Disease	disease_11996	7.725231567987187e-06
Disease	disease_5575	7.690984863764683e-06
Disease	disease_4993	7.294340165980735e-06
Disease	disease_5617	7.098214679047958e-06
Disease	disease_5359	7.048809967769496e-06
Disease	disease_17279	6.870950431049265e-06
Disease	disease_2691	6.646641410948751e-06
Disease	disease_9960	6.604072999432798e-06
Disease	disease_4379	6.486000603460243e-06
Disease	disease_2009	6.4425512198669434e-06
Disease	disease_6210	6.31277412765603e-06
Disease	disease_18532	6.256760722337404e-06
Disease	disease_100192	6.195212887370484e-06
Disease	disease_5148	6.160935636663281e-06
Disease	disease_18466	6.159583287287438e-06
Disease	disease_18533	6.0969105909916855e-06
Disease	disease_18534	6.048954102990058e-06
Disease	disease_18055	6.048525363570479e-06
Disease	disease_5263	5.778815458185817e-06
Disease	disease_16216	5.750871900417539e-06
Disease	disease_12048	5.744732153354738e-06
Disease	disease_2571	5.582931783433592e-06
Disease	disease_607	5.492609300857155e-06
Disease	disease_5072	5.473396021442097e-06
Disease	disease_14231	5.450065307375964e-06
Disease	disease_18321	5.4401423107897745e-06
Disease	disease_7576	5.424825743719609e-06
Disease	disease_12819	5.331793048653702e-06
Disease	disease_5335	5.31640598884729e-06
Disease	disease_19086	5.297159701131882e-06
Disease	disease_24331	5.243356250079891e-06
Disease	disease_5180	5.17884998343959e-06
Disease	disease_20323	5.153029941711872e-06
Disease	disease_17596	5.143894631760411e-06
Disease	disease_17347	5.134354908387167e-06
Disease	disease_17346	5.134354908387167e-06
Disease	disease_17601	5.134354908387167e-06
Disease	disease_6383	5.134017128814877e-06
Disease	disease_20324	5.0850466824342875e-06
Disease	disease_18225	5.084911781987317e-06
Disease	disease_17597	5.084911781987317e-06
Disease	disease_9830	5.067612680060655e-06
Disease	disease_19171	5.011338832890048e-06
Disease	disease_3847	4.987902526122741e-06
Disease	disease_11562	4.963347454367062e-06
Disease	disease_6966	4.926218060662843e-06
Disease	disease_14796	4.918668729504782e-06
Disease	disease_10482	4.9084648710639584e-06
Disease	disease_5314	4.889960034191631e-06
Disease	disease_6406	4.866741884320618e-06
Disease	disease_10709	4.860078784778108e-06
Disease	disease_17636	4.854732757825824e-06
Disease	disease_5527	4.849556785691566e-06
Disease	disease_21163	4.844311241873164e-06
Disease	disease_2367	4.795776052264319e-06
Disease	disease_10150	4.783661065929655e-06
Disease	disease_5231	4.780195707323354e-06
Disease	disease_4247	4.773815261829425e-06
Disease	disease_870	4.7626307373434015e-06
Disease	disease_2442	4.7495802751106385e-06
Disease	disease_3538	4.721257563967169e-06
Disease	disease_2025	4.677516234539891e-06
Disease	disease_5689	4.590591731583044e-06
Disease	disease_12831	4.5459136818970095e-06
Disease	disease_5159	4.512593508047233e-06
Disease	disease_5096	4.493459977268386e-06
Disease	disease_20512	4.4896742536953235e-06
Disease	disease_543	4.456189885119407e-06
Disease	disease_3785	4.4190701328708475e-06
Disease	disease_8315	4.392888631806032e-06
Disease	disease_5005	4.195420252744632e-06
Disease	disease_4949	4.090819565242427e-06
Disease	disease_20511	4.0694706468705985e-06
Disease	disease_5549	4.021821914056491e-06
Disease	disease_20078	3.972647496952658e-06
Disease	disease_15667	3.963688757964149e-06
Disease	disease_5354	3.931291167125608e-06
Disease	disease_7763	3.913449455677941e-06
Disease	disease_23122	3.885706493101962e-06
Disease	disease_1567	3.754528198791087e-06
Disease	disease_2408	3.7173990561282795e-06
Disease	disease_2319	3.7069608877913007e-06
Disease	disease_5009	3.699146287138465e-06
Disease	disease_18364	3.68643649126707e-06
Disease	disease_6003	3.62105418398476e-06
Disease	disease_4638	3.6161595307532763e-06
Disease	disease_20703	3.6133994063787865e-06
Disease	disease_6116	3.592687632465274e-06
Disease	disease_1531	3.564752321885262e-06
Disease	disease_21117	3.545250105999054e-06
Disease	disease_5010	3.5284651354056665e-06
Disease	disease_6115	3.436352673366441e-06
Disease	disease_4095	3.3356654020009056e-06
Disease	disease_5393	3.2997173058997594e-06
Disease	disease_18912	3.222744175291475e-06
Disease	disease_5265	3.2212202444445597e-06
Disease	disease_18171	3.210922588729409e-06
Disease	disease_16248	3.1368540589115713e-06
Disease	disease_5247	3.12699438138635e-06
Disease	disease_18172	3.1216023142398675e-06
Disease	disease_15925	3.075385922646031e-06
Disease	disease_17635	3.0375511042440243e-06
Disease	disease_24288	3.0137916278286753e-06
Disease	disease_16541	3.003281893892204e-06
Disease	disease_44903	2.9896009360734167e-06
Disease	disease_7745	2.9839547236731217e-06
Disease	disease_1343	2.9802634689255263e-06
Disease	disease_5213	2.956724147601368e-06
Disease	disease_4781	2.9192216471543597e-06
Disease	disease_6816	2.9097388021122435e-06
Disease	disease_15512	2.866193020202076e-06
Disease	disease_6716	2.818645599423198e-06
Disease	disease_5744	2.816538609831262e-06
Disease	disease_2909	2.7859722422398746e-06
Disease	disease_19457	2.771970244411133e-06
Disease	disease_19182	2.7624645158805292e-06
Disease	disease_3678	2.7607034459722217e-06
Disease	disease_18830	2.719774004461996e-06
Disease	disease_12599	2.697532512947797e-06
Disease	disease_11440	2.697532512947797e-06
Disease	disease_11384	2.697532512947797e-06
Disease	disease_12109	2.697532512947797e-06
Disease	disease_12458	2.697532512947797e-06
Disease	disease_12587	2.697532512947797e-06
Disease	disease_12459	2.697532512947797e-06
Disease	disease_11815	2.697532512947797e-06
Disease	disease_41447	2.6541972288417407e-06
Disease	disease_18935	2.645393852083024e-06
Disease	disease_18906	2.6326563332176728e-06
Disease	disease_15165	2.5934367600899417e-06
Disease	disease_2752	2.553769033112405e-06
Disease	disease_5224	2.5513079913443273e-06
Disease	disease_5223	2.5513079913443273e-06
Disease	disease_20320	2.5513079913443273e-06
Disease	disease_18435	2.5187950754249856e-06
Disease	disease_500	2.4914357499012155e-06
Disease	disease_7079	2.482319609925734e-06
Disease	disease_5252	2.4562523781098563e-06
Disease	disease_2046	2.4440932059341747e-06
Disease	disease_19467	2.4172595484866403e-06
Disease	disease_4952	2.399134250316321e-06
Disease	disease_9348	2.385247864038751e-06
Disease	disease_22205	2.3830326051588037e-06
Disease	disease_21063	2.3271422526017696e-06
Disease	disease_20542	2.280747611562956e-06
Disease	disease_20541	2.2745328389196075e-06
Disease	disease_16096	2.252959455059671e-06
Disease	disease_5371	2.2508471103997145e-06
Disease	disease_2429	2.2504141050123073e-06
Disease	disease_16249	2.2435569055964995e-06
Disease	disease_20543	2.2428248264273006e-06
Disease	disease_18876	2.233685980319881e-06
Disease	disease_8170	2.231041234053066e-06
Disease	disease_6335	2.2217189353870483e-06
Disease	disease_3795	2.2188489958762693e-06
Disease	disease_5601	2.2043059936838684e-06
Disease	disease_18369	2.2037566051463677e-06
Disease	disease_6045	2.199447753247564e-06
Disease	disease_20538	2.189315590089159e-06
Disease	disease_17327	2.189315590089159e-06
Disease	disease_2254	2.172570706090688e-06
Disease	disease_5401	2.168820069246743e-06
Disease	disease_17893	2.16376058076385e-06
Disease	disease_19203	2.1522679695686965e-06
Disease	disease_3792	2.1478804932877537e-06
Disease	disease_11057	2.1444688375293324e-06
Disease	disease_17600	2.1431348729179353e-06
Disease	disease_17343	2.142535469550904e-06
Disease	disease_16093	2.1403618539220812e-06
Disease	disease_4992	2.110958946711965e-06
Disease	disease_2144	2.10155072104109e-06
Disease	disease_18256	2.100712755364507e-06
Disease	disease_15166	2.100672810934548e-06
Disease	disease_18434	2.100672810934548e-06
Disease	disease_18437	2.100672810934548e-06
Disease	disease_18433	2.100672810934548e-06
Disease	disease_17894	2.100672810934548e-06
Disease	disease_5267	2.075241810167896e-06
Disease	disease_8143	2.048140656909409e-06
Disease	disease_18513	2.034467450506056e-06
Disease	disease_5420	1.990998371266687e-06
Disease	disease_5301	1.961898775911766e-06
Disease	disease_2771	1.914056962046937e-06
Disease	disease_24644	1.907312641163013e-06
Disease	disease_5062	1.887743514822104e-06
Disease	disease_5364	1.8839025573011235e-06
Disease	disease_6793	1.8699382863088738e-06
Disease	disease_4242	1.7944164415976766e-06
Disease	disease_5113	1.7929332894770693e-06
Disease	disease_4982	1.7909747788042845e-06
Disease	disease_20329	1.7792929274988727e-06
Disease	disease_4652	1.7693247096046681e-06
Disease	disease_992	1.764665106798473e-06
Disease	disease_4626	1.7646628555696956e-06
Disease	disease_9691	1.747307958580629e-06
Disease	disease_18908	1.7382664571219036e-06
Disease	disease_4632	1.7166801692120934e-06
Disease	disease_7264	1.7126042772636927e-06
Disease	disease_10138	1.7125880900814269e-06
Disease	disease_1868	1.6945835808169309e-06
Disease	disease_4425	1.6735450099645417e-06
Disease	disease_5244	1.6707940491052304e-06
Disease	disease_4995	1.6679323514517306e-06
Disease	disease_5109	1.666044010390276e-06
Disease	disease_3620	1.6507428416157354e-06
Disease	disease_5303	1.6499923731827156e-06
Disease	disease_18612	1.6371924795297839e-06
Disease	disease_5093	1.6264741824881702e-06
Disease	disease_5089	1.6256690599579194e-06
Disease	disease_5298	1.6078388761092603e-06
Disease	disease_4985	1.6046099506991062e-06
Disease	disease_5366	1.6018266077948442e-06
Disease	disease_5306	1.5960618829269535e-06
Disease	disease_15758	1.5944691448106067e-06
Disease	disease_18874	1.5850424406134476e-06
Disease	disease_9718	1.5831950083457513e-06
Disease	disease_4950	1.5812077864416939e-06
Disease	disease_11849	1.5658636263190111e-06
Disease	disease_1056	1.5612113592895417e-06
Disease	disease_9410	1.531870916047018e-06
Disease	disease_19117	1.5297647710172703e-06
Disease	disease_4784	1.5247662820326909e-06
Disease	disease_18531	1.5215620359228602e-06
Disease	disease_5417	1.514131103525708e-06
Disease	disease_21085	1.5131998107628687e-06
Disease	disease_7648	1.5066686207052678e-06
Disease	disease_19725	1.5052721863434241e-06
Disease	disease_1196	1.5039972935972994e-06
Disease	disease_18031	1.4987309179309106e-06
Disease	disease_4948	1.4964173354213916e-06
Disease	disease_5459	1.4881888573914812e-06
Disease	disease_18184	1.4877099890636e-06
Disease	disease_20671	1.4759209843935868e-06
Disease	disease_4765	1.46151821374227e-06
Disease	disease_4	1.4526807045390496e-06
Disease	disease_1438	1.4512118063674702e-06
Disease	disease_940	1.427074653746133e-06
Disease	disease_15134	1.426655000305942e-06
Disease	disease_959	1.4213477503289516e-06
Disease	disease_1785	1.4191063391405978e-06
Disease	disease_15808	1.417776201347736e-06
Disease	disease_705	1.4108717499217442e-06
Disease	disease_8420	1.4084852647925506e-06
Disease	disease_11118	1.3992283446449936e-06
Disease	disease_2679	1.3909055860022142e-06
Disease	disease_5136	1.390101180135157e-06
Disease	disease_15809	1.388790155361325e-06
Disease	disease_9688	1.3768534040730092e-06
Disease	disease_13792	1.3762154527774706e-06
Disease	disease_5618	1.3758489561720027e-06
Disease	disease_5920	1.3672011168087678e-06
Disease	disease_15821	1.3236048890772877e-06
Disease	disease_5921	1.3219708638199246e-06
Disease	disease_21058	1.3093359981061422e-06
Disease	disease_20804	1.3072945015481377e-06
Disease	disease_8000	1.3070265154188397e-06
Disease	disease_6004	1.2883146456594326e-06
Disease	disease_6962	1.28723056236546e-06
Disease	disease_2206	1.2852547854456026e-06
Disease	disease_20573	1.2807978468087666e-06
Disease	disease_5627	1.2725652521562092e-06
Disease	disease_24882	1.2724612693326122e-06
Disease	disease_45071	1.2638762486328347e-06
Disease	disease_8638	1.2625104568543583e-06
Disease	disease_1657	1.2623650730350964e-06
Disease	disease_6906	1.2614617262280018e-06
Disease	disease_8159	1.2600883573673739e-06
Disease	disease_2399	1.2571435868898633e-06
Disease	disease_3274	1.2483389224781045e-06
Disease	disease_5277	1.246494827538552e-06
Disease	disease_5972	1.2323597579842517e-06
Disease	disease_5398	1.2287966214001177e-06
Disease	disease_19142	1.2252533639835927e-06
Disease	disease_5275	1.2185572897460135e-06
Disease	disease_10888	1.2155376842065589e-06
Disease	disease_6896	1.2148969327665346e-06
Disease	disease_21113	1.1960769853004946e-06
Disease	disease_5384	1.1959919332913145e-06
Disease	disease_5108	1.1890787695158032e-06
Disease	disease_6835	1.1822491522488118e-06
Disease	disease_43455	1.1819407272973923e-06
Disease	disease_21069	1.1776341500309575e-06
Disease	disease_5083	1.1704812243845616e-06
Disease	disease_2350	1.1624874887210696e-06
Disease	disease_1744	1.1584849504539625e-06
Disease	disease_1966	1.1584849504539625e-06
Disease	disease_12268	1.1489484556383467e-06
Disease	disease_5550	1.1451702419255377e-06
Disease	disease_19542	1.1447827157761824e-06
Disease	disease_18310	1.137853145679211e-06
Disease	disease_19121	1.1356862587473765e-06
Disease	disease_10108	1.135468637420334e-06
Disease	disease_4639	1.1321240580856233e-06
Disease	disease_2491	1.1242623126144983e-06
Disease	disease_6107	1.1227030563703532e-06
Disease	disease_11429	1.1176287886760404e-06
Disease	disease_7126	1.1133141143769533e-06
Disease	disease_5377	1.1102583688768847e-06
Disease	disease_1187	1.1040360833050854e-06
Disease	disease_43377	1.0936932540574533e-06
Disease	disease_5155	1.0911814816041273e-06
Disease	disease_5066	1.0819449366924697e-06
Disease	disease_33946	1.080518829276272e-06
Disease	disease_4987	1.0770324522778226e-06
Disease	disease_5812	1.0738905805968727e-06
Disease	disease_37939	1.0717599904182898e-06
Disease	disease_5049	1.0611993408793566e-06
Disease	disease_7803	1.0581364960985865e-06
Disease	disease_468	1.0572319826604432e-06
Disease	disease_5146	1.0551430682716748e-06
Disease	disease_4678	1.0491645964249583e-06
Disease	disease_7186	1.0489285119301152e-06
Disease	disease_2308	1.045763012829759e-06
Disease	disease_32920	1.0454567902009678e-06
Disease	disease_7573	1.042911418175874e-06
Disease	disease_5227	1.0423904247575907e-06
Disease	disease_37821	1.0391574169472959e-06
Disease	disease_16211	1.0382837846794235e-06
Disease	disease_2520	1.0370891799950268e-06
Disease	disease_2041	1.0348403532747635e-06
Disease	disease_3864	1.0330879023203606e-06
Disease	disease_4114	1.0325519163681103e-06
Disease	disease_20076	1.0321383975520724e-06
Disease	disease_21178	1.0319010519164934e-06
Disease	disease_5615	1.026236815510889e-06
Disease	disease_8608	1.025786328673459e-06
Disease	disease_2251	1.0199687265809556e-06
Disease	disease_11479	1.0199561986539718e-06
Disease	disease_5071	1.0183224922999218e-06
Disease	disease_41448	1.0115006761339965e-06
Disease	disease_13855	1.0111547503383299e-06
Disease	disease_5011	1.0104402315051076e-06
Disease	disease_11508	1.0082491391488002e-06
Disease	disease_2313	1.0029466399721734e-06
Disease	disease_6047	9.99250261057616e-07
Disease	disease_1926	9.95586451455975e-07
Disease	disease_1336	9.724182090409338e-07
Disease	disease_21251	9.655366850756594e-07
Disease	disease_5084	9.640586593934585e-07
Disease	disease_6875	9.57713158997116e-07
Disease	disease_1711	9.572164720960594e-07
Disease	disease_24313	9.556330501404438e-07
Disease	disease_5002	9.505079639695461e-07
Disease	disease_12685	9.504340067297764e-07
Disease	disease_5961	9.433404322993006e-07
Disease	disease_21680	9.344873150243292e-07
Disease	disease_11962	9.302443721974421e-07
Disease	disease_19624	9.298097877331231e-07
Disease	disease_5545	9.260628224218482e-07
Disease	disease_21758	9.2182883865752e-07
Disease	disease_20124	9.187904483330915e-07
Disease	disease_5382	9.172262195750665e-07
Disease	disease_948	9.165115452553713e-07
Disease	disease_5294	9.12026101696411e-07
Disease	disease_5447	9.090754179640269e-07
Disease	disease_8433	9.084134762603225e-07
Disease	disease_5719	9.07305433285451e-07
Disease	disease_2476	9.057994471625189e-07
Disease	disease_5097	9.050598006059503e-07
Disease	disease_15118	9.041693222873179e-07
Disease	disease_5532	9.03241957829872e-07
Disease	disease_18324	9.016283928337043e-07
Disease	disease_18325	9.016283928337043e-07
Disease	disease_3001	8.974722425618262e-07
Disease	disease_6563	8.953453355635432e-07
Disease	disease_19052	8.927605494863322e-07
Disease	disease_24880	8.923511807532837e-07
Disease	disease_18193	8.911783952256104e-07
Disease	disease_430	8.898820173201408e-07
Disease	disease_5906	8.84960305526995e-07
Disease	disease_2494	8.793175598069814e-07
Disease	disease_6579	8.787633394807601e-07
Disease	disease_2527	8.744590189942845e-07
Disease	disease_20513	8.684690223238548e-07
Disease	disease_5542	8.663180832070073e-07
Disease	disease_5249	8.662827222720238e-07
Disease	disease_19373	8.651963253570024e-07
Disease	disease_5300	8.62037252700743e-07
Disease	disease_1548	8.614845526849442e-07
Disease	disease_4946	8.589140054676113e-07
Disease	disease_15683	8.554535164643752e-07
Disease	disease_15810	8.517527253222966e-07
Disease	disease_15811	8.504216712249076e-07
Disease	disease_15812	8.504216712249076e-07
Disease	disease_4964	8.482919610900772e-07
Disease	disease_15822	8.450434845403265e-07
Disease	disease_2908	8.322446055473701e-07
Disease	disease_4842	8.319285029975037e-07
Disease	disease_2481	8.262234552282419e-07
Disease	disease_9394	8.217525229015817e-07
Disease	disease_2087	8.139251925551734e-07
Disease	disease_426	8.108898066253864e-07
Disease	disease_4805	8.091005890949005e-07
Disease	disease_12817	8.081000130702128e-07
Disease	disease_1410	8.061742755197825e-07
Disease	disease_3330	8.059130377174053e-07
Disease	disease_5170	8.046745008813077e-07
Disease	disease_43300	7.975484893577619e-07
Disease	disease_5560	7.967759223598193e-07
Disease	disease_11751	7.941065086950738e-07
Disease	disease_12672	7.936676075064698e-07
Disease	disease_18368	7.90865902030503e-07
Disease	disease_6733	7.876192730029049e-07
Disease	disease_6698	7.875613554563842e-07
Disease	disease_44887	7.864380021416317e-07
Disease	disease_3225	7.79165843397494e-07
Disease	disease_100280	7.754682983157631e-07
Disease	disease_21259	7.716264715824523e-07
Disease	disease_4565	7.713790535838879e-07
Disease	disease_24295	7.701746732054241e-07
Disease	disease_12883	7.680963138769828e-07
Disease	disease_18800	7.654938388170427e-07
Disease	disease_3240	7.608717906804023e-07
Disease	disease_2184	7.605244339187769e-07
Disease	disease_891	7.575329016984935e-07
Disease	disease_5445	7.565594001484446e-07
Disease	disease_4901	7.546090233984913e-07
Disease	disease_5446	7.511273752744037e-07
Disease	disease_6891	7.467524629960039e-07
Disease	disease_5554	7.425178673233139e-07
Disease	disease_5578	7.387765397518122e-07
Disease	disease_4959	7.342258275603315e-07
Disease	disease_432	7.341279001590762e-07
Disease	disease_6517	7.274924242326412e-07
Disease	disease_5060	7.217987531265365e-07
Disease	disease_7064	7.207579579630807e-07
Disease	disease_8742	7.198085958308624e-07
Disease	disease_5287	7.182454222315064e-07
Disease	disease_19962	7.141813646919094e-07
Disease	disease_5295	7.119284286210348e-07
Disease	disease_5138	7.107789488054046e-07
Disease	disease_5045	7.103399058231678e-07
Disease	disease_15131	7.080210255412585e-07
Disease	disease_3781	7.058612965917283e-07
Disease	disease_17595	7.039697776283962e-07
Disease	disease_2629	7.025958951431899e-07
Disease	disease_15288	7.020580688681375e-07
Disease	disease_828	7.01339661600499e-07
Disease	disease_4790	6.995472672626397e-07
Disease	disease_20119	6.970605364289065e-07
Disease	disease_4849	6.969866760048592e-07
Disease	disease_28226	6.963298222739407e-07
Disease	disease_4970	6.919804591186151e-07
Disease	disease_5859	6.919731833291387e-07
Disease	disease_5709	6.76325944585717e-07
Disease	disease_11421	6.760374619958852e-07
Disease	disease_18542	6.738308403629074e-07
Disease	disease_1241	6.737185442021797e-07
Disease	disease_5487	6.734557885044304e-07
Disease	disease_1265	6.734557885044304e-07
Disease	disease_23275	6.734080185645086e-07
Disease	disease_3028	6.726056488427156e-07
Disease	disease_9726	6.716382517543609e-07
Disease	disease_14833	6.70835138756265e-07
Disease	disease_4567	6.688624081687317e-07
Disease	disease_7540	6.671909611208785e-07
Disease	disease_1945	6.668426503782233e-07
Disease	disease_11918	6.615830865597051e-07
Disease	disease_12548	6.59670193049633e-07
Disease	disease_16599	6.558414256478789e-07
Disease	disease_15818	6.547379465963411e-07
Disease	disease_15356	6.527424289524673e-07
Disease	disease_16684	6.520673623505156e-07
Disease	disease_9892	6.510431582735168e-07
Disease	disease_5970	6.503393801980989e-07
Disease	disease_16180	6.484132130967493e-07
Disease	disease_20121	6.480472645030678e-07
Disease	disease_33483	6.388356525960075e-07
Disease	disease_16158	6.385420866469949e-07
Disease	disease_24613	6.362062068189886e-07
Disease	disease_10311	6.360437621881502e-07
Disease	disease_2258	6.358886186195073e-07
Disease	disease_54801	6.3551363055046e-07
Disease	disease_2501	6.340819225946984e-07
Disease	disease_24327	6.340280721720442e-07
Disease	disease_54802	6.316131833606625e-07
Disease	disease_951	6.298755047109327e-07
Disease	disease_19623	6.298110323104024e-07
Disease	disease_1741	6.261730262694064e-07
Disease	disease_2082	6.245091118264966e-07
Disease	disease_5147	6.224551562284351e-07
Disease	disease_5890	6.201635895809512e-07
Disease	disease_18871	6.199166346215883e-07
Disease	disease_3540	6.164384133608829e-07
Disease	disease_5559	6.138833777469426e-07
Disease	disease_8852	6.109476105119474e-07
Disease	disease_1627	6.099388974676357e-07
Disease	disease_10030	6.073392065078052e-07
Disease	disease_1106	6.037096849502247e-07
Disease	disease_8345	6.00636117682518e-07
Disease	disease_4963	5.999738251975607e-07
Disease	disease_8090	5.994520119070903e-07
Disease	disease_4375	5.938160585745004e-07
Disease	disease_2975	5.935483705533804e-07
Disease	disease_5311	5.900873784634998e-07
Disease	disease_19008	5.898770709026274e-07
Disease	disease_872	5.889352942583266e-07
Disease	disease_5235	5.887140846749996e-07
Disease	disease_18183	5.884909958158133e-07
Disease	disease_2490	5.872334293013985e-07
Disease	disease_7243	5.86772195780092e-07
Disease	disease_1040	5.836116567118397e-07
Disease	disease_36976	5.823301975296649e-07
Disease	disease_16050	5.821134693214391e-07
Disease	disease_19033	5.807662574205889e-07
Disease	disease_8565	5.806771174994309e-07
Disease	disease_4980	5.806575414882259e-07
Disease	disease_20316	5.793965432144738e-07
Disease	disease_3661	5.786230788259395e-07
Disease	disease_5313	5.776734079017937e-07
Disease	disease_376	5.758778516608114e-07
Disease	disease_21107	5.757703522560549e-07
Disease	disease_4958	5.741791023603585e-07
Disease	disease_19781	5.736346661531737e-07
Disease	disease_20493	5.726756193873488e-07
Disease	disease_2155	5.722976796828778e-07
Disease	disease_6883	5.707489869311457e-07
Disease	disease_11922	5.699743216879853e-07
Disease	disease_15817	5.687490052277069e-07
Disease	disease_12930	5.682201064435942e-07
Disease	disease_8364	5.673817741397513e-07
Disease	disease_14118	5.65914572973157e-07
Disease	disease_3806	5.656724120061378e-07
Disease	disease_1942	5.654680383150352e-07
Disease	disease_2406	5.650737625179675e-07
Disease	disease_4332	5.643960533498778e-07
Disease	disease_6699	5.642312602666483e-07
Disease	disease_10911	5.63123270677977e-07
Disease	disease_4471	5.630039630805676e-07
Disease	disease_5131	5.629427398691974e-07
Disease	disease_3987	5.623773659828573e-07
Disease	disease_4817	5.622219712170162e-07
Disease	disease_4815	5.622219712170162e-07
Disease	disease_4483	5.621692658150374e-07
Disease	disease_2489	5.619375379129282e-07
Disease	disease_1444	5.616416964158919e-07
Disease	disease_5190	5.574618178280813e-07
Disease	disease_7027	5.564013822847477e-07
Disease	disease_4558	5.56240944699416e-07
Disease	disease_4524	5.56240944699416e-07
Disease	disease_4460	5.56240944699416e-07
Disease	disease_6932	5.538865070645789e-07
Disease	disease_15057	5.537805932515124e-07
Disease	disease_5586	5.528732148526304e-07
Disease	disease_16251	5.508641911261908e-07
Disease	disease_2426	5.487973307857868e-07
Disease	disease_6727	5.487841031670973e-07
Disease	disease_18891	5.486840951443068e-07
Disease	disease_10294	5.477751522953874e-07
Disease	disease_15924	5.469808153708271e-07
Disease	disease_17884	5.46926825916563e-07
Disease	disease_5140	5.459248437598775e-07
Disease	disease_467	5.444932803341208e-07
Disease	disease_5338	5.435892420226218e-07
Disease	disease_5386	5.421805097889459e-07
Disease	disease_15055	5.413560372393441e-07
Disease	disease_15056	5.413560372393441e-07
Disease	disease_14865	5.410172725919862e-07
Disease	disease_44965	5.407196535136863e-07
Disease	disease_1197	5.402345536543319e-07
Disease	disease_3638	5.396706820098322e-07
Disease	disease_14456	5.389380221561259e-07
Disease	disease_18487	5.38486565365725e-07
Disease	disease_831	5.383210662937329e-07
Disease	disease_16022	5.382572479082111e-07
Disease	disease_2289	5.382001185547264e-07
Disease	disease_12159	5.376202765448602e-07
Disease	disease_13631	5.376202765448602e-07
Disease	disease_12942	5.376202765448602e-07
Disease	disease_12955	5.376202765448602e-07
Disease	disease_5112	5.36347841260488e-07
Disease	disease_1358	5.336693999215469e-07
Disease	disease_5374	5.335183661372012e-07
Disease	disease_8193	5.327347429891986e-07
Disease	disease_19013	5.325250450083983e-07
Disease	disease_4643	5.309254179601503e-07
Disease	disease_20547	5.305445065508678e-07
Disease	disease_31332	5.302292935551375e-07
Disease	disease_54698	5.291035543116224e-07
Disease	disease_4802	5.288841090585107e-07
Disease	disease_8171	5.285225180604606e-07
Disease	disease_5570	5.268580034337947e-07
Disease	disease_5775	5.251006036989184e-07
Disease	disease_9468	5.250042673798288e-07
Disease	disease_3652	5.243749098570383e-07
Disease	disease_100146	5.233917799106214e-07
Disease	disease_2413	5.220124319496419e-07
Disease	disease_2412	5.208434541660717e-07
Disease	disease_14250	5.206597534093634e-07
Disease	disease_2032	5.199743064544463e-07
Disease	disease_8559	5.192899349611844e-07
Disease	disease_21095	5.185683308848879e-07
Disease	disease_2803	5.161213460881545e-07
Disease	disease_24612	5.131676093915904e-07
Disease	disease_8228	5.130545743904746e-07
Disease	disease_7794	5.126700977339562e-07
Disease	disease_12197	5.12206232125217e-07
Disease	disease_24305	5.114131320875478e-07
Disease	disease_5299	5.106543939719042e-07
Disease	disease_18896	5.096047474730913e-07
Disease	disease_15909	5.069666341905065e-07
Disease	disease_5130	5.061288912926425e-07
Disease	disease_2974	5.031221264201757e-07
Disease	disease_1751	5.030116595778554e-07
Disease	disease_18116	5.022675694275411e-07
Disease	disease_5008	5.009198581349403e-07
Disease	disease_2048	4.986443761938816e-07
Disease	disease_11559	4.986136328041481e-07
Disease	disease_2474	4.980428871249861e-07
Disease	disease_100193	4.980150241108849e-07
Disease	disease_5749	4.961651841028763e-07
Disease	disease_17290	4.947613628659755e-07
Disease	disease_9469	4.932409052561286e-07
Disease	disease_2512	4.93171774269525e-07
Disease	disease_15253	4.913864141244376e-07
Disease	disease_9061	4.899996375791094e-07
Disease	disease_20989	4.894099318976823e-07
Disease	disease_6746	4.890360636570953e-07
Disease	disease_6592	4.88652402283082e-07
Disease	disease_19004	4.839264728743912e-07
Disease	disease_15129	4.829516338602616e-07
Disease	disease_5020	4.817030244125568e-07
Disease	disease_5016	4.806066884645762e-07
Disease	disease_226	4.803523635629483e-07
Disease	disease_18353	4.796410192562106e-07
Disease	disease_5017	4.774855345486467e-07
Disease	disease_2229	4.774453339525373e-07
Disease	disease_6165	4.7605098556284673e-07
Disease	disease_21698	4.7585042923902225e-07
Disease	disease_5081	4.748491315556409e-07
Disease	disease_15110	4.7433742492024245e-07
Disease	disease_100246	4.718293778314047e-07
Disease	disease_17338	4.6884989635041135e-07
Disease	disease_9550	4.6767963839255956e-07
Disease	disease_18544	4.6753235260207426e-07
Disease	disease_5344	4.67496268131468e-07
Disease	disease_3127	4.6391767723068257e-07
Disease	disease_2602	4.6312075502975613e-07
Disease	disease_7950	4.629039862633997e-07
Disease	disease_1713	4.6181212462550753e-07
Disease	disease_6810	4.610453998113758e-07
Disease	disease_16829	4.609068311946573e-07
Disease	disease_4721	4.603870347569505e-07
Disease	disease_19790	4.6017189494256006e-07
Disease	disease_2970	4.587239516928934e-07
Disease	disease_3749	4.5500285585544337e-07
Disease	disease_18078	4.544176386850757e-07
Disease	disease_11450	4.521868763621626e-07
Disease	disease_12933	4.5206387247244025e-07
Disease	disease_15760	4.5130994897496584e-07
Disease	disease_13253	4.5122202433309435e-07
Disease	disease_13669	4.5100172612037425e-07
Disease	disease_6981	4.4982582005813667e-07
Disease	disease_612	4.483659819907717e-07
Disease	disease_6052	4.4817191379650116e-07
Disease	disease_6011	4.4755871995065e-07
Disease	disease_20683	4.454317677428428e-07
Disease	disease_873	4.451142248163041e-07
Disease	disease_24643	4.4508872569210856e-07
Disease	disease_2245	4.4507475865434285e-07
Disease	disease_2817	4.440976816369273e-07
Disease	disease_5324	4.4330354578305014e-07
Disease	disease_15938	4.432807634894185e-07
Disease	disease_19933	4.407945273304987e-07
Disease	disease_5595	4.3880406711703266e-07
Disease	disease_536	4.3798504207543944e-07
Disease	disease_2515	4.32920917256575e-07
Disease	disease_16168	4.329186657585415e-07
Disease	disease_21661	4.327373726886604e-07
Disease	disease_5763	4.3156098261946314e-07
Disease	disease_16532	4.3056945102479603e-07
Disease	disease_29000	4.298450027207085e-07
Disease	disease_40679	4.28774658212237e-07
Disease	disease_15816	4.284334009757111e-07
Disease	disease_5119	4.2648632206077784e-07
Disease	disease_3537	4.2610848368403644e-07
Disease	disease_2268	4.2150914622074917e-07
Disease	disease_5546	4.191557926708871e-07
Disease	disease_16430	4.168570204321426e-07
Disease	disease_2508	4.1667291320361e-07
Disease	disease_5029	4.162801472523142e-07
Disease	disease_402	4.156865151468786e-07
Disease	disease_10264	4.1554996929184995e-07
Disease	disease_5157	4.1202944340486815e-07
Disease	disease_19111	4.1167405696598165e-07
Disease	disease_6679	4.1135288670083175e-07
Disease	disease_18448	4.110569702171379e-07
Disease	disease_16586	4.1056896868835844e-07
Disease	disease_11292	4.092170769580914e-07
Disease	disease_7008	4.083623132209882e-07
Disease	disease_100347	4.073796838326977e-07
Disease	disease_6584	4.071759349429491e-07
Disease	disease_15574	4.068584987688913e-07
Disease	disease_10809	4.0638983994183655e-07
Disease	disease_5383	4.0601263747838166e-07
Disease	disease_21367	4.0591873560516437e-07
Disease	disease_3900	4.053344682358665e-07
Disease	disease_21350	4.045693905660246e-07
Disease	disease_9823	4.0297894394416037e-07
Disease	disease_8567	4.019533136373449e-07
Disease	disease_18378	4.011602085011829e-07
Disease	disease_8566	3.9892512763735914e-07
Disease	disease_5149	3.930188584249558e-07
Disease	disease_45059	3.929847991498614e-07
Disease	disease_621	3.9258315856426096e-07
Disease	disease_3664	3.9202114251027504e-07
Disease	disease_17990	3.904512507323242e-07
Disease	disease_5150	3.902157838878716e-07
Disease	disease_5151	3.897820283611777e-07
Disease	disease_11895	3.884950505049141e-07
Disease	disease_5885	3.8823933498402396e-07
Disease	disease_24650	3.879083175058905e-07
Disease	disease_10031	3.870836339354878e-07
Disease	disease_8487	3.86515754284825e-07
Disease	disease_18925	3.860471920199566e-07
Disease	disease_20479	3.851549036103566e-07
Disease	disease_6807	3.84546658050835e-07
Disease	disease_5036	3.831177079864755e-07
Disease	disease_18875	3.830347373004541e-07
Disease	disease_2305	3.8300369145726303e-07
Disease	disease_19338	3.8257539010360905e-07
Disease	disease_18898	3.8195152793091354e-07
Disease	disease_1198	3.8147100142786627e-07
Disease	disease_44033	3.81320924070355e-07
Disease	disease_11989	3.8103349738568734e-07
Disease	disease_3500	3.787890953165027e-07
Disease	disease_24431	3.7826637969514973e-07
Disease	disease_5004	3.7756595599190454e-07
Disease	disease_11719	3.7727860192108995e-07
Disease	disease_995	3.767396668409133e-07
Disease	disease_2898	3.7657231115025444e-07
Disease	disease_2485	3.7641859127276e-07
Disease	disease_13730	3.7602410254902056e-07
Disease	disease_1823	3.736286127684852e-07
Disease	disease_2657	3.7269795920407126e-07
Disease	disease_19436	3.7260561636807105e-07
Disease	disease_5328	3.722838598583888e-07
Disease	disease_3812	3.720582443052174e-07
Disease	disease_11382	3.7150492021781475e-07
Disease	disease_41086	3.6954364818896533e-07
Disease	disease_56815	3.693781140162839e-07
Disease	disease_21166	3.690454354626097e-07
Disease	disease_5607	3.686143520854559e-07
Disease	disease_19098	3.6668371288283064e-07
Disease	disease_1549	3.66533668453669e-07
Disease	disease_5387	3.628337919473892e-07
Disease	disease_2146	3.624278122258174e-07
Disease	disease_19391	3.620389844646775e-07
Disease	disease_17844	3.605883522692498e-07
Disease	disease_6502	3.5993006144603996e-07
Disease	disease_5336	3.5901430023081226e-07
Disease	disease_19536	3.581965612134254e-07
Disease	disease_13741	3.57578460139244e-07
Disease	disease_2800	3.5725381569706097e-07
Disease	disease_16064	3.5707393525493763e-07
Disease	disease_10826	3.56417207410519e-07
Disease	disease_5003	3.555303600925096e-07
Disease	disease_11876	3.5446927026324405e-07
Disease	disease_11348	3.5350170237904647e-07
Disease	disease_43768	3.5279387923077234e-07
Disease	disease_1221	3.527709965799798e-07
Disease	disease_24498	3.5228541579952793e-07
Disease	disease_5569	3.5210302223210353e-07
Disease	disease_24566	3.5206980839133287e-07
Disease	disease_8733	3.514732355025602e-07
Disease	disease_2482	3.509980837610899e-07
Disease	disease_5061	3.5049765557058864e-07
Disease	disease_6025	3.4990650505769874e-07
Disease	disease_4868	3.493864227669871e-07
Disease	disease_15914	3.4885756752508777e-07
Disease	disease_20722	3.485144897190407e-07
Disease	disease_7603	3.482690918829747e-07
Disease	disease_5381	3.4764725862272425e-07
Disease	disease_23603	3.4641456164559064e-07
Disease	disease_4988	3.4507578671568474e-07
Disease	disease_4335	3.4439819881065936e-07
Disease	disease_8294	3.429346064887744e-07
Disease	disease_1039	3.421219648100114e-07
Disease	disease_16682	3.415166201722538e-07
Disease	disease_24330	3.413077819996649e-07
Disease	disease_20528	3.4067651936929623e-07
Disease	disease_18535	3.401888608044727e-07
Disease	disease_6058	3.3976842299060966e-07
Disease	disease_12050	3.394353322488634e-07
Disease	disease_12100	3.394353322488634e-07
Disease	disease_5453	3.392217436034541e-07
Disease	disease_24891	3.3920058938936367e-07
Disease	disease_17169	3.3840055091544377e-07
Disease	disease_5758	3.377696286010035e-07
Disease	disease_1340	3.3736971387745734e-07
Disease	disease_4596	3.3714331423719635e-07
Disease	disease_16272	3.3682157693491534e-07
Disease	disease_15128	3.359996809002509e-07
Disease	disease_33375	3.3584374832063285e-07
Disease	disease_6268	3.352661099774293e-07
Disease	disease_44328	3.351246575254138e-07
Disease	disease_16686	3.349841191658835e-07
Disease	disease_2516	3.349811344529313e-07
Disease	disease_12061	3.3445009464048556e-07
Disease	disease_44212	3.334650516102433e-07
Disease	disease_17337	3.3274036600011457e-07
Disease	disease_5636	3.325036150886113e-07
Disease	disease_3193	3.320021804834587e-07
Disease	disease_100120	3.3118906608539367e-07
Disease	disease_620	3.298636312447302e-07
Disease	disease_14241	3.2981416446564787e-07
Disease	disease_956	3.2930475625132353e-07
Disease	disease_18546	3.2893771886766494e-07
Disease	disease_19050	3.2822957747327095e-07
Disease	disease_100241	3.2804294397353123e-07
Disease	disease_44937	3.277720856366568e-07
Disease	disease_4670	3.264523739520923e-07
Disease	disease_16383	3.2510967135669765e-07
Disease	disease_5580	3.2480528845072636e-07
Disease	disease_21072	3.247583275792703e-07
Disease	disease_6874	3.2382036004031997e-07
Disease	disease_24277	3.237432999917748e-07
Disease	disease_4496	3.236791028763903e-07
Disease	disease_5076	3.22876752838069e-07
Disease	disease_1517	3.2272851040516574e-07
Disease	disease_5346	3.2264223186259837e-07
Disease	disease_4994	3.220420020361004e-07
Disease	disease_3950	3.21936170637713e-07
Disease	disease_100079	3.214067983834889e-07
Disease	disease_6040	3.2139256295848064e-07
Disease	disease_8233	3.2112880822411e-07
Disease	disease_19810	3.2091782140063735e-07
Disease	disease_2483	3.208781000684788e-07
Disease	disease_9971	3.2057479930110233e-07
Disease	disease_21046	3.204856101673504e-07
Disease	disease_6256	3.2039061161580737e-07
Disease	disease_2869	3.2016397777351483e-07
Disease	disease_21146	3.190809569272026e-07
Disease	disease_8731	3.1903932232403564e-07
Disease	disease_4974	3.186893663419311e-07
Disease	disease_2488	3.1843078065873704e-07
Disease	disease_5647	3.1842579618722983e-07
Disease	disease_8679	3.1777802625304635e-07
Disease	disease_2837	3.176525746816495e-07
Disease	disease_6945	3.1617463479986865e-07
Disease	disease_21211	3.154458615393346e-07
Disease	disease_2317	3.154112746591608e-07
Disease	disease_1529	3.151927239727162e-07
Disease	disease_6118	3.146000638064666e-07
Disease	disease_19558	3.1340108045858304e-07
Disease	disease_1209	3.1328763620780156e-07
Disease	disease_3411	3.1292156289141454e-07
Disease	disease_2487	3.12467556950791e-07
Disease	disease_2314	3.1215404785095695e-07
Disease	disease_15874	3.109538825804023e-07
Disease	disease_19100	3.107795572435448e-07
Disease	disease_13433	3.102915693966313e-07
Disease	disease_920	3.1017207909690316e-07
Disease	disease_24573	3.094400660959009e-07
Disease	disease_1999	3.092032052749594e-07
Disease	disease_13209	3.0887561574586664e-07
Disease	disease_5218	3.0861896566281776e-07
Disease	disease_24306	3.08439028876266e-07
Disease	disease_15691	3.078689421948024e-07
Disease	disease_15759	3.0775671759802755e-07
Disease	disease_7743	3.069078917967518e-07
Disease	disease_2877	3.0672286709395184e-07
Disease	disease_4729	3.061166441007989e-07
Disease	disease_19847	3.059686358507867e-07
Disease	disease_17814	3.0593357249517856e-07
Disease	disease_20120	3.05476191840899e-07
Disease	disease_15509	3.052682517415332e-07
Disease	disease_13361	3.050808857147385e-07
Disease	disease_3982	3.044912020493049e-07
Disease	disease_50	3.0445050456666555e-07
Disease	disease_2125	3.0442593069161827e-07
Disease	disease_4658	3.042970643034701e-07
Disease	disease_1386	3.0091644413149095e-07
Disease	disease_21253	3.002037043125886e-07
Disease	disease_5480	2.981688755295414e-07
Disease	disease_871	2.9772595343853923e-07
Disease	disease_20340	2.971023672668402e-07
Disease	disease_2320	2.968242306733071e-07
Disease	disease_5628	2.9672126828692904e-07
Disease	disease_18150	2.9651953386276146e-07
Disease	disease_6513	2.9627948359114687e-07
Disease	disease_15140	2.958532517674223e-07
Disease	disease_21073	2.9565513532141557e-07
Disease	disease_7759	2.9506969196476915e-07
Disease	disease_10356	2.94980958568647e-07
Disease	disease_3012	2.943868819641974e-07
Disease	disease_2492	2.943068518746832e-07
Disease	disease_2118	2.9412116676546773e-07
Disease	disease_4789	2.926601536080327e-07
Disease	disease_10635	2.9246394611626965e-07
Disease	disease_6802	2.923762187921254e-07
Disease	disease_20333	2.9089349535915087e-07
Disease	disease_10679	2.906086935851111e-07
Disease	disease_2405	2.9043466828434947e-07
Disease	disease_1784	2.9035132159712316e-07
Disease	disease_4438	2.900563038703266e-07
Disease	disease_6739	2.898616054063934e-07
Disease	disease_6512	2.898616054063934e-07
Disease	disease_56813	2.898616054063934e-07
Disease	disease_3659	2.897804906510583e-07
Disease	disease_19618	2.894869534033274e-07
Disease	disease_15285	2.8767644079008697e-07
Disease	disease_10526	2.865250699820512e-07
Disease	disease_20633	2.8629951580522695e-07
Disease	disease_14167	2.854409886922805e-07
Disease	disease_694	2.852618234215993e-07
Disease	disease_1770	2.848287389696483e-07
Disease	disease_2307	2.843288539243725e-07
Disease	disease_24298	2.8375227286695894e-07
Disease	disease_7494	2.8357069444827897e-07
Disease	disease_5945	2.835233954656146e-07
Disease	disease_43291	2.824813925414685e-07
Disease	disease_6939	2.8228818572618697e-07
Disease	disease_44917	2.8198265221359177e-07
Disease	disease_2444	2.8094550478908703e-07
Disease	disease_24614	2.8094550478908703e-07
Disease	disease_21416	2.809277098069317e-07
Disease	disease_36595	2.8090947387109195e-07
Disease	disease_18944	2.805213941659469e-07
Disease	disease_17598	2.803032362624474e-07
Disease	disease_18229	2.801990017694243e-07
Disease	disease_2303	2.790839977388683e-07
Disease	disease_17979	2.7876288923150944e-07
Disease	disease_4355	2.787128134410422e-07
Disease	disease_987	2.7709430481231365e-07
Disease	disease_12365	2.7709430481231365e-07
Disease	disease_4858	2.7709430481231365e-07
Disease	disease_4859	2.7709430481231365e-07
Disease	disease_12366	2.7709430481231365e-07
Disease	disease_5929	2.763474289703995e-07
Disease	disease_6642	2.7609153075700464e-07
Disease	disease_2834	2.7572808386528304e-07
Disease	disease_15979	2.752939544128155e-07
Disease	disease_18365	2.74849417015591e-07
Disease	disease_19345	2.7419487913723e-07
Disease	disease_6206	2.7399934277053675e-07
Disease	disease_18848	2.713012351833188e-07
Disease	disease_7263	2.6918158980598417e-07
Disease	disease_20755	2.686103128431817e-07
Disease	disease_6295	2.6861008447974036e-07
Disease	disease_15770	2.6741981107934046e-07
Disease	disease_5495	2.6723089240836607e-07
Disease	disease_17594	2.6691749479817585e-07
Disease	disease_5477	2.6671084396121587e-07
Disease	disease_4978	2.661872449975534e-07
Disease	disease_1117	2.658122131763182e-07
Disease	disease_6026	2.6570966355093184e-07
Disease	disease_2545	2.655590133086789e-07
Disease	disease_2562	2.654970133865212e-07
Disease	disease_5282	2.6516213248925293e-07
Disease	disease_17207	2.649865768206291e-07
Disease	disease_24340	2.647849113284972e-07
Disease	disease_100130	2.646557182375424e-07
Disease	disease_10947	2.640894771325709e-07
Disease	disease_5302	2.6391361208360836e-07
Disease	disease_10200	2.626721553327401e-07
Disease	disease_2039	2.620920644924241e-07
Disease	disease_24634	2.6178692404950836e-07
Disease	disease_18660	2.616472516363276e-07
Disease	disease_13902	2.615845896545573e-07
Disease	disease_20662	2.612610524430237e-07
Disease	disease_1572	2.6052168382645086e-07
Disease	disease_6988	2.597128859353435e-07
Disease	disease_5754	2.589364906829937e-07
Disease	disease_5361	2.586186525843131e-07
Disease	disease_3634	2.585841214892509e-07
Disease	disease_19371	2.576813672546139e-07
Disease	disease_1208	2.5759341498698875e-07
Disease	disease_5867	2.5755869522899204e-07
Disease	disease_314	2.573601548422874e-07
Disease	disease_4745	2.5726825433857023e-07
Disease	disease_1807	2.5665102560977205e-07
Disease	disease_4938	2.5663901210157716e-07
Disease	disease_5087	2.561041620996333e-07
Disease	disease_6243	2.5608784979261795e-07
Disease	disease_43218	2.5605028332065527e-07
Disease	disease_41440	2.5598439414389914e-07
Disease	disease_24355	2.559578468974585e-07
Disease	disease_19180	2.5513241239092307e-07
Disease	disease_18328	2.546156405789845e-07
Disease	disease_2441	2.545714192740336e-07
Disease	disease_16899	2.5400270577461575e-07
Disease	disease_6786	2.529862109435846e-07
Disease	disease_24335	2.5190989394330604e-07
Disease	disease_8199	2.5171505266529835e-07
Disease	disease_18881	2.514024283930928e-07
Disease	disease_10196	2.5108391078519657e-07
Disease	disease_5253	2.5043221146144367e-07
Disease	disease_8303	2.502032501574309e-07
Disease	disease_6951	2.492409606358778e-07
Disease	disease_9383	2.4891784856120037e-07
Disease	disease_5258	2.489001267515016e-07
Disease	disease_5718	2.485993992087317e-07
Disease	disease_24512	2.4795935941104207e-07
Disease	disease_8224	2.47939601320141e-07
Disease	disease_6722	2.4764511663938996e-07
Disease	disease_16681	2.4655127726706776e-07
Disease	disease_100240	2.46524960121184e-07
Disease	disease_6670	2.4561657916033585e-07
Disease	disease_1119	2.4475184815890634e-07
Disease	disease_20643	2.4426774550366546e-07
Disease	disease_16702	2.440311003736778e-07
Disease	disease_10184	2.4402737671099083e-07
Disease	disease_7534	2.43782935798099e-07
Disease	disease_6021	2.435877912525947e-07
Disease	disease_6507	2.4358252416084093e-07
Disease	disease_10602	2.4258571510678054e-07
Disease	disease_947	2.4247893673027543e-07
Disease	disease_5388	2.422060544395383e-07
Disease	disease_6589	2.420244774196405e-07
Disease	disease_5373	2.4145497490215327e-07
Disease	disease_5046	2.4043181197167564e-07
Disease	disease_5395	2.404269483824486e-07
Disease	disease_19434	2.4021187409456644e-07
Disease	disease_1083	2.3998391659201735e-07
Disease	disease_20051	2.390676784803529e-07
Disease	disease_1080	2.3906044274108473e-07
Disease	disease_2715	2.3898431512968897e-07
Disease	disease_14827	2.387443284890291e-07
Disease	disease_24255	2.384651390030818e-07
Disease	disease_15788	2.3798351628650396e-07
Disease	disease_15716	2.3798351628650396e-07
Disease	disease_15717	2.3798351628650396e-07
Disease	disease_10939	2.37529386074916e-07
Disease	disease_837	2.3672903663698945e-07
Disease	disease_41775	2.3631237898721439e-07
Disease	disease_16691	2.359684271639942e-07
Disease	disease_19832	2.3559416468499268e-07
Disease	disease_7768	2.3462443057024012e-07
Disease	disease_14574	2.3416073214503722e-07
Disease	disease_5530	2.3409622279520196e-07
Disease	disease_15791	2.3359814234527065e-07
Disease	disease_8380	2.3333047434557445e-07
Disease	disease_2409	2.3238114583860703e-07
Disease	disease_9606	2.3214526657694575e-07
Disease	disease_18271	2.3186932994071818e-07
Disease	disease_1941	2.3153493518971994e-07
Disease	disease_548	2.3149271670217472e-07
Disease	disease_5385	2.3026415548033762e-07
Disease	disease_21084	2.296716762095335e-07
Disease	disease_43885	2.2947639227924622e-07
Disease	disease_17895	2.2907728762095638e-07
Disease	disease_40797	2.2901207091568658e-07
Disease	disease_9710	2.288737129891127e-07
Disease	disease_2279	2.2862178573469841e-07
Disease	disease_1909	2.2820497553596024e-07
Disease	disease_508	2.2814637556509363e-07
Disease	disease_24282	2.2803302778073092e-07
Disease	disease_21167	2.279745449760623e-07
Disease	disease_11776	2.2747614392720412e-07
Disease	disease_18768	2.2737274222371522e-07
Disease	disease_8114	2.273714249318337e-07
Disease	disease_10604	2.2681444196342556e-07
Disease	disease_1641	2.252048935981025e-07
Disease	disease_1382	2.2503665318512878e-07
Disease	disease_589	2.2488229419039683e-07
Disease	disease_19801	2.2457063521035463e-07
Disease	disease_4187	2.2455784659132743e-07
Disease	disease_15905	2.2344189511616418e-07
Disease	disease_21668	2.2286951842997093e-07
Disease	disease_18301	2.222887558343193e-07
Disease	disease_5206	2.2227207658498642e-07
Disease	disease_5825	2.2205387210257518e-07
Disease	disease_43839	2.21909648911478e-07
Disease	disease_5567	2.2151124343693545e-07
Disease	disease_5531	2.2090014711336276e-07
Disease	disease_18468	2.203553914514906e-07
Disease	disease_41879	2.1990652922541397e-07
Disease	disease_6597	2.1942231830726131e-07
Disease	disease_1805	2.1890249012502247e-07
Disease	disease_1401	2.1890249012502247e-07
Disease	disease_2068	2.1890249012502247e-07
Disease	disease_4878	2.1890249012502247e-07
Disease	disease_1850	2.1890249012502247e-07
Disease	disease_2067	2.1890249012502247e-07
Disease	disease_2069	2.1890249012502247e-07
Disease	disease_43424	2.1832177827642873e-07
Disease	disease_5683	2.178730730938813e-07
Disease	disease_100053	2.1603385628883005e-07
Disease	disease_19635	2.1549621990123171e-07
Disease	disease_6862	2.152292260595668e-07
Disease	disease_13099	2.1492189470360566e-07
Disease	disease_43267	2.148392453447945e-07
Disease	disease_3996	2.145490277248473e-07
Disease	disease_17863	2.1438286115899054e-07
Disease	disease_18883	2.1407586458000586e-07
Disease	disease_18755	2.1407289181727296e-07
Disease	disease_5609	2.139809099814624e-07
Disease	disease_21945	2.1375754770904207e-07
Disease	disease_21667	2.1359139418038498e-07
Disease	disease_2714	2.1311957309025452e-07
Disease	disease_18492	2.1277387518953537e-07
Disease	disease_5028	2.1275149327014839e-07
Disease	disease_5814	2.1157195095928044e-07
Disease	disease_6312	2.1156160567863692e-07
Disease	disease_100062	2.1144276093586704e-07
Disease	disease_20693	2.11427572476955e-07
Disease	disease_4631	2.108960053639238e-07
Disease	disease_4739	2.108030175947013e-07
Disease	disease_13276	2.1076173044255372e-07
Disease	disease_2158	2.1066469447877798e-07
Disease	disease_6604	2.1027989419978036e-07
Disease	disease_18666	2.094815901904014e-07
Disease	disease_3699	2.0939587745498217e-07
Disease	disease_23249	2.093868394660278e-07
Disease	disease_5185	2.093868394660278e-07
Disease	disease_9376	2.0913781306262325e-07
Disease	disease_6290	2.087670879718318e-07
Disease	disease_2105	2.0831055038760805e-07
Disease	disease_19154	2.075321723471275e-07
Disease	disease_19072	2.0743777928577865e-07
Disease	disease_9046	2.0717652285901025e-07
Disease	disease_1292	2.0705327497894412e-07
Disease	disease_4277	2.0664337611129568e-07
Disease	disease_6504	2.0569742842714583e-07
Disease	disease_54866	2.055125258259272e-07
Disease	disease_45057	2.0539126093199443e-07
Disease	disease_2471	2.0528331148995823e-07
Disease	disease_7336	2.0521513693203566e-07
Disease	disease_21124	2.04992602937675e-07
Disease	disease_5132	2.0416894038794085e-07
Disease	disease_17754	2.0413824875890663e-07
Disease	disease_20311	2.0412030289713594e-07
Disease	disease_3243	2.036505061641599e-07
Disease	disease_9421	2.0316658977657945e-07
Disease	disease_8678	2.02967287829217e-07
Disease	disease_4609	2.0261760491820146e-07
Disease	disease_1860	2.0187251494731546e-07
Disease	disease_8988	2.0183522554631235e-07
Disease	disease_3010	2.0138017648694569e-07
Disease	disease_29001	2.006834679553546e-07
Disease	disease_4522	2.0065184074828195e-07
Disease	disease_3245	2.0062845703804216e-07
Disease	disease_9904	2.0061120024574271e-07
Disease	disease_12105	2.003123607335586e-07
Disease	disease_16703	2.0029624917920458e-07
Disease	disease_8055	2.0010286611745453e-07
Disease	disease_5048	2.0006219929468098e-07
Disease	disease_16689	1.9980157672401907e-07
Disease	disease_16688	1.9980157672401907e-07
Disease	disease_16687	1.9980157672401907e-07
Disease	disease_18708	1.9931486046115155e-07
Disease	disease_9925	1.992432032959366e-07
Disease	disease_1656	1.9922409698574612e-07
Disease	disease_15900	1.987262071078647e-07
Disease	disease_5496	1.9861769206264167e-07
Disease	disease_20334	1.983258680730492e-07
Disease	disease_6525	1.9830139812415262e-07
Disease	disease_8647	1.9827735181916162e-07
Disease	disease_7179	1.9803941976164914e-07
Disease	disease_19122	1.9802574761936395e-07
Disease	disease_5284	1.9796655286931074e-07
Disease	disease_15991	1.9731582585556833e-07
Disease	disease_9529	1.960261499289963e-07
Disease	disease_5626	1.955365108585955e-07
Disease	disease_5114	1.9527327307319483e-07
Disease	disease_7559	1.951709102694977e-07
Disease	disease_3246	1.9515527139510125e-07
Disease	disease_18741	1.9510502948864563e-07
Disease	disease_771	1.9498418817349822e-07
Disease	disease_7191	1.9496268721727838e-07
Disease	disease_5433	1.946060272367654e-07
Disease	disease_7369	1.9457605496583066e-07
Disease	disease_43693	1.9444476240739222e-07
Disease	disease_9377	1.943644164412258e-07
Disease	disease_8814	1.9417105135382027e-07
Disease	disease_4116	1.9393858332463734e-07
Disease	disease_6873	1.934590168305981e-07
Disease	disease_21655	1.9324017894412483e-07
Disease	disease_5746	1.9291949095859106e-07
Disease	disease_8015	1.9281083468924532e-07
Disease	disease_5365	1.9265704084495426e-07
Disease	disease_6668	1.924424131439479e-07
Disease	disease_24633	1.9232286298805837e-07
Disease	disease_8558	1.9204507574721692e-07
Disease	disease_21657	1.9197757140380605e-07
Disease	disease_23283	1.917247115400012e-07
Disease	disease_4708	1.9158105352635012e-07
Disease	disease_24237	1.9129504801010797e-07
Disease	disease_1155	1.9095261818154335e-07
Disease	disease_4260	1.9095261818154335e-07
Disease	disease_1613	1.9093940964576327e-07
Disease	disease_3060	1.9056086664001095e-07
Disease	disease_1933	1.9044630428412908e-07
Disease	disease_6372	1.9035700639054925e-07
Disease	disease_33925	1.8989396849031792e-07
Disease	disease_5440	1.8979325763722738e-07
Disease	disease_1244	1.8950698985920358e-07
Disease	disease_7690	1.8936194836688236e-07
Disease	disease_1316	1.893532852347228e-07
Disease	disease_18059	1.8919124143022144e-07
Disease	disease_1152	1.874732517795606e-07
Disease	disease_16565	1.8744023560172953e-07
Disease	disease_15541	1.8666898431918757e-07
Disease	disease_8586	1.8666253712389077e-07
Disease	disease_19444	1.8662150840364252e-07
Disease	disease_100342	1.864737915697949e-07
Disease	disease_2269	1.862191791657466e-07
Disease	disease_4681	1.862023697417136e-07
Disease	disease_5100	1.8618834213562757e-07
Disease	disease_6462	1.8616539670429197e-07
Disease	disease_16700	1.8596289111631346e-07
Disease	disease_18480	1.8540058949082017e-07
Disease	disease_1436	1.8533258747261563e-07
Disease	disease_6898	1.8514069505857625e-07
Disease	disease_5351	1.846146498129711e-07
Disease	disease_21061	1.8410134359356894e-07
Disease	disease_16696	1.8401646097376205e-07
Disease	disease_16692	1.839337865313953e-07
Disease	disease_5711	1.837891170960481e-07
Disease	disease_1071	1.837698814065711e-07
Disease	disease_4857	1.8320879938921913e-07
Disease	disease_25556	1.8297197008978896e-07
Disease	disease_19095	1.8291696045750196e-07
Disease	disease_1899	1.8225347974909963e-07
Disease	disease_4695	1.8221766319889013e-07
Disease	disease_8273	1.8221681286018557e-07
Disease	disease_16706	1.8220129994401756e-07
Disease	disease_18843	1.8197512531067166e-07
Disease	disease_1555	1.8189505785628297e-07
Disease	disease_1929	1.816155800723645e-07
Disease	disease_1928	1.816155800723645e-07
Disease	disease_5153	1.8150468887348178e-07
Disease	disease_2928	1.814554956272566e-07
Disease	disease_6117	1.8134414271830517e-07
Disease	disease_17755	1.810456946678759e-07
Disease	disease_5266	1.8101566171128734e-07
Disease	disease_5619	1.809753788632739e-07
Disease	disease_19841	1.8068161644559443e-07
Disease	disease_15614	1.8019684290921844e-07
Disease	disease_16695	1.8000466931102456e-07
Disease	disease_482	1.7938707966540596e-07
Disease	disease_10615	1.7926474087094863e-07
Disease	disease_11728	1.7915040407396617e-07
Disease	disease_6343	1.7914818437321118e-07
Disease	disease_5649	1.7908418050778247e-07
Disease	disease_3408	1.7905250876465468e-07
Disease	disease_21181	1.78832517530336e-07
Disease	disease_8876	1.7883005518631057e-07
Disease	disease_24715	1.785173201942718e-07
Disease	disease_19136	1.7833091340096635e-07
Disease	disease_2522	1.7821210771632986e-07
Disease	disease_17373	1.779861112237262e-07
Disease	disease_6993	1.7755903001145015e-07
Disease	disease_19824	1.775275303076201e-07
Disease	disease_18890	1.7742103255503384e-07
Disease	disease_5053	1.7739735000641896e-07
Disease	disease_5135	1.7737120801807684e-07
Disease	disease_19737	1.7679095681852008e-07
Disease	disease_15573	1.7666711567783795e-07
Disease	disease_2428	1.7663706363265578e-07
Disease	disease_18645	1.7660480253589541e-07
Disease	disease_5391	1.7645291765562633e-07
Disease	disease_16715	1.7640311366654482e-07
Disease	disease_1879	1.7621385903016582e-07
Disease	disease_21663	1.7612188333672727e-07
Disease	disease_12729	1.7600849363133305e-07
Disease	disease_1530	1.7587474236420317e-07
Disease	disease_16268	1.7576674936889474e-07
Disease	disease_16264	1.7575321150572417e-07
Disease	disease_2181	1.7530010235105719e-07
Disease	disease_16705	1.7525088977458668e-07
Disease	disease_16466	1.7482170127800696e-07
Disease	disease_19724	1.743668400546112e-07
Disease	disease_1956	1.7430120586273516e-07
Disease	disease_6865	1.7392033505854425e-07
Disease	disease_8966	1.738613871369423e-07
Disease	disease_18647	1.7381130958989836e-07
Disease	disease_6684	1.7368405784725466e-07
Disease	disease_2833	1.7365569407414008e-07
Disease	disease_20075	1.7360483794791517e-07
Disease	disease_16271	1.7353443932816338e-07
Disease	disease_44751	1.7351096735912382e-07
Disease	disease_8297	1.7342482251113642e-07
Disease	disease_16707	1.733303715747268e-07
Disease	disease_10576	1.728604665596839e-07
Disease	disease_16690	1.7244698275611544e-07
Disease	disease_1315	1.7207170721219489e-07
Disease	disease_4845	1.7190933570856453e-07
Disease	disease_18842	1.7177806650972256e-07
Disease	disease_12851	1.7165745358561175e-07
Disease	disease_12552	1.715951761524112e-07
Disease	disease_19617	1.7153527763488733e-07
Disease	disease_20578	1.7103344925155916e-07
Disease	disease_6039	1.7098401521830182e-07
Disease	disease_6350	1.7080044769580686e-07
Disease	disease_18762	1.7067750382151651e-07
Disease	disease_6344	1.7063415958025204e-07
Disease	disease_19144	1.7061373200320258e-07
Disease	disease_6609	1.7057471738173709e-07
Disease	disease_8585	1.703832210797191e-07
Disease	disease_5590	1.7026322367690938e-07
Disease	disease_5525	1.6984959457571007e-07
Disease	disease_4953	1.6983185461698193e-07
Disease	disease_4782	1.6974644877877882e-07
Disease	disease_17046	1.6963573752032013e-07
Disease	disease_8963	1.6962780865862334e-07
Disease	disease_16362	1.6962481551668348e-07
Disease	disease_12850	1.694756496562174e-07
Disease	disease_7522	1.689142123454854e-07
Disease	disease_5201	1.687358804947572e-07
Disease	disease_440	1.6816707401381784e-07
Disease	disease_17364	1.6815867644827388e-07
Disease	disease_13144	1.6812646413450803e-07
Disease	disease_26777	1.6810066589514135e-07
Disease	disease_17572	1.6809661250642665e-07
Disease	disease_9519	1.6793297130446305e-07
Disease	disease_9338	1.6792433334984542e-07
Disease	disease_9379	1.677068342250368e-07
Disease	disease_15053	1.675138602738802e-07
Disease	disease_5564	1.6717027558941097e-07
Disease	disease_4668	1.6709241366050858e-07
Disease	disease_14103	1.6697435040037121e-07
Disease	disease_3554	1.6695857420969915e-07
Disease	disease_5706	1.669114260384896e-07
Disease	disease_14107	1.668971665346704e-07
Disease	disease_14105	1.6683398070509035e-07
Disease	disease_14106	1.6683205222212666e-07
Disease	disease_16635	1.667557214995248e-07
Disease	disease_14102	1.6672855286617205e-07
Disease	disease_13926	1.6672462757914046e-07
Disease	disease_14461	1.6670065851772563e-07
Disease	disease_5315	1.666987537737212e-07
Disease	disease_19466	1.6642490912723374e-07
Disease	disease_18967	1.6642053583081297e-07
Disease	disease_510	1.664040898587709e-07
Disease	disease_15608	1.663182270859334e-07
Disease	disease_15164	1.663182270859334e-07
Disease	disease_2397	1.6631706177505913e-07
Disease	disease_18504	1.6608567317493216e-07
Disease	disease_24477	1.6603814080964544e-07
Disease	disease_12316	1.6592470720312797e-07
Disease	disease_15561	1.6588888061299203e-07
Disease	disease_16632	1.6573266143037242e-07
Disease	disease_6225	1.6566686890831646e-07
Disease	disease_9974	1.6560476601293047e-07
Disease	disease_4033	1.653089639762348e-07
Disease	disease_20529	1.6526556708422897e-07
Disease	disease_1166	1.6522266036566148e-07
Disease	disease_7727	1.6517568918191113e-07
Disease	disease_2828	1.6440821643731436e-07
Disease	disease_2832	1.6440821643731436e-07
Disease	disease_24412	1.6436287222680365e-07
Disease	disease_1226	1.6422714289903025e-07
Disease	disease_4990	1.6380056881425375e-07
Disease	disease_3393	1.6369714664821175e-07
Disease	disease_13966	1.6333454742383676e-07
Disease	disease_18694	1.6325534309325673e-07
Disease	disease_9414	1.6277988352799879e-07
Disease	disease_15270	1.6259585936095046e-07
Disease	disease_15127	1.625483188070035e-07
Disease	disease_9528	1.6247230827404415e-07
Disease	disease_8054	1.6242605637036142e-07
Disease	disease_19614	1.6224437527376374e-07
Disease	disease_918	1.6215556701923305e-07
Disease	disease_14488	1.6204612242491796e-07
Disease	disease_5608	1.6179323782997305e-07
Disease	disease_15789	1.6175724162458826e-07
Disease	disease_3780	1.6161111535508793e-07
Disease	disease_11027	1.614680810147181e-07
Disease	disease_40732	1.6141662933493488e-07
Disease	disease_11072	1.6139994253123768e-07
Disease	disease_11363	1.6139994253123768e-07
Disease	disease_11955	1.6139994253123768e-07
Disease	disease_5510	1.6109332973500696e-07
Disease	disease_20115	1.6103110393947202e-07
Disease	disease_1687	1.605393397558394e-07
Disease	disease_618	1.603902745382017e-07
Disease	disease_616	1.603902745382017e-07
Disease	disease_16476	1.6014148489567428e-07
Disease	disease_16547	1.6013244227950775e-07
Disease	disease_17623	1.600886319355772e-07
Disease	disease_41052	1.5988719053898475e-07
Disease	disease_7947	1.597932933490543e-07
Disease	disease_8318	1.596594272178495e-07
Disease	disease_21094	1.5960468236392788e-07
Disease	disease_5827	1.5933525441536917e-07
Disease	disease_14742	1.5923064534045443e-07
Disease	disease_5657	1.590453864700959e-07
Disease	disease_13088	1.5876180271919677e-07
Disease	disease_8538	1.5867523112741726e-07
Disease	disease_7958	1.5860020254648562e-07
Disease	disease_1881	1.5844262728064688e-07
Disease	disease_5211	1.582838435392769e-07
Disease	disease_3641	1.5822878647953365e-07
Disease	disease_19591	1.5807866419156785e-07
Disease	disease_5834	1.580481548232411e-07
Disease	disease_5836	1.5801245902021896e-07
Disease	disease_18374	1.5791190592921144e-07
Disease	disease_19721	1.5761744919241546e-07
Disease	disease_7959	1.5761450805813146e-07
Disease	disease_9876	1.5746981833465623e-07
Disease	disease_17885	1.568547725045673e-07
Disease	disease_2038	1.568359183377519e-07
Disease	disease_6176	1.566880947460996e-07
Disease	disease_6430	1.5635801811108823e-07
Disease	disease_5152	1.560677379001696e-07
Disease	disease_19460	1.5602787912361436e-07
Disease	disease_8633	1.5580038819100234e-07
Disease	disease_7015	1.5570619000887974e-07
Disease	disease_18754	1.55560713285239e-07
Disease	disease_7844	1.554499593165565e-07
Disease	disease_9482	1.5537661255466518e-07
Disease	disease_6019	1.5534714481196469e-07
Disease	disease_565	1.5519122735263298e-07
Disease	disease_12528	1.5515498609280198e-07
Disease	disease_6122	1.550882997096979e-07
Disease	disease_4264	1.5502864670773787e-07
Disease	disease_8889	1.5500806356277766e-07
Disease	disease_1734	1.5494694193430576e-07
Disease	disease_18923	1.5494078550220303e-07
Disease	disease_4196	1.5485210193455264e-07
Disease	disease_141	1.5478586040858057e-07
Disease	disease_6337	1.5475999473658318e-07
Disease	disease_17773	1.5467357894796182e-07
Disease	disease_2312	1.5465512533183422e-07
Disease	disease_11484	1.5460477611875577e-07
Disease	disease_13910	1.545877377356138e-07
Disease	disease_16553	1.545490886726158e-07
Disease	disease_13911	1.5453350953132526e-07
Disease	disease_7103	1.5434902238603506e-07
Disease	disease_13024	1.5412779524863708e-07
Disease	disease_12988	1.5403259357942154e-07
Disease	disease_19538	1.539888823477238e-07
Disease	disease_615	1.5397239635344875e-07
Disease	disease_6324	1.5397239635344875e-07
Disease	disease_12880	1.538308730915973e-07
Disease	disease_1577	1.5368524241575058e-07
Disease	disease_13913	1.5367532773368432e-07
Disease	disease_13961	1.5364926750918977e-07
Disease	disease_1100	1.5322275047399703e-07
Disease	disease_8250	1.5310917178160586e-07
Disease	disease_9879	1.5304823876625417e-07
Disease	disease_13006	1.5302296396886435e-07
Disease	disease_10920	1.5271832182690372e-07
Disease	disease_19245	1.526733660067863e-07
Disease	disease_6279	1.5264150715422337e-07
Disease	disease_2326	1.5260895598833036e-07
Disease	disease_1639	1.5239902731783713e-07
Disease	disease_3629	1.5229269399903293e-07
Disease	disease_6477	1.5221935598754545e-07
Disease	disease_19945	1.5218463684177733e-07
Disease	disease_19058	1.5216934595766199e-07
Disease	disease_8300	1.519614762238156e-07
Disease	disease_11565	1.5163314909278217e-07
Disease	disease_19402	1.5133600789049132e-07
Disease	disease_2242	1.5126470700300897e-07
Disease	disease_1797	1.5095237264457634e-07
Disease	disease_18997	1.5090007019302157e-07
Disease	disease_6147	1.508549537150679e-07
Disease	disease_1200	1.5067402054198008e-07
Disease	disease_10580	1.5063901172681707e-07
Disease	disease_19145	1.5052143055851587e-07
Disease	disease_15508	1.5042117075225796e-07
Disease	disease_5572	1.5016427069136795e-07
Disease	disease_2440	1.5016427069136795e-07
Disease	disease_2437	1.5016427069136795e-07
Disease	disease_21066	1.5007232269541505e-07
Disease	disease_18481	1.4988635670490163e-07
Disease	disease_1892	1.4987733718368226e-07
Disease	disease_8234	1.4981374625408474e-07
Disease	disease_3655	1.4979525207159772e-07
Disease	disease_19743	1.4928941411233814e-07
Disease	disease_7903	1.4891909864249188e-07
Disease	disease_1356	1.4886304322670702e-07
Disease	disease_8667	1.48782156712278e-07
Disease	disease_9937	1.4875981988406787e-07
Disease	disease_6452	1.4861486763974678e-07
Disease	disease_4955	1.4847934776384892e-07
Disease	disease_19632	1.482523879525222e-07
Disease	disease_6014	1.4820026412953733e-07
Disease	disease_7338	1.4790258186488582e-07
Disease	disease_36511	1.4770060260977398e-07
Disease	disease_8428	1.4753416849569954e-07
Disease	disease_21042	1.4749650265396085e-07
Disease	disease_6519	1.474380289470744e-07
Disease	disease_425	1.4741009835284164e-07
Disease	disease_14191	1.471032847418329e-07
Disease	disease_994	1.4708543559202366e-07
Disease	disease_4627	1.4701271872880666e-07
Disease	disease_8637	1.4697714287353088e-07
Disease	disease_17896	1.468891707890358e-07
Disease	disease_6478	1.4679640867412463e-07
Disease	disease_16384	1.4677058391385229e-07
Disease	disease_13914	1.4668448773186848e-07
Disease	disease_6314	1.4663280126686809e-07
Disease	disease_4957	1.4649743452861262e-07
Disease	disease_12762	1.464952052330559e-07
Disease	disease_11934	1.463923505780354e-07
Disease	disease_15092	1.4634804812169515e-07
Disease	disease_288	1.4632725546065893e-07
Disease	disease_15687	1.4627901393287053e-07
Disease	disease_9833	1.462299345151064e-07
Disease	disease_19032	1.4616940472839029e-07
Disease	disease_15943	1.4610474256110942e-07
Disease	disease_3573	1.46002256221797e-07
Disease	disease_14166	1.4599551897463502e-07
Disease	disease_996	1.459447366623659e-07
Disease	disease_44976	1.4589778506269705e-07
Disease	disease_19544	1.4555701545363827e-07
Disease	disease_5052	1.4532460050385124e-07
Disease	disease_13912	1.4521194035952616e-07
Disease	disease_18872	1.451970624305464e-07
Disease	disease_13915	1.4519660484377395e-07
Disease	disease_21355	1.451745871848615e-07
Disease	disease_16540	1.448901557323758e-07
Disease	disease_7193	1.448074264784284e-07
Disease	disease_13529	1.4408084110200626e-07
Disease	disease_20108	1.4405889068115036e-07
Disease	disease_5186	1.4402001565114394e-07
Disease	disease_15263	1.439764517295854e-07
Disease	disease_18882	1.439677726366038e-07
Disease	disease_18835	1.4376343947510813e-07
Disease	disease_18685	1.4376099829420618e-07
Disease	disease_10221	1.437207903517951e-07
Disease	disease_6823	1.437150641820419e-07
Disease	disease_5058	1.4357380073477348e-07
Disease	disease_13517	1.4353351643645216e-07
Disease	disease_17991	1.4340152015146263e-07
Disease	disease_21635	1.429101817735244e-07
Disease	disease_3014	1.428674406050078e-07
Disease	disease_21068	1.4285886608724504e-07
Disease	disease_1821	1.4278683400295265e-07
Disease	disease_20799	1.4267197628752212e-07
Disease	disease_9303	1.4265221067842696e-07
Disease	disease_4592	1.4252919120392712e-07
Disease	disease_13595	1.4217387500885627e-07
Disease	disease_15560	1.4208977629036083e-07
Disease	disease_9100	1.4206045929923508e-07
Disease	disease_9572	1.4181996919276548e-07
Disease	disease_43731	1.4170552817167991e-07
Disease	disease_1076	1.4169666470522462e-07
Disease	disease_16063	1.4138609071074786e-07
Disease	disease_8612	1.4136069237036946e-07
Disease	disease_2309	1.411780222304847e-07
Disease	disease_2273	1.4116329128871513e-07
Disease	disease_54737	1.4098979146097238e-07
Disease	disease_4694	1.4076639616401704e-07
Disease	disease_19431	1.4076639616401704e-07
Disease	disease_16204	1.4076639616401704e-07
Disease	disease_44631	1.4076639616401704e-07
Disease	disease_18991	1.4076639616401704e-07
Disease	disease_18870	1.4058965213307824e-07
Disease	disease_6404	1.4032130766034062e-07
Disease	disease_19959	1.4021787919294024e-07
Disease	disease_17592	1.401916430612196e-07
Disease	disease_21074	1.4013892227893726e-07
Disease	disease_18502	1.4013648205781488e-07
Disease	disease_2854	1.4012430594492686e-07
Disease	disease_7349	1.400240204270515e-07
Disease	disease_15159	1.399622754899028e-07
Disease	disease_5563	1.3995314727887343e-07
Disease	disease_4768	1.3989407243203801e-07
Disease	disease_6455	1.3950675589094114e-07
Disease	disease_18695	1.3940841828284485e-07
Disease	disease_18019	1.392796057107142e-07
Disease	disease_21537	1.3921222294730865e-07
Disease	disease_2701	1.3905367468712742e-07
Disease	disease_4553	1.3905244060227508e-07
Disease	disease_21056	1.388087584499651e-07
Disease	disease_54739	1.387713109406419e-07
Disease	disease_5203	1.3876792033071064e-07
Disease	disease_19127	1.387274721220503e-07
Disease	disease_9288	1.386909551677299e-07
Disease	disease_7896	1.3854821064151096e-07
Disease	disease_14404	1.3853269481587284e-07
Disease	disease_6476	1.3850059316209692e-07
Disease	disease_19143	1.3828324904078077e-07
Disease	disease_8296	1.3822069140196745e-07
Disease	disease_4222	1.3779501451484205e-07
Disease	disease_18669	1.374970782138618e-07
Disease	disease_3008	1.3742485354764706e-07
Disease	disease_11706	1.3738277327588673e-07
Disease	disease_19461	1.3733943584966e-07
Disease	disease_1576	1.3719613286778603e-07
Disease	disease_4571	1.371840864247715e-07
Disease	disease_16367	1.370641559196024e-07
Disease	disease_5828	1.3705761314777923e-07
Disease	disease_7417	1.3704039981029372e-07
Disease	disease_6411	1.3698921877447818e-07
Disease	disease_6199	1.3689414447299143e-07
Disease	disease_1509	1.3688220952287578e-07
Disease	disease_12985	1.368420065582046e-07
Disease	disease_2286	1.3678666085808e-07
Disease	disease_9352	1.3627588738375032e-07
Disease	disease_19463	1.3601024215121705e-07
Disease	disease_4456	1.359220344729324e-07
Disease	disease_24656	1.357104400753194e-07
Disease	disease_5451	1.3553855336216852e-07
Disease	disease_5082	1.3494413238633215e-07
Disease	disease_2012	1.3490068693376427e-07
Disease	disease_20519	1.3486303662149413e-07
Disease	disease_5169	1.347862296951411e-07
Disease	disease_4872	1.3457157354806098e-07
Disease	disease_9044	1.3457122954295625e-07
Disease	disease_993	1.3411837960873347e-07
Disease	disease_19458	1.3400116840842363e-07
Disease	disease_9124	1.3400084474119872e-07
Disease	disease_627	1.336889923910986e-07
Disease	disease_1072	1.3359501777265295e-07
Disease	disease_20127	1.3351159615627417e-07
Disease	disease_6570	1.3330984739196563e-07
Disease	disease_7450	1.3316914528000783e-07
Disease	disease_4976	1.3313887139624029e-07
Disease	disease_10789	1.3298549665873127e-07
Disease	disease_18020	1.3273931311231753e-07
Disease	disease_11361	1.3271440307520307e-07
Disease	disease_6387	1.3248808506566412e-07
Disease	disease_4555	1.3228290993437e-07
Disease	disease_17025	1.3209274745670677e-07
Disease	disease_15719	1.3191725389534437e-07
Disease	disease_10820	1.3182378028033487e-07
Disease	disease_21118	1.3165945984837414e-07
Disease	disease_19019	1.3163154782541581e-07
Disease	disease_827	1.3157934310459564e-07
Disease	disease_1574	1.315325332884192e-07
Disease	disease_13081	1.3151740291975176e-07
Disease	disease_9539	1.3151650582094778e-07
Disease	disease_19589	1.3144622646215184e-07
Disease	disease_18077	1.3138638218026046e-07
Disease	disease_7650	1.3135818128818597e-07
Disease	disease_5367	1.311960130835529e-07
Disease	disease_2165	1.3106381836602506e-07
Disease	disease_22687	1.30836906162627e-07
Disease	disease_6451	1.306305414452484e-07
Disease	disease_15720	1.3057174686804663e-07
Disease	disease_1318	1.302202283021562e-07
Disease	disease_6158	1.300316982984388e-07
Disease	disease_10023	1.2986706344370121e-07
Disease	disease_19438	1.298230494659716e-07
Disease	disease_9194	1.2945742777875347e-07
Disease	disease_20527	1.294450894747353e-07
Disease	disease_19349	1.2943247041301292e-07
Disease	disease_19557	1.293499005315866e-07
Disease	disease_15962	1.2914601134780726e-07
Disease	disease_14092	1.2879378727847108e-07
Disease	disease_4647	1.2865491173364645e-07
Disease	disease_24711	1.2844483344276287e-07
Disease	disease_13060	1.2819179225963045e-07
Disease	disease_18913	1.2815556435237426e-07
Disease	disease_41656	1.2812176674908747e-07
Disease	disease_19600	1.276981656447397e-07
Disease	disease_451	1.276470483029024e-07
Disease	disease_24468	1.2762605586434473e-07
Disease	disease_6585	1.2757503855814962e-07
Disease	disease_19562	1.2756547505301933e-07
Disease	disease_6610	1.2754565697951056e-07
Disease	disease_4855	1.2722198900752497e-07
Disease	disease_19543	1.2717354181158978e-07
Disease	disease_8723	1.26880905102553e-07
Disease	disease_9050	1.2680848712585337e-07
Disease	disease_6658	1.2668452115203475e-07
Disease	disease_14109	1.2655679430560682e-07
Disease	disease_12860	1.2653676827596794e-07
Disease	disease_16660	1.2638435015819095e-07
Disease	disease_14306	1.2626902497083394e-07
Disease	disease_17366	1.262067151727187e-07
Disease	disease_8316	1.2593181417791096e-07
Disease	disease_15610	1.258932759804772e-07
Disease	disease_1160	1.258782072181076e-07
Disease	disease_25598	1.2579980607954898e-07
Disease	disease_24881	1.2565219356701577e-07
Disease	disease_10183	1.256521235046248e-07
Disease	disease_6042	1.2557598113775474e-07
Disease	disease_19499	1.2530870924903293e-07
Disease	disease_1607	1.2524321973089415e-07
Disease	disease_44919	1.2521118473996682e-07
Disease	disease_5655	1.2505073824174201e-07
Disease	disease_5654	1.2505073824174201e-07
Disease	disease_15327	1.249739717483338e-07
Disease	disease_5193	1.248928275651302e-07
Disease	disease_10198	1.2486721398703075e-07
Disease	disease_6510	1.248129621671903e-07
Disease	disease_2930	1.2480243484880152e-07
Disease	disease_19056	1.2471499467489435e-07
Disease	disease_19633	1.244669556126981e-07
Disease	disease_8200	1.2434717751565288e-07
Disease	disease_44684	1.2422846579942047e-07
Disease	disease_5942	1.239055998871546e-07
Disease	disease_15104	1.2386958558229562e-07
Disease	disease_9354	1.23846824401429e-07
Disease	disease_4298	1.2384633973535938e-07
Disease	disease_20590	1.2379756484937286e-07
Disease	disease_18408	1.2367459226363348e-07
Disease	disease_5938	1.2362088030933043e-07
Disease	disease_1422	1.2351446584435153e-07
Disease	disease_4104	1.2340982149437224e-07
Disease	disease_6417	1.2335483585151115e-07
Disease	disease_20497	1.23221658434476e-07
Disease	disease_17036	1.2316347793285587e-07
Disease	disease_9849	1.2313740228390408e-07
Disease	disease_15617	1.229429470385081e-07
Disease	disease_7435	1.2279440795148217e-07
Disease	disease_7607	1.2269584855744803e-07
Disease	disease_16685	1.2257413837487534e-07
Disease	disease_4795	1.2247462979802385e-07
Disease	disease_5184	1.2218583375491045e-07
Disease	disease_2586	1.2214134931904854e-07
Disease	disease_19336	1.2213817403685575e-07
Disease	disease_16613	1.221377221722368e-07
Disease	disease_19703	1.2211891017231668e-07
Disease	disease_8323	1.2210933255931545e-07
Disease	disease_1014	1.2202510470672442e-07
Disease	disease_10796	1.219049675125642e-07
Disease	disease_3117	1.2185869592426513e-07
Disease	disease_13653	1.2182950565607525e-07
Disease	disease_24472	1.215579493642341e-07
Disease	disease_15787	1.2148492870755704e-07
Disease	disease_10619	1.2127650937443976e-07
Disease	disease_6234	1.209899684708073e-07
Disease	disease_1247	1.2097770068509273e-07
Disease	disease_13167	1.208398338257288e-07
Disease	disease_20074	1.2079192918851845e-07
Disease	disease_18202	1.2075866561389735e-07
Disease	disease_4517	1.205870325228006e-07
Disease	disease_3299	1.2037473331107418e-07
Disease	disease_8243	1.2036208829667086e-07
Disease	disease_17133	1.2027504853261977e-07
Disease	disease_8930	1.202219583756952e-07
Disease	disease_8734	1.2012515269498627e-07
Disease	disease_2776	1.2006755102564977e-07
Disease	disease_5461	1.2005236065445167e-07
Disease	disease_15721	1.199688841012829e-07
Disease	disease_19554	1.199668870757288e-07
Disease	disease_7739	1.1974801722794078e-07
Disease	disease_5810	1.19606096436349e-07
Disease	disease_1461	1.1958395699713875e-07
Disease	disease_2513	1.1951556879512012e-07
Disease	disease_5356	1.1933111639939324e-07
Disease	disease_1104	1.1928667878601997e-07
Disease	disease_9472	1.192130956563369e-07
Disease	disease_15762	1.1920651852395369e-07
Disease	disease_23113	1.1915725235142865e-07
Disease	disease_15470	1.1913441009386634e-07
Disease	disease_6160	1.1908242840170442e-07
Disease	disease_12481	1.1905890937797002e-07
Disease	disease_5484	1.1897347592557919e-07
Disease	disease_6999	1.1895826440449393e-07
Disease	disease_6162	1.1886699093191226e-07
Disease	disease_17190	1.1885596292876096e-07
Disease	disease_21666	1.1874070124475152e-07
Disease	disease_11764	1.1873393466574989e-07
Disease	disease_13625	1.1865181535076769e-07
Disease	disease_6419	1.1855776754939003e-07
Disease	disease_5661	1.1845602004016771e-07
Disease	disease_6390	1.1828642015634114e-07
Disease	disease_18076	1.1816118887278536e-07
Disease	disease_14604	1.18134644845351e-07
Disease	disease_1927	1.181233154497227e-07
Disease	disease_11896	1.1798378562223009e-07
Disease	disease_24376	1.1765341081223639e-07
Disease	disease_8082	1.1764172083623835e-07
Disease	disease_3334	1.176015959232794e-07
Disease	disease_7080	1.1758184213295472e-07
Disease	disease_18479	1.1747805768556157e-07
Disease	disease_3130	1.1724629670465721e-07
Disease	disease_5348	1.1724526356540708e-07
Disease	disease_901	1.1698178272738175e-07
Disease	disease_6223	1.1698178272738175e-07
Disease	disease_6428	1.1698178272738175e-07
Disease	disease_44889	1.1698178272738175e-07
Disease	disease_4822	1.1685331977146427e-07
Disease	disease_19946	1.1667679563379728e-07
Disease	disease_18824	1.1666868285637165e-07
Disease	disease_11381	1.165710438639627e-07
Disease	disease_100326	1.1655819599030307e-07
Disease	disease_5984	1.164128635369525e-07
Disease	disease_18752	1.1628967780779074e-07
Disease	disease_15130	1.16146999226566e-07
Disease	disease_6159	1.159943127159696e-07
Disease	disease_2026	1.1591852836048862e-07
Disease	disease_21108	1.1550021143279995e-07
Disease	disease_43005	1.1539109012149131e-07
Disease	disease_12821	1.1536477321089727e-07
Disease	disease_12822	1.1536477321089727e-07
Disease	disease_12951	1.1536477321089727e-07
Disease	disease_12954	1.1536477321089727e-07
Disease	disease_12823	1.1536477321089727e-07
Disease	disease_12952	1.1536477321089727e-07
Disease	disease_12673	1.1536477321089727e-07
Disease	disease_5026	1.1533038660121766e-07
Disease	disease_2386	1.1525085330733598e-07
Disease	disease_14233	1.1515874884970313e-07
Disease	disease_19455	1.1510128596544403e-07
Disease	disease_3719	1.1507659764450462e-07
Disease	disease_6730	1.1494156406126068e-07
Disease	disease_6745	1.1492330737258468e-07
Disease	disease_5854	1.1489419844456111e-07
Disease	disease_3514	1.1487999727146986e-07
Disease	disease_8347	1.1483282670687905e-07
Disease	disease_13340	1.1470006137944238e-07
Disease	disease_13742	1.1465393918103616e-07
Disease	disease_8564	1.1435536552417748e-07
Disease	disease_8641	1.1423957376183159e-07
Disease	disease_13021	1.1420740805320765e-07
Disease	disease_17891	1.1412886175102562e-07
Disease	disease_10122	1.1405760663776843e-07
Disease	disease_6659	1.14055153759159e-07
Disease	disease_5992	1.140508736508725e-07
Disease	disease_7847	1.140141397485517e-07
Disease	disease_15474	1.1397106582380382e-07
Disease	disease_19028	1.1381570640853661e-07
Disease	disease_19167	1.1379690184601959e-07
Disease	disease_6861	1.1337280899497271e-07
Disease	disease_595	1.1330815726099046e-07
Disease	disease_5833	1.1329829157227803e-07
Disease	disease_9382	1.1312585649673364e-07
Disease	disease_9380	1.1305087445389956e-07
Disease	disease_18887	1.1304976245861206e-07
Disease	disease_1162	1.1302929545776241e-07
Disease	disease_4634	1.1296315402739083e-07
Disease	disease_43606	1.1279209035780308e-07
Disease	disease_4572	1.1254236698229858e-07
Disease	disease_1485	1.1254236698229858e-07
Disease	disease_11613	1.1251995138691437e-07
Disease	disease_19010	1.1242799440675728e-07
Disease	disease_11658	1.1238099298765555e-07
Disease	disease_4110	1.1237828694702777e-07
Disease	disease_5116	1.1204786730378625e-07
Disease	disease_2730	1.1190035133425e-07
Disease	disease_8263	1.1135922307163538e-07
Disease	disease_11220	1.1099227700665661e-07
Disease	disease_11737	1.1099227700665661e-07
Disease	disease_10360	1.1099227700665661e-07
Disease	disease_16056	1.1092086907074978e-07
Disease	disease_20089	1.1082435080413782e-07
Disease	disease_14472	1.1066473700220453e-07
Disease	disease_5254	1.1063012756822071e-07
Disease	disease_610	1.1060354249789572e-07
Disease	disease_6621	1.1054663380737157e-07
Disease	disease_13304	1.1049249440747813e-07
Disease	disease_19170	1.104844535646281e-07
Disease	disease_16595	1.1045569146384011e-07
Disease	disease_17910	1.1042417557621686e-07
Disease	disease_15999	1.1041187887485082e-07
Disease	disease_15659	1.1022612256851849e-07
Disease	disease_8201	1.1015910940993335e-07
Disease	disease_13279	1.1004704827789388e-07
Disease	disease_9387	1.0942961878761486e-07
Disease	disease_19954	1.0918327021094896e-07
Disease	disease_19471	1.0917287017045671e-07
Disease	disease_473	1.0912476471153028e-07
Disease	disease_19509	1.0905625116531828e-07
Disease	disease_15766	1.0902961204129215e-07
Disease	disease_18088	1.0895478193671043e-07
Disease	disease_15072	1.0874968730977487e-07
Disease	disease_8907	1.0859855984327822e-07
Disease	disease_3332	1.085822205924041e-07
Disease	disease_16486	1.0845327533242913e-07
Disease	disease_4956	1.0830224602095473e-07
Disease	disease_56814	1.0830224602095473e-07
Disease	disease_18956	1.0816637121225754e-07
Disease	disease_9179	1.0804675901803376e-07
Disease	disease_7071	1.0796328727808034e-07
Disease	disease_4082	1.0787658522469109e-07
Disease	disease_6763	1.0775685371121263e-07
Disease	disease_13578	1.0775520047133185e-07
Disease	disease_2331	1.0774026104344227e-07
Disease	disease_5823	1.0771534260919387e-07
Disease	disease_42458	1.0764010685012985e-07
Disease	disease_18814	1.075125008620086e-07
Disease	disease_3821	1.0746070882155527e-07
Disease	disease_15019	1.0743474578869437e-07
Disease	disease_3507	1.0740323313976395e-07
Disease	disease_7988	1.0737017942791004e-07
Disease	disease_8353	1.0719131715044423e-07
Disease	disease_11068	1.0717888695346272e-07
Disease	disease_4869	1.071281259466297e-07
Disease	disease_13599	1.0687466225190023e-07
Disease	disease_7834	1.068664321600246e-07
Disease	disease_19199	1.0685410710850897e-07
Disease	disease_12937	1.0685022027689928e-07
Disease	disease_24813	1.0670842482134589e-07
Disease	disease_6336	1.0664250909115241e-07
Disease	disease_15517	1.0661549928143866e-07
Disease	disease_6060	1.0652878396920356e-07
Disease	disease_4318	1.0650476765199616e-07
Disease	disease_4319	1.0650476765199616e-07
Disease	disease_41167	1.0632526544213138e-07
Disease	disease_4867	1.062724698925157e-07
Disease	disease_3639	1.0607312311751876e-07
Disease	disease_6857	1.0606586656245653e-07
Disease	disease_20644	1.0599015133525987e-07
Disease	disease_9353	1.0583036301020244e-07
Disease	disease_24888	1.0582288862561345e-07
Disease	disease_148	1.056694710444247e-07
Disease	disease_14725	1.0566931997684915e-07
Disease	disease_32723	1.05465788452299e-07
Disease	disease_11153	1.0535590283084225e-07
Disease	disease_18352	1.0521712096357906e-07
Disease	disease_5192	1.052071017439084e-07
Disease	disease_13944	1.0510347392702169e-07
Disease	disease_21199	1.050204626069668e-07
Disease	disease_5974	1.0484563668753044e-07
Disease	disease_41959	1.0484404270280085e-07
Disease	disease_990	1.0480377269901629e-07
Disease	disease_1090	1.0480377269901629e-07
Disease	disease_10863	1.0462635089970516e-07
Disease	disease_12921	1.0461375353577048e-07
Disease	disease_11366	1.0448757707967273e-07
Disease	disease_9305	1.044134043030884e-07
Disease	disease_916	1.0433426997065603e-07
Disease	disease_6955	1.0432110898529021e-07
Disease	disease_44079	1.0420543687416658e-07
Disease	disease_19977	1.0419302317411808e-07
Disease	disease_11885	1.0418931596096769e-07
Disease	disease_939	1.0408293900385994e-07
Disease	disease_7454	1.0406023048146866e-07
Disease	disease_9000	1.0405658443921385e-07
Disease	disease_11123	1.0401551425981744e-07
Disease	disease_1204	1.0401499267604498e-07
Disease	disease_5820	1.0401171200482829e-07
Disease	disease_11168	1.0397989142409343e-07
Disease	disease_11167	1.0397989142409343e-07
Disease	disease_12858	1.0395367095001624e-07
Disease	disease_18864	1.0394128216731435e-07
Disease	disease_3007	1.0390875327819125e-07
Disease	disease_14797	1.0388929726785678e-07
Disease	disease_6594	1.0381747931955134e-07
Disease	disease_13007	1.0380225354899696e-07
Disease	disease_22430	1.0379048296330931e-07
Disease	disease_9934	1.0371004945280045e-07
Disease	disease_5777	1.0369957709513851e-07
Disease	disease_17855	1.0369199547355932e-07
Disease	disease_12919	1.0360695959285896e-07
Disease	disease_12920	1.0357133675713506e-07
Disease	disease_10950	1.0357133675713506e-07
Disease	disease_11016	1.0357133675713506e-07
Disease	disease_12422	1.0357133675713506e-07
Disease	disease_10864	1.0357133675713506e-07
Disease	disease_12961	1.0357133675713506e-07
Disease	disease_10862	1.0357133675713506e-07
Disease	disease_11572	1.0357133675713506e-07
Disease	disease_13078	1.0357133675713506e-07
Disease	disease_11302	1.0357133675713506e-07
Disease	disease_11033	1.0357133675713506e-07
Disease	disease_10861	1.0357133675713506e-07
Disease	disease_14405	1.0342762577105642e-07
Disease	disease_43975	1.0333788022631555e-07
Disease	disease_18068	1.0330496908083673e-07
Disease	disease_5766	1.032220930168828e-07
Disease	disease_20321	1.0308751501202446e-07
Disease	disease_12004	1.0305909273273955e-07
Disease	disease_16464	1.0304510482353173e-07
Disease	disease_2316	1.0293661538481735e-07
Disease	disease_43233	1.0262615778219695e-07
Disease	disease_2365	1.0258029926703829e-07
Disease	disease_18436	1.0255320205395052e-07
Disease	disease_5283	1.0254331532408787e-07
Disease	disease_19186	1.0253932303785182e-07
Disease	disease_20743	1.0252039183604715e-07
Disease	disease_4369	1.0251910722893011e-07
Disease	disease_17767	1.0238386345303985e-07
Disease	disease_2186	1.0237764420524259e-07
Disease	disease_10397	1.023698263830371e-07
Disease	disease_15898	1.0224955006696146e-07
Disease	disease_9723	1.0218633727237724e-07
Disease	disease_15660	1.0218162855593382e-07
Disease	disease_10438	1.021532481984712e-07
Disease	disease_6665	1.0214797090769433e-07
Disease	disease_9078	1.0202781704213296e-07
Disease	disease_24885	1.0202566215397097e-07
Disease	disease_6941	1.020065652595043e-07
Disease	disease_10581	1.0195366913105261e-07
Disease	disease_1192	1.0188400635731783e-07
Disease	disease_24883	1.0186671931605561e-07
Disease	disease_17145	1.018658154783673e-07
Disease	disease_6554	1.0179962531543019e-07
Disease	disease_3578	1.0172980695002715e-07
Disease	disease_4710	1.0153978015485371e-07
Disease	disease_11790	1.0153285328702157e-07
Disease	disease_16227	1.0152313301158632e-07
Disease	disease_19496	1.0128601202869261e-07
Disease	disease_7451	1.0128012870510635e-07
Disease	disease_16422	1.0120016036831189e-07
Disease	disease_10518	1.0119818219492785e-07
Disease	disease_477	1.0119303431088464e-07
Disease	disease_17776	1.0113436676479856e-07
Disease	disease_5499	1.0107026152962036e-07
Disease	disease_1085	1.0074293513510954e-07
Disease	disease_10002	1.0072269187363993e-07
Disease	disease_7963	1.0061788510489802e-07
Disease	disease_19983	1.00612618956026e-07
Disease	disease_9734	1.0059152400868706e-07
Disease	disease_16575	1.005375178470789e-07
Disease	disease_44744	1.0027229250851192e-07
Disease	disease_17370	1.0024939749901285e-07
Disease	disease_18945	1.002334873279289e-07
Disease	disease_2373	1.0021298380012592e-07
Disease	disease_1088	1.0008760316855039e-07
Disease	disease_1089	1.0008760316855039e-07
Disease	disease_4780	1.0008760316855039e-07
Disease	disease_13208	9.996795788691523e-08
Disease	disease_16269	9.993228862151786e-08
Disease	disease_16270	9.993228862151786e-08
Disease	disease_1188	9.963126680894786e-08
Disease	disease_9381	9.962998622068521e-08
Disease	disease_19490	9.957469318022006e-08
Disease	disease_1500	9.952162266338273e-08
Disease	disease_5701	9.950721458541569e-08
Disease	disease_24239	9.950000160839776e-08
Disease	disease_24290	9.947847146208669e-08
Disease	disease_18910	9.940097197319953e-08
Disease	disease_20950	9.895255053421575e-08
Disease	disease_16602	9.893510355286164e-08
Disease	disease_4525	9.857604276732711e-08
Disease	disease_10130	9.857119982348171e-08
Disease	disease_19468	9.856245032193755e-08
Disease	disease_16603	9.854590275354862e-08
Disease	disease_21138	9.850182870838496e-08
Disease	disease_2122	9.839283554898084e-08
Disease	disease_5065	9.827733294541725e-08
Disease	disease_19838	9.82472643896425e-08
Disease	disease_7758	9.797116997526365e-08
Disease	disease_2103	9.79584553951988e-08
Disease	disease_1185	9.790712567768219e-08
Disease	disease_18223	9.780865787694627e-08
Disease	disease_4664	9.77147819250428e-08
Disease	disease_5606	9.767852975238297e-08
Disease	disease_6920	9.767630215549396e-08
Disease	disease_21326	9.764686296610066e-08
Disease	disease_21325	9.764686296610066e-08
Disease	disease_21324	9.764686296610066e-08
Disease	disease_17026	9.762752901670267e-08
Disease	disease_19194	9.748837715622449e-08
Disease	disease_6784	9.746285836725316e-08
Disease	disease_5095	9.742911923228289e-08
Disease	disease_54849	9.735170405934651e-08
Disease	disease_100316	9.733974898896058e-08
Disease	disease_15183	9.726835926991291e-08
Disease	disease_2702	9.713584554407888e-08
Disease	disease_5853	9.712664627319661e-08
Disease	disease_19200	9.708837170790282e-08
Disease	disease_18770	9.707476812529915e-08
Disease	disease_6294	9.703686568033574e-08
Disease	disease_19236	9.696339631853307e-08
Disease	disease_18304	9.691352305360568e-08
Disease	disease_8021	9.690150643362574e-08
Disease	disease_11671	9.688667674438463e-08
Disease	disease_12875	9.675950805962036e-08
Disease	disease_11471	9.675950805962036e-08
Disease	disease_17887	9.652372382760519e-08
Disease	disease_17890	9.652372382760519e-08
Disease	disease_6397	9.652372382760519e-08
Disease	disease_6475	9.652372382760519e-08
Disease	disease_11268	9.646636363422711e-08
Disease	disease_5172	9.633684789587709e-08
Disease	disease_5394	9.630459492439822e-08
Disease	disease_19087	9.627634618451819e-08
Disease	disease_18975	9.622775311170931e-08
Disease	disease_17146	9.617697715562834e-08
Disease	disease_37847	9.615654931566073e-08
Disease	disease_33261	9.606085499069687e-08
Disease	disease_19565	9.595098759617267e-08
Disease	disease_15089	9.591299911415835e-08
Disease	disease_6582	9.587243554258075e-08
Disease	disease_19315	9.587077167347786e-08
Disease	disease_2356	9.585337680925993e-08
Disease	disease_11299	9.576100694780909e-08
Disease	disease_19003	9.571862996445117e-08
Disease	disease_270	9.570018842810399e-08
Disease	disease_43919	9.564647712624164e-08
Disease	disease_9372	9.558807630218441e-08
Disease	disease_17027	9.555964706626932e-08
Disease	disease_7571	9.542652208509436e-08
Disease	disease_20322	9.538674849275438e-08
Disease	disease_21201	9.531443564716126e-08
Disease	disease_16428	9.530284509411683e-08
Disease	disease_13692	9.526184038054576e-08
Disease	disease_25483	9.524191157847412e-08
Disease	disease_21540	9.508854987571331e-08
Disease	disease_5494	9.507909709450162e-08
Disease	disease_9861	9.50331820899913e-08
Disease	disease_21682	9.486723676592811e-08
Disease	disease_24294	9.480650190827076e-08
Disease	disease_5982	9.473761341396374e-08
Disease	disease_100137	9.465598264262625e-08
Disease	disease_12724	9.461993991733047e-08
Disease	disease_2708	9.4573015769114e-08
Disease	disease_17941	9.450834371026057e-08
Disease	disease_3085	9.448107231174893e-08
Disease	disease_8223	9.443179803425993e-08
Disease	disease_19201	9.436722413420375e-08
Disease	disease_8760	9.4319778522187e-08
Disease	disease_7329	9.427622663085626e-08
Disease	disease_603	9.427303353783947e-08
Disease	disease_18751	9.426907370098742e-08
Disease	disease_4032	9.410927897940984e-08
Disease	disease_16600	9.410184703779282e-08
Disease	disease_5452	9.410168185411107e-08
Disease	disease_19612	9.409639061508922e-08
Disease	disease_18471	9.403894731259935e-08
Disease	disease_1701	9.403424671467695e-08
Disease	disease_18963	9.400495641918461e-08
Disease	disease_17014	9.397368700196432e-08
Disease	disease_5968	9.393221447011447e-08
Disease	disease_21932	9.391276650271082e-08
Disease	disease_16318	9.386444915707588e-08
Disease	disease_17030	9.375553822436542e-08
Disease	disease_11309	9.373262113530738e-08
Disease	disease_10880	9.366609237489526e-08
Disease	disease_14048	9.366269499061321e-08
Disease	disease_15926	9.366044909717144e-08
Disease	disease_14047	9.352692088326343e-08
Disease	disease_1105	9.344481168445419e-08
Disease	disease_7019	9.341624689127713e-08
Disease	disease_41850	9.341103998421485e-08
Disease	disease_44710	9.335029877446486e-08
Disease	disease_3402	9.334594870165404e-08
Disease	disease_8535	9.327678215084544e-08
Disease	disease_9025	9.327404304601063e-08
Disease	disease_7969	9.318928680277989e-08
Disease	disease_8998	9.313752656936738e-08
Disease	disease_2816	9.302765453679119e-08
Disease	disease_16621	9.29551415979572e-08
Disease	disease_17148	9.277001450641264e-08
Disease	disease_2920	9.271707153482857e-08
Disease	disease_1648	9.268544395769736e-08
Disease	disease_12203	9.268464637756562e-08
Disease	disease_3111	9.26724387815095e-08
Disease	disease_6809	9.260566902528082e-08
Disease	disease_19474	9.260285986039709e-08
Disease	disease_16487	9.257251372766018e-08
Disease	disease_7403	9.252806225368186e-08
Disease	disease_44211	9.247711714088495e-08
Disease	disease_23370	9.247458370879416e-08
Disease	disease_6879	9.243708578327027e-08
Disease	disease_9698	9.236633048128766e-08
Disease	disease_44778	9.236556985778559e-08
Disease	disease_30066	9.235408206444371e-08
Disease	disease_19470	9.227555602401413e-08
Disease	disease_17369	9.217732784127769e-08
Disease	disease_100164	9.20883927506198e-08
Disease	disease_8560	9.208065241181007e-08
Disease	disease_1405	9.196528713114324e-08
Disease	disease_8729	9.179842317033699e-08
Disease	disease_19839	9.179049451179665e-08
Disease	disease_1676	9.177792915963558e-08
Disease	disease_16601	9.169651537796348e-08
Disease	disease_24674	9.168028912872631e-08
Disease	disease_20317	9.167654242097486e-08
Disease	disease_35112	9.167654242097486e-08
Disease	disease_17029	9.165300429960377e-08
Disease	disease_19125	9.162707655518273e-08
Disease	disease_44070	9.158374072424944e-08
Disease	disease_16354	9.158081339923618e-08
Disease	disease_15656	9.150396853516583e-08
Disease	disease_469	9.146252739579113e-08
Disease	disease_10146	9.129562422411036e-08
Disease	disease_10214	9.119886741487829e-08
Disease	disease_8599	9.114712031727034e-08
Disease	disease_19846	9.113664659890743e-08
Disease	disease_17387	9.102462363743284e-08
Disease	disease_10626	9.091747250264372e-08
Disease	disease_8222	9.072525201337815e-08
Disease	disease_19555	9.066905956515859e-08
Disease	disease_18812	9.066393522326982e-08
Disease	disease_1103	9.054190501371466e-08
Disease	disease_1294	9.048306823472395e-08
Disease	disease_9265	9.046352200040526e-08
Disease	disease_9123	9.044669836208306e-08
Disease	disease_15278	9.017508741000009e-08
Disease	disease_15908	9.012992544676374e-08
Disease	disease_19552	9.012692964348499e-08
Disease	disease_10788	9.012247125279533e-08
Disease	disease_7864	9.01013131584e-08
Disease	disease_44300	9.004895023478763e-08
Disease	disease_19928	9.000642414357539e-08
Disease	disease_18854	8.978919440577453e-08
Disease	disease_160	8.965211447185466e-08
Disease	disease_20592	8.959753913132059e-08
Disease	disease_18425	8.957094944845669e-08
Disease	disease_13458	8.956328315567578e-08
Disease	disease_8746	8.942761084208005e-08
Disease	disease_11487	8.942523900955448e-08
Disease	disease_11959	8.931435049316384e-08
Disease	disease_16273	8.930381947042882e-08
Disease	disease_21941	8.929133094840349e-08
Disease	disease_4566	8.926565139942693e-08
Disease	disease_6760	8.922426090133558e-08
Disease	disease_24575	8.903359566017624e-08
Disease	disease_16525	8.901182487253252e-08
Disease	disease_4294	8.897959621824861e-08
Disease	disease_21322	8.885097208992537e-08
Disease	disease_15264	8.884799556522458e-08
Disease	disease_5724	8.883657591605222e-08
Disease	disease_20352	8.864146512357215e-08
Disease	disease_2531	8.860299867625632e-08
Disease	disease_66	8.859965337526857e-08
Disease	disease_14553	8.858917050597002e-08
Disease	disease_17380	8.84818080118492e-08
Disease	disease_12321	8.839218303604397e-08
Disease	disease_17663	8.831582855177658e-08
Disease	disease_4819	8.830715340770373e-08
Disease	disease_5824	8.829112270496961e-08
Disease	disease_7088	8.816405913258471e-08
Disease	disease_15375	8.812442178599494e-08
Disease	disease_2260	8.811056762269781e-08
Disease	disease_16042	8.810479519664098e-08
Disease	disease_14317	8.802159844788853e-08
Disease	disease_12104	8.799601550422423e-08
Disease	disease_11194	8.79726497770592e-08
Disease	disease_15564	8.789112119020812e-08
Disease	disease_15945	8.785957424721059e-08
Disease	disease_3424	8.782728419789453e-08
Disease	disease_43370	8.78046056652557e-08
Disease	disease_19556	8.780399071559874e-08
Disease	disease_651	8.779113412521489e-08
Disease	disease_5502	8.777788320071136e-08
Disease	disease_22742	8.771150659100377e-08
Disease	disease_8674	8.759199791412476e-08
Disease	disease_18733	8.753869255830342e-08
Disease	disease_6402	8.751408769995352e-08
Disease	disease_6644	8.749628977922077e-08
Disease	disease_1110	8.727778268331299e-08
Disease	disease_1325	8.726940952189427e-08
Disease	disease_7661	8.72092098188333e-08
Disease	disease_3581	8.713702912699791e-08
Disease	disease_3400	8.70903628607831e-08
Disease	disease_18661	8.70874673809683e-08
Disease	disease_3197	8.704838011273455e-08
Disease	disease_16739	8.701616385109242e-08
Disease	disease_15063	8.690071169013101e-08
Disease	disease_9131	8.68996709289934e-08
Disease	disease_25271	8.6872430742467e-08
Disease	disease_3969	8.657077416763145e-08
Disease	disease_19263	8.654863987717615e-08
Disease	disease_4604	8.639013900461765e-08
Disease	disease_4633	8.639013900461765e-08
Disease	disease_20328	8.639013900461765e-08
Disease	disease_20330	8.639013900461765e-08
Disease	disease_7681	8.637817745199976e-08
Disease	disease_8817	8.62157983853883e-08
Disease	disease_15939	8.617265396122725e-08
Disease	disease_2143	8.60983974100182e-08
Disease	disease_16826	8.599208635400183e-08
Disease	disease_18637	8.593821938836521e-08
Disease	disease_32666	8.582040448776295e-08
Disease	disease_1505	8.577065251491947e-08
Disease	disease_17324	8.576674792906341e-08
Disease	disease_11647	8.574196307651663e-08
Disease	disease_11777	8.574196307651663e-08
Disease	disease_12630	8.574196307651663e-08
Disease	disease_12631	8.574196307651663e-08
Disease	disease_12609	8.574196307651663e-08
Disease	disease_11561	8.574196307651663e-08
Disease	disease_12344	8.574196307651663e-08
Disease	disease_11401	8.574196307651663e-08
Disease	disease_6522	8.571891555513471e-08
Disease	disease_18957	8.566995098493076e-08
Disease	disease_7005	8.566368974260508e-08
Disease	disease_3404	8.554396862213625e-08
Disease	disease_1095	8.538464370804706e-08
Disease	disease_23726	8.535614882965613e-08
Disease	disease_43775	8.526933839401785e-08
Disease	disease_14471	8.523972666758327e-08
Disease	disease_3210	8.518879044106631e-08
Disease	disease_21634	8.516053087562975e-08
Disease	disease_100242	8.511652413024838e-08
Disease	disease_5623	8.507490637171517e-08
Disease	disease_19939	8.500667202058261e-08
Disease	disease_10682	8.494417583399577e-08
Disease	disease_2900	8.490433935889816e-08
Disease	disease_18086	8.484812332549882e-08
Disease	disease_13423	8.480222792280347e-08
Disease	disease_21645	8.471665989623338e-08
Disease	disease_11601	8.461875160424152e-08
Disease	disease_18227	8.459524966437327e-08
Disease	disease_5923	8.457687377609933e-08
Disease	disease_2749	8.451792849102424e-08
Disease	disease_18868	8.444757752085515e-08
Disease	disease_7924	8.440618298423847e-08
Disease	disease_1650	8.434988092269788e-08
Disease	disease_19475	8.419674807863018e-08
Disease	disease_7089	8.418906675398192e-08
Disease	disease_1735	8.41854954794134e-08
Disease	disease_12011	8.416194298470996e-08
Disease	disease_6913	8.391002289130821e-08
Disease	disease_32848	8.389103870449345e-08
Disease	disease_15533	8.385947758785974e-08
Disease	disease_20500	8.384829364621033e-08
Disease	disease_18734	8.383646960401848e-08
Disease	disease_19472	8.382671665856106e-08
Disease	disease_6559	8.378987207817218e-08
Disease	disease_1817	8.37453529979854e-08
Disease	disease_24389	8.36394955443904e-08
Disease	disease_551	8.351311933375979e-08
Disease	disease_6316	8.349270510965602e-08
Disease	disease_20944	8.334326662787181e-08
Disease	disease_21160	8.331090900272889e-08
Disease	disease_5454	8.319439577931957e-08
Disease	disease_9735	8.318383774147156e-08
Disease	disease_21001	8.317971063513295e-08
Disease	disease_44705	8.316955954734909e-08
Disease	disease_13083	8.306561220703279e-08
Disease	disease_44881	8.306253750271732e-08
Disease	disease_4272	8.304343783165454e-08
Disease	disease_5372	8.28796086653074e-08
Disease	disease_1243	8.286939614347024e-08
Disease	disease_19611	8.283286267880642e-08
Disease	disease_6001	8.278966095952946e-08
Disease	disease_4478	8.264703223722851e-08
Disease	disease_4152	8.264703223722851e-08
Disease	disease_8104	8.263689311019308e-08
Disease	disease_5558	8.247337598495008e-08
Disease	disease_10134	8.232815949830366e-08
Disease	disease_15529	8.227915030233227e-08
Disease	disease_8311	8.224892012649385e-08
Disease	disease_18182	8.218481490909203e-08
Disease	disease_13851	8.214744704132377e-08
Disease	disease_13084	8.210094038483778e-08
Disease	disease_2899	8.210094038483778e-08
Disease	disease_13085	8.210094038483778e-08
Disease	disease_5598	8.210094038483778e-08
Disease	disease_13086	8.210094038483778e-08
Disease	disease_14774	8.210094038483778e-08
Disease	disease_19740	8.209611014725455e-08
Disease	disease_17708	8.207832883066915e-08
Disease	disease_2525	8.197314723973123e-08
Disease	disease_15064	8.190161844758042e-08
Disease	disease_13775	8.18070034604256e-08
Disease	disease_2954	8.179528864806676e-08
Disease	disease_19082	8.178065241407988e-08
Disease	disease_4180	8.174033789200377e-08
Disease	disease_19124	8.171502529897092e-08
Disease	disease_19384	8.168237221616097e-08
Disease	disease_17287	8.164771412844539e-08
Disease	disease_12774	8.162997035360384e-08
Disease	disease_6363	8.162768628200351e-08
Disease	disease_11338	8.150625493008339e-08
Disease	disease_9517	8.15031504365786e-08
Disease	disease_9874	8.139627669002998e-08
Disease	disease_3321	8.134668355081328e-08
Disease	disease_1742	8.134002133815593e-08
Disease	disease_1864	8.134002133815593e-08
Disease	disease_41284	8.132286184852458e-08
Disease	disease_11337	8.125743350471357e-08
Disease	disease_18851	8.124463123811795e-08
Disease	disease_17570	8.118336803214622e-08
Disease	disease_15950	8.118231324239577e-08
Disease	disease_9692	8.117519920937208e-08
Disease	disease_9818	8.116972855323455e-08
Disease	disease_6895	8.112952554460506e-08
Disease	disease_18608	8.107899598725616e-08
Disease	disease_16505	8.101867721270944e-08
Disease	disease_11208	8.098255346442293e-08
Disease	disease_11469	8.095972389279393e-08
Disease	disease_24352	8.095240398875525e-08
Disease	disease_9109	8.094198400821534e-08
Disease	disease_15175	8.088268212250863e-08
Disease	disease_14025	8.07276725908144e-08
Disease	disease_4215	8.064331918648826e-08
Disease	disease_24388	8.057688201633564e-08
Disease	disease_2120	8.051757566566212e-08
Disease	disease_4389	8.045928393866408e-08
Disease	disease_8501	8.04413707262051e-08
Disease	disease_44986	8.043307638360657e-08
Disease	disease_10797	8.042738677628954e-08
Disease	disease_15231	8.037156232922875e-08
Disease	disease_19992	8.03397686485985e-08
Disease	disease_15065	8.031241579893124e-08
Disease	disease_1423	8.028405967020893e-08
Disease	disease_16426	8.027416297500216e-08
Disease	disease_4021	8.020731692989297e-08
Disease	disease_19469	8.017886376946998e-08
Disease	disease_16425	8.005837317241588e-08
Disease	disease_5538	7.991846275671128e-08
Disease	disease_44787	7.979181002281428e-08
Disease	disease_19088	7.978041601242815e-08
Disease	disease_3501	7.974768451038946e-08
Disease	disease_14935	7.973582366522144e-08
Disease	disease_3989	7.972384774732043e-08
Disease	disease_12586	7.964528277906972e-08
Disease	disease_15682	7.957945662975429e-08
Disease	disease_5210	7.954283746853112e-08
Disease	disease_3195	7.946735620143547e-08
Disease	disease_10432	7.946268046541545e-08
Disease	disease_3381	7.943386911905046e-08
Disease	disease_4699	7.937615718121634e-08
Disease	disease_43789	7.936362656933655e-08
Disease	disease_453	7.929682450661525e-08
Disease	disease_43905	7.929433474744534e-08
Disease	disease_21189	7.928984801484102e-08
Disease	disease_18351	7.924767220683238e-08
Disease	disease_21656	7.920177085227342e-08
Disease	disease_2003	7.917858819179319e-08
Disease	disease_5498	7.910422340990941e-08
Disease	disease_43653	7.901604505757989e-08
Disease	disease_19112	7.900889846884047e-08
Disease	disease_19105	7.896005156055612e-08
Disease	disease_7708	7.892918395283745e-08
Disease	disease_5656	7.885253736709479e-08
Disease	disease_6566	7.884192540549879e-08
Disease	disease_14200	7.883988441130772e-08
Disease	disease_9119	7.882359769411164e-08
Disease	disease_13357	7.875141622013003e-08
Disease	disease_7448	7.875034310154116e-08
Disease	disease_24619	7.874160112093072e-08
Disease	disease_709	7.865098269743465e-08
Disease	disease_4691	7.864914337157101e-08
Disease	disease_45	7.859057427143635e-08
Disease	disease_18305	7.853483408082031e-08
Disease	disease_21047	7.843379823204668e-08
Disease	disease_1195	7.842807963482893e-08
Disease	disease_16369	7.841868954009153e-08
Disease	disease_4619	7.840034118324598e-08
Disease	disease_14359	7.83724466492411e-08
Disease	disease_12700	7.827593592009741e-08
Disease	disease_6509	7.824572893171278e-08
Disease	disease_1740	7.812862127530941e-08
Disease	disease_11576	7.812689231867277e-08
Disease	disease_30602	7.810871563081961e-08
Disease	disease_6173	7.80931423712715e-08
Disease	disease_8062	7.805347675984784e-08
Disease	disease_21953	7.786834686294202e-08
Disease	disease_6303	7.765769676324748e-08
Disease	disease_16504	7.758325848301238e-08
Disease	disease_44792	7.757280298741014e-08
Disease	disease_16594	7.755767856224158e-08
Disease	disease_11578	7.753270166503557e-08
Disease	disease_9192	7.751225933476793e-08
Disease	disease_1951	7.749559420163444e-08
Disease	disease_20501	7.745949444797e-08
Disease	disease_8661	7.741323516044654e-08
Disease	disease_6059	7.739493898140955e-08
Disease	disease_8688	7.736784402119651e-08
Disease	disease_159	7.73546749706585e-08
Disease	disease_3492	7.734461725952468e-08
Disease	disease_6974	7.734348128310352e-08
Disease	disease_21040	7.73258552276357e-08
Disease	disease_7312	7.722384408673206e-08
Disease	disease_17859	7.716880556861539e-08
Disease	disease_2879	7.712882147505651e-08
Disease	disease_14412	7.712268420438099e-08
Disease	disease_18312	7.707997522482965e-08
Disease	disease_18940	7.70581803486054e-08
Disease	disease_6540	7.704336351693627e-08
Disease	disease_7893	7.680567873361327e-08
Disease	disease_15777	7.680434834167808e-08
Disease	disease_11156	7.679181741800267e-08
Disease	disease_2232	7.676935552023012e-08
Disease	disease_19771	7.676712085558625e-08
Disease	disease_1791	7.675350333746564e-08
Disease	disease_17861	7.672367122688183e-08
Disease	disease_24647	7.670708083217566e-08
Disease	disease_42233	7.667725788694786e-08
Disease	disease_8644	7.666536981392706e-08
Disease	disease_18907	7.665733820399868e-08
Disease	disease_2081	7.662788430932876e-08
Disease	disease_21223	7.658278457966906e-08
Disease	disease_6385	7.653857700087387e-08
Disease	disease_5886	7.652245031634791e-08
Disease	disease_8695	7.649404944008574e-08
Disease	disease_12517	7.646445218873196e-08
Disease	disease_5808	7.637968198694265e-08
Disease	disease_19287	7.637552953593075e-08
Disease	disease_14981	7.622925347541689e-08
Disease	disease_5943	7.620887690531162e-08
Disease	disease_10542	7.62038229412998e-08
Disease	disease_8057	7.619122274595052e-08
Disease	disease_7240	7.615185835690977e-08
Disease	disease_13359	7.614220465742897e-08
Disease	disease_9282	7.613459145463396e-08
Disease	disease_79	7.601835428202961e-08
Disease	disease_6074	7.597983373870107e-08
Disease	disease_5197	7.594815892182691e-08
Disease	disease_18636	7.589995569638468e-08
Disease	disease_15304	7.58921261637021e-08
Disease	disease_10785	7.584476907808298e-08
Disease	disease_5357	7.584024915177233e-08
Disease	disease_9699	7.580887263239952e-08
Disease	disease_1827	7.579169080791554e-08
Disease	disease_8310	7.570752934285853e-08
Disease	disease_24610	7.558106873891483e-08
Disease	disease_4972	7.555151551162262e-08
Disease	disease_1628	7.553260258655896e-08
Disease	disease_18224	7.551453901726631e-08
Disease	disease_5976	7.546120568283894e-08
Disease	disease_10304	7.53561120135894e-08
Disease	disease_11314	7.53561120135894e-08
Disease	disease_11490	7.534623561870574e-08
Disease	disease_2113	7.52630692133293e-08
Disease	disease_5115	7.526269448944996e-08
Disease	disease_1220	7.526070818071567e-08
Disease	disease_17282	7.506716718790149e-08
Disease	disease_19355	7.505842336048435e-08
Disease	disease_11851	7.501008130943597e-08
Disease	disease_4004	7.497641856453946e-08
Disease	disease_19350	7.494372709047961e-08
Disease	disease_3040	7.492719964708108e-08
Disease	disease_5846	7.487725345700319e-08
Disease	disease_2249	7.486669354586845e-08
Disease	disease_19026	7.48556907654828e-08
Disease	disease_1672	7.484539721535337e-08
Disease	disease_16704	7.481664378123124e-08
Disease	disease_11850	7.474845410520137e-08
Disease	disease_11845	7.474845410520137e-08
Disease	disease_12441	7.474845410520137e-08
Disease	disease_12440	7.474845410520137e-08
Disease	disease_4971	7.473854704667e-08
Disease	disease_10253	7.472290652863458e-08
Disease	disease_1	7.467555074967633e-08
Disease	disease_18322	7.463455234484168e-08
Disease	disease_2546	7.454099098540447e-08
Disease	disease_5737	7.45024547656869e-08
Disease	disease_4359	7.437714125924523e-08
Disease	disease_3232	7.437624194302198e-08
Disease	disease_7018	7.432819017779217e-08
Disease	disease_5669	7.42505355141046e-08
Disease	disease_1794	7.421195014129298e-08
Disease	disease_1416	7.412614244441582e-08
Disease	disease_761	7.407372770857037e-08
Disease	disease_20836	7.394110934719298e-08
Disease	disease_3668	7.369919012760139e-08
Disease	disease_17778	7.367928850045145e-08
Disease	disease_19409	7.362185355236004e-08
Disease	disease_13016	7.354714742322729e-08
Disease	disease_14005	7.35281826655929e-08
Disease	disease_15820	7.349732028571333e-08
Disease	disease_6796	7.342123711155435e-08
Disease	disease_8810	7.336898854777194e-08
Disease	disease_17926	7.336833626425058e-08
Disease	disease_17191	7.336833626425058e-08
Disease	disease_17192	7.336833626425058e-08
Disease	disease_16408	7.322588656447068e-08
Disease	disease_7086	7.306149121127472e-08
Disease	disease_6710	7.302939778727732e-08
Disease	disease_3471	7.2930551045535e-08
Disease	disease_5645	7.289106229707153e-08
Disease	disease_20754	7.274945184472337e-08
Disease	disease_20580	7.272923258227796e-08
Disease	disease_6386	7.269367911498066e-08
Disease	disease_15111	7.263381663318726e-08
Disease	disease_7818	7.249548574543203e-08
Disease	disease_4499	7.243214896259935e-08
Disease	disease_9527	7.242382187748487e-08
Disease	disease_18438	7.239320830457728e-08
Disease	disease_21254	7.227907452425147e-08
Disease	disease_9569	7.21602893126179e-08
Disease	disease_12727	7.203046762569545e-08
Disease	disease_16581	7.201476355582188e-08
Disease	disease_11827	7.195242601819676e-08
Disease	disease_34121	7.193056247922449e-08
Disease	disease_8004	7.188686418232982e-08
Disease	disease_43007	7.188571761270094e-08
Disease	disease_15274	7.187041234510263e-08
Disease	disease_16167	7.186426370155651e-08
Disease	disease_8038	7.183872676094503e-08
Disease	disease_18541	7.183726334510353e-08
Disease	disease_12521	7.182201164289676e-08
Disease	disease_13571	7.181189448459386e-08
Disease	disease_4620	7.176006707544196e-08
Disease	disease_43008	7.172038529371753e-08
Disease	disease_19173	7.170824468540311e-08
Disease	disease_19747	7.164761894974862e-08
Disease	disease_5589	7.16389925325101e-08
Disease	disease_20466	7.156899980816523e-08
Disease	disease_1484	7.154313923274264e-08
Disease	disease_19207	7.151704192959369e-08
Disease	disease_19321	7.14836376921126e-08
Disease	disease_18075	7.140781550832356e-08
Disease	disease_3406	7.135880641897673e-08
Disease	disease_5316	7.134893102101125e-08
Disease	disease_10204	7.120020255634847e-08
Disease	disease_7829	7.10975835061732e-08
Disease	disease_6128	7.102884635221135e-08
Disease	disease_24757	7.100730556375731e-08
Disease	disease_19266	7.098206509348246e-08
Disease	disease_44202	7.094555953872776e-08
Disease	disease_6753	7.07685713102925e-08
Disease	disease_43224	7.073029180764109e-08
Disease	disease_14685	7.070354173321191e-08
Disease	disease_6545	7.068114631167376e-08
Disease	disease_21783	7.066249204950346e-08
Disease	disease_1979	7.061866409876537e-08
Disease	disease_10496	7.061077587690886e-08
Disease	disease_9520	7.050184992458583e-08
Disease	disease_43510	7.049710073614117e-08
Disease	disease_15792	7.048036539002353e-08
Disease	disease_20331	7.04059680434614e-08
Disease	disease_3482	7.038300566982367e-08
Disease	disease_1176	7.036306118808228e-08
Disease	disease_2724	7.026839349602153e-08
Disease	disease_17753	7.017736842479509e-08
Disease	disease_809	7.013728330730336e-08
Disease	disease_17953	7.011210396942907e-08
Disease	disease_18927	7.006522846559972e-08
Disease	disease_21154	6.992240191622534e-08
Disease	disease_7719	6.986002529925895e-08
Disease	disease_11199	6.981853494657195e-08
Disease	disease_45030	6.978014035171075e-08
Disease	disease_17128	6.975241871701458e-08
Disease	disease_18582	6.975109706118632e-08
Disease	disease_19344	6.971148454893616e-08
Disease	disease_2002	6.968494530247273e-08
Disease	disease_3271	6.968494530247273e-08
Disease	disease_20806	6.949548241841862e-08
Disease	disease_44999	6.946920315520683e-08
Disease	disease_7023	6.943204250005858e-08
Disease	disease_19213	6.93688416851197e-08
Disease	disease_10808	6.933670177118489e-08
Disease	disease_2154	6.931915987771518e-08
Disease	disease_19293	6.927206989014768e-08
Disease	disease_5912	6.919837085952275e-08
Disease	disease_11213	6.919556826787835e-08
Disease	disease_16506	6.919214333349636e-08
Disease	disease_6936	6.915772461081312e-08
Disease	disease_24636	6.91336129602431e-08
Disease	disease_10913	6.910002040648278e-08
Disease	disease_11023	6.90404716100339e-08
Disease	disease_6917	6.896076399485779e-08
Disease	disease_1625	6.889268448126501e-08
Disease	disease_3268	6.88632474403026e-08
Disease	disease_15340	6.878784400140264e-08
Disease	disease_43103	6.87620855839806e-08
Disease	disease_8523	6.875145880361303e-08
Disease	disease_15459	6.868378944265247e-08
Disease	disease_45031	6.860746251548688e-08
Disease	disease_17265	6.856351473088275e-08
Disease	disease_16217	6.850865154737057e-08
Disease	disease_19036	6.844753669647028e-08
Disease	disease_10572	6.83487328099384e-08
Disease	disease_4715	6.826505571239957e-08
Disease	disease_17989	6.825091271791608e-08
Disease	disease_3709	6.818682963763983e-08
Disease	disease_3937	6.811795917284833e-08
Disease	disease_18593	6.811599350717563e-08
Disease	disease_3084	6.809826802254357e-08
Disease	disease_3409	6.792848396018558e-08
Disease	disease_41806	6.789758598799112e-08
Disease	disease_20675	6.783139652035751e-08
Disease	disease_18740	6.782247195540407e-08
Disease	disease_17143	6.780502814755542e-08
Disease	disease_2887	6.775553055934288e-08
Disease	disease_12531	6.774764032429616e-08
Disease	disease_20576	6.772543376432095e-08
Disease	disease_19162	6.757317912670289e-08
Disease	disease_12982	6.755504032740102e-08
Disease	disease_45072	6.75280034610108e-08
Disease	disease_18153	6.750131991474149e-08
Disease	disease_3352	6.744039792396387e-08
Disease	disease_24343	6.74206667042951e-08
Disease	disease_15247	6.733526434318158e-08
Disease	disease_9887	6.733413203152322e-08
Disease	disease_3027	6.726056958544513e-08
Disease	disease_11073	6.725730405033951e-08
Disease	disease_8295	6.719554057844612e-08
Disease	disease_568	6.717003522636605e-08
Disease	disease_42485	6.716727589159076e-08
Disease	disease_9799	6.712518138504873e-08
Disease	disease_10979	6.708606381525415e-08
Disease	disease_9423	6.707324712179277e-08
Disease	disease_19365	6.701848886263543e-08
Disease	disease_6598	6.697258013902124e-08
Disease	disease_15333	6.69346400788423e-08
Disease	disease_11939	6.688696885504461e-08
Disease	disease_3549	6.688323850911625e-08
Disease	disease_19788	6.678794862209449e-08
Disease	disease_6647	6.676347114210995e-08
Disease	disease_17575	6.668986788604123e-08
Disease	disease_12876	6.659953315776693e-08
Disease	disease_16006	6.649125113912766e-08
Disease	disease_19852	6.628879460754676e-08
Disease	disease_5448	6.627583223322254e-08
Disease	disease_17880	6.625242673776658e-08
Disease	disease_10211	6.622790036981948e-08
Disease	disease_19212	6.618690147308518e-08
Disease	disease_13759	6.61686003240668e-08
Disease	disease_12522	6.612681503348005e-08
Disease	disease_4412	6.608987526772112e-08
Disease	disease_19720	6.60605143184085e-08
Disease	disease_1493	6.605757882451471e-08
Disease	disease_11682	6.600869705105207e-08
Disease	disease_1246	6.598206988776584e-08
Disease	disease_17704	6.596422937772369e-08
Disease	disease_22	6.586829007164028e-08
Disease	disease_1191	6.577040393300301e-08
Disease	disease_24479	6.573595297120308e-08
Disease	disease_2022	6.572585943071862e-08
Disease	disease_5094	6.558938053501089e-08
Disease	disease_19046	6.540765299983571e-08
Disease	disease_9949	6.539369329669247e-08
Disease	disease_914	6.53372876914237e-08
Disease	disease_1875	6.528563216426013e-08
Disease	disease_21055	6.527175065044308e-08
Disease	disease_19944	6.525070184333685e-08
Disease	disease_7194	6.522525777459756e-08
Disease	disease_8668	6.521115989456663e-08
Disease	disease_30603	6.512952003869005e-08
Disease	disease_19337	6.508127907902928e-08
Disease	disease_41903	6.507483284979297e-08
Disease	disease_15653	6.502770184430236e-08
Disease	disease_6322	6.4995226244186e-08
Disease	disease_19383	6.4947115043156e-08
Disease	disease_1307	6.492835383427297e-08
Disease	disease_32915	6.48600729553914e-08
Disease	disease_11462	6.483572963779299e-08
Disease	disease_10771	6.481905329535831e-08
Disease	disease_17314	6.476194012231468e-08
Disease	disease_10582	6.476104900235089e-08
Disease	disease_8094	6.473276309436237e-08
Disease	disease_3635	6.470600498356325e-08
Disease	disease_16370	6.467550810558007e-08
Disease	disease_18626	6.464809986144581e-08
Disease	disease_19439	6.455418812576585e-08
Disease	disease_15892	6.450155126591357e-08
Disease	disease_12872	6.448684459801821e-08
Disease	disease_13878	6.442504321157024e-08
Disease	disease_20472	6.441556880983685e-08
Disease	disease_20467	6.441556880983685e-08
Disease	disease_7967	6.431015991991519e-08
Disease	disease_20395	6.426686292384714e-08
Disease	disease_13150	6.425683229881699e-08
Disease	disease_18027	6.423454967854877e-08
Disease	disease_5144	6.420906800792555e-08
Disease	disease_10191	6.415438261595359e-08
Disease	disease_12353	6.408260821439534e-08
Disease	disease_37003	6.405134224777185e-08
Disease	disease_100296	6.401560799139948e-08
Disease	disease_22034	6.400679346846841e-08
Disease	disease_15374	6.400386869048766e-08
Disease	disease_18993	6.397002045620102e-08
Disease	disease_20655	6.38424803657875e-08
Disease	disease_5534	6.380911789177863e-08
Disease	disease_19734	6.380891660533261e-08
Disease	disease_18673	6.378296883519282e-08
Disease	disease_2035	6.375458488415934e-08
Disease	disease_7849	6.37310591692554e-08
Disease	disease_5915	6.363545379222682e-08
Disease	disease_19524	6.363050590494822e-08
Disease	disease_24574	6.353797410044681e-08
Disease	disease_7542	6.353222483336093e-08
Disease	disease_6676	6.346241875326407e-08
Disease	disease_1761	6.342487722528317e-08
Disease	disease_12502	6.338371819619439e-08
Disease	disease_7211	6.337565005619146e-08
Disease	disease_14352	6.332051904316949e-08
Disease	disease_21568	6.320095141679118e-08
Disease	disease_18968	6.312862696945048e-08
Disease	disease_15657	6.304899809489567e-08
Disease	disease_18668	6.304633129290625e-08
Disease	disease_7964	6.304430244855268e-08
Disease	disease_19960	6.303785327695314e-08
Disease	disease_5692	6.303122631377658e-08
Disease	disease_15631	6.294269416243372e-08
Disease	disease_15628	6.294269416243372e-08
Disease	disease_15630	6.294269416243372e-08
Disease	disease_13367	6.290150128083168e-08
Disease	disease_16035	6.286658641204062e-08
Disease	disease_8436	6.283554336253519e-08
Disease	disease_5080	6.283299452895708e-08
Disease	disease_17256	6.280850384208514e-08
Disease	disease_44870	6.279833592869166e-08
Disease	disease_9746	6.278458294382967e-08
Disease	disease_12258	6.27685969018786e-08
Disease	disease_43537	6.275138824709958e-08
Disease	disease_18982	6.274118015037931e-08
Disease	disease_5761	6.273950507702222e-08
Disease	disease_4829	6.27084871114993e-08
Disease	disease_54868	6.269031528952038e-08
Disease	disease_4665	6.268908228452095e-08
Disease	disease_20327	6.268908228452095e-08
Disease	disease_100243	6.267952961735014e-08
Disease	disease_16372	6.254138557162111e-08
Disease	disease_12032	6.25378288324125e-08
Disease	disease_13540	6.251158471126619e-08
Disease	disease_4937	6.248608197536041e-08
Disease	disease_7053	6.245443428166341e-08
Disease	disease_12205	6.242144756541542e-08
Disease	disease_17408	6.239349027581328e-08
Disease	disease_8319	6.239019490634359e-08
Disease	disease_6821	6.231647899194999e-08
Disease	disease_3009	6.231426244748478e-08
Disease	disease_16368	6.229514381673544e-08
Disease	disease_17286	6.22128962923691e-08
Disease	disease_7269	6.221103760071798e-08
Disease	disease_14882	6.214632043669686e-08
Disease	disease_6622	6.210388353159686e-08
Disease	disease_553	6.207521852458521e-08
Disease	disease_12183	6.204891097282314e-08
Disease	disease_18045	6.202757363093824e-08
Disease	disease_814	6.195587147548108e-08
Disease	disease_8283	6.190593290219895e-08
Disease	disease_6876	6.185882155735196e-08
Disease	disease_5124	6.18044080298208e-08
Disease	disease_4926	6.177092422165712e-08
Disease	disease_18473	6.172306447014473e-08
Disease	disease_879	6.171613134751546e-08
Disease	disease_6373	6.161757491293115e-08
Disease	disease_8157	6.158175767532112e-08
Disease	disease_13541	6.152907220560526e-08
Disease	disease_1223	6.152607532942619e-08
Disease	disease_5625	6.150314131827786e-08
Disease	disease_18965	6.146003525724947e-08
Disease	disease_7652	6.142180193692776e-08
Disease	disease_6526	6.139909442391544e-08
Disease	disease_19316	6.127262282918483e-08
Disease	disease_14421	6.12470590789816e-08
Disease	disease_43079	6.121370332643557e-08
Disease	disease_15531	6.118734015213067e-08
Disease	disease_5889	6.114672351468624e-08
Disease	disease_2135	6.113394012368006e-08
Disease	disease_10627	6.109833522927361e-08
Disease	disease_20676	6.105889377322897e-08
Disease	disease_15665	6.100775453811993e-08
Disease	disease_8047	6.098680927071447e-08
Disease	disease_14353	6.097946588131801e-08
Disease	disease_10560	6.097628213646878e-08
Disease	disease_13327	6.08858838449508e-08
Disease	disease_16129	6.066944499895442e-08
Disease	disease_3191	6.06653900578647e-08
Disease	disease_20544	6.064780527159525e-08
Disease	disease_4403	6.060622404979292e-08
Disease	disease_15479	6.059691720347113e-08
Disease	disease_24529	6.059291986894672e-08
Disease	disease_13372	6.053160533479782e-08
Disease	disease_27749	6.048837380661061e-08
Disease	disease_100251	6.048490796942556e-08
Disease	disease_24249	6.045372574081389e-08
Disease	disease_44346	6.043469278393865e-08
Disease	disease_6277	6.037245504968e-08
Disease	disease_5524	6.033670094235112e-08
Disease	disease_7459	6.033472499364472e-08
Disease	disease_1298	6.030862103033254e-08
Disease	disease_20125	6.026767780311544e-08
Disease	disease_19259	6.014460843969023e-08
Disease	disease_2334	6.009432570840792e-08
Disease	disease_43904	6.009018901407146e-08
Disease	disease_18613	6.005570156338919e-08
Disease	disease_14213	6.004462115500698e-08
Disease	disease_5526	5.999309556165987e-08
Disease	disease_591	5.997600123815946e-08
Disease	disease_12755	5.993278204296896e-08
Disease	disease_13766	5.990364916974055e-08
Disease	disease_6015	5.984225928035237e-08
Disease	disease_7344	5.979810488674448e-08
Disease	disease_7960	5.977782672006422e-08
Disease	disease_18340	5.97404155269816e-08
Disease	disease_7906	5.970714795334549e-08
Disease	disease_10747	5.970174842160988e-08
Disease	disease_8763	5.968734852938194e-08
Disease	disease_20641	5.963895049636205e-08
Disease	disease_6732	5.956900539941912e-08
Disease	disease_5861	5.953080418913984e-08
Disease	disease_19268	5.952749518155717e-08
Disease	disease_16474	5.948798189203057e-08
Disease	disease_12017	5.944187244128773e-08
Disease	disease_5800	5.937863240632566e-08
Disease	disease_4614	5.9298276359231095e-08
Disease	disease_19613	5.929185966882158e-08
Disease	disease_20066	5.927529160187271e-08
Disease	disease_8855	5.9190089324198626e-08
Disease	disease_16680	5.915842200933383e-08
Disease	disease_18214	5.915500446958041e-08
Disease	disease_11377	5.9144441852619144e-08
Disease	disease_16365	5.912465830117028e-08
Disease	disease_5797	5.9087921650805414e-08
Disease	disease_20674	5.9032321523360425e-08
Disease	disease_10584	5.899474083960687e-08
Disease	disease_9267	5.893672894614545e-08
Disease	disease_37255	5.890181136927703e-08
Disease	disease_9412	5.8837588336305586e-08
Disease	disease_5695	5.8832089060322456e-08
Disease	disease_11929	5.879789141958313e-08
Disease	disease_17210	5.878391950181229e-08
Disease	disease_16462	5.870020307776497e-08
Disease	disease_42493	5.8687502338295095e-08
Disease	disease_13062	5.86474384017526e-08
Disease	disease_1261	5.864713634337357e-08
Disease	disease_13370	5.847348210255099e-08
Disease	disease_21679	5.846091009126131e-08
Disease	disease_14448	5.844764828506252e-08
Disease	disease_12789	5.8441088944694055e-08
Disease	disease_10298	5.84354594068298e-08
Disease	disease_19160	5.8335056662030996e-08
Disease	disease_37735	5.830517571734632e-08
Disease	disease_19625	5.829962192821697e-08
Disease	disease_5232	5.8283222729875424e-08
Disease	disease_1601	5.8264691781013337e-08
Disease	disease_7797	5.826324415131306e-08
Disease	disease_18181	5.8209314220473554e-08
Disease	disease_7113	5.818141556252646e-08
Disease	disease_9662	5.816530155931874e-08
Disease	disease_18307	5.8154961327527144e-08
Disease	disease_5989	5.8152979073568115e-08
Disease	disease_5995	5.812954414112891e-08
Disease	disease_10135	5.797875845301115e-08
Disease	disease_3725	5.797133808792576e-08
Disease	disease_1273	5.7942065074530205e-08
Disease	disease_9973	5.7929509355467483e-08
Disease	disease_8948	5.785997101005605e-08
Disease	disease_17243	5.785803926062213e-08
Disease	disease_15268	5.784871878920972e-08
Disease	disease_2656	5.7840640515662176e-08
Disease	disease_30043	5.781572715316475e-08
Disease	disease_11448	5.768268447888593e-08
Disease	disease_11098	5.7579345614703254e-08
Disease	disease_43771	5.757444166548923e-08
Disease	disease_9831	5.756842605688582e-08
Disease	disease_17375	5.7555442168077936e-08
Disease	disease_15331	5.755430510192665e-08
Disease	disease_944	5.754614388043002e-08
Disease	disease_19147	5.754277190261948e-08
Disease	disease_10383	5.753021633412041e-08
Disease	disease_5738	5.7503154181384084e-08
Disease	disease_100344	5.746455726480721e-08
Disease	disease_18873	5.746346590656262e-08
Disease	disease_5139	5.7458901388725035e-08
Disease	disease_15650	5.7374930844291446e-08
Disease	disease_9182	5.7364182621469955e-08
Disease	disease_16812	5.7362449053254684e-08
Disease	disease_9902	5.735513606654009e-08
Disease	disease_17411	5.733719747172384e-08
Disease	disease_1632	5.722477108310444e-08
Disease	disease_11908	5.713040384903383e-08
Disease	disease_22839	5.712151587428837e-08
Disease	disease_5639	5.712151587428837e-08
Disease	disease_1464	5.711266709217144e-08
Disease	disease_4500	5.7074920341473035e-08
Disease	disease_9612	5.7051878478743645e-08
Disease	disease_18904	5.7029554491658744e-08
Disease	disease_15054	5.69923454697058e-08
Disease	disease_21038	5.698291192493654e-08
Disease	disease_2051	5.697907152434199e-08
Disease	disease_2033	5.6963222081792615e-08
Disease	disease_6688	5.695220334625344e-08
Disease	disease_5784	5.691611464859124e-08
Disease	disease_17416	5.6824410210810246e-08
Disease	disease_10958	5.681744217449079e-08
Disease	disease_19214	5.6749158843203695e-08
Disease	disease_5579	5.6676007035427295e-08
Disease	disease_17306	5.6668771919453225e-08
Disease	disease_3049	5.666362510329316e-08
Disease	disease_2358	5.6661244468394356e-08
Disease	disease_2882	5.657624701203114e-08
Disease	disease_19370	5.65616423407197e-08
Disease	disease_6485	5.6560035016818725e-08
Disease	disease_5326	5.6526350379548964e-08
Disease	disease_12868	5.6508609170116354e-08
Disease	disease_6973	5.647846638698456e-08
Disease	disease_19929	5.646236660775189e-08
Disease	disease_2514	5.6458404570878976e-08
Disease	disease_12736	5.6446633915134755e-08
Disease	disease_5460	5.637925593998352e-08
Disease	disease_6735	5.637699782615256e-08
Disease	disease_15715	5.633411497107391e-08
Disease	disease_14144	5.625539339211252e-08
Disease	disease_17365	5.624761400321132e-08
Disease	disease_14550	5.6204868398461e-08
Disease	disease_6662	5.619820695403762e-08
Disease	disease_20499	5.612090744375365e-08
Disease	disease_11864	5.606541520905214e-08
Disease	disease_11273	5.606368093327958e-08
Disease	disease_11972	5.604636167860593e-08
Disease	disease_6157	5.601572420388609e-08
Disease	disease_13791	5.6002223688040584e-08
Disease	disease_15977	5.598645375775261e-08
Disease	disease_16698	5.596710857735372e-08
Disease	disease_3357	5.592391351518902e-08
Disease	disease_12737	5.5911446006241515e-08
Disease	disease_18243	5.582220790267841e-08
Disease	disease_33948	5.578859585261422e-08
Disease	disease_56806	5.577215044668089e-08
Disease	disease_14548	5.5749390809460555e-08
Disease	disease_30064	5.568195841888766e-08
Disease	disease_20325	5.561517540424973e-08
Disease	disease_9249	5.560862452024024e-08
Disease	disease_10520	5.559491034829454e-08
Disease	disease_21017	5.557920649251016e-08
Disease	disease_8762	5.5569924051651457e-08
Disease	disease_41114	5.555009194376714e-08
Disease	disease_11096	5.548429337289462e-08
Disease	disease_41186	5.53945913983247e-08
Disease	disease_5517	5.538172752116169e-08
Disease	disease_7488	5.536175826735888e-08
Disease	disease_15796	5.5355819468379416e-08
Disease	disease_6946	5.533520765609394e-08
Disease	disease_874	5.5315862174960776e-08
Disease	disease_18866	5.529850679232204e-08
Disease	disease_9329	5.5297239971092234e-08
Disease	disease_11872	5.528918529326683e-08
Disease	disease_13869	5.527948158775768e-08
Disease	disease_2381	5.526149911888657e-08
Disease	disease_17259	5.522661288394566e-08
Disease	disease_15491	5.5149575154101096e-08
Disease	disease_448	5.512633212821258e-08
Disease	disease_44641	5.5064393304106406e-08
Disease	disease_15207	5.503964223423761e-08
Disease	disease_19751	5.5030269563003186e-08
Disease	disease_16166	5.495342425356699e-08
Disease	disease_5375	5.4890825264441336e-08
Disease	disease_24651	5.483521515302384e-08
Disease	disease_18087	5.4831346738918086e-08
Disease	disease_41008	5.481907311620651e-08
Disease	disease_10997	5.4809857548611464e-08
Disease	disease_21639	5.480510001201788e-08
Disease	disease_261	5.4789279488943735e-08
Disease	disease_12715	5.476692266524368e-08
Disease	disease_569	5.4712615580730164e-08
Disease	disease_18559	5.469595332950688e-08
Disease	disease_10319	5.467310130301572e-08
Disease	disease_11731	5.466380387052684e-08
Disease	disease_3803	5.460366185029691e-08
Disease	disease_19587	5.4525405199141946e-08
Disease	disease_3182	5.450842275223437e-08
Disease	disease_14100	5.443989797897213e-08
Disease	disease_1297	5.4438975925091775e-08
Disease	disease_9238	5.4348654737392455e-08
Disease	disease_24879	5.434142205972509e-08
Disease	disease_2473	5.4306356985393984e-08
Disease	disease_3904	5.43035858357421e-08
Disease	disease_8195	5.428418546131347e-08
Disease	disease_2612	5.4272370848901e-08
Disease	disease_16423	5.423990407732416e-08
Disease	disease_3429	5.4224812965450705e-08
Disease	disease_9537	5.41964123789474e-08
Disease	disease_12738	5.417596651146876e-08
Disease	disease_8003	5.4137055071216655e-08
Disease	disease_5229	5.4107670261191375e-08
Disease	disease_100215	5.4099627726266965e-08
Disease	disease_11424	5.4097903813707215e-08
Disease	disease_9975	5.4019874987178105e-08
Disease	disease_20502	5.401870687844534e-08
Disease	disease_19204	5.40099361131838e-08
Disease	disease_44633	5.40099361131838e-08
Disease	disease_19622	5.40099361131838e-08
Disease	disease_17591	5.40099361131838e-08
Disease	disease_17860	5.40088229756282e-08
Disease	disease_21104	5.399671957915269e-08
Disease	disease_15620	5.39639029145801e-08
Disease	disease_7935	5.392048125392722e-08
Disease	disease_8684	5.391188604106249e-08
Disease	disease_9274	5.3905678758278436e-08
Disease	disease_19209	5.384728308718737e-08
Disease	disease_15447	5.3817194497176616e-08
Disease	disease_6230	5.380292999670563e-08
Disease	disease_5868	5.3781657324698154e-08
Disease	disease_9648	5.377690682279108e-08
Disease	disease_15282	5.3767729215532634e-08
Disease	disease_20588	5.376575459888578e-08
Disease	disease_6805	5.376053772075217e-08
Disease	disease_18919	5.374291634742381e-08
Disease	disease_41526	5.3742434821444405e-08
Disease	disease_5843	5.3709639442767815e-08
Disease	disease_32756	5.370693047113071e-08
Disease	disease_20122	5.367935978604145e-08
Disease	disease_15372	5.365996128463018e-08
Disease	disease_9499	5.360718853311037e-08
Disease	disease_9066	5.358726542502436e-08
Disease	disease_14416	5.344741102295972e-08
Disease	disease_9216	5.3383915250768186e-08
Disease	disease_54699	5.333282813340882e-08
Disease	disease_8728	5.317149329658728e-08
Disease	disease_1462	5.3166507685388945e-08
Disease	disease_2238	5.3166507685388945e-08
Disease	disease_16472	5.30409269159084e-08
Disease	disease_4265	5.3019467014416335e-08
Disease	disease_6327	5.3012343238234513e-08
Disease	disease_15655	5.299575869846936e-08
Disease	disease_5901	5.2946720378921196e-08
Disease	disease_100213	5.2787230475604846e-08
Disease	disease_20531	5.2681200860163716e-08
Disease	disease_7600	5.2676235116572506e-08
Disease	disease_5439	5.267599942464805e-08
Disease	disease_19735	5.262229162437091e-08
Disease	disease_5079	5.258908011877082e-08
Disease	disease_3215	5.258681131005359e-08
Disease	disease_19181	5.257937447036436e-08
Disease	disease_18360	5.2565058949621925e-08
Disease	disease_11147	5.255578199441464e-08
Disease	disease_5769	5.254882002967608e-08
Disease	disease_7316	5.2493278793418e-08
Disease	disease_4884	5.2482280268562824e-08
Disease	disease_18097	5.246681009396124e-08
Disease	disease_2732	5.24364555432282e-08
Disease	disease_15629	5.2415566537172974e-08
Disease	disease_3519	5.2412783435764796e-08
Disease	disease_5506	5.239982390419764e-08
Disease	disease_9281	5.2366755314833054e-08
Disease	disease_33864	5.2361095375174605e-08
Disease	disease_5694	5.234503461653115e-08
Disease	disease_8730	5.23266921469096e-08
Disease	disease_7667	5.225645211962607e-08
Disease	disease_6971	5.220728377817923e-08
Disease	disease_19210	5.219811995208419e-08
Disease	disease_100172	5.218226976530692e-08
Disease	disease_16033	5.216963174927703e-08
Disease	disease_9071	5.215020664350277e-08
Disease	disease_7594	5.2075350196576e-08
Disease	disease_6032	5.2056593327806595e-08
Disease	disease_20569	5.198482851734791e-08
Disease	disease_10026	5.1949333613176714e-08
Disease	disease_9863	5.19189095528096e-08
Disease	disease_3636	5.186902887954732e-08
Disease	disease_5220	5.18609019147951e-08
Disease	disease_19719	5.185221849312193e-08
Disease	disease_9279	5.184894165020388e-08
Disease	disease_6908	5.1792374611155565e-08
Disease	disease_23286	5.174256180361291e-08
Disease	disease_21921	5.172371724125479e-08
Disease	disease_17769	5.1693839297194636e-08
Disease	disease_3628	5.1691172193794446e-08
Disease	disease_14848	5.1595766123579625e-08
Disease	disease_4907	5.151863319445441e-08
Disease	disease_11517	5.146838904208723e-08
Disease	disease_19314	5.1463662835991246e-08
Disease	disease_5537	5.1431544699229537e-08
Disease	disease_19101	5.138911692403916e-08
Disease	disease_15371	5.1300730489290095e-08
Disease	disease_13626	5.129824841054713e-08
Disease	disease_9475	5.1293535089773624e-08
Disease	disease_6995	5.129076990469914e-08
Disease	disease_6282	5.124074249207572e-08
Disease	disease_17342	5.123260191287421e-08
Disease	disease_9319	5.122659162527175e-08
Disease	disease_7723	5.1207374370611864e-08
Disease	disease_23865	5.11914035483571e-08
Disease	disease_19130	5.118561939376959e-08
Disease	disease_22409	5.11130721224659e-08
Disease	disease_16708	5.110972130481556e-08
Disease	disease_5539	5.1065323710199924e-08
Disease	disease_10910	5.105037990038474e-08
Disease	disease_6900	5.0974086055168505e-08
Disease	disease_6757	5.096393048926174e-08
Disease	disease_20380	5.0963566496115885e-08
Disease	disease_16028	5.093965666226138e-08
Disease	disease_100131	5.093699697357626e-08
Disease	disease_21353	5.092069434459155e-08
Disease	disease_15780	5.0911300029077544e-08
Disease	disease_8185	5.0893480447833114e-08
Disease	disease_18615	5.083704536161295e-08
Disease	disease_411	5.082575552381215e-08
Disease	disease_10006	5.07960223903733e-08
Disease	disease_2361	5.0774014214797794e-08
Disease	disease_17291	5.0692677405255207e-08
Disease	disease_2420	5.063836984648806e-08
Disease	disease_6378	5.054586358939717e-08
Disease	disease_1389	5.0530385767274846e-08
Disease	disease_14609	5.049581697761532e-08
Disease	disease_6235	5.045584285135382e-08
Disease	disease_5952	5.043975534011056e-08
Disease	disease_8278	5.0357075089631544e-08
Disease	disease_12081	5.032479737129062e-08
Disease	disease_19927	5.0319448308288506e-08
Disease	disease_1214	5.028485322616894e-08
Disease	disease_1569	5.027772223462641e-08
Disease	disease_10561	5.0244907878328655e-08
Disease	disease_3563	5.0243995749166534e-08
Disease	disease_3564	5.0243995749166534e-08
Disease	disease_6661	5.023262084908266e-08
Disease	disease_8176	5.020990742900163e-08
Disease	disease_14498	5.017641871544616e-08
Disease	disease_15643	5.0139819061361816e-08
Disease	disease_2572	5.012423597850331e-08
Disease	disease_100036	5.011197905899064e-08
Disease	disease_21132	5.0093844565816614e-08
Disease	disease_1290	5.007461397406636e-08
Disease	disease_100033	5.005021117503673e-08
Disease	disease_37105	5.002878913499449e-08
Disease	disease_2185	5.002055813257107e-08
Disease	disease_16629	5.0016648763433956e-08
Disease	disease_15748	4.998931588652382e-08
Disease	disease_21531	4.993234482910941e-08
Disease	disease_11146	4.9846149953645384e-08
Disease	disease_4649	4.9824738678364865e-08
Disease	disease_20088	4.981144228911312e-08
Disease	disease_17851	4.97806152488488e-08
Disease	disease_7039	4.966446903240734e-08
Disease	disease_11681	4.9650479092153924e-08
Disease	disease_15488	4.964390449778439e-08
Disease	disease_19896	4.9542416210223415e-08
Disease	disease_3472	4.950456140508987e-08
Disease	disease_14331	4.946999391639284e-08
Disease	disease_608	4.944279944571292e-08
Disease	disease_6380	4.94360210477341e-08
Disease	disease_9043	4.9427752689108364e-08
Disease	disease_16778	4.9408053512493184e-08
Disease	disease_8369	4.9398467193613133e-08
Disease	disease_8071	4.938674225175034e-08
Disease	disease_100194	4.9379884310647704e-08
Disease	disease_15923	4.9335632241182316e-08
Disease	disease_11583	4.929216944520557e-08
Disease	disease_19006	4.929054845299102e-08
Disease	disease_11001	4.927639045086227e-08
Disease	disease_2278	4.92723614449191e-08
Disease	disease_8840	4.924868476528172e-08
Disease	disease_21111	4.923033950578479e-08
Disease	disease_15658	4.921148218937223e-08
Disease	disease_9	4.9169038537305147e-08
Disease	disease_8056	4.9146585529448485e-08
Disease	disease_13522	4.914500465950064e-08
Disease	disease_13000	4.913966656814794e-08
Disease	disease_9439	4.912099832540083e-08
Disease	disease_16459	4.908009421352016e-08
Disease	disease_18834	4.906537290751505e-08
Disease	disease_931	4.905566252411031e-08
Disease	disease_15530	4.9021904062819216e-08
Disease	disease_9424	4.901406422876086e-08
Disease	disease_20744	4.900440141783114e-08
Disease	disease_6715	4.899993305757667e-08
Disease	disease_16756	4.895629679317449e-08
Disease	disease_19310	4.8940408619116794e-08
Disease	disease_10674	4.8928950650903744e-08
Disease	disease_100030	4.884124282077067e-08
Disease	disease_21677	4.878948021203412e-08
Disease	disease_9557	4.878840187670506e-08
Disease	disease_7782	4.877430836974037e-08
Disease	disease_16456	4.8761874803662706e-08
Disease	disease_8753	4.873251992198016e-08
Disease	disease_6360	4.871448171045707e-08
Disease	disease_14877	4.868945245176191e-08
Disease	disease_4648	4.868328752190247e-08
Disease	disease_1300	4.8613748148610276e-08
Disease	disease_42976	4.8594798798373976e-08
Disease	disease_18270	4.856833672787184e-08
Disease	disease_20230	4.8551803363418596e-08
Disease	disease_44765	4.851923511719114e-08
Disease	disease_8648	4.851738815836032e-08
Disease	disease_11628	4.844159469193051e-08
Disease	disease_10733	4.842067950882538e-08
Disease	disease_24308	4.84132076947354e-08
Disease	disease_18964	4.840884147513857e-08
Disease	disease_7024	4.8340978426703517e-08
Disease	disease_7432	4.832975797902464e-08
Disease	disease_14792	4.830573135208525e-08
Disease	disease_10428	4.8292013628098264e-08
Disease	disease_12192	4.827616428699533e-08
Disease	disease_14459	4.8270814445756134e-08
Disease	disease_17376	4.8224533790061634e-08
Disease	disease_2886	4.820411514824114e-08
Disease	disease_19722	4.820148419879573e-08
Disease	disease_11183	4.8182217682816374e-08
Disease	disease_16345	4.815776717080943e-08
Disease	disease_19955	4.8091578400456864e-08
Disease	disease_21697	4.8070960768649645e-08
Disease	disease_6761	4.806942375533261e-08
Disease	disease_10315	4.8067710486616005e-08
Disease	disease_5971	4.801505633925319e-08
Disease	disease_21054	4.801028457398447e-08
Disease	disease_25159	4.8001803575564534e-08
Disease	disease_13379	4.7993103828718164e-08
Disease	disease_10762	4.798268635760282e-08
Disease	disease_6429	4.798268635760282e-08
Disease	disease_10273	4.798268635760282e-08
Disease	disease_308	4.798022055405381e-08
Disease	disease_18458	4.7946123536213957e-08
Disease	disease_9430	4.7944892232447674e-08
Disease	disease_8036	4.793953716256527e-08
Disease	disease_17092	4.793259727648913e-08
Disease	disease_19215	4.7926250681555574e-08
Disease	disease_590	4.7898459644243447e-08
Disease	disease_24878	4.786834901765918e-08
Disease	disease_19433	4.785111413951757e-08
Disease	disease_2806	4.7838687111684357e-08
Disease	disease_7009	4.779239806998372e-08
Disease	disease_653	4.7782838225755794e-08
Disease	disease_17278	4.774891527810521e-08
Disease	disease_19437	4.773163833191567e-08
Disease	disease_5515	4.7711462377182386e-08
Disease	disease_15073	4.769192355483264e-08
Disease	disease_6153	4.7603171650616566e-08
Disease	disease_17574	4.76006010813642e-08
Disease	disease_13219	4.757815992659503e-08
Disease	disease_8692	4.7537139165461876e-08
Disease	disease_11680	4.750888321724955e-08
Disease	disease_5842	4.7468954356402835e-08
Disease	disease_13495	4.7464367268896825e-08
Disease	disease_1424	4.734034955961386e-08
Disease	disease_33947	4.733905668280264e-08
Disease	disease_8276	4.731683128197241e-08
Disease	disease_15218	4.730978002697343e-08
Disease	disease_19835	4.7297164457813886e-08
Disease	disease_12072	4.72856504148672e-08
Disease	disease_1854	4.726478975931824e-08
Disease	disease_10174	4.725373858499131e-08
Disease	disease_3510	4.723805194036797e-08
Disease	disease_17267	4.7143936588861846e-08
Disease	disease_11656	4.713797357225598e-08
Disease	disease_18901	4.710743527109717e-08
Disease	disease_1012	4.7102691296685247e-08
Disease	disease_16239	4.7074520764608835e-08
Disease	disease_19502	4.705862631739627e-08
Disease	disease_5543	4.7056546937768476e-08
Disease	disease_8399	4.703696738753205e-08
Disease	disease_2528	4.6969369357556037e-08
Disease	disease_17730	4.696020377883661e-08
Disease	disease_15243	4.695074113210066e-08
Disease	disease_24615	4.695044071112288e-08
Disease	disease_4821	4.6941801272607486e-08
Disease	disease_3789	4.693495015899207e-08
Disease	disease_1943	4.6884470983117276e-08
Disease	disease_18782	4.688152201133012e-08
Disease	disease_100028	4.687826120106284e-08
Disease	disease_18398	4.6846480663107904e-08
Disease	disease_24317	4.68376148590925e-08
Disease	disease_10645	4.682380333381535e-08
Disease	disease_21315	4.67816921710393e-08
Disease	disease_21636	4.677465180928532e-08
Disease	disease_10278	4.676211028048863e-08
Disease	disease_21449	4.669122485453184e-08
Disease	disease_16277	4.667983896578433e-08
Disease	disease_18170	4.66592602919716e-08
Disease	disease_18309	4.6625351116326236e-08
Disease	disease_5848	4.6594089264942223e-08
Disease	disease_20072	4.659246081018975e-08
Disease	disease_13521	4.658001275716568e-08
Disease	disease_21227	4.654564157157978e-08
Disease	disease_5631	4.6510859333715903e-08
Disease	disease_4844	4.6488305274383036e-08
Disease	disease_15723	4.647870043757308e-08
Disease	disease_14268	4.6474698892784413e-08
Disease	disease_2796	4.645705144014827e-08
Disease	disease_2637	4.645510857862154e-08
Disease	disease_14708	4.642215640883041e-08
Disease	disease_4323	4.6421931528179754e-08
Disease	disease_15317	4.6413113554701555e-08
Disease	disease_15654	4.640687252446605e-08
Disease	disease_20010	4.639826606513213e-08
Disease	disease_9889	4.638767109143756e-08
Disease	disease_5723	4.6370931117083836e-08
Disease	disease_18897	4.631536344863784e-08
Disease	disease_732	4.628566398689857e-08
Disease	disease_11730	4.62663295800447e-08
Disease	disease_3175	4.626498558216752e-08
Disease	disease_7552	4.626477510726774e-08
Disease	disease_41095	4.625410962876982e-08
Disease	disease_18063	4.622637445580923e-08
Disease	disease_16442	4.621821201953384e-08
Disease	disease_20579	4.621198496509595e-08
Disease	disease_17268	4.620657580302785e-08
Disease	disease_6152	4.6203025164851655e-08
Disease	disease_15436	4.619589862855781e-08
Disease	disease_2794	4.6193665049703436e-08
Disease	disease_18781	4.618047163855348e-08
Disease	disease_2196	4.614560027561255e-08
Disease	disease_8575	4.61230091678443e-08
Disease	disease_15197	4.608275035690571e-08
Disease	disease_2415	4.60548479025036e-08
Disease	disease_1521	4.604847845303718e-08
Disease	disease_19451	4.6043002288241035e-08
Disease	disease_19993	4.6026587006472215e-08
Disease	disease_8999	4.6000803420941695e-08
Disease	disease_5219	4.599890409180145e-08
Disease	disease_3689	4.597725217475924e-08
Disease	disease_21640	4.5971311869890064e-08
Disease	disease_3050	4.595892632530967e-08
Disease	disease_11336	4.59345234528817e-08
Disease	disease_18251	4.5909671438231054e-08
Disease	disease_43549	4.59064546027504e-08
Disease	disease_9837	4.586586914967129e-08
Disease	disease_4996	4.585398628467356e-08
Disease	disease_100186	4.58335738944957e-08
Disease	disease_19528	4.58324311697919e-08
Disease	disease_7784	4.5771030029598484e-08
Disease	disease_19440	4.576806242944759e-08
Disease	disease_5380	4.5735986226607666e-08
Disease	disease_18035	4.572468728392844e-08
Disease	disease_12278	4.572324973234813e-08
Disease	disease_2797	4.5718042833726575e-08
Disease	disease_3005	4.5713004123228876e-08
Disease	disease_17919	4.5686374002987356e-08
Disease	disease_100110	4.5631264830275093e-08
Disease	disease_9745	4.553855460068004e-08
Disease	disease_2004	4.553186240306919e-08
Disease	disease_19859	4.551023004241478e-08
Disease	disease_5278	4.5472324775121864e-08
Disease	disease_20082	4.540414836337206e-08
Disease	disease_9623	4.5395486546869114e-08
Disease	disease_10421	4.534329241935526e-08
Disease	disease_15696	4.529378717594503e-08
Disease	disease_19296	4.5293395995978606e-08
Disease	disease_15695	4.52803620783165e-08
Disease	disease_9064	4.52673964728416e-08
Disease	disease_2907	4.525604773014983e-08
Disease	disease_24332	4.521341399539227e-08
Disease	disease_8260	4.5212288187691934e-08
Disease	disease_6300	4.519612294561467e-08
Disease	disease_5547	4.519612294561467e-08
Disease	disease_16711	4.519612294561467e-08
Disease	disease_12593	4.518548558603293e-08
Disease	disease_5436	4.517517456844659e-08
Disease	disease_11230	4.515508267688954e-08
Disease	disease_20807	4.51219445860695e-08
Disease	disease_33643	4.507959570892661e-08
Disease	disease_40677	4.5072995204120055e-08
Disease	disease_9113	4.502532397918981e-08
Disease	disease_21856	4.5002724904517315e-08
Disease	disease_5722	4.500004027151386e-08
Disease	disease_19369	4.496790127159346e-08
Disease	disease_18306	4.4959260227499804e-08
Disease	disease_19313	4.4925739833551856e-08
Disease	disease_21927	4.4923598102087114e-08
Disease	disease_19157	4.4889314848854683e-08
Disease	disease_7414	4.48572111867971e-08
Disease	disease_2533	4.4815439457653244e-08
Disease	disease_19464	4.4806413318664615e-08
Disease	disease_8783	4.48006533732378e-08
Disease	disease_1717	4.475148444419705e-08
Disease	disease_2674	4.4719682462475765e-08
Disease	disease_23551	4.4719682462475765e-08
Disease	disease_34110	4.4719682462475765e-08
Disease	disease_21750	4.4719682462475765e-08
Disease	disease_6944	4.4719682462475765e-08
Disease	disease_4841	4.4719682462475765e-08
Disease	disease_6820	4.4719682462475765e-08
Disease	disease_43112	4.4719682462475765e-08
Disease	disease_4838	4.4719682462475765e-08
Disease	disease_56796	4.4719682462475765e-08
Disease	disease_18060	4.471857859965062e-08
Disease	disease_8034	4.471628685650839e-08
Disease	disease_15188	4.470731198638633e-08
Disease	disease_12791	4.467308420901947e-08
Disease	disease_2728	4.4665976889506445e-08
Disease	disease_10331	4.4587171913615414e-08
Disease	disease_12788	4.4587171913615414e-08
Disease	disease_12628	4.4587171913615414e-08
Disease	disease_11817	4.4587171913615414e-08
Disease	disease_12010	4.4587171913615414e-08
Disease	disease_12009	4.4587171913615414e-08
Disease	disease_6748	4.454345587819872e-08
Disease	disease_2338	4.454345587819872e-08
Disease	disease_43264	4.454345587819872e-08
Disease	disease_100035	4.454345587819872e-08
Disease	disease_19641	4.451759691014336e-08
Disease	disease_17215	4.4481680309675356e-08
Disease	disease_8818	4.447728598359473e-08
Disease	disease_21148	4.44739519870867e-08
Disease	disease_8221	4.444217292381934e-08
Disease	disease_16418	4.444011962850065e-08
Disease	disease_43156	4.44103345606739e-08
Disease	disease_19452	4.436566728184733e-08
Disease	disease_11441	4.435373430068328e-08
Disease	disease_54700	4.430849384091835e-08
Disease	disease_7918	4.427760082616903e-08
Disease	disease_14219	4.426976169590357e-08
Disease	disease_14227	4.425607667742444e-08
Disease	disease_11380	4.423857613922063e-08
Disease	disease_17137	4.421645626185819e-08
Disease	disease_16638	4.4214076263015674e-08
Disease	disease_1128	4.42016962458933e-08
Disease	disease_21960	4.4164126194728724e-08
Disease	disease_19833	4.414599090885102e-08
Disease	disease_7326	4.4141265877926356e-08
Disease	disease_2625	4.409205695324406e-08
Disease	disease_10083	4.408158130522959e-08
Disease	disease_18373	4.40560264468592e-08
Disease	disease_44714	4.404019578249623e-08
Disease	disease_7990	4.396176085344804e-08
Disease	disease_5596	4.395906412711465e-08
Disease	disease_9441	4.394970371582172e-08
Disease	disease_21925	4.393233827418503e-08
Disease	disease_1252	4.393056677243064e-08
Disease	disease_7407	4.392783984055842e-08
Disease	disease_13768	4.3926748816646546e-08
Disease	disease_6794	4.391475055612566e-08
Disease	disease_9847	4.391071392959348e-08
Disease	disease_5603	4.3817149133021e-08
Disease	disease_16293	4.381691469993914e-08
Disease	disease_6921	4.3813149762244606e-08
Disease	disease_3311	4.379301502651811e-08
Disease	disease_7067	4.375454302989628e-08
Disease	disease_1150	4.3717309198883604e-08
Disease	disease_44745	4.371660826299786e-08
Disease	disease_4877	4.3705357767067106e-08
Disease	disease_8186	4.3691016569300316e-08
Disease	disease_19000	4.367541877389558e-08
Disease	disease_5700	4.367040134179611e-08
Disease	disease_3592	4.364625286473417e-08
Disease	disease_5583	4.36312107576583e-08
Disease	disease_20540	4.3564703656046785e-08
Disease	disease_10257	4.3553463013206155e-08
Disease	disease_6704	4.354420709284226e-08
Disease	disease_30703	4.353421910874152e-08
Disease	disease_7057	4.3530188199814424e-08
Disease	disease_17060	4.3525556611978796e-08
Disease	disease_17061	4.3525556611978796e-08
Disease	disease_13999	4.34160845037231e-08
Disease	disease_41093	4.337313291494361e-08
Disease	disease_33554	4.335172258350177e-08
Disease	disease_18160	4.334993776731875e-08
Disease	disease_1834	4.3308555889886344e-08
Disease	disease_3435	4.330345843333631e-08
Disease	disease_6731	4.3294343425727e-08
Disease	disease_10773	4.328797219235957e-08
Disease	disease_60491	4.3279210713119534e-08
Disease	disease_7034	4.321813908465328e-08
Disease	disease_14414	4.3203047733932686e-08
Disease	disease_6481	4.320054655822781e-08
Disease	disease_19031	4.318959680905234e-08
Disease	disease_15169	4.3072268003932506e-08
Disease	disease_16348	4.300228625655112e-08
Disease	disease_12597	4.29926164661387e-08
Disease	disease_13872	4.2984650478384824e-08
Disease	disease_12741	4.297773677106199e-08
Disease	disease_12758	4.297264689104186e-08
Disease	disease_12958	4.297077492575187e-08
Disease	disease_12957	4.297077492575187e-08
Disease	disease_12956	4.297077492575187e-08
Disease	disease_19297	4.29637718686926e-08
Disease	disease_2230	4.2955093924629235e-08
Disease	disease_7523	4.2951729139444185e-08
Disease	disease_12768	4.29472831501654e-08
Disease	disease_12770	4.29472831501654e-08
Disease	disease_12244	4.29472831501654e-08
Disease	disease_12769	4.29472831501654e-08
Disease	disease_12093	4.29472831501654e-08
Disease	disease_12620	4.29472831501654e-08
Disease	disease_12300	4.29472831501654e-08
Disease	disease_12470	4.29472831501654e-08
Disease	disease_11270	4.29472831501654e-08
Disease	disease_10405	4.29472831501654e-08
Disease	disease_12094	4.29472831501654e-08
Disease	disease_17396	4.294220985492694e-08
Disease	disease_21674	4.2930084082565173e-08
Disease	disease_6686	4.2926485154311386e-08
Disease	disease_9268	4.2912832332513935e-08
Disease	disease_20310	4.2902260997067125e-08
Disease	disease_14309	4.289872082290158e-08
Disease	disease_100343	4.2879868994929e-08
Disease	disease_17242	4.286389789045349e-08
Disease	disease_18469	4.285246230100919e-08
Disease	disease_2227	4.284289590174963e-08
Disease	disease_13141	4.2839461107100555e-08
Disease	disease_1059	4.2814230357888946e-08
Disease	disease_18081	4.280860457333862e-08
Disease	disease_54835	4.278730559421993e-08
Disease	disease_5672	4.2769833372439826e-08
Disease	disease_21102	4.273392016189378e-08
Disease	disease_16088	4.2715200911735915e-08
Disease	disease_19301	4.2700612323342005e-08
Disease	disease_16576	4.2689260934178936e-08
Disease	disease_17853	4.263744326461454e-08
Disease	disease_2267	4.262391616582352e-08
Disease	disease_16333	4.2600825537506944e-08
Disease	disease_700	4.259665984536071e-08
Disease	disease_11758	4.254667115314656e-08
Disease	disease_5508	4.253475454868015e-08
Disease	disease_13171	4.2509799560883155e-08
Disease	disease_2801	4.250070711182427e-08
Disease	disease_30931	4.2491422254879475e-08
Disease	disease_21607	4.241584048085768e-08
Disease	disease_21699	4.238483973278192e-08
Disease	disease_20280	4.235641544857516e-08
Disease	disease_19225	4.235465697498986e-08
Disease	disease_16337	4.23477675456883e-08
Disease	disease_1337	4.225455864853573e-08
Disease	disease_18739	4.225217906235495e-08
Disease	disease_13240	4.2246896608929016e-08
Disease	disease_16485	4.224089718576693e-08
Disease	disease_20509	4.222474099818447e-08
Disease	disease_10768	4.2199032701896436e-08
Disease	disease_909	4.217472146303199e-08
Disease	disease_2756	4.21712336297383e-08
Disease	disease_18467	4.214415553153312e-08
Disease	disease_21327	4.211381593487175e-08
Disease	disease_21348	4.2111637339640777e-08
Disease	disease_13673	4.204925379578933e-08
Disease	disease_13693	4.203122146016912e-08
Disease	disease_1249	4.20104383776089e-08
Disease	disease_32710	4.199082558486781e-08
Disease	disease_6836	4.1941616149196465e-08
Disease	disease_19292	4.192596223275426e-08
Disease	disease_18764	4.191487162988342e-08
Disease	disease_4854	4.190405532243887e-08
Disease	disease_414	4.187600563843726e-08
Disease	disease_6221	4.185487056480976e-08
Disease	disease_42370	4.1843999752439905e-08
Disease	disease_16075	4.180804867396874e-08
Disease	disease_7925	4.1725329973387645e-08
Disease	disease_2867	4.172412048122878e-08
Disease	disease_8819	4.172080106767539e-08
Disease	disease_19834	4.167667037565848e-08
Disease	disease_18018	4.165666427357275e-08
Disease	disease_42490	4.155969174329678e-08
Disease	disease_11383	4.153996444695712e-08
Disease	disease_6567	4.150116654606991e-08
Disease	disease_4650	4.148347047769051e-08
Disease	disease_3513	4.1444200757343515e-08
Disease	disease_10778	4.1431765114234845e-08
Disease	disease_10385	4.142999639307013e-08
Disease	disease_5215	4.137764413289336e-08
Disease	disease_19123	4.137621695932452e-08
Disease	disease_6229	4.135404156531998e-08
Disease	disease_12524	4.1347611558337106e-08
Disease	disease_19024	4.1346209563626194e-08
Disease	disease_15489	4.13430153586136e-08
Disease	disease_15291	4.131609293932558e-08
Disease	disease_7203	4.1246889327720495e-08
Disease	disease_10894	4.123320512317057e-08
Disease	disease_10028	4.122391043798271e-08
Disease	disease_3570	4.122224457667779e-08
Disease	disease_12074	4.1215138966679276e-08
Disease	disease_5023	4.118692665189668e-08
Disease	disease_19802	4.118619844545362e-08
Disease	disease_5745	4.116923018652766e-08
Disease	disease_16244	4.116130588616151e-08
Disease	disease_7339	4.1157608020397974e-08
Disease	disease_20646	4.114313294803646e-08
Disease	disease_7746	4.1138347052876206e-08
Disease	disease_8867	4.111742511453804e-08
Disease	disease_6216	4.109511775072003e-08
Disease	disease_18902	4.109171564323887e-08
Disease	disease_18384	4.107725152392839e-08
Disease	disease_9897	4.1074658051166725e-08
Disease	disease_7174	4.106641463755213e-08
Disease	disease_18506	4.104444527239623e-08
Disease	disease_16536	4.1040459311110754e-08
Disease	disease_6224	4.103285592281892e-08
Disease	disease_10641	4.10270101532896e-08
Disease	disease_6892	4.100544283903341e-08
Disease	disease_3290	4.100544283903341e-08
Disease	disease_15626	4.0997761567191374e-08
Disease	disease_13808	4.0964563599822986e-08
Disease	disease_2109	4.092601558306526e-08
Disease	disease_3184	4.09096766990717e-08
Disease	disease_8414	4.088252966841253e-08
Disease	disease_18538	4.084761286918873e-08
Disease	disease_1932	4.084182796795884e-08
Disease	disease_41154	4.0840524374384713e-08
Disease	disease_16822	4.081340574878744e-08
Disease	disease_2477	4.077052558555328e-08
Disease	disease_8280	4.076871322459754e-08
Disease	disease_44923	4.075822659044847e-08
Disease	disease_2885	4.074642114109925e-08
Disease	disease_5535	4.0745555551710874e-08
Disease	disease_18689	4.0723054376394056e-08
Disease	disease_7310	4.0702736042700214e-08
Disease	disease_9049	4.0648307831798374e-08
Disease	disease_16254	4.063504330439607e-08
Disease	disease_16473	4.0590409172549786e-08
Disease	disease_15633	4.057429426339755e-08
Disease	disease_11714	4.05738190675324e-08
Disease	disease_10655	4.056876028446556e-08
Disease	disease_33541	4.0553400297816765e-08
Disease	disease_15551	4.0543734087904084e-08
Disease	disease_19547	4.052528891100848e-08
Disease	disease_13655	4.051454371778388e-08
Disease	disease_3158	4.0493715573379105e-08
Disease	disease_19569	4.0440135277938255e-08
Disease	disease_22901	4.041761167892203e-08
Disease	disease_18215	4.032972759466842e-08
Disease	disease_5449	4.0295707747128046e-08
Disease	disease_100165	4.028878690646944e-08
Disease	disease_14834	4.026841107751953e-08
Disease	disease_12740	4.0257965612965697e-08
Disease	disease_9106	4.025313882588912e-08
Disease	disease_5323	4.0218066288789e-08
Disease	disease_17086	4.0189053988267694e-08
Disease	disease_44980	4.016082629883407e-08
Disease	disease_18855	4.01437348741394e-08
Disease	disease_19341	4.013751983171158e-08
Disease	disease_10543	4.012568248874031e-08
Disease	disease_5091	4.0115478211438554e-08
Disease	disease_16325	4.0103218245999724e-08
Disease	disease_2880	4.008494343974704e-08
Disease	disease_11945	4.007132197742787e-08
Disease	disease_18920	4.0069407541975574e-08
Disease	disease_3778	4.004555969003862e-08
Disease	disease_30088	4.003751365146446e-08
Disease	disease_9741	4.0034551845980906e-08
Disease	disease_2472	4.003315768510821e-08
Disease	disease_11242	4.002117595699148e-08
Disease	disease_8669	4.00064138682327e-08
Disease	disease_10802	3.99975597198645e-08
Disease	disease_11638	3.996099084471443e-08
Disease	disease_3816	3.9959910302083196e-08
Disease	disease_9069	3.992941682208442e-08
Disease	disease_30089	3.992046499740234e-08
Disease	disease_7845	3.991203308969782e-08
Disease	disease_6346	3.991089458527193e-08
Disease	disease_17779	3.988034429450404e-08
Disease	disease_10168	3.986222748347081e-08
Disease	disease_9258	3.9817782151548014e-08
Disease	disease_2650	3.9803239158728246e-08
Disease	disease_17775	3.980314885877293e-08
Disease	disease_12526	3.979329585695559e-08
Disease	disease_19514	3.976539101380096e-08
Disease	disease_18347	3.974313703141102e-08
Disease	disease_17638	3.9711840801168205e-08
Disease	disease_20751	3.9704749722221564e-08
Disease	disease_4806	3.969321764650887e-08
Disease	disease_41751	3.967907086410715e-08
Disease	disease_13008	3.96774718661673e-08
Disease	disease_5888	3.967728158801278e-08
Disease	disease_3494	3.966314564854482e-08
Disease	disease_19454	3.9658340083469e-08
Disease	disease_19792	3.9653497364053134e-08
Disease	disease_14315	3.9635274955922797e-08
Disease	disease_20487	3.962622576697129e-08
Disease	disease_9176	3.962565617689629e-08
Disease	disease_10703	3.960643135936375e-08
Disease	disease_30087	3.960589309492006e-08
Disease	disease_4481	3.958968456057599e-08
Disease	disease_9220	3.958569930730339e-08
Disease	disease_18556	3.953945778162762e-08
Disease	disease_1858	3.952963701595006e-08
Disease	disease_19975	3.951803401778966e-08
Disease	disease_10926	3.946473592720405e-08
Disease	disease_21511	3.9452259127409235e-08
Disease	disease_14812	3.9447329742818683e-08
Disease	disease_17841	3.943125333376638e-08
Disease	disease_16330	3.9413126843078585e-08
Disease	disease_14754	3.941118019814991e-08
Disease	disease_3389	3.9402772390791004e-08
Disease	disease_15867	3.9354342703323636e-08
Disease	disease_21576	3.9348559506554864e-08
Disease	disease_17872	3.934273863660043e-08
Disease	disease_18515	3.934182445439704e-08
Disease	disease_14039	3.929195683084172e-08
Disease	disease_6614	3.926784241317889e-08
Disease	disease_8713	3.9254839044974996e-08
Disease	disease_1502	3.9250462484965676e-08
Disease	disease_1063	3.924955845272018e-08
Disease	disease_44912	3.924279299393112e-08
Disease	disease_9613	3.923449542804822e-08
Disease	disease_32784	3.920420104235967e-08
Disease	disease_44913	3.905325359761861e-08
Disease	disease_19795	3.903453242891729e-08
Disease	disease_21471	3.898741450840544e-08
Disease	disease_12719	3.8968582138184494e-08
Disease	disease_15524	3.894976173530812e-08
Disease	disease_43519	3.8916254858093924e-08
Disease	disease_22018	3.887145825675212e-08
Disease	disease_17335	3.8866934143335265e-08
Disease	disease_32657	3.88655666894455e-08
Disease	disease_5979	3.8861806814637185e-08
Disease	disease_18115	3.8844474693407157e-08
Disease	disease_3112	3.884322137877504e-08
Disease	disease_15548	3.8835828030103884e-08
Disease	disease_12107	3.881643802381092e-08
Disease	disease_11686	3.8811802276286074e-08
Disease	disease_4459	3.8782794873301204e-08
Disease	disease_9290	3.8769457197480125e-08
Disease	disease_3804	3.87615616664095e-08
Disease	disease_384	3.8761392506373896e-08
Disease	disease_14859	3.874239651360781e-08
Disease	disease_16484	3.8727938659081115e-08
Disease	disease_20596	3.870739381893236e-08
Disease	disease_14632	3.8695560205579995e-08
Disease	disease_17624	3.8662218390728214e-08
Disease	disease_8725	3.862258859326659e-08
Disease	disease_7838	3.8606894565449386e-08
Disease	disease_4716	3.86027632244867e-08
Disease	disease_32741	3.8592609975208327e-08
Disease	disease_11026	3.8583513077857485e-08
Disease	disease_15307	3.855464489665124e-08
Disease	disease_15012	3.8552018620011024e-08
Disease	disease_21229	3.850758882507217e-08
Disease	disease_6143	3.849450364860439e-08
Disease	disease_21652	3.849005246801673e-08
Disease	disease_8287	3.847595567681038e-08
Disease	disease_18614	3.8423196966678167e-08
Disease	disease_14221	3.833260935686604e-08
Disease	disease_15011	3.832967202048508e-08
Disease	disease_42433	3.8281171034241825e-08
Disease	disease_5941	3.8279401878904964e-08
Disease	disease_19254	3.822560531796813e-08
Disease	disease_15163	3.821380160502562e-08
Disease	disease_21157	3.820460901222522e-08
Disease	disease_19390	3.81819286300207e-08
Disease	disease_15453	3.817692947531424e-08
Disease	disease_1061	3.814477899667697e-08
Disease	disease_13797	3.8132857625961794e-08
Disease	disease_5504	3.813149681116276e-08
Disease	disease_30856	3.810984698065981e-08
Disease	disease_13344	3.809931518151179e-08
Disease	disease_19520	3.8062885676025903e-08
Disease	disease_9665	3.806147452213991e-08
Disease	disease_1699	3.802593250675843e-08
Disease	disease_15135	3.802360832167866e-08
Disease	disease_5770	3.8010963252945876e-08
Disease	disease_9910	3.8010007920864e-08
Disease	disease_9092	3.7979539375338625e-08
Disease	disease_9917	3.7972767798673256e-08
Disease	disease_21839	3.796971385720556e-08
Disease	disease_20281	3.795630963432718e-08
Disease	disease_5040	3.794812456874423e-08
Disease	disease_5512	3.7945901437350076e-08
Disease	disease_8630	3.7937118944936816e-08
Disease	disease_24462	3.791689367881381e-08
Disease	disease_15292	3.791113563424544e-08
Disease	disease_7097	3.7882219223660845e-08
Disease	disease_11158	3.785843678956123e-08
Disease	disease_10617	3.781804770688292e-08
Disease	disease_11393	3.7809961077665685e-08
Disease	disease_9150	3.779592817589428e-08
Disease	disease_9332	3.7795592467397974e-08
Disease	disease_15515	3.778470588836889e-08
Disease	disease_16542	3.776066758041938e-08
Disease	disease_6987	3.7747718247082566e-08
Disease	disease_33543	3.773057132441378e-08
Disease	disease_3142	3.7726583223771335e-08
Disease	disease_2688	3.77014546005483e-08
Disease	disease_21059	3.7669509874032564e-08
Disease	disease_6552	3.764127753554484e-08
Disease	disease_16823	3.761893443453275e-08
Disease	disease_3834	3.7617257228452394e-08
Disease	disease_45060	3.75927296178249e-08
Disease	disease_6521	3.7589414103032975e-08
Disease	disease_9280	3.756978536013599e-08
Disease	disease_6102	3.756338777199419e-08
Disease	disease_9420	3.753982087257102e-08
Disease	disease_13285	3.7506859727568464e-08
Disease	disease_45055	3.747874695106811e-08
Disease	disease_11003	3.747728312095035e-08
Disease	disease_13015	3.743241281607966e-08
Disease	disease_10914	3.74255854487298e-08
Disease	disease_1057	3.7415655194557964e-08
Disease	disease_2682	3.739206411019932e-08
Disease	disease_878	3.7344713188228686e-08
Disease	disease_2271	3.733988977105779e-08
Disease	disease_18212	3.7329125347432414e-08
Disease	disease_7920	3.732608670993022e-08
Disease	disease_15077	3.73170422324059e-08
Disease	disease_19501	3.729949714182154e-08
Disease	disease_5835	3.7283290595343344e-08
Disease	disease_984	3.727203879068732e-08
Disease	disease_13847	3.7257408114184295e-08
Disease	disease_14535	3.7250831269969646e-08
Disease	disease_3724	3.721997520934373e-08
Disease	disease_24270	3.72191706717294e-08
Disease	disease_20803	3.7218416711295014e-08
Disease	disease_15119	3.721609690808336e-08
Disease	disease_11624	3.719314191360778e-08
Disease	disease_2567	3.717131989994779e-08
Disease	disease_16718	3.713068014334172e-08
Disease	disease_2347	3.712482678812504e-08
Disease	disease_4939	3.712482678812504e-08
Disease	disease_5419	3.712482678812504e-08
Disease	disease_5432	3.712482678812504e-08
Disease	disease_16529	3.710939338104488e-08
Disease	disease_44	3.709174211065499e-08
Disease	disease_1920	3.70910234554111e-08
Disease	disease_2332	3.7063672842021856e-08
Disease	disease_14809	3.7062079045704594e-08
Disease	disease_18161	3.705745392036587e-08
Disease	disease_11303	3.7050141073425176e-08
Disease	disease_14867	3.704350742266916e-08
Disease	disease_100073	3.704251480859765e-08
Disease	disease_19588	3.704158872974486e-08
Disease	disease_14728	3.702368461281304e-08
Disease	disease_21310	3.697697216985289e-08
Disease	disease_15085	3.696567364145219e-08
Disease	disease_11232	3.694869630540308e-08
Disease	disease_6094	3.6923250037982525e-08
Disease	disease_19253	3.692076240480229e-08
Disease	disease_18743	3.689494091365058e-08
Disease	disease_17147	3.6864953565049433e-08
Disease	disease_17150	3.68638794646021e-08
Disease	disease_20524	3.6821394186553225e-08
Disease	disease_2523	3.680833637844586e-08
Disease	disease_18961	3.680657731877192e-08
Disease	disease_9292	3.677538174028984e-08
Disease	disease_6812	3.677262673841972e-08
Disease	disease_8009	3.676911458903594e-08
Disease	disease_5933	3.6749031485008485e-08
Disease	disease_9798	3.670966249333101e-08
Disease	disease_2330	3.670518814604648e-08
Disease	disease_11644	3.669791733771712e-08
Disease	disease_43176	3.6696189228243904e-08
Disease	disease_19037	3.6686172173827966e-08
Disease	disease_14612	3.668353290321409e-08
Disease	disease_2731	3.6682820297688803e-08
Disease	disease_21090	3.663246874860465e-08
Disease	disease_32809	3.66316677373664e-08
Disease	disease_6693	3.662154846735539e-08
Disease	disease_21659	3.6592978964213816e-08
Disease	disease_17016	3.658135480251121e-08
Disease	disease_11940	3.657626975340111e-08
Disease	disease_11552	3.6572049935423784e-08
Disease	disease_33203	3.655301438335519e-08
Disease	disease_12231	3.654458423433162e-08
Disease	disease_17612	3.6543343519522283e-08
Disease	disease_16098	3.6534751077210374e-08
Disease	disease_17944	3.652981530480055e-08
Disease	disease_8145	3.6522438851964335e-08
Disease	disease_22037	3.6503596845606746e-08
Disease	disease_6901	3.65015031582462e-08
Disease	disease_9848	3.6498913583795426e-08
Disease	disease_14382	3.6467648113448615e-08
Disease	disease_19967	3.645196167985663e-08
Disease	disease_1895	3.641316696276335e-08
Disease	disease_17641	3.637016968033514e-08
Disease	disease_10247	3.637011308105326e-08
Disease	disease_9266	3.635328496728418e-08
Disease	disease_9578	3.6336639819989426e-08
Disease	disease_14713	3.6325006285880255e-08
Disease	disease_19800	3.63152016777376e-08
Disease	disease_21012	3.6314849621807204e-08
Disease	disease_12660	3.6314849621807204e-08
Disease	disease_12661	3.6314849621807204e-08
Disease	disease_18101	3.631200667314328e-08
Disease	disease_29134	3.630866548541354e-08
Disease	disease_8133	3.6307841569840154e-08
Disease	disease_9400	3.6275976250532016e-08
Disease	disease_18168	3.6261120461470076e-08
Disease	disease_17954	3.625046669095652e-08
Disease	disease_3959	3.6237522968022964e-08
Disease	disease_5973	3.6234860108982066e-08
Disease	disease_4160	3.623084152773375e-08
Disease	disease_6361	3.618755698944082e-08
Disease	disease_24533	3.61753735990739e-08
Disease	disease_44979	3.6135150048197836e-08
Disease	disease_17608	3.610898508542919e-08
Disease	disease_12532	3.6104897105204306e-08
Disease	disease_30924	3.6084802326044334e-08
Disease	disease_9051	3.605281215372445e-08
Disease	disease_9564	3.6050875863136956e-08
Disease	disease_3122	3.6037128436701575e-08
Disease	disease_14912	3.6036806157629296e-08
Disease	disease_19150	3.6017109709478095e-08
Disease	disease_42972	3.601353929215525e-08
Disease	disease_10188	3.600072781655494e-08
Disease	disease_100291	3.5998428890906905e-08
Disease	disease_19534	3.5976443971381556e-08
Disease	disease_12915	3.5974518373444526e-08
Disease	disease_21451	3.5958576103618184e-08
Disease	disease_33630	3.5941345889864477e-08
Disease	disease_11841	3.593190535540215e-08
Disease	disease_16497	3.591820894999336e-08
Disease	disease_18203	3.5891914466500954e-08
Disease	disease_21231	3.587676809928259e-08
Disease	disease_5966	3.579504750293107e-08
Disease	disease_6600	3.578130731542666e-08
Disease	disease_9614	3.5760475041867555e-08
Disease	disease_21632	3.574279185466502e-08
Disease	disease_6824	3.57273798539808e-08
Disease	disease_20764	3.57273798539808e-08
Disease	disease_3575	3.57273798539808e-08
Disease	disease_16471	3.570091672195417e-08
Disease	disease_3220	3.569884168354688e-08
Disease	disease_960	3.5686530983426106e-08
Disease	disease_7273	3.565523671540991e-08
Disease	disease_14021	3.56401812507503e-08
Disease	disease_1225	3.563019832594281e-08
Disease	disease_15912	3.5623458638820894e-08
Disease	disease_7099	3.561236375304157e-08
Disease	disease_15584	3.559842592186741e-08
Disease	disease_15709	3.559731560802967e-08
Disease	disease_19139	3.5595727040823916e-08
Disease	disease_24666	3.559142026217009e-08
Disease	disease_11997	3.557750714175549e-08
Disease	disease_14294	3.554885093313205e-08
Disease	disease_12914	3.553803001840169e-08
Disease	disease_24457	3.551498871988455e-08
Disease	disease_2169	3.5509130522546655e-08
Disease	disease_11485	3.550340907396056e-08
Disease	disease_11670	3.5491144744070735e-08
Disease	disease_2247	3.5461669306592126e-08
Disease	disease_14888	3.5454286950119034e-08
Disease	disease_5715	3.5405923977868546e-08
Disease	disease_16047	3.540313675410385e-08
Disease	disease_6031	3.531782875998004e-08
Disease	disease_9341	3.5310933995103974e-08
Disease	disease_4808	3.5288245456986345e-08
Disease	disease_4007	3.528536478482568e-08
Disease	disease_16834	3.527172432146317e-08
Disease	disease_18592	3.5233771190821276e-08
Disease	disease_18596	3.5233771190821276e-08
Disease	disease_18595	3.5233771190821276e-08
Disease	disease_15612	3.52211444163285e-08
Disease	disease_15042	3.51852548537526e-08
Disease	disease_15043	3.51852548537526e-08
Disease	disease_2754	3.51852548537526e-08
Disease	disease_2755	3.51852548537526e-08
Disease	disease_745	3.5166373163421754e-08
Disease	disease_44648	3.510974350855955e-08
Disease	disease_16331	3.510085786435283e-08
Disease	disease_5111	3.5088231935025754e-08
Disease	disease_2236	3.5083266583753345e-08
Disease	disease_3649	3.5078288834876884e-08
Disease	disease_9212	3.505581306604224e-08
Disease	disease_5894	3.505571379429879e-08
Disease	disease_7524	3.5031732695124675e-08
Disease	disease_14247	3.50212577010807e-08
Disease	disease_10631	3.5009562038326355e-08
Disease	disease_8752	3.4992602951597206e-08
Disease	disease_13606	3.496942896697497e-08
Disease	disease_9230	3.495385721911217e-08
Disease	disease_4380	3.486384545557253e-08
Disease	disease_3346	3.4860835012585454e-08
Disease	disease_2021	3.486078580685767e-08
Disease	disease_22912	3.4845978344930126e-08
Disease	disease_18167	3.4845978344930126e-08
Disease	disease_2665	3.483250339536297e-08
Disease	disease_5473	3.4798574606700804e-08
Disease	disease_15951	3.47897263075417e-08
Disease	disease_5620	3.477249079863013e-08
Disease	disease_9575	3.475628855666354e-08
Disease	disease_19018	3.4736223646781464e-08
Disease	disease_14399	3.4705944038441176e-08
Disease	disease_5077	3.47056153973984e-08
Disease	disease_14011	3.4681048993508985e-08
Disease	disease_1081	3.467849274616363e-08
Disease	disease_10212	3.465744660734636e-08
Disease	disease_20559	3.465700070295596e-08
Disease	disease_44701	3.465166261000586e-08
Disease	disease_19672	3.4621516807272905e-08
Disease	disease_19267	3.459717063640397e-08
Disease	disease_20607	3.459103599303951e-08
Disease	disease_12847	3.457983572843334e-08
Disease	disease_5557	3.4502341038507103e-08
Disease	disease_415	3.448707091683327e-08
Disease	disease_13674	3.4452815179763944e-08
Disease	disease_19342	3.4437154434797214e-08
Disease	disease_15953	3.443160459435601e-08
Disease	disease_12444	3.4411196614746535e-08
Disease	disease_5872	3.441024993028104e-08
Disease	disease_18157	3.440490154020712e-08
Disease	disease_8219	3.437438819681027e-08
Disease	disease_6505	3.43176326315748e-08
Disease	disease_7182	3.426816120751947e-08
Disease	disease_24623	3.421243647909305e-08
Disease	disease_15254	3.419084449395811e-08
Disease	disease_9465	3.4171467775121903e-08
Disease	disease_2098	3.410928956135496e-08
Disease	disease_5156	3.410162299624326e-08
Disease	disease_17810	3.406578008953677e-08
Disease	disease_1121	3.404304792775206e-08
Disease	disease_20015	3.403932246045602e-08
Disease	disease_1381	3.4030725520221944e-08
Disease	disease_5964	3.4019035243211346e-08
Disease	disease_5756	3.4019035243211346e-08
Disease	disease_44967	3.4003706145968794e-08
Disease	disease_16356	3.399851798926632e-08
Disease	disease_1308	3.394883370257835e-08
Disease	disease_9744	3.3922158855916214e-08
Disease	disease_23557	3.390945211940437e-08
Disease	disease_33683	3.3907484779674574e-08
Disease	disease_18329	3.386278085401102e-08
Disease	disease_16837	3.3859336097998695e-08
Disease	disease_32837	3.382770080360993e-08
Disease	disease_37747	3.3823303010738054e-08
Disease	disease_5664	3.380577254786977e-08
Disease	disease_2225	3.3804808003432636e-08
Disease	disease_16761	3.3783215546501156e-08
Disease	disease_16030	3.3773693159149e-08
Disease	disease_11683	3.374354305299599e-08
Disease	disease_5794	3.374053822780303e-08
Disease	disease_8570	3.371418949997411e-08
Disease	disease_19755	3.371216534276026e-08
Disease	disease_14481	3.369750005221451e-08
Disease	disease_5161	3.366399570036408e-08
Disease	disease_6130	3.366336762792206e-08
Disease	disease_17234	3.365188198310572e-08
Disease	disease_10523	3.359826066320084e-08
Disease	disease_316	3.358170995712432e-08
Disease	disease_19309	3.3577645624794683e-08
Disease	disease_15586	3.356167380720947e-08
Disease	disease_7443	3.3522666972894196e-08
Disease	disease_18820	3.3509233354264037e-08
Disease	disease_1082	3.3505454750061195e-08
Disease	disease_18893	3.349792707883487e-08
Disease	disease_6664	3.349780877923255e-08
Disease	disease_13498	3.348985435056827e-08
Disease	disease_16836	3.348796585082801e-08
Disease	disease_13245	3.3483848327492976e-08
Disease	disease_1352	3.348127767748026e-08
Disease	disease_18974	3.347560882018434e-08
Disease	disease_13863	3.341401828069554e-08
Disease	disease_10213	3.341074684394695e-08
Disease	disease_24268	3.337641734652108e-08
Disease	disease_60611	3.3363464849226976e-08
Disease	disease_8632	3.335892976740402e-08
Disease	disease_5988	3.3346119997040134e-08
Disease	disease_30702	3.333641784806422e-08
Disease	disease_9287	3.332681547049519e-08
Disease	disease_3544	3.3305111106049e-08
Disease	disease_17646	3.329753520507736e-08
Disease	disease_17227	3.329539041906636e-08
Disease	disease_6311	3.328365077005564e-08
Disease	disease_21230	3.327628405338648e-08
Disease	disease_21895	3.32306521425921e-08
Disease	disease_2149	3.319707448790229e-08
Disease	disease_18456	3.319337650421882e-08
Disease	disease_19920	3.31466968638572e-08
Disease	disease_4251	3.313877931937853e-08
Disease	disease_15555	3.313723310275733e-08
Disease	disease_19576	3.313723310275733e-08
Disease	disease_15554	3.313723310275733e-08
Disease	disease_15556	3.313723310275733e-08
Disease	disease_7574	3.312159144908147e-08
Disease	disease_8231	3.311201949305971e-08
Disease	disease_8502	3.310754779257471e-08
Disease	disease_15722	3.31015370993925e-08
Disease	disease_32899	3.306874011237763e-08
Disease	disease_14282	3.3064704269206655e-08
Disease	disease_19308	3.3038902474805686e-08
Disease	disease_7548	3.30278408301398e-08
Disease	disease_23258	3.3019798895491506e-08
Disease	disease_10210	3.2981295699347374e-08
Disease	disease_11775	3.2974307917820725e-08
Disease	disease_17149	3.295918767709716e-08
Disease	disease_14010	3.295696203780927e-08
Disease	disease_31037	3.2956536886392325e-08
Disease	disease_5269	3.2945281358009746e-08
Disease	disease_20600	3.292798633179952e-08
Disease	disease_15871	3.2919717915771066e-08
Disease	disease_14711	3.291719224150851e-08
Disease	disease_12866	3.291703341542188e-08
Disease	disease_11086	3.2876432703661406e-08
Disease	disease_3503	3.283814246105862e-08
Disease	disease_8856	3.28291995069679e-08
Disease	disease_8587	3.2823214607845253e-08
Disease	disease_14690	3.282159166304116e-08
Disease	disease_1824	3.281809226662536e-08
Disease	disease_253	3.28047593015033e-08
Disease	disease_14727	3.28027383445399e-08
Disease	disease_9393	3.279721861342529e-08
Disease	disease_43472	3.279471699799965e-08
Disease	disease_20434	3.278930616362603e-08
Disease	disease_10149	3.276405155305056e-08
Disease	disease_10687	3.2756994067671955e-08
Disease	disease_18188	3.2756334456135686e-08
Disease	disease_7381	3.275258849476656e-08
Disease	disease_7447	3.271668869401494e-08
Disease	disease_5792	3.2715781209385485e-08
Disease	disease_20101	3.269764600205149e-08
Disease	disease_10943	3.268621815267144e-08
Disease	disease_958	3.2650800814267775e-08
Disease	disease_9666	3.264111893633088e-08
Disease	disease_18244	3.2628849026648836e-08
Disease	disease_1649	3.26147656161264e-08
Disease	disease_10897	3.258554766816198e-08
Disease	disease_17196	3.258383856616842e-08
Disease	disease_7248	3.257970497225881e-08
Disease	disease_5786	3.257960374315351e-08
Disease	disease_14063	3.257912446079835e-08
Disease	disease_33312	3.2578703016982856e-08
Disease	disease_6595	3.257407591651701e-08
Disease	disease_6572	3.2548546085833366e-08
Disease	disease_19261	3.2505194132967644e-08
Disease	disease_12764	3.249962966520323e-08
Disease	disease_14009	3.248707075272773e-08
Disease	disease_15280	3.245835754303727e-08
Disease	disease_19360	3.2452923371637e-08
Disease	disease_233	3.2452923371637e-08
Disease	disease_19359	3.2452923371637e-08
Disease	disease_8393	3.244401643482131e-08
Disease	disease_5996	3.244134184128349e-08
Disease	disease_5677	3.243810060507413e-08
Disease	disease_16101	3.242066932091415e-08
Disease	disease_24474	3.240830136057098e-08
Disease	disease_5291	3.240578188858726e-08
Disease	disease_8960	3.238661262784818e-08
Disease	disease_14715	3.2321803491170984e-08
Disease	disease_3017	3.2310197073132404e-08
Disease	disease_1889	3.224067151594446e-08
Disease	disease_9502	3.221226840658232e-08
Disease	disease_13005	3.221169875915355e-08
Disease	disease_2061	3.220334102030176e-08
Disease	disease_1725	3.21898757353549e-08
Disease	disease_21323	3.2156007796096964e-08
Disease	disease_2467	3.215169945206711e-08
Disease	disease_45070	3.212547341406e-08
Disease	disease_9967	3.21133518377611e-08
Disease	disease_23263	3.210086670410767e-08
Disease	disease_9933	3.20803179422899e-08
Disease	disease_29132	3.20735135780041e-08
Disease	disease_40673	3.206118270152925e-08
Disease	disease_16537	3.205913161830614e-08
Disease	disease_14531	3.205619533077925e-08
Disease	disease_7100	3.204927647782456e-08
Disease	disease_43875	3.198323636232141e-08
Disease	disease_7835	3.1973852995730314e-08
Disease	disease_10099	3.196487985881803e-08
Disease	disease_11749	3.1964436898074194e-08
Disease	disease_10327	3.192971757258107e-08
Disease	disease_17611	3.19161518115064e-08
Disease	disease_11225	3.1914912981810716e-08
Disease	disease_586	3.190484821230318e-08
Disease	disease_15476	3.18562296302828e-08
Disease	disease_16039	3.18480675280361e-08
Disease	disease_3273	3.1847814443406536e-08
Disease	disease_18376	3.184700994868689e-08
Disease	disease_5670	3.184222709057918e-08
Disease	disease_10585	3.183458955618424e-08
Disease	disease_18333	3.179315206085504e-08
Disease	disease_12451	3.178337256809083e-08
Disease	disease_10132	3.178115552752942e-08
Disease	disease_14054	3.177038208602191e-08
Disease	disease_6564	3.1760841187539296e-08
Disease	disease_43895	3.175546231966886e-08
Disease	disease_43458	3.17270004430665e-08
Disease	disease_18500	3.172694789654669e-08
Disease	disease_20854	3.17239363153532e-08
Disease	disease_8072	3.1722167489955714e-08
Disease	disease_9490	3.171151513201515e-08
Disease	disease_13193	3.168941325604873e-08
Disease	disease_21106	3.164787338145631e-08
Disease	disease_17824	3.164100129937544e-08
Disease	disease_21016	3.163027367414747e-08
Disease	disease_6203	3.16301096719609e-08
Disease	disease_8156	3.159950940363837e-08
Disease	disease_1429	3.15810271558739e-08
Disease	disease_9026	3.154070699116636e-08
Disease	disease_9102	3.154038188075827e-08
Disease	disease_10476	3.1529202260496025e-08
Disease	disease_17262	3.150956891339836e-08
Disease	disease_40671	3.150603741958778e-08
Disease	disease_14731	3.149678230568255e-08
Disease	disease_1466	3.146936765315438e-08
Disease	disease_6649	3.14241695264242e-08
Disease	disease_2056	3.1415961305072666e-08
Disease	disease_18216	3.137086359736146e-08
Disease	disease_20753	3.133708544783351e-08
Disease	disease_10730	3.132251640283808e-08
Disease	disease_15919	3.130915717345446e-08
Disease	disease_2100	3.13076118592558e-08
Disease	disease_42979	3.130634682448998e-08
Disease	disease_5073	3.129450189488406e-08
Disease	disease_6036	3.126388264478011e-08
Disease	disease_16518	3.12566301749697e-08
Disease	disease_14768	3.121843317016924e-08
Disease	disease_6188	3.1216358537913456e-08
Disease	disease_44204	3.120261176578458e-08
Disease	disease_13343	3.1198438063817196e-08
Disease	disease_3486	3.119672973001241e-08
Disease	disease_5406	3.1158665435369975e-08
Disease	disease_9409	3.115554019977202e-08
Disease	disease_9754	3.115313897329741e-08
Disease	disease_19526	3.1116808158035376e-08
Disease	disease_18604	3.110924999575507e-08
Disease	disease_9952	3.109937665938161e-08
Disease	disease_1583	3.109834187677558e-08
Disease	disease_6002	3.108086036134928e-08
Disease	disease_6764	3.107810741473258e-08
Disease	disease_21209	3.106569130037228e-08
Disease	disease_44354	3.1027263887251857e-08
Disease	disease_9198	3.1015642816930134e-08
Disease	disease_15624	3.1000633665206624e-08
Disease	disease_2480	3.100032800552902e-08
Disease	disease_8816	3.0988655007653075e-08
Disease	disease_2275	3.097959117868492e-08
Disease	disease_6694	3.097959117868492e-08
Disease	disease_2967	3.096437054581789e-08
Disease	disease_7943	3.096265154161177e-08
Disease	disease_18217	3.095250805964761e-08
Disease	disease_315	3.09471414213336e-08
Disease	disease_1184	3.094575165008143e-08
Disease	disease_6009	3.094406120885696e-08
Disease	disease_5462	3.092812107243617e-08
Disease	disease_942	3.0920111896200424e-08
Disease	disease_15046	3.091294185985896e-08
Disease	disease_16106	3.090921982692116e-08
Disease	disease_16587	3.089185287383602e-08
Disease	disease_5693	3.088653840344567e-08
Disease	disease_2922	3.088361153104164e-08
Disease	disease_19169	3.08758477366986e-08
Disease	disease_18332	3.08753515356914e-08
Disease	disease_21702	3.086689776319564e-08
Disease	disease_19964	3.0865892035199095e-08
Disease	disease_11017	3.0865320489920735e-08
Disease	disease_18736	3.086429645895844e-08
Disease	disease_13139	3.086405330266985e-08
Disease	disease_19532	3.0862047871456924e-08
Disease	disease_4570	3.0855162974001114e-08
Disease	disease_1896	3.0831722298286946e-08
Disease	disease_44992	3.083017408565062e-08
Disease	disease_12624	3.081909800515902e-08
Disease	disease_20545	3.07929303275815e-08
Disease	disease_12588	3.078419545043687e-08
Disease	disease_3990	3.069568991763212e-08
Disease	disease_19044	3.0638975626352465e-08
Disease	disease_13110	3.062026342656488e-08
Disease	disease_15248	3.0616032282083635e-08
Disease	disease_8913	3.061549132483398e-08
Disease	disease_6858	3.0608156528453634e-08
Disease	disease_17214	3.059012428213446e-08
Disease	disease_9479	3.057517773714963e-08
Disease	disease_18284	3.0553308381870743e-08
Disease	disease_15559	3.054381886982897e-08
Disease	disease_33187	3.054149776195044e-08
Disease	disease_21320	3.053584232088209e-08
Disease	disease_15802	3.053009460525135e-08
Disease	disease_15823	3.0502429820165186e-08
Disease	disease_27026	3.0496987542918325e-08
Disease	disease_7163	3.048410031781637e-08
Disease	disease_7496	3.047898447471098e-08
Disease	disease_8375	3.047819772106581e-08
Disease	disease_7318	3.047447320540705e-08
Disease	disease_6054	3.047307896252619e-08
Disease	disease_5876	3.04520271043077e-08
Disease	disease_3983	3.044912761442991e-08
Disease	disease_3442	3.0448512189355466e-08
Disease	disease_3366	3.0438548872834994e-08
Disease	disease_2532	3.0438312613123804e-08
Disease	disease_100281	3.0423631888015425e-08
Disease	disease_2639	3.0414141756817e-08
Disease	disease_4947	3.041364615418346e-08
Disease	disease_11472	3.0408612514701026e-08
Disease	disease_15547	3.038788769797811e-08
Disease	disease_12146	3.03843199009696e-08
Disease	disease_15778	3.037259519653757e-08
Disease	disease_19158	3.036462350655459e-08
Disease	disease_9732	3.032954197335325e-08
Disease	disease_3438	3.0295250959297094e-08
Disease	disease_3543	3.028408986137922e-08
Disease	disease_23007	3.02615541744102e-08
Disease	disease_16862	3.025477297320756e-08
Disease	disease_7078	3.0252206267287306e-08
Disease	disease_13260	3.02401990403004e-08
Disease	disease_4071	3.0234354184736554e-08
Disease	disease_54740	3.022645511827599e-08
Disease	disease_30894	3.0213946942795386e-08
Disease	disease_15484	3.0205533069659565e-08
Disease	disease_4689	3.019988441766798e-08
Disease	disease_43475	3.018488750183318e-08
Disease	disease_3970	3.018333562305256e-08
Disease	disease_3972	3.018333562305256e-08
Disease	disease_3790	3.0176219562274194e-08
Disease	disease_11325	3.017082662869011e-08
Disease	disease_14290	3.015299407325625e-08
Disease	disease_9841	3.0147173493682854e-08
Disease	disease_18208	3.0142937611020085e-08
Disease	disease_20067	3.0092494569585454e-08
Disease	disease_7268	3.009235667602701e-08
Disease	disease_16748	3.0039211749690246e-08
Disease	disease_20856	3.002945029926224e-08
Disease	disease_2363	3.0027657571081395e-08
Disease	disease_17784	3.0009580636549946e-08
Disease	disease_1468	2.999818743092063e-08
Disease	disease_6626	2.999523523099237e-08
Disease	disease_3342	2.999200335277992e-08
Disease	disease_1585	2.998032993536982e-08
Disease	disease_1345	2.998032993536982e-08
Disease	disease_4599	2.998032993536982e-08
Disease	disease_1935	2.9977147600207124e-08
Disease	disease_32772	2.996836374811589e-08
Disease	disease_18949	2.99535652744409e-08
Disease	disease_7169	2.9917618105513466e-08
Disease	disease_4736	2.9901574984909e-08
Disease	disease_20259	2.988394585156279e-08
Disease	disease_6150	2.9856362993953455e-08
Disease	disease_592	2.9855579676976684e-08
Disease	disease_7545	2.980055348017226e-08
Disease	disease_21964	2.977264987065288e-08
Disease	disease_21745	2.976854261665231e-08
Disease	disease_21311	2.975094843482497e-08
Disease	disease_34145	2.9726173930000896e-08
Disease	disease_10444	2.972575631456109e-08
Disease	disease_14387	2.9724212885196043e-08
Disease	disease_2071	2.9710983514184834e-08
Disease	disease_1795	2.9689709090216916e-08
Disease	disease_4111	2.967396449533819e-08
Disease	disease_14547	2.9643563718583607e-08
Disease	disease_5519	2.9636375773891125e-08
Disease	disease_15404	2.9614913713432928e-08
Disease	disease_19305	2.9603989011503023e-08
Disease	disease_19570	2.953443936141537e-08
Disease	disease_16987	2.9527029673458042e-08
Disease	disease_9251	2.951175825957962e-08
Disease	disease_5883	2.951119961894659e-08
Disease	disease_14776	2.950383262881235e-08
Disease	disease_16628	2.947931319818886e-08
Disease	disease_42983	2.947616676767747e-08
Disease	disease_6111	2.9461468691464248e-08
Disease	disease_6591	2.9460959335284445e-08
Disease	disease_12480	2.9436778240696664e-08
Disease	disease_9637	2.9432034888546475e-08
Disease	disease_13044	2.9426777723019503e-08
Disease	disease_21637	2.9417796848450828e-08
Disease	disease_11903	2.9408245120976044e-08
Disease	disease_6894	2.9397421621291355e-08
Disease	disease_4431	2.9397421621291355e-08
Disease	disease_13234	2.9385118599043362e-08
Disease	disease_7440	2.938032887365958e-08
Disease	disease_20128	2.936459446145604e-08
Disease	disease_3879	2.9363412578587608e-08
Disease	disease_6685	2.9343380421776075e-08
Disease	disease_19607	2.9337756813002614e-08
Disease	disease_15033	2.9337382644043463e-08
Disease	disease_1852	2.9315288393162092e-08
Disease	disease_19299	2.9313245180855508e-08
Disease	disease_14209	2.9312170237017235e-08
Disease	disease_19175	2.9300365545961715e-08
Disease	disease_16579	2.928676627412477e-08
Disease	disease_7856	2.928455137131288e-08
Disease	disease_18609	2.927747030873633e-08
Disease	disease_979	2.92753287304816e-08
Disease	disease_3315	2.925189260735459e-08
Disease	disease_11822	2.9249879450838638e-08
Disease	disease_21272	2.9239487002746337e-08
Disease	disease_17368	2.923026700032803e-08
Disease	disease_1798	2.9203990466652005e-08
Disease	disease_13310	2.9203629688785268e-08
Disease	disease_15403	2.9191566176701057e-08
Disease	disease_18503	2.919152870194079e-08
Disease	disease_3971	2.919152870194079e-08
Disease	disease_7972	2.918987870545488e-08
Disease	disease_14559	2.9188222215902783e-08
Disease	disease_10338	2.9187673691983104e-08
Disease	disease_14088	2.917230988836352e-08
Disease	disease_10012	2.917126362865957e-08
Disease	disease_19456	2.915023928186023e-08
Disease	disease_4479	2.9142512209729383e-08
Disease	disease_16701	2.9130747109037585e-08
Disease	disease_4625	2.913005996024669e-08
Disease	disease_15674	2.9119725843171827e-08
Disease	disease_6617	2.9118761859319876e-08
Disease	disease_6721	2.9097389326877708e-08
Disease	disease_2074	2.9097389326877708e-08
Disease	disease_6965	2.9097389326877708e-08
Disease	disease_6968	2.9097389326877708e-08
Disease	disease_22208	2.9097389326877708e-08
Disease	disease_4874	2.9097389326877708e-08
Disease	disease_10706	2.9092743544785822e-08
Disease	disease_4712	2.908994835846154e-08
Disease	disease_6976	2.9069826137245945e-08
Disease	disease_44740	2.90619708687831e-08
Disease	disease_11468	2.9061690944495433e-08
Disease	disease_11013	2.9047626359307614e-08
Disease	disease_6460	2.903385903816121e-08
Disease	disease_10382	2.90164538096664e-08
Disease	disease_19708	2.901603129654431e-08
Disease	disease_13291	2.900283032766481e-08
Disease	disease_14076	2.899919848821999e-08
Disease	disease_14837	2.896425024759387e-08
Disease	disease_21510	2.8944461741252752e-08
Disease	disease_6112	2.894357452688248e-08
Disease	disease_1515	2.892332355798363e-08
Disease	disease_19113	2.8909477451095325e-08
Disease	disease_12579	2.890682630396961e-08
Disease	disease_816	2.889748301830359e-08
Disease	disease_33555	2.889125848386172e-08
Disease	disease_8562	2.8889400526950238e-08
Disease	disease_7307	2.8874307782379693e-08
Disease	disease_18454	2.887119149034868e-08
Disease	disease_15329	2.886988049593343e-08
Disease	disease_12180	2.8869305390431277e-08
Disease	disease_5789	2.8854719012228567e-08
Disease	disease_17043	2.8841248859290735e-08
Disease	disease_18149	2.8837302013217382e-08
Disease	disease_14368	2.883306087950676e-08
Disease	disease_18857	2.882906307842574e-08
Disease	disease_19642	2.882656983324101e-08
Disease	disease_43777	2.8821290397980935e-08
Disease	disease_9530	2.8815227172414655e-08
Disease	disease_9816	2.8810707420479806e-08
Disease	disease_4816	2.8805222970744184e-08
Disease	disease_15144	2.8789401478813613e-08
Disease	disease_5411	2.8771197665727983e-08
Disease	disease_24301	2.8764484563549192e-08
Disease	disease_9817	2.874330366564065e-08
Disease	disease_22151	2.8729816230584226e-08
Disease	disease_19085	2.8727146880188335e-08
Disease	disease_60564	2.871163719049962e-08
Disease	disease_514	2.869023466666242e-08
Disease	disease_4669	2.8686057285249725e-08
Disease	disease_2224	2.8684819611451214e-08
Disease	disease_2223	2.8684819611451214e-08
Disease	disease_11931	2.8684819611451214e-08
Disease	disease_20158	2.866874158696486e-08
Disease	disease_1078	2.8655172574038688e-08
Disease	disease_12289	2.8623377105530368e-08
Disease	disease_4595	2.862017430218376e-08
Disease	disease_21804	2.8582246617640172e-08
Disease	disease_11969	2.854805027941685e-08
Disease	disease_3439	2.8503932144424894e-08
Disease	disease_7387	2.8489962523634137e-08
Disease	disease_594	2.8483541886031017e-08
Disease	disease_16255	2.847286130933255e-08
Disease	disease_24525	2.844934225502352e-08
Disease	disease_20738	2.8444472234558115e-08
Disease	disease_13400	2.8442371468584655e-08
Disease	disease_703	2.8438701154642886e-08
Disease	disease_17275	2.8436026202640217e-08
Disease	disease_6728	2.8421582637690105e-08
Disease	disease_17213	2.840582680563321e-08
Disease	disease_991	2.8383287814902148e-08
Disease	disease_24417	2.8363264816522846e-08
Disease	disease_3939	2.8354202400656717e-08
Disease	disease_24551	2.8333059976936754e-08
Disease	disease_18453	2.832870370177336e-08
Disease	disease_15339	2.8327091371263463e-08
Disease	disease_19119	2.8321758418392185e-08
Disease	disease_17799	2.8317014036607658e-08
Disease	disease_2380	2.827949740654171e-08
Disease	disease_5363	2.823840826403406e-08
Disease	disease_20063	2.821862097603391e-08
Disease	disease_2304	2.8201979013982575e-08
Disease	disease_2132	2.819632076990064e-08
Disease	disease_44348	2.818668460303922e-08
Disease	disease_18585	2.8173416222304992e-08
Disease	disease_19312	2.816998840318734e-08
Disease	disease_17956	2.8163074822289906e-08
Disease	disease_20782	2.812542313056461e-08
Disease	disease_8964	2.8116915767931633e-08
Disease	disease_9563	2.8111546130441034e-08
Disease	disease_17994	2.809306654864804e-08
Disease	disease_17807	2.8057207605864328e-08
Disease	disease_18051	2.8047776052980424e-08
Disease	disease_3107	2.800811798508204e-08
Disease	disease_5271	2.800437529391953e-08
Disease	disease_25028	2.800157206757941e-08
Disease	disease_19148	2.7994896161297576e-08
Disease	disease_16693	2.7989303159683833e-08
Disease	disease_8872	2.7978360689169646e-08
Disease	disease_254	2.7936322485576456e-08
Disease	disease_13301	2.7915704997844975e-08
Disease	disease_16256	2.7908720294594038e-08
Disease	disease_8634	2.788574412446324e-08
Disease	disease_9815	2.787190206590126e-08
Disease	disease_1866	2.7837851988986917e-08
Disease	disease_5342	2.78363982452175e-08
Disease	disease_10217	2.7819722578787533e-08
Disease	disease_17693	2.7791755262261262e-08
Disease	disease_21631	2.7789742112468843e-08
Disease	disease_5621	2.7789429073652565e-08
Disease	disease_13456	2.777346782178687e-08
Disease	disease_3059	2.777179490294411e-08
Disease	disease_44347	2.7759104813075933e-08
Disease	disease_13480	2.775263413104629e-08
Disease	disease_4573	2.773606799847041e-08
Disease	disease_7699	2.7728464232889963e-08
Disease	disease_2216	2.7718737898548585e-08
Disease	disease_17091	2.7717663892086916e-08
Disease	disease_4279	2.771110553199772e-08
Disease	disease_1142	2.7670718163557065e-08
Disease	disease_20436	2.7670093935407176e-08
Disease	disease_2979	2.7663359174610607e-08
Disease	disease_22454	2.7661662698408868e-08
Disease	disease_3105	2.765292350178525e-08
Disease	disease_6956	2.7612766821498185e-08
Disease	disease_12925	2.760112520260688e-08
Disease	disease_7345	2.7586485468621635e-08
Disease	disease_44977	2.756666302340134e-08
Disease	disease_15366	2.756150286522396e-08
Disease	disease_15863	2.7550298624661223e-08
Disease	disease_20435	2.7543070030099345e-08
Disease	disease_6829	2.7533478904419743e-08
Disease	disease_19476	2.7527761405869128e-08
Disease	disease_44067	2.75096561266697e-08
Disease	disease_3763	2.750388395862414e-08
Disease	disease_6416	2.749685245823828e-08
Disease	disease_17946	2.749275292055962e-08
Disease	disease_1803	2.7485125557640413e-08
Disease	disease_21345	2.7481160162033566e-08
Disease	disease_15703	2.7480162243308626e-08
Disease	disease_25294	2.74611020595429e-08
Disease	disease_19448	2.7427774853370024e-08
Disease	disease_17840	2.7415341936885998e-08
Disease	disease_17839	2.7415341936885998e-08
Disease	disease_1651	2.7397843405777848e-08
Disease	disease_13426	2.73642847247921e-08
Disease	disease_14056	2.735849538589786e-08
Disease	disease_16988	2.73476922369394e-08
Disease	disease_4653	2.7337004305997025e-08
Disease	disease_9114	2.7289684105139106e-08
Disease	disease_2214	2.7284421989416062e-08
Disease	disease_3437	2.725240404273758e-08
Disease	disease_4588	2.7227841594875705e-08
Disease	disease_4693	2.7214563038757937e-08
Disease	disease_18326	2.718871146140949e-08
Disease	disease_3493	2.7184605587420808e-08
Disease	disease_18630	2.717404650302342e-08
Disease	disease_12992	2.7172475630077005e-08
Disease	disease_12881	2.715326001515655e-08
Disease	disease_12491	2.71413892460439e-08
Disease	disease_8045	2.7128272572940845e-08
Disease	disease_2129	2.712238546381749e-08
Disease	disease_12686	2.7122011379611636e-08
Disease	disease_12882	2.7122011379611636e-08
Disease	disease_12877	2.7122011379611636e-08
Disease	disease_12319	2.7122011379611636e-08
Disease	disease_12642	2.7122011379611636e-08
Disease	disease_693	2.710483891834659e-08
Disease	disease_9197	2.7104331634110886e-08
Disease	disease_1098	2.7096325366335957e-08
Disease	disease_16045	2.7093454719096905e-08
Disease	disease_8146	2.7086108507752676e-08
Disease	disease_7265	2.708419019084874e-08
Disease	disease_19354	2.7080663103361394e-08
Disease	disease_11713	2.7079531911598564e-08
Disease	disease_6615	2.7068183778132435e-08
Disease	disease_8069	2.7062906605596657e-08
Disease	disease_18521	2.705070930908432e-08
Disease	disease_1971	2.70445114804748e-08
Disease	disease_20142	2.704243653983538e-08
Disease	disease_19533	2.7042018785297875e-08
Disease	disease_5565	2.703435382365322e-08
Disease	disease_13700	2.7031916471736636e-08
Disease	disease_13810	2.7024899960279756e-08
Disease	disease_20757	2.7023301487077558e-08
Disease	disease_24625	2.7012495419153747e-08
Disease	disease_242	2.6997631131393848e-08
Disease	disease_7109	2.697779256680651e-08
Disease	disease_18683	2.697169113688413e-08
Disease	disease_15100	2.6968738482443577e-08
Disease	disease_1024	2.6958385256193518e-08
Disease	disease_6056	2.6942361970241933e-08
Disease	disease_20244	2.6938549067453878e-08
Disease	disease_21317	2.6923806973567534e-08
Disease	disease_10503	2.6916199233063976e-08
Disease	disease_9940	2.6913741715802267e-08
Disease	disease_10341	2.690155313503844e-08
Disease	disease_18900	2.6896610931716268e-08
Disease	disease_7116	2.689470769004286e-08
Disease	disease_12580	2.6894144678566206e-08
Disease	disease_43226	2.6877608740140726e-08
Disease	disease_21089	2.6814582388597082e-08
Disease	disease_24609	2.6805253418664178e-08
Disease	disease_2529	2.6798704244851734e-08
Disease	disease_3593	2.6792441835453386e-08
Disease	disease_1586	2.6786110238197815e-08
Disease	disease_774	2.6781001167821834e-08
Disease	disease_13662	2.6768194060395525e-08
Disease	disease_5137	2.6739317224265102e-08
Disease	disease_14629	2.6715499312914298e-08
Disease	disease_12557	2.6713292754934618e-08
Disease	disease_1419	2.66905359163575e-08
Disease	disease_4728	2.6633747880810984e-08
Disease	disease_9257	2.6631158283931545e-08
Disease	disease_20087	2.6615595100387484e-08
Disease	disease_44989	2.6614421492603387e-08
Disease	disease_5815	2.6551813702884323e-08
Disease	disease_14735	2.655004304067662e-08
Disease	disease_19891	2.654539575161534e-08
Disease	disease_6490	2.6544749546610848e-08
Disease	disease_43465	2.653498073630963e-08
Disease	disease_8491	2.6533154391099755e-08
Disease	disease_17945	2.6507942206369883e-08
Disease	disease_4275	2.648730224474803e-08
Disease	disease_17308	2.6465921853786743e-08
Disease	disease_4848	2.645354404154279e-08
Disease	disease_15689	2.6435858638525732e-08
Disease	disease_100189	2.6409985801145806e-08
Disease	disease_18813	2.6398869187328865e-08
Disease	disease_1955	2.6395653492987908e-08
Disease	disease_6855	2.636196694722617e-08
Disease	disease_14355	2.6349192658355622e-08
Disease	disease_15710	2.6340103375034034e-08
Disease	disease_2631	2.6335797578676597e-08
Disease	disease_18892	2.6322386569201528e-08
Disease	disease_15246	2.632128556212758e-08
Disease	disease_44907	2.6307728675702444e-08
Disease	disease_16855	2.6307389708983342e-08
Disease	disease_6866	2.6285385612097775e-08
Disease	disease_11768	2.6285385612097775e-08
Disease	disease_13767	2.6266878193196026e-08
Disease	disease_54741	2.624214092955833e-08
Disease	disease_7104	2.6240863953064527e-08
Disease	disease_11121	2.6233212570606076e-08
Disease	disease_3756	2.622249569896604e-08
Disease	disease_12066	2.6199890934703267e-08
Disease	disease_45011	2.619459169294856e-08
Disease	disease_9218	2.6181391887389723e-08
Disease	disease_19473	2.6170813416696608e-08
Disease	disease_11024	2.614655214709272e-08
Disease	disease_13879	2.612992042401324e-08
Disease	disease_16263	2.6125850388215737e-08
Disease	disease_100151	2.612434276485756e-08
Disease	disease_9609	2.6105708137828406e-08
Disease	disease_16856	2.6100160671759814e-08
Disease	disease_2874	2.609776359781934e-08
Disease	disease_5259	2.609252733562295e-08
Disease	disease_16089	2.608230487708631e-08
Disease	disease_2628	2.6077643165548757e-08
Disease	disease_10726	2.6067324115877156e-08
Disease	disease_10463	2.6066343618415863e-08
Disease	disease_6605	2.606336171338005e-08
Disease	disease_3767	2.605274885462841e-08
Disease	disease_21045	2.6036516446737648e-08
Disease	disease_56803	2.6003350509313315e-08
Disease	disease_3660	2.5993247458139186e-08
Disease	disease_18744	2.5990023714324008e-08
Disease	disease_13925	2.598581507647524e-08
Disease	disease_6167	2.5959026275100207e-08
Disease	disease_21079	2.5958917218525042e-08
Disease	disease_5339	2.5952012446003455e-08
Disease	disease_15290	2.593965579556532e-08
Disease	disease_15756	2.5939061652128583e-08
Disease	disease_11304	2.5919082710155714e-08
Disease	disease_14613	2.5899449400279028e-08
Disease	disease_7070	2.589352256276977e-08
Disease	disease_13594	2.5885935140283972e-08
Disease	disease_42487	2.587156780935616e-08
Disease	disease_9213	2.5864145745640525e-08
Disease	disease_10592	2.586282310044718e-08
Disease	disease_10690	2.584632606831242e-08
Disease	disease_24548	2.5844140539223657e-08
Disease	disease_9924	2.5830293045782777e-08
Disease	disease_2764	2.5829754753705677e-08
Disease	disease_10927	2.5823957350503825e-08
Disease	disease_12112	2.5817041234068163e-08
Disease	disease_7536	2.579779876174925e-08
Disease	disease_6220	2.5797772752749624e-08
Disease	disease_20550	2.5794973721374668e-08
Disease	disease_15942	2.5774212616814525e-08
Disease	disease_6723	2.5763607036606126e-08
Disease	disease_18729	2.5737662313148e-08
Disease	disease_8965	2.5735446250625695e-08
Disease	disease_7535	2.5726697867030524e-08
Disease	disease_9215	2.572351605705527e-08
Disease	disease_20665	2.572160255591828e-08
Disease	disease_9293	2.5715591390484265e-08
Disease	disease_18955	2.569630589710944e-08
Disease	disease_15455	2.5691250034552987e-08
Disease	disease_5056	2.56868386093273e-08
Disease	disease_24546	2.5677112111761598e-08
Disease	disease_7937	2.5673129132285164e-08
Disease	disease_15079	2.5672544494782598e-08
Disease	disease_605	2.5660772057788245e-08
Disease	disease_10656	2.5646459700018042e-08
Disease	disease_2243	2.5644934116197652e-08
Disease	disease_20788	2.563643300005408e-08
Disease	disease_10953	2.5633523340693774e-08
Disease	disease_8737	2.5616273310643312e-08
Disease	disease_2466	2.5615928567640575e-08
Disease	disease_24503	2.5604384524604243e-08
Disease	disease_17746	2.5601725422106824e-08
Disease	disease_17174	2.5597778973457135e-08
Disease	disease_17175	2.5597778973457135e-08
Disease	disease_19255	2.556975057651501e-08
Disease	disease_2424	2.556699890981081e-08
Disease	disease_41182	2.5560330637254843e-08
Disease	disease_9214	2.555466090764789e-08
Disease	disease_21144	2.5546737338916027e-08
Disease	disease_6923	2.5535731781142104e-08
Disease	disease_9717	2.5520432380775507e-08
Disease	disease_10308	2.5470119942269226e-08
Disease	disease_15229	2.5463864346706105e-08
Disease	disease_15009	2.5432929090061983e-08
Disease	disease_16374	2.542484382063439e-08
Disease	disease_19190	2.541527395155889e-08
Disease	disease_550	2.5397882901511994e-08
Disease	disease_6588	2.539552245433283e-08
Disease	disease_1372	2.53861203237498e-08
Disease	disease_21147	2.5354894968854146e-08
Disease	disease_12911	2.5296617941047832e-08
Disease	disease_16125	2.5294015578392146e-08
Disease	disease_10392	2.528945889253499e-08
Disease	disease_18158	2.5283830744146904e-08
Disease	disease_17176	2.5281664434070153e-08
Disease	disease_44996	2.5276653674764234e-08
Disease	disease_16012	2.5265571760312865e-08
Disease	disease_8892	2.524318440307637e-08
Disease	disease_40674	2.5234382821438956e-08
Disease	disease_18210	2.5230454268256126e-08
Disease	disease_18209	2.5230454268256126e-08
Disease	disease_60715	2.522956263636142e-08
Disease	disease_18795	2.5225612116624303e-08
Disease	disease_12508	2.5221862809001692e-08
Disease	disease_33091	2.522059220091292e-08
Disease	disease_3502	2.5210684581752255e-08
Disease	disease_2433	2.5197651941626317e-08
Disease	disease_521	2.5182638748870582e-08
Disease	disease_637	2.518073303765081e-08
Disease	disease_3277	2.5167219250110433e-08
Disease	disease_8919	2.5165497144273964e-08
Disease	disease_15873	2.514076947888602e-08
Disease	disease_44704	2.5127140632594217e-08
Disease	disease_32867	2.511608427961499e-08
Disease	disease_1339	2.5100255422859456e-08
Disease	disease_20093	2.5084386679933737e-08
Disease	disease_3497	2.5072481660467057e-08
Disease	disease_15261	2.507095336025182e-08
Disease	disease_17823	2.5055089265529887e-08
Disease	disease_13602	2.5054767427535205e-08
Disease	disease_33004	2.5048946996304274e-08
Disease	disease_41295	2.503511520688552e-08
Disease	disease_18509	2.5022924536731384e-08
Disease	disease_4785	2.5021516628247873e-08
Disease	disease_16280	2.5003781896086898e-08
Disease	disease_9635	2.4984150873802433e-08
Disease	disease_44638	2.4970009717365813e-08
Disease	disease_15185	2.4965960917633746e-08
Disease	disease_5588	2.4957854969804663e-08
Disease	disease_15441	2.495349756227999e-08
Disease	disease_14761	2.495241771341199e-08
Disease	disease_16258	2.4941931572665476e-08
Disease	disease_9504	2.492810603213694e-08
Disease	disease_18998	2.49057514046728e-08
Disease	disease_10235	2.4902715179573708e-08
Disease	disease_2459	2.487879438193447e-08
Disease	disease_5594	2.4868693323705268e-08
Disease	disease_6030	2.4867184285285613e-08
Disease	disease_11829	2.4848988994382196e-08
Disease	disease_904	2.4847627540895737e-08
Disease	disease_7916	2.484427456435567e-08
Disease	disease_7184	2.483501692647041e-08
Disease	disease_2013	2.476420935968912e-08
Disease	disease_17732	2.4760562418933054e-08
Disease	disease_13225	2.472095269477785e-08
Disease	disease_10654	2.4715512084924004e-08
Disease	disease_18005	2.470560193422424e-08
Disease	disease_1023	2.469390381350179e-08
Disease	disease_19497	2.4680271568602663e-08
Disease	disease_9427	2.4653468701299337e-08
Disease	disease_20689	2.4647751177140053e-08
Disease	disease_4629	2.4646952685261897e-08
Disease	disease_9509	2.4632307994224536e-08
Disease	disease_44210	2.462546117546319e-08
Disease	disease_18543	2.462349370048437e-08
Disease	disease_20657	2.460594677676314e-08
Disease	disease_11144	2.4591812189718697e-08
Disease	disease_2632	2.4590857506539016e-08
Disease	disease_4050	2.4590857506539016e-08
Disease	disease_25511	2.458235866258648e-08
Disease	disease_15819	2.4581267985416637e-08
Disease	disease_3978	2.4561468968540347e-08
Disease	disease_16238	2.4545209981536415e-08
Disease	disease_14887	2.4501878720509764e-08
Disease	disease_9824	2.4501289214912288e-08
Disease	disease_12693	2.4497103955277925e-08
Disease	disease_8418	2.4492711794441635e-08
Disease	disease_16355	2.4488157210902582e-08
Disease	disease_19756	2.4488157210902582e-08
Disease	disease_13296	2.4477632630592532e-08
Disease	disease_3113	2.4454000606503762e-08
Disease	disease_1954	2.4446517491572602e-08
Disease	disease_1481	2.4414665068764245e-08
Disease	disease_9105	2.441000727783251e-08
Disease	disease_9324	2.4405051066328052e-08
Disease	disease_3758	2.4400936730499892e-08
Disease	disease_10504	2.4396073257592952e-08
Disease	disease_2321	2.4395354840462663e-08
Disease	disease_923	2.4394535771910447e-08
Disease	disease_924	2.4394535771910447e-08
Disease	disease_925	2.4394535771910447e-08
Disease	disease_2760	2.4382808971238116e-08
Disease	disease_5442	2.4368755861157175e-08
Disease	disease_6198	2.4352283597793304e-08
Disease	disease_20279	2.4347338833807105e-08
Disease	disease_9477	2.432881548332113e-08
Disease	disease_8327	2.4302269206233208e-08
Disease	disease_4009	2.4300608426483625e-08
Disease	disease_386	2.4297248645369145e-08
Disease	disease_2402	2.4259362827801076e-08
Disease	disease_6926	2.425372755280486e-08
Disease	disease_43985	2.4239277993769572e-08
Disease	disease_17577	2.4238960420010558e-08
Disease	disease_15454	2.4233990625417507e-08
Disease	disease_18424	2.4219637475937686e-08
Disease	disease_1164	2.419890801329958e-08
Disease	disease_9335	2.417716637547421e-08
Disease	disease_5501	2.4154456865932676e-08
Disease	disease_4409	2.4145214085829525e-08
Disease	disease_4977	2.414354330949231e-08
Disease	disease_17837	2.4136286695083396e-08
Disease	disease_19560	2.4130912457202694e-08
Disease	disease_18554	2.41292119355613e-08
Disease	disease_1148	2.4114632774350562e-08
Disease	disease_2336	2.4101847182975644e-08
Disease	disease_30840	2.4047755896961863e-08
Disease	disease_19757	2.403920124032244e-08
Disease	disease_19758	2.403920124032244e-08
Disease	disease_9804	2.4025124061631254e-08
Disease	disease_10672	2.399527879538146e-08
Disease	disease_18024	2.3982585033791113e-08
Disease	disease_4278	2.3980100887565356e-08
Disease	disease_8727	2.390911947119841e-08
Disease	disease_18054	2.3904459669471513e-08
Disease	disease_1516	2.387600206906087e-08
Disease	disease_17733	2.3869801396423047e-08
Disease	disease_9162	2.3854780073551904e-08
Disease	disease_14341	2.385252507277504e-08
Disease	disease_15133	2.382303069262539e-08
Disease	disease_9697	2.3822475454448574e-08
Disease	disease_16820	2.3806875615515072e-08
Disease	disease_100223	2.3712969043962024e-08
Disease	disease_17640	2.3688922113726508e-08
Disease	disease_5503	2.366992382962377e-08
Disease	disease_6808	2.3641982609951018e-08
Disease	disease_1674	2.3638918828733506e-08
Disease	disease_43459	2.3623896928217614e-08
Disease	disease_15690	2.3621529823391133e-08
Disease	disease_6467	2.3590664824232675e-08
Disease	disease_3487	2.3590664824232675e-08
Disease	disease_18191	2.3583654565441592e-08
Disease	disease_21650	2.35715968350577e-08
Disease	disease_6447	2.3568543409315434e-08
Disease	disease_8192	2.3543697919436508e-08
Disease	disease_17998	2.3536919500124272e-08
Disease	disease_37940	2.3536631431989826e-08
Disease	disease_9591	2.3533942174467792e-08
Disease	disease_7791	2.3517637699770287e-08
Disease	disease_20481	2.351322556359707e-08
Disease	disease_17615	2.349704569622341e-08
Disease	disease_1125	2.3496902832166414e-08
Disease	disease_8803	2.3488345367771253e-08
Disease	disease_8149	2.3457391947055447e-08
Disease	disease_16214	2.345483236233795e-08
Disease	disease_5728	2.3454555249313598e-08
Disease	disease_6120	2.344022997529895e-08
Disease	disease_2505	2.343110419728984e-08
Disease	disease_244	2.343057710611662e-08
Disease	disease_44144	2.3415666427782703e-08
Disease	disease_60502	2.3391083988289284e-08
Disease	disease_14132	2.3377379849514965e-08
Disease	disease_1835	2.3368665744624875e-08
Disease	disease_8346	2.336693405760677e-08
Disease	disease_14449	2.336497862103887e-08
Disease	disease_12221	2.335156868628411e-08
Disease	disease_3584	2.3350232634668743e-08
Disease	disease_17935	2.3338334917399323e-08
Disease	disease_10035	2.333521476928385e-08
Disease	disease_17947	2.332641192865631e-08
Disease	disease_833	2.3234984440949468e-08
Disease	disease_7970	2.3221662524828343e-08
Disease	disease_16229	2.318646597438779e-08
Disease	disease_11724	2.318328363686559e-08
Disease	disease_7921	2.3175707416776736e-08
Disease	disease_14638	2.317417146461814e-08
Disease	disease_24337	2.3162039813050765e-08
Disease	disease_19716	2.3154028930174564e-08
Disease	disease_20042	2.315087634536838e-08
Disease	disease_11932	2.314829649715214e-08
Disease	disease_5030	2.312959767255038e-08
Disease	disease_15804	2.3128229874537908e-08
Disease	disease_10829	2.311585089897574e-08
Disease	disease_19963	2.3105637881908412e-08
Disease	disease_7589	2.3104416802587107e-08
Disease	disease_16108	2.3085883685507233e-08
Disease	disease_7014	2.3085581262936726e-08
Disease	disease_5443	2.3069122533719304e-08
Disease	disease_13991	2.306849687107657e-08
Disease	disease_4983	2.3041123706693267e-08
Disease	disease_7813	2.3024074812474574e-08
Disease	disease_2988	2.3022055555470803e-08
Disease	disease_9715	2.3020136440370345e-08
Disease	disease_2727	2.3010230882927023e-08
Disease	disease_16511	2.2993079302771124e-08
Disease	disease_7319	2.299018016497481e-08
Disease	disease_21360	2.2985782158663593e-08
Disease	disease_13995	2.298214712048564e-08
Disease	disease_17703	2.29410735749945e-08
Disease	disease_15152	2.291719815043837e-08
Disease	disease_11405	2.2907629504978557e-08
Disease	disease_1967	2.290279853349619e-08
Disease	disease_13499	2.2889675796398834e-08
Disease	disease_3837	2.286550851532553e-08
Disease	disease_8394	2.2827301317804025e-08
Disease	disease_19188	2.282513235593291e-08
Disease	disease_12290	2.2812652042550457e-08
Disease	disease_18749	2.280640075211073e-08
Disease	disease_10874	2.2796647541848626e-08
Disease	disease_13661	2.27873192769208e-08
Disease	disease_10274	2.277402209128076e-08
Disease	disease_100070	2.2773819954323647e-08
Disease	disease_12222	2.2768700186790267e-08
Disease	disease_24945	2.2767633830217693e-08
Disease	disease_5817	2.2757798484971734e-08
Disease	disease_1874	2.2753504577910695e-08
Disease	disease_3569	2.2742780199834865e-08
Disease	disease_12705	2.2714128429965903e-08
Disease	disease_18053	2.2711813549505347e-08
Disease	disease_15565	2.271067140009873e-08
Disease	disease_19385	2.2704305114633873e-08
Disease	disease_8617	2.268544807641242e-08
Disease	disease_7000	2.268340770499923e-08
Disease	disease_15171	2.268075594118799e-08
Disease	disease_1374	2.266111956613713e-08
Disease	disease_8148	2.2659509013634992e-08
Disease	disease_19372	2.2656433927872535e-08
Disease	disease_15930	2.2649126360328025e-08
Disease	disease_14157	2.2628384494270925e-08
Disease	disease_20332	2.2617749243838042e-08
Disease	disease_5611	2.2614069882074993e-08
Disease	disease_24637	2.261047384871861e-08
Disease	disease_1277	2.2606717835523183e-08
Disease	disease_8660	2.2606320495317372e-08
Disease	disease_6625	2.260087255239792e-08
Disease	disease_6012	2.2599428583344358e-08
Disease	disease_9217	2.257950460083654e-08
Disease	disease_11032	2.2575944860677843e-08
Disease	disease_8147	2.2571622634876036e-08
Disease	disease_6424	2.2545709134666346e-08
Disease	disease_56798	2.2541908228748197e-08
Disease	disease_12622	2.2536534816554672e-08
Disease	disease_21098	2.252657894141609e-08
Disease	disease_302	2.2526542249457612e-08
Disease	disease_7110	2.252487893464868e-08
Disease	disease_6144	2.2503182533707865e-08
Disease	disease_1594	2.2502665772002228e-08
Disease	disease_41825	2.2500451950450778e-08
Disease	disease_14204	2.2497400190977112e-08
Disease	disease_6983	2.248752339727185e-08
Disease	disease_256	2.248427994860638e-08
Disease	disease_17185	2.2472841087982792e-08
Disease	disease_16130	2.2472367150931453e-08
Disease	disease_43106	2.2464500956953888e-08
Disease	disease_18959	2.246428489057202e-08
Disease	disease_5787	2.2460599625791455e-08
Disease	disease_10807	2.2434031443589865e-08
Disease	disease_7792	2.2429582303819222e-08
Disease	disease_5651	2.2428534722382062e-08
Disease	disease_18589	2.2426288411855885e-08
Disease	disease_10681	2.2418069957070913e-08
Disease	disease_10951	2.2408422991567754e-08
Disease	disease_6103	2.2406840799940353e-08
Disease	disease_24307	2.2402644833438162e-08
Disease	disease_5762	2.2397283199814953e-08
Disease	disease_2263	2.2390944692698552e-08
Disease	disease_10644	2.2383581191818905e-08
Disease	disease_17639	2.2350997895287913e-08
Disease	disease_7425	2.234697226859256e-08
Disease	disease_44200	2.2341237114696782e-08
Disease	disease_2614	2.23287653515532e-08
Disease	disease_12591	2.232326222348049e-08
Disease	disease_2370	2.2318140304504358e-08
Disease	disease_44209	2.2316590337412344e-08
Disease	disease_8721	2.2315220724021266e-08
Disease	disease_24685	2.229887699654315e-08
Disease	disease_5753	2.2278396144681066e-08
Disease	disease_11631	2.2266497702957883e-08
Disease	disease_4574	2.2263298034447266e-08
Disease	disease_3917	2.225494893528377e-08
Disease	disease_10790	2.2246035542965557e-08
Disease	disease_11639	2.224580349813021e-08
Disease	disease_6797	2.224412823050018e-08
Disease	disease_3718	2.2233178926817034e-08
Disease	disease_7966	2.2220275822107178e-08
Disease	disease_10186	2.2200972749536748e-08
Disease	disease_32564	2.2199181161723326e-08
Disease	disease_6952	2.218131899092966e-08
Disease	disease_10519	2.2178502576457543e-08
Disease	disease_23297	2.2170541986952473e-08
Disease	disease_33926	2.2153759667376823e-08
Disease	disease_1698	2.2153458698905847e-08
Disease	disease_3110	2.2151620989998953e-08
Disease	disease_20546	2.2146597735995604e-08
Disease	disease_15597	2.2143188337629294e-08
Disease	disease_30801	2.210867292113352e-08
Disease	disease_16060	2.2100263650301697e-08
Disease	disease_10225	2.208843364725833e-08
Disease	disease_15581	2.2085706511148417e-08
Disease	disease_19193	2.2032093599184623e-08
Disease	disease_14329	2.20318101806536e-08
Disease	disease_2168	2.201834496814433e-08
Disease	disease_18922	2.2016768214050735e-08
Disease	disease_5189	2.1999967354339522e-08
Disease	disease_21380	2.1995489000512554e-08
Disease	disease_16054	2.1989415724903236e-08
Disease	disease_11257	2.1985538830342346e-08
Disease	disease_13135	2.197361555243342e-08
Disease	disease_3656	2.1964224755616608e-08
Disease	disease_16224	2.1959024344805132e-08
Disease	disease_21375	2.195868843272935e-08
Disease	disease_10359	2.1950869527452317e-08
Disease	disease_19827	2.1950022940816136e-08
Disease	disease_21678	2.1910699857091613e-08
Disease	disease_16767	2.185398553857699e-08
Disease	disease_18796	2.1824758284529912e-08
Disease	disease_17361	2.1821665089307916e-08
Disease	disease_17768	2.1815153333598847e-08
Disease	disease_2866	2.1804162250558808e-08
Disease	disease_243	2.179034020580217e-08
Disease	disease_20709	2.179034020580217e-08
Disease	disease_13675	2.1790203026941826e-08
Disease	disease_7020	2.1787877748808472e-08
Disease	disease_4322	2.1775895381996678e-08
Disease	disease_21301	2.175371681772653e-08
Disease	disease_11584	2.175300379785344e-08
Disease	disease_20663	2.175046815909837e-08
Disease	disease_3266	2.1743479718417604e-08
Disease	disease_20605	2.1742938163332524e-08
Disease	disease_11142	2.1728818524748227e-08
Disease	disease_42494	2.1726899452521536e-08
Disease	disease_7155	2.1698142949440828e-08
Disease	disease_20598	2.169271964048723e-08
Disease	disease_13082	2.167707109248269e-08
Disease	disease_9062	2.1654055582292347e-08
Disease	disease_15216	2.1629742918691478e-08
Disease	disease_8348	2.1627924499412478e-08
Disease	disease_10301	2.161288818649071e-08
Disease	disease_9312	2.161094696066465e-08
Disease	disease_17020	2.1604462424264084e-08
Disease	disease_5516	2.1595555573780516e-08
Disease	disease_18465	2.159273640744482e-08
Disease	disease_16463	2.1579381078452827e-08
Disease	disease_18093	2.157040945065544e-08
Disease	disease_16543	2.1568123715392924e-08
Disease	disease_19238	2.1561756089785992e-08
Disease	disease_14206	2.1560922348399344e-08
Disease	disease_18624	2.1537965700118543e-08
Disease	disease_23093	2.1537965700118543e-08
Disease	disease_18580	2.1536374083160995e-08
Disease	disease_5707	2.1534112433257047e-08
Disease	disease_2259	2.1534000960819177e-08
Disease	disease_10727	2.1528031513400525e-08
Disease	disease_24487	2.1523989913616987e-08
Disease	disease_6207	2.1495723708474332e-08
Disease	disease_12215	2.1490647633890272e-08
Disease	disease_9738	2.147273394491398e-08
Disease	disease_11399	2.146425903007873e-08
Disease	disease_19803	2.1457756285289773e-08
Disease	disease_17231	2.1441935445858897e-08
Disease	disease_22714	2.1441935445858897e-08
Disease	disease_19183	2.1440393575635e-08
Disease	disease_5990	2.143959055175308e-08
Disease	disease_2209	2.1408710283302865e-08
Disease	disease_7608	2.1404981878876436e-08
Disease	disease_18180	2.1404826309536954e-08
Disease	disease_19091	2.1399515661649696e-08
Disease	disease_6029	2.1394474904809503e-08
Disease	disease_44037	2.1386490844399986e-08
Disease	disease_30701	2.1386233054465957e-08
Disease	disease_18926	2.1379813583279593e-08
Disease	disease_16085	2.136815037673948e-08
Disease	disease_20107	2.1363504886109356e-08
Disease	disease_2836	2.1360951041761953e-08
Disease	disease_5333	2.134960034206591e-08
Disease	disease_16949	2.1337922070630005e-08
Disease	disease_6291	2.1326246655188178e-08
Disease	disease_6938	2.1326065966167906e-08
Disease	disease_13153	2.127612019907259e-08
Disease	disease_19126	2.1255441487848125e-08
Disease	disease_20249	2.1236301001156123e-08
Disease	disease_19141	2.1225611339473755e-08
Disease	disease_7979	2.1215097240662514e-08
Disease	disease_16566	2.1207761247627538e-08
Disease	disease_20143	2.1195404934068794e-08
Disease	disease_100224	2.1193463916780153e-08
Disease	disease_18094	2.1192217292554557e-08
Disease	disease_15027	2.119139511737289e-08
Disease	disease_1407	2.117885251119315e-08
Disease	disease_649	2.1168770334849298e-08
Disease	disease_21644	2.1166261236623425e-08
Disease	disease_19149	2.1165431733285514e-08
Disease	disease_18937	2.1145970506156714e-08
Disease	disease_7518	2.1130371124149934e-08
Disease	disease_15427	2.1123284219090794e-08
Disease	disease_12505	2.1116160971223012e-08
Disease	disease_1406	2.109361286589157e-08
Disease	disease_19441	2.108228355990613e-08
Disease	disease_32654	2.107800684204165e-08
Disease	disease_18356	2.107761945420735e-08
Disease	disease_16699	2.1072888515089037e-08
Disease	disease_20577	2.1070876198646065e-08
Disease	disease_18186	2.1062403863503205e-08
Disease	disease_4268	2.105988604368854e-08
Disease	disease_4376	2.105988604368854e-08
Disease	disease_16296	2.1049760687323528e-08
Disease	disease_18025	2.103292533857318e-08
Disease	disease_16019	2.1030262317789938e-08
Disease	disease_19453	2.1014670118476696e-08
Disease	disease_12592	2.1011238312659636e-08
Disease	disease_3633	2.1010663807680618e-08
Disease	disease_20759	2.0994621608365356e-08
Disease	disease_17648	2.0987356958310993e-08
Disease	disease_11022	2.0982870583834712e-08
Disease	disease_100133	2.097282032538124e-08
Disease	disease_10938	2.0968599409759734e-08
Disease	disease_18576	2.094718098524197e-08
Disease	disease_10299	2.0946856951023837e-08
Disease	disease_16397	2.0941140896974937e-08
Disease	disease_1380	2.0914480338320532e-08
Disease	disease_5528	2.0913637051064137e-08
Disease	disease_3430	2.0911138091636318e-08
Disease	disease_2162	2.0880035234125896e-08
Disease	disease_23369	2.0866563422107064e-08
Disease	disease_2089	2.0852908082662778e-08
Disease	disease_40728	2.08444763603112e-08
Disease	disease_42484	2.083644901103375e-08
Disease	disease_12559	2.0830898446385827e-08
Disease	disease_4944	2.081415565540951e-08
Disease	disease_12807	2.0802372971794603e-08
Disease	disease_13460	2.0792535554174357e-08
Disease	disease_3985	2.0786904167546213e-08
Disease	disease_16815	2.0786867230592593e-08
Disease	disease_42451	2.077389892310049e-08
Disease	disease_1397	2.077344974488044e-08
Disease	disease_17118	2.0771979861756063e-08
Disease	disease_2861	2.0766541021674834e-08
Disease	disease_13794	2.0745373365820558e-08
Disease	disease_20805	2.073753998407513e-08
Disease	disease_2066	2.0731529811172198e-08
Disease	disease_16327	2.0711216118792975e-08
Disease	disease_2927	2.0709959548917278e-08
Disease	disease_9523	2.0709260194760797e-08
Disease	disease_9278	2.0706377040920563e-08
Disease	disease_24238	2.0663003225339056e-08
Disease	disease_21232	2.066075169828039e-08
Disease	disease_12509	2.0656643283736056e-08
Disease	disease_10657	2.0655817601802577e-08
Disease	disease_44336	2.0644903345923252e-08
Disease	disease_45047	2.0643565746990256e-08
Disease	disease_1482	2.0638471955631207e-08
Disease	disease_19682	2.062450923648048e-08
Disease	disease_2995	2.0624084869212604e-08
Disease	disease_3371	2.061862758562954e-08
Disease	disease_5168	2.0601473337123264e-08
Disease	disease_6847	2.0601473337123264e-08
Disease	disease_20756	2.05813939917473e-08
Disease	disease_14375	2.0579852238970076e-08
Disease	disease_42497	2.0569700892989453e-08
Disease	disease_3174	2.055331475220486e-08
Disease	disease_5141	2.0540021408443268e-08
Disease	disease_13464	2.0528882508127822e-08
Disease	disease_8497	2.05255060404376e-08
Disease	disease_43361	2.0520590084368575e-08
Disease	disease_18761	2.0507045490221838e-08
Disease	disease_19362	2.0490556611683227e-08
Disease	disease_1563	2.0483019950983334e-08
Disease	disease_4262	2.048159075601222e-08
Disease	disease_18954	2.048133118345771e-08
Disease	disease_17319	2.0465386133721365e-08
Disease	disease_5039	2.0439709997406557e-08
Disease	disease_577	2.0439500186573445e-08
Disease	disease_18274	2.0422375241952585e-08
Disease	disease_17100	2.041301381294345e-08
Disease	disease_2252	2.0399376812839965e-08
Disease	disease_18809	2.0399376812839965e-08
Disease	disease_18109	2.0399376812839965e-08
Disease	disease_5856	2.0398681536284237e-08
Disease	disease_20794	2.0388572486597456e-08
Disease	disease_1992	2.037957951089393e-08
Disease	disease_17409	2.0374600515165254e-08
Disease	disease_1993	2.0369662984474804e-08
Disease	disease_8102	2.0368779380586472e-08
Disease	disease_12016	2.036481693873389e-08
Disease	disease_100056	2.0359210504705407e-08
Disease	disease_12901	2.0355172659716913e-08
Disease	disease_18942	2.0348234804001883e-08
Disease	disease_16342	2.034723060890201e-08
Disease	disease_9636	2.0345567656973547e-08
Disease	disease_13473	2.0341769362611873e-08
Disease	disease_13282	2.034020301198263e-08
Disease	disease_3163	2.032570767285761e-08
Disease	disease_9883	2.0325091848741e-08
Disease	disease_17604	2.032206311905225e-08
Disease	disease_9970	2.0321041156868345e-08
Disease	disease_14948	2.0318502264129816e-08
Disease	disease_9411	2.0316616609176424e-08
Disease	disease_9431	2.0304276692052814e-08
Disease	disease_17879	2.029667889809239e-08
Disease	disease_16775	2.0282448344125607e-08
Disease	disease_18037	2.0258806912440084e-08
Disease	disease_1378	2.0222206004225037e-08
Disease	disease_19060	2.02214377025071e-08
Disease	disease_15757	2.016243206216776e-08
Disease	disease_20253	2.0147778375513133e-08
Disease	disease_20849	2.0142601641134262e-08
Disease	disease_21335	2.0141679719747407e-08
Disease	disease_15461	2.013598962193019e-08
Disease	disease_19152	2.0135224809245563e-08
Disease	disease_4000	2.0131909013629205e-08
Disease	disease_17313	2.0129829686193763e-08
Disease	disease_11581	2.011677409960932e-08
Disease	disease_3916	2.0116579933355368e-08
Disease	disease_24318	2.0113334597684798e-08
Disease	disease_6663	2.0107754107476293e-08
Disease	disease_14969	2.0097939980091744e-08
Disease	disease_6633	2.009589918850433e-08
Disease	disease_5742	2.009589918850433e-08
Disease	disease_7965	2.008847285341843e-08
Disease	disease_7550	2.008485639321335e-08
Disease	disease_10429	2.0076190154414578e-08
Disease	disease_10745	2.007523282462084e-08
Disease	disease_9458	2.0062417402617234e-08
Disease	disease_18004	2.000542370509458e-08
Disease	disease_20526	2.000542370509458e-08
Disease	disease_5714	1.999598358901296e-08
Disease	disease_24334	1.999344353724411e-08
Disease	disease_10314	1.997980525935413e-08
Disease	disease_18570	1.997050523152464e-08
Disease	disease_7762	1.996327926494434e-08
Disease	disease_11857	1.9962502395261646e-08
Disease	disease_12726	1.996228883960825e-08
Disease	disease_5272	1.996167105680541e-08
Disease	disease_7669	1.9961263867188887e-08
Disease	disease_1437	1.994341522953528e-08
Disease	disease_2088	1.9939277351570286e-08
Disease	disease_8656	1.993873459271472e-08
Disease	disease_3615	1.9935580906157156e-08
Disease	disease_20697	1.993281020619439e-08
Disease	disease_7919	1.9932668574358543e-08
Disease	disease_20460	1.9920810737169977e-08
Disease	disease_6596	1.9913144032336714e-08
Disease	disease_5261	1.9912010087867532e-08
Disease	disease_8179	1.989950324827457e-08
Disease	disease_12098	1.9890200142947906e-08
Disease	disease_10490	1.988697239044595e-08
Disease	disease_16996	1.988528412329903e-08
Disease	disease_1373	1.9872649229923592e-08
Disease	disease_1319	1.9872649229923592e-08
Disease	disease_1376	1.9872649229923592e-08
Disease	disease_12845	1.986899600965714e-08
Disease	disease_4360	1.9865324683811836e-08
Disease	disease_16109	1.986124699804082e-08
Disease	disease_2095	1.9852322077402756e-08
Disease	disease_5165	1.9851917806498382e-08
Disease	disease_14544	1.9843247730771392e-08
Disease	disease_9712	1.983696428452631e-08
Disease	disease_35009	1.9833589888096524e-08
Disease	disease_9805	1.9820827367327366e-08
Disease	disease_18105	1.9807760567336475e-08
Disease	disease_11215	1.980662997863357e-08
Disease	disease_5424	1.98064792914696e-08
Disease	disease_12536	1.978920967038724e-08
Disease	disease_15514	1.978512982245694e-08
Disease	disease_31421	1.9775575102886963e-08
Disease	disease_17609	1.9775130164955797e-08
Disease	disease_12454	1.977509808052021e-08
Disease	disease_13459	1.9773241291500667e-08
Disease	disease_17119	1.977081601110696e-08
Disease	disease_10810	1.97686375442218e-08
Disease	disease_19667	1.9748526747299124e-08
Disease	disease_3252	1.9747805176160546e-08
Disease	disease_7888	1.9745280160089904e-08
Disease	disease_6603	1.9745263175098552e-08
Disease	disease_2635	1.974503669096974e-08
Disease	disease_5410	1.9741266076166162e-08
Disease	disease_100252	1.9741200522797386e-08
Disease	disease_13761	1.9737243875407652e-08
Disease	disease_8468	1.9733411698692925e-08
Disease	disease_15920	1.9714069840016622e-08
Disease	disease_36501	1.97077694672462e-08
Disease	disease_24432	1.9701173948099702e-08
Disease	disease_12242	1.9700129817796397e-08
Disease	disease_25095	1.968585173622239e-08
Disease	disease_12233	1.968115868690586e-08
Disease	disease_286	1.9664056385517657e-08
Disease	disease_8153	1.9658035128791804e-08
Disease	disease_45033	1.965614612044918e-08
Disease	disease_2939	1.9648694267209822e-08
Disease	disease_3340	1.9647254525503557e-08
Disease	disease_369	1.9643239237190827e-08
Disease	disease_21220	1.9632423923472207e-08
Disease	disease_10181	1.96261722526826e-08
Disease	disease_17987	1.9620324711403494e-08
Disease	disease_3619	1.9617824229460273e-08
Disease	disease_6418	1.961531985822615e-08
Disease	disease_13881	1.961136208708774e-08
Disease	disease_21240	1.9604155775600006e-08
Disease	disease_17189	1.9602395923413322e-08
Disease	disease_13515	1.959425137814831e-08
Disease	disease_6706	1.959334339181161e-08
Disease	disease_14403	1.9581324800643513e-08
Disease	disease_6027	1.9574453879116202e-08
Disease	disease_3728	1.9574453879116202e-08
Disease	disease_3024	1.9574453879116202e-08
Disease	disease_2859	1.9574453879116202e-08
Disease	disease_14672	1.9562336899407904e-08
Disease	disease_11058	1.9560490850529375e-08
Disease	disease_12581	1.9559958811236363e-08
Disease	disease_6288	1.953491739606515e-08
Disease	disease_4404	1.953353650575264e-08
Disease	disease_10621	1.9523911359868722e-08
Disease	disease_18432	1.9518820231793752e-08
Disease	disease_9525	1.951748920611803e-08
Disease	disease_21224	1.9496110916879648e-08
Disease	disease_20723	1.9488997869643035e-08
Disease	disease_9627	1.948333013771129e-08
Disease	disease_19599	1.9477672782223646e-08
Disease	disease_6978	1.9474166300519957e-08
Disease	disease_15221	1.947284598256009e-08
Disease	disease_1944	1.94614184893091e-08
Disease	disease_9553	1.94614184893091e-08
Disease	disease_12663	1.94614184893091e-08
Disease	disease_23646	1.945929163808137e-08
Disease	disease_7404	1.9453621823684304e-08
Disease	disease_12832	1.9450433176142246e-08
Disease	disease_100054	1.9443047122939718e-08
Disease	disease_12840	1.9440797562118834e-08
Disease	disease_13924	1.9439838439306695e-08
Disease	disease_12610	1.9435451936350768e-08
Disease	disease_22993	1.940175079469037e-08
Disease	disease_8815	1.9387655047585782e-08
Disease	disease_16127	1.938415842616205e-08
Disease	disease_4183	1.9377349155144908e-08
Disease	disease_5696	1.9360500493919423e-08
Disease	disease_919	1.9352280066543964e-08
Disease	disease_5858	1.9343330108752326e-08
Disease	disease_17973	1.9335572301232254e-08
Disease	disease_17791	1.9330945464524017e-08
Disease	disease_12940	1.9327321883178534e-08
Disease	disease_12841	1.9327321883178534e-08
Disease	disease_13012	1.9327321883178534e-08
Disease	disease_11661	1.9327321883178534e-08
Disease	disease_12837	1.9327321883178534e-08
Disease	disease_12886	1.9327321883178534e-08
Disease	disease_11700	1.9327321883178534e-08
Disease	disease_11699	1.9327321883178534e-08
Disease	disease_12887	1.9327321883178534e-08
Disease	disease_15176	1.9327321883178534e-08
Disease	disease_11701	1.9327321883178534e-08
Disease	disease_12838	1.9327321883178534e-08
Disease	disease_11087	1.9327321883178534e-08
Disease	disease_11521	1.9327321883178534e-08
Disease	disease_12040	1.9327321883178534e-08
Disease	disease_12852	1.9327321883178534e-08
Disease	disease_12973	1.9327321883178534e-08
Disease	disease_12829	1.9327321883178534e-08
Disease	disease_6163	1.9321193708733236e-08
Disease	disease_4875	1.9315050072294716e-08
Disease	disease_43994	1.9315050072294716e-08
Disease	disease_10353	1.9312844219912493e-08
Disease	disease_44338	1.930610948881926e-08
Disease	disease_14029	1.9296454364857988e-08
Disease	disease_11207	1.927581905509072e-08
Disease	disease_16814	1.927239601236529e-08
Disease	disease_24562	1.9260084007954273e-08
Disease	disease_21633	1.925918380125525e-08
Disease	disease_10358	1.924477627443645e-08
Disease	disease_588	1.923625507142565e-08
Disease	disease_9561	1.923094450718678e-08
Disease	disease_12179	1.9230663786300583e-08
Disease	disease_10233	1.9221991040590377e-08
Disease	disease_10293	1.9211598760786906e-08
Disease	disease_20669	1.9210000989615596e-08
Disease	disease_14086	1.9209062890480308e-08
Disease	disease_2766	1.920553097932217e-08
Disease	disease_4660	1.9193652100470335e-08
Disease	disease_2306	1.9192194274369165e-08
Disease	disease_1853	1.9192194274369165e-08
Disease	disease_16816	1.9171567575807352e-08
Disease	disease_1732	1.916726641102787e-08
Disease	disease_20437	1.9164360969745116e-08
Disease	disease_18042	1.9157777161331454e-08
Disease	disease_44993	1.913788594176281e-08
Disease	disease_5561	1.9118705827223102e-08
Disease	disease_16043	1.9117443075734553e-08
Disease	disease_4034	1.9113852602140172e-08
Disease	disease_18999	1.9105067638264174e-08
Disease	disease_2173	1.9104766303835105e-08
Disease	disease_15157	1.9103859928507407e-08
Disease	disease_100061	1.9094788987579475e-08
Disease	disease_1408	1.9094788987579475e-08
Disease	disease_15061	1.908995766219717e-08
Disease	disease_368	1.908173479097782e-08
Disease	disease_12176	1.9080919102675932e-08
Disease	disease_10395	1.9076734901112332e-08
Disease	disease_40964	1.9075230266210194e-08
Disease	disease_20594	1.906047762334179e-08
Disease	disease_6228	1.9058259304259404e-08
Disease	disease_12639	1.9048741198045237e-08
Disease	disease_4394	1.9024621955559376e-08
Disease	disease_5195	1.9014932985305306e-08
Disease	disease_7002	1.9005278943485955e-08
Disease	disease_16450	1.90036872093885e-08
Disease	disease_32801	1.8993519803706044e-08
Disease	disease_30056	1.8988077547966636e-08
Disease	disease_13621	1.8980721788133085e-08
Disease	disease_7788	1.8980490345358695e-08
Disease	disease_21248	1.8966816160453267e-08
Disease	disease_6673	1.8965031234965386e-08
Disease	disease_10898	1.896113057249499e-08
Disease	disease_14313	1.8958881714585108e-08
Disease	disease_2959	1.895467081878184e-08
Disease	disease_21658	1.8948201680631634e-08
Disease	disease_21681	1.894313997039744e-08
Disease	disease_100238	1.8926833490176657e-08
Disease	disease_2636	1.8914248133932793e-08
Disease	disease_3965	1.8893347805021222e-08
Disease	disease_3546	1.8885406848573188e-08
Disease	disease_7568	1.8882964566187725e-08
Disease	disease_20516	1.8880245000810226e-08
Disease	disease_12472	1.8877109886965885e-08
Disease	disease_9395	1.8865020525122222e-08
Disease	disease_250	1.8840627643879586e-08
Disease	disease_7140	1.8840432474606464e-08
Disease	disease_36591	1.8839386531944795e-08
Disease	disease_1810	1.883417295246879e-08
Disease	disease_20721	1.8815627735382585e-08
Disease	disease_18124	1.881498337773588e-08
Disease	disease_14333	1.879505859638918e-08
Disease	disease_16177	1.8790923809678395e-08
Disease	disease_9068	1.879092065312885e-08
Disease	disease_11906	1.8771242403736975e-08
Disease	disease_16275	1.876688019009774e-08
Disease	disease_16713	1.876313011269373e-08
Disease	disease_11283	1.8756601850318236e-08
Disease	disease_14921	1.8755966980046235e-08
Disease	disease_21105	1.8746446371252964e-08
Disease	disease_10714	1.873080371168959e-08
Disease	disease_1685	1.8729229237797554e-08
Disease	disease_4811	1.8729229237797554e-08
Disease	disease_1690	1.8729229237797554e-08
Disease	disease_18598	1.8728759592687956e-08
Disease	disease_3199	1.872343942055429e-08
Disease	disease_13246	1.87214192554981e-08
Disease	disease_15688	1.8713159968229586e-08
Disease	disease_20144	1.871109256547448e-08
Disease	disease_17772	1.871013596862856e-08
Disease	disease_17662	1.8706864920612055e-08
Disease	disease_16340	1.8705436304703547e-08
Disease	disease_18010	1.8703827758558928e-08
Disease	disease_11374	1.8699932919708232e-08
Disease	disease_8874	1.8697929828303676e-08
Disease	disease_12248	1.869401497414863e-08
Disease	disease_44925	1.869309124008678e-08
Disease	disease_12334	1.8680296924804698e-08
Disease	disease_16304	1.867525491433521e-08
Disease	disease_8434	1.8667012381634845e-08
Disease	disease_9283	1.8666147382055412e-08
Disease	disease_15087	1.8656787883177667e-08
Disease	disease_33007	1.8656155442315835e-08
Disease	disease_2422	1.864530043784725e-08
Disease	disease_13519	1.860737315061187e-08
Disease	disease_15501	1.859786382862937e-08
Disease	disease_13192	1.8596954318331925e-08
Disease	disease_3532	1.8593883717463247e-08
Disease	disease_16334	1.8589663706061917e-08
Disease	disease_7098	1.8566200422218925e-08
Disease	disease_8134	1.8565547959578778e-08
Disease	disease_5767	1.855682701475089e-08
Disease	disease_9803	1.8548178556822637e-08
Disease	disease_13364	1.8547223458806244e-08
Disease	disease_20489	1.8541042670643627e-08
Disease	disease_45046	1.853896487240183e-08
Disease	disease_2565	1.8521686111748512e-08
Disease	disease_14630	1.8516014277449536e-08
Disease	disease_8758	1.851528094965161e-08
Disease	disease_17581	1.850775578918499e-08
Disease	disease_17972	1.8506776464879696e-08
Disease	disease_10985	1.8501707502220818e-08
Disease	disease_19002	1.849476536706454e-08
Disease	disease_15336	1.8493534802014748e-08
Disease	disease_19609	1.8481221679908304e-08
Disease	disease_100082	1.8471643672960176e-08
Disease	disease_6049	1.8466559309646292e-08
Disease	disease_2352	1.8465010171649073e-08
Disease	disease_16527	1.8464558651063496e-08
Disease	disease_2875	1.84634441275247e-08
Disease	disease_2311	1.8463256418486994e-08
Disease	disease_7761	1.8456840970104902e-08
Disease	disease_7485	1.843309218972059e-08
Disease	disease_14810	1.8425496515764103e-08
Disease	disease_1222	1.8424153704058576e-08
Disease	disease_10735	1.840509379561082e-08
Disease	disease_5884	1.8401729840935175e-08
Disease	disease_11006	1.8393783802372827e-08
Disease	disease_17842	1.8392266245956182e-08
Disease	disease_15335	1.8379338810887706e-08
Disease	disease_11891	1.836543975776992e-08
Disease	disease_24499	1.8362883961959472e-08
Disease	disease_5994	1.8354802485882713e-08
Disease	disease_4291	1.834588989392975e-08
Disease	disease_19787	1.8342881802994125e-08
Disease	disease_19104	1.833720827255709e-08
Disease	disease_11740	1.8330047216337278e-08
Disease	disease_19615	1.8316713251316124e-08
Disease	disease_19172	1.8313865569383145e-08
Disease	disease_21237	1.8311252091399056e-08
Disease	disease_12312	1.830321067961292e-08
Disease	disease_43579	1.829511605873683e-08
Disease	disease_18681	1.8293710398580302e-08
Disease	disease_18816	1.829257132481231e-08
Disease	disease_7558	1.8279921723541986e-08
Disease	disease_4080	1.8262921938871483e-08
Disease	disease_4293	1.8260870852120233e-08
Disease	disease_14679	1.825214614908959e-08
Disease	disease_11214	1.8251987763957487e-08
Disease	disease_15338	1.8245780424324036e-08
Disease	disease_6903	1.8245052368722196e-08
Disease	disease_19913	1.8239898004027315e-08
Disease	disease_23209	1.822309136233007e-08
Disease	disease_3999	1.8220012669187287e-08
Disease	disease_17865	1.8217192774220783e-08
Disease	disease_9953	1.8214283838453527e-08
Disease	disease_7749	1.821414108934883e-08
Disease	disease_9399	1.8213044607789176e-08
Disease	disease_12519	1.8211258676054794e-08
Disease	disease_15805	1.8210498273503774e-08
Disease	disease_18536	1.8209120891063033e-08
Disease	disease_10017	1.8206635673047733e-08
Disease	disease_6142	1.8189508174423775e-08
Disease	disease_8218	1.8187785758824668e-08
Disease	disease_20228	1.8178637702783776e-08
Disease	disease_7874	1.817374513822166e-08
Disease	disease_11953	1.816978920753154e-08
Disease	disease_30895	1.8153255094752562e-08
Disease	disease_2843	1.8115096833683736e-08
Disease	disease_5662	1.8111368330047206e-08
Disease	disease_15990	1.8109026563470846e-08
Disease	disease_8329	1.8095484856378113e-08
Disease	disease_8235	1.8078450797218562e-08
Disease	disease_9089	1.80753106675512e-08
Disease	disease_9867	1.8071394130517126e-08
Disease	disease_11899	1.8061990010999887e-08
Disease	disease_18002	1.806072770303608e-08
Disease	disease_33280	1.8055561128422876e-08
Disease	disease_8464	1.8041272153249032e-08
Disease	disease_15490	1.803650587747042e-08
Disease	disease_3811	1.802896499057212e-08
Disease	disease_7462	1.802745752578182e-08
Disease	disease_12137	1.7993052878116083e-08
Disease	disease_13652	1.7974915642481e-08
Disease	disease_12795	1.797115462613585e-08
Disease	disease_17871	1.7965651933319894e-08
Disease	disease_6496	1.795835426387692e-08
Disease	disease_19161	1.79544203545713e-08
Disease	disease_11470	1.7952337566355275e-08
Disease	disease_11237	1.7952337566355275e-08
Disease	disease_17423	1.794725022825982e-08
Disease	disease_11535	1.7944564563162927e-08
Disease	disease_5334	1.794035932813855e-08
Disease	disease_16379	1.793913890648205e-08
Disease	disease_2661	1.793212487480843e-08
Disease	disease_12555	1.7927802054287102e-08
Disease	disease_24664	1.7918875011669126e-08
Disease	disease_3737	1.7902459074122594e-08
Disease	disease_14150	1.7887297098686054e-08
Disease	disease_13907	1.788701566882471e-08
Disease	disease_10736	1.788282247384079e-08
Disease	disease_20635	1.7882713815991066e-08
Disease	disease_9157	1.7881426515270815e-08
Disease	disease_17955	1.7870579400938324e-08
Disease	disease_15220	1.7861906891158773e-08
Disease	disease_17311	1.7845252568004002e-08
Disease	disease_8471	1.784245682893683e-08
Disease	disease_19553	1.7835861378777944e-08
Disease	disease_17028	1.7824635015555904e-08
Disease	disease_16094	1.7802676927532216e-08
Disease	disease_7032	1.780190175886354e-08
Disease	disease_20345	1.780107059988668e-08
Disease	disease_20686	1.7800820225355962e-08
Disease	disease_379	1.779896697487804e-08
Disease	disease_11709	1.779818800370532e-08
Disease	disease_152	1.7793185704770033e-08
Disease	disease_21020	1.778592445202362e-08
Disease	disease_3839	1.778107196133834e-08
Disease	disease_10370	1.777449121585403e-08
Disease	disease_43004	1.7764310069123413e-08
Disease	disease_9965	1.776113073502823e-08
Disease	disease_19593	1.774337380666758e-08
Disease	disease_19851	1.773468119999192e-08
Disease	disease_8423	1.7733074691736664e-08
Disease	disease_9958	1.7732592394858738e-08
Disease	disease_8174	1.7729025021684345e-08
Disease	disease_20654	1.7714050553869843e-08
Disease	disease_11781	1.770948935874098e-08
Disease	disease_16413	1.770028562599493e-08
Disease	disease_10529	1.7698473895377077e-08
Disease	disease_8333	1.7697936963783482e-08
Disease	disease_634	1.76833768762362e-08
Disease	disease_6599	1.76721128530415e-08
Disease	disease_14884	1.7668963338412816e-08
Disease	disease_13520	1.7668252672650506e-08
Disease	disease_8869	1.7666471575902385e-08
Disease	disease_10891	1.7665236577028777e-08
Disease	disease_7665	1.7646329567440646e-08
Disease	disease_20591	1.7645955093825982e-08
Disease	disease_19794	1.7630493904108355e-08
Disease	disease_3874	1.762684967454756e-08
Disease	disease_10127	1.7623678730751215e-08
Disease	disease_24476	1.7620457447020286e-08
Disease	disease_18933	1.760053403150619e-08
Disease	disease_11269	1.758672607530587e-08
Disease	disease_15293	1.758268118722035e-08
Disease	disease_8861	1.7569665728197527e-08
Disease	disease_5937	1.7568614379568973e-08
Disease	disease_20720	1.755551897843638e-08
Disease	disease_10976	1.7553513215119422e-08
Disease	disease_20068	1.755213212841776e-08
Disease	disease_19233	1.7549884000988078e-08
Disease	disease_166	1.754765267477938e-08
Disease	disease_12675	1.7536415179358015e-08
Disease	disease_20265	1.7532995966035174e-08
Disease	disease_20747	1.7524062516299244e-08
Disease	disease_3390	1.751368726751598e-08
Disease	disease_16747	1.7493745414756815e-08
Disease	disease_12871	1.7479893692603155e-08
Disease	disease_11525	1.7473359335253115e-08
Disease	disease_13040	1.746356321685907e-08
Disease	disease_13042	1.7460186525356127e-08
Disease	disease_11871	1.7445351548552094e-08
Disease	disease_13043	1.7443096087731484e-08
Disease	disease_16118	1.743970003478755e-08
Disease	disease_32586	1.7436672820911464e-08
Disease	disease_7601	1.743008681704094e-08
Disease	disease_13760	1.7428790789633147e-08
Disease	disease_13439	1.74174038520117e-08
Disease	disease_13041	1.7412051213708984e-08
Disease	disease_7183	1.7409532711546793e-08
Disease	disease_10720	1.7404841135248714e-08
Disease	disease_17021	1.7400442174229743e-08
Disease	disease_9342	1.739964415118707e-08
Disease	disease_15283	1.739089113270855e-08
Disease	disease_16651	1.7385824137479593e-08
Disease	disease_11417	1.7366830883380158e-08
Disease	disease_297	1.7366263503141276e-08
Disease	disease_3922	1.736195800015803e-08
Disease	disease_44083	1.73616793712608e-08
Disease	disease_1480	1.7355075884418407e-08
Disease	disease_1472	1.7355075884418407e-08
Disease	disease_8197	1.7338647457481397e-08
Disease	disease_21190	1.7326383096281245e-08
Disease	disease_20768	1.732381243017363e-08
Disease	disease_1304	1.7309405929213496e-08
Disease	disease_16730	1.7305704577301825e-08
Disease	disease_5051	1.7295725545250484e-08
Disease	disease_15026	1.729234235055289e-08
Disease	disease_17244	1.7290259066011787e-08
Disease	disease_19706	1.728480084536142e-08
Disease	disease_15532	1.7274639873859293e-08
Disease	disease_19561	1.7268648305111694e-08
Disease	disease_19713	1.7263085027265234e-08
Disease	disease_54765	1.7262631094994443e-08
Disease	disease_19025	1.7244398775947007e-08
Disease	disease_25085	1.723377695439855e-08
Disease	disease_14598	1.7228760601488172e-08
Disease	disease_6742	1.7222788317472766e-08
Disease	disease_10420	1.7216955518150138e-08
Disease	disease_8215	1.721169767127884e-08
Disease	disease_755	1.7202109897918563e-08
Disease	disease_6298	1.719981978871844e-08
Disease	disease_6558	1.7181645206233068e-08
Disease	disease_35008	1.717930783027176e-08
Disease	disease_17035	1.7170509204418962e-08
Disease	disease_7827	1.7166394247537133e-08
Disease	disease_24889	1.7165109542613065e-08
Disease	disease_11744	1.716426083145407e-08
Disease	disease_17975	1.7156804309277285e-08
Disease	disease_12241	1.713362264848376e-08
Disease	disease_14379	1.7131686946755036e-08
Disease	disease_3212	1.7127235300003172e-08
Disease	disease_24521	1.712161925136556e-08
Disease	disease_19952	1.711652363073396e-08
Disease	disease_19066	1.7112276691301586e-08
Disease	disease_21023	1.710243556812255e-08
Disease	disease_44972	1.7098063524502824e-08
Disease	disease_14850	1.7095675650261574e-08
Disease	disease_10159	1.709293444828413e-08
Disease	disease_10974	1.7092558950481757e-08
Disease	disease_33262	1.708912506774445e-08
Disease	disease_19522	1.707186667305484e-08
Disease	disease_10702	1.706771511831865e-08
Disease	disease_18895	1.7066988371948803e-08
Disease	disease_17184	1.706342283047206e-08
Disease	disease_4497	1.7063158376611302e-08
Disease	disease_16488	1.7062745009661863e-08
Disease	disease_5665	1.706225828840887e-08
Disease	disease_14058	1.706187380491249e-08
Disease	disease_16128	1.7058254293561533e-08
Disease	disease_2561	1.7050147050734892e-08
Disease	disease_9165	1.704228110264366e-08
Disease	disease_24676	1.703964467882874e-08
Disease	disease_14334	1.7035223954737135e-08
Disease	disease_100244	1.7033219793258466e-08
Disease	disease_9695	1.7031915779722868e-08
Disease	disease_8461	1.7029764947310122e-08
Disease	disease_17341	1.702932620420237e-08
Disease	disease_21392	1.7026764504354812e-08
Disease	disease_15987	1.7009919429765025e-08
Disease	disease_4852	1.7009907533674268e-08
Disease	disease_9733	1.6999343905255986e-08
Disease	disease_10578	1.6985935858767397e-08
Disease	disease_8726	1.6975762629472346e-08
Disease	disease_5042	1.6974693026385867e-08
Disease	disease_14493	1.6968638562435745e-08
Disease	disease_21092	1.6965503993716007e-08
Disease	disease_44843	1.6955551683491865e-08
Disease	disease_211	1.6941203216228878e-08
Disease	disease_19083	1.6921689369771688e-08
Disease	disease_13860	1.691431841414583e-08
Disease	disease_12657	1.6911524293932308e-08
Disease	disease_4005	1.691114575991479e-08
Disease	disease_18634	1.691002148212584e-08
Disease	disease_11506	1.6908422931833403e-08
Disease	disease_15880	1.6895711136504572e-08
Disease	disease_16584	1.689495572908482e-08
Disease	disease_7489	1.6888620270776112e-08
Disease	disease_26782	1.6887639196923523e-08
Disease	disease_32582	1.6883320718545758e-08
Disease	disease_15081	1.687400901323741e-08
Disease	disease_11582	1.6872247588640868e-08
Disease	disease_32580	1.6871276544708513e-08
Disease	disease_16079	1.686022220848727e-08
Disease	disease_32581	1.685227151312113e-08
Disease	disease_44739	1.6848185653903154e-08
Disease	disease_43726	1.6827776713491352e-08
Disease	disease_19168	1.682511984236283e-08
Disease	disease_24456	1.6817636642296817e-08
Disease	disease_11173	1.6807654325524386e-08
Disease	disease_1825	1.6802972924774435e-08
Disease	disease_19403	1.678850390614134e-08
Disease	disease_30015	1.6786994165343146e-08
Disease	disease_5037	1.678126480722728e-08
Disease	disease_26726	1.676673997759593e-08
Disease	disease_11224	1.676234060579537e-08
Disease	disease_18013	1.675342837439566e-08
Disease	disease_20295	1.6752261679693817e-08
Disease	disease_16793	1.6750205440988682e-08
Disease	disease_9344	1.674905748123873e-08
Disease	disease_24422	1.674755769690746e-08
Disease	disease_4663	1.6738037003977358e-08
Disease	disease_9696	1.6735805019687473e-08
Disease	disease_4354	1.6722771753768303e-08
Disease	disease_21444	1.671973993869681e-08
Disease	disease_7551	1.6705777267313228e-08
Disease	disease_16294	1.6694956015181554e-08
Disease	disease_8751	1.6689062899015695e-08
Disease	disease_3249	1.6687254398946186e-08
Disease	disease_16110	1.6687113489363394e-08
Disease	disease_19950	1.668054636068307e-08
Disease	disease_17856	1.667935982477159e-08
Disease	disease_17830	1.6675920131225326e-08
Disease	disease_60714	1.6669518785830087e-08
Disease	disease_6276	1.6664003097998417e-08
Disease	disease_44975	1.666382598080323e-08
Disease	disease_7030	1.6658487737476408e-08
Disease	disease_16453	1.665840276071647e-08
Disease	disease_9836	1.6633334617545856e-08
Disease	disease_13336	1.6624598323341235e-08
Disease	disease_18151	1.661203999780367e-08
Disease	disease_18748	1.6609865594092555e-08
Disease	disease_13992	1.6604970653656893e-08
Disease	disease_6486	1.6599543795488014e-08
Disease	disease_24659	1.658703203568172e-08
Disease	disease_7206	1.6586363313684256e-08
Disease	disease_17183	1.6584903034998817e-08
Disease	disease_10737	1.6582482688911488e-08
Disease	disease_14536	1.6568582674309976e-08
Disease	disease_24686	1.6563531259709078e-08
Disease	disease_2204	1.6557580730627096e-08
Disease	disease_5602	1.6545430373626556e-08
Disease	disease_8554	1.6535617649315274e-08
Disease	disease_409	1.6534175524178776e-08
Disease	disease_33665	1.6533702611888e-08
Disease	disease_16974	1.6523022131330955e-08
Disease	disease_17512	1.6517510682506696e-08
Disease	disease_17511	1.6517510682506696e-08
Disease	disease_19736	1.651700989701526e-08
Disease	disease_6450	1.651420798876279e-08
Disease	disease_5757	1.650553697289241e-08
Disease	disease_21427	1.6497936924944423e-08
Disease	disease_32826	1.6480248743775706e-08
Disease	disease_14782	1.6471323636480207e-08
Disease	disease_10448	1.646895940058274e-08
Disease	disease_43139	1.6466418687876615e-08
Disease	disease_12679	1.6460879109526163e-08
Disease	disease_18213	1.6455688062623133e-08
Disease	disease_8891	1.644764315388881e-08
Disease	disease_15368	1.6446305930162897e-08
Disease	disease_18590	1.644526978855499e-08
Disease	disease_43077	1.6444800083857567e-08
Disease	disease_18335	1.6435698681503534e-08
Disease	disease_237	1.6433262140451413e-08
Disease	disease_2285	1.6419640216616284e-08
Disease	disease_6325	1.6418346620743162e-08
Disease	disease_11875	1.6413709462943502e-08
Disease	disease_30962	1.6411588003151822e-08
Disease	disease_2876	1.6401856907794747e-08
Disease	disease_14243	1.639776955948077e-08
Disease	disease_5350	1.6386940295749574e-08
Disease	disease_19165	1.6386832444032468e-08
Disease	disease_1646	1.6383088651460385e-08
Disease	disease_8458	1.638203251162931e-08
Disease	disease_16037	1.6381576599157554e-08
Disease	disease_21116	1.6379968508609868e-08
Disease	disease_21115	1.6379968508609868e-08
Disease	disease_15151	1.6379748672442117e-08
Disease	disease_2342	1.6367853395080854e-08
Disease	disease_14263	1.635998474526205e-08
Disease	disease_13584	1.6351348247753293e-08
Disease	disease_2486	1.6350857944138832e-08
Disease	disease_20273	1.6348453987661203e-08
Disease	disease_32669	1.6345163258948395e-08
Disease	disease_5057	1.6333446243060724e-08
Disease	disease_4680	1.6320897129674667e-08
Disease	disease_4056	1.6314832017663552e-08
Disease	disease_10900	1.6310092842688864e-08
Disease	disease_9728	1.630990290932903e-08
Disease	disease_1532	1.629867071896553e-08
Disease	disease_16087	1.629474399022565e-08
Disease	disease_6543	1.627964309410765e-08
Disease	disease_7187	1.6278819477507755e-08
Disease	disease_44213	1.6276894868669772e-08
Disease	disease_19559	1.6274340627137665e-08
Disease	disease_12172	1.6273940543844215e-08
Disease	disease_18293	1.626125572155939e-08
Disease	disease_6755	1.626027077171106e-08
Disease	disease_20667	1.6252420189698657e-08
Disease	disease_11094	1.623349267586265e-08
Disease	disease_2746	1.62230555445881e-08
Disease	disease_5956	1.6222746673315236e-08
Disease	disease_9260	1.6220289297412913e-08
Disease	disease_12648	1.6219469825637257e-08
Disease	disease_11301	1.6216731205757117e-08
Disease	disease_18327	1.621559990226657e-08
Disease	disease_4267	1.6209138635828482e-08
Disease	disease_3759	1.620200832267065e-08
Disease	disease_6718	1.6195824478044784e-08
Disease	disease_9295	1.6194466714879716e-08
Disease	disease_20726	1.619142405908828e-08
Disease	disease_2058	1.618945023853849e-08
Disease	disease_20113	1.6172095016662738e-08
Disease	disease_45012	1.6165444882590433e-08
Disease	disease_16343	1.616042808622016e-08
Disease	disease_7741	1.6149915453969494e-08
Disease	disease_41259	1.6147518939365185e-08
Disease	disease_12808	1.614721775216539e-08
Disease	disease_245	1.614383796804618e-08
Disease	disease_9668	1.6141686852489258e-08
Disease	disease_5092	1.6139129912284638e-08
Disease	disease_24296	1.6129010680166783e-08
Disease	disease_9992	1.611551079903542e-08
Disease	disease_13864	1.6108175006667076e-08
Disease	disease_6446	1.6103102333245732e-08
Disease	disease_2814	1.6091122471816487e-08
Disease	disease_8251	1.60860960906943e-08
Disease	disease_8450	1.6081124822526276e-08
Disease	disease_374	1.6078860605846416e-08
Disease	disease_1499	1.607204588557267e-08
Disease	disease_15364	1.6065128312770118e-08
Disease	disease_6232	1.6056035429436654e-08
Disease	disease_3265	1.605276053788239e-08
Disease	disease_1130	1.6052433893001703e-08
Disease	disease_24240	1.60523638724873e-08
Disease	disease_20054	1.6049793664267766e-08
Disease	disease_7352	1.6041758881649567e-08
Disease	disease_43314	1.6035365636034153e-08
Disease	disease_13981	1.603469158221985e-08
Disease	disease_8275	1.6018848321864934e-08
Disease	disease_20272	1.601698248778895e-08
Disease	disease_13143	1.6015869505817216e-08
Disease	disease_19976	1.601089763228482e-08
Disease	disease_6666	1.600580654441222e-08
Disease	disease_17230	1.6002646427872884e-08
Disease	disease_5822	1.5996447214569906e-08
Disease	disease_4295	1.5992530324953455e-08
Disease	disease_21581	1.599104870873249e-08
Disease	disease_2855	1.59900742058704e-08
Disease	disease_18715	1.5980977790376206e-08
Disease	disease_8542	1.596365608867087e-08
Disease	disease_15066	1.595917196274169e-08
Disease	disease_3529	1.5955165290295144e-08
Disease	disease_31219	1.5955133590249945e-08
Disease	disease_12345	1.5952712818767608e-08
Disease	disease_37792	1.5951640162134746e-08
Disease	disease_16285	1.5941852947771215e-08
Disease	disease_16241	1.593588516323985e-08
Disease	disease_7311	1.593247355107537e-08
Disease	disease_1940	1.593151531945746e-08
Disease	disease_5078	1.592992810139981e-08
Disease	disease_6884	1.592804440636361e-08
Disease	disease_3401	1.5924155983236322e-08
Disease	disease_8187	1.591822452214318e-08
Disease	disease_552	1.5912045661583522e-08
Disease	disease_9009	1.5894465067016435e-08
Disease	disease_45024	1.5885836794754995e-08
Disease	disease_45001	1.588249749132924e-08
Disease	disease_19723	1.5880875195051377e-08
Disease	disease_15599	1.586480794980576e-08
Disease	disease_31013	1.5864488142460005e-08
Disease	disease_21429	1.585529416114989e-08
Disease	disease_9685	1.5831244953175185e-08
Disease	disease_15803	1.5827042238708615e-08
Disease	disease_11544	1.5823032079310817e-08
Disease	disease_3169	1.582285988156081e-08
Disease	disease_8588	1.5822491242098502e-08
Disease	disease_16090	1.5822088061320093e-08
Disease	disease_23628	1.5812440198971855e-08
Disease	disease_43133	1.5798114333218215e-08
Disease	disease_9676	1.5783928015098896e-08
Disease	disease_44767	1.5783819568965844e-08
Disease	disease_13199	1.578186424572883e-08
Disease	disease_16120	1.5780551329502894e-08
Disease	disease_9241	1.5776997558740653e-08
Disease	disease_43468	1.5763289187896432e-08
Disease	disease_4600	1.5751588418273047e-08
Disease	disease_1417	1.574648812682346e-08
Disease	disease_17292	1.5738569091789898e-08
Disease	disease_5183	1.5738200284626638e-08
Disease	disease_19704	1.5736158420162352e-08
Disease	disease_17394	1.5735964871972765e-08
Disease	disease_6652	1.572056718588967e-08
Disease	disease_3674	1.572056718588967e-08
Disease	disease_12369	1.571958274249783e-08
Disease	disease_17718	1.571390301321414e-08
Disease	disease_15927	1.571322422856775e-08
Disease	disease_14244	1.5705307643444683e-08
Disease	disease_32645	1.5700884248286763e-08
Disease	disease_18006	1.5699552432114895e-08
Disease	disease_12637	1.5691980629849517e-08
Disease	disease_9950	1.5688237182413023e-08
Disease	disease_21431	1.5685339629617004e-08
Disease	disease_11725	1.5675760874408626e-08
Disease	disease_22007	1.5661856494314212e-08
Disease	disease_4554	1.5643115558713374e-08
Disease	disease_15825	1.5637845597987742e-08
Disease	disease_15701	1.5636282846723885e-08
Disease	disease_18686	1.5628767246778347e-08
Disease	disease_21538	1.5623221805625693e-08
Disease	disease_9255	1.5622025098409546e-08
Disease	disease_24876	1.5619613176600804e-08
Disease	disease_18853	1.560144117566542e-08
Disease	disease_10598	1.5596762412280546e-08
Disease	disease_13184	1.5595628547030338e-08
Disease	disease_12251	1.5593950456461672e-08
Disease	disease_646	1.558832131427643e-08
Disease	disease_41366	1.558190512051058e-08
Disease	disease_18879	1.557515738354183e-08
Disease	disease_5467	1.5573257022459898e-08
Disease	disease_14500	1.554792258376072e-08
Disease	disease_11012	1.5546480407143654e-08
Disease	disease_8918	1.554444704964353e-08
Disease	disease_12092	1.5538128655130927e-08
Disease	disease_13091	1.5529522795080715e-08
Disease	disease_13496	1.5525802686379364e-08
Disease	disease_100220	1.5515581635830765e-08
Disease	disease_17182	1.5477189807760368e-08
Disease	disease_9242	1.5466287963970488e-08
Disease	disease_5790	1.5461895331673332e-08
Disease	disease_17017	1.5460105794403294e-08
Disease	disease_1207	1.545560748211475e-08
Disease	disease_15523	1.5447861264726796e-08
Disease	disease_5748	1.5432642920316873e-08
Disease	disease_10305	1.5414342221904915e-08
Disease	disease_9484	1.5413579843531938e-08
Disease	disease_15552	1.5412519872949713e-08
Disease	disease_12384	1.5411829346355674e-08
Disease	disease_11924	1.5411829346355674e-08
Disease	disease_3658	1.5407066835549293e-08
Disease	disease_9844	1.540617992878505e-08
Disease	disease_16738	1.538112840127108e-08
Disease	disease_5977	1.537724437585973e-08
Disease	disease_44991	1.5369255521210053e-08
Disease	disease_20735	1.5360964857099947e-08
Disease	disease_21400	1.5348796708481864e-08
Disease	disease_8061	1.5343709087558677e-08
Disease	disease_2166	1.5328183884145142e-08
Disease	disease_16501	1.5322456446819074e-08
Disease	disease_1028	1.5320401749983462e-08
Disease	disease_18540	1.531980602416968e-08
Disease	disease_12635	1.5299019582718767e-08
Disease	disease_10281	1.5295205303351094e-08
Disease	disease_11504	1.528680486820219e-08
Disease	disease_4309	1.5260804880475258e-08
Disease	disease_24522	1.525589177673441e-08
Disease	disease_5500	1.525362655898774e-08
Disease	disease_20102	1.525060497032954e-08
Disease	disease_15059	1.5247660438303663e-08
Disease	disease_5918	1.5240840693801662e-08
Disease	disease_4943	1.521846061305774e-08
Disease	disease_4564	1.5217437131642453e-08
Disease	disease_1525	1.5217437131642453e-08
Disease	disease_4562	1.5214854082415403e-08
Disease	disease_6184	1.5214854082415403e-08
Disease	disease_4107	1.5211557797901782e-08
Disease	disease_16436	1.521094040295263e-08
Disease	disease_7592	1.520916802535141e-08
Disease	disease_19053	1.5204035773197647e-08
Disease	disease_20482	1.5174469549928555e-08
Disease	disease_24263	1.5173635275805402e-08
Disease	disease_12301	1.5168334243899307e-08
Disease	disease_56821	1.5159948935418216e-08
Disease	disease_5716	1.5159948935418216e-08
Disease	disease_5682	1.5159948935418216e-08
Disease	disease_16468	1.5158822509336045e-08
Disease	disease_10044	1.5154833480475266e-08
Disease	disease_5593	1.514353622753599e-08
Disease	disease_19324	1.5140656277242472e-08
Disease	disease_8457	1.5135981934718666e-08
Disease	disease_16915	1.5134942656575386e-08
Disease	disease_18474	1.513140793503236e-08
Disease	disease_13349	1.5130648600146856e-08
Disease	disease_20772	1.5128103921080387e-08
Disease	disease_17218	1.512461625300955e-08
Disease	disease_18354	1.5122907590437054e-08
Disease	disease_13607	1.5104897073617366e-08
Disease	disease_19303	1.5083900982909353e-08
Disease	disease_2601	1.5083885323719853e-08
Disease	disease_15045	1.5082881823541132e-08
Disease	disease_19231	1.508192959418932e-08
Disease	disease_9704	1.5079031599257105e-08
Disease	disease_17212	1.5071588275518012e-08
Disease	disease_25382	1.5067499516912512e-08
Disease	disease_24635	1.5064633712308908e-08
Disease	disease_12465	1.5056086256937896e-08
Disease	disease_21057	1.505342746630865e-08
Disease	disease_18562	1.5052486782400053e-08
Disease	disease_11174	1.5050755785939427e-08
Disease	disease_7477	1.5047728724127027e-08
Disease	disease_14389	1.5042340788473836e-08
Disease	disease_9767	1.5041760554266795e-08
Disease	disease_10209	1.5040342449907536e-08
Disease	disease_7624	1.503781065466271e-08
Disease	disease_17471	1.5030226805463765e-08
Disease	disease_3586	1.5019113438666108e-08
Disease	disease_12322	1.5015951848303885e-08
Disease	disease_20603	1.5015432468559622e-08
Disease	disease_9276	1.5013442014550533e-08
Disease	disease_1033	1.501091664476408e-08
Disease	disease_7554	1.500864648077201e-08
Disease	disease_8173	1.5006469838705167e-08
Disease	disease_15911	1.4989037528227178e-08
Disease	disease_812	1.498084737347189e-08
Disease	disease_10698	1.4973430967594643e-08
Disease	disease_20077	1.4972172842307316e-08
Disease	disease_9843	1.4964271456187455e-08
Disease	disease_19483	1.495849550124638e-08
Disease	disease_2897	1.4956908767485334e-08
Disease	disease_1714	1.4956908767485334e-08
Disease	disease_17124	1.495689099955353e-08
Disease	disease_10177	1.495465350196145e-08
Disease	disease_11426	1.4926797144434047e-08
Disease	disease_19375	1.492602786624473e-08
Disease	disease_3190	1.4921600266150687e-08
Disease	disease_11961	1.4920262177882747e-08
Disease	disease_12393	1.4920196156921668e-08
Disease	disease_11400	1.4919104867943262e-08
Disease	disease_5788	1.4918626848509444e-08
Disease	disease_10457	1.491357095540248e-08
Disease	disease_2425	1.4905657650846896e-08
Disease	disease_1332	1.490177386815405e-08
Disease	disease_12801	1.4900510881168593e-08
Disease	disease_3168	1.4899909786332578e-08
Disease	disease_13639	1.4899316841024062e-08
Disease	disease_13020	1.4899316841024062e-08
Disease	disease_12898	1.4899316841024062e-08
Disease	disease_11607	1.4899316841024062e-08
Disease	disease_70	1.4898951102037726e-08
Disease	disease_15180	1.4896962532775438e-08
Disease	disease_7541	1.4887220160722917e-08
Disease	disease_640	1.4876560297431803e-08
Disease	disease_14465	1.4870257025448376e-08
Disease	disease_5813	1.4869972554858664e-08
Disease	disease_9773	1.4865582021751854e-08
Disease	disease_17233	1.4862293537374513e-08
Disease	disease_16382	1.4861597706510787e-08
Disease	disease_19791	1.4855865910354597e-08
Disease	disease_6438	1.484306626999917e-08
Disease	disease_5104	1.484306626999917e-08
Disease	disease_3558	1.483646157192772e-08
Disease	disease_21948	1.4829943670292356e-08
Disease	disease_1977	1.4829290071186146e-08
Disease	disease_10716	1.4811867091746156e-08
Disease	disease_17828	1.4809333697188484e-08
Disease	disease_6231	1.4808090011014538e-08
Disease	disease_8910	1.4806078862691363e-08
Disease	disease_30044	1.4805887679153574e-08
Disease	disease_8745	1.4796100817686924e-08
Disease	disease_20057	1.4792523760190991e-08
Disease	disease_5340	1.479047992168921e-08
Disease	disease_2065	1.4788442795209495e-08
Disease	disease_11926	1.4785028880844592e-08
Disease	disease_12959	1.4785028880844592e-08
Disease	disease_12896	1.4785028880844592e-08
Disease	disease_11387	1.4785028880844592e-08
Disease	disease_11573	1.4785028880844592e-08
Disease	disease_11434	1.4785028880844592e-08
Disease	disease_11084	1.4785028880844592e-08
Disease	disease_12542	1.4785028880844592e-08
Disease	disease_13057	1.4785028880844592e-08
Disease	disease_11542	1.4785028880844592e-08
Disease	disease_18747	1.4779859231342148e-08
Disease	disease_8996	1.4779103070882099e-08
Disease	disease_16403	1.4774395260421228e-08
Disease	disease_758	1.4757747081082587e-08
Disease	disease_8690	1.4752172939614812e-08
Disease	disease_24502	1.4750182862214342e-08
Disease	disease_4031	1.473996793589692e-08
Disease	disease_44915	1.4731495423002724e-08
Disease	disease_7716	1.4728743869396278e-08
Disease	disease_6078	1.4725720133338824e-08
Disease	disease_18845	1.4712579304205432e-08
Disease	disease_7872	1.4710785576479829e-08
Disease	disease_20367	1.4708642807030794e-08
Disease	disease_5376	1.4706027216860728e-08
Disease	disease_2878	1.4705642837403468e-08
Disease	disease_14236	1.4699165802208756e-08
Disease	disease_597	1.4693765935055877e-08
Disease	disease_16824	1.4685432183441314e-08
Disease	disease_6479	1.4679635437302892e-08
Disease	disease_16398	1.4677414510626223e-08
Disease	disease_19198	1.4671586574201128e-08
Disease	disease_43294	1.4669388933031609e-08
Disease	disease_20070	1.4665458803543078e-08
Disease	disease_2540	1.46562099527405e-08
Disease	disease_9299	1.4638879064933555e-08
Disease	disease_8265	1.4633888287329275e-08
Disease	disease_60631	1.462910201723609e-08
Disease	disease_14346	1.4618241306896769e-08
Disease	disease_4723	1.4616851557800915e-08
Disease	disease_14899	1.461630362838832e-08
Disease	disease_24465	1.4612722094701786e-08
Disease	disease_13757	1.4610674351787258e-08
Disease	disease_11326	1.46098251232039e-08
Disease	disease_5821	1.4608760257839211e-08
Disease	disease_8344	1.4601378103289791e-08
Disease	disease_21381	1.4600986750552492e-08
Disease	disease_20056	1.4595740131946465e-08
Disease	disease_7854	1.4592147982233598e-08
Disease	disease_8120	1.4591026114988794e-08
Disease	disease_3627	1.4586991860257304e-08
Disease	disease_32664	1.4581143618243383e-08
Disease	disease_19040	1.458095470587363e-08
Disease	disease_3046	1.4576350454961417e-08
Disease	disease_18477	1.4574667807842607e-08
Disease	disease_18162	1.4567434452743198e-08
Disease	disease_9143	1.4567167518970422e-08
Disease	disease_54637	1.4562033058069767e-08
Disease	disease_10306	1.4549185314295004e-08
Disease	disease_6180	1.4543558725765135e-08
Disease	disease_20587	1.4542945505681458e-08
Disease	disease_19504	1.4521045600952422e-08
Disease	disease_18023	1.4497617493278581e-08
Disease	disease_12117	1.4496604790945822e-08
Disease	disease_2047	1.44909743942539e-08
Disease	disease_2040	1.448778626503235e-08
Disease	disease_4259	1.4471218758418856e-08
Disease	disease_7383	1.4469976180383341e-08
Disease	disease_6035	1.4469464736268227e-08
Disease	disease_21043	1.4441891457343063e-08
Disease	disease_13054	1.4437938619364191e-08
Disease	disease_10004	1.4436051549180074e-08
Disease	disease_12941	1.4433230764373578e-08
Disease	disease_9556	1.4432515696495284e-08
Disease	disease_11327	1.4428558537347512e-08
Disease	disease_16624	1.442201518994197e-08
Disease	disease_3550	1.4416834564609214e-08
Disease	disease_6565	1.441574757757105e-08
Disease	disease_11236	1.441522670046115e-08
Disease	disease_11612	1.4401758781687991e-08
Disease	disease_17432	1.4388467312121933e-08
Disease	disease_927	1.438299610863936e-08
Disease	disease_13809	1.4376892969149443e-08
Disease	disease_19957	1.4372660660160542e-08
Disease	disease_3192	1.4365900031865519e-08
Disease	disease_20811	1.4357977326429289e-08
Disease	disease_3606	1.4342593370989706e-08
Disease	disease_18355	1.434208576519513e-08
Disease	disease_8017	1.4340010693033556e-08
Disease	disease_3185	1.4337861666511818e-08
Disease	disease_11551	1.4331728033066985e-08
Disease	disease_13838	1.4329817987052435e-08
Disease	disease_6986	1.4320903565682704e-08
Disease	disease_44113	1.4318755953602573e-08
Disease	disease_45022	1.4313741708023108e-08
Disease	disease_5481	1.431210720352976e-08
Disease	disease_20018	1.430959785062743e-08
Disease	disease_32610	1.4298326356609149e-08
Disease	disease_10798	1.4297406349795534e-08
Disease	disease_24516	1.4295470585362779e-08
Disease	disease_19844	1.4292980032245424e-08
Disease	disease_5522	1.4288230257114053e-08
Disease	disease_3587	1.4258237069104236e-08
Disease	disease_54843	1.4256745461046467e-08
Disease	disease_9337	1.4253833159120682e-08
Disease	disease_17305	1.424164344903878e-08
Disease	disease_9452	1.4240125178867667e-08
Disease	disease_10757	1.4236430984639252e-08
Disease	disease_14936	1.4236003154843418e-08
Disease	disease_6899	1.42223494239291e-08
Disease	disease_10651	1.4217344107905944e-08
Disease	disease_21195	1.4212932480840892e-08
Disease	disease_44141	1.4210443570866196e-08
Disease	disease_19513	1.4200255176229372e-08
Disease	disease_17690	1.4185979480173748e-08
Disease	disease_5852	1.4184518377561657e-08
Disease	disease_11095	1.4183813368469882e-08
Disease	disease_6804	1.4181454658144367e-08
Disease	disease_8995	1.4168964452190428e-08
Disease	disease_8486	1.4159227586571619e-08
Disease	disease_43346	1.4158076290298442e-08
Disease	disease_5710	1.4158076290298442e-08
Disease	disease_2966	1.4155322936929242e-08
Disease	disease_10121	1.4150085923027464e-08
Disease	disease_19134	1.4140430218147346e-08
Disease	disease_3651	1.4140008607849711e-08
Disease	disease_3650	1.4140008607849711e-08
Disease	disease_13898	1.4128618067505415e-08
Disease	disease_16722	1.4125824284673447e-08
Disease	disease_17740	1.4120370855576418e-08
Disease	disease_3941	1.4116937568643232e-08
Disease	disease_3942	1.4116937568643232e-08
Disease	disease_12652	1.4107857088914278e-08
Disease	disease_15975	1.4106334994865883e-08
Disease	disease_45048	1.409721543627199e-08
Disease	disease_8689	1.4085612850398972e-08
Disease	disease_43797	1.4081443828775095e-08
Disease	disease_4508	1.4079478226886368e-08
Disease	disease_20022	1.4077088508599859e-08
Disease	disease_13500	1.4074641913778387e-08
Disease	disease_3716	1.4073613058584202e-08
Disease	disease_8355	1.4072029504164677e-08
Disease	disease_9397	1.4065962011696739e-08
Disease	disease_16236	1.4053494828063627e-08
Disease	disease_8485	1.4052769619086426e-08
Disease	disease_6819	1.4041110021516551e-08
Disease	disease_13046	1.4037860443377798e-08
Disease	disease_4093	1.4032102753992672e-08
Disease	disease_8244	1.4024449169049283e-08
Disease	disease_14639	1.4016199564094646e-08
Disease	disease_15153	1.400262057639163e-08
Disease	disease_6161	1.400147424476657e-08
Disease	disease_21312	1.4000786748292383e-08
Disease	disease_15126	1.399768422473191e-08
Disease	disease_18716	1.3996275059895804e-08
Disease	disease_7569	1.398992271737426e-08
Disease	disease_13028	1.3986279538940967e-08
Disease	disease_42962	1.3984116706220589e-08
Disease	disease_8627	1.3983613766312273e-08
Disease	disease_44878	1.3970829746896937e-08
Disease	disease_100010	1.3969567753160583e-08
Disease	disease_12997	1.3967164861625971e-08
Disease	disease_7315	1.3965605954423572e-08
Disease	disease_7922	1.3943159001742104e-08
Disease	disease_17688	1.3942450210499825e-08
Disease	disease_6044	1.3924819991025136e-08
Disease	disease_17950	1.3923846506090961e-08
Disease	disease_5688	1.3921334333026409e-08
Disease	disease_9756	1.3904216517682208e-08
Disease	disease_19845	1.3902574321124671e-08
Disease	disease_16097	1.3901076907609892e-08
Disease	disease_18827	1.3899650317806768e-08
Disease	disease_17924	1.3895118097871253e-08
Disease	disease_405	1.3892572229648547e-08
Disease	disease_1697	1.3892411739453595e-08
Disease	disease_9794	1.3891659223637454e-08
Disease	disease_8969	1.3881709237504812e-08
Disease	disease_4732	1.3880542419171185e-08
Disease	disease_20483	1.3868170017077984e-08
Disease	disease_16402	1.3862945865959861e-08
Disease	disease_18319	1.3857193346762475e-08
Disease	disease_15182	1.3821995212585677e-08
Disease	disease_10831	1.3814431349919608e-08
Disease	disease_24458	1.3812685590478393e-08
Disease	disease_20366	1.3805303428913366e-08
Disease	disease_2913	1.3804692693642604e-08
Disease	disease_21533	1.3803008309114646e-08
Disease	disease_9297	1.38015961571198e-08
Disease	disease_7320	1.3797095805542415e-08
Disease	disease_20336	1.379487416694169e-08
Disease	disease_18135	1.3792638398926825e-08
Disease	disease_8152	1.3790460749383539e-08
Disease	disease_10663	1.3782743309460411e-08
Disease	disease_8046	1.3781262182637186e-08
Disease	disease_17762	1.3779821476551656e-08
Disease	disease_330	1.3769461623532647e-08
Disease	disease_13261	1.376941527984886e-08
Disease	disease_17683	1.3762672132859145e-08
Disease	disease_20604	1.3762476738086996e-08
Disease	disease_762	1.3758427756239645e-08
Disease	disease_5917	1.3756764931164714e-08
Disease	disease_18103	1.3747313254058206e-08
Disease	disease_16502	1.3745299274226134e-08
Disease	disease_24536	1.3744782831598889e-08
Disease	disease_13262	1.3737209509949866e-08
Disease	disease_20300	1.3734544751464978e-08
Disease	disease_100309	1.3731087488539213e-08
Disease	disease_13111	1.3728103815849018e-08
Disease	disease_16625	1.372795216336235e-08
Disease	disease_14555	1.3727174081860282e-08
Disease	disease_4410	1.3723825945579134e-08
Disease	disease_2404	1.3721204287988935e-08
Disease	disease_3345	1.3720492090477655e-08
Disease	disease_8119	1.371664486655411e-08
Disease	disease_461	1.3712408915318778e-08
Disease	disease_19323	1.3712299364876442e-08
Disease	disease_2211	1.3699780441886523e-08
Disease	disease_1786	1.3698373362479694e-08
Disease	disease_12129	1.3695313399051062e-08
Disease	disease_17783	1.3693654997077259e-08
Disease	disease_11588	1.3690633973317798e-08
Disease	disease_100228	1.3690279598198894e-08
Disease	disease_18118	1.368921785009479e-08
Disease	disease_20277	1.368158700722222e-08
Disease	disease_32579	1.3680761812347158e-08
Disease	disease_8843	1.3680163202137036e-08
Disease	disease_12744	1.3654056813239627e-08
Disease	disease_9095	1.3653044645288397e-08
Disease	disease_32831	1.3651477563188656e-08
Disease	disease_599	1.364833913211899e-08
Disease	disease_12906	1.3636866851103674e-08
Disease	disease_21119	1.3625290350941742e-08
Disease	disease_8862	1.3620982770448631e-08
Disease	disease_2671	1.3620260320595989e-08
Disease	disease_7042	1.3618162877170454e-08
Disease	disease_17161	1.361103248416234e-08
Disease	disease_19741	1.3604693625996229e-08
Disease	disease_10665	1.3599829484454801e-08
Disease	disease_16830	1.3596868977021656e-08
Disease	disease_3361	1.3590177515885171e-08
Disease	disease_11152	1.3588164995785869e-08
Disease	disease_15579	1.3584520287614805e-08
Disease	disease_25193	1.3578653942982726e-08
Disease	disease_20105	1.357816701968727e-08
Disease	disease_5407	1.3577479960481774e-08
Disease	disease_17360	1.3558256185844257e-08
Disease	disease_16335	1.3556609531443506e-08
Disease	disease_16361	1.3556422196935221e-08
Disease	disease_14423	1.3552459936436211e-08
Disease	disease_12184	1.3539360261180791e-08
Disease	disease_6248	1.3532522293227824e-08
Disease	disease_17713	1.3531926348502258e-08
Disease	disease_24280	1.352802027714195e-08
Disease	disease_7725	1.3523588752075103e-08
Disease	disease_12118	1.3512858529728823e-08
Disease	disease_6916	1.3509675777254987e-08
Disease	disease_7156	1.3509543496064655e-08
Disease	disease_2064	1.3501307964577041e-08
Disease	disease_12496	1.3488926983954341e-08
Disease	disease_7783	1.3485726951415469e-08
Disease	disease_17158	1.3474940399509322e-08
Disease	disease_17157	1.3474940399509322e-08
Disease	disease_14744	1.3474560786558703e-08
Disease	disease_2387	1.3464850397842955e-08
Disease	disease_30961	1.3464228953549427e-08
Disease	disease_30017	1.3463217273557583e-08
Disease	disease_471	1.3441039098655129e-08
Disease	disease_2463	1.3434008516044072e-08
Disease	disease_5217	1.3427197811125968e-08
Disease	disease_12198	1.34231993901452e-08
Disease	disease_18841	1.3420711580099711e-08
Disease	disease_9261	1.3417467176613697e-08
Disease	disease_19586	1.3414775688658041e-08
Disease	disease_18858	1.3411643555061228e-08
Disease	disease_11846	1.3406581109663198e-08
Disease	disease_30105	1.3404775095395962e-08
Disease	disease_7495	1.3377349421915212e-08
Disease	disease_9800	1.3363001163352159e-08
Disease	disease_450	1.336274298849531e-08
Disease	disease_452	1.336274298849531e-08
Disease	disease_18079	1.335851703977933e-08
Disease	disease_12266	1.3354994868053283e-08
Disease	disease_3087	1.3352109833109067e-08
Disease	disease_7507	1.3340245214033418e-08
Disease	disease_3495	1.3325146861971648e-08
Disease	disease_21175	1.3319639624135071e-08
Disease	disease_14750	1.3314981700747185e-08
Disease	disease_4794	1.3314006847175609e-08
Disease	disease_9262	1.3313966276976023e-08
Disease	disease_11835	1.3308875244047247e-08
Disease	disease_10243	1.3308148321116978e-08
Disease	disease_2762	1.330399073673319e-08
Disease	disease_43207	1.329660065336744e-08
Disease	disease_20240	1.3295126202331911e-08
Disease	disease_13589	1.32894681558123e-08
Disease	disease_6611	1.3288845939083764e-08
Disease	disease_14546	1.3287297587101441e-08
Disease	disease_8702	1.3277510938591616e-08
Disease	disease_4941	1.3271615744112094e-08
Disease	disease_17774	1.326976555867125e-08
Disease	disease_25030	1.3269392219807002e-08
Disease	disease_16105	1.3268545730524841e-08
Disease	disease_19432	1.3268020637872008e-08
Disease	disease_9747	1.32677874462008e-08
Disease	disease_9856	1.326678461510319e-08
Disease	disease_11398	1.3265620470117734e-08
Disease	disease_7508	1.32638948720754e-08
Disease	disease_9603	1.3262015758792514e-08
Disease	disease_14611	1.3250280267010859e-08
Disease	disease_6046	1.3248087559471313e-08
Disease	disease_20288	1.3241077476895869e-08
Disease	disease_15438	1.3236699248292797e-08
Disease	disease_8962	1.3236152363298295e-08
Disease	disease_21720	1.3234167194124233e-08
Disease	disease_18381	1.3222866513512039e-08
Disease	disease_3935	1.321678283594946e-08
Disease	disease_4703	1.3215199734680932e-08
Disease	disease_19535	1.3211219816804286e-08
Disease	disease_17915	1.3196069503903763e-08
Disease	disease_21120	1.3193134808300477e-08
Disease	disease_18714	1.318629376115038e-08
Disease	disease_18712	1.318629376115038e-08
Disease	disease_18713	1.318629376115038e-08
Disease	disease_7706	1.3178736419325651e-08
Disease	disease_8675	1.3176346295371864e-08
Disease	disease_16887	1.3175444013036601e-08
Disease	disease_20739	1.31726398015874e-08
Disease	disease_23161	1.316126626656561e-08
Disease	disease_16117	1.3158528904878378e-08
Disease	disease_20506	1.315700143672518e-08
Disease	disease_167	1.3154640959494978e-08
Disease	disease_6209	1.315090693056606e-08
Disease	disease_19415	1.313681881442002e-08
Disease	disease_20495	1.3127827919530889e-08
Disease	disease_19707	1.3125244683081121e-08
Disease	disease_7812	1.3122249334186397e-08
Disease	disease_2977	1.3111777496269803e-08
Disease	disease_17015	1.3103419572256556e-08
Disease	disease_16394	1.310011394372825e-08
Disease	disease_33010	1.30972046986323e-08
Disease	disease_16546	1.3080076770571225e-08
Disease	disease_14659	1.3073522617557638e-08
Disease	disease_13324	1.3070834113876157e-08
Disease	disease_7549	1.3070109803790098e-08
Disease	disease_7493	1.3068235236517976e-08
Disease	disease_24354	1.3059071511513965e-08
Disease	disease_10232	1.3045635567754089e-08
Disease	disease_3090	1.304454952997673e-08
Disease	disease_9928	1.303977355511895e-08
Disease	disease_14998	1.3034414611538314e-08
Disease	disease_19478	1.3033365820165628e-08
Disease	disease_395	1.3027485989806935e-08
Disease	disease_18649	1.302615190308326e-08
Disease	disease_19249	1.3011774845607217e-08
Disease	disease_23204	1.3006783511420748e-08
Disease	disease_133	1.3002454413230028e-08
Disease	disease_4231	1.3001954511842867e-08
Disease	disease_15044	1.2999351044739937e-08
Disease	disease_13507	1.2997881795785785e-08
Disease	disease_4586	1.2997782984199817e-08
Disease	disease_18516	1.2997229700520635e-08
Disease	disease_6528	1.2996698234908346e-08
Disease	disease_710	1.298727984382322e-08
Disease	disease_6909	1.2984103371305974e-08
Disease	disease_17694	1.2967381881364407e-08
Disease	disease_17258	1.2965244212075683e-08
Disease	disease_1217	1.296200173000357e-08
Disease	disease_8968	1.2950561152981724e-08
Disease	disease_3708	1.2940690430612944e-08
Disease	disease_20135	1.2938782355730822e-08
Disease	disease_14099	1.293375285262204e-08
Disease	disease_412	1.2932644684408936e-08
Disease	disease_20106	1.2930490370083896e-08
Disease	disease_6375	1.292786212113462e-08
Disease	disease_14148	1.292725001348686e-08
Disease	disease_9173	1.2924543899242637e-08
Disease	disease_7416	1.2904028470356289e-08
Disease	disease_2519	1.2901267616558781e-08
Disease	disease_10998	1.289851856208569e-08
Disease	disease_6138	1.2894885000602264e-08
Disease	disease_17048	1.2894872797006518e-08
Disease	disease_6933	1.289332813752907e-08
Disease	disease_11266	1.288229258974515e-08
Disease	disease_20123	1.2871937905558119e-08
Disease	disease_13848	1.2868199176010557e-08
Disease	disease_7671	1.2867776139329233e-08
Disease	disease_17140	1.2866973904057111e-08
Disease	disease_16558	1.2865602052075954e-08
Disease	disease_965	1.2864955857773405e-08
Disease	disease_12362	1.2863197616163646e-08
Disease	disease_986	1.285944378285935e-08
Disease	disease_14030	1.285842640562808e-08
Disease	disease_16894	1.2848154512763258e-08
Disease	disease_17425	1.2844231569292803e-08
Disease	disease_25114	1.2840908818186659e-08
Disease	disease_17056	1.2839095394205691e-08
Disease	disease_33012	1.2836387213825691e-08
Disease	disease_13560	1.2835469622487277e-08
Disease	disease_16091	1.283280610923856e-08
Disease	disease_13817	1.2828661419957334e-08
Disease	disease_4746	1.281783350776412e-08
Disease	disease_16222	1.2816085252959525e-08
Disease	disease_34103	1.281493984694359e-08
Disease	disease_12415	1.28149394901114e-08
Disease	disease_2450	1.2808798621506581e-08
Disease	disease_6937	1.2802086769119823e-08
Disease	disease_10680	1.280176709872204e-08
Disease	disease_11190	1.2799273117871757e-08
Disease	disease_13371	1.2796507098643626e-08
Disease	disease_15729	1.2794785025846637e-08
Disease	disease_7362	1.2791889096279198e-08
Disease	disease_17276	1.2789473497021847e-08
Disease	disease_8859	1.2789193591748471e-08
Disease	disease_2142	1.2784797550451519e-08
Disease	disease_14541	1.2783215671198e-08
Disease	disease_17749	1.2782712387298852e-08
Disease	disease_9333	1.2776441143607532e-08
Disease	disease_13854	1.2768757317411156e-08
Disease	disease_8050	1.2765942683728887e-08
Disease	disease_10239	1.2765701642281649e-08
Disease	disease_21205	1.2764456354484864e-08
Disease	disease_33013	1.2758762922510982e-08
Disease	disease_1186	1.2752875993576114e-08
Disease	disease_7101	1.2749569702737187e-08
Disease	disease_14910	1.274867991000221e-08
Disease	disease_5944	1.2745949205494872e-08
Disease	disease_5632	1.2740983296830481e-08
Disease	disease_15707	1.2740238761775789e-08
Disease	disease_11783	1.2734871120937445e-08
Disease	disease_12000	1.2734388560258835e-08
Disease	disease_23820	1.2729112253678852e-08
Disease	disease_8571	1.2727349422622355e-08
Disease	disease_9878	1.2724253073731389e-08
Disease	disease_12510	1.2723567677022464e-08
Disease	disease_14396	1.2723505948244593e-08
Disease	disease_4717	1.2715851177537692e-08
Disease	disease_17390	1.2712517052238738e-08
Disease	disease_20045	1.2712131855714188e-08
Disease	disease_7635	1.2709057854202313e-08
Disease	disease_14656	1.2701703717115222e-08
Disease	disease_10024	1.2699822428942933e-08
Disease	disease_18772	1.269641078647935e-08
Disease	disease_17457	1.269221996239292e-08
Disease	disease_17456	1.269221996239292e-08
Disease	disease_12718	1.2690534141685426e-08
Disease	disease_19257	1.2687297351095455e-08
Disease	disease_8830	1.2686504411332224e-08
Disease	disease_33614	1.2685986853863518e-08
Disease	disease_14881	1.2684918839127016e-08
Disease	disease_12062	1.2677260476706528e-08
Disease	disease_3646	1.267279367364224e-08
Disease	disease_18464	1.2668787904567591e-08
Disease	disease_9101	1.266765164369744e-08
Disease	disease_20211	1.2664097466655102e-08
Disease	disease_10558	1.2662713188698728e-08
Disease	disease_13373	1.2660799491510747e-08
Disease	disease_24336	1.2660258418641974e-08
Disease	disease_2167	1.2650914830533913e-08
Disease	disease_11311	1.2649269152048879e-08
Disease	disease_7750	1.2646739489916741e-08
Disease	disease_13743	1.2639576479120575e-08
Disease	disease_10205	1.2638678466635721e-08
Disease	disease_33014	1.2637807851857624e-08
Disease	disease_2865	1.2637480254697737e-08
Disease	disease_1355	1.2634330856178873e-08
Disease	disease_12479	1.2631733429147611e-08
Disease	disease_19793	1.2623508207753562e-08
Disease	disease_10946	1.2618632436687069e-08
Disease	disease_4117	1.2613266983530517e-08
Disease	disease_32637	1.261197844441084e-08
Disease	disease_11826	1.2611218955085431e-08
Disease	disease_19911	1.2603716308119627e-08
Disease	disease_722	1.2593821283666382e-08
Disease	disease_14618	1.2592432691617995e-08
Disease	disease_1593	1.2591115722289448e-08
Disease	disease_19174	1.258815568838324e-08
Disease	disease_21578	1.2578277135799867e-08
Disease	disease_8749	1.2577292841729278e-08
Disease	disease_8732	1.2574990688986211e-08
Disease	disease_19640	1.2569911811712586e-08
Disease	disease_16289	1.2568840522581414e-08
Disease	disease_21121	1.2566134101269244e-08
Disease	disease_32	1.256329485177523e-08
Disease	disease_10922	1.2562598594128883e-08
Disease	disease_20927	1.2557118013521795e-08
Disease	disease_10675	1.254478557302331e-08
Disease	disease_16315	1.2543642713036252e-08
Disease	disease_16999	1.2536159366724749e-08
Disease	disease_32726	1.253544981371254e-08
Disease	disease_18699	1.2532771314238096e-08
Disease	disease_16316	1.2532259273141554e-08
Disease	disease_10678	1.252611093157983e-08
Disease	disease_11870	1.2524076052403021e-08
Disease	disease_9444	1.2517370987015398e-08
Disease	disease_17434	1.2513811373454685e-08
Disease	disease_5566	1.2501954219681732e-08
Disease	disease_16810	1.2501788237442594e-08
Disease	disease_13186	1.2501056926746057e-08
Disease	disease_4803	1.249850959079391e-08
Disease	disease_13782	1.2498134994771127e-08
Disease	disease_41996	1.2496298385900135e-08
Disease	disease_5993	1.2487633505585658e-08
Disease	disease_17127	1.2485319200165186e-08
Disease	disease_5807	1.2468720611524137e-08
Disease	disease_10613	1.2468287442859166e-08
Disease	disease_8376	1.246703287217592e-08
Disease	disease_12264	1.2464765487627731e-08
Disease	disease_12265	1.2464765487627731e-08
Disease	disease_10517	1.246075383214781e-08
Disease	disease_16104	1.2454823949613558e-08
Disease	disease_8828	1.2454468018109436e-08
Disease	disease_18336	1.2446707691819927e-08
Disease	disease_20571	1.2446472221408195e-08
Disease	disease_5680	1.2446472221408195e-08
Disease	disease_15281	1.2442267069830361e-08
Disease	disease_14595	1.243725417952386e-08
Disease	disease_100089	1.2436300456539148e-08
Disease	disease_15798	1.2434669890845361e-08
Disease	disease_100288	1.2432174096554934e-08
Disease	disease_4420	1.2432132492851819e-08
Disease	disease_34189	1.2417791901836487e-08
Disease	disease_100091	1.2408418880340713e-08
Disease	disease_16391	1.2398494897478787e-08
Disease	disease_7128	1.239848153553498e-08
Disease	disease_18627	1.2394919154227107e-08
Disease	disease_4048	1.2394138334624417e-08
Disease	disease_8097	1.2391114990052803e-08
Disease	disease_9785	1.2386897731572214e-08
Disease	disease_14682	1.238096432791571e-08
Disease	disease_9195	1.2368595151893668e-08
Disease	disease_9595	1.2365935583587136e-08
Disease	disease_10966	1.2352853168361555e-08
Disease	disease_14094	1.2350557016915531e-08
Disease	disease_14681	1.2345446862370238e-08
Disease	disease_888	1.2337189867186406e-08
Disease	disease_16777	1.232531916377003e-08
Disease	disease_14474	1.2323725451491826e-08
Disease	disease_18537	1.2323661409207261e-08
Disease	disease_14253	1.232273077451959e-08
Disease	disease_8092	1.2321657448879889e-08
Disease	disease_13968	1.230411876430298e-08
Disease	disease_13964	1.2303887851088416e-08
Disease	disease_7295	1.2294901572968017e-08
Disease	disease_100286	1.2294820419794468e-08
Disease	disease_18133	1.2290510505693066e-08
Disease	disease_19714	1.2287919746497923e-08
Disease	disease_14737	1.2285874714076213e-08
Disease	disease_15141	1.2284472991031544e-08
Disease	disease_6132	1.2282385119599926e-08
Disease	disease_2455	1.2282385119599926e-08
Disease	disease_12546	1.2280363752360182e-08
Disease	disease_10650	1.2275339893739033e-08
Disease	disease_16328	1.2274728957043517e-08
Disease	disease_4263	1.2274234483282392e-08
Disease	disease_15205	1.2262985256308916e-08
Disease	disease_16326	1.2261559468581934e-08
Disease	disease_9254	1.223885281593018e-08
Disease	disease_16555	1.2231974893167732e-08
Disease	disease_100022	1.2224460086236267e-08
Disease	disease_10954	1.2223585500816526e-08
Disease	disease_14452	1.2223471500712632e-08
Disease	disease_16789	1.2220438992421875e-08
Disease	disease_7570	1.219768619103287e-08
Disease	disease_14045	1.2192190798369297e-08
Disease	disease_1638	1.2191922622350939e-08
Disease	disease_9495	1.2185169649517413e-08
Disease	disease_24645	1.2180123083655224e-08
Disease	disease_15178	1.2166537208232267e-08
Disease	disease_6135	1.2159078073643253e-08
Disease	disease_18174	1.2159030915658287e-08
Disease	disease_13874	1.2157924893963552e-08
Disease	disease_2685	1.2157214851148862e-08
Disease	disease_43479	1.215444546329603e-08
Disease	disease_11205	1.2154130336023179e-08
Disease	disease_9291	1.2148953734774318e-08
Disease	disease_15739	1.2147976458938648e-08
Disease	disease_10961	1.2134501342624164e-08
Disease	disease_8704	1.213442344124252e-08
Disease	disease_266	1.2132076650314452e-08
Disease	disease_11653	1.2129911926157038e-08
Disease	disease_8028	1.212325010695956e-08
Disease	disease_7817	1.2118479757319484e-08
Disease	disease_13559	1.2111204054031595e-08
Disease	disease_13502	1.2106906277605176e-08
Disease	disease_7072	1.210536529947694e-08
Disease	disease_16341	1.2103098023739702e-08
Disease	disease_11287	1.2102697391173494e-08
Disease	disease_4612	1.2099108803694683e-08
Disease	disease_31446	1.2098727757795871e-08
Disease	disease_13619	1.2095381739341449e-08
Disease	disease_8321	1.2085444742698242e-08
Disease	disease_1347	1.2083662677270304e-08
Disease	disease_13739	1.208129640192175e-08
Disease	disease_16848	1.2076996013274067e-08
Disease	disease_15492	1.207587333054682e-08
Disease	disease_17264	1.206032991715819e-08
Disease	disease_20301	1.205601681791653e-08
Disease	disease_12798	1.204811714873139e-08
Disease	disease_15699	1.2047960441069677e-08
Disease	disease_21197	1.2047392358074542e-08
Disease	disease_25513	1.2043144685819638e-08
Disease	disease_19035	1.2031536858119201e-08
Disease	disease_10676	1.2022677195211016e-08
Disease	disease_10632	1.201853371023687e-08
Disease	disease_3835	1.2016117910287047e-08
Disease	disease_14257	1.2006109870473651e-08
Disease	disease_32668	1.2005890660393434e-08
Disease	disease_4751	1.2002840667888068e-08
Disease	disease_9159	1.1998129999001467e-08
Disease	disease_6571	1.1997886375033164e-08
Disease	disease_10677	1.1997350187341915e-08
Disease	disease_44807	1.1992086837927186e-08
Disease	disease_3410	1.1983352322195863e-08
Disease	disease_18393	1.1976890149523957e-08
Disease	disease_14506	1.1975029479616416e-08
Disease	disease_12594	1.1974906916283472e-08
Disease	disease_32692	1.1973882286087266e-08
Disease	disease_5960	1.1973701342759925e-08
Disease	disease_15425	1.1965987177678593e-08
Disease	disease_11765	1.1964542061381938e-08
Disease	disease_3272	1.1958340918086885e-08
Disease	disease_7412	1.195826393634603e-08
Disease	disease_16801	1.195820849763168e-08
Disease	disease_14753	1.1956165954634497e-08
Disease	disease_60662	1.194939985542789e-08
Disease	disease_18856	1.1949263729795699e-08
Disease	disease_3382	1.1946839363542148e-08
Disease	disease_701	1.1945587450582183e-08
Disease	disease_1777	1.1941935925216642e-08
Disease	disease_255	1.1934377759000223e-08
Disease	disease_17426	1.1930683401491034e-08
Disease	disease_19020	1.1926791110738696e-08
Disease	disease_19597	1.1925208674372085e-08
Disease	disease_16796	1.1922652101404022e-08
Disease	disease_54785	1.1913149470293698e-08
Disease	disease_54852	1.19128298242051e-08
Disease	disease_10600	1.190781887118086e-08
Disease	disease_3591	1.1898080398468438e-08
Disease	disease_17763	1.1887874241089489e-08
Disease	disease_2282	1.1887265391326064e-08
Disease	disease_16399	1.1884772193832747e-08
Disease	disease_100214	1.1882546308953284e-08
Disease	disease_6837	1.1880149528111256e-08
Disease	disease_1708	1.187909016039489e-08
Disease	disease_23	1.187866580529624e-08
Disease	disease_24505	1.1877846908731558e-08
Disease	disease_16178	1.1869044233498614e-08
Disease	disease_1712	1.1866112979984504e-08
Disease	disease_16025	1.185422515517434e-08
Disease	disease_9605	1.1853111246452676e-08
Disease	disease_5434	1.1848804390350752e-08
Disease	disease_9310	1.1837770053301159e-08
Disease	disease_13168	1.183678653424568e-08
Disease	disease_20706	1.183275718774215e-08
Disease	disease_9835	1.1828109329258244e-08
Disease	disease_44333	1.1827395755742098e-08
Disease	disease_13512	1.1820555871218032e-08
Disease	disease_43152	1.1820425607979922e-08
Disease	disease_43240	1.1820425607979922e-08
Disease	disease_14558	1.1818321755545721e-08
Disease	disease_13362	1.1817600068021888e-08
Disease	disease_14606	1.181680395088541e-08
Disease	disease_18950	1.1815110384169397e-08
Disease	disease_10139	1.1811646034942906e-08
Disease	disease_9308	1.1804320598408012e-08
Disease	disease_5074	1.180398838245346e-08
Disease	disease_10708	1.1799486283119042e-08
Disease	disease_14922	1.179522175502813e-08
Disease	disease_21386	1.1794727292971352e-08
Disease	disease_24582	1.1774138394539421e-08
Disease	disease_2241	1.1773871824005116e-08
Disease	disease_20090	1.1773783160211114e-08
Disease	disease_18951	1.1770217016048494e-08
Disease	disease_17647	1.1770194872200956e-08
Disease	disease_17261	1.17541479996712e-08
Disease	disease_11702	1.175217146927783e-08
Disease	disease_33885	1.1746764914288002e-08
Disease	disease_8409	1.1746120195821888e-08
Disease	disease_5429	1.1743179840167206e-08
Disease	disease_20227	1.1740933408351948e-08
Disease	disease_17620	1.1738803269383743e-08
Disease	disease_17619	1.1738803269383743e-08
Disease	disease_17621	1.1738803269383743e-08
Disease	disease_17618	1.1738803269383743e-08
Disease	disease_17622	1.1738803269383743e-08
Disease	disease_6191	1.1736649556567936e-08
Disease	disease_9367	1.1732978522289946e-08
Disease	disease_2881	1.1730836174044465e-08
Disease	disease_10945	1.1730096907889133e-08
Disease	disease_15181	1.1727822987805223e-08
Disease	disease_16011	1.1727264456426949e-08
Disease	disease_13479	1.1726300478527104e-08
Disease	disease_10100	1.1725780833834015e-08
Disease	disease_11482	1.1725300199355954e-08
Disease	disease_33282	1.1722764412045455e-08
Disease	disease_1733	1.1721528417409147e-08
Disease	disease_16301	1.1719156128090452e-08
Disease	disease_5847	1.169814965676187e-08
Disease	disease_23011	1.169814965676187e-08
Disease	disease_2929	1.169814965676187e-08
Disease	disease_6972	1.169814965676187e-08
Disease	disease_6931	1.169814965676187e-08
Disease	disease_22736	1.169814965676187e-08
Disease	disease_9626	1.1692338922578123e-08
Disease	disease_9498	1.1687040911542768e-08
Disease	disease_10328	1.1686346358193563e-08
Disease	disease_18475	1.1684405582157338e-08
Disease	disease_9309	1.1681359624234763e-08
Disease	disease_20194	1.167000324505172e-08
Disease	disease_100211	1.1669632415710719e-08
Disease	disease_20341	1.1650714036338446e-08
Disease	disease_1688	1.1647179965436977e-08
Disease	disease_1431	1.1647179965436977e-08
Disease	disease_18385	1.164087581323696e-08
Disease	disease_9133	1.1637067954593135e-08
Disease	disease_14528	1.1636606048404176e-08
Disease	disease_19377	1.1636431136466276e-08
Disease	disease_12746	1.1634106149506651e-08
Disease	disease_532	1.1632650054276788e-08
Disease	disease_17362	1.1630565964364322e-08
Disease	disease_2518	1.1621408600794886e-08
Disease	disease_14332	1.1608780709392898e-08
Disease	disease_8636	1.1607838971655232e-08
Disease	disease_5134	1.160773209490591e-08
Disease	disease_18594	1.1600867651028378e-08
Disease	disease_15145	1.1598944912332716e-08
Disease	disease_20302	1.1596240573368198e-08
Disease	disease_1643	1.159068289472935e-08
Disease	disease_18056	1.1571139935635875e-08
Disease	disease_3147	1.1568651271504997e-08
Disease	disease_9005	1.1567395218436907e-08
Disease	disease_3988	1.1566593643190067e-08
Disease	disease_11129	1.1566171983768352e-08
Disease	disease_839	1.1560471200232923e-08
Disease	disease_6607	1.1560140679971104e-08
Disease	disease_21467	1.1559444867826577e-08
Disease	disease_14773	1.1558138924879376e-08
Disease	disease_9466	1.1557936929997473e-08
Disease	disease_2815	1.1556828774248429e-08
Disease	disease_4933	1.1555439612301298e-08
Disease	disease_8863	1.1549116837161023e-08
Disease	disease_30048	1.1547331463190784e-08
Disease	disease_13283	1.1546047421540989e-08
Disease	disease_17069	1.1545256548519395e-08
Disease	disease_12745	1.1543995024037309e-08
Disease	disease_11787	1.1542799865513345e-08
Disease	disease_5910	1.154186472825932e-08
Disease	disease_10288	1.153992750708647e-08
Disease	disease_15947	1.153859643968121e-08
Disease	disease_6414	1.1535598780695091e-08
Disease	disease_1476	1.1531377561981908e-08
Disease	disease_4189	1.152967201209873e-08
Disease	disease_5704	1.152904940315723e-08
Disease	disease_33009	1.152685000163665e-08
Disease	disease_32793	1.152433414670918e-08
Disease	disease_15096	1.152315473814165e-08
Disease	disease_6309	1.1521548652289972e-08
Disease	disease_13778	1.1520196419205408e-08
Disease	disease_6055	1.1513032196199528e-08
Disease	disease_8086	1.1509796204895872e-08
Disease	disease_6690	1.1505255293329203e-08
Disease	disease_19064	1.1504659475701735e-08
Disease	disease_10379	1.1501640023191461e-08
Disease	disease_17786	1.1500915020328125e-08
Disease	disease_10287	1.1495292540432494e-08
Disease	disease_11913	1.1493494755515082e-08
Disease	disease_21747	1.149032141035022e-08
Disease	disease_20947	1.14866307269183e-08
Disease	disease_3354	1.1484573537267841e-08
Disease	disease_13339	1.14836745512389e-08
Disease	disease_20705	1.1479490790756127e-08
Disease	disease_8682	1.1478101578288821e-08
Disease	disease_3820	1.1461115850673824e-08
Disease	disease_56819	1.1459721313170593e-08
Disease	disease_10794	1.1458820562228706e-08
Disease	disease_13203	1.1456436865309286e-08
Disease	disease_12071	1.1454333991847012e-08
Disease	disease_10156	1.14526602146148e-08
Disease	disease_6275	1.1448113148659641e-08
Disease	disease_18621	1.1439322415995136e-08
Disease	disease_18166	1.1436001376217976e-08
Disease	disease_11614	1.1435424364063657e-08
Disease	disease_17123	1.1433464874747552e-08
Disease	disease_6006	1.1431890226972006e-08
Disease	disease_11676	1.1429706837179081e-08
Disease	disease_25481	1.1424154824176368e-08
Disease	disease_17584	1.1413303267151859e-08
Disease	disease_5950	1.1411832150103803e-08
Disease	disease_4105	1.140943210100984e-08
Disease	disease_11868	1.140899406807824e-08
Disease	disease_20568	1.1404350822379282e-08
Disease	disease_12638	1.1401817324113646e-08
Disease	disease_2786	1.1400558099517293e-08
Disease	disease_1299	1.140032975750662e-08
Disease	disease_19572	1.1396772610344042e-08
Disease	disease_24913	1.1395380412923504e-08
Disease	disease_10215	1.1394122179190154e-08
Disease	disease_7908	1.1387209461478191e-08
Disease	disease_11840	1.1386839632838375e-08
Disease	disease_8404	1.1386241567836727e-08
Disease	disease_14073	1.1383652685841397e-08
Disease	disease_13217	1.1380150796510112e-08
Disease	disease_21388	1.1379924420542618e-08
Disease	disease_16329	1.1375517215191741e-08
Disease	disease_9705	1.1373031207176697e-08
Disease	disease_9670	1.136834415877951e-08
Disease	disease_5629	1.1365728168113068e-08
Disease	disease_10731	1.136448105743926e-08
Disease	disease_12667	1.1363815988886576e-08
Disease	disease_8006	1.1363096819439697e-08
Disease	disease_13546	1.1362405968477586e-08
Disease	disease_4756	1.1359993995009821e-08
Disease	disease_13147	1.1355624579490059e-08
Disease	disease_14095	1.1352621576368592e-08
Disease	disease_602	1.1350934259935634e-08
Disease	disease_16612	1.1340120721061472e-08
Disease	disease_6237	1.1337271374842853e-08
Disease	disease_3186	1.1333150516694642e-08
Disease	disease_4698	1.1329539467182645e-08
Disease	disease_17272	1.1328818909047856e-08
Disease	disease_4148	1.1325944972396635e-08
Disease	disease_14780	1.1320526053421255e-08
Disease	disease_14916	1.1318124893378865e-08
Disease	disease_19346	1.131429155129304e-08
Disease	disease_2991	1.1309872432897002e-08
Disease	disease_6245	1.130767920744117e-08
Disease	disease_27772	1.1304021299558876e-08
Disease	disease_12545	1.1302632488033822e-08
Disease	disease_13030	1.1300509697115023e-08
Disease	disease_11305	1.129144897557095e-08
Disease	disease_7244	1.128208413567706e-08
Disease	disease_15895	1.1276096580545078e-08
Disease	disease_12368	1.1273132933779979e-08
Disease	disease_32780	1.1271830771474055e-08
Disease	disease_13211	1.1264572314340975e-08
Disease	disease_14759	1.1261855163269135e-08
Disease	disease_6980	1.1261784605204233e-08
Disease	disease_7415	1.1261778919792613e-08
Disease	disease_10020	1.1260805276374724e-08
Disease	disease_40871	1.125392005071814e-08
Disease	disease_17031	1.1248976729892712e-08
Disease	disease_3398	1.1248395497438789e-08
Disease	disease_6853	1.1247904422572826e-08
Disease	disease_21389	1.1247075067287663e-08
Disease	disease_14793	1.1244576794082057e-08
Disease	disease_9181	1.1237522660960952e-08
Disease	disease_596	1.1234517103759663e-08
Disease	disease_9183	1.1232980056980261e-08
Disease	disease_8496	1.1229060806373496e-08
Disease	disease_13198	1.1228001312837297e-08
Disease	disease_1263	1.1222455949949861e-08
Disease	disease_12556	1.1198959816872715e-08
Disease	disease_19681	1.1198731939640893e-08
Disease	disease_12704	1.1191117895600136e-08
Disease	disease_14464	1.119060045422788e-08
Disease	disease_11664	1.1186760758154424e-08
Disease	disease_10161	1.1180034707275946e-08
Disease	disease_44746	1.1176231577773731e-08
Disease	disease_946	1.1173492075509195e-08
Disease	disease_6444	1.117150240949958e-08
Disease	disease_6754	1.116825197865204e-08
Disease	disease_7004	1.1158007787152054e-08
Disease	disease_3690	1.1157774048551982e-08
Disease	disease_6155	1.115482367323668e-08
Disease	disease_14165	1.1147022232983753e-08
Disease	disease_12839	1.1140687050942047e-08
Disease	disease_2191	1.1139929195846109e-08
Disease	disease_10712	1.1128454332213816e-08
Disease	disease_8289	1.11279181304671e-08
Disease	disease_100237	1.112317380446555e-08
Disease	disease_13781	1.1121340258894444e-08
Disease	disease_8846	1.111457864308894e-08
Disease	disease_43364	1.1113626522843122e-08
Disease	disease_5404	1.1113504645651658e-08
Disease	disease_15713	1.1112328276821083e-08
Disease	disease_11567	1.1105895397826906e-08
Disease	disease_12364	1.1105895397826906e-08
Disease	disease_11425	1.1105895397826906e-08
Disease	disease_10921	1.110460051427316e-08
Disease	disease_16407	1.1087256589541098e-08
Disease	disease_6672	1.1085243905125236e-08
Disease	disease_13777	1.1080914425679823e-08
Disease	disease_16165	1.1077099531135185e-08
Disease	disease_19216	1.105728642783746e-08
Disease	disease_7772	1.1044685789683264e-08
Disease	disease_7402	1.1043815137319537e-08
Disease	disease_18463	1.1039195087051887e-08
Disease	disease_16295	1.103807484085955e-08
Disease	disease_15998	1.1035147540298307e-08
Disease	disease_18727	1.1030373033989177e-08
Disease	disease_10533	1.1028794356580763e-08
Disease	disease_44335	1.102834863110149e-08
Disease	disease_14696	1.1025807097974084e-08
Disease	disease_18108	1.1025123123332205e-08
Disease	disease_21022	1.1025087434027366e-08
Disease	disease_3710	1.1023449758134358e-08
Disease	disease_2603	1.1021733662436458e-08
Disease	disease_16231	1.1020119100900623e-08
Disease	disease_10524	1.1015766874892406e-08
Disease	disease_18825	1.1009463115889618e-08
Disease	disease_3257	1.1002368987084655e-08
Disease	disease_15993	1.0999200395084098e-08
Disease	disease_3481	1.0995957319273691e-08
Disease	disease_7405	1.0995293602151521e-08
Disease	disease_43555	1.0991674173592104e-08
Disease	disease_2842	1.0988859530293617e-08
Disease	disease_16121	1.0986986663699166e-08
Disease	disease_10691	1.098270588558718e-08
Disease	disease_8552	1.0982662737092782e-08
Disease	disease_16358	1.0976158053848605e-08
Disease	disease_16003	1.0974576709504786e-08
Disease	disease_688	1.0967820851252632e-08
Disease	disease_4186	1.0965833695692265e-08
Disease	disease_10241	1.0963699834387261e-08
Disease	disease_19435	1.0963071076971872e-08
Disease	disease_18248	1.0958472783149341e-08
Disease	disease_3004	1.0956152006653329e-08
Disease	disease_1511	1.095057873578742e-08
Disease	disease_17163	1.0946487954899315e-08
Disease	disease_12425	1.0942997886958027e-08
Disease	disease_17404	1.0942671593118167e-08
Disease	disease_16650	1.0941944086743772e-08
Disease	disease_15010	1.0936808131275402e-08
Disease	disease_1703	1.0920919212859282e-08
Disease	disease_11925	1.0916668911860954e-08
Disease	disease_16784	1.0915875316162059e-08
Disease	disease_1719	1.0913576779186718e-08
Disease	disease_12888	1.090821270044806e-08
Disease	disease_17344	1.0907377704119569e-08
Disease	disease_100004	1.0907329337311471e-08
Disease	disease_4378	1.089872739253082e-08
Disease	disease_5143	1.089562204187007e-08
Disease	disease_5142	1.089562204187007e-08
Disease	disease_15627	1.0891140952775048e-08
Disease	disease_2944	1.0889031323798523e-08
Disease	disease_12210	1.0888363770190801e-08
Disease	disease_12331	1.0888363770190801e-08
Disease	disease_12303	1.0888363770190801e-08
Disease	disease_12490	1.0883907830171951e-08
Disease	disease_14647	1.0880718277665183e-08
Disease	disease_16598	1.0866833248103951e-08
Disease	disease_17720	1.0861692379693726e-08
Disease	disease_20344	1.085976281228418e-08
Disease	disease_17806	1.0857047694344663e-08
Disease	disease_19333	1.085678865787684e-08
Disease	disease_17187	1.085678865787684e-08
Disease	disease_44349	1.0847235725240078e-08
Disease	disease_4705	1.0842532897837063e-08
Disease	disease_14991	1.0840537499911726e-08
Disease	disease_17034	1.0838166555757834e-08
Disease	disease_1385	1.0837538757618989e-08
Disease	disease_21459	1.0835245051862538e-08
Disease	disease_12103	1.0834396549146548e-08
Disease	disease_9643	1.0833144206113743e-08
Disease	disease_16169	1.0832815902137576e-08
Disease	disease_13131	1.0832227966609067e-08
Disease	disease_14831	1.0828601836034788e-08
Disease	disease_9396	1.0827800651214461e-08
Disease	disease_8556	1.0812724587335991e-08
Disease	disease_824	1.081231211318023e-08
Disease	disease_1114	1.0811357152697329e-08
Disease	disease_9797	1.0810408516886518e-08
Disease	disease_21097	1.0807806258507045e-08
Disease	disease_18000	1.0791399982400039e-08
Disease	disease_18343	1.0787558005088428e-08
Disease	disease_22519	1.0780490943905264e-08
Disease	disease_4836	1.077877675559937e-08
Disease	disease_1998	1.0775622466794315e-08
Disease	disease_21234	1.0771615663882367e-08
Disease	disease_21250	1.0770165272536093e-08
Disease	disease_11678	1.0765962026470309e-08
Disease	disease_4873	1.0765725682255969e-08
Disease	disease_4871	1.0765725682255969e-08
Disease	disease_21503	1.0764917149343027e-08
Disease	disease_955	1.0753731152169654e-08
Disease	disease_5103	1.0753649553916272e-08
Disease	disease_21034	1.0753537495117177e-08
Disease	disease_21669	1.0749783028784433e-08
Disease	disease_7503	1.074557768354583e-08
Disease	disease_44987	1.0741974248321972e-08
Disease	disease_18760	1.0734068219900772e-08
Disease	disease_8075	1.0730119860807656e-08
Disease	disease_32609	1.072810932868325e-08
Disease	disease_21913	1.0727948615601934e-08
Disease	disease_24297	1.0721945293760998e-08
Disease	disease_136	1.071155641702464e-08
Disease	disease_6831	1.0711168322363971e-08
Disease	disease_6076	1.0708981157688291e-08
Disease	disease_21096	1.0708069958052576e-08
Disease	disease_9604	1.0701967972501428e-08
Disease	disease_23152	1.069631859300029e-08
Disease	disease_16570	1.0693688581117319e-08
Disease	disease_4749	1.0690811218921602e-08
Disease	disease_5643	1.0681503913177265e-08
Disease	disease_18461	1.0680394482280617e-08
Disease	disease_4725	1.0678156811466831e-08
Disease	disease_3813	1.0677415319751396e-08
Disease	disease_18241	1.0676051032855604e-08
Disease	disease_6815	1.0673419705967773e-08
Disease	disease_20083	1.067225915684187e-08
Disease	disease_11923	1.0666619013524548e-08
Disease	disease_43544	1.0666542542530696e-08
Disease	disease_18015	1.0665750611599397e-08
Disease	disease_437	1.0663801606366182e-08
Disease	disease_19285	1.065860844767051e-08
Disease	disease_7239	1.064544078770671e-08
Disease	disease_16904	1.0644668230751502e-08
Disease	disease_11794	1.0641646793714544e-08
Disease	disease_17882	1.0635721176993252e-08
Disease	disease_21742	1.0628588104339967e-08
Disease	disease_1137	1.0618354849118081e-08
Disease	disease_19606	1.0617030314895873e-08
Disease	disease_20215	1.0607750659954259e-08
Disease	disease_3531	1.060566971901893e-08
Disease	disease_8051	1.0598952495088499e-08
Disease	disease_17589	1.0597275036636634e-08
Disease	disease_100221	1.0593994209056622e-08
Disease	disease_30867	1.0593725929340554e-08
Disease	disease_7293	1.059285255753442e-08
Disease	disease_2272	1.0587247458612103e-08
Disease	disease_20750	1.0581322456241958e-08
Disease	disease_18230	1.0577745666983462e-08
Disease	disease_5969	1.0577394471046574e-08
Disease	disease_12374	1.0573940014893638e-08
Disease	disease_2145	1.0572715088825112e-08
Disease	disease_2957	1.0567312908310684e-08
Disease	disease_5919	1.0566721634635e-08
Disease	disease_16126	1.0566492123087626e-08
Disease	disease_12136	1.0566143358194735e-08
Disease	disease_37829	1.056339614071683e-08
Disease	disease_20099	1.0558976237453905e-08
Disease	disease_3535	1.0558709190631368e-08
Disease	disease_9511	1.0551553425259714e-08
Disease	disease_24333	1.0547969929728707e-08
Disease	disease_17310	1.0544694820567798e-08
Disease	disease_15069	1.0543798858888785e-08
Disease	disease_11397	1.0542057591100512e-08
Disease	disease_18201	1.0540908202977402e-08
Disease	disease_14741	1.0540787545912433e-08
Disease	disease_7883	1.0538451227807602e-08
Disease	disease_503	1.05345588512029e-08
Disease	disease_17656	1.0534320611925397e-08
Disease	disease_236	1.0530718618214482e-08
Disease	disease_334	1.0530396267150633e-08
Disease	disease_2544	1.0527771640100126e-08
Disease	disease_2159	1.0524085112343453e-08
Disease	disease_9318	1.051479482772007e-08
Disease	disease_1540	1.0513572345541974e-08
Disease	disease_17790	1.0510237292537568e-08
Disease	disease_10461	1.0502840081764837e-08
Disease	disease_9476	1.0502478425807756e-08
Disease	disease_9758	1.0500133691456711e-08
Disease	disease_8328	1.0495451825966927e-08
Disease	disease_3717	1.0492193929809192e-08
Disease	disease_15194	1.0491936105895614e-08
Disease	disease_3802	1.0490828676470048e-08
Disease	disease_8926	1.0488193733578135e-08
Disease	disease_19367	1.0486964666581693e-08
Disease	disease_14952	1.0483006872974503e-08
Disease	disease_13134	1.047738626740102e-08
Disease	disease_19686	1.0476875546324282e-08
Disease	disease_8705	1.0476210467176578e-08
Disease	disease_18992	1.0473929062518908e-08
Disease	disease_43135	1.0462783573384368e-08
Disease	disease_14804	1.0460293277299083e-08
Disease	disease_12357	1.0459831431286737e-08
Disease	disease_21569	1.0459629044067602e-08
Disease	disease_9492	1.045830472137463e-08
Disease	disease_17881	1.045692779115586e-08
Disease	disease_29133	1.0456417062472308e-08
Disease	disease_9369	1.0454853545738245e-08
Disease	disease_4139	1.0453896799184983e-08
Disease	disease_21559	1.0453896799184983e-08
Disease	disease_13427	1.0452597372348229e-08
Disease	disease_4489	1.0451071902765399e-08
Disease	disease_2921	1.0450129793362568e-08
Disease	disease_11222	1.0449652838900883e-08
Disease	disease_11704	1.0449652838900883e-08
Disease	disease_8116	1.0448418474443429e-08
Disease	disease_3825	1.0442306121987568e-08
Disease	disease_2360	1.0439872754210885e-08
Disease	disease_4441	1.0435072613576031e-08
Disease	disease_20724	1.0430418603310427e-08
Disease	disease_2411	1.0430051593912081e-08
Disease	disease_9180	1.042710018715775e-08
Disease	disease_6265	1.0426477431072211e-08
Disease	disease_922	1.0426442026810974e-08
Disease	disease_13074	1.042557450684458e-08
Disease	disease_16913	1.0424172816277611e-08
Disease	disease_12053	1.040679816990922e-08
Disease	disease_13268	1.0405414458152562e-08
Disease	disease_19595	1.0404231262752814e-08
Disease	disease_15286	1.0398526201175128e-08
Disease	disease_43786	1.0396509388631678e-08
Disease	disease_24415	1.039095449535262e-08
Disease	disease_17152	1.0388720703355403e-08
Disease	disease_2605	1.038851448628192e-08
Disease	disease_17216	1.0386534777472333e-08
Disease	disease_3534	1.0384487275162207e-08
Disease	disease_5479	1.0382720566694997e-08
Disease	disease_17907	1.0382543774150114e-08
Disease	disease_13047	1.037940952846474e-08
Disease	disease_1050	1.0377823503379792e-08
Disease	disease_16596	1.0376286744564935e-08
Disease	disease_24540	1.0374622583919055e-08
Disease	disease_100284	1.036149896080769e-08
Disease	disease_16724	1.0359029846910868e-08
Disease	disease_17407	1.0347703724995963e-08
Disease	disease_3093	1.0347398683291886e-08
Disease	disease_7083	1.0347362342412056e-08
Disease	disease_16058	1.0343970390142562e-08
Disease	disease_13368	1.0340934661140744e-08
Disease	disease_2507	1.033161335818376e-08
Disease	disease_1743	1.0330607642645352e-08
Disease	disease_9809	1.0330086460511314e-08
Disease	disease_11789	1.0328562478947624e-08
Disease	disease_16027	1.0327835800505724e-08
Disease	disease_12337	1.0316086594121046e-08
Disease	disease_12646	1.0316086594121046e-08
Disease	disease_8225	1.0311970849888388e-08
Disease	disease_17630	1.0309881533293983e-08
Disease	disease_43892	1.030653206407946e-08
Disease	disease_100128	1.030653206407946e-08
Disease	disease_5799	1.030653206407946e-08
Disease	disease_7546	1.0290245220848353e-08
Disease	disease_19941	1.0288426942924334e-08
Disease	disease_5118	1.028566054481044e-08
Disease	disease_20560	1.028552601451493e-08
Disease	disease_9532	1.028546869884882e-08
Disease	disease_15158	1.0284802250946159e-08
Disease	disease_3539	1.0284721431258283e-08
Disease	disease_10847	1.0284674263822963e-08
Disease	disease_2395	1.0284167415320397e-08
Disease	disease_12878	1.0279719640164916e-08
Disease	disease_44318	1.0278491699804928e-08
Disease	disease_60578	1.0275552050815813e-08
Disease	disease_8808	1.0274577742052503e-08
Disease	disease_306	1.0274371106996992e-08
Disease	disease_17809	1.0274360683234183e-08
Disease	disease_7052	1.0274021514601748e-08
Disease	disease_16352	1.0273633719611689e-08
Disease	disease_10010	1.0269731410450015e-08
Disease	disease_15244	1.0262332783048209e-08
Disease	disease_7798	1.0261438194557685e-08
Disease	disease_12563	1.0258308049977141e-08
Disease	disease_16235	1.0253496956977387e-08
Disease	disease_9935	1.0253093192042242e-08
Disease	disease_7539	1.0250426776560015e-08
Disease	disease_4166	1.0247724998689963e-08
Disease	disease_6329	1.0245923353967685e-08
Disease	disease_4726	1.0233357346519118e-08
Disease	disease_12194	1.0226572739774532e-08
Disease	disease_16359	1.0221607646774218e-08
Disease	disease_813	1.0219114403309413e-08
Disease	disease_19229	1.0218298779514313e-08
Disease	disease_19084	1.0217898039330881e-08
Disease	disease_13873	1.0213520327051852e-08
Disease	disease_4405	1.0212071686132355e-08
Disease	disease_1930	1.0209602142295759e-08
Disease	disease_20581	1.0192564718859304e-08
Disease	disease_2217	1.0191677732474963e-08
Disease	disease_12706	1.0187670660406897e-08
Disease	disease_12923	1.0172247721574954e-08
Disease	disease_16460	1.0161831802622242e-08
Disease	disease_13059	1.0157323454759472e-08
Disease	disease_19366	1.0154948397454389e-08
Disease	disease_11108	1.015156003624037e-08
Disease	disease_15534	1.0149910490856166e-08
Disease	disease_2283	1.0149260029397065e-08
Disease	disease_19220	1.0134023651932067e-08
Disease	disease_225	1.013251282935209e-08
Disease	disease_8198	1.0132164548305985e-08
Disease	disease_6218	1.0131877548667357e-08
Disease	disease_8854	1.0130762746673857e-08
Disease	disease_4041	1.0130041433730626e-08
Disease	disease_7041	1.0128859431532119e-08
Disease	disease_14339	1.0120703659075416e-08
Disease	disease_23644	1.0115297070926011e-08
Disease	disease_20552	1.0105665495065926e-08
Disease	disease_44764	1.0100538384613085e-08
Disease	disease_12084	1.0098203138071212e-08
Disease	disease_10471	1.0095735147783464e-08
Disease	disease_10033	1.0087380134431221e-08
Disease	disease_24251	1.0084848335574734e-08
Disease	disease_13128	1.0084396983130845e-08
Disease	disease_19243	1.008082098274724e-08
Disease	disease_24264	1.0075170702087702e-08
Disease	disease_10983	1.0072916842250627e-08
Disease	disease_17400	1.00704098825668e-08
Disease	disease_20866	1.0062017386890797e-08
Disease	disease_11652	1.005611790416021e-08
Disease	disease_9443	1.0055711050798587e-08
Disease	disease_41755	1.0055202257035474e-08
Disease	disease_14631	1.005335947984356e-08
Disease	disease_15275	1.0048862010432247e-08
Disease	disease_12245	1.0046703799541064e-08
Disease	disease_42980	1.0046391197940284e-08
Disease	disease_60782	1.0043089185645097e-08
Disease	disease_14497	1.0042836495448922e-08
Disease	disease_13839	1.0037185479818183e-08
Disease	disease_18030	1.0036598049332337e-08
Disease	disease_1094	1.0035493982521717e-08
Disease	disease_8941	1.0035057528729075e-08
Disease	disease_9552	1.0033479389848386e-08
Disease	disease_16759	1.0033298821236321e-08
Disease	disease_7445	1.0031819302917435e-08
Disease	disease_14402	1.0030211767872637e-08
Disease	disease_17022	1.0029656614593143e-08
Disease	disease_7160	1.0022762726538964e-08
Disease	disease_42982	1.0009813763842978e-08
Disease	disease_1066	1.0008327999408976e-08
Disease	disease_19358	1.000725545930946e-08
Disease	disease_18638	1.000682771309028e-08
Disease	disease_12773	1.0005498912942559e-08
Disease	disease_44205	1.0003463736220066e-08
Disease	disease_7172	1.0001736760318357e-08
Disease	disease_7751	9.994453232888983e-09
Disease	disease_7031	9.993553559384975e-09
Disease	disease_10086	9.993523517200819e-09
Disease	disease_18298	9.99215213697407e-09
Disease	disease_1888	9.991082206325238e-09
Disease	disease_462	9.987061204646611e-09
Disease	disease_9323	9.985049360786283e-09
Disease	disease_9719	9.977586068775618e-09
Disease	disease_15006	9.971010394648034e-09
Disease	disease_24990	9.96818969160449e-09
Disease	disease_7478	9.963179245173771e-09
Disease	disease_15049	9.962289240413283e-09
Disease	disease_15795	9.962289240413283e-09
Disease	disease_5167	9.96134954051226e-09
Disease	disease_11165	9.96115445261858e-09
Disease	disease_20212	9.959629699186738e-09
Disease	disease_8908	9.95707035311811e-09
Disease	disease_2648	9.955552548034383e-09
Disease	disease_1693	9.952159115201247e-09
Disease	disease_1153	9.952159115201247e-09
Disease	disease_11828	9.951188389936714e-09
Disease	disease_8048	9.947893275888411e-09
Disease	disease_2923	9.944116681064222e-09
Disease	disease_20137	9.940247130916272e-09
Disease	disease_14680	9.939002785418414e-09
Disease	disease_5242	9.937649994862732e-09
Disease	disease_16160	9.93476030661859e-09
Disease	disease_2008	9.931373346748082e-09
Disease	disease_8787	9.93135239038433e-09
Disease	disease_17363	9.92778835933726e-09
Disease	disease_16785	9.9242446651276e-09
Disease	disease_10065	9.915536712653103e-09
Disease	disease_6523	9.914816450481055e-09
Disease	disease_4076	9.91414313031442e-09
Disease	disease_11014	9.911460191389906e-09
Disease	disease_3454	9.899525714205952e-09
Disease	disease_15776	9.897630177366472e-09
Disease	disease_5117	9.891196965802146e-09
Disease	disease_16380	9.89035389437809e-09
Disease	disease_10187	9.88989423053264e-09
Disease	disease_9943	9.8898487527357e-09
Disease	disease_17761	9.885714684341544e-09
Disease	disease_13587	9.884159061605815e-09
Disease	disease_276	9.883818464957116e-09
Disease	disease_2175	9.87949701530839e-09
Disease	disease_11050	9.869881631644478e-09
Disease	disease_16521	9.866152889749452e-09
Disease	disease_9757	9.863603925948829e-09
Disease	disease_12783	9.860642921720666e-09
Disease	disease_20718	9.857308902714383e-09
Disease	disease_2751	9.856478316659066e-09
Disease	disease_8779	9.855547016470452e-09
Disease	disease_9865	9.854065046579021e-09
Disease	disease_16808	9.852772617399512e-09
Disease	disease_10399	9.85060114621524e-09
Disease	disease_7029	9.84178773518246e-09
Disease	disease_8490	9.835129547812366e-09
Disease	disease_4081	9.835008871128438e-09
Disease	disease_34104	9.83464595730834e-09
Disease	disease_19079	9.828661361793558e-09
Disease	disease_4984	9.814517555410768e-09
Disease	disease_9149	9.812592756001384e-09
Disease	disease_5857	9.807752281444446e-09
Disease	disease_1538	9.796941835698264e-09
Disease	disease_7361	9.7932071469745e-09
Disease	disease_18308	9.792598632965665e-09
Disease	disease_13536	9.791065621372085e-09
Disease	disease_4973	9.79044821795697e-09
Disease	disease_20714	9.789807860565986e-09
Disease	disease_17205	9.788574572001105e-09
Disease	disease_4351	9.788574572001105e-09
Disease	disease_17685	9.785522382535947e-09
Disease	disease_21162	9.78445758862873e-09
Disease	disease_721	9.78445758862873e-09
Disease	disease_7732	9.78083899444759e-09
Disease	disease_2883	9.778347992178071e-09
Disease	disease_24183	9.776943509913017e-09
Disease	disease_9644	9.775978457577348e-09
Disease	disease_19276	9.774182685407646e-09
Disease	disease_54842	9.769194598393174e-09
Disease	disease_16113	9.762896881512986e-09
Disease	disease_16920	9.756944593724568e-09
Disease	disease_16673	9.756196453277704e-09
Disease	disease_639	9.751045464880716e-09
Disease	disease_10865	9.748944153226347e-09
Disease	disease_3612	9.746919437355508e-09
Disease	disease_8492	9.745664498458773e-09
Disease	disease_10787	9.74079373279044e-09
Disease	disease_12650	9.732358114596172e-09
Disease	disease_8406	9.732288250741174e-09
Disease	disease_20346	9.730819515524526e-09
Disease	disease_3150	9.730293493895722e-09
Disease	disease_20477	9.725920094963582e-09
Disease	disease_3181	9.72420320191308e-09
Disease	disease_13756	9.72171521435932e-09
Disease	disease_16416	9.718488406656433e-09
Disease	disease_18794	9.716001288801286e-09
Disease	disease_5780	9.711873669004549e-09
Disease	disease_14891	9.71089440931094e-09
Disease	disease_14890	9.703603114222424e-09
Disease	disease_4584	9.698266173904952e-09
Disease	disease_17673	9.697849781538917e-09
Disease	disease_12302	9.697150805934302e-09
Disease	disease_8422	9.693820569745305e-09
Disease	disease_19202	9.693239675761533e-09
Disease	disease_17260	9.69160463115716e-09
Disease	disease_12214	9.691273925352489e-09
Disease	disease_11113	9.690846384282435e-09
Disease	disease_40870	9.690567477732182e-09
Disease	disease_9294	9.689684807247877e-09
Disease	disease_10711	9.687405309824884e-09
Disease	disease_44310	9.687245711257706e-09
Disease	disease_4991	9.680858825718816e-09
Disease	disease_21309	9.680032132594715e-09
Disease	disease_7520	9.678841920810863e-09
Disease	disease_11874	9.676652611661905e-09
Disease	disease_9419	9.671235364764966e-09
Disease	disease_20779	9.671134748093825e-09
Disease	disease_13093	9.665246589565906e-09
Disease	disease_44749	9.662556670866748e-09
Disease	disease_20492	9.65862003109463e-09
Disease	disease_24571	9.657664780556005e-09
Disease	disease_42967	9.655964118923005e-09
Disease	disease_17802	9.65084909479041e-09
Disease	disease_3819	9.64346939557184e-09
Disease	disease_30843	9.640157217286837e-09
Disease	disease_1707	9.639341530205494e-09
Disease	disease_40502	9.634663795728363e-09
Disease	disease_19356	9.630789535750957e-09
Disease	disease_9273	9.624573356899109e-09
Disease	disease_22846	9.624313926519589e-09
Disease	disease_12309	9.622344834064802e-09
Disease	disease_15466	9.618786083119814e-09
Disease	disease_4924	9.612468933083776e-09
Disease	disease_8735	9.61177063923599e-09
Disease	disease_18338	9.598387626725945e-09
Disease	disease_6409	9.598301850610415e-09
Disease	disease_6636	9.596732646471186e-09
Disease	disease_19516	9.596222415867336e-09
Disease	disease_20208	9.592771782860745e-09
Disease	disease_6736	9.591635627272706e-09
Disease	disease_11428	9.591413459965998e-09
Disease	disease_9759	9.590114053242043e-09
Disease	disease_21192	9.585263173499715e-09
Disease	disease_20831	9.57884311730453e-09
Disease	disease_17706	9.576975253089586e-09
Disease	disease_20225	9.576350261194349e-09
Disease	disease_11804	9.575708554286977e-09
Disease	disease_15609	9.574285616250648e-09
Disease	disease_33365	9.573244043655942e-09
Disease	disease_15995	9.572690840261876e-09
Disease	disease_14911	9.568846275950172e-09
Disease	disease_14786	9.56400568883486e-09
Disease	disease_6241	9.561884573474144e-09
Disease	disease_17729	9.547841141116812e-09
Disease	disease_9652	9.545614244216065e-09
Disease	disease_5582	9.54032195486917e-09
Disease	disease_5829	9.5376319506374e-09
Disease	disease_24257	9.529543297033444e-09
Disease	disease_3422	9.526455396292922e-09
Disease	disease_2542	9.522055756852784e-09
Disease	disease_17217	9.520634017440908e-09
Disease	disease_17969	9.518184359507347e-09
Disease	disease_1112	9.514005085008306e-09
Disease	disease_3394	9.512951236988198e-09
Disease	disease_7606	9.509352708770961e-09
Disease	disease_11917	9.508013050267224e-09
Disease	disease_3214	9.50658534228336e-09
Disease	disease_14757	9.506533569660033e-09
Disease	disease_18323	9.5052556274704e-09
Disease	disease_17607	9.503125822554846e-09
Disease	disease_11067	9.493460152483422e-09
Disease	disease_19080	9.493218246406043e-09
Disease	disease_43352	9.491903458636743e-09
Disease	disease_8748	9.489635195274354e-09
Disease	disease_7949	9.489419069867012e-09
Disease	disease_13982	9.488874447560885e-09
Disease	disease_1092	9.488613333562938e-09
Disease	disease_5355	9.481979229975368e-09
Disease	disease_17999	9.481304293652444e-09
Disease	disease_19054	9.480117169461467e-09
Disease	disease_4792	9.47991140583012e-09
Disease	disease_6915	9.476139912174843e-09
Disease	disease_7940	9.475857311984162e-09
Disease	disease_20713	9.467158168872044e-09
Disease	disease_13686	9.465919206041513e-09
Disease	disease_10648	9.465085347763258e-09
Disease	disease_15003	9.460953387429094e-09
Disease	disease_16588	9.455429607489396e-09
Disease	disease_1159	9.440861106392892e-09
Disease	disease_37937	9.440325098674086e-09
Disease	disease_19956	9.436958505911233e-09
Disease	disease_15052	9.431486044986002e-09
Disease	disease_44309	9.427154964032521e-09
Disease	disease_11669	9.42606812014432e-09
Disease	disease_10310	9.4196677439905e-09
Disease	disease_19347	9.418970780612186e-09
Disease	disease_8293	9.412481474432914e-09
Disease	disease_16605	9.403061723771189e-09
Disease	disease_7688	9.402627351657133e-09
Disease	disease_7939	9.40223989179814e-09
Disease	disease_16908	9.400011819300531e-09
Disease	disease_10216	9.392238366429969e-09
Disease	disease_13039	9.377298953923904e-09
Disease	disease_9740	9.371793799169077e-09
Disease	disease_13216	9.371518570969575e-09
Disease	disease_3386	9.370879177843672e-09
Disease	disease_6000	9.369655193077573e-09
Disease	disease_13452	9.368331282110262e-09
Disease	disease_9760	9.362576893950937e-09
Disease	disease_16667	9.357756307476145e-09
Disease	disease_15204	9.355664417729513e-09
Disease	disease_11157	9.355630406925665e-09
Disease	disease_18043	9.354279165119e-09
Disease	disease_2654	9.352578070816865e-09
Disease	disease_36915	9.352395344576952e-09
Disease	disease_7672	9.346820920918552e-09
Disease	disease_14458	9.333306271116861e-09
Disease	disease_4777	9.332172620617213e-09
Disease	disease_11500	9.331883530737308e-09
Disease	disease_9041	9.331487711809187e-09
Disease	disease_12590	9.32766283984685e-09
Disease	disease_11877	9.32111537055951e-09
Disease	disease_2493	9.319771907677528e-09
Disease	disease_32670	9.318177857519208e-09
Disease	disease_24279	9.315315408256001e-09
Disease	disease_5493	9.314784390343155e-09
Disease	disease_11240	9.312633388737328e-09
Disease	disease_5121	9.309461378113406e-09
Disease	disease_5925	9.309461378113406e-09
Disease	disease_5122	9.309461378113406e-09
Disease	disease_18111	9.309461378113406e-09
Disease	disease_6929	9.309461378113406e-09
Disease	disease_18602	9.309461378113406e-09
Disease	disease_2116	9.307457730384412e-09
Disease	disease_304	9.289908943992113e-09
Disease	disease_18840	9.287542151959644e-09
Disease	disease_45010	9.279037396718277e-09
Disease	disease_11512	9.26882524895137e-09
Disease	disease_15102	9.265728485116038e-09
Disease	disease_19828	9.265361173335247e-09
Disease	disease_12815	9.263645264282446e-09
Disease	disease_4184	9.262864376987185e-09
Disease	disease_14062	9.262061973310975e-09
Disease	disease_13523	9.261430934138245e-09
Disease	disease_43310	9.261397797894887e-09
Disease	disease_16817	9.259706541543352e-09
Disease	disease_16495	9.258516179792729e-09
Disease	disease_12149	9.257718255293836e-09
Disease	disease_12151	9.257718255293836e-09
Disease	disease_12862	9.257718255293836e-09
Disease	disease_12863	9.257718255293836e-09
Disease	disease_12150	9.257718255293836e-09
Disease	disease_12152	9.257718255293836e-09
Disease	disease_60779	9.257284794283389e-09
Disease	disease_18440	9.255919629173444e-09
Disease	disease_3363	9.25464707066319e-09
Disease	disease_18163	9.248511515434575e-09
Disease	disease_6801	9.248082922372173e-09
Disease	disease_13605	9.247435033538392e-09
Disease	disease_10089	9.2435643502148e-09
Disease	disease_3320	9.238595839627392e-09
Disease	disease_24675	9.238595839627392e-09
Disease	disease_6432	9.238595839627392e-09
Disease	disease_3322	9.238595839627392e-09
Disease	disease_3316	9.238595839627392e-09
Disease	disease_3318	9.238595839627392e-09
Disease	disease_3317	9.238595839627392e-09
Disease	disease_9515	9.238501213682053e-09
Disease	disease_15070	9.232914945588162e-09
Disease	disease_11330	9.23188050658848e-09
Disease	disease_214	9.223458356585541e-09
Disease	disease_21534	9.221574914251291e-09
Disease	disease_13671	9.218773050835036e-09
Disease	disease_3177	9.217727487380656e-09
Disease	disease_4069	9.21257761161324e-09
Disease	disease_42452	9.20869176294936e-09
Disease	disease_40925	9.20869176294936e-09
Disease	disease_2401	9.20233081399489e-09
Disease	disease_12551	9.200926887747854e-09
Disease	disease_1060	9.194824365963922e-09
Disease	disease_19705	9.191825102533245e-09
Disease	disease_3383	9.190509021394527e-09
Disease	disease_15365	9.189705403454503e-09
Disease	disease_16524	9.1854890065525e-09
Disease	disease_4685	9.179529749792709e-09
Disease	disease_14175	9.179196809357092e-09
Disease	disease_4671	9.171152412621177e-09
Disease	disease_19636	9.163415410839481e-09
Disease	disease_13323	9.161427071730582e-09
Disease	disease_2681	9.160392759524144e-09
Disease	disease_9147	9.154555791596147e-09
Disease	disease_2798	9.151977736917502e-09
Disease	disease_24322	9.15154277173102e-09
Disease	disease_44660	9.149165463498678e-09
Disease	disease_9263	9.148755576500194e-09
Disease	disease_13524	9.13749450112583e-09
Disease	disease_24302	9.135660033315987e-09
Disease	disease_13550	9.130700217795361e-09
Disease	disease_3079	9.129270089872089e-09
Disease	disease_18996	9.124716061524206e-09
Disease	disease_14686	9.122989452832151e-09
Disease	disease_2981	9.115073647337102e-09
Disease	disease_9136	9.114869439603547e-09
Disease	disease_1446	9.114809523734159e-09
Disease	disease_16807	9.114368778843967e-09
Disease	disease_15651	9.112601891375788e-09
Disease	disease_17328	9.110075682429615e-09
Disease	disease_18288	9.10801690514362e-09
Disease	disease_1661	9.098170711625375e-09
Disease	disease_12407	9.097097301572914e-09
Disease	disease_15071	9.096759073147565e-09
Disease	disease_11163	9.093840742447282e-09
Disease	disease_15452	9.090872385185593e-09
Disease	disease_17822	9.088790527119895e-09
Disease	disease_13563	9.088403251342213e-09
Disease	disease_13390	9.087103316021705e-09
Disease	disease_2436	9.085052670212525e-09
Disease	disease_507	9.082780939774266e-09
Disease	disease_8890	9.08159247102206e-09
Disease	disease_43243	9.08088284477911e-09
Disease	disease_3387	9.079782541681884e-09
Disease	disease_60778	9.076775822573205e-09
Disease	disease_20673	9.075150602570626e-09
Disease	disease_3589	9.072114547075588e-09
Disease	disease_463	9.069181200160862e-09
Disease	disease_24538	9.06724565900058e-09
Disease	disease_889	9.057020623459517e-09
Disease	disease_14280	9.056806021774346e-09
Disease	disease_14784	9.053366652952567e-09
Disease	disease_13308	9.051429604501433e-09
Disease	disease_11342	9.050443808775613e-09
Disease	disease_10568	9.048026875354105e-09
Disease	disease_4903	9.047186530332653e-09
Disease	disease_17593	9.045355657686433e-09
Disease	disease_8211	9.044775244499222e-09
Disease	disease_12177	9.044552676750521e-09
Disease	disease_100038	9.041442648342488e-09
Disease	disease_6849	9.041122469633e-09
Disease	disease_14624	9.040923395606568e-09
Disease	disease_60627	9.03803918160559e-09
Disease	disease_15853	9.037586803981576e-09
Disease	disease_8018	9.036775667421005e-09
Disease	disease_9315	9.036438665225125e-09
Disease	disease_12905	9.031604125071954e-09
Disease	disease_1351	9.028759140128696e-09
Disease	disease_11534	9.026409723536768e-09
Disease	disease_5568	9.02423206098182e-09
Disease	disease_13789	9.022705808411947e-09
Disease	disease_9478	9.022371362813891e-09
Disease	disease_19226	9.021590751148397e-09
Disease	disease_24467	9.018040383058613e-09
Disease	disease_9390	9.01306201408099e-09
Disease	disease_6043	9.011079628129939e-09
Disease	disease_6281	9.006601855997278e-09
Disease	disease_10080	9.005783499729664e-09
Disease	disease_10381	9.001616572015241e-09
Disease	disease_3887	9.001304362554124e-09
Disease	disease_18684	8.999096708960983e-09
Disease	disease_32573	8.995165064870923e-09
Disease	disease_24568	8.990573408765336e-09
Disease	disease_5321	8.989151234678094e-09
Disease	disease_192	8.985446968430312e-09
Disease	disease_16036	8.985428443250167e-09
Disease	disease_12794	8.985325617438336e-09
Disease	disease_14953	8.984170790348248e-09
Disease	disease_5909	8.977791270286044e-09
Disease	disease_8793	8.972768723599753e-09
Disease	disease_2982	8.972036121269885e-09
Disease	disease_1991	8.96466262291849e-09
Disease	disease_60650	8.953457557267373e-09
Disease	disease_19153	8.936876944594652e-09
Disease	disease_4616	8.929432540504138e-09
Disease	disease_10955	8.926333764386429e-09
Disease	disease_4519	8.925867902507081e-09
Disease	disease_24429	8.917291286790673e-09
Disease	disease_18407	8.915804550348271e-09
Disease	disease_20539	8.912678314216636e-09
Disease	disease_1507	8.909748130798256e-09
Disease	disease_20574	8.909000323791606e-09
Disease	disease_18921	8.907417540954944e-09
Disease	disease_7828	8.907178832867288e-09
Disease	disease_20549	8.906813306279543e-09
Disease	disease_6226	8.905270645156635e-09
Disease	disease_33637	8.900427267907444e-09
Disease	disease_367	8.900314310679108e-09
Disease	disease_10916	8.889641747422066e-09
Disease	disease_9456	8.884378395882495e-09
Disease	disease_40678	8.879087137201476e-09
Disease	disease_5307	8.878975097466544e-09
Disease	disease_15540	8.878075981595846e-09
Disease	disease_16729	8.873580733675194e-09
Disease	disease_1322	8.872710995258564e-09
Disease	disease_15663	8.869527207040127e-09
Disease	disease_33654	8.868562191688303e-09
Disease	disease_44646	8.866337185455397e-09
Disease	disease_16377	8.86575395511276e-09
Disease	disease_19806	8.865272788761998e-09
Disease	disease_19518	8.8642649077226e-09
Disease	disease_2427	8.861449542480615e-09
Disease	disease_12439	8.859153738267363e-09
Disease	disease_12986	8.85293376183463e-09
Disease	disease_30841	8.852346044036447e-09
Disease	disease_21179	8.852277459835775e-09
Disease	disease_400003	8.852277459835775e-09
Disease	disease_41261	8.852277459835775e-09
Disease	disease_9700	8.85121725402215e-09
Disease	disease_2171	8.850632516639442e-09
Disease	disease_8895	8.848609223563909e-09
Disease	disease_36779	8.846264948726093e-09
Disease	disease_3365	8.845299188842217e-09
Disease	disease_2872	8.844736371584383e-09
Disease	disease_358	8.831768881080977e-09
Disease	disease_8870	8.827374366013957e-09
Disease	disease_24528	8.823446822489654e-09
Disease	disease_18485	8.823316263371616e-09
Disease	disease_4748	8.820706888854561e-09
Disease	disease_5006	8.81927113797791e-09
Disease	disease_10412	8.816949016100152e-09
Disease	disease_19288	8.815472754029787e-09
Disease	disease_527	8.800653352204651e-09
Disease	disease_2633	8.795616667292723e-09
Disease	disease_14525	8.788652873683651e-09
Disease	disease_16563	8.786725454878925e-09
Disease	disease_18619	8.783261475801429e-09
Disease	disease_2036	8.774641059937233e-09
Disease	disease_7738	8.769752815985592e-09
Disease	disease_12893	8.769139725084686e-09
Disease	disease_16002	8.768076759240246e-09
Disease	disease_5043	8.764843180030957e-09
Disease	disease_1647	8.764036159834353e-09
Disease	disease_90	8.763487165341473e-09
Disease	disease_15149	8.76167781954524e-09
Disease	disease_13565	8.7606354964076e-09
Disease	disease_11243	8.76018557271991e-09
Disease	disease_14875	8.75672918496604e-09
Disease	disease_44750	8.756010118292532e-09
Disease	disease_8041	8.746859819595226e-09
Disease	disease_2941	8.744942279392024e-09
Disease	disease_17094	8.744663508316833e-09
Disease	disease_10076	8.743513083271487e-09
Disease	disease_16674	8.743415408423421e-09
Disease	disease_3934	8.743027643904575e-09
Disease	disease_43075	8.737603108175376e-09
Disease	disease_8111	8.737328116807459e-09
Disease	disease_18960	8.732150612238963e-09
Disease	disease_2772	8.731656441694652e-09
Disease	disease_7701	8.725857444647265e-09
Disease	disease_4429	8.705929342282193e-09
Disease	disease_8421	8.705882991779065e-09
Disease	disease_10170	8.704782795408019e-09
Disease	disease_11376	8.7002935811667e-09
Disease	disease_16179	8.692984528715221e-09
Disease	disease_1660	8.688752633227342e-09
Disease	disease_20563	8.685368777456683e-09
Disease	disease_2000	8.684617027133757e-09
Disease	disease_17957	8.684581765349605e-09
Disease	disease_12776	8.676495031891249e-09
Disease	disease_12777	8.676495031891249e-09
Disease	disease_11793	8.676495031891249e-09
Disease	disease_12340	8.676495031891249e-09
Disease	disease_12779	8.676495031891249e-09
Disease	disease_12778	8.676495031891249e-09
Disease	disease_12780	8.676495031891249e-09
Disease	disease_12781	8.676495031891249e-09
Disease	disease_12702	8.676495031891249e-09
Disease	disease_12782	8.676495031891249e-09
Disease	disease_3936	8.67127974096195e-09
Disease	disease_8290	8.670874962543267e-09
Disease	disease_10185	8.66919439916251e-09
Disease	disease_20601	8.66870725151628e-09
Disease	disease_2335	8.667318973016305e-09
Disease	disease_15852	8.663496091784355e-09
Disease	disease_20165	8.661345905014624e-09
Disease	disease_24506	8.659326230004782e-09
Disease	disease_2156	8.655844127331521e-09
Disease	disease_10549	8.651558482169973e-09
Disease	disease_12859	8.647987362654405e-09
Disease	disease_10480	8.645535472355325e-09
Disease	disease_7561	8.641880508948285e-09
Disease	disease_14702	8.64187491774207e-09
Disease	disease_8681	8.639907684034933e-09
Disease	disease_33542	8.638283320473634e-09
Disease	disease_44971	8.63588036465581e-09
Disease	disease_18029	8.631591369202375e-09
Disease	disease_4485	8.631442612905919e-09
Disease	disease_1113	8.631442612905919e-09
Disease	disease_4752	8.629919313723946e-09
Disease	disease_13890	8.626288156645742e-09
Disease	disease_24463	8.622064363467548e-09
Disease	disease_8322	8.617877360244997e-09
Disease	disease_3691	8.616048640574127e-09
Disease	disease_20517	8.614735375595786e-09
Disease	disease_17397	8.612405285346537e-09
Disease	disease_7776	8.606461816078435e-09
Disease	disease_10699	8.605799432533763e-09
Disease	disease_13946	8.603314828783429e-09
Disease	disease_4127	8.60312437135078e-09
Disease	disease_3892	8.60312437135078e-09
Disease	disease_17350	8.596378578727856e-09
Disease	disease_20364	8.595282154008848e-09
Disease	disease_10351	8.592062233061608e-09
Disease	disease_12589	8.591465371097155e-09
Disease	disease_20118	8.591319571204054e-09
Disease	disease_14869	8.589160734433918e-09
Disease	disease_12500	8.588042082186082e-09
Disease	disease_33569	8.587078112824889e-09
Disease	disease_15978	8.586156490619881e-09
Disease	disease_18348	8.585312467047177e-09
Disease	disease_12994	8.582862660073955e-09
Disease	disease_100339	8.579393618148531e-09
Disease	disease_1402	8.574028727363653e-09
Disease	disease_16513	8.57258186413598e-09
Disease	disease_44916	8.571654391760803e-09
Disease	disease_12747	8.570177573403887e-09
Disease	disease_21039	8.566102868050113e-09
Disease	disease_20488	8.562652251430319e-09
Disease	disease_17606	8.56016502656242e-09
Disease	disease_19718	8.558182618156126e-09
Disease	disease_702	8.554834669652904e-09
Disease	disease_14954	8.549026059795883e-09
Disease	disease_11474	8.548204573862385e-09
Disease	disease_16697	8.54707732673442e-09
Disease	disease_13227	8.541617593502318e-09
Disease	disease_632	8.538803606521669e-09
Disease	disease_9210	8.53859860695593e-09
Disease	disease_9862	8.536798083728567e-09
Disease	disease_9649	8.535567433491041e-09
Disease	disease_241	8.534452737384822e-09
Disease	disease_3907	8.531711536208978e-09
Disease	disease_3905	8.531711536208978e-09
Disease	disease_3906	8.531711536208978e-09
Disease	disease_40998	8.530061255681968e-09
Disease	disease_10283	8.525461183646973e-09
Disease	disease_33561	8.523712361176061e-09
Disease	disease_16492	8.520977481933211e-09
Disease	disease_5047	8.520392099486267e-09
Disease	disease_16512	8.51843566929598e-09
Disease	disease_12455	8.518308432480563e-09
Disease	disease_10500	8.51224026964173e-09
Disease	disease_20561	8.511475334246055e-09
Disease	disease_10396	8.510792418556946e-09
Disease	disease_21033	8.510649998968556e-09
Disease	disease_14717	8.50891129031485e-09
Disease	disease_10079	8.508337692799562e-09
Disease	disease_7885	8.508146099272145e-09
Disease	disease_21123	8.506883106379262e-09
Disease	disease_19262	8.506135221003797e-09
Disease	disease_11717	8.489358395089053e-09
Disease	disease_5747	8.488282509973163e-09
Disease	disease_32569	8.486356581584774e-09
Disease	disease_6183	8.478369633082091e-09
Disease	disease_13018	8.47499421018278e-09
Disease	disease_7642	8.473101244857601e-09
Disease	disease_24558	8.464606746115038e-09
Disease	disease_115	8.458068263898318e-09
Disease	disease_19567	8.453602349126763e-09
Disease	disease_20533	8.453486792526738e-09
Disease	disease_9962	8.448780989628326e-09
Disease	disease_3828	8.4484276936503e-09
Disease	disease_10956	8.445735371174074e-09
Disease	disease_32633	8.436457335489783e-09
Disease	disease_5768	8.433147583761273e-09
Disease	disease_14198	8.429201746062701e-09
Disease	disease_20298	8.425244233390405e-09
Disease	disease_14371	8.424360198620068e-09
Disease	disease_16620	8.420505341134697e-09
Disease	disease_16787	8.415641527410703e-09
Disease	disease_8785	8.41245081313012e-09
Disease	disease_16205	8.409510916026669e-09
Disease	disease_1982	8.406109882356525e-09
Disease	disease_19260	8.40577317440855e-09
Disease	disease_16307	8.404258857905121e-09
Disease	disease_16308	8.404258857905121e-09
Disease	disease_16306	8.404258857905121e-09
Disease	disease_16309	8.404258857905121e-09
Disease	disease_16310	8.404258857905121e-09
Disease	disease_6219	8.39858253331292e-09
Disease	disease_7235	8.398103026439721e-09
Disease	disease_17715	8.39706197160567e-09
Disease	disease_13226	8.395550894685228e-09
Disease	disease_1067	8.388745849509178e-09
Disease	disease_18806	8.385274087836168e-09
Disease	disease_6677	8.385274087836168e-09
Disease	disease_18807	8.385274087836168e-09
Disease	disease_18100	8.384514048706354e-09
Disease	disease_19075	8.3841976408439e-09
Disease	disease_20290	8.376372402484461e-09
Disease	disease_4491	8.375021041047227e-09
Disease	disease_15611	8.374777652621804e-09
Disease	disease_9189	8.369626045860524e-09
Disease	disease_10637	8.368148158527083e-09
Disease	disease_13591	8.365612728973382e-09
Disease	disease_40698	8.364419742967762e-09
Disease	disease_12938	8.361164224379333e-09
Disease	disease_7452	8.360167067299362e-09
Disease	disease_44355	8.353326599521385e-09
Disease	disease_18783	8.353326599521385e-09
Disease	disease_15132	8.352911562461882e-09
Disease	disease_10060	8.351613890556395e-09
Disease	disease_13633	8.349922376711422e-09
Disease	disease_4917	8.348550698212057e-09
Disease	disease_21112	8.34098082085888e-09
Disease	disease_11803	8.340776845092658e-09
Disease	disease_11873	8.338923139458768e-09
Disease	disease_9486	8.338616218632842e-09
Disease	disease_18292	8.338145122081368e-09
Disease	disease_20496	8.3379811081213e-09
Disease	disease_863	8.335648386408084e-09
Disease	disease_22025	8.329585690535346e-09
Disease	disease_9908	8.3283375143334e-09
Disease	disease_4020	8.326611086127912e-09
Disease	disease_2138	8.323506358437576e-09
Disease	disease_7800	8.322426764631662e-09
Disease	disease_60702	8.321309054494687e-09
Disease	disease_14802	8.317170977835157e-09
Disease	disease_1987	8.313849358619697e-09
Disease	disease_15213	8.313121283342318e-09
Disease	disease_8139	8.312558355300915e-09
Disease	disease_3687	8.308980661087593e-09
Disease	disease_5255	8.29726009017883e-09
Disease	disease_5256	8.29726009017883e-09
Disease	disease_5257	8.29726009017883e-09
Disease	disease_21638	8.297092871130779e-09
Disease	disease_6306	8.277941047718232e-09
Disease	disease_7368	8.276515024870124e-09
Disease	disease_12220	8.268933158177788e-09
Disease	disease_17059	8.268413013162713e-09
Disease	disease_20562	8.267950351843152e-09
Disease	disease_20532	8.265061716486055e-09
Disease	disease_15	8.263901429966569e-09
Disease	disease_17795	8.263297034629524e-09
Disease	disease_17076	8.261245200462373e-09
Disease	disease_21018	8.259757243142433e-09
Disease	disease_20275	8.254332575601144e-09
Disease	disease_20109	8.253926753150003e-09
Disease	disease_43988	8.253549203232484e-09
Disease	disease_45023	8.25256239129768e-09
Disease	disease_16591	8.252482096980036e-09
Disease	disease_2634	8.246779227353756e-09
Disease	disease_1564	8.245505133593103e-09
Disease	disease_44649	8.245500918563582e-09
Disease	disease_33620	8.24471429762443e-09
Disease	disease_3541	8.243251818770032e-09
Disease	disease_21351	8.242858323033098e-09
Disease	disease_4234	8.239782673190421e-09
Disease	disease_20257	8.239513208807535e-09
Disease	disease_16276	8.232908220529842e-09
Disease	disease_470	8.231765189300106e-09
Disease	disease_3826	8.229911778173096e-09
Disease	disease_22948	8.228019378025188e-09
Disease	disease_757	8.22528125349331e-09
Disease	disease_7131	8.224737078868311e-09
Disease	disease_18089	8.223528337432174e-09
Disease	disease_60729	8.21592155955295e-09
Disease	disease_17240	8.21076037191163e-09
Disease	disease_1876	8.207201929543002e-09
Disease	disease_10686	8.198908340892941e-09
Disease	disease_3218	8.198569219569854e-09
Disease	disease_10825	8.197703479765824e-09
Disease	disease_10473	8.196744555332714e-09
Disease	disease_1498	8.184486633020748e-09
Disease	disease_13238	8.173525480268429e-09
Disease	disease_20053	8.168453499450833e-09
Disease	disease_20520	8.166184503562441e-09
Disease	disease_5309	8.162831932435832e-09
Disease	disease_13511	8.162684435515015e-09
Disease	disease_23273	8.160983311566403e-09
Disease	disease_6247	8.158360199562656e-09
Disease	disease_15148	8.15148731861515e-09
Disease	disease_17760	8.148881527290426e-09
Disease	disease_23227	8.147830743972222e-09
Disease	disease_14775	8.14769616788022e-09
Disease	disease_4045	8.142186922227231e-09
Disease	disease_4350	8.142186922227231e-09
Disease	disease_24564	8.141804660318738e-09
Disease	disease_10016	8.140881915984586e-09
Disease	disease_13341	8.139046524514648e-09
Disease	disease_7294	8.137416816317267e-09
Disease	disease_3648	8.134324648841086e-09
Disease	disease_20250	8.134319609080575e-09
Disease	disease_12124	8.132398712109093e-09
Disease	disease_9903	8.130608668620508e-09
Disease	disease_18279	8.130111295159053e-09
Disease	disease_11458	8.128672135318823e-09
Disease	disease_3760	8.128386441595817e-09
Disease	disease_2337	8.120304718961189e-09
Disease	disease_15681	8.114671979191339e-09
Disease	disease_11975	8.112949756312072e-09
Disease	disease_23558	8.111179382944783e-09
Disease	disease_15150	8.109219912568431e-09
Disease	disease_24653	8.105824656353296e-09
Disease	disease_380	8.101258631766325e-09
Disease	disease_11476	8.100362603989803e-09
Disease	disease_60664	8.09667061621064e-09
Disease	disease_1404	8.096154339655422e-09
Disease	disease_21021	8.095770071497915e-09
Disease	disease_12211	8.092012555847519e-09
Disease	disease_33821	8.086331377855708e-09
Disease	disease_15028	8.085637599405165e-09
Disease	disease_3686	8.083030722133135e-09
Disease	disease_12313	8.080039468287966e-09
Disease	disease_32567	8.079278735396094e-09
Disease	disease_2802	8.073319183035118e-09
Disease	disease_498	8.067566146983447e-09
Disease	disease_16390	8.064107368182087e-09
Disease	disease_7544	8.064044398590757e-09
Disease	disease_10848	8.062921783628455e-09
Disease	disease_21374	8.062137665393965e-09
Disease	disease_2297	8.060364742559067e-09
Disease	disease_8264	8.057279586374076e-09
Disease	disease_13640	8.056145347248202e-09
Disease	disease_2327	8.056037413129391e-09
Disease	disease_17739	8.052772303467825e-09
Disease	disease_3041	8.052560733614193e-09
Disease	disease_3368	8.050391273913235e-09
Disease	disease_9842	8.04043242765436e-09
Disease	disease_20666	8.03408296642263e-09
Disease	disease_7011	8.03408296642263e-09
Disease	disease_1709	8.03408296642263e-09
Disease	disease_12889	8.03408296642263e-09
Disease	disease_18696	8.033724355128354e-09
Disease	disease_12676	8.027952525132017e-09
Disease	disease_7804	8.027359347367138e-09
Disease	disease_1682	8.026073455011718e-09
Disease	disease_13053	8.023920320242199e-09
Disease	disease_6250	8.021310803704035e-09
Disease	disease_21019	8.018735596211439e-09
Disease	disease_14271	8.017009900925036e-09
Disease	disease_12143	8.015321918040319e-09
Disease	disease_12456	8.012355568400685e-09
Disease	disease_18346	8.011019209793659e-09
Disease	disease_56799	8.010204364368207e-09
Disease	disease_16237	8.008299526536645e-09
Disease	disease_17803	8.007174397957391e-09
Disease	disease_20708	8.007174397957391e-09
Disease	disease_2017	8.007174397957391e-09
Disease	disease_5574	8.007174397957391e-09
Disease	disease_22308	8.007174397957391e-09
Disease	disease_385	8.000385258040341e-09
Disease	disease_18653	7.999587933262107e-09
Disease	disease_17317	7.994262819680008e-09
Disease	disease_20745	7.981979175787146e-09
Disease	disease_8440	7.979407109884543e-09
Disease	disease_2831	7.979180464385432e-09
Disease	disease_1463	7.974975501128297e-09
Disease	disease_2357	7.974975501128297e-09
Disease	disease_2943	7.97476788580741e-09
Disease	disease_11457	7.972719680152554e-09
Disease	disease_6927	7.971900263413009e-09
Disease	disease_2552	7.96677057437313e-09
Disease	disease_32594	7.966707393331753e-09
Disease	disease_7037	7.95999106040029e-09
Disease	disease_8624	7.954467505070188e-09
Disease	disease_6270	7.95015111132022e-09
Disease	disease_13843	7.949466375281263e-09
Disease	disease_9590	7.945923675955302e-09
Disease	disease_12041	7.945644237988818e-09
Disease	disease_5221	7.944353843280674e-09
Disease	disease_2564	7.942777404186214e-09
Disease	disease_15334	7.939345885056298e-09
Disease	disease_13478	7.9382874065773e-09
Disease	disease_22323	7.932055874191726e-09
Disease	disease_6616	7.932055874191726e-09
Disease	disease_4153	7.925918374496809e-09
Disease	disease_32935	7.925282969898629e-09
Disease	disease_1788	7.920947592587722e-09
Disease	disease_1787	7.920947592587722e-09
Disease	disease_5785	7.918508857290685e-09
Disease	disease_15347	7.917762332515278e-09
Disease	disease_17333	7.917146603834557e-09
Disease	disease_1606	7.911440173742204e-09
Disease	disease_25389	7.910440878475373e-09
Disease	disease_6648	7.909582917229512e-09
Disease	disease_17381	7.907223150274667e-09
Disease	disease_13098	7.906108119051243e-09
Disease	disease_491	7.902776969661938e-09
Disease	disease_18175	7.90165784430146e-09
Disease	disease_429	7.900703059382549e-09
Disease	disease_12099	7.898416495328227e-09
Disease	disease_4024	7.895870871516183e-09
Disease	disease_474	7.88910278295474e-09
Disease	disease_30034	7.88812562150528e-09
Disease	disease_20048	7.885829363438684e-09
Disease	disease_4965	7.884144398625468e-09
Disease	disease_1721	7.883954456081965e-09
Disease	disease_5175	7.877274615360827e-09
Disease	disease_5176	7.877274615360827e-09
Disease	disease_12204	7.876853670634792e-09
Disease	disease_24537	7.871447832015652e-09
Disease	disease_13721	7.870730889710484e-09
Disease	disease_11688	7.867287879133437e-09
Disease	disease_11445	7.865489966473422e-09
Disease	disease_24304	7.865038493868162e-09
Disease	disease_1042	7.859569288553705e-09
Disease	disease_10603	7.859473534077e-09
Disease	disease_11481	7.859175501416685e-09
Disease	disease_8887	7.856562260411624e-09
Disease	disease_7022	7.855001625876678e-09
Disease	disease_890	7.849689497406954e-09
Disease	disease_12130	7.845142281029733e-09
Disease	disease_5320	7.838801820090989e-09
Disease	disease_18787	7.835253394423994e-09
Disease	disease_20231	7.830166407034554e-09
Disease	disease_30720	7.828301227298567e-09
Disease	disease_4341	7.825090355400846e-09
Disease	disease_100161	7.824170131893885e-09
Disease	disease_16998	7.823657838237512e-09
Disease	disease_12742	7.822586667518606e-09
Disease	disease_10866	7.817734425259584e-09
Disease	disease_21723	7.815383485415488e-09
Disease	disease_13806	7.814480623005895e-09
Disease	disease_21383	7.813655134846352e-09
Disease	disease_13163	7.813648104997e-09
Disease	disease_16071	7.813484174462675e-09
Disease	disease_13195	7.81307109070617e-09
Disease	disease_2419	7.807877910648768e-09
Disease	disease_16981	7.806732282412609e-09
Disease	disease_24500	7.805060768071248e-09
Disease	disease_4786	7.804270482466345e-09
Disease	disease_1931	7.804270482466345e-09
Disease	disease_15884	7.801180999091001e-09
Disease	disease_14886	7.795849127805657e-09
Disease	disease_20645	7.791592583510054e-09
Disease	disease_8747	7.789346094022317e-09
Disease	disease_4249	7.785722234338382e-09
Disease	disease_21313	7.778855640309972e-09
Disease	disease_10803	7.771440900919617e-09
Disease	disease_171	7.77048352059175e-09
Disease	disease_6407	7.764829653247666e-09
Disease	disease_2621	7.756512265633352e-09
Disease	disease_20012	7.755482775927513e-09
Disease	disease_8030	7.755007007421805e-09
Disease	disease_2090	7.753333143573906e-09
Disease	disease_9724	7.751915598979388e-09
Disease	disease_24483	7.750130876386995e-09
Disease	disease_13355	7.746313727503656e-09
Disease	disease_6851	7.745368047297698e-09
Disease	disease_18771	7.745060904477736e-09
Disease	disease_17160	7.744857081107178e-09
Disease	disease_4466	7.744728513948145e-09
Disease	disease_17834	7.73702117337171e-09
Disease	disease_9711	7.730078843801448e-09
Disease	disease_14760	7.726953650443314e-09
Disease	disease_21357	7.726680951350803e-09
Disease	disease_1621	7.725190370363645e-09
Disease	disease_4125	7.719228134355823e-09
Disease	disease_24314	7.71840415896635e-09
Disease	disease_7983	7.717082140415231e-09
Disease	disease_14985	7.713220717980662e-09
Disease	disease_3600	7.712371170210575e-09
Disease	disease_708	7.71168648816931e-09
Disease	disease_8596	7.710417755719827e-09
Disease	disease_24387	7.698196719635359e-09
Disease	disease_16763	7.696365707012497e-09
Disease	disease_2914	7.69570415770209e-09
Disease	disease_9340	7.692510317369108e-09
Disease	disease_43759	7.687909800148729e-09
Disease	disease_17808	7.686013400329614e-09
Disease	disease_15735	7.684326528774301e-09
Disease	disease_1328	7.681279679266623e-09
Disease	disease_12603	7.680944346319997e-09
Disease	disease_18072	7.678026775591461e-09
Disease	disease_2541	7.676288427545043e-09
Disease	disease_16607	7.676018084749065e-09
Disease	disease_45019	7.668102652895195e-09
Disease	disease_17372	7.667252592616746e-09
Disease	disease_6506	7.666807078678654e-09
Disease	disease_4310	7.665074699095778e-09
Disease	disease_8878	7.664902098798831e-09
Disease	disease_1640	7.663635420507448e-09
Disease	disease_7566	7.658067713087273e-09
Disease	disease_18264	7.65729488634997e-09
Disease	disease_15168	7.653452252812047e-09
Disease	disease_1139	7.648300858567713e-09
Disease	disease_1132	7.648300858567713e-09
Disease	disease_17672	7.641683958444277e-09
Disease	disease_17194	7.638756354406845e-09
Disease	disease_6744	7.638359946078138e-09
Disease	disease_20129	7.634297848950909e-09
Disease	disease_1190	7.625557480366156e-09
Disease	disease_1972	7.625557480366156e-09
Disease	disease_1973	7.625557480366156e-09
Disease	disease_1857	7.625557480366156e-09
Disease	disease_2623	7.625243498846285e-09
Disease	disease_14060	7.618469789081873e-09
Disease	disease_7710	7.617282877937006e-09
Disease	disease_2543	7.61596083997346e-09
Disease	disease_45032	7.615327880059668e-09
Disease	disease_14889	7.615281686388178e-09
Disease	disease_9275	7.614504700909894e-09
Disease	disease_2183	7.613307585056326e-09
Disease	disease_14701	7.613305956637642e-09
Disease	disease_19011	7.612015035762353e-09
Disease	disease_5893	7.608311801228909e-09
Disease	disease_100308	7.606151240977077e-09
Disease	disease_8522	7.600027500760868e-09
Disease	disease_4124	7.595385960150311e-09
Disease	disease_18994	7.594437203609173e-09
Disease	disease_5599	7.581884040412121e-09
Disease	disease_3947	7.579363099818276e-09
Disease	disease_13566	7.576873913821108e-09
Disease	disease_7028	7.575192820075275e-09
Disease	disease_6516	7.575192820075275e-09
Disease	disease_2470	7.574238861797872e-09
Disease	disease_14245	7.57289694012477e-09
Disease	disease_8332	7.571869026577021e-09
Disease	disease_3588	7.569529332965137e-09
Disease	disease_8093	7.566258665951515e-09
Disease	disease_12116	7.565288316310195e-09
Disease	disease_14310	7.56480990416341e-09
Disease	disease_1653	7.562094441648822e-09
Disease	disease_2813	7.55994810493021e-09
Disease	disease_17453	7.558920331320275e-09
Disease	disease_11756	7.55465785879433e-09
Disease	disease_1557	7.554628409450526e-09
Disease	disease_2266	7.553977259007027e-09
Disease	disease_16259	7.547522047773051e-09
Disease	disease_2197	7.545468708192704e-09
Disease	disease_7257	7.545118867898003e-09
Disease	disease_10765	7.541911059029867e-09
Disease	disease_17689	7.540796572436243e-09
Disease	disease_20247	7.540678574190006e-09
Disease	disease_10795	7.538717162193493e-09
Disease	disease_6061	7.533575261075283e-09
Disease	disease_15879	7.533107678107581e-09
Disease	disease_54748	7.530600779281258e-09
Disease	disease_6702	7.529902393009648e-09
Disease	disease_56802	7.529077814446646e-09
Disease	disease_11454	7.527277056203302e-09
Disease	disease_6482	7.52714281234343e-09
Disease	disease_2722	7.526456474197691e-09
Disease	disease_19861	7.526186768469838e-09
Disease	disease_18657	7.522377151237439e-09
Disease	disease_7173	7.51883952997336e-09
Disease	disease_16107	7.51661132608717e-09
Disease	disease_14700	7.516132337175957e-09
Disease	disease_16489	7.51582875516747e-09
Disease	disease_100255	7.51341069019027e-09
Disease	disease_2099	7.512855968803417e-09
Disease	disease_100135	7.50760810766364e-09
Disease	disease_23305	7.507295327596446e-09
Disease	disease_11930	7.507152528015197e-09
Disease	disease_9801	7.506321046267994e-09
Disease	disease_6681	7.505794647273521e-09
Disease	disease_4192	7.504180095803915e-09
Disease	disease_4514	7.500540797328276e-09
Disease	disease_5659	7.500540797328276e-09
Disease	disease_13818	7.499759927435138e-09
Disease	disease_31178	7.492350873916095e-09
Disease	disease_14289	7.489709999582508e-09
Disease	disease_3665	7.486150221513206e-09
Disease	disease_9661	7.48307833464899e-09
Disease	disease_19568	7.482881712165786e-09
Disease	disease_21053	7.480665302038585e-09
Disease	disease_25514	7.474365182800741e-09
Disease	disease_9990	7.474120767723995e-09
Disease	disease_6767	7.473122618912154e-09
Disease	disease_5327	7.470440188670325e-09
Disease	disease_5322	7.470440188670325e-09
Disease	disease_10199	7.46950010354104e-09
Disease	disease_16683	7.468989648736328e-09
Disease	disease_4230	7.46853102272096e-09
Disease	disease_7105	7.46671228099486e-09
Disease	disease_16490	7.462452840091515e-09
Disease	disease_44875	7.45619553807778e-09
Disease	disease_4051	7.4492771954506134e-09
Disease	disease_2398	7.4491288382435185e-09
Disease	disease_2176	7.448231822473568e-09
Disease	disease_15902	7.4468695459312005e-09
Disease	disease_4345	7.445820848352029e-09
Disease	disease_16788	7.444399745174835e-09
Disease	disease_19717	7.444295675643489e-09
Disease	disease_14127	7.443433546148409e-09
Disease	disease_2131	7.441641815832356e-09
Disease	disease_44206	7.4409774798178855e-09
Disease	disease_20504	7.438486528242012e-09
Disease	disease_12912	7.4379726680579224e-09
Disease	disease_480	7.431753805350042e-09
Disease	disease_19115	7.427682639761528e-09
Disease	disease_19688	7.427024061027759e-09
Disease	disease_13986	7.4267598845444434e-09
Disease	disease_16845	7.425815398706243e-09
Disease	disease_100188	7.4243320977494425e-09
Disease	disease_15196	7.417842184328417e-09
Disease	disease_16786	7.417702897387969e-09
Disease	disease_13793	7.41627107032625e-09
Disease	disease_33682	7.414857387419662e-09
Disease	disease_494	7.4127951692160144e-09
Disease	disease_3599	7.412700454736263e-09
Disease	disease_17024	7.410324313937838e-09
Disease	disease_11038	7.40976143961965e-09
Disease	disease_11842	7.4017752971052825e-09
Disease	disease_10258	7.398788333272339e-09
Disease	disease_11035	7.397539981010002e-09
Disease	disease_17241	7.3949315668236426e-09
Disease	disease_9191	7.389247710748058e-09
Disease	disease_100059	7.388855365036924e-09
Disease	disease_17833	7.388855365036924e-09
Disease	disease_5871	7.387842423439913e-09
Disease	disease_16349	7.383867091522005e-09
Disease	disease_4155	7.381585877972462e-09
Disease	disease_21158	7.37870536194915e-09
Disease	disease_2678	7.377447065139109e-09
Disease	disease_13997	7.375069344732458e-09
Disease	disease_9658	7.374550250011658e-09
Disease	disease_10941	7.371645338953244e-09
Disease	disease_54573	7.371228632882608e-09
Disease	disease_3601	7.369969932236255e-09
Disease	disease_20595	7.368002521718936e-09
Disease	disease_4248	7.368002126765053e-09
Disease	disease_3419	7.367184962447966e-09
Disease	disease_20347	7.366322274890649e-09
Disease	disease_11071	7.360952337433529e-09
Disease	disease_16567	7.356335555850623e-09
Disease	disease_13419	7.354894634608057e-09
Disease	disease_518	7.354140714336251e-09
Disease	disease_37253	7.353122959245907e-09
Disease	disease_3078	7.346251909130067e-09
Disease	disease_3077	7.346251909130067e-09
Disease	disease_12155	7.345305649298377e-09
Disease	disease_4308	7.345302230214366e-09
Disease	disease_3992	7.344905611959178e-09
Disease	disease_15067	7.34446899195208e-09
Disease	disease_21283	7.340662301511475e-09
Disease	disease_6389	7.3363547975969445e-09
Disease	disease_20232	7.32805405554178e-09
Disease	disease_14453	7.325412788930168e-09
Disease	disease_14070	7.32457888535647e-09
Disease	disease_12565	7.324314338473359e-09
Disease	disease_12471	7.319378006792918e-09
Disease	disease_14218	7.318244739673325e-09
Disease	disease_10090	7.313454580897538e-09
Disease	disease_10354	7.313371951167265e-09
Disease	disease_24654	7.309552295903047e-09
Disease	disease_5319	7.3023559379121235e-09
Disease	disease_14292	7.299482370442914e-09
Disease	disease_19860	7.298157856485887e-09
Disease	disease_11076	7.294036265623687e-09
Disease	disease_15062	7.2935867521820235e-09
Disease	disease_18939	7.291379833432687e-09
Disease	disease_18131	7.288385160142731e-09
Disease	disease_24954	7.284286219258453e-09
Disease	disease_11596	7.283507121500372e-09
Disease	disease_13870	7.280794235496283e-09
Disease	disease_13242	7.275545423447241e-09
Disease	disease_21241	7.275518061017724e-09
Disease	disease_14156	7.27379669994484e-09
Disease	disease_875	7.2737760664211184e-09
Disease	disease_5216	7.269758072349063e-09
Disease	disease_14518	7.2696248811182735e-09
Disease	disease_19146	7.2686417282209255e-09
Disease	disease_6678	7.268554748351877e-09
Disease	disease_24527	7.26769619387714e-09
Disease	disease_9568	7.267668014237366e-09
Disease	disease_13080	7.266181776558676e-09
Disease	disease_13636	7.266181776558676e-09
Disease	disease_13637	7.266181776558676e-09
Disease	disease_13079	7.266181776558676e-09
Disease	disease_14526	7.264837745004008e-09
Disease	disease_22859	7.263346576492274e-09
Disease	disease_43529	7.263346576492274e-09
Disease	disease_6779	7.263346576492274e-09
Disease	disease_1302	7.263346576492274e-09
Disease	disease_15296	7.263346576492274e-09
Disease	disease_20983	7.263346576492274e-09
Disease	disease_19443	7.261572163341069e-09
Disease	disease_3423	7.2581692878203715e-09
Disease	disease_1007	7.256556873731323e-09
Disease	disease_27407	7.254936448623254e-09
Disease	disease_9548	7.254533494001515e-09
Disease	disease_9752	7.2544151265592036e-09
Disease	disease_4532	7.2538829708813034e-09
Disease	disease_21343	7.251343240072941e-09
Disease	disease_5650	7.251246408882533e-09
Disease	disease_4707	7.2488639928743136e-09
Disease	disease_1051	7.24462041540377e-09
Disease	disease_5914	7.243588765512937e-09
Disease	disease_5998	7.241335525179878e-09
Disease	disease_10556	7.24114522905386e-09
Disease	disease_4828	7.238320988497489e-09
Disease	disease_4528	7.238314965580743e-09
Disease	disease_530	7.237928607625409e-09
Disease	disease_193	7.237569268245481e-09
Disease	disease_12206	7.236972002490037e-09
Disease	disease_13837	7.234425964537474e-09
Disease	disease_21462	7.2339864305887075e-09
Disease	disease_12885	7.228376391490131e-09
Disease	disease_100058	7.227665438983986e-09
Disease	disease_9428	7.22753837351542e-09
Disease	disease_631	7.226902273881344e-09
Disease	disease_16072	7.2263884574452875e-09
Disease	disease_16305	7.226369182944931e-09
Disease	disease_21165	7.225689218057471e-09
Disease	disease_10642	7.225079037311444e-09
Disease	disease_54736	7.224893963451907e-09
Disease	disease_10041	7.224724529992714e-09
Disease	disease_15357	7.2191835371700455e-09
Disease	disease_18341	7.218784652876393e-09
Disease	disease_3585	7.217987956337189e-09
Disease	disease_3590	7.217987956337189e-09
Disease	disease_3594	7.217987956337189e-09
Disease	disease_3602	7.217987956337189e-09
Disease	disease_7617	7.217238084529178e-09
Disease	disease_9211	7.216451541247111e-09
Disease	disease_24519	7.21419404032381e-09
Disease	disease_11513	7.212646915167937e-09
Disease	disease_21235	7.211231071659312e-09
Disease	disease_20518	7.21077610578152e-09
Disease	disease_4233	7.21012020262361e-09
Disease	disease_3898	7.21012020262361e-09
Disease	disease_2187	7.209228594710657e-09
Disease	disease_9964	7.208663749033163e-09
Disease	disease_6963	7.208555491795323e-09
Disease	disease_14857	7.2069215132563545e-09
Disease	disease_22800	7.206625643599446e-09
Disease	disease_8073	7.2059374392211724e-09
Disease	disease_17827	7.200992651382986e-09
Disease	disease_12126	7.199695300388854e-09
Disease	disease_17131	7.195644206372516e-09
Disease	disease_13582	7.19467701153334e-09
Disease	disease_13302	7.194419538206146e-09
Disease	disease_12335	7.192608207828397e-09
Disease	disease_21110	7.191569046688323e-09
Disease	disease_43099	7.190748241405364e-09
Disease	disease_19517	7.190748183066913e-09
Disease	disease_749	7.187746439844307e-09
Disease	disease_1101	7.187746439844307e-09
Disease	disease_4077	7.184616207722996e-09
Disease	disease_21036	7.1816623466028e-09
Disease	disease_20040	7.181098828947303e-09
Disease	disease_12173	7.177334464823902e-09
Disease	disease_6743	7.176410311571358e-09
Disease	disease_18155	7.172870392949313e-09
Disease	disease_11608	7.172828952343714e-09
Disease	disease_11609	7.172828952343714e-09
Disease	disease_13295	7.172828952343714e-09
Disease	disease_11598	7.172828952343714e-09
Disease	disease_13107	7.172828952343714e-09
Disease	disease_13294	7.172828952343714e-09
Disease	disease_11597	7.172828952343714e-09
Disease	disease_6514	7.172828952343714e-09
Disease	disease_14078	7.171749287676444e-09
Disease	disease_10824	7.171513830258623e-09
Disease	disease_5866	7.1704692083739014e-09
Disease	disease_15800	7.16810189298213e-09
Disease	disease_3403	7.167946991483509e-09
Disease	disease_23581	7.164100697269753e-09
Disease	disease_14944	7.163836502248867e-09
Disease	disease_9416	7.161591678127558e-09
Disease	disease_11244	7.161245612959601e-09
Disease	disease_54836	7.156340262513094e-09
Disease	disease_9657	7.154184706225147e-09
Disease	disease_100156	7.151151799102109e-09
Disease	disease_32601	7.148454838084278e-09
Disease	disease_18656	7.144889577499308e-09
Disease	disease_11721	7.143418751211267e-09
Disease	disease_44339	7.14214609979632e-09
Disease	disease_509	7.139397531144759e-09
Disease	disease_15692	7.137799000217349e-09
Disease	disease_4356	7.130039663953568e-09
Disease	disease_13350	7.125822458141166e-09
Disease	disease_13920	7.125428317837671e-09
Disease	disease_100094	7.121093453973426e-09
Disease	disease_23035	7.121093453973426e-09
Disease	disease_18745	7.1186520103276004e-09
Disease	disease_10222	7.114125838474051e-09
Disease	disease_13172	7.112422890960904e-09
Disease	disease_1239	7.109729478429504e-09
Disease	disease_8974	7.108329944784095e-09
Disease	disease_11837	7.106423304346934e-09
Disease	disease_9945	7.106254893358275e-09
Disease	disease_18828	7.105223411531421e-09
Disease	disease_4603	7.1005593034569825e-09
Disease	disease_119	7.098833051792777e-09
Disease	disease_44208	7.095777536081564e-09
Disease	disease_19897	7.095120648651466e-09
Disease	disease_11743	7.093921135622001e-09
Disease	disease_6493	7.093868596015964e-09
Disease	disease_41752	7.087264684941684e-09
Disease	disease_8967	7.086190299979396e-09
Disease	disease_20599	7.085015042740488e-09
Disease	disease_4922	7.084088326605585e-09
Disease	disease_6692	7.0799205329834926e-09
Disease	disease_20800	7.0799205329834926e-09
Disease	disease_44312	7.079249996659621e-09
Disease	disease_6202	7.0742612579263316e-09
Disease	disease_902	7.065528410435138e-09
Disease	disease_11843	7.060437123748601e-09
Disease	disease_9919	7.0550974405493786e-09
Disease	disease_16597	7.0479025073310205e-09
Disease	disease_2034	7.047249404797711e-09
Disease	disease_16410	7.045201186312089e-09
Disease	disease_19205	7.04433555207662e-09
Disease	disease_3022	7.040249112767019e-09
Disease	disease_7850	7.038533728745758e-09
Disease	disease_16794	7.035565590507518e-09
Disease	disease_2057	7.032025489309362e-09
Disease	disease_8262	7.030048918977211e-09
Disease	disease_13503	7.024309896937471e-09
Disease	disease_16971	7.022016346191824e-09
Disease	disease_18823	7.020964956887174e-09
Disease	disease_7862	7.017932603739668e-09
Disease	disease_2862	7.017693140244955e-09
Disease	disease_3036	7.016987572695748e-09
Disease	disease_3276	7.014960446092032e-09
Disease	disease_7446	7.013744669140692e-09
Disease	disease_17221	7.0122988333789665e-09
Disease	disease_18575	7.010222259624684e-09
Disease	disease_20480	7.006347175821037e-09
Disease	disease_3033	7.0062175673998996e-09
Disease	disease_10653	6.999596174268013e-09
Disease	disease_31009	6.99349165247601e-09
Disease	disease_9091	6.99253975572638e-09
Disease	disease_100081	6.99091511608719e-09
Disease	disease_11752	6.98902271666169e-09
Disease	disease_43116	6.988439922256768e-09
Disease	disease_13988	6.987288685626183e-09
Disease	disease_17625	6.98607955411831e-09
Disease	disease_8169	6.983847520299053e-09
Disease	disease_21726	6.983825885951282e-09
Disease	disease_45028	6.981996338852497e-09
Disease	disease_16606	6.97719202509104e-09
Disease	disease_13281	6.9748652409840974e-09
Disease	disease_18737	6.972737117483478e-09
Disease	disease_32781	6.971662521631798e-09
Disease	disease_10501	6.971267211387048e-09
Disease	disease_11191	6.968510962100821e-09
Disease	disease_15146	6.965985550862256e-09
Disease	disease_7718	6.962769299002837e-09
Disease	disease_12153	6.962310744250116e-09
Disease	disease_3263	6.958942145746467e-09
Disease	disease_4591	6.9583107643759416e-09
Disease	disease_4285	6.956637906527887e-09
Disease	disease_3940	6.955645746240243e-09
Disease	disease_14040	6.951947424119688e-09
Disease	disease_7313	6.948235346315777e-09
Disease	disease_8670	6.947423795264174e-09
Disease	disease_3209	6.947375187427978e-09
Disease	disease_21246	6.944942467808272e-09
Disease	disease_16189	6.944357032440688e-09
Disease	disease_14806	6.936350600321249e-09
Disease	disease_19270	6.936270199303785e-09
Disease	disease_2453	6.932881732987723e-09
Disease	disease_9237	6.9307714249154395e-09
Disease	disease_4853	6.929111714766887e-09
Disease	disease_1403	6.927560543898672e-09
Disease	disease_1526	6.927560543898672e-09
Disease	disease_32868	6.926090451201454e-09
Disease	disease_14222	6.920593748686236e-09
Disease	disease_10176	6.915150992228688e-09
Disease	disease_4651	6.904126238941797e-09
Disease	disease_12436	6.902870519624404e-09
Disease	disease_642	6.900659175118032e-09
Disease	disease_12897	6.8998875763543675e-09
Disease	disease_18489	6.897610329903645e-09
Disease	disease_10003	6.895897362385419e-09
Disease	disease_9389	6.8913294986246496e-09
Disease	disease_15785	6.8911108496517496e-09
Disease	disease_11909	6.891091929629595e-09
Disease	disease_10390	6.889683408611575e-09
Disease	disease_20303	6.885888320510699e-09
Disease	disease_12354	6.885333477442579e-09
Disease	disease_17144	6.879302450499677e-09
Disease	disease_4132	6.872435657754559e-09
Disease	disease_19512	6.866704454401682e-09
Disease	disease_60781	6.8617786790146846e-09
Disease	disease_11640	6.8594444795699556e-09
Disease	disease_2178	6.855090914407168e-09
Disease	disease_2262	6.853590358164386e-09
Disease	disease_2570	6.846256691122036e-09
Disease	disease_100212	6.83713854724902e-09
Disease	disease_13049	6.836461797724426e-09
Disease	disease_16401	6.828949812683136e-09
Disease	disease_11971	6.820138751584004e-09
Disease	disease_12253	6.819534002312179e-09
Disease	disease_10758	6.816191101677066e-09
Disease	disease_10460	6.814080048361169e-09
Disease	disease_14947	6.813822179837401e-09
Disease	disease_20677	6.813151470920897e-09
Disease	disease_9936	6.811107843026251e-09
Disease	disease_25445	6.808308724470609e-09
Disease	disease_6034	6.8049153355764375e-09
Disease	disease_9144	6.804491446875532e-09
Disease	disease_17354	6.803364325384585e-09
Disease	disease_18746	6.802706473320905e-09
Disease	disease_9006	6.802593094931935e-09
Disease	disease_11992	6.800618088489932e-09
Disease	disease_19728	6.8005059700674435e-09
Disease	disease_19730	6.8005059700674435e-09
Disease	disease_19729	6.8005059700674435e-09
Disease	disease_43257	6.8001169978000434e-09
Disease	disease_8953	6.799272432678474e-09
Disease	disease_12315	6.7988304674541685e-09
Disease	disease_16556	6.795529600418975e-09
Disease	disease_21364	6.7953141943578e-09
Disease	disease_11518	6.794580828771197e-09
Disease	disease_44926	6.7919679518362965e-09
Disease	disease_2705	6.790319029785065e-09
Disease	disease_17717	6.787399615021922e-09
Disease	disease_33856	6.785940113389818e-09
Disease	disease_881	6.785740342579711e-09
Disease	disease_5947	6.78355930352208e-09
Disease	disease_21358	6.7791295361708825e-09
Disease	disease_16491	6.777193667676555e-09
Disease	disease_11402	6.77691265474942e-09
Disease	disease_14260	6.776735029594511e-09
Disease	disease_17811	6.7751944412039485e-09
Disease	disease_10386	6.773963657726622e-09
Disease	disease_30063	6.772668861782963e-09
Disease	disease_9158	6.770844679500599e-09
Disease	disease_14281	6.769906237877846e-09
Disease	disease_10859	6.7696436346060804e-09
Disease	disease_13330	6.7691667619766425e-09
Disease	disease_14285	6.76545921941354e-09
Disease	disease_10940	6.765297750442015e-09
Disease	disease_3637	6.763240054436189e-09
Disease	disease_13066	6.763165490283661e-09
Disease	disease_11185	6.759409754400835e-09
Disease	disease_17388	6.758996586149878e-09
Disease	disease_14658	6.756750628683296e-09
Disease	disease_13187	6.755549094053637e-09
Disease	disease_17759	6.754933634613433e-09
Disease	disease_12120	6.7532551717059625e-09
Disease	disease_44316	6.752965511329407e-09
Disease	disease_1615	6.752744853783096e-09
Disease	disease_549	6.750986828898638e-09
Disease	disease_5648	6.749416643612955e-09
Disease	disease_4280	6.747877262588002e-09
Disease	disease_13223	6.745069079687103e-09
Disease	disease_10384	6.741880903314874e-09
Disease	disease_5743	6.738951754655165e-09
Disease	disease_2063	6.737986264340321e-09
Disease	disease_15779	6.7372207802786786e-09
Disease	disease_5644	6.7358218051939524e-09
Disease	disease_34217	6.732896484983193e-09
Disease	disease_15380	6.7280576897623794e-09
Disease	disease_9877	6.723656517609037e-09
Disease	disease_12634	6.7202984234347645e-09
Disease	disease_19353	6.718904110889027e-09
Disease	disease_17716	6.716415967075638e-09
Disease	disease_13547	6.713865986632061e-09
Disease	disease_3378	6.712639807034986e-09
Disease	disease_24303	6.710625561481999e-09
Disease	disease_16400	6.706902468749244e-09
Disease	disease_10886	6.7064865574137835e-09
Disease	disease_15021	6.704953177520036e-09
Disease	disease_21010	6.702968796099141e-09
Disease	disease_3909	6.699251634227125e-09
Disease	disease_11197	6.698271733880902e-09
Disease	disease_12314	6.693524946394498e-09
Disease	disease_17766	6.692445486872194e-09
Disease	disease_16677	6.690665276487378e-09
Disease	disease_1259	6.690579663273507e-09
Disease	disease_100184	6.689972097688483e-09
Disease	disease_4017	6.685600988468451e-09
Disease	disease_30	6.6844779886497046e-09
Disease	disease_6359	6.6820725330212956e-09
Disease	disease_14905	6.680747898388119e-09
Disease	disease_21935	6.679905626354847e-09
Disease	disease_5873	6.679905626354847e-09
Disease	disease_37737	6.676679069178714e-09
Disease	disease_4235	6.675613136448747e-09
Disease	disease_13397	6.671715536556254e-09
Disease	disease_14286	6.6690976536242056e-09
Disease	disease_12703	6.663849198669425e-09
Disease	disease_10659	6.663544001185995e-09
Disease	disease_11088	6.659281478507526e-09
Disease	disease_9783	6.651269557358687e-09
Disease	disease_9839	6.651251180595458e-09
Disease	disease_3260	6.650285954050678e-09
Disease	disease_12111	6.647388580815001e-09
Disease	disease_21944	6.644003831835229e-09
Disease	disease_24283	6.643272919568937e-09
Disease	disease_6238	6.636778559431116e-09
Disease	disease_19307	6.6345567798764325e-09
Disease	disease_1242	6.629551427868161e-09
Disease	disease_18138	6.62821482497774e-09
Disease	disease_18476	6.62407854763084e-09
Disease	disease_21233	6.618081473691685e-09
Disease	disease_4338	6.612386666421847e-09
Disease	disease_16044	6.612372664677464e-09
Disease	disease_21291	6.612048673699615e-09
Disease	disease_21292	6.612048673699615e-09
Disease	disease_10437	6.610417335716315e-09
Disease	disease_14642	6.609566413456607e-09
Disease	disease_19699	6.60639194269053e-09
Disease	disease_1492	6.6057585654114225e-09
Disease	disease_20267	6.605137884025434e-09
Disease	disease_10148	6.602077421715152e-09
Disease	disease_7930	6.601327460985913e-09
Disease	disease_44990	6.592080972065797e-09
Disease	disease_8591	6.59188660774853e-09
Disease	disease_2653	6.588901594019947e-09
Disease	disease_13189	6.58782601493171e-09
Disease	disease_44137	6.587307853284557e-09
Disease	disease_14274	6.582504013163863e-09
Disease	disease_9405	6.581478643544156e-09
Disease	disease_13117	6.581330394063759e-09
Disease	disease_17353	6.57718971410849e-09
Disease	disease_19915	6.574627141394449e-09
Disease	disease_200	6.574564145971455e-09
Disease	disease_10401	6.568803645069452e-09
Disease	disease_13194	6.56504794024076e-09
Disease	disease_27767	6.5637319148623385e-09
Disease	disease_17271	6.5623533448663836e-09
Disease	disease_7130	6.561784428635237e-09
Disease	disease_56817	6.5616863212760254e-09
Disease	disease_13220	6.555740395848942e-09
Disease	disease_15518	6.55562632506819e-09
Disease	disease_14716	6.5536191839877815e-09
Disease	disease_9122	6.553343090327276e-09
Disease	disease_2457	6.5520994504291165e-09
Disease	disease_13398	6.548401263769506e-09
Disease	disease_21193	6.546023169608237e-09
Disease	disease_17167	6.545212985474233e-09
Disease	disease_4122	6.544329747892001e-09
Disease	disease_16755	6.54145704962443e-09
Disease	disease_11340	6.540950059984548e-09
Disease	disease_15864	6.540324186331071e-09
Disease	disease_43327	6.538175425947695e-09
Disease	disease_1906	6.5375447828948645e-09
Disease	disease_6405	6.536689440326193e-09
Disease	disease_14527	6.532132320455903e-09
Disease	disease_10854	6.526590053873418e-09
Disease	disease_100029	6.523845123186219e-09
Disease	disease_21245	6.522655917821198e-09
Disease	disease_17384	6.521875560215358e-09
Disease	disease_11566	6.519452792314855e-09
Disease	disease_43209	6.517797898694721e-09
Disease	disease_24410	6.517771659979686e-09
Disease	disease_13352	6.5175276124443764e-09
Disease	disease_648	6.517209660158583e-09
Disease	disease_14960	6.517159454767701e-09
Disease	disease_5913	6.516957595768742e-09
Disease	disease_20731	6.516957595768742e-09
Disease	disease_12924	6.511262978394247e-09
Disease	disease_11390	6.5053510368762655e-09
Disease	disease_3098	6.502602679548968e-09
Disease	disease_5426	6.5005616305048235e-09
Disease	disease_2451	6.496750817426651e-09
Disease	disease_14381	6.496549646696828e-09
Disease	disease_7142	6.495378853048333e-09
Disease	disease_4343	6.49453676372364e-09
Disease	disease_10155	6.490458614852621e-09
Disease	disease_6532	6.483647609262524e-09
Disease	disease_19537	6.483624896427105e-09
Disease	disease_16243	6.483624896427105e-09
Disease	disease_16242	6.483624896427105e-09
Disease	disease_1127	6.483329025919238e-09
Disease	disease_21065	6.481040728513609e-09
Disease	disease_239	6.48009799849353e-09
Disease	disease_100012	6.4746554824116225e-09
Disease	disease_19155	6.472853443728815e-09
Disease	disease_16779	6.471938689477046e-09
Disease	disease_24857	6.471704749011164e-09
Disease	disease_16975	6.46370989954509e-09
Disease	disease_11529	6.463527110290337e-09
Disease	disease_9926	6.462581457216645e-09
Disease	disease_8277	6.4625789296829895e-09
Disease	disease_3030	6.460118755510649e-09
Disease	disease_12033	6.458343289616288e-09
Disease	disease_9039	6.4560987424028995e-09
Disease	disease_2293	6.455525550403815e-09
Disease	disease_22792	6.452780395854751e-09
Disease	disease_9683	6.4500060512900975e-09
Disease	disease_34092	6.4485790086343554e-09
Disease	disease_16978	6.4472459083604025e-09
Disease	disease_16977	6.4472459083604025e-09
Disease	disease_16976	6.4472459083604025e-09
Disease	disease_12574	6.439719830029015e-09
Disease	disease_6827	6.4368745961115e-09
Disease	disease_3233	6.433256530092665e-09
Disease	disease_2270	6.42989607035673e-09
Disease	disease_13182	6.428883654005817e-09
Disease	disease_43878	6.425648359377534e-09
Disease	disease_11497	6.424683359317295e-09
Disease	disease_17222	6.4228685908614006e-09
Disease	disease_6192	6.4174842143852715e-09
Disease	disease_903	6.4171513678208676e-09
Disease	disease_44663	6.416231413929892e-09
Disease	disease_3251	6.413316720149579e-09
Disease	disease_6960	6.411973832643788e-09
Disease	disease_6089	6.411852499388275e-09
Disease	disease_3832	6.410668085614174e-09
Disease	disease_30073	6.409915008958066e-09
Disease	disease_15583	6.40060079343256e-09
Disease	disease_19797	6.399275283449245e-09
Disease	disease_11528	6.39859039452672e-09
Disease	disease_13481	6.397450307358476e-09
Disease	disease_11735	6.386305648801649e-09
Disease	disease_2726	6.386283554546361e-09
Disease	disease_13681	6.382084696834091e-09
Disease	disease_12348	6.379270006386074e-09
Disease	disease_8029	6.378934193242262e-09
Disease	disease_17576	6.374340799653043e-09
Disease	disease_15269	6.374298911251768e-09
Disease	disease_12743	6.3740375576978885e-09
Disease	disease_5556	6.3728893689805745e-09
Disease	disease_9229	6.3726594830155915e-09
Disease	disease_4744	6.369716769530346e-09
Disease	disease_8917	6.365258129078194e-09
Disease	disease_13191	6.364432670760389e-09
Disease	disease_2037	6.361867538259591e-09
Disease	disease_16262	6.3584229397619464e-09
Disease	disease_20728	6.35699686135747e-09
Disease	disease_8503	6.354835863202306e-09
Disease	disease_13928	6.3545982737734155e-09
Disease	disease_5826	6.352174367033265e-09
Disease	disease_19995	6.344774957026821e-09
Disease	disease_2824	6.344152763344018e-09
Disease	disease_10683	6.344022688614884e-09
Disease	disease_4209	6.343072437957932e-09
Disease	disease_10464	6.341067591749147e-09
Disease	disease_2423	6.3386528773735405e-09
Disease	disease_7614	6.334041890767204e-09
Disease	disease_16782	6.334004481875506e-09
Disease	disease_17093	6.332925742003813e-09
Disease	disease_11888	6.332216686356123e-09
Disease	disease_17274	6.3306711788592785e-09
Disease	disease_24250	6.330234265206502e-09
Disease	disease_9196	6.327696412429751e-09
Disease	disease_16799	6.327449822271393e-09
Disease	disease_2588	6.322129791513189e-09
Disease	disease_6257	6.321552558872651e-09
Disease	disease_10537	6.318216273605477e-09
Disease	disease_6348	6.317970941590117e-09
Disease	disease_2768	6.3171781981535535e-09
Disease	disease_17406	6.316355606466761e-09
Disease	disease_17993	6.315746813118381e-09
Disease	disease_13381	6.314835685932295e-09
Disease	disease_12529	6.313841589322481e-09
Disease	disease_9225	6.313292777210923e-09
Disease	disease_13112	6.309238144813496e-09
Disease	disease_19395	6.307059129645798e-09
Disease	disease_1240	6.301505291623381e-09
Disease	disease_9384	6.2986070775561535e-09
Disease	disease_18296	6.2979223597842145e-09
Disease	disease_5518	6.297685341628439e-09
Disease	disease_6520	6.297596612729705e-09
Disease	disease_21722	6.294945646237867e-09
Disease	disease_20044	6.294763022964248e-09
Disease	disease_21512	6.293782581265628e-09
Disease	disease_3073	6.292681349630094e-09
Disease	disease_1543	6.28955733351364e-09
Disease	disease_7299	6.287922867038142e-09
Disease	disease_17748	6.287643198500528e-09
Disease	disease_14758	6.287508035888021e-09
Disease	disease_16838	6.2874819090011835e-09
Disease	disease_13256	6.285909946878808e-09
Disease	disease_6367	6.285071364286766e-09
Disease	disease_10772	6.280872117702327e-09
Disease	disease_1387	6.279245844843361e-09
Disease	disease_20073	6.274492139965591e-09
Disease	disease_13087	6.273986660178942e-09
Disease	disease_54845	6.272853102384951e-09
Disease	disease_15539	6.2726239621590564e-09
Disease	disease_21191	6.271821266068339e-09
Disease	disease_12417	6.271733828036231e-09
Disease	disease_4120	6.267894479979707e-09
Disease	disease_44872	6.2674212827385086e-09
Disease	disease_13306	6.26674430185767e-09
Disease	disease_32767	6.266695233441013e-09
Disease	disease_262	6.265374732630203e-09
Disease	disease_20071	6.264852204516347e-09
Disease	disease_2742	6.2647281362106076e-09
Disease	disease_11362	6.257501089127633e-09
Disease	disease_12396	6.2541079585391e-09
Disease	disease_15215	6.248977546386137e-09
Disease	disease_15784	6.24873830590511e-09
Disease	disease_20585	6.248679098269982e-09
Disease	disease_15783	6.247503955956195e-09
Disease	disease_20297	6.246088564130179e-09
Disease	disease_11043	6.241193588956797e-09
Disease	disease_9729	6.2386342018373754e-09
Disease	disease_10622	6.237861866505147e-09
Disease	disease_5850	6.236489296878378e-09
Disease	disease_5717	6.236489296878378e-09
Disease	disease_5720	6.236489296878378e-09
Disease	disease_7863	6.234258163708837e-09
Disease	disease_17238	6.231195010728394e-09
Disease	disease_9985	6.224480827803615e-09
Disease	disease_9796	6.224158690507714e-09
Disease	disease_23143	6.222822727137927e-09
Disease	disease_18821	6.222284238735855e-09
Disease	disease_20111	6.218761290469899e-09
Disease	disease_8362	6.2174110451565596e-09
Disease	disease_4935	6.214533652459419e-09
Disease	disease_21180	6.214533652459419e-09
Disease	disease_7190	6.212434329469881e-09
Disease	disease_2729	6.211497721125003e-09
Disease	disease_13987	6.21083250908362e-09
Disease	disease_13075	6.210501708725723e-09
Disease	disease_3846	6.209221805839894e-09
Disease	disease_100321	6.201372534861826e-09
Disease	disease_11986	6.199771177353215e-09
Disease	disease_24662	6.198995913251472e-09
Disease	disease_9422	6.19651600258325e-09
Disease	disease_44873	6.196228560495236e-09
Disease	disease_21765	6.196079718261163e-09
Disease	disease_44974	6.196006077000127e-09
Disease	disease_9103	6.195857968003337e-09
Disease	disease_16900	6.195102432401859e-09
Disease	disease_16717	6.192061704602036e-09
Disease	disease_11887	6.191666688970626e-09
Disease	disease_8209	6.189595382171488e-09
Disease	disease_17579	6.1859092795102374e-09
Disease	disease_7779	6.184431249514278e-09
Disease	disease_6134	6.183680530982999e-09
Disease	disease_1903	6.183296731505609e-09
Disease	disease_14158	6.182442145183551e-09
Disease	disease_13960	6.179746916744841e-09
Disease	disease_4058	6.179443367305533e-09
Disease	disease_9339	6.176283551853894e-09
Disease	disease_43237	6.175813456685107e-09
Disease	disease_9645	6.175725766663143e-09
Disease	disease_14278	6.1748837824311165e-09
Disease	disease_3688	6.1744909596130064e-09
Disease	disease_1867	6.173216289787168e-09
Disease	disease_24649	6.173082673813154e-09
Disease	disease_14562	6.1722354294858434e-09
Disease	disease_19351	6.171852520505495e-09
Disease	disease_19503	6.1716385464773616e-09
Disease	disease_9536	6.170916725617826e-09
Disease	disease_9540	6.170916725617826e-09
Disease	disease_9534	6.170916725617826e-09
Disease	disease_10091	6.169684764740287e-09
Disease	disease_18452	6.168148200833639e-09
Disease	disease_3360	6.167882484593971e-09
Disease	disease_981	6.1663980821798784e-09
Disease	disease_8922	6.165335344893244e-09
Disease	disease_60659	6.162689339338315e-09
Disease	disease_2630	6.162391600860673e-09
Disease	disease_20312	6.1610411724922556e-09
Disease	disease_6164	6.159651403123928e-09
Disease	disease_19799	6.159426127742894e-09
Disease	disease_20103	6.157349455162647e-09
Disease	disease_12163	6.1569348854657386e-09
Disease	disease_54813	6.155595365034372e-09
Disease	disease_12999	6.154169259645083e-09
Disease	disease_30069	6.145566742452895e-09
Disease	disease_19739	6.140297063705504e-09
Disease	disease_9032	6.139795110446482e-09
Disease	disease_1465	6.137984991540238e-09
Disease	disease_12073	6.1378877329905385e-09
Disease	disease_18137	6.136873267860785e-09
Disease	disease_18136	6.136873267860785e-09
Disease	disease_16338	6.128551277059202e-09
Disease	disease_3075	6.1249244880584255e-09
Disease	disease_3076	6.1249244880584255e-09
Disease	disease_14554	6.1213452198087645e-09
Disease	disease_10478	6.1185725127023214e-09
Disease	disease_17312	6.115856760848042e-09
Disease	disease_14589	6.113719149050709e-09
Disease	disease_13417	6.110603230548549e-09
Disease	disease_7205	6.108995268335882e-09
Disease	disease_1905	6.10665597087223e-09
Disease	disease_2517	6.10665597087223e-09
Disease	disease_5358	6.1062169657095916e-09
Disease	disease_4613	6.1048259416685035e-09
Disease	disease_3351	6.102202916184898e-09
Disease	disease_6643	6.099504833466023e-09
Disease	disease_42488	6.097916009229842e-09
Disease	disease_10047	6.097543559071453e-09
Disease	disease_19388	6.097145780484747e-09
Disease	disease_6119	6.096470169121117e-09
Disease	disease_13337	6.0915959863292525e-09
Disease	disease_15797	6.090996205263534e-09
Disease	disease_33544	6.081377099975203e-09
Disease	disease_20266	6.078079556705456e-09
Disease	disease_2078	6.075217970813295e-09
Disease	disease_15761	6.074552073699289e-09
Disease	disease_2707	6.069216523630284e-09
Disease	disease_10459	6.068351900641756e-09
Disease	disease_9161	6.065086519171753e-09
Disease	disease_18687	6.0625105978112e-09
Disease	disease_8825	6.061152233184314e-09
Disease	disease_14736	6.058121509516618e-09
Disease	disease_3997	6.053250872992384e-09
Disease	disease_12426	6.052440285137006e-09
Disease	disease_17838	6.052129330559325e-09
Disease	disease_7271	6.051780537885885e-09
Disease	disease_18123	6.048170468213624e-09
Disease	disease_13745	6.048165503808364e-09
Disease	disease_12435	6.04433290027121e-09
Disease	disease_14861	6.0412144803755385e-09
Disease	disease_17200	6.040352344902552e-09
Disease	disease_23483	6.036668469427942e-09
Disease	disease_5	6.031795859521959e-09
Disease	disease_9451	6.031554372157322e-09
Disease	disease_13267	6.030685353053814e-09
Disease	disease_6641	6.025431799086724e-09
Disease	disease_12503	6.022620083985429e-09
Disease	disease_13213	6.017928212674586e-09
Disease	disease_2366	6.015479030627218e-09
Disease	disease_33371	6.014771557752486e-09
Disease	disease_11312	6.013280660166917e-09
Disease	disease_11368	6.013280660166917e-09
Disease	disease_10721	6.012701466710093e-09
Disease	disease_21228	6.0081418544281365e-09
Disease	disease_8334	6.008068943895472e-09
Disease	disease_6215	6.00742891155259e-09
Disease	disease_188	6.005602851105181e-09
Disease	disease_8645	6.0048593808950715e-09
Disease	disease_11540	6.003092561234142e-09
Disease	disease_14719	5.99972225975772e-09
Disease	disease_15294	5.99822179066585e-09
Disease	disease_4411	5.9979880282515395e-09
Disease	disease_17714	5.995984662389313e-09
Disease	disease_20523	5.992538796810851e-09
Disease	disease_3960	5.991176521750034e-09
Disease	disease_24517	5.987256495115124e-09
Disease	disease_16740	5.985392464699686e-09
Disease	disease_24905	5.984881708721815e-09
Disease	disease_16203	5.979384741096937e-09
Disease	disease_14674	5.97537137487914e-09
Disease	disease_6420	5.9694729720576005e-09
Disease	disease_7691	5.968703240406824e-09
Disease	disease_20656	5.968509536180219e-09
Disease	disease_14225	5.967621013812321e-09
Disease	disease_21571	5.961300295457536e-09
Disease	disease_6018	5.9572590406183225e-09
Disease	disease_14364	5.956390599757749e-09
Disease	disease_17224	5.9551915727368906e-09
Disease	disease_87	5.952626077699174e-09
Disease	disease_30008	5.949806278116415e-09
Disease	disease_10362	5.9467279104050424e-09
Disease	disease_21641	5.944240342425129e-09
Disease	disease_8272	5.940593294472725e-09
Disease	disease_21851	5.934112757829542e-09
Disease	disease_20491	5.933687102109614e-09
Disease	disease_14939	5.930621913468173e-09
Disease	disease_10088	5.928870467084215e-09
Disease	disease_4305	5.928321115621321e-09
Disease	disease_16230	5.927295994367403e-09
Disease	disease_19277	5.925451922960047e-09
Disease	disease_12939	5.924524694921901e-09
Disease	disease_14872	5.924160544973725e-09
Disease	disease_17722	5.917981911069736e-09
Disease	disease_17721	5.917981911069736e-09
Disease	disease_17723	5.917981911069736e-09
Disease	disease_19563	5.913405217963319e-09
Disease	disease_1250	5.91291534931976e-09
Disease	disease_27676	5.9102135461129334e-09
Disease	disease_12892	5.909401148573212e-09
Disease	disease_6197	5.907123054823865e-09
Disease	disease_11555	5.906702029523895e-09
Disease	disease_11599	5.904638165822219e-09
Disease	disease_14410	5.903466582301303e-09
Disease	disease_9577	5.9026071591115314e-09
Disease	disease_2666	5.901843553721309e-09
Disease	disease_20732	5.900542053897377e-09
Disease	disease_7810	5.900056904933156e-09
Disease	disease_6856	5.8966395784001874e-09
Disease	disease_17283	5.887646981634881e-09
Disease	disease_21239	5.885221137168701e-09
Disease	disease_14347	5.8794169807636425e-09
Disease	disease_20537	5.877875120361341e-09
Disease	disease_12414	5.8769245913058175e-09
Disease	disease_17359	5.873139047418367e-09
Disease	disease_22410	5.872540744682931e-09
Disease	disease_5106	5.86696945534095e-09
Disease	disease_44645	5.86605493389294e-09
Disease	disease_4236	5.865797146961368e-09
Disease	disease_1016	5.865608060623087e-09
Disease	disease_21249	5.861307613308901e-09
Disease	disease_179	5.860747549686901e-09
Disease	disease_1074	5.860705203349362e-09
Disease	disease_1520	5.858709623865622e-09
Disease	disease_1720	5.856735075338736e-09
Disease	disease_18523	5.852621628886469e-09
Disease	disease_10784	5.852554532079914e-09
Disease	disease_14357	5.847409830966237e-09
Disease	disease_10540	5.846711017650382e-09
Disease	disease_3200	5.8454780457811975e-09
Disease	disease_629	5.8447098279307656e-09
Disease	disease_30006	5.8410684726825335e-09
Disease	disease_60496	5.8374244968552505e-09
Disease	disease_3866	5.834773609950834e-09
Disease	disease_11830	5.831132559585398e-09
Disease	disease_19334	5.825863753300238e-09
Disease	disease_17188	5.825863753300238e-09
Disease	disease_14979	5.825553480021773e-09
Disease	disease_14640	5.823998799229726e-09
Disease	disease_13422	5.823906333577838e-09
Disease	disease_10623	5.822062313469275e-09
Disease	disease_7733	5.821195756754673e-09
Disease	disease_24459	5.81735985921658e-09
Disease	disease_8476	5.8169177679290135e-09
Disease	disease_3621	5.816429620876854e-09
Disease	disease_3506	5.813416682767015e-09
Disease	disease_4774	5.8102354927070705e-09
Disease	disease_1912	5.809636755973052e-09
Disease	disease_4484	5.809424182667636e-09
Disease	disease_1301	5.808793330378079e-09
Disease	disease_1441	5.808793330378079e-09
Disease	disease_13957	5.807731941258083e-09
Disease	disease_12308	5.804587212115065e-09
Disease	disease_13142	5.799652904546559e-09
Disease	disease_15469	5.7981868817189015e-09
Disease	disease_15738	5.7977717810531965e-09
Disease	disease_13875	5.789216145202358e-09
Disease	disease_20548	5.788685919610979e-09
Disease	disease_54738	5.788208217166629e-09
Disease	disease_14641	5.7867825775139985e-09
Disease	disease_14805	5.786002611803778e-09
Disease	disease_6239	5.784224058144894e-09
Disease	disease_19234	5.776265058063842e-09
Disease	disease_19414	5.7760272200678e-09
Disease	disease_4582	5.772498286619108e-09
Disease	disease_20845	5.772458876262664e-09
Disease	disease_3144	5.772352230989319e-09
Disease	disease_5491	5.768790777338638e-09
Disease	disease_19574	5.7684483024279295e-09
Disease	disease_11537	5.766893287188004e-09
Disease	disease_17326	5.766429715961576e-09
Disease	disease_16455	5.766429715961576e-09
Disease	disease_12984	5.764733384650972e-09
Disease	disease_15736	5.761860771333787e-09
Disease	disease_14249	5.758671883790671e-09
Disease	disease_9853	5.756940536584051e-09
Disease	disease_10142	5.755204226807282e-09
Disease	disease_44696	5.752115930526688e-09
Disease	disease_20729	5.752090341001681e-09
Disease	disease_20475	5.749480405311388e-09
Disease	disease_9480	5.747326438000158e-09
Disease	disease_11754	5.746981975188911e-09
Disease	disease_10535	5.74647242626082e-09
Disease	disease_20631	5.744899873572559e-09
Disease	disease_60713	5.744438168185824e-09
Disease	disease_4969	5.744228933481736e-09
Disease	disease_5663	5.742783544165929e-09
Disease	disease_60621	5.736242976205403e-09
Disease	disease_20863	5.735609425186621e-09
Disease	disease_11662	5.735509298666421e-09
Disease	disease_11636	5.733340422251976e-09
Disease	disease_25371	5.732044432119971e-09
Disease	disease_41403	5.7310843109201735e-09
Disease	disease_16797	5.730037850313398e-09
Disease	disease_3890	5.725671891328689e-09
Disease	disease_3373	5.72426614864456e-09
Disease	disease_5819	5.723846866510343e-09
Disease	disease_1062	5.721717922275082e-09
Disease	disease_44651	5.721463775318129e-09
Disease	disease_2871	5.72126569627568e-09
Disease	disease_5922	5.716320350165918e-09
Disease	disease_12790	5.715553187040378e-09
Disease	disease_1962	5.713388729356655e-09
Disease	disease_2239	5.713388729356655e-09
Disease	disease_18339	5.710943520366657e-09
Disease	disease_15359	5.710834122796755e-09
Disease	disease_18682	5.709817116482159e-09
Disease	disease_11797	5.707978237746217e-09
Disease	disease_16514	5.704217346769219e-09
Disease	disease_1234	5.70390071414245e-09
Disease	disease_988	5.70390071414245e-09
Disease	disease_1199	5.70390071414245e-09
Disease	disease_54782	5.703368748012351e-09
Disease	disease_7236	5.7010674703873204e-09
Disease	disease_43127	5.695006739799999e-09
Disease	disease_19405	5.692920809785705e-09
Disease	disease_18071	5.69143449556975e-09
Disease	disease_10763	5.6903393557809765e-09
Disease	disease_2912	5.6860972294477605e-09
Disease	disease_13731	5.6830519110461975e-09
Disease	disease_17298	5.680440316955884e-09
Disease	disease_15934	5.678863463729713e-09
Disease	disease_13771	5.678529838929451e-09
Disease	disease_8935	5.675595887809613e-09
Disease	disease_8447	5.675412584613873e-09
Disease	disease_10493	5.6741683146968645e-09
Disease	disease_11633	5.673376312808962e-09
Disease	disease_18297	5.670586976296536e-09
Disease	disease_6799	5.6690308279217166e-09
Disease	disease_17062	5.667102194538293e-09
Disease	disease_4863	5.666282844269215e-09
Disease	disease_11976	5.665844903684159e-09
Disease	disease_21025	5.663134764819151e-09
Disease	disease_13908	5.662034747799315e-09
Disease	disease_12474	5.6571820852003566e-09
Disease	disease_19843	5.6542601050437296e-09
Disease	disease_19318	5.653843920236276e-09
Disease	disease_19319	5.653843920236276e-09
Disease	disease_14298	5.653332633883869e-09
Disease	disease_19311	5.652003413547589e-09
Disease	disease_9012	5.6514372149298855e-09
Disease	disease_9678	5.651336894455363e-09
Disease	disease_4382	5.649993337203626e-09
Disease	disease_7164	5.6486389977121935e-09
Disease	disease_9079	5.6486269899579166e-09
Disease	disease_13424	5.64607970666555e-09
Disease	disease_12981	5.644865784114513e-09
Disease	disease_9111	5.6438569796672635e-09
Disease	disease_11459	5.641016745362095e-09
Disease	disease_2849	5.63990070452709e-09
Disease	disease_9272	5.638675932043511e-09
Disease	disease_2134	5.638369462515278e-09
Disease	disease_20469	5.638125155610374e-09
Disease	disease_12853	5.6380079777341366e-09
Disease	disease_32841	5.634256868632506e-09
Disease	disease_15557	5.632476689420369e-09
Disease	disease_15558	5.632476689420369e-09
Disease	disease_12611	5.6321340946029105e-09
Disease	disease_32839	5.630710180004676e-09
Disease	disease_15504	5.628455618067272e-09
Disease	disease_5325	5.626083380864014e-09
Disease	disease_100075	5.626083380864014e-09
Disease	disease_21588	5.625258400982625e-09
Disease	disease_6950	5.623654238795689e-09
Disease	disease_60759	5.621662304013674e-09
Disease	disease_4195	5.612474157141226e-09
Disease	disease_3848	5.612474157141226e-09
Disease	disease_2553	5.608549608140601e-09
Disease	disease_20702	5.607535314459988e-09
Disease	disease_20653	5.606732750098553e-09
Disease	disease_4902	5.604962948850541e-09
Disease	disease_19694	5.604371163524774e-09
Disease	disease_11663	5.602948901039391e-09
Disease	disease_21282	5.600760323694088e-09
Disease	disease_21075	5.598838159968416e-09
Disease	disease_8768	5.597732883527966e-09
Disease	disease_16831	5.595144733911051e-09
Disease	disease_100152	5.592343921640853e-09
Disease	disease_18698	5.590807949226191e-09
Disease	disease_4605	5.590172891701624e-09
Disease	disease_21133	5.586280887082046e-09
Disease	disease_20716	5.584650692590155e-09
Disease	disease_6556	5.5843660884380696e-09
Disease	disease_7453	5.583641956010198e-09
Disease	disease_8368	5.58024538043416e-09
Disease	disease_12431	5.574878763518543e-09
Disease	disease_1011	5.574237358986386e-09
Disease	disease_20858	5.5734671136735094e-09
Disease	disease_7753	5.572317508090831e-09
Disease	disease_12677	5.570556993587059e-09
Disease	disease_100148	5.568665973285474e-09
Disease	disease_2747	5.568139073835296e-09
Disease	disease_20238	5.567552773309321e-09
Disease	disease_19179	5.563741692389489e-09
Disease	disease_913	5.562595710097258e-09
Disease	disease_6548	5.560886124249642e-09
Disease	disease_18765	5.559146497448572e-09
Disease	disease_10143	5.55628830872899e-09
Disease	disease_2341	5.5536327173051305e-09
Disease	disease_7987	5.550310438503256e-09
Disease	disease_11897	5.549327618499498e-09
Disease	disease_1398	5.5492201103516596e-09
Disease	disease_20642	5.547584703081032e-09
Disease	disease_30007	5.5456292961374576e-09
Disease	disease_4435	5.543902805255209e-09
Disease	disease_5102	5.543902805255209e-09
Disease	disease_16901	5.541990133950015e-09
Disease	disease_4311	5.540456319470478e-09
Disease	disease_1036	5.539844895543382e-09
Disease	disease_587	5.5397290249306065e-09
Disease	disease_20386	5.537682263902473e-09
Disease	disease_8178	5.537059308322459e-09
Disease	disease_13885	5.536085679752402e-09
Disease	disease_24982	5.535867911550793e-09
Disease	disease_1260	5.533191486952307e-09
Disease	disease_9852	5.532745980864955e-09
Disease	disease_6935	5.5326177998857444e-09
Disease	disease_2563	5.528358742873903e-09
Disease	disease_9689	5.526871768285906e-09
Disease	disease_4675	5.525726294084081e-09
Disease	disease_11178	5.525569434480497e-09
Disease	disease_100132	5.52549724738635e-09
Disease	disease_10606	5.52538818849158e-09
Disease	disease_1120	5.523375332249337e-09
Disease	disease_15289	5.5231217700324764e-09
Disease	disease_22653	5.5207197190770335e-09
Disease	disease_23006	5.5207197190770335e-09
Disease	disease_18008	5.5207197190770335e-09
Disease	disease_5110	5.5207197190770335e-09
Disease	disease_5418	5.5207197190770335e-09
Disease	disease_2244	5.514338546812646e-09
Disease	disease_6629	5.512873946990578e-09
Disease	disease_19242	5.5114978916552e-09
Disease	disease_9426	5.507317577422338e-09
Disease	disease_1775	5.504194221471271e-09
Disease	disease_13943	5.503471832401272e-09
Disease	disease_2322	5.50211046618823e-09
Disease	disease_32764	5.501394290743206e-09
Disease	disease_10466	5.500654847320308e-09
Disease	disease_7899	5.499808608178492e-09
Disease	disease_9742	5.499707176153019e-09
Disease	disease_4340	5.498366069074807e-09
Disease	disease_4287	5.498366069074807e-09
Disease	disease_14136	5.491467251568615e-09
Disease	disease_20727	5.490951272050622e-09
Disease	disease_2848	5.487450159295135e-09
Disease	disease_11819	5.48702280979254e-09
Disease	disease_3313	5.483002701987188e-09
Disease	disease_7382	5.481800034783005e-09
Disease	disease_17709	5.481191205084779e-09
Disease	disease_10407	5.480531026959732e-09
Disease	disease_8756	5.479019768436491e-09
Disease	disease_18804	5.478346515037951e-09
Disease	disease_11668	5.478034423878602e-09
Disease	disease_20629	5.477156441332003e-09
Disease	disease_12916	5.474690375700063e-09
Disease	disease_706	5.473185642940833e-09
Disease	disease_54669	5.472867889905025e-09
Disease	disease_8089	5.4723764705848745e-09
Disease	disease_18428	5.4719703936605695e-09
Disease	disease_14018	5.468498704262601e-09
Disease	disease_9914	5.46837505757043e-09
Disease	disease_8929	5.4676651994199335e-09
Disease	disease_14561	5.466733637606688e-09
Disease	disease_23149	5.464560563756108e-09
Disease	disease_8151	5.458611960385106e-09
Disease	disease_6222	5.456488948113015e-09
Disease	disease_33853	5.4554898367823045e-09
Disease	disease_3528	5.454942902653823e-09
Disease	disease_14097	5.446978407118064e-09
Disease	disease_10717	5.446123518230512e-09
Disease	disease_19805	5.445924163601419e-09
Disease	disease_17699	5.442817047900822e-09
Disease	disease_9916	5.442254218710532e-09
Disease	disease_11759	5.441888266720957e-09
Disease	disease_14429	5.440905145164923e-09
Disease	disease_3603	5.434673207434145e-09
Disease	disease_4433	5.433692550631776e-09
Disease	disease_19401	5.4330233317605365e-09
Disease	disease_16653	5.432372774002335e-09
Disease	disease_17864	5.430403799476303e-09
Disease	disease_100239	5.4297180497115554e-09
Disease	disease_33537	5.428699993956589e-09
Disease	disease_19281	5.427379987626615e-09
Disease	disease_5276	5.4262826700964556e-09
Disease	disease_9378	5.425907052353732e-09
Disease	disease_54833	5.425651075573308e-09
Disease	disease_24618	5.423527010696918e-09
Disease	disease_21468	5.420993314070288e-09
Disease	disease_43251	5.420058984883164e-09
Disease	disease_2062	5.418393856489387e-09
Disease	disease_9359	5.417540100852996e-09
Disease	disease_11281	5.416794696064503e-09
Disease	disease_19240	5.4110026596999984e-09
Disease	disease_502	5.409419830345513e-09
Disease	disease_2031	5.40787758128581e-09
Disease	disease_12953	5.406569210353e-09
Disease	disease_3126	5.405822199302559e-09
Disease	disease_7932	5.404598053417516e-09
Disease	disease_21081	5.402711786201351e-09
Disease	disease_17318	5.401185333576133e-09
Disease	disease_20789	5.400711141396786e-09
Disease	disease_3726	5.400203546390274e-09
Disease	disease_3723	5.400203546390274e-09
Disease	disease_17914	5.398597862802118e-09
Disease	disease_652	5.3960916227262375e-09
Disease	disease_252	5.39454895825709e-09
Disease	disease_18426	5.392244283708084e-09
Disease	disease_10263	5.390580218686322e-09
Disease	disease_1706	5.3898666154823415e-09
Disease	disease_13867	5.387768800988755e-09
Disease	disease_18808	5.387087729154896e-09
Disease	disease_2670	5.3866052521946644e-09
Disease	disease_10160	5.386248840215154e-09
Disease	disease_12391	5.385809499466487e-09
Disease	disease_17345	5.383745620409558e-09
Disease	disease_8780	5.383718144355187e-09
Disease	disease_30018	5.3820895908496795e-09
Disease	disease_12540	5.380938399579526e-09
Disease	disease_18632	5.38004938774341e-09
Disease	disease_2117	5.379048858180089e-09
Disease	disease_19114	5.377880763989921e-09
Disease	disease_7108	5.375674088468339e-09
Disease	disease_12513	5.3742526378759635e-09
Disease	disease_14083	5.37421056167089e-09
Disease	disease_6053	5.371514783768146e-09
Disease	disease_17869	5.370961777367178e-09
Disease	disease_4960	5.369349968070627e-09
Disease	disease_26730	5.368291744316387e-09
Disease	disease_44013	5.367635428108511e-09
Disease	disease_490	5.3642847886467e-09
Disease	disease_12767	5.363033707280485e-09
Disease	disease_9259	5.362662581392663e-09
Disease	disease_2917	5.3611565162424526e-09
Disease	disease_15550	5.358204968736973e-09
Disease	disease_18047	5.357462123914714e-09
Disease	disease_20237	5.356033659670426e-09
Disease	disease_12712	5.355135596556695e-09
Disease	disease_14135	5.351112229575184e-09
Disease	disease_24611	5.3476228218548974e-09
Disease	disease_224	5.345050426664669e-09
Disease	disease_8812	5.345044571199447e-09
Disease	disease_7646	5.344044012657588e-09
Disease	disease_9453	5.3437697853401725e-09
Disease	disease_5308	5.343237369449923e-09
Disease	disease_16619	5.342058928969992e-09
Disease	disease_2055	5.341194790944825e-09
Disease	disease_13474	5.340476815345896e-09
Disease	disease_65	5.340166534386386e-09
Disease	disease_9141	5.340009384325858e-09
Disease	disease_8759	5.336560982334884e-09
Disease	disease_9703	5.336282119531027e-09
Disease	disease_44738	5.334837293316391e-09
Disease	disease_11632	5.332059561913584e-09
Disease	disease_15301	5.329974939450983e-09
Disease	disease_20229	5.327232218666764e-09
Disease	disease_17698	5.326684841840714e-09
Disease	disease_17695	5.326684841840714e-09
Disease	disease_17696	5.326684841840714e-09
Disease	disease_17701	5.326684841840714e-09
Disease	disease_17700	5.326684841840714e-09
Disease	disease_17697	5.326684841840714e-09
Disease	disease_8931	5.324460380590979e-09
Disease	disease_20848	5.318513051381015e-09
Disease	disease_2592	5.31699115124222e-09
Disease	disease_14479	5.31689874941319e-09
Disease	disease_15284	5.315706250498247e-09
Disease	disease_11667	5.315068021258177e-09
Disease	disease_12320	5.309417871594847e-09
Disease	disease_8214	5.308066651227497e-09
Disease	disease_10498	5.3076030984919905e-09
Disease	disease_4087	5.30745071130284e-09
Disease	disease_14698	5.303723657789439e-09
Disease	disease_13237	5.299485408815014e-09
Disease	disease_17042	5.298156574796217e-09
Disease	disease_7119	5.297147386088262e-09
Disease	disease_18403	5.296244769280183e-09
Disease	disease_2901	5.296161545179924e-09
Disease	disease_17225	5.295740941435563e-09
Disease	disease_15445	5.29207691702606e-09
Disease	disease_10984	5.290986476991909e-09
Disease	disease_263	5.290866749135452e-09
Disease	disease_11738	5.289538692678206e-09
Disease	disease_19698	5.286098162481445e-09
Disease	disease_16663	5.283534937086764e-09
Disease	disease_20670	5.282678673762852e-09
Disease	disease_7413	5.280735705600376e-09
Disease	disease_5939	5.277163045285013e-09
Disease	disease_1812	5.277007748960364e-09
Disease	disease_6005	5.2736165333120075e-09
Disease	disease_15922	5.2727666769450606e-09
Disease	disease_15212	5.270182482638835e-09
Disease	disease_1096	5.267360317536301e-09
Disease	disease_4598	5.267347355240228e-09
Disease	disease_1654	5.267082346027943e-09
Disease	disease_17736	5.266558625806314e-09
Disease	disease_16952	5.266436727975241e-09
Disease	disease_5505	5.264094198823336e-09
Disease	disease_16564	5.262448518164213e-09
Disease	disease_44320	5.262256841083604e-09
Disease	disease_1546	5.261173981697358e-09
Disease	disease_20162	5.260683736468689e-09
Disease	disease_970	5.2594729814052325e-09
Disease	disease_9440	5.257886835471373e-09
Disease	disease_8938	5.255478582381164e-09
Disease	disease_43783	5.254762972661112e-09
Disease	disease_22749	5.254762972661112e-09
Disease	disease_18139	5.254762972661112e-09
Disease	disease_6792	5.254762972661112e-09
Disease	disease_6546	5.254762972661112e-09
Disease	disease_23388	5.254762972661112e-09
Disease	disease_6569	5.254762972661112e-09
Disease	disease_23679	5.254762972661112e-09
Disease	disease_26045	5.254762972661112e-09
Disease	disease_18302	5.254762972661112e-09
Disease	disease_22907	5.254762972661112e-09
Disease	disease_11285	5.254041552636481e-09
Disease	disease_37872	5.2536926337983135e-09
Disease	disease_5413	5.253441725947265e-09
Disease	disease_20459	5.251673283032473e-09
Disease	disease_14697	5.2510039540928605e-09
Disease	disease_16865	5.2506474168233195e-09
Disease	disease_44332	5.25055393054825e-09
Disease	disease_7309	5.250442415359817e-09
Disease	disease_6709	5.247818150894324e-09
Disease	disease_2195	5.246950580731676e-09
Disease	disease_4587	5.239358678059627e-09
Disease	disease_17168	5.235207118268638e-09
Disease	disease_8722	5.2343439380817646e-09
Disease	disease_10555	5.2295231809918334e-09
Disease	disease_10255	5.228624444559736e-09
Disease	disease_17266	5.228229506016773e-09
Disease	disease_1620	5.2276118659915545e-09
Disease	disease_13935	5.226035134623424e-09
Disease	disease_19943	5.226030193285728e-09
Disease	disease_11125	5.22524372274491e-09
Disease	disease_2547	5.224415840038477e-09
Disease	disease_11748	5.223022236518297e-09
Disease	disease_19094	5.219615411360391e-09
Disease	disease_327	5.21617185543411e-09
Disease	disease_19942	5.2154372748384e-09
Disease	disease_32673	5.214105345542858e-09
Disease	disease_628	5.213780410066678e-09
Disease	disease_18222	5.213682414635555e-09
Disease	disease_8901	5.213474696141319e-09
Disease	disease_8448	5.21323191504095e-09
Disease	disease_1528	5.212773184221719e-09
Disease	disease_10610	5.211148612191328e-09
Disease	disease_7953	5.209191251800682e-09
Disease	disease_22972	5.20837394178205e-09
Disease	disease_15872	5.20837394178205e-09
Disease	disease_21528	5.20837394178205e-09
Disease	disease_13616	5.207868336491103e-09
Disease	disease_7212	5.205990506191113e-09
Disease	disease_32616	5.205378942971116e-09
Disease	disease_17223	5.203854866206456e-09
Disease	disease_9620	5.203531972174188e-09
Disease	disease_9942	5.203320809980752e-09
Disease	disease_37736	5.201990976125651e-09
Disease	disease_10277	5.200603744954032e-09
Disease	disease_17916	5.1990777309032335e-09
Disease	disease_14515	5.1977952662195e-09
Disease	disease_14490	5.196010502015535e-09
Disease	disease_18451	5.1952022509043445e-09
Disease	disease_12191	5.194743561028501e-09
Disease	disease_19639	5.1907207059615836e-09
Disease	disease_43523	5.1899842168916026e-09
Disease	disease_12818	5.18706757220679e-09
Disease	disease_16432	5.186495522898927e-09
Disease	disease_11150	5.186468724588404e-09
Disease	disease_36696	5.185491726119979e-09
Disease	disease_1610	5.185022556744044e-09
Disease	disease_10164	5.182631734297579e-09
Disease	disease_9995	5.179167105233414e-09
Disease	disease_42966	5.178359477633295e-09
Disease	disease_8546	5.177752843336218e-09
Disease	disease_1907	5.1720682468162416e-09
Disease	disease_32597	5.172003712171584e-09
Disease	disease_137	5.170069990324033e-09
Disease	disease_10857	5.170051673783448e-09
Disease	disease_1762	5.167878935977173e-09
Disease	disease_14001	5.167615613798833e-09
Disease	disease_19701	5.167449537979926e-09
Disease	disease_45014	5.164043521756137e-09
Disease	disease_17236	5.162960636354966e-09
Disease	disease_30028	5.161666372862831e-09
Disease	disease_14017	5.157295813072275e-09
Disease	disease_18677	5.157208134045988e-09
Disease	disease_2233	5.1571698163211865e-09
Disease	disease_19251	5.1553938780438194e-09
Disease	disease_9413	5.155239104491053e-09
Disease	disease_15994	5.1549106082401765e-09
Disease	disease_19250	5.149109034113476e-09
Disease	disease_14743	5.148781003309812e-09
Disease	disease_9076	5.1464988808022295e-09
Disease	disease_9650	5.145051056251248e-09
Disease	disease_19197	5.143806285156489e-09
Disease	disease_3037	5.1435252649941694e-09
Disease	disease_3579	5.141965091063981e-09
Disease	disease_17226	5.137409812674311e-09
Disease	disease_12833	5.137145315426684e-09
Disease	disease_10570	5.135257115900932e-09
Disease	disease_19009	5.131260981825799e-09
Disease	disease_34106	5.130768140355306e-09
Disease	disease_19695	5.129211953502609e-09
Disease	disease_21184	5.128263003812959e-09
Disease	disease_15088	5.128000698740202e-09
Disease	disease_21260	5.125962299702657e-09
Disease	disease_56820	5.1245001872998766e-09
Disease	disease_21071	5.124363472878652e-09
Disease	disease_20458	5.120680191703911e-09
Disease	disease_19693	5.120507394916258e-09
Disease	disease_341	5.1204234633635626e-09
Disease	disease_7948	5.1180723296162735e-09
Disease	disease_14338	5.117412630705791e-09
Disease	disease_15094	5.1135315979451245e-09
Disease	disease_8495	5.113521166672577e-09
Disease	disease_21171	5.113035156908371e-09
Disease	disease_8081	5.111410199120977e-09
Disease	disease_11218	5.1104770853897295e-09
Disease	disease_3062	5.102462345484914e-09
Disease	disease_44350	5.0993501128556744e-09
Disease	disease_14755	5.099284902353833e-09
Disease	disease_14142	5.099084991168962e-09
Disease	disease_6729	5.095943027107447e-09
Disease	disease_23235	5.095350190522782e-09
Disease	disease_8911	5.093623812782156e-09
Disease	disease_18702	5.0935690595661965e-09
Disease	disease_21156	5.093158336828946e-09
Disease	disease_14523	5.092863143559525e-09
Disease	disease_1487	5.0925323022568534e-09
Disease	disease_12728	5.0914916467219646e-09
Disease	disease_11149	5.090103299361835e-09
Disease	disease_32766	5.088668889156022e-09
Disease	disease_18402	5.087474265836843e-09
Disease	disease_13315	5.087023320564401e-09
Disease	disease_44621	5.086014325112889e-09
Disease	disease_18126	5.084562401424774e-09
Disease	disease_11816	5.082255342162527e-09
Disease	disease_12123	5.081470106885698e-09
Disease	disease_18620	5.081290786559041e-09
Disease	disease_17742	5.080882290386154e-09
Disease	disease_19930	5.0781905635196976e-09
Disease	disease_19931	5.0781905635196976e-09
Disease	disease_3556	5.077464944702053e-09
Disease	disease_24182	5.0769936058156846e-09
Disease	disease_21440	5.0761860749129066e-09
Disease	disease_32909	5.075645210358844e-09
Disease	disease_13776	5.0753532987277425e-09
Disease	disease_3772	5.0742592522214105e-09
Disease	disease_3631	5.073302889281669e-09
Disease	disease_21952	5.070609748291162e-09
Disease	disease_13467	5.069671584598907e-09
Disease	disease_20046	5.063949246362385e-09
Disease	disease_10038	5.06216493256187e-09
Disease	disease_10220	5.060567578498527e-09
Disease	disease_9929	5.060389645899932e-09
Disease	disease_7436	5.06013526663915e-09
Disease	disease_6789	5.057836186643357e-09
Disease	disease_18678	5.057836186643357e-09
Disease	disease_16792	5.0573341352575694e-09
Disease	disease_11229	5.054680179347756e-09
Disease	disease_478	5.054150659283351e-09
Disease	disease_811	5.053039268040977e-09
Disease	disease_9054	5.052890748327471e-09
Disease	disease_2811	5.052063566736458e-09
Disease	disease_1705	5.0466372754744305e-09
Disease	disease_15465	5.044176708367089e-09
Disease	disease_3622	5.0430273722048385e-09
Disease	disease_33557	5.040063072912767e-09
Disease	disease_1093	5.03395488853062e-09
Disease	disease_4837	5.030470765716453e-09
Disease	disease_17273	5.029405517546465e-09
Disease	disease_18948	5.0276683180807386e-09
Disease	disease_22538	5.026343213395797e-09
Disease	disease_12662	5.022513506150242e-09
Disease	disease_7284	5.022454165844295e-09
Disease	disease_8118	5.0223005756272234e-09
Disease	disease_12825	5.022175257193051e-09
Disease	disease_16366	5.020016046625208e-09
Disease	disease_291	5.018466537910035e-09
Disease	disease_18995	5.016103723114917e-09
Disease	disease_12805	5.01581514748127e-09
Disease	disease_32843	5.011651450938587e-09
Disease	disease_54770	5.009833441877497e-09
Disease	disease_16260	5.009511118407708e-09
Disease	disease_16441	5.009084343874567e-09
Disease	disease_12419	5.004385765282741e-09
Disease	disease_3125	5.003198587536626e-09
Disease	disease_17949	5.002996438143377e-09
Disease	disease_1041	5.002455745702989e-09
Disease	disease_35136	5.001786618601293e-09
Disease	disease_19332	5.0013986124554765e-09
Disease	disease_17077	5.001034310849771e-09
Disease	disease_21439	5.0007511808789365e-09
Disease	disease_15746	5.000336544599286e-09
Disease	disease_13387	4.994706188759628e-09
Disease	disease_8853	4.99275196718386e-09
Disease	disease_10931	4.989199899261701e-09
Disease	disease_10403	4.987712413653385e-09
Disease	disease_17294	4.987617726045457e-09
Disease	disease_5985	4.987601457895913e-09
Disease	disease_9501	4.987516850886393e-09
Disease	disease_43953	4.986654297192659e-09
Disease	disease_5975	4.98474384748559e-09
Disease	disease_8291	4.9771795934414246e-09
Disease	disease_60589	4.976791423032038e-09
Disease	disease_24531	4.9739637997762315e-09
Disease	disease_19784	4.973764367140304e-09
Disease	disease_3721	4.970963246826864e-09
Disease	disease_13475	4.968847729208757e-09
Disease	disease_1122	4.967207478171775e-09
Disease	disease_17590	4.965618753609431e-09
Disease	disease_14394	4.964310263401743e-09
Disease	disease_32613	4.9638547001302e-09
Disease	disease_19530	4.962947493005702e-09
Disease	disease_14469	4.960478295075046e-09
Disease	disease_17649	4.959372148148309e-09
Disease	disease_11245	4.957854645116935e-09
Disease	disease_4810	4.956759301756272e-09
Disease	disease_1624	4.956759301756272e-09
Disease	disease_8724	4.956623747643868e-09
Disease	disease_10557	4.956282164340245e-09
Disease	disease_15397	4.955115245885362e-09
Disease	disease_20112	4.955052087518644e-09
Disease	disease_12381	4.953346880103913e-09
Disease	disease_8438	4.953252318384928e-09
Disease	disease_30009	4.953129489391498e-09
Disease	disease_12323	4.952801580924959e-09
Disease	disease_24621	4.95279842430439e-09
Disease	disease_18129	4.9467055687290615e-09
Disease	disease_32758	4.943356446298275e-09
Disease	disease_16825	4.942361390322685e-09
Disease	disease_7201	4.939215670424002e-09
Disease	disease_2996	4.934970866292845e-09
Disease	disease_7843	4.93470255295608e-09
Disease	disease_1501	4.93306050041525e-09
Disease	disease_9947	4.928752240953013e-09
Disease	disease_7087	4.926078573309939e-09
Disease	disease_19093	4.924604646031191e-09
Disease	disease_7876	4.923870572694206e-09
Disease	disease_32675	4.91958649113865e-09
Disease	disease_9675	4.919381783737625e-09
Disease	disease_10506	4.919156033753781e-09
Disease	disease_14596	4.917827442466706e-09
Disease	disease_14883	4.917267217135714e-09
Disease	disease_44014	4.916099747383054e-09
Disease	disease_24655	4.915651518386458e-09
Disease	disease_20021	4.914762479840478e-09
Disease	disease_155	4.91405359345331e-09
Disease	disease_554	4.91221358738207e-09
Disease	disease_7068	4.910479396866416e-09
Disease	disease_17743	4.910341743361143e-09
Disease	disease_32591	4.908950910721573e-09
Disease	disease_9725	4.908816643188636e-09
Disease	disease_21294	4.905842187747823e-09
Disease	disease_14367	4.9023008136667366e-09
Disease	disease_9514	4.90170007076321e-09
Disease	disease_7585	4.898686692229861e-09
Disease	disease_100138	4.894850977211319e-09
Disease	disease_15099	4.889394514497387e-09
Disease	disease_14226	4.888638139404846e-09
Disease	disease_25270	4.888393127804444e-09
Disease	disease_16424	4.885279182474008e-09
Disease	disease_22871	4.8844323874709465e-09
Disease	disease_22872	4.8844323874709465e-09
Disease	disease_22873	4.8844323874709465e-09
Disease	disease_22874	4.8844323874709465e-09
Disease	disease_14266	4.8841313218236275e-09
Disease	disease_9485	4.881507399352769e-09
Disease	disease_21145	4.881350414719474e-09
Disease	disease_3081	4.8741688697967676e-09
Disease	disease_11912	4.8733832923460835e-09
Disease	disease_9763	4.8727121576539494e-09
Disease	disease_13247	4.869595761258245e-09
Disease	disease_13983	4.8695372687410495e-09
Disease	disease_19412	4.869359459247006e-09
Disease	disease_4622	4.867994209795429e-09
Disease	disease_10767	4.8664784194933175e-09
Disease	disease_11823	4.8659183842132075e-09
Disease	disease_11600	4.864232036986562e-09
Disease	disease_12145	4.862050840328757e-09
Disease	disease_14189	4.861035211800835e-09
Disease	disease_16336	4.860540907624075e-09
Disease	disease_638	4.858880245104697e-09
Disease	disease_14824	4.856242220164244e-09
Disease	disease_18924	4.855547340379848e-09
Disease	disease_8392	4.855442621089261e-09
Disease	disease_3281	4.854324477408313e-09
Disease	disease_17750	4.853691607592563e-09
Disease	disease_17228	4.8529607300133514e-09
Disease	disease_12656	4.851956551685122e-09
Disease	disease_100014	4.85192595899669e-09
Disease	disease_32821	4.851648431693321e-09
Disease	disease_8493	4.851559354676429e-09
Disease	disease_13969	4.848884367804364e-09
Disease	disease_18805	4.84783417160325e-09
Disease	disease_9364	4.845867382763745e-09
Disease	disease_30062	4.842180822536956e-09
Disease	disease_15988	4.841354621900613e-09
Disease	disease_12856	4.838308385971155e-09
Disease	disease_14986	4.837171125530864e-09
Disease	disease_10516	4.834810812892155e-09
Disease	disease_11155	4.833773211740676e-09
Disease	disease_44877	4.833308570383058e-09
Disease	disease_14395	4.832220625215169e-09
Disease	disease_14308	4.8308354466759516e-09
Disease	disease_1678	4.8306801047182e-09
Disease	disease_21032	4.8290875527992226e-09
Disease	disease_18914	4.828832717339897e-09
Disease	disease_11985	4.827498353055867e-09
Disease	disease_2926	4.827274253908181e-09
Disease	disease_15393	4.826395809928454e-09
Disease	disease_32526	4.824976935319064e-09
Disease	disease_13420	4.823904681932024e-09
Disease	disease_9706	4.822772155405822e-09
Disease	disease_13249	4.821053681818918e-09
Disease	disease_18422	4.820549923344591e-09
Disease	disease_5352	4.817582306481641e-09
Disease	disease_11722	4.8148005638671574e-09
Disease	disease_16225	4.814622733027954e-09
Disease	disease_7209	4.813158231388416e-09
Disease	disease_17436	4.810556698491468e-09
Disease	disease_3490	4.808590704015752e-09
Disease	disease_13539	4.807462763854046e-09
Disease	disease_10361	4.806926817128678e-09
Disease	disease_16721	4.8061739750569206e-09
Disease	disease_14521	4.804997178266655e-09
Disease	disease_12977	4.804322767056551e-09
Disease	disease_5120	4.802517638558331e-09
Disease	disease_20286	4.799794572383198e-09
Disease	disease_10664	4.798256926373114e-09
Disease	disease_18130	4.797557444719546e-09
Disease	disease_45044	4.797354398809606e-09
Disease	disease_2114	4.796973330144278e-09
Disease	disease_7340	4.7965111036429625e-09
Disease	disease_20174	4.795053797343435e-09
Disease	disease_14207	4.794819827643037e-09
Disease	disease_989	4.794115519880738e-09
Disease	disease_18085	4.793069138494765e-09
Disease	disease_12273	4.79182372381229e-09
Disease	disease_13877	4.790868049290885e-09
Disease	disease_12405	4.786413525931462e-09
Disease	disease_6840	4.781136718977611e-09
Disease	disease_9677	4.779863639502946e-09
Disease	disease_6877	4.779526847296851e-09
Disease	disease_5687	4.779399123983229e-09
Disease	disease_8070	4.777265255737403e-09
Disease	disease_24292	4.776597703100167e-09
Disease	disease_2994	4.775149608677125e-09
Disease	disease_18899	4.774457853883852e-09
Disease	disease_4330	4.771985056119079e-09
Disease	disease_33363	4.770060258198121e-09
Disease	disease_14455	4.7697238341869945e-09
Disease	disease_6752	4.767443793081221e-09
Disease	disease_33005	4.766848863026991e-09
Disease	disease_19294	4.7643304924842965e-09
Disease	disease_25506	4.759857867517953e-09
Disease	disease_9880	4.759798604526115e-09
Disease	disease_33570	4.758487009090895e-09
Disease	disease_20749	4.7493969463024464e-09
Disease	disease_45002	4.748455854261344e-09
Disease	disease_20153	4.747917855785042e-09
Disease	disease_8795	4.746982080634485e-09
Disease	disease_1830	4.746629314151239e-09
Disease	disease_3231	4.746295858819625e-09
Disease	disease_18947	4.744795685404124e-09
Disease	disease_12156	4.7447106499976384e-09
Disease	disease_11707	4.7442008873212e-09
Disease	disease_4656	4.743269744767028e-09
Disease	disease_12659	4.74173772467352e-09
Disease	disease_13406	4.739447756802853e-09
Disease	disease_4526	4.738855556977128e-09
Disease	disease_20776	4.737211268627246e-09
Disease	disease_8939	4.737097852447225e-09
Disease	disease_19131	4.736583047484376e-09
Disease	disease_15928	4.736204164265365e-09
Disease	disease_10340	4.735789780559426e-09
Disease	disease_30042	4.7327879309803784e-09
Disease	disease_25420	4.7309686458912105e-09
Disease	disease_6082	4.730259348954786e-09
Disease	disease_611	4.729686973184219e-09
Disease	disease_12506	4.728631072823481e-09
Disease	disease_4401	4.727591602394241e-09
Disease	disease_15360	4.724436077064402e-09
Disease	disease_3443	4.724049000020403e-09
Disease	disease_19687	4.7239074489795214e-09
Disease	disease_21159	4.722927170269986e-09
Disease	disease_20846	4.719720192225925e-09
Disease	disease_10800	4.719512159716124e-09
Disease	disease_13351	4.71935108621493e-09
Disease	disease_1631	4.718621671389569e-09
Disease	disease_14898	4.7185619874309725e-09
Disease	disease_12296	4.717834418566856e-09
Disease	disease_100031	4.7173983956381656e-09
Disease	disease_54860	4.716737658684957e-09
Disease	disease_2375	4.713579285781214e-09
Disease	disease_11812	4.712109956885723e-09
Disease	disease_14862	4.711705682196212e-09
Disease	disease_10114	4.71166922372641e-09
Disease	disease_2396	4.710789204916307e-09
Disease	disease_32749	4.709782427970647e-09
Disease	disease_10877	4.709472089326245e-09
Disease	disease_13711	4.706431625867418e-09
Disease	disease_8782	4.706133455939294e-09
Disease	disease_13022	4.705411576832585e-09
Disease	disease_12636	4.705411576832585e-09
Disease	disease_12135	4.705411576832585e-09
Disease	disease_12641	4.705411576832585e-09
Disease	disease_14079	4.705411576832585e-09
Disease	disease_12492	4.705411576832585e-09
Disease	disease_12493	4.705411576832585e-09
Disease	disease_13416	4.703163672102003e-09
Disease	disease_4618	4.6999499040973156e-09
Disease	disease_17170	4.6999499040973156e-09
Disease	disease_15315	4.6999499040973156e-09
Disease	disease_18211	4.6999499040973156e-09
Disease	disease_17297	4.6999499040973156e-09
Disease	disease_43280	4.6999499040973156e-09
Disease	disease_5773	4.6999499040973156e-09
Disease	disease_18362	4.6999499040973156e-09
Disease	disease_13409	4.69908063008719e-09
Disease	disease_3356	4.69845615150982e-09
Disease	disease_3359	4.69845615150982e-09
Disease	disease_16073	4.698331682945646e-09
Disease	disease_21777	4.694449737649503e-09
Disease	disease_21470	4.692516275829227e-09
Disease	disease_213	4.692383021536541e-09
Disease	disease_19189	4.691537698052711e-09
Disease	disease_17309	4.690509053667204e-09
Disease	disease_8769	4.690195600046858e-09
Disease	disease_2448	4.687203199362362e-09
Disease	disease_4286	4.6868741188390364e-09
Disease	disease_7623	4.682605453253713e-09
Disease	disease_100114	4.682589810358705e-09
Disease	disease_12674	4.682589810358705e-09
Disease	disease_16933	4.6824506360791904e-09
Disease	disease_7670	4.681851441906175e-09
Disease	disease_16803	4.681448962954241e-09
Disease	disease_3720	4.680092442131227e-09
Disease	disease_16578	4.678513891195297e-09
Disease	disease_11423	4.678403901546657e-09
Disease	disease_413	4.677772203639274e-09
Disease	disease_54763	4.676114412366452e-09
Disease	disease_1684	4.67545288690931e-09
Disease	disease_12342	4.675007038258967e-09
Disease	disease_20761	4.674901461582511e-09
Disease	disease_6828	4.6738484672938715e-09
Disease	disease_14091	4.673275700189026e-09
Disease	disease_24541	4.67184401915139e-09
Disease	disease_10647	4.671755973907362e-09
Disease	disease_21060	4.671312819114887e-09
Disease	disease_1123	4.670497878032555e-09
Disease	disease_4757	4.670497878032555e-09
Disease	disease_9716	4.670140802163768e-09
Disease	disease_13722	4.668770851670295e-09
Disease	disease_375	4.668631443431589e-09
Disease	disease_15211	4.6672931259560124e-09
Disease	disease_11798	4.666345350885443e-09
Disease	disease_15208	4.666062833487236e-09
Disease	disease_13222	4.665381244871652e-09
Disease	disease_20315	4.6629064497211575e-09
Disease	disease_1236	4.660158011391598e-09
Disease	disease_5145	4.659860726959047e-09
Disease	disease_42486	4.65602148650745e-09
Disease	disease_43707	4.651554344030244e-09
Disease	disease_54776	4.64490236735561e-09
Disease	disease_13455	4.6423055456448015e-09
Disease	disease_20233	4.641663145024947e-09
Disease	disease_13858	4.641496886769351e-09
Disease	disease_14621	4.640390688876377e-09
Disease	disease_7154	4.6402499736717295e-09
Disease	disease_24464	4.639809452894099e-09
Disease	disease_2999	4.6388507472710085e-09
Disease	disease_18958	4.638774938163461e-09
Disease	disease_13145	4.6382373106365164e-09
Disease	disease_11760	4.6377013843383185e-09
Disease	disease_20627	4.63755331332486e-09
Disease	disease_6077	4.635890464795319e-09
Disease	disease_2585	4.635509041237899e-09
Disease	disease_15137	4.6354788867178876e-09
Disease	disease_13990	4.634361512121397e-09
Disease	disease_8972	4.634195780873495e-09
Disease	disease_739	4.633991140898253e-09
Disease	disease_33667	4.633824908186875e-09
Disease	disease_9209	4.629018081172224e-09
Disease	disease_2812	4.627995535400193e-09
Disease	disease_43541	4.625634755729199e-09
Disease	disease_15764	4.62211363791759e-09
Disease	disease_14512	4.621364452324842e-09
Disease	disease_14046	4.619119555276005e-09
Disease	disease_17322	4.618471664698178e-09
Disease	disease_382	4.616886244910418e-09
Disease	disease_9224	4.6166249855812796e-09
Disease	disease_20781	4.615348004867526e-09
Disease	disease_13572	4.6150835415203545e-09
Disease	disease_7686	4.6148741434577846e-09
Disease	disease_21176	4.613521419370127e-09
Disease	disease_21177	4.613521419370127e-09
Disease	disease_13307	4.612566276432633e-09
Disease	disease_20326	4.611998426523464e-09
Disease	disease_8545	4.6103386852263e-09
Disease	disease_9234	4.609650314023375e-09
Disease	disease_44301	4.609630623985185e-09
Disease	disease_44884	4.608304902569065e-09
Disease	disease_16439	4.608223846626218e-09
Disease	disease_14220	4.608216465232785e-09
Disease	disease_19411	4.607780692912122e-09
Disease	disease_8975	4.607314230282632e-09
Disease	disease_11049	4.606970708343753e-09
Disease	disease_60758	4.6069660766109035e-09
Disease	disease_26762	4.605795648682079e-09
Disease	disease_1027	4.605095881359015e-09
Disease	disease_15545	4.601283891967862e-09
Disease	disease_11002	4.599636369047089e-09
Disease	disease_3083	4.598046829426261e-09
Disease	disease_21630	4.597356870311561e-09
Disease	disease_5624	4.5940437071225465e-09
Disease	disease_19902	4.593535622574669e-09
Disease	disease_6266	4.59266027579384e-09
Disease	disease_13038	4.591809527399342e-09
Disease	disease_13597	4.589749262334362e-09
Disease	disease_19685	4.589328471270664e-09
Disease	disease_3666	4.587675159668051e-09
Disease	disease_43330	4.586753801784797e-09
Disease	disease_10008	4.584512226937659e-09
Disease	disease_8786	4.583918417541885e-09
Disease	disease_12077	4.581756750352452e-09
Disease	disease_9766	4.580729663117111e-09
Disease	disease_11716	4.579806219995386e-09
Disease	disease_11861	4.5795191059635115e-09
Disease	disease_20098	4.578291508500443e-09
Disease	disease_3644	4.5767704516552974e-09
Disease	disease_12453	4.574762146401821e-09
Disease	disease_16994	4.57467865355914e-09
Disease	disease_8474	4.572801512833268e-09
Disease	disease_24309	4.569955591804783e-09
Disease	disease_20694	4.569846266743273e-09
Disease	disease_15526	4.569632263801116e-09
Disease	disease_24278	4.5673559029773545e-09
Disease	disease_33546	4.567037291990115e-09
Disease	disease_17857	4.564719481381755e-09
Disease	disease_2852	4.559440616682469e-09
Disease	disease_15587	4.55926973002248e-09
Disease	disease_41535	4.5556917556300425e-09
Disease	disease_2300	4.553722139655718e-09
Disease	disease_18670	4.553225126813568e-09
Disease	disease_9923	4.553185672863509e-09
Disease	disease_6518	4.5504149627408414e-09
Disease	disease_32833	4.550165924149797e-09
Disease	disease_6008	4.549739002263434e-09
Disease	disease_16846	4.549401970475869e-09
Disease	disease_346	4.548359488303542e-09
Disease	disease_284	4.548359488303542e-09
Disease	disease_283	4.548359488303542e-09
Disease	disease_14431	4.544415185206156e-09
Disease	disease_5214	4.5432866949064916e-09
Disease	disease_23224	4.542062198453582e-09
Disease	disease_10830	4.541867646716579e-09
Disease	disease_33558	4.541519641121464e-09
Disease	disease_16841	4.53944566289511e-09
Disease	disease_18938	4.539090104915256e-09
Disease	disease_12193	4.536085939517468e-09
Disease	disease_7577	4.531007930296824e-09
Disease	disease_37002	4.530826818551254e-09
Disease	disease_5927	4.529823653659688e-09
Disease	disease_5830	4.529823653659688e-09
Disease	disease_5755	4.529823653659688e-09
Disease	disease_18583	4.529823653659688e-09
Disease	disease_23164	4.529823653659688e-09
Disease	disease_5932	4.529823653659688e-09
Disease	disease_18110	4.529823653659688e-09
Disease	disease_18107	4.529823653659688e-09
Disease	disease_5855	4.529823653659688e-09
Disease	disease_2594	4.529823653659688e-09
Disease	disease_5658	4.529823653659688e-09
Disease	disease_5875	4.529823653659688e-09
Disease	disease_2595	4.529823653659688e-09
Disease	disease_5652	4.529823653659688e-09
Disease	disease_14035	4.5291173015091345e-09
Disease	disease_27451	4.5267297390938284e-09
Disease	disease_9151	4.526196414419927e-09
Disease	disease_12717	4.5258859850582804e-09
Disease	disease_15806	4.5245986087544e-09
Disease	disease_12089	4.522407863442138e-09
Disease	disease_9821	4.5198908892914605e-09
Disease	disease_17307	4.517585091626611e-09
Disease	disease_486	4.516408248433925e-09
Disease	disease_11010	4.515896268583448e-09
Disease	disease_12295	4.513921637074408e-09
Disease	disease_13003	4.510580612577318e-09
Disease	disease_32775	4.510571341057832e-09
Disease	disease_19159	4.508058607571494e-09
Disease	disease_32677	4.507201921515035e-09
Disease	disease_19027	4.5055215522983474e-09
Disease	disease_20835	4.5054203234554115e-09
Disease	disease_14635	4.5048378098617135e-09
Disease	disease_6464	4.503709038511753e-09
Disease	disease_16515	4.502626011926865e-09
Disease	disease_17138	4.500672925073712e-09
Disease	disease_14707	4.500178730961639e-09
Disease	disease_21024	4.499668517109105e-09
Disease	disease_5879	4.499656158307275e-09
Disease	disease_4244	4.499631278740662e-09
Disease	disease_5708	4.497301709364829e-09
Disease	disease_19947	4.496615456465401e-09
Disease	disease_17050	4.495917426042796e-09
Disease	disease_21064	4.494608395199996e-09
Disease	disease_21080	4.492670315064535e-09
Disease	disease_18394	4.49223313696339e-09
Disease	disease_4245	4.491536422699011e-09
Disease	disease_13264	4.491491263371551e-09
Disease	disease_11439	4.4908753147285764e-09
Disease	disease_11464	4.4906094493605885e-09
Disease	disease_14722	4.489090848699405e-09
Disease	disease_24339	4.488320578328162e-09
Disease	disease_17269	4.486286701388823e-09
Disease	disease_1964	4.485125730284738e-09
Disease	disease_2643	4.480532166513113e-09
Disease	disease_32651	4.4776839179238555e-09
Disease	disease_6618	4.476847550077037e-09
Disease	disease_8080	4.466895550161686e-09
Disease	disease_11060	4.4660127078174466e-09
Disease	disease_44726	4.464621587490817e-09
Disease	disease_21463	4.464273293862966e-09
Disease	disease_13762	4.46260727512939e-09
Disease	disease_9909	4.462428947936912e-09
Disease	disease_13868	4.462200669137559e-09
Disease	disease_15786	4.461908861469476e-09
Disease	disease_14460	4.460253839617681e-09
Disease	disease_19692	4.459372837982953e-09
Disease	disease_15725	4.459000932744539e-09
Disease	disease_6254	4.45888222576412e-09
Disease	disease_14764	4.456364013984645e-09
Disease	disease_15361	4.455487685827652e-09
Disease	disease_4037	4.454599451197217e-09
Disease	disease_1473	4.453852225267443e-09
Disease	disease_17006	4.453437766371053e-09
Disease	disease_14510	4.451337711545818e-09
Disease	disease_497	4.4491456753962215e-09
Disease	disease_21161	4.4461006586562826e-09
Disease	disease_5801	4.445915944368171e-09
Disease	disease_10427	4.444711847734803e-09
Disease	disease_17186	4.444032210251314e-09
Disease	disease_20490	4.443263281691038e-09
Disease	disease_10491	4.442693165511577e-09
Disease	disease_2597	4.4402936733392655e-09
Disease	disease_3312	4.440020810651263e-09
Disease	disease_13601	4.438497108755556e-09
Disease	disease_13891	4.434308851773953e-09
Disease	disease_2246	4.43070000657428e-09
Disease	disease_17295	4.429368958878877e-09
Disease	disease_17296	4.429368958878877e-09
Disease	disease_17219	4.426695776507126e-09
Disease	disease_14275	4.424340262788346e-09
Disease	disease_17909	4.4239582581344995e-09
Disease	disease_37256	4.417631528846629e-09
Disease	disease_8767	4.41674436191409e-09
Disease	disease_12157	4.416061660894491e-09
Disease	disease_17691	4.413631055596547e-09
Disease	disease_17692	4.413631055596547e-09
Disease	disease_15001	4.411146661620358e-09
Disease	disease_2014	4.410575566591363e-09
Disease	disease_20293	4.408510341924422e-09
Disease	disease_8640	4.407020864737381e-09
Disease	disease_1324	4.404303228482255e-09
Disease	disease_14131	4.40428820132629e-09
Disease	disease_12864	4.398030983585559e-09
Disease	disease_7527	4.395823869115494e-09
Disease	disease_3964	4.394146126380113e-09
Disease	disease_24299	4.393856920753047e-09
Disease	disease_6541	4.393322410333938e-09
Disease	disease_3774	4.393140368031204e-09
Disease	disease_7565	4.39308484416411e-09
Disease	disease_19286	4.393082236201341e-09
Disease	disease_108	4.392991058523828e-09
Disease	disease_7626	4.389677751667903e-09
Disease	disease_12570	4.3883433630904736e-09
Disease	disease_6079	4.385530841871928e-09
Disease	disease_32636	4.385148633758247e-09
Disease	disease_12392	4.3833204661269885e-09
Disease	disease_5497	4.382145767385565e-09
Disease	disease_16906	4.381427719308185e-09
Disease	disease_17320	4.380516972296207e-09
Disease	disease_17141	4.380036093301227e-09
Disease	disease_10248	4.378394021290008e-09
Disease	disease_1418	4.376882172738557e-09
Disease	disease_7981	4.376089231987272e-09
Disease	disease_34099	4.3750525463206374e-09
Disease	disease_6586	4.37476450790328e-09
Disease	disease_21340	4.37476450790328e-09
Disease	disease_6555	4.37476450790328e-09
Disease	disease_6601	4.37476450790328e-09
Disease	disease_2987	4.37476450790328e-09
Disease	disease_17280	4.3730749509098875e-09
Disease	disease_54697	4.3729908350298955e-09
Disease	disease_15310	4.372283702754704e-09
Disease	disease_11216	4.372169811808987e-09
Disease	disease_4521	4.36918298824282e-09
Disease	disease_4060	4.36918298824282e-09
Disease	disease_19689	4.367681149201199e-09
Disease	disease_14791	4.367235115793563e-09
Disease	disease_14643	4.364660756058707e-09
Disease	disease_13125	4.362306627000061e-09
Disease	disease_20091	4.3579315254102826e-09
Disease	disease_3976	4.357813896197049e-09
Disease	disease_20282	4.35512532008953e-09
Disease	disease_44278	4.354984603772147e-09
Disease	disease_20784	4.354984603772147e-09
Disease	disease_17177	4.352905636982829e-09
Disease	disease_10027	4.351975396237404e-09
Disease	disease_20752	4.351625600964159e-09
Disease	disease_32630	4.350729935553579e-09
Disease	disease_41536	4.350687079565662e-09
Disease	disease_4544	4.350106531755738e-09
Disease	disease_2918	4.350106531755738e-09
Disease	disease_19783	4.349910660744485e-09
Disease	disease_10851	4.3494696728470434e-09
Disease	disease_14494	4.3482323507053236e-09
Disease	disease_1275	4.348156414162793e-09
Disease	disease_13784	4.345694643898255e-09
Disease	disease_938	4.344977197921737e-09
Disease	disease_17339	4.343992413293876e-09
Disease	disease_13133	4.342649145612848e-09
Disease	disease_10172	4.340788459305969e-09
Disease	disease_17787	4.337192077919056e-09
Disease	disease_14823	4.331948997247485e-09
Disease	disease_12874	4.331773637256861e-09
Disease	disease_1957	4.3315349121861895e-09
Disease	disease_20793	4.330928256181033e-09
Disease	disease_14023	4.329002525969165e-09
Disease	disease_2687	4.328835121586677e-09
Disease	disease_15706	4.325081224894589e-09
Disease	disease_7620	4.3249569226950395e-09
Disease	disease_18240	4.324451430996945e-09
Disease	disease_93	4.323990651239004e-09
Disease	disease_8944	4.322087026219685e-09
Disease	disease_15420	4.321280368282836e-09
Disease	disease_100248	4.3202604296928966e-09
Disease	disease_2888	4.3186062542328824e-09
Disease	disease_17886	4.317453034515197e-09
Disease	disease_6249	4.316720476065577e-09
Disease	disease_15392	4.315016511902643e-09
Disease	disease_21662	4.313173266656798e-09
Disease	disease_4202	4.312989569425704e-09
Disease	disease_44721	4.312458576603028e-09
Disease	disease_13317	4.312158808510364e-09
Disease	disease_15257	4.312158808510364e-09
Disease	disease_466	4.312158808510364e-09
Disease	disease_8893	4.307820472230126e-09
Disease	disease_18375	4.30668928235734e-09
Disease	disease_9866	4.304260444942067e-09
Disease	disease_151	4.301974535163207e-09
Disease	disease_4661	4.3019253581858724e-09
Disease	disease_14695	4.301671187521436e-09
Disease	disease_20664	4.3016403453464446e-09
Disease	disease_13322	4.301234084452269e-09
Disease	disease_19690	4.300859676059144e-09
Disease	disease_6366	4.299989038284254e-09
Disease	disease_3216	4.298653516627279e-09
Disease	disease_8217	4.2956470269049345e-09
Disease	disease_32874	4.293531992087889e-09
Disease	disease_13526	4.290798546025559e-09
Disease	disease_13510	4.290362003125957e-09
Disease	disease_17705	4.288529505018784e-09
Disease	disease_1902	4.287260359309283e-09
Disease	disease_10923	4.28618343176406e-09
Disease	disease_8714	4.283428918517404e-09
Disease	disease_11293	4.2828029895577334e-09
Disease	disease_15496	4.2825115468272876e-09
Disease	disease_7327	4.279624160333974e-09
Disease	disease_1334	4.276647699468658e-09
Disease	disease_14585	4.275505248096457e-09
Disease	disease_12276	4.275432351154397e-09
Disease	disease_9748	4.275429299258935e-09
Disease	disease_13413	4.2741242616448566e-09
Disease	disease_18239	4.272937476898444e-09
Disease	disease_9655	4.271661385056376e-09
Disease	disease_9461	4.2704648595866375e-09
Disease	disease_33479	4.269987346970808e-09
Disease	disease_4446	4.269737736438139e-09
Disease	disease_17651	4.266741302965898e-09
Disease	disease_153	4.264989092119126e-09
Disease	disease_18358	4.264700129038248e-09
Disease	disease_18989	4.263720947750749e-09
Disease	disease_19855	4.2609110466898075e-09
Disease	disease_9070	4.2575724162397054e-09
Disease	disease_9449	4.256897900553771e-09
Disease	disease_11727	4.256513139958142e-09
Disease	disease_100285	4.256088345938973e-09
Disease	disease_24884	4.2522244897287695e-09
Disease	disease_4442	4.250950338288569e-09
Disease	disease_10246	4.249759530981206e-09
Disease	disease_14361	4.248929493311742e-09
Disease	disease_44724	4.248016384728692e-09
Disease	disease_11766	4.247517244746648e-09
Disease	disease_24627	4.247144814821159e-09
Disease	disease_10001	4.245323849230295e-09
Disease	disease_17726	4.244796539794677e-09
Disease	disease_17724	4.244796539794677e-09
Disease	disease_17728	4.244796539794677e-09
Disease	disease_17725	4.244796539794677e-09
Disease	disease_11291	4.244428182712593e-09
Disease	disease_19248	4.2440868763683865e-09
Disease	disease_3632	4.2434926869496635e-09
Disease	disease_13437	4.242935790010196e-09
Disease	disease_12699	4.242559398124621e-09
Disease	disease_8308	4.240571229271421e-09
Disease	disease_11369	4.240081380110404e-09
Disease	disease_11902	4.235695905342663e-09
Disease	disease_2857	4.235558527901028e-09
Disease	disease_2121	4.23450934387256e-09
Disease	disease_32897	4.233925810645774e-09
Disease	disease_24608	4.233698108570377e-09
Disease	disease_2870	4.22986800199262e-09
Disease	disease_20647	4.229281222149909e-09
Disease	disease_54750	4.227248662098817e-09
Disease	disease_20679	4.225642305663254e-09
Disease	disease_5050	4.2244335598039294e-09
Disease	disease_12708	4.2235239656806585e-09
Disease	disease_60596	4.223400304341407e-09
Disease	disease_8411	4.2210731586779174e-09
Disease	disease_21207	4.220673083674699e-09
Disease	disease_15976	4.219694110641991e-09
Disease	disease_3604	4.217720981208733e-09
Disease	disease_12239	4.2161335553814525e-09
Disease	disease_4022	4.215218003806344e-09
Disease	disease_37740	4.2149479943621015e-09
Disease	disease_8676	4.214711117133478e-09
Disease	disease_20278	4.214384324183811e-09
Disease	disease_17634	4.21417747504797e-09
Disease	disease_259	4.213338436953712e-09
Disease	disease_21464	4.211556086860804e-09
Disease	disease_11112	4.211243858031815e-09
Disease	disease_14134	4.210770480810219e-09
Disease	disease_19668	4.209931181908416e-09
Disease	disease_10639	4.209223552099952e-09
Disease	disease_1296	4.2088209086090806e-09
Disease	disease_5523	4.2084176064931365e-09
Disease	disease_17629	4.206704293488087e-09
Disease	disease_21088	4.205823735262504e-09
Disease	disease_44001	4.203426204963538e-09
Disease	disease_20707	4.203426204963538e-09
Disease	disease_43765	4.203426204963538e-09
Disease	disease_4131	4.203183649382488e-09
Disease	disease_9518	4.2003116715597245e-09
Disease	disease_14138	4.199226035073333e-09
Disease	disease_19573	4.198971236598422e-09
Disease	disease_54636	4.198255838686547e-09
Disease	disease_19702	4.198172129091728e-09
Disease	disease_4742	4.196983212474389e-09
Disease	disease_14197	4.196396852475807e-09
Disease	disease_19376	4.194338644378568e-09
Disease	disease_42971	4.192351282942525e-09
Disease	disease_10339	4.189855046655605e-09
Disease	disease_10512	4.187013946104674e-09
Disease	disease_8553	4.186832768999665e-09
Disease	disease_128	4.186083382123121e-09
Disease	disease_10302	4.185550142364624e-09
Disease	disease_19218	4.1852484012208405e-09
Disease	disease_9306	4.18490697432841e-09
Disease	disease_9541	4.1815898085245915e-09
Disease	disease_7622	4.181369564810517e-09
Disease	disease_16163	4.18136033553035e-09
Disease	disease_44737	4.1787787989333534e-09
Disease	disease_1596	4.17801131021728e-09
Disease	disease_24316	4.17801131021728e-09
Disease	disease_690	4.17801131021728e-09
Disease	disease_2104	4.17801131021728e-09
Disease	disease_18036	4.175958523826509e-09
Disease	disease_10400	4.174947736246684e-09
Disease	disease_7171	4.1709531472710994e-09
Disease	disease_5764	4.168150954491111e-09
Disease	disease_14055	4.165655326183492e-09
Disease	disease_9227	4.165105514303491e-09
Disease	disease_407	4.163341215554316e-09
Disease	disease_320	4.161629990686782e-09
Disease	disease_16412	4.1607637855135305e-09
Disease	disease_14864	4.158512591365873e-09
Disease	disease_13161	4.156970037460353e-09
Disease	disease_16666	4.155757038064748e-09
Disease	disease_11217	4.151565477905846e-09
Disease	disease_19138	4.151431196406357e-09
Disease	disease_16223	4.150041445496287e-09
Disease	disease_18462	4.148210080718365e-09
Disease	disease_9503	4.148186543555912e-09
Disease	disease_9223	4.145123235154491e-09
Disease	disease_2496	4.144632449921636e-09
Disease	disease_3054	4.142354371430434e-09
Disease	disease_13382	4.140824136211341e-09
Disease	disease_210	4.138678430394212e-09
Disease	disease_9656	4.138439659894572e-09
Disease	disease_12213	4.1357821305124576e-09
Disease	disease_10539	4.135589118492021e-09
Disease	disease_1053	4.133518368497677e-09
Disease	disease_18952	4.1332953829331004e-09
Disease	disease_100327	4.131936248241291e-09
Disease	disease_8525	4.131789155493774e-09
Disease	disease_18439	4.131634778331438e-09
Disease	disease_10131	4.131625082658978e-09
Disease	disease_10355	4.1308423165203115e-09
Disease	disease_100087	4.130583112049998e-09
Disease	disease_5614	4.129693050174311e-09
Disease	disease_4951	4.129410428393198e-09
Disease	disease_14251	4.129410428393198e-09
Disease	disease_13185	4.129410428393198e-09
Disease	disease_13713	4.129410428393198e-09
Disease	disease_12057	4.129410428393198e-09
Disease	disease_12595	4.129410428393198e-09
Disease	disease_13562	4.129410428393198e-09
Disease	disease_14386	4.128510548146898e-09
Disease	disease_14807	4.128338396302557e-09
Disease	disease_14004	4.127098258719524e-09
Disease	disease_24266	4.127012581247029e-09
Disease	disease_4049	4.125584764830234e-09
Disease	disease_19322	4.1249258635406795e-09
Disease	disease_10085	4.1245065313752414e-09
Disease	disease_32865	4.121620037951046e-09
Disease	disease_17829	4.121248374654089e-09
Disease	disease_8172	4.121051941709271e-09
Disease	disease_43168	4.120606160277992e-09
Disease	disease_7510	4.11860783630232e-09
Disease	disease_100068	4.117554747712595e-09
Disease	disease_13405	4.1168831776786814e-09
Disease	disease_8923	4.116277387136205e-09
Disease	disease_36870	4.115878561212953e-09
Disease	disease_9277	4.113154304282924e-09
Disease	disease_6013	4.113100596287926e-09
Disease	disease_100294	4.1125908852297435e-09
Disease	disease_17129	4.111767850441233e-09
Disease	disease_7492	4.110962234716754e-09
Disease	disease_777	4.1093354136254075e-09
Disease	disease_11734	4.108646262151125e-09
Disease	disease_10032	4.107454930905735e-09
Disease	disease_19648	4.106834218289103e-09
Disease	disease_17614	4.105605840966474e-09
Disease	disease_12141	4.1052793063837506e-09
Disease	disease_10634	4.103771775785915e-09
Disease	disease_14993	4.1033899803295605e-09
Disease	disease_18317	4.102396180175807e-09
Disease	disease_18359	4.101489382338671e-09
Disease	disease_20478	4.09904681204245e-09
Disease	disease_18459	4.0977370415324724e-09
Disease	disease_18371	4.096596224857026e-09
Disease	disease_10507	4.0964652734516095e-09
Disease	disease_17735	4.0963050175514784e-09
Disease	disease_2325	4.096059883866786e-09
Disease	disease_11385	4.091652652409055e-09
Disease	disease_16643	4.0916457433192476e-09
Disease	disease_100000	4.0914604851316556e-09
Disease	disease_9669	4.090548741629718e-09
Disease	disease_18658	4.0890382060924375e-09
Disease	disease_15068	4.087364130183518e-09
Disease	disease_11420	4.086297470774664e-09
Disease	disease_650	4.085553153450905e-09
Disease	disease_16429	4.084408592536148e-09
Disease	disease_18784	4.084408592536148e-09
Disease	disease_6574	4.081941903249696e-09
Disease	disease_10502	4.080900738432e-09
Disease	disease_2739	4.0807193105425635e-09
Disease	disease_11466	4.0792429417278665e-09
Disease	disease_15299	4.078813300669473e-09
Disease	disease_20572	4.078166573272989e-09
Disease	disease_6590	4.077488524830728e-09
Disease	disease_15503	4.073708465045122e-09
Disease	disease_9168	4.073413866234283e-09
Disease	disease_9672	4.072788572926675e-09
Disease	disease_8016	4.067409366192638e-09
Disease	disease_13224	4.066848523431328e-09
Disease	disease_14031	4.063995655661697e-09
Disease	disease_20841	4.061834145135928e-09
Disease	disease_11968	4.061322485406355e-09
Disease	disease_13048	4.058780326766499e-09
Disease	disease_11629	4.05337934803965e-09
Disease	disease_7848	4.0515786373744985e-09
Disease	disease_100150	4.0500635525141115e-09
Disease	disease_13897	4.04963497694813e-09
Disease	disease_14893	4.047566280431091e-09
Disease	disease_12721	4.045904775115553e-09
Disease	disease_7875	4.045857001806555e-09
Disease	disease_1726	4.045580078269089e-09
Disease	disease_16240	4.043851160874283e-09
Disease	disease_24969	4.043805497693793e-09
Disease	disease_14918	4.0423340191175846e-09
Disease	disease_14489	4.042328880865255e-09
Disease	disease_37858	4.039271646514206e-09
Disease	disease_8896	4.0389359577794435e-09
Disease	disease_13825	4.0373044066404855e-09
Disease	disease_60568	4.035381023220635e-09
Disease	disease_14217	4.034555485864617e-09
Disease	disease_54577	4.033997646022367e-09
Disease	disease_12034	4.0317580059074244e-09
Disease	disease_1781	4.030263990087901e-09
Disease	disease_20296	4.029967124346309e-09
Disease	disease_9086	4.029464826210125e-09
Disease	disease_2646	4.029318472401752e-09
Disease	disease_17667	4.028852450158843e-09
Disease	disease_15572	4.0280116751265575e-09
Disease	disease_33116	4.027735885880804e-09
Disease	disease_19907	4.026218778634631e-09
Disease	disease_21172	4.025164404612112e-09
Disease	disease_16889	4.025056858781907e-09
Disease	disease_10056	4.025029634283792e-09
Disease	disease_17037	4.0247483956753936e-09
Disease	disease_10870	4.0242025912316905e-09
Disease	disease_6741	4.02261577034535e-09
Disease	disease_23119	4.022519105887589e-09
Disease	disease_60760	4.019961501635767e-09
Disease	disease_22655	4.018703320586583e-09
Disease	disease_18204	4.018463270984158e-09
Disease	disease_14336	4.0183543616695965e-09
Disease	disease_3223	4.018085775984575e-09
Disease	disease_4769	4.016650953684444e-09
Disease	disease_8408	4.016134098889984e-09
Disease	disease_13447	4.0149865828013754e-09
Disease	disease_54781	4.009662026646215e-09
Disease	disease_9673	4.009509700855539e-09
Disease	disease_13951	4.009444548313533e-09
Disease	disease_2748	4.007090624768016e-09
Disease	disease_19989	4.00658220765719e-09
Disease	disease_19988	4.00658220765719e-09
Disease	disease_212	4.00524943610038e-09
Disease	disease_6217	4.004398800845597e-09
Disease	disease_21525	3.999293189146827e-09
Disease	disease_60455	3.9990781382674125e-09
Disease	disease_13146	3.9983495230222e-09
Disease	disease_4145	3.997749232660815e-09
Disease	disease_4146	3.997749232660815e-09
Disease	disease_3056	3.997749232660815e-09
Disease	disease_3058	3.997749232660815e-09
Disease	disease_3055	3.997749232660815e-09
Disease	disease_4143	3.997749232660815e-09
Disease	disease_4144	3.997749232660815e-09
Disease	disease_3918	3.997749232660815e-09
Disease	disease_19487	3.997037256862076e-09
Disease	disease_8008	3.995414403590615e-09
Disease	disease_24271	3.994618198872452e-09
Disease	disease_32599	3.994015819479829e-09
Disease	disease_13162	3.993071541310825e-09
Disease	disease_11334	3.991472448746924e-09
Disease	disease_10743	3.99094228495179e-09
Disease	disease_21458	3.990327566580804e-09
Disease	disease_19867	3.990173294880408e-09
Disease	disease_16649	3.989650148634697e-09
Disease	disease_13369	3.988289733309835e-09
Disease	disease_10936	3.986602048048333e-09
Disease	disease_11705	3.986481442620228e-09
Disease	disease_20971	3.985264774369439e-09
Disease	disease_19712	3.9851544840193845e-09
Disease	disease_10596	3.9844885609452825e-09
Disease	disease_4172	3.98411197624406e-09
Disease	disease_6832	3.983440754844316e-09
Disease	disease_4206	3.981677716910486e-09
Disease	disease_24291	3.980752738367284e-09
Disease	disease_172	3.980067601279481e-09
Disease	disease_10590	3.977780697338951e-09
Disease	disease_10879	3.976713911478948e-09
Disease	disease_11646	3.976364461991157e-09
Disease	disease_14476	3.972088311453666e-09
Disease	disease_18237	3.971077085912574e-09
Disease	disease_1806	3.968896191539255e-09
Disease	disease_144	3.968457357283865e-09
Disease	disease_14942	3.967544025276837e-09
Disease	disease_8083	3.964886169114162e-09
Disease	disease_19246	3.9630750322158265e-09
Disease	disease_12088	3.9626592728836524e-09
Disease	disease_3198	3.961707080731383e-09
Disease	disease_24556	3.960404265363511e-09
Disease	disease_12804	3.95681522962948e-09
Disease	disease_15252	3.955515489937396e-09
Disease	disease_10092	3.954905211430734e-09
Disease	disease_10053	3.94661595037995e-09
Disease	disease_15985	3.946166543758619e-09
Disease	disease_25431	3.9449133022082575e-09
Disease	disease_5007	3.94423605627092e-09
Disease	disease_12931	3.9426444115705024e-09
Disease	disease_16860	3.9423677863154826e-09
Disease	disease_321	3.94159087599524e-09
Disease	disease_2212	3.94159087599524e-09
Disease	disease_1413	3.94159087599524e-09
Disease	disease_1665	3.94159087599524e-09
Disease	disease_1916	3.94159087599524e-09
Disease	disease_17902	3.93912533967042e-09
Disease	disease_17900	3.936877261481178e-09
Disease	disease_20785	3.935403567899843e-09
Disease	disease_21385	3.9317642208260414e-09
Disease	disease_6798	3.930168221475253e-09
Disease	disease_11810	3.9294072456940575e-09
Disease	disease_10261	3.9289852818787734e-09
Disease	disease_44337	3.927775677029843e-09
Disease	disease_16919	3.9266564855145544e-09
Disease	disease_100210	3.924259906811153e-09
Disease	disease_8162	3.924076604980997e-09
Disease	disease_2140	3.923733352517594e-09
Disease	disease_18141	3.923623005400914e-09
Disease	disease_18142	3.923623005400914e-09
Disease	disease_18143	3.923623005400914e-09
Disease	disease_7704	3.920415645268269e-09
Disease	disease_7046	3.919445871141448e-09
Disease	disease_19176	3.916401767458003e-09
Disease	disease_12399	3.916299721053928e-09
Disease	disease_17079	3.9139505908322285e-09
Disease	disease_3607	3.912976685952939e-09
Disease	disease_18801	3.91262721331929e-09
Disease	disease_11028	3.912318104162943e-09
Disease	disease_5031	3.9119094403874795e-09
Disease	disease_32712	3.9096842609124464e-09
Disease	disease_25485	3.909087544045584e-09
Disease	disease_20760	3.9084691249094746e-09
Disease	disease_2644	3.908135003650927e-09
Disease	disease_4881	3.908135003650927e-09
Disease	disease_3328	3.907847616112361e-09
Disease	disease_3293	3.907234731130548e-09
Disease	disease_11371	3.90624270016427e-09
Disease	disease_9737	3.905518346380609e-09
Disease	disease_32648	3.9054419494079954e-09
Disease	disease_16828	3.905072380023097e-09
Disease	disease_24501	3.903691399130784e-09
Disease	disease_9868	3.90318621016253e-09
Disease	disease_19063	3.9024425566625945e-09
Disease	disease_13286	3.900931472648622e-09
Disease	disease_19854	3.9004318080657626e-09
Disease	disease_4535	3.898959828321738e-09
Disease	disease_4463	3.896414454492609e-09
Disease	disease_17816	3.8946910609218515e-09
Disease	disease_17817	3.8946910609218515e-09
Disease	disease_44618	3.894179686399991e-09
Disease	disease_4961	3.89240090733221e-09
Disease	disease_4962	3.89240090733221e-09
Disease	disease_24326	3.891155362062636e-09
Disease	disease_8823	3.890446424512361e-09
Disease	disease_10514	3.889774989201722e-09
Disease	disease_19282	3.889715558792896e-09
Disease	disease_4227	3.889680407025917e-09
Disease	disease_11004	3.889274669804029e-09
Disease	disease_8885	3.888796798098231e-09
Disease	disease_14892	3.888122013441842e-09
Disease	disease_1752	3.887168606802641e-09
Disease	disease_40700	3.8855992353373225e-09
Disease	disease_13440	3.884649308926419e-09
Disease	disease_14583	3.882659474858656e-09
Disease	disease_19601	3.882356810140667e-09
Disease	disease_10949	3.880462458618286e-09
Disease	disease_7044	3.8788230757620565e-09
Disease	disease_3991	3.877171907081608e-09
Disease	disease_7321	3.877075404276083e-09
Disease	disease_17617	3.87703875997138e-09
Disease	disease_5613	3.876967968956051e-09
Disease	disease_7839	3.87608703766094e-09
Disease	disease_24526	3.873603232220609e-09
Disease	disease_14564	3.872725850429261e-09
Disease	disease_13477	3.871350464716825e-09
Disease	disease_11403	3.870580635520624e-09
Disease	disease_54847	3.869929455395497e-09
Disease	disease_290	3.869435235077461e-09
Disease	disease_13014	3.868945928631381e-09
Disease	disease_18098	3.867716743152871e-09
Disease	disease_12466	3.867134017804279e-09
Disease	disease_14529	3.866888906982013e-09
Disease	disease_19187	3.866111518281637e-09
Disease	disease_20292	3.864288983971859e-09
Disease	disease_6347	3.86393919368222e-09
Disease	disease_100039	3.863914177528268e-09
Disease	disease_7796	3.8638720489135095e-09
Disease	disease_9454	3.862604375121634e-09
Disease	disease_18860	3.857101364851075e-09
Disease	disease_13200	3.856434816357097e-09
Disease	disease_12735	3.856350275130129e-09
Disease	disease_14602	3.85632440418742e-09
Disease	disease_8849	3.855758444044805e-09
Disease	disease_14822	3.854379011465061e-09
Disease	disease_12434	3.853769979127909e-09
Disease	disease_19541	3.851160424384066e-09
Disease	disease_3956	3.850992899094658e-09
Disease	disease_12031	3.850178476026136e-09
Disease	disease_8982	3.848334575010784e-09
Disease	disease_32869	3.8458779053293e-09
Disease	disease_17023	3.8451918143866095e-09
Disease	disease_24361	3.843554879968612e-09
Disease	disease_10343	3.843128127719801e-09
Disease	disease_6811	3.841598747402337e-09
Disease	disease_1291	3.841598747402337e-09
Disease	disease_5640	3.841598747402337e-09
Disease	disease_489	3.841598747402337e-09
Disease	disease_44997	3.841598747402337e-09
Disease	disease_3568	3.841598747402337e-09
Disease	disease_43512	3.841598747402337e-09
Disease	disease_22236	3.841598747402337e-09
Disease	disease_16561	3.841038965454608e-09
Disease	disease_5163	3.840406611389264e-09
Disease	disease_19923	3.839977667595764e-09
Disease	disease_2915	3.839377286017342e-09
Disease	disease_12516	3.839321400837521e-09
Disease	disease_10494	3.838170901704686e-09
Disease	disease_21412	3.836629462059883e-09
Disease	disease_12684	3.836442039235317e-09
Disease	disease_11053	3.835673158203802e-09
Disease	disease_21218	3.835177188209825e-09
Disease	disease_14391	3.834647930186101e-09
Disease	disease_5832	3.8314779838343546e-09
Disease	disease_60583	3.83099736551745e-09
Disease	disease_10295	3.829757052265535e-09
Disease	disease_4140	3.829333848681155e-09
Disease	disease_2692	3.8290136939005994e-09
Disease	disease_20050	3.826210233577865e-09
Disease	disease_13993	3.825672891885904e-09
Disease	disease_6154	3.825274469261101e-09
Disease	disease_32706	3.822011173464154e-09
Disease	disease_12280	3.821293825148738e-09
Disease	disease_16393	3.818663107823119e-09
Disease	disease_14973	3.816642448265935e-09
Disease	disease_13531	3.8156548603314495e-09
Disease	disease_1522	3.81473806409031e-09
Disease	disease_11422	3.812866589449609e-09
Disease	disease_14800	3.807040405406619e-09
Disease	disease_100101	3.805038381994876e-09
Disease	disease_54837	3.80134903256047e-09
Disease	disease_30502	3.800211009281129e-09
Disease	disease_3189	3.797753521481345e-09
Disease	disease_15337	3.7976176724809865e-09
Disease	disease_14957	3.7975770113221996e-09
Disease	disease_9082	3.796641875618285e-09
Disease	disease_16175	3.794531238733057e-09
Disease	disease_10011	3.794272385281568e-09
Disease	disease_25449	3.7939515676435e-09
Disease	disease_20378	3.793375242024514e-09
Disease	disease_14369	3.7931756047384075e-09
Disease	disease_10483	3.792384517072848e-09
Disease	disease_3011	3.792057431804251e-09
Disease	disease_18423	3.791684000348585e-09
Disease	disease_14246	3.791465386036172e-09
Disease	disease_14293	3.790909251443116e-09
Disease	disease_3624	3.790845945269139e-09
Disease	disease_16790	3.789443672600149e-09
Disease	disease_15933	3.789194181401879e-09
Disease	disease_11801	3.788505543229363e-09
Disease	disease_60457	3.788141063053196e-09
Disease	disease_9702	3.787421407385981e-09
Disease	disease_24553	3.7808998483640845e-09
Disease	disease_2788	3.780686070890297e-09
Disease	disease_2787	3.780686070890297e-09
Disease	disease_14732	3.77936929985109e-09
Disease	disease_10133	3.779038305021327e-09
Disease	disease_17846	3.778666283054103e-09
Disease	disease_11603	3.778554265051401e-09
Disease	disease_20602	3.776935317023177e-09
Disease	disease_13404	3.775924652833478e-09
Disease	disease_44723	3.773547370338459e-09
Disease	disease_100083	3.771153997398935e-09
Disease	disease_22812	3.771110364890453e-09
Disease	disease_8019	3.769912600911076e-09
Disease	disease_7698	3.768256216974655e-09
Disease	disease_13788	3.767142184852619e-09
Disease	disease_19480	3.764371219118487e-09
Disease	disease_24235	3.7632950602334535e-09
Disease	disease_11964	3.762918094331971e-09
Disease	disease_11335	3.759487497372037e-09
Disease	disease_21664	3.759265558622863e-09
Disease	disease_15306	3.757686650546794e-09
Disease	disease_2475	3.7576809836370875e-09
Disease	disease_13645	3.757662405832568e-09
Disease	disease_13148	3.749738485227136e-09
Disease	disease_23206	3.749077446551263e-09
Disease	disease_6893	3.748727047329755e-09
Disease	disease_14534	3.747690861594703e-09
Disease	disease_7993	3.742958422326887e-09
Disease	disease_1862	3.7428496360559964e-09
Disease	disease_1861	3.7428496360559964e-09
Disease	disease_17323	3.741257824155004e-09
Disease	disease_4645	3.738963602276002e-09
Disease	disease_32745	3.7385573533104884e-09
Disease	disease_14943	3.737836950459832e-09
Disease	disease_544	3.737344488192594e-09
Disease	disease_24554	3.736805880443402e-09
Disease	disease_14671	3.733165465469828e-09
Disease	disease_19416	3.732205382399433e-09
Disease	disease_17936	3.732189998452541e-09
Disease	disease_44324	3.731527170883306e-09
Disease	disease_16478	3.729931987770409e-09
Disease	disease_20096	3.728445609797956e-09
Disease	disease_4743	3.723885822442614e-09
Disease	disease_6041	3.7238356880005194e-09
Disease	disease_8822	3.722119097400707e-09
Disease	disease_6255	3.720417619712957e-09
Disease	disease_14507	3.7195531827733763e-09
Disease	disease_4393	3.718615082415348e-09
Disease	disease_4366	3.718615082415348e-09
Disease	disease_14304	3.717548390329355e-09
Disease	disease_10325	3.71657232311936e-09
Disease	disease_2911	3.7159498404213454e-09
Disease	disease_4885	3.7152732911498403e-09
Disease	disease_7909	3.7119747062190067e-09
Disease	disease_14043	3.711030685431032e-09
Disease	disease_19235	3.711024269638126e-09
Disease	disease_13454	3.710665717986102e-09
Disease	disease_2220	3.7097410267175495e-09
Disease	disease_3455	3.7091911640685456e-09
Disease	disease_17090	3.709038946201493e-09
Disease	disease_3180	3.7069369003552582e-09
Disease	disease_7868	3.7065255969668584e-09
Disease	disease_21390	3.7050918661164924e-09
Disease	disease_13166	3.704183836736614e-09
Disease	disease_21498	3.6987419893362314e-09
Disease	disease_10618	3.6977193845172115e-09
Disease	disease_7085	3.6960783803221824e-09
Disease	disease_16749	3.6925807923094317e-09
Disease	disease_14114	3.691288646648962e-09
Disease	disease_8177	3.690209666302639e-09
Disease	disease_12400	3.6895561394887097e-09
Disease	disease_3145	3.688821030157491e-09
Disease	disease_18852	3.688729735258848e-09
Disease	disease_2112	3.6886037604631774e-09
Disease	disease_13934	3.686655091456599e-09
Disease	disease_13953	3.686445792600658e-09
Disease	disease_8809	3.6863939460580316e-09
Disease	disease_14625	3.6814375957213836e-09
Disease	disease_29140	3.679745765113493e-09
Disease	disease_1434	3.678370646138026e-09
Disease	disease_12793	3.6775685323506244e-09
Disease	disease_7887	3.677552870973383e-09
Disease	disease_10842	3.67605085398749e-09
Disease	disease_7767	3.6749695814295666e-09
Disease	disease_44995	3.6738955032674558e-09
Disease	disease_9963	3.673208659321813e-09
Disease	disease_16477	3.67262392269426e-09
Disease	disease_1317	3.6722193173095903e-09
Disease	disease_1440	3.6722193173095903e-09
Disease	disease_7715	3.6683187278243267e-09
Disease	disease_10097	3.66750558893988e-09
Disease	disease_8150	3.6666618318894587e-09
Disease	disease_1832	3.666532094289266e-09
Disease	disease_12512	3.665171780236052e-09
Disease	disease_7634	3.6629139352209457e-09
Disease	disease_19486	3.6623936428136523e-09
Disease	disease_100185	3.6600157001679965e-09
Disease	disease_10553	3.6535772650704756e-09
Disease	disease_14897	3.65231199659102e-09
Disease	disease_4914	3.6519552145002106e-09
Disease	disease_12410	3.6516715872751863e-09
Disease	disease_7656	3.6499552417946866e-09
Disease	disease_16962	3.649818524630353e-09
Disease	disease_14038	3.649703552093778e-09
Disease	disease_7785	3.6481011621934258e-09
Disease	disease_22330	3.6464790919715667e-09
Disease	disease_7514	3.644989904881892e-09
Disease	disease_11831	3.644625159169005e-09
Disease	disease_15929	3.644173520739151e-09
Disease	disease_1995	3.6438566807748887e-09
Disease	disease_2301	3.6425313451533352e-09
Disease	disease_7045	3.6424483320150366e-09
Disease	disease_4804	3.641544511685795e-09
Disease	disease_15727	3.6407894050973885e-09
Disease	disease_18597	3.6406106572716237e-09
Disease	disease_13880	3.6402999193212023e-09
Disease	disease_30030	3.640032246931732e-09
Disease	disease_9153	3.6387457640483917e-09
Disease	disease_836	3.6376885771175535e-09
Disease	disease_2416	3.637309641955551e-09
Disease	disease_7148	3.6370511092134333e-09
Disease	disease_20801	3.636768223619218e-09
Disease	disease_27462	3.6366361115569737e-09
Disease	disease_16139	3.6350477234335886e-09
Disease	disease_18370	3.634943919574911e-09
Disease	disease_18419	3.6346183869999384e-09
Disease	disease_19399	3.6345104811478125e-09
Disease	disease_17232	3.63444405380316e-09
Disease	disease_4156	3.6341473265210854e-09
Disease	disease_19339	3.6330379498652145e-09
Disease	disease_13297	3.6328909053048955e-09
Disease	disease_8359	3.632714062330593e-09
Disease	disease_8437	3.631649645756194e-09
Disease	disease_13270	3.6314553169088265e-09
Disease	disease_15431	3.631121778590589e-09
Disease	disease_5699	3.6310851614307446e-09
Disease	disease_27750	3.629302618900515e-09
Disease	disease_27751	3.629302618900515e-09
Disease	disease_19016	3.6287645534722275e-09
Disease	disease_8292	3.628650020208875e-09
Disease	disease_9325	3.6263890845824474e-09
Disease	disease_12497	3.6241973877630184e-09
Disease	disease_9775	3.624043298745517e-09
Disease	disease_15200	3.619071387560258e-09
Disease	disease_9145	3.6163285102350846e-09
Disease	disease_9736	3.6154208761928132e-09
Disease	disease_14098	3.61410098330522e-09
Disease	disease_8379	3.61394941584881e-09
Disease	disease_33669	3.6118286477266346e-09
Disease	disease_30923	3.611121855449602e-09
Disease	disease_4923	3.609869066138221e-09
Disease	disease_56816	3.6077204501579557e-09
Disease	disease_7300	3.606960225103439e-09
Disease	disease_3504	3.603369475924549e-09
Disease	disease_13380	3.602605503545497e-09
Disease	disease_19067	3.6018829014180304e-09
Disease	disease_1737	3.599585463195348e-09
Disease	disease_15708	3.5988198977413694e-09
Disease	disease_15362	3.596832385137186e-09
Disease	disease_24284	3.595774237131322e-09
Disease	disease_16409	3.5932768135502467e-09
Disease	disease_10193	3.5929228900201033e-09
Disease	disease_43320	3.5927985094664727e-09
Disease	disease_15323	3.5926449884929714e-09
Disease	disease_22953	3.5923389110792154e-09
Disease	disease_14832	3.591951870490988e-09
Disease	disease_44984	3.5906306466796617e-09
Disease	disease_4504	3.5885688119928634e-09
Disease	disease_16562	3.5868521429909026e-09
Disease	disease_19866	3.5860173016791783e-09
Disease	disease_15771	3.5860173016791783e-09
Disease	disease_15730	3.5860173016791783e-09
Disease	disease_19868	3.5860173016791783e-09
Disease	disease_15718	3.5860173016791783e-09
Disease	disease_15763	3.5860173016791783e-09
Disease	disease_19869	3.5860173016791783e-09
Disease	disease_15060	3.5860173016791783e-09
Disease	disease_19865	3.5860173016791783e-09
Disease	disease_14951	3.581502432459382e-09
Disease	disease_60711	3.5796102836841576e-09
Disease	disease_1235	3.578108614077391e-09
Disease	disease_12948	3.5769622358419972e-09
Disease	disease_14900	3.5758797292770608e-09
Disease	disease_6471	3.5756606193035436e-09
Disease	disease_14545	3.575332796210111e-09
Disease	disease_13325	3.5750647003723414e-09
Disease	disease_18066	3.574200938867815e-09
Disease	disease_6037	3.573885635207888e-09
Disease	disease_14704	3.5726262174011404e-09
Disease	disease_24338	3.5723892671931005e-09
Disease	disease_2407	3.5714840657341137e-09
Disease	disease_27069	3.5713982594220712e-09
Disease	disease_45037	3.5689642466771247e-09
Disease	disease_5772	3.5689642466771247e-09
Disease	disease_18932	3.5688351448938765e-09
Disease	disease_10975	3.568034167216327e-09
Disease	disease_1634	3.5679140411871954e-09
Disease	disease_14417	3.5672841561723462e-09
Disease	disease_3295	3.5667602766268325e-09
Disease	disease_32571	3.5659633914029835e-09
Disease	disease_16218	3.565831947157327e-09
Disease	disease_4100	3.56547221030996e-09
Disease	disease_6682	3.564767889575972e-09
Disease	disease_13396	3.5646837111254155e-09
Disease	disease_338	3.5646425284791963e-09
Disease	disease_13518	3.563718850000034e-09
Disease	disease_18379	3.5636905465667777e-09
Disease	disease_19752	3.5629184473753223e-09
Disease	disease_4019	3.562289865143938e-09
Disease	disease_4175	3.562289865143938e-09
Disease	disease_4220	3.562289865143938e-09
Disease	disease_4174	3.562289865143938e-09
Disease	disease_12208	3.561887565254382e-09
Disease	disease_21321	3.56181993436736e-09
Disease	disease_14976	3.5614629816472076e-09
Disease	disease_14576	3.5607749603580105e-09
Disease	disease_5878	3.558940943934712e-09
Disease	disease_17780	3.557730491927824e-09
Disease	disease_17826	3.5575106460569697e-09
Disease	disease_17825	3.5575106460569697e-09
Disease	disease_17007	3.556853593934344e-09
Disease	disease_3208	3.556690428542011e-09
Disease	disease_15179	3.5538782303163617e-09
Disease	disease_11650	3.5519768617852374e-09
Disease	disease_162	3.551525582074829e-09
Disease	disease_5967	3.5510879392256067e-09
Disease	disease_9885	3.5508730910373698e-09
Disease	disease_16040	3.5494850799246206e-09
Disease	disease_1295	3.5494850799246206e-09
Disease	disease_18617	3.5494850799246206e-09
Disease	disease_43230	3.5488527395706933e-09
Disease	disease_17757	3.54765255878865e-09
Disease	disease_14113	3.546751456324786e-09
Disease	disease_9152	3.5457960354056983e-09
Disease	disease_18044	3.544896344415616e-09
Disease	disease_8680	3.543905975070818e-09
Disease	disease_8771	3.5438833953990513e-09
Disease	disease_9946	3.5421782121949775e-09
Disease	disease_19817	3.5420999411173028e-09
Disease	disease_43162	3.540819695509244e-09
Disease	disease_22349	3.540819695509244e-09
Disease	disease_14746	3.5375835987319143e-09
Disease	disease_21257	3.5357963031349254e-09
Disease	disease_13852	3.535176449099205e-09
Disease	disease_7356	3.5350145896308485e-09
Disease	disease_3211	3.5349957396433784e-09
Disease	disease_8592	3.53231574002434e-09
Disease	disease_5555	3.53105485745238e-09
Disease	disease_18383	3.530900046333116e-09
Disease	disease_54754	3.5307202329413277e-09
Disease	disease_32819	3.5288013144061867e-09
Disease	disease_10171	3.5279171777665497e-09
Disease	disease_24481	3.5269616657157712e-09
Disease	disease_11169	3.526849577219918e-09
Disease	disease_15446	3.5264235853421207e-09
Disease	disease_14192	3.5257815681956543e-09
Disease	disease_14238	3.524533331404477e-09
Disease	disease_408	3.5242374494638664e-09
Disease	disease_12962	3.5222768427563188e-09
Disease	disease_7275	3.52210802404964e-09
Disease	disease_8956	3.5217271849274544e-09
Disease	disease_2355	3.519592985815995e-09
Disease	disease_2403	3.5169717246007524e-09
Disease	disease_43339	3.516913254285614e-09
Disease	disease_16312	3.516913254285614e-09
Disease	disease_17862	3.516913254285614e-09
Disease	disease_19140	3.516913254285614e-09
Disease	disease_19545	3.516913254285614e-09
Disease	disease_16421	3.516913254285614e-09
Disease	disease_18547	3.516913254285614e-09
Disease	disease_23176	3.516913254285614e-09
Disease	disease_18173	3.516913254285614e-09
Disease	disease_34212	3.516913254285614e-09
Disease	disease_18548	3.516913254285614e-09
Disease	disease_13169	3.51683911187987e-09
Disease	disease_12987	3.5154420310127447e-09
Disease	disease_18511	3.5151085356816937e-09
Disease	disease_6104	3.5146381492655405e-09
Disease	disease_37254	3.5138834112386752e-09
Disease	disease_16516	3.510665108744724e-09
Disease	disease_21404	3.5086855892710605e-09
Disease	disease_5991	3.508393349949353e-09
Disease	disease_14619	3.5066690930936953e-09
Disease	disease_9404	3.50398957589367e-09
Disease	disease_13554	3.50298294096446e-09
Disease	disease_1371	3.502614444037942e-09
Disease	disease_16215	3.5021192240807232e-09
Disease	disease_14146	3.499419285110723e-09
Disease	disease_30913	3.499329178465653e-09
Disease	disease_10792	3.4989650681553315e-09
Disease	disease_13408	3.497239917935656e-09
Disease	disease_14505	3.4956183187910626e-09
Disease	disease_4331	3.495573071972502e-09
Disease	disease_4357	3.4926502825731744e-09
Disease	disease_14284	3.492193901353645e-09
Disease	disease_18198	3.4910325765189887e-09
Disease	disease_1388	3.490775508629817e-09
Disease	disease_7473	3.4904468069864645e-09
Disease	disease_17745	3.4900570253234054e-09
Disease	disease_40654	3.48963883490382e-09
Disease	disease_18577	3.4884694221766653e-09
Disease	disease_8242	3.4859471918561114e-09
Disease	disease_16991	3.4852540272876348e-09
Disease	disease_15944	3.484708820647119e-09
Disease	disease_6613	3.4842564635701914e-09
Disease	disease_32927	3.4836672561289974e-09
Disease	disease_9624	3.480319369891773e-09
Disease	disease_19875	3.4802020328341323e-09
Disease	disease_892	3.4791100256670033e-09
Disease	disease_32933	3.477395529500149e-09
Disease	disease_5668	3.47579923710388e-09
Disease	disease_19012	3.474079987823187e-09
Disease	disease_19302	3.4738394788756533e-09
Disease	disease_18342	3.4736677523416265e-09
Disease	disease_7380	3.472210389195495e-09
Disease	disease_14718	3.4720728480308015e-09
Disease	disease_23538	3.471815358697816e-09
Disease	disease_54591	3.4715684034852835e-09
Disease	disease_7526	3.4698674325252232e-09
Disease	disease_11832	3.469719121162772e-09
Disease	disease_16980	3.4691724921411074e-09
Disease	disease_8834	3.468646542267587e-09
Disease	disease_10128	3.467714318151437e-09
Disease	disease_8354	3.4675072796842164e-09
Disease	disease_18117	3.4674722517584885e-09
Disease	disease_17602	3.4673522664944938e-09
Disease	disease_6139	3.4650896753172035e-09
Disease	disease_4530	3.4650896753172035e-09
Disease	disease_6137	3.4650896753172035e-09
Disease	disease_15448	3.4648644285024375e-09
Disease	disease_32667	3.4640736367870792e-09
Disease	disease_3551	3.4634672455485025e-09
Disease	disease_19137	3.460130417100473e-09
Disease	disease_3562	3.4586965181681852e-09
Disease	disease_3766	3.458142380544622e-09
Disease	disease_4358	3.4569278819371623e-09
Disease	disease_100232	3.455978487446029e-09
Disease	disease_17284	3.4557858301112227e-09
Disease	disease_21204	3.454685615958835e-09
Disease	disease_3222	3.4537532893840705e-09
Disease	disease_45068	3.4536486844155193e-09
Disease	disease_13303	3.4517624064082836e-09
Disease	disease_32608	3.4513259255465996e-09
Disease	disease_13685	3.4509642420273367e-09
Disease	disease_8395	3.4490038230927063e-09
Disease	disease_7465	3.4470522095287466e-09
Disease	disease_14769	3.445530935977305e-09
Disease	disease_6412	3.4451885066871375e-09
Disease	disease_13580	3.444941777875954e-09
Disease	disease_18389	3.4425939464606917e-09
Disease	disease_6654	3.441676076046174e-09
Disease	disease_6653	3.441676076046174e-09
Disease	disease_11170	3.4400837638594533e-09
Disease	disease_12127	3.4399191627094576e-09
Disease	disease_13179	3.4388248265838637e-09
Disease	disease_11449	3.4369412967831723e-09
Disease	disease_7837	3.4359396337370145e-09
Disease	disease_14608	3.4358476549416927e-09
Disease	disease_18709	3.4340263923400847e-09
Disease	disease_10732	3.433989255488023e-09
Disease	disease_13235	3.433406152582865e-09
Disease	disease_11956	3.4324895155171455e-09
Disease	disease_12820	3.431794080296056e-09
Disease	disease_19073	3.4312614692101444e-09
Disease	disease_8429	3.431110497908307e-09
Disease	disease_10479	3.429443556667261e-09
Disease	disease_13905	3.4292066208241852e-09
Disease	disease_7082	3.426541928017109e-09
Disease	disease_11502	3.4257520528723168e-09
Disease	disease_37743	3.421887500370142e-09
Disease	disease_34024	3.4201916817669012e-09
Disease	disease_7764	3.418451696456064e-09
Disease	disease_7487	3.417094169897376e-09
Disease	disease_60532	3.4164702036758777e-09
Disease	disease_20672	3.415380978301485e-09
Disease	disease_1524	3.414496547050087e-09
Disease	disease_5552	3.4144465017019564e-09
Disease	disease_11919	3.4133487760162605e-09
Disease	disease_9330	3.412648443411505e-09
Disease	disease_8879	3.4106008510593037e-09
Disease	disease_6098	3.409884050413973e-09
Disease	disease_8389	3.4089134517396173e-09
Disease	disease_12784	3.4084554295762086e-09
Disease	disease_9562	3.4054616276483933e-09
Disease	disease_8108	3.405429697629874e-09
Disease	disease_456	3.4016590176889668e-09
Disease	disease_17626	3.399792405485544e-09
Disease	disease_19715	3.3973771204060093e-09
Disease	disease_10069	3.3972645325608846e-09
Disease	disease_5063	3.3966393706576514e-09
Disease	disease_4288	3.3966393706576514e-09
Disease	disease_6050	3.3966393706576514e-09
Disease	disease_5019	3.396046035377711e-09
Disease	disease_11379	3.394332071650025e-09
Disease	disease_16839	3.394273901803494e-09
Disease	disease_4334	3.394178321810645e-09
Disease	disease_13822	3.3939242902902842e-09
Disease	disease_10671	3.3927285494196254e-09
Disease	disease_601	3.391684426967508e-09
Disease	disease_12246	3.3908743312763756e-09
Disease	disease_3414	3.388707926921445e-09
Disease	disease_32679	3.387253172213378e-09
Disease	disease_12350	3.386479778927127e-09
Disease	disease_6674	3.382187595652862e-09
Disease	disease_7871	3.380764679825217e-09
Disease	disease_5987	3.3793950264330546e-09
Disease	disease_25667	3.3788212036003827e-09
Disease	disease_12277	3.3786382729104745e-09
Disease	disease_14232	3.3782517482432774e-09
Disease	disease_531	3.3780936541512975e-09
Disease	disease_2647	3.3776920820451465e-09
Disease	disease_18011	3.3766916050361563e-09
Disease	disease_7528	3.3757342341284985e-09
Disease	disease_4714	3.3753820269939633e-09
Disease	disease_15751	3.3747512103820052e-09
Disease	disease_32796	3.3734043942270553e-09
Disease	disease_20508	3.3716060682507427e-09
Disease	disease_4193	3.3707631410986927e-09
Disease	disease_8426	3.370084487639042e-09
Disease	disease_173	3.3673664993156e-09
Disease	disease_18421	3.3670975048069874e-09
Disease	disease_21486	3.367094903389489e-09
Disease	disease_60763	3.366144773391855e-09
Disease	disease_12843	3.3651351776732024e-09
Disease	disease_11378	3.364784911043261e-09
Disease	disease_13076	3.363607313622432e-09
Disease	disease_14949	3.3631175939067836e-09
Disease	disease_32684	3.3606114094879735e-09
Disease	disease_1471	3.360493544082258e-09
Disease	disease_2790	3.35953961759705e-09
Disease	disease_858	3.359530598209653e-09
Disease	disease_6844	3.359430468813489e-09
Disease	disease_8708	3.358792690015704e-09
Disease	disease_18114	3.3582153826553078e-09
Disease	disease_13876	3.355187769304669e-09
Disease	disease_4450	3.352870562924019e-09
Disease	disease_20274	3.352672776474061e-09
Disease	disease_14216	3.3506431833221385e-09
Disease	disease_13677	3.3495813325229247e-09
Disease	disease_14902	3.3492724444340136e-09
Disease	disease_2649	3.3465273039815727e-09
Disease	disease_9104	3.3462473301024484e-09
Disease	disease_32849	3.3459673649353065e-09
Disease	disease_9593	3.3446961305898887e-09
Disease	disease_6825	3.344421283754055e-09
Disease	disease_18496	3.3420376740613914e-09
Disease	disease_16411	3.341632183215059e-09
Disease	disease_10417	3.341202777257299e-09
Disease	disease_14502	3.3399345062788388e-09
Disease	disease_9579	3.3385842596443465e-09
Disease	disease_1921	3.338191231191168e-09
Disease	disease_13275	3.336530317915228e-09
Disease	disease_9433	3.3354540846207584e-09
Disease	disease_16290	3.3335440050956676e-09
Disease	disease_5731	3.332664388563482e-09
Disease	disease_5957	3.332664388563482e-09
Disease	disease_15636	3.332664388563482e-09
Disease	disease_1479	3.331326133866078e-09
Disease	disease_33635	3.3305175200494256e-09
Disease	disease_16386	3.329982664935533e-09
Disease	disease_18931	3.329534885081526e-09
Disease	disease_10652	3.329137557812994e-09
Disease	disease_100080	3.329039039455894e-09
Disease	disease_9406	3.3283902620546606e-09
Disease	disease_10066	3.326694324993022e-09
Disease	disease_7529	3.3258779939986445e-09
Disease	disease_44306	3.3245423575168844e-09
Disease	disease_8569	3.324343961700682e-09
Disease	disease_20796	3.3241561339811386e-09
Disease	disease_14193	3.323807047170591e-09
Disease	disease_5486	3.3237545945948744e-09
Disease	disease_16805	3.3233143837031336e-09
Disease	disease_8797	3.3232220178959358e-09
Disease	disease_8829	3.322495972277281e-09
Disease	disease_12186	3.322362774788315e-09
Disease	disease_18390	3.321565550021384e-09
Disease	disease_845	3.321347438714305e-09
Disease	disease_30707	3.320504440356713e-09
Disease	disease_6544	3.3194984334327696e-09
Disease	disease_14129	3.3192690001881968e-09
Disease	disease_9447	3.3187733211093878e-09
Disease	disease_14975	3.315446134574195e-09
Disease	disease_20276	3.3152877175948423e-09
Disease	disease_14637	3.31498662151741e-09
Disease	disease_11739	3.3145893096924524e-09
Disease	disease_10472	3.3138303213126352e-09
Disease	disease_3164	3.313269944292295e-09
Disease	disease_18234	3.312503743325319e-09
Disease	disease_12132	3.312419679778545e-09
Disease	disease_12575	3.3121500914548773e-09
Disease	disease_13568	3.3109913556226465e-09
Disease	disease_9112	3.3103453499670083e-09
Disease	disease_24542	3.309232720497288e-09
Disease	disease_6304	3.3076378920743426e-09
Disease	disease_11278	3.3072495105394965e-09
Disease	disease_12835	3.3071785814696254e-09
Disease	disease_35133	3.305079722708161e-09
Disease	disease_6751	3.304657931564275e-09
Disease	disease_17580	3.304602255643048e-09
Disease	disease_4531	3.3040320119488093e-09
Disease	disease_8419	3.3038855087439026e-09
Disease	disease_6834	3.302507670124623e-09
Disease	disease_2933	3.3019144590488087e-09
Disease	disease_8940	3.3009878220086476e-09
Disease	disease_16883	3.3006773863736315e-09
Disease	disease_12115	3.2983056019424126e-09
Disease	disease_9983	3.2982106545279806e-09
Disease	disease_21424	3.2967247960066653e-09
Disease	disease_4177	3.2939745972110003e-09
Disease	disease_11461	3.2921851477673114e-09
Disease	disease_104	3.291391442951515e-09
Disease	disease_10337	3.290640285636192e-09
Disease	disease_2479	3.2880840605370288e-09
Disease	disease_7301	3.2876652374793416e-09
Disease	disease_2558	3.2872978208166504e-09
Disease	disease_13483	3.2862073225328767e-09
Disease	disease_54838	3.285994786245292e-09
Disease	disease_11824	3.2844406270610256e-09
Disease	disease_14789	3.2839160668002342e-09
Disease	disease_11436	3.2837215746486778e-09
Disease	disease_44652	3.2833194956519078e-09
Disease	disease_18069	3.2829902067110653e-09
Disease	disease_14835	3.2824178864948584e-09
Disease	disease_13236	3.281902547396661e-09
Disease	disease_10296	3.281070228519958e-09
Disease	disease_21418	3.2768355567601384e-09
Disease	disease_21408	3.2768355567601384e-09
Disease	disease_2840	3.276150867897002e-09
Disease	disease_10662	3.2755014087454528e-09
Disease	disease_18671	3.274562698391402e-09
Disease	disease_100325	3.2737030355643046e-09
Disease	disease_32885	3.2728810174378713e-09
Disease	disease_2452	3.2708746492990556e-09
Disease	disease_17038	3.2703120642186287e-09
Disease	disease_13699	3.2694607291397236e-09
Disease	disease_11045	3.269217627547479e-09
Disease	disease_14215	3.2681861000829754e-09
Disease	disease_9789	3.2678991373218338e-09
Disease	disease_1017	3.26519381413816e-09
Disease	disease_12359	3.2644653580780918e-09
Disease	disease_9115	3.263944229707156e-09
Disease	disease_100034	3.263512029056472e-09
Disease	disease_12756	3.2632264149167624e-09
Disease	disease_9350	3.2603389280629783e-09
Disease	disease_18978	3.2595965939981987e-09
Disease	disease_45063	3.2571766674848725e-09
Disease	disease_21809	3.25631540282208e-09
Disease	disease_12827	3.2562657780940962e-09
Disease	disease_12836	3.2562657780940962e-09
Disease	disease_12884	3.2562657780940962e-09
Disease	disease_14151	3.2562657780940962e-09
Disease	disease_12826	3.2562657780940962e-09
Disease	disease_13765	3.2562657780940962e-09
Disease	disease_11520	3.2562657780940962e-09
Disease	disease_11807	3.2562657780940962e-09
Disease	disease_12935	3.2562657780940962e-09
Disease	disease_11560	3.2562657780940962e-09
Disease	disease_11943	3.2562657780940962e-09
Disease	disease_12147	3.2562657780940962e-09
Disease	disease_12834	3.2562657780940962e-09
Disease	disease_11942	3.2562657780940962e-09
Disease	disease_11622	3.2562657780940962e-09
Disease	disease_10433	3.2562657780940962e-09
Disease	disease_20715	3.2562657780940962e-09
Disease	disease_12404	3.2562657780940962e-09
Disease	disease_12403	3.2562657780940962e-09
Disease	disease_12936	3.2562657780940962e-09
Disease	disease_13152	3.2562657780940962e-09
Disease	disease_12585	3.2562657780940962e-09
Disease	disease_12934	3.2562657780940962e-09
Disease	disease_12584	3.2562657780940962e-09
Disease	disease_11944	3.2562657780940962e-09
Disease	disease_12361	3.2562657780940962e-09
Disease	disease_11138	3.2562657780940962e-09
Disease	disease_11820	3.2562657780940962e-09
Disease	disease_12318	3.2562657780940962e-09
Disease	disease_12461	3.2562657780940962e-09
Disease	disease_12763	3.2562657780940962e-09
Disease	disease_12039	3.2562657780940962e-09
Disease	disease_12036	3.2562657780940962e-09
Disease	disease_12339	3.2562657780940962e-09
Disease	disease_11693	3.2562657780940962e-09
Disease	disease_12341	3.2562657780940962e-09
Disease	disease_42489	3.2562657780940962e-09
Disease	disease_13865	3.2560009840886236e-09
Disease	disease_16292	3.254603418441642e-09
Disease	disease_19223	3.254499213685997e-09
Disease	disease_5805	3.2537265396679593e-09
Disease	disease_20640	3.252870091179881e-09
Disease	disease_18790	3.252839042502294e-09
Disease	disease_21285	3.2522455608761843e-09
Disease	disease_23182	3.250438619427647e-09
Disease	disease_16475	3.250438619427647e-09
Disease	disease_20287	3.2500918426255583e-09
Disease	disease_20699	3.2499707645075456e-09
Disease	disease_100095	3.2481249484130793e-09
Disease	disease_12383	3.2467613638955834e-09
Disease	disease_8836	3.2459074908937573e-09
Disease	disease_14873	3.2452427056590287e-09
Disease	disease_14202	3.2449586940935606e-09
Disease	disease_13886	3.244733620702376e-09
Disease	disease_4608	3.2442392055526104e-09
Disease	disease_19429	3.244076955421953e-09
Disease	disease_16299	3.2432883725003782e-09
Disease	disease_6918	3.242503442410883e-09
Disease	disease_6638	3.242503442410883e-09
Disease	disease_4321	3.2414147875092594e-09
Disease	disease_10661	3.234289154362466e-09
Disease	disease_14147	3.231643562371144e-09
Disease	disease_12052	3.2275014902106396e-09
Disease	disease_7855	3.2265091107241464e-09
Disease	disease_24475	3.2261871391599957e-09
Disease	disease_17643	3.2256238405383043e-09
Disease	disease_10334	3.2251614654310743e-09
Disease	disease_9494	3.224595208493588e-09
Disease	disease_1946	3.224067508885459e-09
Disease	disease_14082	3.2231843782239424e-09
Disease	disease_1598	3.2229846939334634e-09
Disease	disease_20047	3.2221767868391685e-09
Disease	disease_9533	3.2213874611616664e-09
Disease	disease_13931	3.2186004515793804e-09
Disease	disease_11140	3.218108974721904e-09
Disease	disease_8831	3.2165061134868102e-09
Disease	disease_18231	3.215872347166508e-09
Disease	disease_12514	3.214088378021525e-09
Disease	disease_9057	3.214067366554593e-09
Disease	disease_6740	3.2129801089984486e-09
Disease	disease_17658	3.2127883875199708e-09
Disease	disease_11202	3.2126744255316406e-09
Disease	disease_8343	3.211880029271989e-09
Disease	disease_750	3.211873044254167e-09
Disease	disease_15846	3.210602231611255e-09
Disease	disease_13735	3.2104727175025247e-09
Disease	disease_10046	3.210063583191399e-09
Disease	disease_16983	3.2096663363056865e-09
Disease	disease_2469	3.2080299761002885e-09
Disease	disease_377	3.206818309014893e-09
Disease	disease_5862	3.206719526072752e-09
Disease	disease_9838	3.2065279260200124e-09
Disease	disease_60745	3.2047223670361615e-09
Disease	disease_3751	3.2036149964244417e-09
Disease	disease_44311	3.2029049084388016e-09
Disease	disease_33532	3.2022462468251756e-09
Disease	disease_11973	3.201380243962357e-09
Disease	disease_13115	3.1993625550268465e-09
Disease	disease_4467	3.1991190164492302e-09
Disease	disease_9653	3.1990209251974454e-09
Disease	disease_43317	3.198163533026905e-09
Disease	disease_18735	3.197827069592741e-09
Disease	disease_11176	3.1969826926642855e-09
Disease	disease_17405	3.192882009296457e-09
Disease	disease_10868	3.1920457193575e-09
Disease	disease_20023	3.1907934365195308e-09
Disease	disease_11910	3.1902671200350294e-09
Disease	disease_14300	3.1900133631411343e-09
Disease	disease_15860	3.186589368781608e-09
Disease	disease_6065	3.1862067307870152e-09
Disease	disease_8777	3.184673306420826e-09
Disease	disease_31481	3.1815168428074737e-09
Disease	disease_26763	3.18123936834546e-09
Disease	disease_40923	3.1810358783555995e-09
Disease	disease_17301	3.180406058545987e-09
Disease	disease_6979	3.1745787366886825e-09
Disease	disease_16145	3.1740087115973632e-09
Disease	disease_10571	3.173547702961325e-09
Disease	disease_3235	3.1725603119863034e-09
Disease	disease_13710	3.170617038900194e-09
Disease	disease_13917	3.1703423634063614e-09
Disease	disease_2721	3.1699632957194655e-09
Disease	disease_2010	3.169888073002986e-09
Disease	disease_9727	3.1669697804210074e-09
Disease	disease_8305	3.1656161001078173e-09
Disease	disease_33664	3.1628473357947e-09
Disease	disease_11412	3.1613332746886733e-09
Disease	disease_18675	3.159132699166858e-09
Disease	disease_8270	3.157475296568683e-09
Disease	disease_10636	3.157208114735532e-09
Disease	disease_15634	3.1566777074677613e-09
Disease	disease_1702	3.1565215893487884e-09
Disease	disease_1602	3.1565215893487884e-09
Disease	disease_4430	3.1565130372684707e-09
Disease	disease_2935	3.1565130372684707e-09
Disease	disease_33642	3.151795181537457e-09
Disease	disease_11933	3.1512392628728847e-09
Disease	disease_3204	3.1488201554117385e-09
Disease	disease_16893	3.147718193701709e-09
Disease	disease_2744	3.147617720974e-09
Disease	disease_11200	3.1472782334278084e-09
Disease	disease_9855	3.1471789549039683e-09
Disease	disease_4336	3.1462784623351997e-09
Disease	disease_13967	3.1461444775582606e-09
Disease	disease_18510	3.1448207520324574e-09
Disease	disease_14605	3.1439217499246684e-09
Disease	disease_18528	3.1431083922560052e-09
Disease	disease_3032	3.1412477366146285e-09
Disease	disease_8044	3.1408590130706448e-09
Disease	disease_540	3.1393884042132583e-09
Disease	disease_13977	3.139334354171067e-09
Disease	disease_13534	3.139303308114302e-09
Disease	disease_6391	3.139114614640205e-09
Disease	disease_4191	3.1385516794028564e-09
Disease	disease_7775	3.138391172952167e-09
Disease	disease_34021	3.1382246945015388e-09
Disease	disease_740	3.1378613267344155e-09
Disease	disease_45004	3.1350371265795025e-09
Disease	disease_10237	3.1334487825076337e-09
Disease	disease_12110	3.1322504807416033e-09
Disease	disease_12249	3.131503223797895e-09
Disease	disease_2414	3.1303470748859177e-09
Disease	disease_33562	3.129088325556825e-09
Disease	disease_18831	3.1289429233224267e-09
Disease	disease_17332	3.1284993111414854e-09
Disease	disease_1173	3.1276042606703726e-09
Disease	disease_21208	3.127535863060594e-09
Disease	disease_4315	3.123394078703883e-09
Disease	disease_15705	3.123149778470086e-09
Disease	disease_372	3.12265288855017e-09
Disease	disease_16364	3.122375453909272e-09
Disease	disease_7124	3.122230371561462e-09
Disease	disease_4078	3.1199623330456743e-09
Disease	disease_10828	3.119910028183975e-09
Disease	disease_9664	3.1197812037668586e-09
Disease	disease_30708	3.119361684880689e-09
Disease	disease_30906	3.119361684880689e-09
Disease	disease_30705	3.119361684880689e-09
Disease	disease_20698	3.1190797504408925e-09
Disease	disease_4026	3.1190308231156333e-09
Disease	disease_11784	3.118816089748052e-09
Disease	disease_13090	3.118344639443487e-09
Disease	disease_5978	3.1171238382790754e-09
Disease	disease_17493	3.115936096980355e-09
Disease	disease_17492	3.115936096980355e-09
Disease	disease_24552	3.115745215285143e-09
Disease	disease_3791	3.115414710377414e-09
Disease	disease_32922	3.11519707688328e-09
Disease	disease_16742	3.1131130883848547e-09
Disease	disease_16661	3.1094001735944027e-09
Disease	disease_9415	3.109018423793657e-09
Disease	disease_11805	3.1083145291028545e-09
Disease	disease_3072	3.10788610164335e-09
Disease	disease_14779	3.1076731376893787e-09
Disease	disease_15623	3.1073094203265262e-09
Disease	disease_5954	3.1073094203265262e-09
Disease	disease_15007	3.104204875317829e-09
Disease	disease_17711	3.103286775998779e-09
Disease	disease_14002	3.102875946657673e-09
Disease	disease_3165	3.1020173900091298e-09
Disease	disease_8755	3.1016533857291738e-09
Disease	disease_9567	3.1006737569212412e-09
Disease	disease_8683	3.1002876327591422e-09
Disease	disease_11056	3.1002876327591422e-09
Disease	disease_7556	3.1000765130377863e-09
Disease	disease_30907	3.09981209774174e-09
Disease	disease_18710	3.0969562425336226e-09
Disease	disease_14168	3.0951076662121314e-09
Disease	disease_11134	3.0945038175368146e-09
Disease	disease_4474	3.0941490962439327e-09
Disease	disease_10756	3.0926721574827487e-09
Disease	disease_19666	3.092366251309697e-09
Disease	disease_16743	3.0905797043854976e-09
Disease	disease_18550	3.0897516359594e-09
Disease	disease_2016	3.089176593083301e-09
Disease	disease_11936	3.0877525858034923e-09
Disease	disease_32844	3.0870913544990866e-09
Disease	disease_14984	3.0864517701856297e-09
Disease	disease_18104	3.08568453347879e-09
Disease	disease_13984	3.0856408412809083e-09
Disease	disease_13646	3.085386742404715e-09
Disease	disease_6577	3.08535817529406e-09
Disease	disease_42961	3.0847837620918256e-09
Disease	disease_26731	3.0844283446942904e-09
Disease	disease_21333	3.0821795455129853e-09
Disease	disease_12803	3.081728802734318e-09
Disease	disease_32655	3.0810023620293803e-09
Disease	disease_337	3.0789733164884645e-09
Disease	disease_4092	3.0787354349319488e-09
Disease	disease_19753	3.0761890996126367e-09
Disease	disease_19754	3.0761890996126367e-09
Disease	disease_1838	3.072245935191789e-09
Disease	disease_100116	3.0717208282423285e-09
Disease	disease_17132	3.071242119362021e-09
Disease	disease_19604	3.07061326683524e-09
Disease	disease_11198	3.0691479390894717e-09
Disease	disease_19505	3.0687722185013075e-09
Disease	disease_21284	3.0673879620686055e-09
Disease	disease_1138	3.0669400775505897e-09
Disease	disease_6403	3.066822991393908e-09
Disease	disease_13726	3.0638579615894414e-09
Disease	disease_17899	3.0638393860433218e-09
Disease	disease_25303	3.0629700001913933e-09
Disease	disease_18273	3.0629420442725762e-09
Disease	disease_16895	3.0621769141897587e-09
Disease	disease_2761	3.060800545501163e-09
Disease	disease_21225	3.059341354705028e-09
Disease	disease_8206	3.0582943828595004e-09
Disease	disease_14617	3.0576087249198273e-09
Disease	disease_209	3.0574549804219637e-09
Disease	disease_14324	3.0567976051225344e-09
Disease	disease_8067	3.0556078268053396e-09
Disease	disease_7537	3.055543044702037e-09
Disease	disease_13557	3.0551158122946415e-09
Disease	disease_7902	3.0550494838100227e-09
Disease	disease_20692	3.054895256433867e-09
Disease	disease_100057	3.053882090507738e-09
Disease	disease_373	3.0538168936546015e-09
Disease	disease_21811	3.0511178426171502e-09
Disease	disease_4151	3.049560665709688e-09
Disease	disease_7138	3.0483392881419416e-09
Disease	disease_4387	3.0479457867812554e-09
Disease	disease_14487	3.045416312096308e-09
Disease	disease_33636	3.0429076398279936e-09
Disease	disease_13119	3.042502944064375e-09
Disease	disease_24252	3.0409593289282017e-09
Disease	disease_20368	3.0405910279459207e-09
Disease	disease_24868	3.0405354476194227e-09
Disease	disease_18918	3.0402483547957562e-09
Disease	disease_14787	3.039887939042435e-09
Disease	disease_17832	3.0386674011257955e-09
Disease	disease_13940	3.0353577730859283e-09
Disease	disease_1859	3.0353329332043746e-09
Disease	disease_14261	3.0350005550438117e-09
Disease	disease_11099	3.0343620247162114e-09
Disease	disease_310	3.0328267796335092e-09
Disease	disease_1873	3.032004062623759e-09
Disease	disease_2969	3.0319689685703e-09
Disease	disease_4346	3.0306431877598325e-09
Disease	disease_17610	3.0298961276931248e-09
Disease	disease_44325	3.029108437034572e-09
Disease	disease_15432	3.028791402248525e-09
Disease	disease_9954	3.027953616607129e-09
Disease	disease_18569	3.025479462516801e-09
Disease	disease_12549	3.02451723254938e-09
Disease	disease_5634	3.0243903464165376e-09
Disease	disease_32738	3.0219199967555423e-09
Disease	disease_11061	3.020820571030495e-09
Disease	disease_14778	3.0196069793893338e-09
Disease	disease_7231	3.019169096219327e-09
Disease	disease_25484	3.0191042354962418e-09
Disease	disease_8868	3.019060064292622e-09
Disease	disease_4696	3.0185711556872764e-09
Disease	disease_9538	3.0183066564159543e-09
Disease	disease_7917	3.018232874057156e-09
Disease	disease_19394	3.018124668828992e-09
Disease	disease_10456	3.0180183524881214e-09
Disease	disease_14358	3.015376543521939e-09
Disease	disease_15458	3.0150554345850343e-09
Disease	disease_24321	3.014317589418033e-09
Disease	disease_18092	3.013392239229828e-09
Disease	disease_14276	3.0130730564517887e-09
Disease	disease_7420	3.012958765792102e-09
Disease	disease_54846	3.0115526958304138e-09
Disease	disease_1758	3.0094135232434143e-09
Disease	disease_12627	3.009343119632467e-09
Disease	disease_8672	3.0091341922614355e-09
Disease	disease_6096	3.0088999537478083e-09
Disease	disease_20203	3.008428694049783e-09
Disease	disease_9320	3.0083118828555735e-09
Disease	disease_60761	3.00774189726162e-09
Disease	disease_45038	3.0069337480270713e-09
Disease	disease_4030	3.003664459248595e-09
Disease	disease_8980	3.003394945327888e-09
Disease	disease_12799	3.0020137491313243e-09
Disease	disease_24893	3.0011494120690105e-09
Disease	disease_7610	3.001027984419114e-09
Disease	disease_2029	3.000359590021551e-09
Disease	disease_17756	2.999175690158878e-09
Disease	disease_10284	2.998025950747854e-09
Disease	disease_44781	2.997837387070522e-09
Disease	disease_2720	2.997791641932241e-09
Disease	disease_20530	2.997623890060708e-09
Disease	disease_14477	2.9968408330308306e-09
Disease	disease_9331	2.996625408419584e-09
Disease	disease_3876	2.996573675530526e-09
Disease	disease_4925	2.996282364035331e-09
Disease	disease_13188	2.99483066498219e-09
Disease	disease_100290	2.9947887414879155e-09
Disease	disease_10120	2.9947562633502262e-09
Disease	disease_24518	2.9946682860412013e-09
Disease	disease_7619	2.993024082771624e-09
Disease	disease_11408	2.992611909130239e-09
Disease	disease_7247	2.9925486088521e-09
Disease	disease_14563	2.990488026979074e-09
Disease	disease_2495	2.9886202643829843e-09
Disease	disease_636	2.987975292988119e-09
Disease	disease_14108	2.9872373611015837e-09
Disease	disease_11915	2.986958657031657e-09
Disease	disease_4290	2.9869225787198348e-09
Disease	disease_9857	2.9863229858260267e-09
Disease	disease_32773	2.9850792674497485e-09
Disease	disease_24310	2.9848510480027542e-09
Disease	disease_14006	2.984354118942287e-09
Disease	disease_32928	2.984120531011894e-09
Disease	disease_10323	2.984033146323751e-09
Disease	disease_17813	2.9836906828920155e-09
Disease	disease_8642	2.983045303184798e-09
Disease	disease_8952	2.982183483443174e-09
Disease	disease_7232	2.9816279352988126e-09
Disease	disease_3291	2.9811855086320875e-09
Disease	disease_9722	2.9807650474902702e-09
Disease	disease_13598	2.978653229614573e-09
Disease	disease_4289	2.97862580597574e-09
Disease	disease_4292	2.9784205214031167e-09
Disease	disease_2884	2.9776194067776393e-09
Disease	disease_10996	2.9765445376441645e-09
Disease	disease_9611	2.9759402971745418e-09
Disease	disease_22481	2.97586968051798e-09
Disease	disease_22333	2.97586968051798e-09
Disease	disease_15967	2.97586968051798e-09
Disease	disease_22949	2.97586968051798e-09
Disease	disease_22468	2.97586968051798e-09
Disease	disease_22795	2.97586968051798e-09
Disease	disease_1748	2.9753975950804446e-09
Disease	disease_8166	2.974977122027156e-09
Disease	disease_44727	2.974440950884708e-09
Disease	disease_13840	2.9736021325222833e-09
Disease	disease_20787	2.9732627535485186e-09
Disease	disease_20681	2.972014943888436e-09
Disease	disease_1449	2.970752901742662e-09
Disease	disease_37250	2.970124372033929e-09
Disease	disease_18977	2.9698853196107803e-09
Disease	disease_9546	2.969871422561674e-09
Disease	disease_32943	2.969791785810639e-09
Disease	disease_14499	2.968978771422758e-09
Disease	disease_1642	2.9689310827466837e-09
Disease	disease_15921	2.9686571131395033e-09
Disease	disease_12569	2.966985442049268e-09
Disease	disease_8666	2.9664272262749608e-09
Disease	disease_9371	2.9651715452779014e-09
Disease	disease_18652	2.9651712986084647e-09
Disease	disease_11246	2.9631248577773886e-09
Disease	disease_21005	2.958810111778253e-09
Disease	disease_17992	2.9571971616070414e-09
Disease	disease_16332	2.9559836488625877e-09
Disease	disease_7051	2.955882985683762e-09
Disease	disease_10070	2.9536697317169784e-09
Disease	disease_24535	2.952537341608426e-09
Disease	disease_12272	2.951742160994575e-09
Disease	disease_18021	2.949259082355943e-09
Disease	disease_10589	2.9483889421278934e-09
Disease	disease_19265	2.94680209050088e-09
Disease	disease_15625	2.94680209050088e-09
Disease	disease_1560	2.946283901212176e-09
Disease	disease_10545	2.945972224662483e-09
Disease	disease_2510	2.9453313801770863e-09
Disease	disease_3413	2.9449282568889516e-09
Disease	disease_8165	2.9445023984067644e-09
Disease	disease_13259	2.941715100313292e-09
Disease	disease_18391	2.9353769284953345e-09
Disease	disease_18495	2.9340766896226756e-09
Disease	disease_4928	2.9338636434191706e-09
Disease	disease_24523	2.9332162412887914e-09
Disease	disease_16000	2.932948841902464e-09
Disease	disease_10462	2.932780780128456e-09
Disease	disease_10532	2.9327300110916814e-09
Disease	disease_20337	2.9325847732970176e-09
Disease	disease_4840	2.9325439494227623e-09
Disease	disease_32855	2.9288562487799233e-09
Disease	disease_16892	2.9282963031331583e-09
Disease	disease_19619	2.927639855518191e-09
Disease	disease_9271	2.927488918801379e-09
Disease	disease_5953	2.926907216554675e-09
Disease	disease_1165	2.926635939886759e-09
Disease	disease_30051	2.9256750884451887e-09
Disease	disease_20210	2.925545560502303e-09
Disease	disease_8954	2.9253836243553633e-09
Disease	disease_9138	2.924810011440291e-09
Disease	disease_7379	2.9247400080042657e-09
Disease	disease_10321	2.922580936368305e-09
Disease	disease_30035	2.9200135779167017e-09
Disease	disease_7251	2.919787116692922e-09
Disease	disease_56804	2.9193804288885624e-09
Disease	disease_3297	2.919142243854566e-09
Disease	disease_14956	2.9187376042815715e-09
Disease	disease_14557	2.91851625093046e-09
Disease	disease_10749	2.9183544451093357e-09
Disease	disease_14851	2.9183458255037425e-09
Disease	disease_9033	2.9171838164229204e-09
Disease	disease_32878	2.916882404606967e-09
Disease	disease_19374	2.9164420330601498e-09
Disease	disease_13527	2.915238438483456e-09
Disease	disease_32742	2.91488657272298e-09
Disease	disease_5959	2.9144137927380044e-09
Disease	disease_14785	2.9136263727492776e-09
Disease	disease_60629	2.9123306579957365e-09
Disease	disease_8412	2.9120473880770655e-09
Disease	disease_11119	2.909526762848997e-09
Disease	disease_8754	2.9076903372303997e-09
Disease	disease_54654	2.9039064001618443e-09
Disease	disease_1031	2.903805399859554e-09
Disease	disease_19700	2.9033493025083637e-09
Disease	disease_4575	2.9018847517900294e-09
Disease	disease_6919	2.9018847517900294e-09
Disease	disease_3280	2.9018847517900294e-09
Disease	disease_21499	2.9016129008253356e-09
Disease	disease_32799	2.9000101555574963e-09
Disease	disease_936	2.8999708178161214e-09
Disease	disease_9401	2.8998279961248086e-09
Disease	disease_18205	2.898795238498351e-09
Disease	disease_13664	2.8957291231053304e-09
Disease	disease_19548	2.895445195546595e-09
Disease	disease_12142	2.894992970548519e-09
Disease	disease_2763	2.894753688259134e-09
Disease	disease_2328	2.89194768973204e-09
Disease	disease_32782	2.8913454418890583e-09
Disease	disease_7168	2.8913203729053814e-09
Disease	disease_21289	2.890936132667868e-09
Disease	disease_4580	2.890772030346453e-09
Disease	disease_4549	2.8880123345242247e-09
Disease	disease_1255	2.8880123345242247e-09
Disease	disease_5865	2.8880123345242247e-09
Disease	disease_6922	2.8874665624122296e-09
Disease	disease_7267	2.886484670085874e-09
Disease	disease_10082	2.886403521147255e-09
Disease	disease_22471	2.885707282184536e-09
Disease	disease_16833	2.885573601707282e-09
Disease	disease_630	2.883700219879601e-09
Disease	disease_18291	2.8811030412710468e-09
Disease	disease_21196	2.8807149177454275e-09
Disease	disease_16480	2.8806498241003058e-09
Disease	disease_19420	2.8805542991508955e-09
Disease	disease_14603	2.880241042844738e-09
Disease	disease_12427	2.879460895257907e-09
Disease	disease_6401	2.8777202060790164e-09
Disease	disease_17847	2.87749584194025e-09
Disease	disease_8796	2.8761920177513232e-09
Disease	disease_4451	2.8751206212569292e-09
Disease	disease_44788	2.8751206212569292e-09
Disease	disease_16100	2.8742877135314486e-09
Disease	disease_18289	2.873792170214719e-09
Disease	disease_14601	2.873078689852009e-09
Disease	disease_3196	2.872960674201168e-09
Disease	disease_5630	2.8727218067811644e-09
Disease	disease_8924	2.8714858910842548e-09
Disease	disease_16616	2.8710669612742074e-09
Disease	disease_16615	2.8710669612742074e-09
Disease	disease_3574	2.8704047746527593e-09
Disease	disease_21296	2.8698696504285098e-09
Disease	disease_54677	2.8679430878044028e-09
Disease	disease_18724	2.8671831859354284e-09
Disease	disease_9959	2.86699095202101e-09
Disease	disease_9506	2.866702492695432e-09
Disease	disease_3307	2.865715312176792e-09
Disease	disease_20092	2.865175564669029e-09
Disease	disease_3630	2.8640712345487108e-09
Disease	disease_4597	2.8620156954107965e-09
Disease	disease_13971	2.8612279340980642e-09
Disease	disease_16657	2.8588565769157994e-09
Disease	disease_18971	2.8582846896473206e-09
Disease	disease_8841	2.85619682940462e-09
Disease	disease_1258	2.855592526119976e-09
Disease	disease_44329	2.8555413629728847e-09
Disease	disease_13289	2.8554559475360985e-09
Disease	disease_9063	2.8543187204803175e-09
Disease	disease_7227	2.8534954857842997e-09
Disease	disease_10968	2.8533807405646367e-09
Disease	disease_8871	2.8529471499545527e-09
Disease	disease_9099	2.852203403455812e-09
Disease	disease_9437	2.8510240506347714e-09
Disease	disease_7043	2.8503547916697052e-09
Disease	disease_60663	2.8485437554561492e-09
Disease	disease_18606	2.8482062538019075e-09
Disease	disease_2889	2.8466288830588193e-09
Disease	disease_18692	2.8447388061024756e-09
Disease	disease_15108	2.8446860250242153e-09
Disease	disease_16819	2.844562375785958e-09
Disease	disease_16083	2.8444976338820925e-09
Disease	disease_19571	2.84423719212503e-09
Disease	disease_3303	2.8441776976249565e-09
Disease	disease_13533	2.842736966093784e-09
Disease	disease_18558	2.8425110738668083e-09
Disease	disease_14320	2.841449529172373e-09
Disease	disease_13255	2.8407931123031468e-09
Disease	disease_18527	2.8405914259136285e-09
Disease	disease_18525	2.8405914259136285e-09
Disease	disease_16853	2.837674738248391e-09
Disease	disease_926	2.837632187156174e-09
Disease	disease_30047	2.83693209643292e-09
Disease	disease_16206	2.834687482359996e-09
Disease	disease_44098	2.83214410307426e-09
Disease	disease_44319	2.832101921480512e-09
Disease	disease_3275	2.8314803458603187e-09
Disease	disease_9694	2.8312130955896665e-09
Disease	disease_9035	2.8311603561084977e-09
Disease	disease_19256	2.8289832990764906e-09
Disease	disease_6484	2.828437600291349e-09
Disease	disease_21378	2.8281166682151847e-09
Disease	disease_107	2.8274257057065738e-09
Disease	disease_4328	2.8274032096937132e-09
Disease	disease_18017	2.826753600754074e-09
Disease	disease_15222	2.8262516275482456e-09
Disease	disease_20285	2.8258458241007947e-09
Disease	disease_4641	2.8250146224645605e-09
Disease	disease_2548	2.823408172395667e-09
Disease	disease_2559	2.823408172395667e-09
Disease	disease_13164	2.823020527011494e-09
Disease	disease_1815	2.8224032741625767e-09
Disease	disease_2085	2.8224032741625767e-09
Disease	disease_15600	2.8209170772754545e-09
Disease	disease_19325	2.8204186911491034e-09
Disease	disease_12347	2.8203132625165607e-09
Disease	disease_13056	2.819501663375144e-09
Disease	disease_100253	2.819116295014978e-09
Disease	disease_7747	2.8186203627996915e-09
Disease	disease_32760	2.8185454868777984e-09
Disease	disease_9608	2.8169470247133957e-09
Disease	disease_33201	2.8165571550316933e-09
Disease	disease_33838	2.815828403661974e-09
Disease	disease_14020	2.813561390136739e-09
Disease	disease_14196	2.81355013791927e-09
Disease	disease_9642	2.812845829388586e-09
Disease	disease_14593	2.812792493968825e-09
Disease	disease_15607	2.812514500340803e-09
Disease	disease_8467	2.812454084408369e-09
Disease	disease_9438	2.81199557276971e-09
Disease	disease_21489	2.8096581320865847e-09
Disease	disease_968	2.809151482223194e-09
Disease	disease_13277	2.8077042285961498e-09
Disease	disease_54691	2.806639987479638e-09
Disease	disease_7106	2.804601375171931e-09
Disease	disease_14473	2.8018874328213092e-09
Disease	disease_9772	2.801710084413945e-09
Disease	disease_9169	2.8011524167930042e-09
Disease	disease_17737	2.800762814027316e-09
Disease	disease_18121	2.800418600685679e-09
Disease	disease_921	2.7996504799023116e-09
Disease	disease_18120	2.7992240250134535e-09
Disease	disease_13123	2.7982405938384832e-09
Disease	disease_3572	2.797596801846753e-09
Disease	disease_44321	2.796972742808416e-09
Disease	disease_10455	2.796767076327367e-09
Disease	disease_715	2.7963513790542055e-09
Disease	disease_10638	2.7962330242538894e-09
Disease	disease_2329	2.7955426988994388e-09
Disease	disease_10375	2.795261837730045e-09
Disease	disease_2235	2.7943265413737126e-09
Disease	disease_44299	2.793347424117718e-09
Disease	disease_6067	2.792712338317317e-09
Disease	disease_14720	2.7915796553882924e-09
Disease	disease_21966	2.791525828425363e-09
Disease	disease_5551	2.791499674940541e-09
Disease	disease_32803	2.791379330521628e-09
Disease	disease_60641	2.7888751331436003e-09
Disease	disease_6863	2.7884703362135396e-09
Disease	disease_20661	2.7884703362135396e-09
Disease	disease_10208	2.7879863883895962e-09
Disease	disease_10485	2.787058352582202e-09
Disease	disease_307	2.785933917481592e-09
Disease	disease_4307	2.7849287946470585e-09
Disease	disease_3762	2.7842597969725826e-09
Disease	disease_100340	2.7840630337986384e-09
Disease	disease_22723	2.78349666975079e-09
Disease	disease_4824	2.7820445361555007e-09
Disease	disease_22636	2.7820445361555007e-09
Disease	disease_23415	2.7820445361555007e-09
Disease	disease_1984	2.7820445361555007e-09
Disease	disease_3392	2.781942168364691e-09
Disease	disease_7276	2.7812636739004705e-09
Disease	disease_18028	2.7809480683825884e-09
Disease	disease_6090	2.780118812246394e-09
Disease	disease_13802	2.780098174152237e-09
Disease	disease_1611	2.7796908969146116e-09
Disease	disease_23023	2.7796908969146116e-09
Disease	disease_20632	2.778487752687095e-09
Disease	disease_19498	2.7784235526278514e-09
Disease	disease_21143	2.7769916191148966e-09
Disease	disease_9846	2.7762573410609375e-09
Disease	disease_20242	2.776085773369128e-09
Disease	disease_10332	2.7760530551452788e-09
Disease	disease_13556	2.7757955914926647e-09
Disease	disease_60551	2.775401139212814e-09
Disease	disease_10780	2.773682293225864e-09
Disease	disease_30604	2.7734710916396354e-09
Disease	disease_3933	2.7733313301736665e-09
Disease	disease_2839	2.7730458833766384e-09
Disease	disease_7525	2.772638567244368e-09
Disease	disease_3548	2.7717403162518006e-09
Disease	disease_9585	2.7715756468121426e-09
Disease	disease_12387	2.770436542369303e-09
Disease	disease_14171	2.770228956448299e-09
Disease	disease_44725	2.7700715843143637e-09
Disease	disease_11531	2.76934786617883e-09
Disease	disease_8827	2.768632339040148e-09
Disease	disease_9850	2.767116602021501e-09
Disease	disease_20843	2.7669850208373317e-09
Disease	disease_6984	2.7654510429431776e-09
Disease	disease_14034	2.7641808800989594e-09
Disease	disease_16195	2.7640357344779825e-09
Disease	disease_13485	2.7629494618004197e-09
Disease	disease_10893	2.762935947973796e-09
Disease	disease_1379	2.762662271549749e-09
Disease	disease_24622	2.761056111620614e-09
Disease	disease_400002	2.760187738516193e-09
Disease	disease_12460	2.7599070393405583e-09
Disease	disease_8267	2.759131992820233e-09
Disease	disease_19664	2.758863782756031e-09
Disease	disease_2385	2.7580524426000066e-09
Disease	disease_18738	2.7580524426000066e-09
Disease	disease_10531	2.7579406254959203e-09
Disease	disease_13779	2.757916710982821e-09
Disease	disease_10754	2.7575213141346065e-09
Disease	disease_19738	2.7573984189368777e-09
Disease	disease_660	2.756466914460914e-09
Disease	disease_9135	2.7535598469399575e-09
Disease	disease_11093	2.752520935563417e-09
Disease	disease_32615	2.7523875489389625e-09
Disease	disease_17892	2.7521789730672366e-09
Disease	disease_19620	2.751981925729544e-09
Disease	disease_24559	2.751625753383541e-09
Disease	disease_2418	2.751534196892486e-09
Disease	disease_9915	2.751448338610974e-09
Disease	disease_1309	2.7508770499707937e-09
Disease	disease_222	2.7507125178912664e-09
Disease	disease_2759	2.7500588414431888e-09
Disease	disease_32656	2.7499199355247474e-09
Disease	disease_6713	2.7479075157246703e-09
Disease	disease_18445	2.747627989662326e-09
Disease	disease_11145	2.747463641495536e-09
Disease	disease_19192	2.7461448771490207e-09
Disease	disease_19813	2.7454279368412016e-09
Disease	disease_17202	2.7453078727099828e-09
Disease	disease_14211	2.743421646227988e-09
Disease	disease_3872	2.7433421237349257e-09
Disease	disease_19857	2.741978461393125e-09
Disease	disease_6465	2.740221566816162e-09
Disease	disease_20217	2.7401802157639614e-09
Disease	disease_2936	2.7397836701630293e-09
Disease	disease_10899	2.7384532470888516e-09
Disease	disease_9731	2.7384299426579987e-09
Disease	disease_14808	2.737730661306273e-09
Disease	disease_11154	2.737055529522949e-09
Disease	disease_12561	2.7368869756729564e-09
Disease	disease_11020	2.736797731266123e-09
Disease	disease_1211	2.73636151605641e-09
Disease	disease_14854	2.735796970311033e-09
Disease	disease_18560	2.7347991867299553e-09
Disease	disease_17875	2.734750970585928e-09
Disease	disease_17874	2.734750970585928e-09
Disease	disease_17876	2.734750970585928e-09
Disease	disease_9459	2.7347016128693704e-09
Disease	disease_3355	2.7344137914299157e-09
Disease	disease_3975	2.7337380431513067e-09
Disease	disease_21076	2.7330057663168297e-09
Disease	disease_4617	2.732331340840238e-09
Disease	disease_9246	2.731716700956694e-09
Disease	disease_4216	2.731460982395288e-09
Disease	disease_16001	2.7307400603573696e-09
Disease	disease_24563	2.7301913757739078e-09
Disease	disease_25457	2.7300533642935134e-09
Disease	disease_5983	2.729636528654353e-09
Disease	disease_12691	2.728387242372233e-09
Disease	disease_33368	2.7279970199494084e-09
Disease	disease_14152	2.725558158532665e-09
Disease	disease_10620	2.725324119285329e-09
Disease	disease_7712	2.7252010346086396e-09
Disease	disease_12375	2.722027946072436e-09
Disease	disease_12376	2.722027946072436e-09
Disease	disease_4905	2.7196104444210572e-09
Disease	disease_18567	2.7185960295416774e-09
Disease	disease_10873	2.7184134565998944e-09
Disease	disease_14907	2.7183359808933057e-09
Disease	disease_20628	2.7179128082192845e-09
Disease	disease_13643	2.7179015141577863e-09
Disease	disease_10816	2.716804233939075e-09
Disease	disease_10725	2.716605520210743e-09
Disease	disease_10574	2.716430090439493e-09
Disease	disease_8076	2.714533498947546e-09
Disease	disease_19778	2.7141864544233763e-09
Disease	disease_19418	2.7138752529435444e-09
Disease	disease_18444	2.7120705948316055e-09
Disease	disease_2478	2.712003935041533e-09
Disease	disease_10547	2.7114332351586e-09
Disease	disease_15483	2.710465060358572e-09
Disease	disease_14072	2.710124901981276e-09
Disease	disease_6126	2.7097434232622698e-09
Disease	disease_6435	2.7083213682012735e-09
Disease	disease_8254	2.7081536020258e-09
Disease	disease_9851	2.7077752135565626e-09
Disease	disease_12305	2.707550927546306e-09
Disease	disease_12304	2.707550927546306e-09
Disease	disease_17901	2.7070184982759914e-09
Disease	disease_19422	2.7062159812364957e-09
Disease	disease_16990	2.705726492450412e-09
Disease	disease_13979	2.704232046641665e-09
Disease	disease_13800	2.703621074504838e-09
Disease	disease_20740	2.7032245581212012e-09
Disease	disease_10858	2.701410384655101e-09
Disease	disease_18571	2.7009418629845735e-09
Disease	disease_14830	2.7006464879558147e-09
Disease	disease_10201	2.69590842591028e-09
Disease	disease_8306	2.6950831039247337e-09
Disease	disease_11503	2.6923468304389854e-09
Disease	disease_32829	2.6919184066170973e-09
Disease	disease_24626	2.690421223424137e-09
Disease	disease_10424	2.6879724605246343e-09
Disease	disease_100040	2.6878564391646693e-09
Disease	disease_13970	2.687605170859511e-09
Disease	disease_8137	2.687114495700238e-09
Disease	disease_14924	2.686345086554282e-09
Disease	disease_7757	2.6852945103705165e-09
Disease	disease_3743	2.6845806608462425e-09
Disease	disease_13394	2.683542803212832e-09
Disease	disease_9130	2.6835194439299788e-09
Disease	disease_5874	2.683442081030544e-09
Disease	disease_32815	2.683401730520299e-09
Disease	disease_8716	2.6827827883375543e-09
Disease	disease_2536	2.6817624776369604e-09
Disease	disease_2782	2.6816900838962622e-09
Disease	disease_18392	2.6799548108763873e-09
Disease	disease_15170	2.6795416296011137e-09
Disease	disease_3219	2.678633759107724e-09
Disease	disease_6382	2.678633759107724e-09
Disease	disease_6302	2.678633759107724e-09
Disease	disease_2822	2.678633759107724e-09
Disease	disease_6214	2.678633759107724e-09
Disease	disease_23076	2.6766153077290296e-09
Disease	disease_15601	2.6762567353224777e-09
Disease	disease_3479	2.6761833157246583e-09
Disease	disease_11510	2.6757337382825943e-09
Disease	disease_32698	2.6750331277344194e-09
Disease	disease_10988	2.6735305767035873e-09
Disease	disease_8547	2.6733531387769696e-09
Disease	disease_11110	2.6728692056527664e-09
Disease	disease_44345	2.6723710269498627e-09
Disease	disease_9253	2.6711787276621086e-09
Disease	disease_14712	2.6698999141842314e-09
Disease	disease_17052	2.668667076605148e-09
Disease	disease_11166	2.6667409280116576e-09
Disease	disease_9684	2.665928790088268e-09
Disease	disease_14212	2.66458701636119e-09
Disease	disease_18065	2.6633777120577622e-09
Disease	disease_10586	2.662897955155433e-09
Disease	disease_10668	2.662721277531304e-09
Disease	disease_16346	2.6619607949348046e-09
Disease	disease_10907	2.6617382768375964e-09
Disease	disease_14119	2.6614850177606784e-09
Disease	disease_32681	2.6613941731943625e-09
Disease	disease_15675	2.660567972323005e-09
Disease	disease_15084	2.660140886550865e-09
Disease	disease_10123	2.6597116111994475e-09
Disease	disease_32830	2.6595362622761955e-09
Disease	disease_33204	2.6592368789587605e-09
Disease	disease_13393	2.658847103490705e-09
Disease	disease_4900	2.6583187040133202e-09
Disease	disease_14925	2.658027069082611e-09
Disease	disease_19078	2.6577277558967342e-09
Disease	disease_12238	2.6564884269316004e-09
Disease	disease_18233	2.6563387183116475e-09
Disease	disease_10342	2.6556926626417024e-09
Disease	disease_11223	2.65460779062664e-09
Disease	disease_34846	2.6542820578247984e-09
Disease	disease_16208	2.6542820578247984e-09
Disease	disease_1284	2.6542820578247984e-09
Disease	disease_6868	2.6542820578247984e-09
Disease	disease_6912	2.6542820578247984e-09
Disease	disease_1671	2.6542820578247984e-09
Disease	disease_17418	2.6542820578247984e-09
Disease	disease_18766	2.6542820578247984e-09
Disease	disease_4880	2.6542820578247984e-09
Disease	disease_15239	2.6528512497012534e-09
Disease	disease_10977	2.6524142518725025e-09
Disease	disease_6028	2.6521121949105915e-09
Disease	disease_24392	2.6515720030120827e-09
Disease	disease_14297	2.6514467778924705e-09
Disease	disease_14853	2.6514428508978712e-09
Disease	disease_32908	2.6510620667392e-09
Disease	disease_12360	2.650960973013697e-09
Disease	disease_6264	2.650932961410945e-09
Disease	disease_29144	2.6503957601605008e-09
Disease	disease_14628	2.64904528961814e-09
Disease	disease_60707	2.647817633428729e-09
Disease	disease_12582	2.6477836545844774e-09
Disease	disease_14917	2.647352615139656e-09
Disease	disease_24572	2.6467693869555757e-09
Disease	disease_4008	2.646399360763475e-09
Disease	disease_10074	2.6462176332882005e-09
Disease	disease_1898	2.6455546981744307e-09
Disease	disease_7422	2.645102627600519e-09
Disease	disease_5774	2.6433325792863583e-09
Disease	disease_9398	2.643303428974931e-09
Disease	disease_16034	2.6428079721042806e-09
Disease	disease_10658	2.641994328447323e-09
Disease	disease_8928	2.6417650213398248e-09
Disease	disease_30908	2.6415567344121324e-09
Disease	disease_16405	2.641021978636061e-09
Disease	disease_11456	2.638080650427194e-09
Disease	disease_11063	2.6367864847905028e-09
Disease	disease_11965	2.6366812467446018e-09
Disease	disease_12054	2.6362111633358384e-09
Disease	disease_3525	2.6359675120476536e-09
Disease	disease_11011	2.635945688845385e-09
Disease	disease_8087	2.6354945155379643e-09
Disease	disease_10896	2.6346169803003695e-09
Disease	disease_10330	2.634201038835877e-09
Disease	disease_14846	2.6340478753573856e-09
Disease	disease_2604	2.6325793446191544e-09
Disease	disease_19326	2.6306524467114936e-09
Disease	disease_11718	2.6303988104078354e-09
Disease	disease_18442	2.629771671081209e-09
Disease	disease_9134	2.629615492708746e-09
Disease	disease_54817	2.628684299739582e-09
Disease	disease_12450	2.628123868311622e-09
Disease	disease_4067	2.6270944913178925e-09
Disease	disease_14084	2.627062651804187e-09
Disease	disease_17173	2.627049457516161e-09
Disease	disease_4091	2.6269909981793798e-09
Disease	disease_12830	2.62470778562349e-09
Disease	disease_18349	2.6243724840698308e-09
Disease	disease_24351	2.6239904826225197e-09
Disease	disease_4812	2.623823347629989e-09
Disease	disease_20148	2.6228274724305923e-09
Disease	disease_8460	2.621960040999325e-09
Disease	disease_14514	2.620644605196396e-09
Disease	disease_60549	2.6205575174222765e-09
Disease	disease_19661	2.6191471324670945e-09
Disease	disease_1776	2.6168421500223675e-09
Disease	disease_54865	2.6158656354842353e-09
Disease	disease_15198	2.615503015229686e-09
Disease	disease_60752	2.6152908493595697e-09
Disease	disease_3822	2.614862787311524e-09
Disease	disease_14262	2.6145859857061583e-09
Disease	disease_14143	2.6134605562809755e-09
Disease	disease_4475	2.6126114179497686e-09
Disease	disease_4297	2.6126114179497686e-09
Disease	disease_5896	2.611579648349318e-09
Disease	disease_14295	2.61146056912269e-09
Disease	disease_14470	2.610889459640256e-09
Disease	disease_13288	2.6107472809484434e-09
Disease	disease_20376	2.609815851167443e-09
Disease	disease_4534	2.6087077927266897e-09
Disease	disease_4181	2.6087077927266897e-09
Disease	disease_16162	2.6086116603298793e-09
Disease	disease_1218	2.6085061211378058e-09
Disease	disease_3788	2.608051974857805e-09
Disease	disease_33258	2.6048747951695053e-09
Disease	disease_44302	2.6040786253977762e-09
Disease	disease_12187	2.6034701339448515e-09
Disease	disease_12651	2.6017990899021033e-09
Disease	disease_20860	2.600870359268983e-09
Disease	disease_7760	2.599917712153829e-09
Disease	disease_7048	2.5994849892177257e-09
Disease	disease_6320	2.598649876043998e-09
Disease	disease_1760	2.598336845443224e-09
Disease	disease_19853	2.5976269037201014e-09
Disease	disease_13509	2.596089081236924e-09
Disease	disease_9743	2.5930162793329713e-09
Disease	disease_22880	2.592558689473608e-09
Disease	disease_12495	2.5909914788231424e-09
Disease	disease_19932	2.590106935075297e-09
Disease	disease_534	2.5899087859008076e-09
Disease	disease_13660	2.588308512596551e-09
Disease	disease_17195	2.5882418958003887e-09
Disease	disease_32930	2.587729602680629e-09
Disease	disease_15350	2.5870164315996247e-09
Disease	disease_10962	2.5869862534274134e-09
Disease	disease_7270	2.586970926860528e-09
Disease	disease_43166	2.586675535292298e-09
Disease	disease_14803	2.5863318377322836e-09
Disease	disease_2640	2.5861018523725903e-09
Disease	disease_12772	2.585390282719357e-09
Disease	disease_13092	2.5853077886348152e-09
Disease	disease_698	2.5846438925324073e-09
Disease	disease_12269	2.5840118948336444e-09
Disease	disease_44871	2.584001291935425e-09
Disease	disease_9036	2.5836386861967705e-09
Disease	disease_13391	2.5830203357060396e-09
Disease	disease_14856	2.5820207006440564e-09
Disease	disease_6195	2.5814865873722712e-09
Disease	disease_18395	2.5792505907396365e-09
Disease	disease_12786	2.5787122924186262e-09
Disease	disease_13836	2.578171075148397e-09
Disease	disease_32736	2.57689644449285e-09
Disease	disease_17051	2.5768867264986966e-09
Disease	disease_17053	2.5768867264986966e-09
Disease	disease_17054	2.5768867264986966e-09
Disease	disease_3412	2.5766862465814538e-09
Disease	disease_15177	2.576158458796687e-09
Disease	disease_12380	2.575936240309489e-09
Disease	disease_14567	2.5755322038641295e-09
Disease	disease_9349	2.5754058889852264e-09
Disease	disease_20586	2.57389632302398e-09
Disease	disease_15487	2.5734782598500084e-09
Disease	disease_18605	2.5726718750242647e-09
Disease	disease_21437	2.572424690017624e-09
Disease	disease_20157	2.5721987750368533e-09
Disease	disease_1427	2.5721930282769597e-09
Disease	disease_1469	2.5721930282769597e-09
Disease	disease_2569	2.5721930282769597e-09
Disease	disease_2976	2.5721930282769597e-09
Disease	disease_1428	2.5721930282769597e-09
Disease	disease_10957	2.5715000786057267e-09
Disease	disease_7892	2.5711592463958717e-09
Disease	disease_18662	2.570896746657678e-09
Disease	disease_100124	2.5700732591332905e-09
Disease	disease_11615	2.56963679532086e-09
Disease	disease_18633	2.5685029455639454e-09
Disease	disease_11323	2.5671693686798477e-09
Disease	disease_517	2.567090370766818e-09
Disease	disease_32917	2.5666218409013253e-09
Disease	disease_10878	2.565522232107269e-09
Disease	disease_13248	2.5642793330308016e-09
Disease	disease_20775	2.5637036574658047e-09
Disease	disease_13932	2.5636406020150767e-09
Disease	disease_9597	2.5635699982067763e-09
Disease	disease_3478	2.5631138512428557e-09
Disease	disease_9326	2.563011056930892e-09
Disease	disease_625	2.5629674580764007e-09
Disease	disease_33668	2.562159588761129e-09
Disease	disease_6469	2.5615807902371557e-09
Disease	disease_22529	2.561225546194486e-09
Disease	disease_60624	2.55957324547156e-09
Disease	disease_11107	2.5589344277350914e-09
Disease	disease_60622	2.55694285828857e-09
Disease	disease_18199	2.5555553083533103e-09
Disease	disease_19769	2.5552745435880154e-09
Disease	disease_13094	2.5534949958962407e-09
Disease	disease_13095	2.5534949958962407e-09
Disease	disease_13096	2.5534949958962407e-09
Disease	disease_11800	2.5534949958962407e-09
Disease	disease_13097	2.5534949958962407e-09
Disease	disease_15320	2.552944083622827e-09
Disease	disease_7429	2.552235286125844e-09
Disease	disease_11937	2.5510010341971147e-09
Disease	disease_32883	2.5500088193456882e-09
Disease	disease_10036	2.549840991502436e-09
Disease	disease_32907	2.5488596236181846e-09
Disease	disease_9771	2.5484037520698544e-09
Disease	disease_40500	2.548137081579145e-09
Disease	disease_18829	2.5480595683631935e-09
Disease	disease_20145	2.5474016451456904e-09
Disease	disease_10744	2.5466695780480407e-09
Disease	disease_12927	2.5464434211795104e-09
Disease	disease_7399	2.545552395697881e-09
Disease	disease_43287	2.543897527657387e-09
Disease	disease_19766	2.543436890520158e-09
Disease	disease_13623	2.5420233466673254e-09
Disease	disease_19978	2.5418539408171296e-09
Disease	disease_16910	2.5413554924371193e-09
Disease	disease_16396	2.541070071515188e-09
Disease	disease_12429	2.5409169686348826e-09
Disease	disease_1710	2.540832022927787e-09
Disease	disease_12787	2.539462399950045e-09
Disease	disease_7118	2.5393053787893985e-09
Disease	disease_19430	2.5382770493814165e-09
Disease	disease_17121	2.5376569677181967e-09
Disease	disease_54844	2.5375461211955683e-09
Disease	disease_21629	2.5374131236176654e-09
Disease	disease_60724	2.5365261780090243e-09
Disease	disease_8456	2.5359780056543336e-09
Disease	disease_6170	2.5343590111495675e-09
Disease	disease_11160	2.533157625569296e-09
Disease	disease_10486	2.532366833872128e-09
Disease	disease_13921	2.532113548335581e-09
Disease	disease_60640	2.5318812437038446e-09
Disease	disease_3714	2.5309053593680517e-09
Disease	disease_8718	2.5290975113610684e-09
Disease	disease_13210	2.5270199467538833e-09
Disease	disease_7059	2.5256041461728253e-09
Disease	disease_32850	2.5245721666226146e-09
Disease	disease_9450	2.5237895580249604e-09
Disease	disease_7188	2.523595174731805e-09
Disease	disease_13978	2.523527146429352e-09
Disease	disease_11106	2.522587962932331e-09
Disease	disease_15829	2.5220894952949394e-09
Disease	disease_4207	2.5216580872287747e-09
Disease	disease_3141	2.521249380980478e-09
Disease	disease_10918	2.5206371755363435e-09
Disease	disease_21049	2.5198320467109973e-09
Disease	disease_6788	2.5196735957892534e-09
Disease	disease_33533	2.5192537501603456e-09
Disease	disease_13668	2.5192218012957764e-09
Disease	disease_11533	2.518727233628817e-09
Disease	disease_1871	2.518669849647707e-09
Disease	disease_1644	2.518669849647707e-09
Disease	disease_24275	2.5185393355213855e-09
Disease	disease_12095	2.518367378343203e-09
Disease	disease_14987	2.5181493152359615e-09
Disease	disease_8084	2.518100954163341e-09
Disease	disease_10336	2.517000340155705e-09
Disease	disease_8226	2.516872199209106e-09
Disease	disease_4741	2.5164278434180836e-09
Disease	disease_9882	2.51558328643401e-09
Disease	disease_7861	2.5147254129485164e-09
Disease	disease_22919	2.5145886190877957e-09
Disease	disease_16363	2.5145458631164442e-09
Disease	disease_25494	2.5139379530936963e-09
Disease	disease_499	2.5139334296783095e-09
Disease	disease_16851	2.513164512594017e-09
Disease	disease_32838	2.512178067232047e-09
Disease	disease_10565	2.5120304094623657e-09
Disease	disease_32813	2.51179191959239e-09
Disease	disease_21826	2.511585938095733e-09
Disease	disease_12212	2.5101215826363342e-09
Disease	disease_1129	2.5091123670965496e-09
Disease	disease_15018	2.5073968076200425e-09
Disease	disease_8227	2.5066784861758046e-09
Disease	disease_18112	2.506433861527042e-09
Disease	disease_21297	2.5054371855606495e-09
Disease	disease_32688	2.505143746239975e-09
Disease	disease_15391	2.504984020683405e-09
Disease	disease_17603	2.5026804442995866e-09
Disease	disease_21879	2.5026804442995866e-09
Disease	disease_17965	2.502561897122053e-09
Disease	disease_20830	2.501324875247902e-09
Disease	disease_10475	2.499959796303677e-09
Disease	disease_14444	2.499124102400131e-09
Disease	disease_14335	2.498418583802133e-09
Disease	disease_54764	2.497221007374532e-09
Disease	disease_10728	2.4964484549486518e-09
Disease	disease_7482	2.496140308131201e-09
Disease	disease_9999	2.4961104554362667e-09
Disease	disease_118	2.4955355036294196e-09
Disease	disease_10441	2.4949460055822783e-09
Disease	disease_2738	2.4947028278106312e-09
Disease	disease_11019	2.4945971423955243e-09
Disease	disease_21577	2.49359991756736e-09
Disease	disease_12297	2.492820246019887e-09
Disease	disease_24565	2.49246338353134e-09
Disease	disease_100052	2.491932117232657e-09
Disease	disease_7012	2.4909118237448446e-09
Disease	disease_13214	2.4903900731920567e-09
Disease	disease_14863	2.4900678798174875e-09
Disease	disease_8367	2.48936600285929e-09
Disease	disease_7401	2.489166533957004e-09
Disease	disease_21052	2.488217522251548e-09
Disease	disease_16010	2.487782622962368e-09
Disease	disease_33646	2.4874556391793876e-09
Disease	disease_14801	2.487453555316126e-09
Disease	disease_2287	2.4867176183536393e-09
Disease	disease_6583	2.4849431202011523e-09
Disease	disease_8365	2.4844353968933325e-09
Disease	disease_9977	2.484350746966388e-09
Disease	disease_9618	2.4834638641336542e-09
Disease	disease_2652	2.4832632600748723e-09
Disease	disease_16070	2.4812200388988774e-09
Disease	disease_8697	2.478493331709858e-09
Disease	disease_19264	2.478118100847756e-09
Disease	disease_5676	2.4778551996801455e-09
Disease	disease_17836	2.4770752501136406e-09
Disease	disease_13470	2.4756278726198037e-09
Disease	disease_7325	2.475253920163363e-09
Disease	disease_10378	2.4739320809652417e-09
Disease	disease_7297	2.4729617413259912e-09
Disease	disease_9610	2.4727529155294874e-09
Disease	disease_18247	2.4710259736080224e-09
Disease	disease_20767	2.4709230307201716e-09
Disease	disease_13787	2.470646054355837e-09
Disease	disease_15041	2.4688308248904766e-09
Disease	disease_15040	2.4688308248904766e-09
Disease	disease_15961	2.4653761569551385e-09
Disease	disease_32659	2.465146876801946e-09
Disease	disease_12690	2.4650263084130697e-09
Disease	disease_23601	2.4648407493327347e-09
Disease	disease_19660	2.4638783435261887e-09
Disease	disease_15745	2.4606827264069265e-09
Disease	disease_32816	2.4593592351433906e-09
Disease	disease_30025	2.459224289472867e-09
Disease	disease_18822	2.4579885277752617e-09
Disease	disease_8132	2.456675383682577e-09
Disease	disease_33618	2.456373326596939e-09
Disease	disease_14723	2.4562006352671904e-09
Disease	disease_355	2.4556115521585423e-09
Disease	disease_455	2.455385276879424e-09
Disease	disease_13717	2.45525376030903e-09
Disease	disease_9188	2.45505869269882e-09
Disease	disease_10072	2.4550056303589595e-09
Disease	disease_32900	2.454874406776833e-09
Disease	disease_12725	2.454467073588997e-09
Disease	disease_4414	2.4527832851251424e-09
Disease	disease_12670	2.4507363854148717e-09
Disease	disease_30909	2.4504362692925424e-09
Disease	disease_13866	2.450435581873852e-09
Disease	disease_1064	2.450205270012424e-09
Disease	disease_8203	2.449447645891187e-09
Disease	disease_13820	2.448038686107834e-09
Disease	disease_7047	2.4476423925422893e-09
Disease	disease_21029	2.4474129331372284e-09
Disease	disease_13680	2.4463895756426885e-09
Disease	disease_485	2.446341955635159e-09
Disease	disease_10178	2.4460289393361006e-09
Disease	disease_14919	2.4457382972888594e-09
Disease	disease_32646	2.4454906662865673e-09
Disease	disease_9820	2.445238267245407e-09
Disease	disease_344	2.4449117463452883e-09
Disease	disease_342	2.4449117463452883e-09
Disease	disease_7424	2.444213954522582e-09
Disease	disease_11558	2.4440381248954175e-09
Disease	disease_6278	2.443275718606135e-09
Disease	disease_12082	2.4428302311678412e-09
Disease	disease_10967	2.4427463475514177e-09
Disease	disease_100032	2.44206230894418e-09
Disease	disease_13197	2.4418476268300125e-09
Disease	disease_13410	2.441371559616504e-09
Disease	disease_10268	2.441048146897971e-09
Disease	disease_14248	2.4403337089528052e-09
Disease	disease_12525	2.4397282580570085e-09
Disease	disease_9154	2.4391377420063975e-09
Disease	disease_13412	2.4379712975077214e-09
Disease	disease_19508	2.4376774496990413e-09
Disease	disease_19912	2.437490226467693e-09
Disease	disease_32765	2.4370392853645097e-09
Disease	disease_13803	2.4368578670922443e-09
Disease	disease_9219	2.4342961649005567e-09
Disease	disease_14858	2.434035384129345e-09
Disease	disease_7200	2.430928837782545e-09
Disease	disease_6720	2.4307543149205915e-09
Disease	disease_14328	2.4301695575475607e-09
Disease	disease_303	2.4300426479683162e-09
Disease	disease_15090	2.4294199228351877e-09
Disease	disease_16765	2.429110456360349e-09
Disease	disease_5196	2.428902101649097e-09
Disease	disease_17040	2.4286449580378186e-09
Disease	disease_13569	2.427253493876504e-09
Disease	disease_257	2.4271761430034834e-09
Disease	disease_7334	2.4248389789517894e-09
Disease	disease_12757	2.4245597632713996e-09
Disease	disease_18491	2.4240373197677698e-09
Disease	disease_20558	2.4237747401350747e-09
Disease	disease_14676	2.4229683246289593e-09
Disease	disease_7588	2.4224986505005243e-09
Disease	disease_9228	2.4224485465151774e-09
Disease	disease_4892	2.4224365770109703e-09
Disease	disease_10333	2.4223279847931944e-09
Disease	disease_4255	2.4222974135441228e-09
Disease	disease_282	2.422207794028599e-09
Disease	disease_100310	2.421260756553731e-09
Disease	disease_11332	2.4208980952821965e-09
Disease	disease_14203	2.420878373142287e-09
Disease	disease_9448	2.42059702118129e-09
Disease	disease_32824	2.4204040240185035e-09
Disease	disease_33043	2.420200033625179e-09
Disease	disease_18705	2.420169212913713e-09
Disease	disease_7127	2.4191854069564032e-09
Disease	disease_12903	2.4182957699059163e-09
Disease	disease_8155	2.4178791245069214e-09
Disease	disease_11904	2.4175918715451428e-09
Disease	disease_30905	2.4173179899096988e-09
Disease	disease_32740	2.4173179899096988e-09
Disease	disease_32732	2.4173179899096988e-09
Disease	disease_32776	2.4173179899096988e-09
Disease	disease_13342	2.41627763744286e-09
Disease	disease_16469	2.4150966598532893e-09
Disease	disease_17033	2.414993963191782e-09
Disease	disease_14895	2.414988215292443e-09
Disease	disease_14484	2.414294902355472e-09
Disease	disease_16538	2.4133138036551157e-09
Disease	disease_33613	2.413031864900978e-09
Disease	disease_13298	2.4129426384432208e-09
Disease	disease_13488	2.412781868159246e-09
Disease	disease_32752	2.412555278564351e-09
Disease	disease_7884	2.4122735449711243e-09
Disease	disease_8986	2.4120295916873314e-09
Disease	disease_14533	2.4118566500906236e-09
Disease	disease_11263	2.411165943628512e-09
Disease	disease_7266	2.410634481271151e-09
Disease	disease_10169	2.4106205520782572e-09
Disease	disease_3930	2.4105257882615873e-09
Disease	disease_9239	2.4099092766997604e-09
Disease	disease_9425	2.409872339094812e-09
Disease	disease_13773	2.4098576638107137e-09
Disease	disease_13780	2.409108981750062e-09
Disease	disease_11059	2.4082414157397126e-09
Disease	disease_21093	2.408054645194971e-09
Disease	disease_4659	2.4079643727979015e-09
Disease	disease_12731	2.4072679178324426e-09
Disease	disease_6650	2.4068929414345235e-09
Disease	disease_11547	2.4065075208146194e-09
Disease	disease_7631	2.4062629963244457e-09
Disease	disease_1949	2.405331659829435e-09
Disease	disease_20680	2.405331659829435e-09
Disease	disease_5174	2.405331659829435e-09
Disease	disease_14995	2.404467783908935e-09
Disease	disease_11435	2.4039761719353953e-09
Disease	disease_19380	2.403951368273774e-09
Disease	disease_11541	2.403869967573993e-09
Disease	disease_23171	2.4035144072080228e-09
Disease	disease_19421	2.4028961999364627e-09
Disease	disease_19427	2.4020441230344793e-09
Disease	disease_43543	2.400075207739678e-09
Disease	disease_17928	2.3989918690236184e-09
Disease	disease_9021	2.398888477185926e-09
Disease	disease_19485	2.398451688401739e-09
Disease	disease_6656	2.3975367818601382e-09
Disease	disease_10474	2.3973230123925803e-09
Disease	disease_60592	2.3970576943628635e-09
Disease	disease_14650	2.3969357682550056e-09
Disease	disease_17922	2.3962340951936424e-09
Disease	disease_23419	2.395636478942353e-09
Disease	disease_13476	2.3943175919195767e-09
Disease	disease_3405	2.393558583401793e-09
Disease	disease_11755	2.393396438601045e-09
Disease	disease_18277	2.3914916093215737e-09
Disease	disease_12792	2.390944449829979e-09
Disease	disease_535	2.3904415606250936e-09
Disease	disease_9096	2.390319241102058e-09
Disease	disease_10633	2.3900885122099707e-09
Disease	disease_8258	2.389986926143502e-09
Disease	disease_14714	2.389163469737532e-09
Disease	disease_9300	2.3884962153615432e-09
Disease	disease_19425	2.3883004549320084e-09
Disease	disease_11988	2.388226585723964e-09
Disease	disease_8741	2.3860865020263296e-09
Disease	disease_8778	2.3854301158327483e-09
Disease	disease_26771	2.384379561877889e-09
Disease	disease_3395	2.3843765589654563e-09
Disease	disease_13025	2.384133619895968e-09
Disease	disease_7769	2.3840887454727766e-09
Disease	disease_18758	2.3836520858398983e-09
Disease	disease_14963	2.3833254707231976e-09
Disease	disease_54696	2.3826679657813618e-09
Disease	disease_14413	2.382077473188674e-09
Disease	disease_18144	2.381828141991411e-09
Disease	disease_17794	2.380710591859057e-09
Disease	disease_12828	2.3806086194300686e-09
Disease	disease_21746	2.380303912025639e-09
Disease	disease_9941	2.379024987399099e-09
Disease	disease_840	2.379024867763113e-09
Disease	disease_14908	2.3789674937550582e-09
Disease	disease_8693	2.3787315006237266e-09
Disease	disease_17398	2.3780745821121767e-09
Disease	disease_32566	2.3761654900169204e-09
Disease	disease_2073	2.375947794549114e-09
Disease	disease_20064	2.3756837530593392e-09
Disease	disease_12029	2.3746444448471563e-09
Disease	disease_21535	2.3745034300056995e-09
Disease	disease_20338	2.374205435025647e-09
Disease	disease_9072	2.374185743269041e-09
Disease	disease_6580	2.3738053321882767e-09
Disease	disease_30013	2.3737252494579225e-09
Disease	disease_20167	2.3730922094107817e-09
Disease	disease_7880	2.372554255461681e-09
Disease	disease_11963	2.3723064581301032e-09
Disease	disease_7636	2.372089449346926e-09
Disease	disease_19856	2.3709529926957525e-09
Disease	disease_10286	2.3704839227213088e-09
Disease	disease_17917	2.370270344089902e-09
Disease	disease_127	2.370156815925341e-09
Disease	disease_5806	2.369704344449905e-09
Disease	disease_6785	2.3696327515908485e-09
Disease	disease_9045	2.368885033825058e-09
Disease	disease_6075	2.3671374775104338e-09
Disease	disease_7846	2.3670455927541376e-09
Disease	disease_24550	2.3668088417318612e-09
Disease	disease_4510	2.3664718762149267e-09
Disease	disease_14205	2.366290251486136e-09
Disease	disease_18446	2.3662324737479116e-09
Disease	disease_30065	2.364185136470243e-09
Disease	disease_7397	2.363456522646529e-09
Disease	disease_18330	2.3634498333001487e-09
Disease	disease_13821	2.3631319670985327e-09
Disease	disease_8736	2.362768649927832e-09
Disease	disease_14270	2.362145177092043e-09
Disease	disease_14614	2.3619223296937615e-09
Disease	disease_15704	2.3616134447769404e-09
Disease	disease_12252	2.3612309482666513e-09
Disease	disease_16147	2.360854782287525e-09
Disease	disease_12020	2.3608463900939996e-09
Disease	disease_4052	2.3605083715650056e-09
Disease	disease_8655	2.360139073407202e-09
Disease	disease_12900	2.359597560696538e-09
Disease	disease_10067	2.3594561522994095e-09
Disease	disease_9031	2.3584479486017968e-09
Disease	disease_10408	2.358385518870099e-09
Disease	disease_18192	2.3583652563817147e-09
Disease	disease_12449	2.3573209955099604e-09
Disease	disease_7766	2.356855525992621e-09
Disease	disease_15801	2.356271337407098e-09
Disease	disease_33548	2.356021737861534e-09
Disease	disease_12621	2.3556714161000267e-09
Disease	disease_13132	2.353608995542972e-09
Disease	disease_11391	2.353442738691014e-09
Disease	disease_1558	2.3533157002297405e-09
Disease	disease_16965	2.3530801775445055e-09
Disease	disease_16008	2.352580817292621e-09
Disease	disease_30928	2.351898192946576e-09
Disease	disease_12629	2.3517576894724242e-09
Disease	disease_32572	2.3509167472239527e-09
Disease	disease_13949	2.350792696648141e-09
Disease	disease_12060	2.3500706543386005e-09
Disease	disease_60783	2.349561087118916e-09
Disease	disease_16592	2.3494773084334124e-09
Disease	disease_11431	2.348880332748529e-09
Disease	disease_7564	2.3487477338136312e-09
Disease	disease_60582	2.347191443417715e-09
Disease	disease_9137	2.3459469694425097e-09
Disease	disease_18134	2.3450893381324232e-09
Disease	disease_561	2.3450425161486434e-09
Disease	disease_345	2.3437874812960834e-09
Disease	disease_16210	2.340756493718855e-09
Disease	disease_16746	2.340144803024156e-09
Disease	disease_21134	2.340030214370139e-09
Disease	disease_11175	2.339590045918497e-09
Disease	disease_44906	2.338939657746431e-09
Disease	disease_3256	2.3388514642546406e-09
Disease	disease_3764	2.338634174933346e-09
Disease	disease_22020	2.3378973647996595e-09
Disease	disease_14000	2.3367224144266173e-09
Disease	disease_17986	2.336338448777799e-09
Disease	disease_12079	2.336240755472701e-09
Disease	disease_19428	2.336060577247104e-09
Disease	disease_10192	2.336012419004228e-09
Disease	disease_736	2.3358721553150593e-09
Disease	disease_10364	2.3350916212120266e-09
Disease	disease_60562	2.334053743219366e-09
Disease	disease_31169	2.32723670174506e-09
Disease	disease_19219	2.3269598666239695e-09
Disease	disease_14665	2.326918287351819e-09
Disease	disease_16870	2.3263520777374564e-09
Disease	disease_9872	2.3263394451026853e-09
Disease	disease_11818	2.3248773228202727e-09
Disease	disease_30912	2.323714918626861e-09
Disease	disease_9132	2.323281373068905e-09
Disease	disease_8905	2.3209571532242426e-09
Disease	disease_14752	2.320470412291713e-09
Disease	disease_12106	2.3202643349460976e-09
Disease	disease_11834	2.319559844015796e-09
Disease	disease_33373	2.3192455032859415e-09
Disease	disease_13811	2.3191090466221587e-09
Disease	disease_20959	2.3187299216584313e-09
Disease	disease_21627	2.31704367147394e-09
Disease	disease_16286	2.316590646420925e-09
Disease	disease_13402	2.3133149755294726e-09
Disease	disease_18189	2.3132957735740587e-09
Disease	disease_8595	2.313225052738015e-09
Disease	disease_9894	2.312363115558834e-09
Disease	disease_10270	2.3122732195215825e-09
Disease	disease_4832	2.311237244688343e-09
Disease	disease_13691	2.3111346605339957e-09
Disease	disease_14790	2.3101021130111606e-09
Disease	disease_14811	2.309978060569958e-09
Disease	disease_11772	2.3094416141125672e-09
Disease	disease_10527	2.3090634063789494e-09
Disease	disease_33662	2.3088548582674442e-09
Disease	disease_43297	2.3085580829933754e-09
Disease	disease_19969	2.308012362353943e-09
Disease	disease_12397	2.307648634909903e-09
Disease	disease_13320	2.306873982176115e-09
Disease	disease_10992	2.3061970578415804e-09
Disease	disease_33482	2.306056516256734e-09
Disease	disease_3470	2.3048028987242003e-09
Disease	disease_3474	2.3048028987242003e-09
Disease	disease_20730	2.304712468295401e-09
Disease	disease_3784	2.3037301850846964e-09
Disease	disease_9408	2.30304663478313e-09
Disease	disease_19378	2.302827103224571e-09
Disease	disease_11132	2.301796951055036e-09
Disease	disease_7150	2.3017967444239e-09
Disease	disease_2550	2.3002539241494207e-09
Disease	disease_13900	2.3002246258823266e-09
Disease	disease_14699	2.2974883965682067e-09
Disease	disease_13952	2.2960043321747997e-09
Disease	disease_11833	2.2957445897648575e-09
Disease	disease_3379	2.2932245728649094e-09
Disease	disease_1488	2.291546377154387e-09
Disease	disease_10534	2.2889053356959833e-09
Disease	disease_60577	2.2884063407023663e-09
Disease	disease_8378	2.2880687490184666e-09
Disease	disease_15324	2.2868962915172335e-09
Disease	disease_10126	2.286776293824054e-09
Disease	disease_30038	2.286385966273164e-09
Disease	disease_8883	2.2853191728672284e-09
Disease	disease_43009	2.2847912708390118e-09
Disease	disease_33281	2.284763031291123e-09
Disease	disease_5986	2.2839037392354238e-09
Disease	disease_11101	2.283849532147643e-09
Disease	disease_19272	2.282926037982451e-09
Disease	disease_19634	2.2829068501587134e-09
Disease	disease_7693	2.282115183741061e-09
Disease	disease_14037	2.2811408832376627e-09
Disease	disease_32714	2.2807914227677187e-09
Disease	disease_11313	2.280774557926815e-09
Disease	disease_16528	2.279860105672241e-09
Disease	disease_6759	2.278642439307026e-09
Disease	disease_32777	2.2781241687474676e-09
Disease	disease_539	2.277263244968073e-09
Disease	disease_481	2.27684319710987e-09
Disease	disease_483	2.27684319710987e-09
Disease	disease_13530	2.2760427664520156e-09
Disease	disease_12678	2.2754080715542984e-09
Disease	disease_3777	2.2753357231186004e-09
Disease	disease_12967	2.2752095678372395e-09
Disease	disease_32568	2.2740355292084265e-09
Disease	disease_170	2.2738485321101707e-09
Disease	disease_16710	2.273848000105956e-09
Disease	disease_13558	2.2734165370723167e-09
Disease	disease_10190	2.2728061328747993e-09
Disease	disease_11136	2.2723042893672767e-09
Disease	disease_3522	2.2710965894654557e-09
Disease	disease_4258	2.2710965894654557e-09
Disease	disease_19507	2.2707200453693873e-09
Disease	disease_19482	2.2702069525909675e-09
Disease	disease_3159	2.2700136230999786e-09
Disease	disease_9053	2.269890748597085e-09
Disease	disease_11900	2.269265047046512e-09
Disease	disease_12857	2.269265047046512e-09
Disease	disease_9240	2.269122450633149e-09
Disease	disease_19107	2.2689605049347785e-09
Disease	disease_32901	2.2688201680653922e-09
Disease	disease_40676	2.268507625306766e-09
Disease	disease_6700	2.268228952287593e-09
Disease	disease_3124	2.267021803126573e-09
Disease	disease_11970	2.2657224513844975e-09
Disease	disease_10489	2.263400572742649e-09
Disease	disease_11189	2.2633002766808003e-09
Disease	disease_43206	2.2632856075957e-09
Disease	disease_18197	2.2623279027147536e-09
Disease	disease_40922	2.25962576323861e-09
Disease	disease_7625	2.2569061097869688e-09
Disease	disease_11359	2.2559715028653037e-09
Disease	disease_14420	2.2552403329417824e-09
Disease	disease_14607	2.2551831007334745e-09
Disease	disease_30903	2.25497612452487e-09
Disease	disease_19796	2.254402014859273e-09
Disease	disease_11489	2.2539744256313737e-09
Disease	disease_9901	2.2537001059549107e-09
Disease	disease_16877	2.2533278779438107e-09
Disease	disease_45039	2.252653456335435e-09
Disease	disease_4876	2.251948587334296e-09
Disease	disease_13892	2.2516722522016577e-09
Disease	disease_12759	2.2514666414058938e-09
Disease	disease_17686	2.251306166327814e-09
Disease	disease_4490	2.2512050833676443e-09
Disease	disease_10840	2.2507004512037197e-09
Disease	disease_17670	2.2495626558678065e-09
Disease	disease_7664	2.2491749800968697e-09
Disease	disease_1635	2.2483515489720044e-09
Disease	disease_9187	2.2480011854938486e-09
Disease	disease_26765	2.2478294482034823e-09
Disease	disease_32817	2.2472861250267225e-09
Disease	disease_15346	2.2472093679966252e-09
Disease	disease_8837	2.2467412084770586e-09
Disease	disease_9621	2.2463626829873165e-09
Disease	disease_8182	2.246111847084615e-09
Disease	disease_14340	2.2457472123680868e-09
Disease	disease_8824	2.2448783250368063e-09
Disease	disease_400000	2.2443216029478625e-09
Disease	disease_9845	2.2439956599778893e-09
Disease	disease_9497	2.243684116688758e-09
Disease	disease_32851	2.2434453162335865e-09
Disease	disease_1046	2.2425955919880145e-09
Disease	disease_6287	2.2417604304540266e-09
Disease	disease_10402	2.2413409870493348e-09
Disease	disease_21478	2.241071388962993e-09
Disease	disease_10697	2.2404149485429024e-09
Disease	disease_24285	2.2403074562155523e-09
Disease	disease_659	2.2403074562155523e-09
Disease	disease_54550	2.2397956517711276e-09
Disease	disease_13292	2.2393893743175225e-09
Disease	disease_16202	2.2393086912927422e-09
Disease	disease_17764	2.2388414988441852e-09
Disease	disease_32624	2.238435432492657e-09
Disease	disease_8842	2.2382935371281098e-09
Disease	disease_14077	2.237122189381651e-09
Disease	disease_8078	2.236997794364379e-09
Disease	disease_12596	2.236494361082199e-09
Disease	disease_1618	2.2349266067381037e-09
Disease	disease_19627	2.234691794956977e-09
Disease	disease_9571	2.233454215893768e-09
Disease	disease_7651	2.2334379603025356e-09
Disease	disease_13170	2.2322380395976694e-09
Disease	disease_6888	2.230412619672692e-09
Disease	disease_2568	2.2302792380550513e-09
Disease	disease_16719	2.230009278854655e-09
Disease	disease_3829	2.2299067757410703e-09
Disease	disease_4001	2.2292706645662447e-09
Disease	disease_17389	2.228261725698073e-09
Disease	disease_19258	2.228261725698073e-09
Disease	disease_19335	2.228261725698073e-09
Disease	disease_20132	2.2276401491894164e-09
Disease	disease_18680	2.2267392452228168e-09
Disease	disease_18679	2.2267392452228168e-09
Disease	disease_18564	2.2262219769723435e-09
Disease	disease_15020	2.2252460424874265e-09
Disease	disease_200000	2.2250007258305703e-09
Disease	disease_13714	2.2235418238415477e-09
Disease	disease_7056	2.223400749553834e-09
Disease	disease_298	2.2231381396759357e-09
Disease	disease_30027	2.2227495137295685e-09
Disease	disease_32570	2.222439168349855e-09
Disease	disease_7944	2.2216021618501197e-09
Disease	disease_32870	2.2209848886978932e-09
Disease	disease_15267	2.2201061464536307e-09
Disease	disease_10043	2.219711985505216e-09
Disease	disease_16291	2.219530982754327e-09
Disease	disease_8694	2.2194196427791625e-09
Disease	disease_8990	2.218553507511266e-09
Disease	disease_37746	2.2183882449118963e-09
Disease	disease_3000	2.218305341666499e-09
Disease	disease_7711	2.2172850981378134e-09
Disease	disease_17415	2.21660026888217e-09
Disease	disease_18894	2.2150185879677763e-09
Disease	disease_14176	2.2146204251621296e-09
Disease	disease_44303	2.2124313848103865e-09
Disease	disease_19404	2.212118691696452e-09
Disease	disease_1683	2.212000948800478e-09
Disease	disease_1079	2.212000948800478e-09
Disease	disease_14255	2.2118256513621775e-09
Disease	disease_12963	2.2114844832520635e-09
Disease	disease_7555	2.211300904633227e-09
Disease	disease_6208	2.2110203173252754e-09
Disease	disease_32755	2.210610194460994e-09
Disease	disease_14878	2.2095283366235194e-09
Disease	disease_14933	2.2091096764135437e-09
Disease	disease_14885	2.2087143170651327e-09
Disease	disease_3450	2.2083932980723527e-09
Disease	disease_1091	2.2082003661495074e-09
Disease	disease_9617	2.2078201280612655e-09
Disease	disease_18278	2.207326184275759e-09
Disease	disease_3120	2.206987932594349e-09
Disease	disease_32931	2.206916376900691e-09
Disease	disease_2792	2.2066025159715455e-09
Disease	disease_2791	2.2066025159715455e-09
Disease	disease_16712	2.2066025159715455e-09
Disease	disease_16709	2.2066025159715455e-09
Disease	disease_2799	2.2066025159715455e-09
Disease	disease_15000	2.2052965204038776e-09
Disease	disease_13501	2.2048809578360964e-09
Disease	disease_11089	2.2044400934250444e-09
Disease	disease_4232	2.2033453491173565e-09
Disease	disease_9598	2.2025378013918326e-09
Disease	disease_9513	2.201590750118902e-09
Disease	disease_44874	2.2011809859589896e-09
Disease	disease_7517	2.2011632914938343e-09
Disease	disease_9093	2.200240626962544e-09
Disease	disease_32598	2.199114876082993e-09
Disease	disease_9955	2.1975654591219498e-09
Disease	disease_13389	2.1957790708803123e-09
Disease	disease_4088	2.1947262655021083e-09
Disease	disease_764	2.194001067840712e-09
Disease	disease_5736	2.1935388607728987e-09
Disease	disease_32693	2.1912686997598943e-09
Disease	disease_10587	2.1890319595819167e-09
Disease	disease_17719	2.1885392140403393e-09
Disease	disease_17151	2.1883841239751045e-09
Disease	disease_14751	2.187352475724395e-09
Disease	disease_11075	2.1869613750189413e-09
Disease	disease_16176	2.186711061380006e-09
Disease	disease_12824	2.1865892429634154e-09
Disease	disease_5887	2.1854937203993836e-09
Disease	disease_14569	2.1842742700055803e-09
Disease	disease_20783	2.1825535152949223e-09
Disease	disease_2741	2.1823149497587644e-09
Disease	disease_2045	2.1816731033194404e-09
Disease	disease_26732	2.180848296582181e-09
Disease	disease_56797	2.1805787745459527e-09
Disease	disease_17569	2.1798257463517487e-09
Disease	disease_30899	2.1795244057683433e-09
Disease	disease_12750	2.1791416147159448e-09
Disease	disease_18929	2.1790417305475125e-09
Disease	disease_44624	2.179012654853652e-09
Disease	disease_18009	2.179012654853652e-09
Disease	disease_34150	2.179012654853652e-09
Disease	disease_3857	2.1784273218332675e-09
Disease	disease_9248	2.176018780192765e-09
Disease	disease_13712	2.1745369784558523e-09
Disease	disease_8488	2.1732090378758325e-09
Disease	disease_15363	2.1731528732907865e-09
Disease	disease_15437	2.173048130731657e-09
Disease	disease_19876	2.1722550608514046e-09
Disease	disease_18884	2.1717376365551596e-09
Disease	disease_24560	2.171531758564417e-09
Disease	disease_32852	2.1710053284753544e-09
Disease	disease_7604	2.169652379293877e-09
Disease	disease_17321	2.169138561284529e-09
Disease	disease_17995	2.1670125968454437e-09
Disease	disease_20847	2.166857020170285e-09
Disease	disease_8943	2.166505358568323e-09
Disease	disease_4201	2.166377323218641e-09
Disease	disease_100337	2.1655539528570337e-09
Disease	disease_18363	2.165493147151467e-09
Disease	disease_908	2.165148299413087e-09
Disease	disease_11274	2.1650339441490487e-09
Disease	disease_7350	2.1649676307164e-09
Disease	disease_9607	2.1649591224311237e-09
Disease	disease_11914	2.164082924381471e-09
Disease	disease_21334	2.1638858860041508e-09
Disease	disease_16351	2.1638858860041508e-09
Disease	disease_5697	2.1638858860041508e-09
Disease	disease_6671	2.163265413339932e-09
Disease	disease_6765	2.163265413339932e-09
Disease	disease_10275	2.1629391507650078e-09
Disease	disease_16220	2.1626659250447454e-09
Disease	disease_17712	2.1625528895288106e-09
Disease	disease_8397	2.162407245315778e-09
Disease	disease_8253	2.162272650024694e-09
Disease	disease_11549	2.1615962820261244e-09
Disease	disease_12306	2.1610257858896105e-09
Disease	disease_17193	2.161010807614052e-09
Disease	disease_525	2.1607740507793193e-09
Disease	disease_11493	2.160553875911264e-09
Disease	disease_16077	2.160442792025248e-09
Disease	disease_21273	2.160360642572194e-09
Disease	disease_8338	2.159984140237726e-09
Disease	disease_20791	2.1597973060391562e-09
Disease	disease_11916	2.1597357521415228e-09
Disease	disease_9781	2.1595094400439027e-09
Disease	disease_13063	2.159204533668446e-09
Disease	disease_20001	2.1592029283334976e-09
Disease	disease_60	2.1591541775432193e-09
Disease	disease_14968	2.1587963955753788e-09
Disease	disease_13737	2.1569208817511987e-09
Disease	disease_14437	2.1568394582869514e-09
Disease	disease_20138	2.1567941493488385e-09
Disease	disease_1399	2.156604986278019e-09
Disease	disease_30936	2.1565396637782072e-09
Disease	disease_8673	2.156454154322892e-09
Disease	disease_8521	2.1557183633051033e-09
Disease	disease_7889	2.1556586589303494e-09
Disease	disease_56818	2.1554954432312498e-09
Disease	disease_8103	2.155450721250356e-09
Disease	disease_1219	2.155064263913072e-09
Disease	disease_1228	2.155064263913072e-09
Disease	disease_1224	2.155064263913072e-09
Disease	disease_4219	2.154140114977797e-09
Disease	disease_4547	2.154140114977797e-09
Disease	disease_4178	2.154140114977797e-09
Disease	disease_4198	2.154140114977797e-09
Disease	disease_4493	2.154140114977797e-09
Disease	disease_4494	2.154140114977797e-09
Disease	disease_4402	2.154140114977797e-09
Disease	disease_4453	2.154140114977797e-09
Disease	disease_4543	2.154140114977797e-09
Disease	disease_4106	2.154140114977797e-09
Disease	disease_60490	2.1528864714556437e-09
Disease	disease_7869	2.152792735671245e-09
Disease	disease_21222	2.1527914551102164e-09
Disease	disease_4306	2.1520397227051535e-09
Disease	disease_11184	2.151912930182643e-09
Disease	disease_32876	2.151178751683611e-09
Disease	disease_8337	2.151052023539215e-09
Disease	disease_21660	2.1502642662975604e-09
Disease	disease_32884	2.149225272913958e-09
Disease	disease_3427	2.1485577682361346e-09
Disease	disease_6683	2.1485346924148883e-09
Disease	disease_15737	2.148427778709781e-09
Disease	disease_12873	2.1478256319062797e-09
Disease	disease_17395	2.1471110523120827e-09
Disease	disease_44719	2.1471110523120827e-09
Disease	disease_2783	2.1465707692579543e-09
Disease	disease_331	2.146257887342616e-09
Disease	disease_1118	2.146257887342616e-09
Disease	disease_10250	2.1459859868406896e-09
Disease	disease_14007	2.1459702976252375e-09
Disease	disease_30012	2.1456862691291955e-09
Disease	disease_9052	2.1448766258845376e-09
Disease	disease_13922	2.1445650123129625e-09
Disease	disease_17868	2.1437888165395708e-09
Disease	disease_32807	2.1432657138559983e-09
Disease	disease_32877	2.142618717181894e-09
Disease	disease_17329	2.1417244320004813e-09
Disease	disease_32790	2.139944896776889e-09
Disease	disease_13069	2.1399091090296467e-09
Disease	disease_33367	2.1396589978456438e-09
Disease	disease_29136	2.1389480593858767e-09
Disease	disease_11130	2.137999285661798e-09
Disease	disease_371	2.1372022196096042e-09
Disease	disease_7890	2.136622128406594e-09
Disease	disease_3750	2.1354599686821636e-09
Disease	disease_10111	2.134923841134312e-09
Disease	disease_4217	2.134519121164013e-09
Disease	disease_7621	2.134384956844106e-09
Disease	disease_7547	2.134331417730289e-09
Disease	disease_32699	2.1333575568641815e-09
Disease	disease_8248	2.133231792616598e-09
Disease	disease_10904	2.1331360577601816e-09
Disease	disease_4273	2.1326895190466656e-09
Disease	disease_8524	2.131259323398538e-09
Disease	disease_7831	2.131259323398538e-09
Disease	disease_7358	2.131259323398538e-09
Disease	disease_12328	2.131259323398538e-09
Disease	disease_8189	2.131259323398538e-09
Disease	disease_7054	2.131259323398538e-09
Disease	disease_8325	2.131259323398538e-09
Disease	disease_7444	2.131259323398538e-09
Disease	disease_14600	2.1309480817093597e-09
Disease	disease_26727	2.13038906295558e-09
Disease	disease_8740	2.1296928382806933e-09
Disease	disease_7533	2.1296082931992783e-09
Disease	disease_19531	2.1292837939462873e-09
Disease	disease_13635	2.1291673880074482e-09
Disease	disease_14766	2.1278560369303533e-09
Disease	disease_11411	2.1273598956886986e-09
Disease	disease_17984	2.1256630879820207e-09
Disease	disease_7476	2.1240288439021095e-09
Disease	disease_45017	2.1217836227316098e-09
Disease	disease_14730	2.1214811346596774e-09
Disease	disease_11782	2.1214411898955707e-09
Disease	disease_7355	2.12043671806629e-09
Disease	disease_8557	2.1201455560108595e-09
Disease	disease_10013	2.1200179426863855e-09
Disease	disease_54722	2.1199806609427733e-09
Disease	disease_21562	2.1184400031116016e-09
Disease	disease_32697	2.1182318705954967e-09
Disease	disease_14360	2.117251319140838e-09
Disease	disease_17172	2.1168539246911674e-09
Disease	disease_17171	2.1168539246911674e-09
Disease	disease_16283	2.1157636592787e-09
Disease	disease_32842	2.11573459089366e-09
Disease	disease_17758	2.115440183161017e-09
Disease	disease_14868	2.1147195904974205e-09
Disease	disease_6186	2.1145629365656706e-09
Disease	disease_1818	2.1129142317980585e-09
Disease	disease_33485	2.1126640452544587e-09
Disease	disease_3595	2.1125993071091716e-09
Disease	disease_45013	2.112422822084776e-09
Disease	disease_13468	2.1123759322878413e-09
Disease	disease_16886	2.1120534142888153e-09
Disease	disease_9602	2.111623853095307e-09
Disease	disease_32690	2.111052083949357e-09
Disease	disease_6156	2.1097891005502696e-09
Disease	disease_10040	2.108029887383627e-09
Disease	disease_18572	2.1066777975222927e-09
Disease	disease_11684	2.1064014312673785e-09
Disease	disease_14397	2.1026458155468975e-09
Disease	disease_16470	2.1025543721092818e-09
Disease	disease_7873	2.1014536031068506e-09
Disease	disease_40675	2.100197851217691e-09
Disease	disease_5962	2.099973882084362e-09
Disease	disease_7512	2.0996127454694036e-09
Disease	disease_11039	2.0994185375253063e-09
Disease	disease_2789	2.099308401991012e-09
Disease	disease_13849	2.0991758233833463e-09
Disease	disease_18164	2.098537235513343e-09
Disease	disease_18165	2.098537235513343e-09
Disease	disease_5638	2.098524437629601e-09
Disease	disease_32702	2.098262079584498e-09
Disease	disease_10180	2.0976479424177104e-09
Disease	disease_10817	2.097576586833784e-09
Disease	disease_21299	2.097054067039494e-09
Disease	disease_32621	2.0970460502578734e-09
Disease	disease_44643	2.0970446666584926e-09
Disease	disease_3796	2.0961378852132796e-09
Disease	disease_14777	2.0951898789152763e-09
Disease	disease_19222	2.0942387109591877e-09
Disease	disease_10219	2.0933678759394682e-09
Disease	disease_13354	2.0931206385569696e-09
Disease	disease_19745	2.0924612609217194e-09
Disease	disease_6998	2.0919261929990434e-09
Disease	disease_9793	2.091584843521577e-09
Disease	disease_7370	2.091552553093333e-09
Disease	disease_1375	2.091448490662026e-09
Disease	disease_7036	2.0913200346192327e-09
Disease	disease_11499	2.091305843073417e-09
Disease	disease_6388	2.091113800161591e-09
Disease	disease_2984	2.090479904685048e-09
Disease	disease_22338	2.090479904685048e-09
Disease	disease_10129	2.0896001344237444e-09
Disease	disease_11052	2.0893498432037774e-09
Disease	disease_6817	2.0885979841142898e-09
Disease	disease_3476	2.0880302240194563e-09
Disease	disease_3475	2.0880302240194563e-09
Disease	disease_32888	2.087809572360874e-09
Disease	disease_44702	2.0875281767864772e-09
Disease	disease_17013	2.086300649870082e-09
Disease	disease_18565	2.0861178636897452e-09
Disease	disease_11396	2.0854737441067374e-09
Disease	disease_9574	2.0843761344252113e-09
Disease	disease_34054	2.0827940539463464e-09
Disease	disease_17357	2.0798622967386744e-09
Disease	disease_14104	2.0795505207812503e-09
Disease	disease_43923	2.0790454657288277e-09
Disease	disease_7198	2.078828935620444e-09
Disease	disease_7836	2.078449940779271e-09
Disease	disease_299	2.0784233233314797e-09
Disease	disease_44342	2.077637463524972e-09
Disease	disease_21194	2.0770505669290004e-09
Disease	disease_15214	2.076705361749186e-09
Disease	disease_2860	2.0766551706999924e-09
Disease	disease_18091	2.0765773931381595e-09
Disease	disease_8023	2.076542793878482e-09
Disease	disease_9020	2.076192637894407e-09
Disease	disease_32779	2.076152355662753e-09
Disease	disease_30920	2.07485066900867e-09
Disease	disease_1202	2.0739684278059517e-09
Disease	disease_10497	2.0739328677088047e-09
Disease	disease_2664	2.073651064796525e-09
Disease	disease_13353	2.072988006513538e-09
Disease	disease_2624	2.0729649775298783e-09
Disease	disease_44304	2.0729473077928648e-09
Disease	disease_21580	2.072650885428988e-09
Disease	disease_20704	2.0722335696681926e-09
Disease	disease_44331	2.070256385084707e-09
Disease	disease_3787	2.0701729001962906e-09
Disease	disease_14840	2.0693536839608828e-09
Disease	disease_8635	2.0686106189199455e-09
Disease	disease_12806	2.068126107378705e-09
Disease	disease_17792	2.0675222797117298e-09
Disease	disease_8013	2.067473620767915e-09
Disease	disease_2626	2.0673367254352184e-09
Disease	disease_17867	2.0670452568747423e-09
Disease	disease_44655	2.066761163975987e-09
Disease	disease_6258	2.0665098274825296e-09
Disease	disease_20606	2.0639393722819437e-09
Disease	disease_100157	2.063019280713078e-09
Disease	disease_12423	2.062419386633009e-09
Disease	disease_34987	2.062022433170953e-09
Disease	disease_18096	2.0611677957766354e-09
Disease	disease_20820	2.059867931307916e-09
Disease	disease_14703	2.0592375382054708e-09
Disease	disease_18320	2.0589352313668704e-09
Disease	disease_14994	2.058677337535858e-09
Disease	disease_9911	2.05823658018968e-09
Disease	disease_9674	2.0581398466765215e-09
Disease	disease_4190	2.0581168105620212e-09
Disease	disease_9634	2.0581149210857135e-09
Disease	disease_3836	2.0578944282758147e-09
Disease	disease_2077	2.0575111478689605e-09
Disease	disease_15765	2.05713838185342e-09
Disease	disease_42496	2.0569690766729433e-09
Disease	disease_21370	2.0567604827299925e-09
Disease	disease_1215	2.0562941556561992e-09
Disease	disease_17010	2.056153747737277e-09
Disease	disease_3194	2.055186347634218e-09
Disease	disease_9996	2.0530097329138744e-09
Disease	disease_13754	2.0529912205903754e-09
Disease	disease_24414	2.052969316658582e-09
Disease	disease_24315	2.052843832555754e-09
Disease	disease_12547	2.0522876784443294e-09
Disease	disease_23597	2.051393237221391e-09
Disease	disease_32890	2.0513874540840946e-09
Disease	disease_32783	2.0511349144306435e-09
Disease	disease_19746	2.0496474181485232e-09
Disease	disease_18640	2.0489826573638204e-09
Disease	disease_4261	2.0481526564855504e-09
Disease	disease_4449	2.0481526564855504e-09
Disease	disease_8123	2.0480420639346235e-09
Disease	disease_11069	2.047775955459472e-09
Disease	disease_14160	2.047770718539445e-09
Disease	disease_4731	2.047439499304213e-09
Disease	disease_716	2.0472503074896837e-09
Disease	disease_21011	2.044777847886223e-09
Disease	disease_12371	2.0441512113856264e-09
Disease	disease_33641	2.0440519476125706e-09
Disease	disease_12530	2.043358910665962e-09
Disease	disease_34022	2.0427043172532605e-09
Disease	disease_17352	2.0426815824037995e-09
Disease	disease_8377	2.042603378139089e-09
Disease	disease_4843	2.0417373701058002e-09
Disease	disease_19594	2.041003368885447e-09
Disease	disease_18774	2.040374641177419e-09
Disease	disease_10607	2.040215754214047e-09
Disease	disease_14734	2.0401720811558147e-09
Disease	disease_8107	2.0393963143391415e-09
Disease	disease_32620	2.039169543983758e-09
Disease	disease_15749	2.0365216111199524e-09
Disease	disease_20241	2.0364185528631565e-09
Disease	disease_11021	2.032340173641679e-09
Disease	disease_19164	2.0322704554703685e-09
Disease	disease_3350	2.0315639926742743e-09
Disease	disease_13549	2.0311141592417508e-09
Disease	disease_13553	2.0297980184325366e-09
Disease	disease_10368	2.0296922723780423e-09
Disease	disease_9483	2.02909892422495e-09
Disease	disease_19940	2.0289031728107107e-09
Disease	disease_14066	2.0285529122569076e-09
Disease	disease_13956	2.0276357186914745e-09
Disease	disease_14570	2.0272714585582826e-09
Disease	disease_13284	2.027215979194206e-09
Disease	disease_24648	2.027172472852721e-09
Disease	disease_16534	2.0270210694830153e-09
Disease	disease_3757	2.026904683955512e-09
Disease	disease_14904	2.0268339114558974e-09
Disease	disease_21164	2.026321046268489e-09
Disease	disease_15358	2.023668329494313e-09
Disease	disease_17805	2.0236417917898027e-09
Disease	disease_20043	2.023569021478219e-09
Disease	disease_8654	2.023087687349962e-09
Disease	disease_21573	2.02255589612285e-09
Disease	disease_9370	2.0214660843077866e-09
Disease	disease_12178	2.020775571598601e-09
Disease	disease_32887	2.0204764311459066e-09
Disease	disease_8864	2.020138039779857e-09
Disease	disease_17049	2.019726363836315e-09
Disease	disease_15986	2.018076157845566e-09
Disease	disease_16385	2.017515683690743e-09
Disease	disease_24358	2.0167087853212125e-09
Disease	disease_10469	2.0157334776819994e-09
Disease	disease_9795	2.0152108408412474e-09
Disease	disease_19921	2.0148307929976783e-09
Disease	disease_5476	2.0147856600428636e-09
Disease	disease_19901	2.0131332865030683e-09
Disease	disease_18642	2.0125079678113384e-09
Disease	disease_25263	2.012151337780669e-09
Disease	disease_8800	2.0118497413525593e-09
Disease	disease_4239	2.011063108984207e-09
Disease	disease_14356	2.009301403615417e-09
Disease	disease_18591	2.009008352165403e-09
Disease	disease_7668	2.0089415083164833e-09
Disease	disease_14660	2.00871383764296e-09
Disease	disease_20589	2.008652046097625e-09
Disease	disease_7378	2.0082185414521847e-09
Disease	disease_11577	2.0078013287488306e-09
Disease	disease_60764	2.0077975805258623e-09
Disease	disease_8894	2.0076484000000626e-09
Disease	disease_6576	2.0073420249690358e-09
Disease	disease_24341	2.0066183952227174e-09
Disease	disease_43735	2.0043644140597118e-09
Disease	disease_4677	2.0025856876834375e-09
Disease	disease_16795	2.0022625028077174e-09
Disease	disease_9155	2.0019490009009695e-09
Disease	disease_12064	2.001944392026727e-09
Disease	disease_15468	2.0018639887248255e-09
Disease	disease_14748	2.001743789978833e-09
Disease	disease_15588	2.0013054822807443e-09
Disease	disease_15330	2.0002700572090757e-09
Disease	disease_6068	2.0002410960014834e-09
Disease	disease_60642	1.999718523321989e-09
Disease	disease_17162	1.998607510390184e-09
Disease	disease_14821	1.998570163051659e-09
Disease	disease_14623	1.9965559714293007e-09
Disease	disease_9615	1.9962168368650164e-09
Disease	disease_5194	1.996027058663082e-09
Disease	disease_10608	1.995861235577564e-09
Disease	disease_13165	1.9932369057551698e-09
Disease	disease_15191	1.9930689913198542e-09
Disease	disease_13945	1.992892892811771e-09
Disease	disease_54559	1.990753797396308e-09
Disease	disease_21316	1.990005390042697e-09
Disease	disease_2222	1.9883506360594936e-09
Disease	disease_8959	1.9875491741050476e-09
Disease	disease_60510	1.987292986029032e-09
Disease	disease_9777	1.9866274819095313e-09
Disease	disease_43303	1.985946692703657e-09
Disease	disease_9473	1.9851360837876645e-09
Disease	disease_7726	1.9848996900144857e-09
Disease	disease_14940	1.9843396192835898e-09
Disease	disease_13942	1.984221012505502e-09
Disease	disease_18125	1.983809963171261e-09
Disease	disease_19017	1.983399520437391e-09
Disease	disease_10285	1.9832525107798146e-09
Disease	disease_14194	1.983133691180522e-09
Disease	disease_9667	1.9831070675463562e-09
Disease	disease_10909	1.9829924403754847e-09
Disease	disease_10588	1.982964352517332e-09
Disease	disease_7342	1.9827928087031932e-09
Disease	disease_15353	1.9820279107659746e-09
Disease	disease_32812	1.9806585060422744e-09
Disease	disease_14896	1.979444153984497e-09
Disease	disease_9948	1.979335549847384e-09
Disease	disease_54805	1.9787606754412e-09
Disease	disease_9542	1.9784268350544783e-09
Disease	disease_10814	1.9772095580730668e-09
Disease	disease_13118	1.9769090029445095e-09
Disease	disease_15091	1.9760865352436398e-09
Disease	disease_3608	1.973951119993176e-09
Disease	disease_724	1.973484105758097e-09
Disease	disease_19675	1.972916045323072e-09
Disease	disease_11365	1.9724310173276085e-09
Disease	disease_33123	1.97207898905e-09
Disease	disease_7474	1.9714214387321476e-09
Disease	disease_10729	1.9700955761869768e-09
Disease	disease_519	1.9698467244138813e-09
Disease	disease_8799	1.969546033676711e-09
Disease	disease_9264	1.96943437577999e-09
Disease	disease_7475	1.9684248689126443e-09
Disease	disease_42499	1.9678887456282805e-09
Disease	disease_12964	1.967855562156714e-09
Disease	disease_20117	1.967342800493065e-09
Disease	disease_16798	1.966397657818479e-09
Disease	disease_25082	1.9663500984477583e-09
Disease	disease_13035	1.9660024616797456e-09
Disease	disease_3287	1.9658454837264267e-09
Disease	disease_147	1.964680832559435e-09
Disease	disease_13127	1.9640698692081895e-09
Disease	disease_15826	1.9638870340470144e-09
Disease	disease_18429	1.963734576627486e-09
Disease	disease_10890	1.9635115763449287e-09
Disease	disease_11894	1.9629725985620262e-09
Disease	disease_7586	1.960465143705739e-09
Disease	disease_12907	1.959958116374042e-09
Disease	disease_24543	1.9586008506946105e-09
Disease	disease_3523	1.958399375301542e-09
Disease	disease_32707	1.9580040020906e-09
Disease	disease_3895	1.955821965763508e-09
Disease	disease_6246	1.955821965763508e-09
Disease	disease_13321	1.955763464445604e-09
Disease	disease_30024	1.9554875392327425e-09
Disease	disease_8788	1.954107508605125e-09
Disease	disease_32705	1.9532909360447842e-09
Disease	disease_10410	1.952820936483794e-09
Disease	disease_12899	1.952820936483794e-09
Disease	disease_8515	1.9526065933164176e-09
Disease	disease_16199	1.9503681644060894e-09
Disease	disease_33547	1.9502915075076967e-09
Disease	disease_14938	1.9498985863769073e-09
Disease	disease_20503	1.9497546893734213e-09
Disease	disease_17738	1.9491955990017176e-09
Disease	disease_12766	1.948569243822303e-09
Disease	disease_21653	1.947494696535485e-09
Disease	disease_24473	1.9462860239884457e-09
Disease	disease_229	1.9462860239884457e-09
Disease	disease_230	1.9462860239884457e-09
Disease	disease_13103	1.9457147691840077e-09
Disease	disease_14915	1.94514972032284e-09
Disease	disease_14855	1.9451376505821203e-09
Disease	disease_13947	1.94465696352925e-09
Disease	disease_40566	1.9444919576665614e-09
Disease	disease_14210	1.944097503070992e-09
Disease	disease_19858	1.9429250960416084e-09
Disease	disease_13819	1.942323834114263e-09
Disease	disease_32919	1.942211874181812e-09
Disease	disease_10885	1.942128460778259e-09
Disease	disease_8207	1.9413443827649165e-09
Disease	disease_20133	1.939200102684206e-09
Disease	disease_1029	1.939128446186819e-09
Disease	disease_23188	1.9364250051688975e-09
Disease	disease_18187	1.9362634773182423e-09
Disease	disease_9646	1.9361637904073312e-09
Disease	disease_10640	1.935193009717262e-09
Disease	disease_14962	1.9349564235434237e-09
Disease	disease_7406	1.934724080131651e-09
Disease	disease_44742	1.9342170729413475e-09
Disease	disease_7999	1.9339952754481014e-09
Disease	disease_10266	1.9337466966262674e-09
Disease	disease_14622	1.933454209279717e-09
Disease	disease_15025	1.9332756894502795e-09
Disease	disease_14966	1.9332356544443782e-09
Disease	disease_29138	1.932488421650882e-09
Disease	disease_12247	1.9322957319539336e-09
Disease	disease_6924	1.9320843538217634e-09
Disease	disease_30918	1.9316435423074735e-09
Disease	disease_17009	1.9311546223850787e-09
Disease	disease_9386	1.9306122879886986e-09
Disease	disease_1108	1.9300110702443132e-09
Disease	disease_3425	1.929518889840191e-09
Disease	disease_14049	1.9292162940214125e-09
Disease	disease_11654	1.9289565591107075e-09
Disease	disease_32747	1.9274240346074265e-09
Disease	disease_20065	1.927180070175122e-09
Disease	disease_14795	1.9264727207154024e-09
Disease	disease_8909	1.926247846441171e-09
Disease	disease_7152	1.926084107481985e-09
Disease	disease_7679	1.9256858873982803e-09
Disease	disease_23682	1.9256418802352784e-09
Disease	disease_1420	1.925418832602969e-09
Disease	disease_32820	1.925205590435241e-09
Disease	disease_13206	1.925042252892147e-09
Disease	disease_30700	1.924180624718407e-09
Disease	disease_8232	1.923945053778219e-09
Disease	disease_12168	1.9233524522809157e-09
Disease	disease_14349	1.9225412233286086e-09
Disease	disease_2468	1.9223991553428365e-09
Disease	disease_2092	1.9221525417028028e-09
Disease	disease_7793	1.921288768021764e-09
Disease	disease_20684	1.9203082103113488e-09
Disease	disease_23069	1.9197851832419538e-09
Disease	disease_16665	1.9195699157259903e-09
Disease	disease_9714	1.919298954724086e-09
Disease	disease_15345	1.9183627769023757e-09
Disease	disease_3335	1.918237900014718e-09
Disease	disease_32658	1.9167978876183495e-09
Disease	disease_7857	1.9156428183237768e-09
Disease	disease_60712	1.913817856440926e-09
Disease	disease_20197	1.9136066957196755e-09
Disease	disease_181	1.9135311048953914e-09
Disease	disease_3294	1.913528447315928e-09
Disease	disease_11545	1.9134046215467814e-09
Disease	disease_6634	1.9131774867698986e-09
Disease	disease_33492	1.9123242400448925e-09
Disease	disease_43959	1.91190806810836e-09
Disease	disease_2968	1.91190806810836e-09
Disease	disease_16844	1.911713880497678e-09
Disease	disease_100105	1.9115355526339147e-09
Disease	disease_21670	1.910776788798196e-09
Disease	disease_16482	1.9099555565347766e-09
Disease	disease_3288	1.9095823852400186e-09
Disease	disease_3296	1.9095823852400186e-09
Disease	disease_9347	1.908719361286695e-09
Disease	disease_3284	1.9084397753390402e-09
Disease	disease_17741	1.907988589100862e-09
Disease	disease_18810	1.9073426756977882e-09
Disease	disease_3255	1.906831829514437e-09
Disease	disease_12816	1.9068054540010567e-09
Disease	disease_32672	1.905538963862253e-09
Disease	disease_1969	1.9054621698762837e-09
Disease	disease_17831	1.905148902364497e-09
Disease	disease_9385	1.904084400721813e-09
Disease	disease_9022	1.903356130605262e-09
Disease	disease_9832	1.9032555784998753e-09
Disease	disease_25956	1.903230889075399e-09
Disease	disease_4194	1.903230889075399e-09
Disease	disease_2775	1.903230889075399e-09
Disease	disease_11811	1.9017872879711837e-09
Disease	disease_3285	1.90120042761118e-09
Disease	disease_30033	1.900284329260533e-09
Disease	disease_8983	1.899755989728383e-09
Disease	disease_32894	1.8997292233361735e-09
Disease	disease_24539	1.89972563878923e-09
Disease	disease_1170	1.898578477808809e-09
Disease	disease_7165	1.8966420524710123e-09
Disease	disease_7790	1.8964677086808567e-09
Disease	disease_11451	1.8953167511866198e-09
Disease	disease_17461	1.8951868284780014e-09
Disease	disease_10224	1.8940486326845936e-09
Disease	disease_14033	1.8936612408920485e-09
Disease	disease_18725	1.8935423597533106e-09
Disease	disease_8915	1.8934757773333924e-09
Disease	disease_30921	1.8921023747564574e-09
Disease	disease_156	1.8916830106074916e-09
Disease	disease_6106	1.891568934946142e-09
Disease	disease_21398	1.8911480648075147e-09
Disease	disease_14568	1.890338110764177e-09
Disease	disease_100230	1.890301965583519e-09
Disease	disease_9583	1.889974299137243e-09
Disease	disease_7982	1.889651492053749e-09
Disease	disease_3082	1.8896208291651354e-09
Disease	disease_1816	1.8896208291651354e-09
Disease	disease_1395	1.8896208291651354e-09
Disease	disease_19423	1.8892513521456936e-09
Disease	disease_11966	1.8879767093549265e-09
Disease	disease_14080	1.8869303551156186e-09
Disease	disease_7519	1.8867282182261783e-09
Disease	disease_24363	1.884978989130198e-09
Disease	disease_644	1.884205485849037e-09
Disease	disease_14516	1.8841612928666114e-09
Disease	disease_3786	1.883266612746157e-09
Disease	disease_15700	1.8831497615337788e-09
Disease	disease_19386	1.882984965456269e-09
Disease	disease_32750	1.8817583099460145e-09
Disease	disease_32862	1.8814424210346744e-09
Disease	disease_6097	1.8805410787541014e-09
Disease	disease_33640	1.8804292172946654e-09
Disease	disease_10140	1.8799890858472846e-09
Disease	disease_11077	1.879496939202549e-09
Disease	disease_21583	1.8793079113926613e-09
Disease	disease_7302	1.8785362998581895e-09
Disease	disease_4241	1.8784783499329427e-09
Disease	disease_2318	1.8781300276869995e-09
Disease	disease_12861	1.877821666613415e-09
Disease	disease_32751	1.8770519410133333e-09
Disease	disease_20853	1.8768617112652617e-09
Disease	disease_14646	1.876853801833694e-09
Disease	disease_15426	1.87470434816292e-09
Disease	disease_8163	1.8739067560860165e-09
Disease	disease_2198	1.873903500239848e-09
Disease	disease_12476	1.8736044707139202e-09
Disease	disease_9761	1.8735810668458797e-09
Disease	disease_14016	1.872812953909023e-09
Disease	disease_32818	1.872370937228557e-09
Disease	disease_13962	1.872326780006181e-09
Disease	disease_9581	1.8719808922072488e-09
Disease	disease_2137	1.8717240419261087e-09
Disease	disease_9030	1.8711764389472195e-09
Disease	disease_7595	1.870446808653208e-09
Disease	disease_11882	1.8692086666526264e-09
Disease	disease_12809	1.8689616657427672e-09
Disease	disease_9921	1.8686155070002884e-09
Disease	disease_8873	1.8682847772757173e-09
Disease	disease_9013	1.8681788274106066e-09
Disease	disease_32759	1.867992978990565e-09
Disease	disease_2503	1.867935162079961e-09
Disease	disease_11679	1.867719704474613e-09
Disease	disease_8382	1.867072944431011e-09
Disease	disease_6351	1.8667938899339274e-09
Disease	disease_100144	1.862842030182792e-09
Disease	disease_44634	1.8619813779971784e-09
Disease	disease_16647	1.8618235566883611e-09
Disease	disease_13486	1.86076509537442e-09
Disease	disease_30037	1.8595447633853697e-09
Disease	disease_44783	1.8593888305733394e-09
Disease	disease_17571	1.8593458203367959e-09
Disease	disease_10014	1.8590090353820384e-09
Disease	disease_18034	1.8589495380251415e-09
Disease	disease_43164	1.8579222468663599e-09
Disease	disease_13278	1.8577766270013696e-09
Disease	disease_7328	1.8553834429394978e-09
Disease	disease_25136	1.8553478644137603e-09
Disease	disease_9088	1.8550458889808781e-09
Disease	disease_7092	1.8549693205630678e-09
Disease	disease_19605	1.854964733270406e-09
Disease	disease_11785	1.8545300917173645e-09
Disease	disease_32938	1.854516979803059e-09
Disease	disease_11252	1.853977497657904e-09
Disease	disease_8520	1.8539534576322264e-09
Disease	disease_934	1.853713429102013e-09
Disease	disease_32872	1.8536855310641414e-09
Disease	disease_18207	1.8527920548303764e-09
Disease	disease_19893	1.8525328466562867e-09
Disease	disease_13936	1.8523134366588827e-09
Disease	disease_6940	1.85199583895055e-09
Disease	disease_30060	1.8508519190859875e-09
Disease	disease_10118	1.8508361915194968e-09
Disease	disease_10398	1.8507780566733146e-09
Disease	disease_18067	1.8491128562699092e-09
Disease	disease_13862	1.8485799216456532e-09
Disease	disease_11233	1.8482503858178048e-09
Disease	disease_1536	1.8480980508690945e-09
Disease	disease_14277	1.8470171417156358e-09
Disease	disease_18490	1.8468885612822288e-09
Disease	disease_16298	1.846150812696232e-09
Disease	disease_3298	1.8456790289309838e-09
Disease	disease_4492	1.8449957414336442e-09
Disease	disease_4090	1.844047296597591e-09
Disease	disease_6657	1.8440238800438653e-09
Disease	disease_9164	1.843652381779031e-09
Disease	disease_12511	1.8435682114557777e-09
Disease	disease_6655	1.842873642115932e-09
Disease	disease_13287	1.8418837498696078e-09
Disease	disease_6948	1.8418831125586624e-09
Disease	disease_18190	1.8413173173865893e-09
Disease	disease_75	1.8411428997582259e-09
Disease	disease_2765	1.8410832050896177e-09
Disease	disease_8240	1.840850733258263e-09
Disease	disease_8039	1.8408060977256235e-09
Disease	disease_13178	1.840730865041866e-09
Disease	disease_8439	1.8404278144897227e-09
Disease	disease_21654	1.8404076804899923e-09
Disease	disease_6606	1.8404076804899923e-09
Disease	disease_12613	1.8396716610857573e-09
Disease	disease_16658	1.8395491314674345e-09
Disease	disease_16013	1.8386928074374558e-09
Disease	disease_17676	1.8382659787761612e-09
Disease	disease_13801	1.8377415518061745e-09
Disease	disease_14201	1.8375016528694333e-09
Disease	disease_14223	1.8373267976699614e-09
Disease	disease_9976	1.837171836138272e-09
Disease	disease_5851	1.8370678281699992e-09
Disease	disease_11416	1.836819271021204e-09
Disease	disease_7095	1.8357135915170233e-09
Disease	disease_9327	1.8346936775634227e-09
Disease	disease_9679	1.8341341177438147e-09
Disease	disease_14267	1.8339195835708655e-09
Disease	disease_9368	1.832849870482371e-09
Disease	disease_7292	1.8323041958652553e-09
Disease	disease_33545	1.8309886766674634e-09
Disease	disease_14491	1.8309636827007032e-09
Disease	disease_17897	1.8301461154831195e-09
Disease	disease_21086	1.8294898867118855e-09
Disease	disease_30858	1.8290080225151828e-09
Disease	disease_2291	1.828764241139548e-09
Disease	disease_16911	1.828589297143363e-09
Disease	disease_10912	1.8275628441722757e-09
Disease	disease_54593	1.8262772664426722e-09
Disease	disease_21366	1.8261448318043988e-09
Disease	disease_10901	1.825741444572612e-09
Disease	disease_7685	1.8246211010021607e-09
Disease	disease_30922	1.824043316974724e-09
Disease	disease_3289	1.8236515475272992e-09
Disease	disease_22560	1.8236515475272992e-09
Disease	disease_12356	1.8228597507843568e-09
Disease	disease_24419	1.8224139243834588e-09
Disease	disease_21077	1.8220649488084438e-09
Disease	disease_22557	1.8215605582199225e-09
Disease	disease_13176	1.8202681716452946e-09
Disease	disease_30914	1.8191984906923175e-09
Disease	disease_23243	1.8181873143220401e-09
Disease	disease_14517	1.8181514638634228e-09
Disease	disease_33006	1.8179727652290898e-09
Disease	disease_10812	1.8179135287481837e-09
Disease	disease_19697	1.8173332458042103e-09
Disease	disease_33008	1.8172496218220186e-09
Disease	disease_8500	1.8166437503405046e-09
Disease	disease_17920	1.8165079358973007e-09
Disease	disease_30902	1.8153349625378676e-09
Disease	disease_17782	1.814337049138693e-09
Disease	disease_9313	1.8141252870216832e-09
Disease	disease_16123	1.812748508838657e-09
Disease	disease_2972	1.8126994364097517e-09
Disease	disease_10929	1.8122813935122395e-09
Disease	disease_5880	1.8117423032687129e-09
Disease	disease_7860	1.8115158870482623e-09
Disease	disease_15497	1.8114892899263675e-09
Disease	disease_20349	1.8111533882287556e-09
Disease	disease_20348	1.8111533882287556e-09
Disease	disease_11460	1.8108392149356621e-09
Disease	disease_29143	1.810598900582631e-09
Disease	disease_5678	1.8101581449178099e-09
Disease	disease_19092	1.8101581449178099e-09
Disease	disease_3842	1.8089699785111739e-09
Disease	disease_11151	1.8080379787955557e-09
Disease	disease_10105	1.8076034811998396e-09
Disease	disease_7615	1.8073285942843445e-09
Disease	disease_13435	1.8071739080817344e-09
Disease	disease_10611	1.8069660727620304e-09
Disease	disease_13232	1.806106551627935e-09
Disease	disease_16157	1.8059668258071816e-09
Disease	disease_9491	1.8053404576302314e-09
Disease	disease_21509	1.805146355695472e-09
Disease	disease_19424	1.8045122614721738e-09
Disease	disease_3170	1.804165003545225e-09
Disease	disease_16115	1.8037879292704907e-09
Disease	disease_10058	1.802542856066026e-09
Disease	disease_5464	1.8016426095406863e-09
Disease	disease_30911	1.801352069673635e-09
Disease	disease_10229	1.8004088893494142e-09
Disease	disease_15300	1.7992387034323041e-09
Disease	disease_24570	1.7990877438616913e-09
Disease	disease_20774	1.798992550287732e-09
Disease	disease_14950	1.798689972058373e-09
Disease	disease_23003	1.798678951598408e-09
Disease	disease_12910	1.798492754978458e-09
Disease	disease_13068	1.798492754978458e-09
Disease	disease_9360	1.7975731215823445e-09
Disease	disease_14839	1.7975056199356932e-09
Disease	disease_19951	1.797228511558386e-09
Disease	disease_20710	1.7967222002537973e-09
Disease	disease_15227	1.7966406520131267e-09
Disease	disease_3343	1.7957570992442832e-09
Disease	disease_32596	1.795717346105227e-09
Disease	disease_13690	1.7949274308523278e-09
Disease	disease_10203	1.7945602951363339e-09
Disease	disease_11488	1.7942454065770653e-09
Disease	disease_24555	1.7940541300491627e-09
Disease	disease_15855	1.7928045664321096e-09
Disease	disease_17057	1.7913853853321543e-09
Disease	disease_10908	1.7913370437784405e-09
Disease	disease_14314	1.7911595476929603e-09
Disease	disease_19393	1.7904295933266667e-09
Disease	disease_13622	1.7889564018749722e-09
Disease	disease_13378	1.7887774857642274e-09
Disease	disease_11994	1.7886961121800786e-09
Disease	disease_8401	1.7886575082283427e-09
Disease	disease_12904	1.7883402324613283e-09
Disease	disease_3561	1.7882853551562306e-09
Disease	disease_16961	1.7876836671957659e-09
Disease	disease_30937	1.7874792015283763e-09
Disease	disease_14781	1.7873966321200748e-09
Disease	disease_11532	1.7869164155521136e-09
Disease	disease_17687	1.7862626741846646e-09
Disease	disease_16843	1.7860541882069439e-09
Disease	disease_9074	1.785547493663235e-09
Disease	disease_1633	1.7845731529575677e-09
Disease	disease_7724	1.7844377000771586e-09
Disease	disease_26722	1.7833546893711614e-09
Disease	disease_54794	1.783194951729909e-09
Disease	disease_7253	1.7824929360033979e-09
Disease	disease_100249	1.7823704205854256e-09
Disease	disease_20226	1.7821733673775878e-09
Disease	disease_32626	1.7812822534782512e-09
Disease	disease_12998	1.7810421115642967e-09
Disease	disease_2435	1.7810167584050357e-09
Disease	disease_10835	1.7809996552067945e-09
Disease	disease_10906	1.776586006876565e-09
Disease	disease_13544	1.7740802638941852e-09
Disease	disease_25425	1.7737613386500676e-09
Disease	disease_16067	1.7728439315629393e-09
Disease	disease_218	1.7720472469597395e-09
Disease	disease_100092	1.7714541327541536e-09
Disease	disease_14187	1.7707720826806738e-09
Disease	disease_1109	1.7702374332043513e-09
Disease	disease_15520	1.7695435864745562e-09
Disease	disease_20507	1.7695435864745562e-09
Disease	disease_15521	1.7695435864745562e-09
Disease	disease_15519	1.7695435864745562e-09
Disease	disease_12890	1.7692350366305534e-09
Disease	disease_7513	1.7692317980238033e-09
Disease	disease_36781	1.7692190116831032e-09
Disease	disease_16112	1.7687986878083172e-09
Disease	disease_3100	1.7684363123007955e-09
Disease	disease_16752	1.768309528594113e-09
Disease	disease_21541	1.7681172683520039e-09
Disease	disease_18861	1.768051856548981e-09
Disease	disease_10823	1.7675105621095062e-09
Disease	disease_10871	1.7672710333551212e-09
Disease	disease_6534	1.7672102534222137e-09
Disease	disease_7905	1.767094923862707e-09
Disease	disease_16357	1.7665772338415721e-09
Disease	disease_2369	1.7664589988609374e-09
Disease	disease_32606	1.765753892216395e-09
Disease	disease_33551	1.765329236637825e-09
Disease	disease_14388	1.7644019730939881e-09
Disease	disease_11732	1.7642149036257586e-09
Disease	disease_60591	1.7641356720796251e-09
Disease	disease_9660	1.764038583905451e-09
Disease	disease_100328	1.7638112774589066e-09
Disease	disease_9633	1.7636892699998577e-09
Disease	disease_13696	1.762022378970183e-09
Disease	disease_22843	1.7619504201512739e-09
Disease	disease_11946	1.7615857575966603e-09
Disease	disease_11188	1.7614783961099508e-09
Disease	disease_12174	1.7610382137883005e-09
Disease	disease_1270	1.7602935758076348e-09
Disease	disease_19129	1.7591139047587384e-09
Disease	disease_100218	1.759107797852569e-09
Disease	disease_15048	1.7583327742941752e-09
Disease	disease_9681	1.7579682004936092e-09
Disease	disease_7272	1.7579601082375594e-09
Disease	disease_7390	1.7579575607416752e-09
Disease	disease_21067	1.7565242863879725e-09
Disease	disease_12692	1.7560377358150153e-09
Disease	disease_12714	1.7559674151192915e-09
Disease	disease_8494	1.75583443926704e-09
Disease	disease_14620	1.7556219139751722e-09
Disease	disease_14003	1.7551757564107054e-09
Disease	disease_100226	1.7544171769199238e-09
Disease	disease_271	1.7540669306455854e-09
Disease	disease_16171	1.7539535233803665e-09
Disease	disease_10365	1.7536667815050327e-09
Disease	disease_23147	1.7526556398942868e-09
Disease	disease_21091	1.7524642089864865e-09
Disease	disease_21026	1.752246456108554e-09
Disease	disease_8610	1.7516458413227223e-09
Disease	disease_16897	1.7512115448950336e-09
Disease	disease_33564	1.7505522875014435e-09
Disease	disease_4142	1.7472909630642517e-09
Disease	disease_13438	1.7466866223889976e-09
Disease	disease_16297	1.7461369831311093e-09
Disease	disease_21532	1.746063451008239e-09
Disease	disease_9966	1.74446833465469e-09
Disease	disease_19396	1.7436686935564725e-09
Disease	disease_10465	1.7429390480797381e-09
Disease	disease_11593	1.741265318760818e-09
Disease	disease_13588	1.739237935015021e-09
Disease	disease_20069	1.739005727132831e-09
Disease	disease_11886	1.7389836474966328e-09
Disease	disease_7204	1.7389012862997614e-09
Disease	disease_7637	1.7385713982467594e-09
Disease	disease_32904	1.737608145546579e-09
Disease	disease_24567	1.7372188323579529e-09
Disease	disease_15566	1.7371371158437781e-09
Disease	disease_2554	1.7370693270575726e-09
Disease	disease_32634	1.7365868206659234e-09
Disease	disease_8572	1.7351937317584838e-09
Disease	disease_3173	1.7351128193821132e-09
Disease	disease_11690	1.7349491810221942e-09
Disease	disease_10867	1.7341542548649138e-09
Disease	disease_8416	1.7338598451821322e-09
Disease	disease_3353	1.7332493171147236e-09
Disease	disease_14931	1.732790956205745e-09
Disease	disease_14870	1.7326389070108354e-09
Disease	disease_21050	1.7325773755026444e-09
Disease	disease_12960	1.7323036333395196e-09
Disease	disease_12190	1.7321220266167686e-09
Disease	disease_10269	1.7293401413451627e-09
Disease	disease_9972	1.7289667334206958e-09
Disease	disease_17849	1.7287025891632621e-09
Disease	disease_11571	1.7286000191986008e-09
Disease	disease_9549	1.7281347779422622e-09
Disease	disease_14729	1.7278519088521777e-09
Disease	disease_18483	1.7272325777451629e-09
Disease	disease_19237	1.7269766593056927e-09
Disease	disease_4250	1.7261958102275835e-09
Disease	disease_727	1.7261386595374652e-09
Disease	disease_9659	1.7260036673931009e-09
Disease	disease_21507	1.7259645865495458e-09
Disease	disease_9463	1.7254505387792622e-09
Disease	disease_24455	1.7245792001367778e-09
Disease	disease_7396	1.7244264515349808e-09
Disease	disease_18549	1.7242357547073287e-09
Disease	disease_21950	1.7241936435827722e-09
Disease	disease_19426	1.7239145492421556e-09
Disease	disease_12125	1.7237206515056736e-09
Disease	disease_8481	1.7228109682332683e-09
Disease	disease_30057	1.7225890859617595e-09
Disease	disease_14693	1.7225583231626197e-09
Disease	disease_10689	1.722202321202466e-09
Disease	disease_21041	1.7221947872238827e-09
Disease	disease_20146	1.7220498050215163e-09
Disease	disease_33364	1.7217567026345482e-09
Disease	disease_13070	1.7215894240677921e-09
Disease	disease_17263	1.7204079648122515e-09
Disease	disease_16375	1.7203609568126638e-09
Disease	disease_17578	1.7191906337315338e-09
Disease	disease_13718	1.7175504454669422e-09
Disease	disease_3241	1.7173459387861565e-09
Disease	disease_14383	1.7173031749463824e-09
Disease	disease_7659	1.716856374115213e-09
Disease	disease_18676	1.7155510624665793e-09
Disease	disease_18674	1.7155510624665793e-09
Disease	disease_19227	1.7153912634623624e-09
Disease	disease_19076	1.7152962649558239e-09
Disease	disease_11637	1.7147131895988897e-09
Disease	disease_10551	1.7143032268464919e-09
Disease	disease_7091	1.7141585098493288e-09
Disease	disease_16811	1.7140418363694788e-09
Disease	disease_17088	1.7137876661672217e-09
Disease	disease_17087	1.7137876661672217e-09
Disease	disease_32822	1.713378868609628e-09
Disease	disease_8384	1.7132610242665156e-09
Disease	disease_16914	1.7128693032306466e-09
Disease	disease_14767	1.7128552734532866e-09
Disease	disease_7898	1.7128053716099603e-09
Disease	disease_7657	1.7128053716099603e-09
Disease	disease_5905	1.712611226166071e-09
Disease	disease_18791	1.7123599709042006e-09
Disease	disease_10162	1.7107924476928493e-09
Disease	disease_8115	1.7103782417020272e-09
Disease	disease_7799	1.7100358831630577e-09
Disease	disease_7709	1.7099317410972863e-09
Disease	disease_7814	1.7097603990196454e-09
Disease	disease_26733	1.7087379100244217e-09
Disease	disease_14532	1.7082358816302027e-09
Disease	disease_24744	1.708122404663195e-09
Disease	disease_2795	1.7076319216568666e-09
Disease	disease_14162	1.7076307454695606e-09
Disease	disease_7901	1.7072994599735186e-09
Disease	disease_33046	1.7070706939292832e-09
Disease	disease_4400	1.7069776517678768e-09
Disease	disease_16193	1.7069105186290709e-09
Disease	disease_18865	1.7060788891766984e-09
Disease	disease_105	1.7055160579661553e-09
Disease	disease_20535	1.7054980843905013e-09
Disease	disease_3824	1.705097199804422e-09
Disease	disease_30872	1.7049589762814446e-09
Disease	disease_12664	1.7045128997213595e-09
Disease	disease_8568	1.704298684155303e-09
Disease	disease_21155	1.7038280038649754e-09
Disease	disease_44921	1.703782234406991e-09
Disease	disease_13659	1.7028302201680971e-09
Disease	disease_9107	1.7013092649048866e-09
Disease	disease_33361	1.7012765429577398e-09
Disease	disease_44330	1.7009002877386713e-09
Disease	disease_20470	1.700885970483492e-09
Disease	disease_43343	1.698212297310776e-09
Disease	disease_2139	1.698212297310776e-09
Disease	disease_6151	1.698212297310776e-09
Disease	disease_1272	1.698212297310776e-09
Disease	disease_2896	1.6978769271693961e-09
Disease	disease_7025	1.6978769271693961e-09
Disease	disease_6992	1.6978769271693961e-09
Disease	disease_33362	1.6975605679278436e-09
Disease	disease_2371	1.696458234160642e-09
Disease	disease_4150	1.696458234160642e-09
Disease	disease_2377	1.696458234160642e-09
Disease	disease_15002	1.6961240459769974e-09
Disease	disease_14946	1.694906007074483e-09
Disease	disease_11672	1.6947165333802603e-09
Disease	disease_14163	1.694525064112271e-09
Disease	disease_10993	1.6942899157633048e-09
Disease	disease_8245	1.6942119808778922e-09
Disease	disease_7107	1.6940617693459883e-09
Disease	disease_18122	1.6936072165612354e-09
Disease	disease_12113	1.6935705341629013e-09
Disease	disease_44617	1.692522822898885e-09
Disease	disease_19178	1.6925075298880313e-09
Disease	disease_18980	1.692036463422066e-09
Disease	disease_15598	1.691565320063489e-09
Disease	disease_1554	1.691131022448495e-09
Disease	disease_2858	1.6902400849165898e-09
Disease	disease_3035	1.6902400849165898e-09
Disease	disease_17948	1.6900170302091542e-09
Disease	disease_4527	1.6900052953760227e-09
Disease	disease_7259	1.6897560270072912e-09
Disease	disease_12534	1.6893851383049582e-09
Disease	disease_22057	1.6884916829157642e-09
Disease	disease_9434	1.6884134235169392e-09
Disease	disease_7261	1.6882914834694062e-09
Disease	disease_10605	1.6872577950432756e-09
Disease	disease_10573	1.686624903557313e-09
Disease	disease_21487	1.686567445287781e-09
Disease	disease_16726	1.6865227438763388e-09
Disease	disease_3278	1.68607486519764e-09
Disease	disease_33559	1.6856215009505077e-09
Disease	disease_18750	1.6844206187410821e-09
Disease	disease_25135	1.6840712595666374e-09
Disease	disease_43247	1.683957408480416e-09
Disease	disease_3517	1.681542109885346e-09
Disease	disease_624	1.6809854597920388e-09
Disease	disease_33259	1.6808596751685461e-09
Disease	disease_6374	1.6804591171150567e-09
Disease	disease_18276	1.6800353190970163e-09
Disease	disease_9886	1.6794520584858117e-09
Disease	disease_15199	1.679112338097239e-09
Disease	disease_34204	1.6780381397538324e-09
Disease	disease_17325	1.677678027178483e-09
Disease	disease_10895	1.6775658358435472e-09
Disease	disease_16947	1.677453702610774e-09
Disease	disease_1365	1.6768810086901153e-09
Disease	disease_19211	1.6768670163151986e-09
Disease	disease_13543	1.676538942011226e-09
Disease	disease_15753	1.6755796514761472e-09
Disease	disease_16194	1.6755067894635642e-09
Disease	disease_1614	1.6752725484918904e-09
Disease	disease_5438	1.6752725484918904e-09
Disease	disease_19074	1.6750768498564465e-09
Disease	disease_11007	1.6743776313238093e-09
Disease	disease_19789	1.6737085935562278e-09
Disease	disease_11858	1.6723432975112227e-09
Disease	disease_8453	1.6720743186004878e-09
Disease	disease_18113	1.6717601101380543e-09
Disease	disease_11564	1.6702143570160203e-09
Disease	disease_10363	1.6700113978752738e-09
Disease	disease_3250	1.6700007417057341e-09
Disease	disease_8955	1.6695487393430774e-09
Disease	disease_3931	1.6691995300702053e-09
Disease	disease_44322	1.668790054803033e-09
Disease	disease_383	1.6685703576188129e-09
Disease	disease_13545	1.6675407025101117e-09
Disease	disease_5902	1.6670488515535674e-09
Disease	disease_14235	1.6666951058002607e-09
Disease	disease_12535	1.666186417426688e-09
Disease	disease_13933	1.6657283875862846e-09
Disease	disease_18665	1.6656977005748722e-09
Disease	disease_17675	1.6655625622373935e-09
Disease	disease_3095	1.6651811280082013e-09
Disease	disease_32644	1.6642881738488672e-09
Disease	disease_32798	1.6637838109418688e-09
Disease	disease_7728	1.6635973977127334e-09
Disease	disease_14258	1.6633994391160914e-09
Disease	disease_7826	1.6632923744002238e-09
Disease	disease_32663	1.6622334662791186e-09
Disease	disease_8451	1.661837624027729e-09
Disease	disease_9185	1.6611676880651656e-09
Disease	disease_9034	1.6607087584861342e-09
Disease	disease_15005	1.6604839225340965e-09
Disease	disease_4199	1.6603841400796954e-09
Disease	disease_60556	1.660049511538369e-09
Disease	disease_10569	1.659079238500642e-09
Disease	disease_8845	1.6583271350948974e-09
Disease	disease_15877	1.658164674387486e-09
Disease	disease_21303	1.657939090677358e-09
Disease	disease_33655	1.6573821763373742e-09
Disease	disease_11177	1.6571293218535065e-09
Disease	disease_13950	1.6560190761298302e-09
Disease	disease_12165	1.6557379454341864e-09
Disease	disease_9907	1.6557152721052646e-09
Disease	disease_5671	1.6554396046472298e-09
Disease	disease_1893	1.6551708618807875e-09
Disease	disease_11979	1.6548571152726446e-09
Disease	disease_18316	1.6546881153254478e-09
Disease	disease_5250	1.6545599613693933e-09
Disease	disease_32578	1.6542645236683524e-09
Disease	disease_26724	1.65410659878356e-09
Disease	disease_24471	1.6540227426665741e-09
Disease	disease_3128	1.653705909994382e-09
Disease	disease_3129	1.653705909994382e-09
Disease	disease_12669	1.653431948506428e-09
Disease	disease_13805	1.6525134500012114e-09
Disease	disease_18061	1.6522180811792428e-09
Disease	disease_16548	1.6515132418873972e-09
Disease	disease_6771	1.650251832624933e-09
Disease	disease_14407	1.6491159839006753e-09
Disease	disease_19926	1.6484904501082743e-09
Disease	disease_19973	1.6482074112628958e-09
Disease	disease_33621	1.6480222864964975e-09
Disease	disease_7962	1.6475136270381236e-09
Disease	disease_9788	1.647201639034546e-09
Disease	disease_2658	1.6467234465876125e-09
Disease	disease_8707	1.6459760610415355e-09
Disease	disease_6854	1.6459184388118627e-09
Disease	disease_15505	1.645514007241342e-09
Disease	disease_9968	1.6451106571824811e-09
Disease	disease_22573	1.6446966650848845e-09
Disease	disease_22574	1.6446966650848845e-09
Disease	disease_14170	1.6434159007213255e-09
Disease	disease_32774	1.6433316971032605e-09
Disease	disease_7237	1.6427693055753862e-09
Disease	disease_16005	1.64260825240836e-09
Disease	disease_17164	1.641973462319779e-09
Disease	disease_21501	1.6416973440133153e-09
Disease	disease_18846	1.6407475244147664e-09
Disease	disease_10492	1.6404232170445505e-09
Disease	disease_972	1.639122088889489e-09
Disease	disease_8425	1.6385603262952504e-09
Disease	disease_14123	1.6383950392954546e-09
Disease	disease_16172	1.6375151009390649e-09
Disease	disease_10667	1.6367542903405091e-09
Disease	disease_18946	1.6366760213173735e-09
Disease	disease_22293	1.6359530206251071e-09
Disease	disease_15210	1.6353274263270988e-09
Disease	disease_8659	1.6338513256954785e-09
Disease	disease_44743	1.6336973058165008e-09
Disease	disease_4314	1.632998172328962e-09
Disease	disease_13290	1.6323516461529612e-09
Disease	disease_5576	1.6321955601386163e-09
Disease	disease_44685	1.6318673289624315e-09
Disease	disease_3021	1.6318308172682611e-09
Disease	disease_7167	1.6313812147266705e-09
Disease	disease_8128	1.6313663420829348e-09
Disease	disease_16174	1.6303477245944017e-09
Disease	disease_14826	1.6299772681111505e-09
Disease	disease_4197	1.629919477380169e-09
Disease	disease_17850	1.6295964396012496e-09
Disease	disease_9166	1.628898042694915e-09
Disease	disease_13975	1.6286892656552865e-09
Disease	disease_30875	1.6282664748974655e-09
Disease	disease_8715	1.6274617222230749e-09
Disease	disease_12188	1.6273619272014594e-09
Disease	disease_937	1.6272421869166089e-09
Disease	disease_100234	1.6270194062408259e-09
Disease	disease_3234	1.626494594505541e-09
Disease	disease_20235	1.6263455616665284e-09
Disease	disease_12683	1.6257725704701406e-09
Disease	disease_3171	1.6255038380532682e-09
Disease	disease_8031	1.6251713608089119e-09
Disease	disease_23757	1.6251439416655902e-09
Disease	disease_44201	1.6238931982778931e-09
Disease	disease_13319	1.623784006282018e-09
Disease	disease_15824	1.62365855613289e-09
Disease	disease_9446	1.622153270000084e-09
Disease	disease_9284	1.6220104013111998e-09
Disease	disease_10452	1.6219937745346508e-09
Disease	disease_11008	1.6218084609752341e-09
Disease	disease_13077	1.6216107347121341e-09
Disease	disease_14374	1.6213125435610578e-09
Disease	disease_14577	1.621228904310537e-09
Disease	disease_1203	1.6207491834901995e-09
Disease	disease_1978	1.6200197575195624e-09
Disease	disease_9470	1.619692324785829e-09
Disease	disease_11430	1.6193734635037355e-09
Disease	disease_2580	1.6189841326645404e-09
Disease	disease_12614	1.617013892619704e-09
Disease	disease_10109	1.6167392873512637e-09
Disease	disease_11642	1.6167165924252763e-09
Disease	disease_24607	1.616077676433704e-09
Disease	disease_14841	1.6160531880293398e-09
Disease	disease_16907	1.615477764259809e-09
Disease	disease_667	1.6153841353570765e-09
Disease	disease_7472	1.6153370495423925e-09
Disease	disease_2718	1.6151486857907032e-09
Disease	disease_19691	1.6134973749114026e-09
Disease	disease_7357	1.6126383235409674e-09
Disease	disease_10141	1.611768344793946e-09
Disease	disease_10015	1.6115833771274417e-09
Disease	disease_13548	1.6115115709977938e-09
Disease	disease_13638	1.6113904760610236e-09
Disease	disease_4390	1.6110359988071375e-09
Disease	disease_1269	1.6110359988071375e-09
Disease	disease_2376	1.610776928211739e-09
Disease	disease_11329	1.6106102675666229e-09
Disease	disease_14836	1.6105270990093486e-09
Disease	disease_24300	1.6105144397120706e-09
Disease	disease_8598	1.6102779505391676e-09
Disease	disease_17734	1.6100279301177818e-09
Disease	disease_20766	1.6097539833549878e-09
Disease	disease_1146	1.6093590678765973e-09
Disease	disease_13174	1.6092664633409237e-09
Disease	disease_10509	1.6091609161289637e-09
Disease	disease_8079	1.6088322134751812e-09
Disease	disease_54742	1.6084115187620578e-09
Disease	disease_9791	1.607953151342643e-09
Disease	disease_14337	1.6077466429554804e-09
Disease	disease_9505	1.6074822448304738e-09
Disease	disease_18877	1.6066690503214462e-09
Disease	disease_15192	1.6065198891976628e-09
Disease	disease_12317	1.6065198891976628e-09
Disease	disease_8309	1.6064403621366766e-09
Disease	disease_14980	1.606168450972593e-09
Disease	disease_2549	1.6061654897412244e-09
Disease	disease_16170	1.6060715902856743e-09
Disease	disease_1884	1.605447685977355e-09
Disease	disease_11133	1.6053787307119161e-09
Disease	disease_19910	1.605269754449264e-09
Disease	disease_820	1.6044012693723294e-09
Disease	disease_21497	1.604354164059343e-09
Disease	disease_17627	1.6028346002546529e-09
Disease	disease_43071	1.6023660154804526e-09
Disease	disease_5838	1.6020500935391974e-09
Disease	disease_14327	1.6019382929961228e-09
Disease	disease_2642	1.6013077329844988e-09
Disease	disease_30029	1.6009263280531028e-09
Disease	disease_9269	1.6004095987444241e-09
Disease	disease_11995	1.60033949890057e-09
Disease	disease_14393	1.6001954257164018e-09
Disease	disease_1539	1.6001052272227421e-09
Disease	disease_1470	1.600076905565844e-09
Disease	disease_32921	1.5998606773072575e-09
Disease	disease_17951	1.5997634876717293e-09
Disease	disease_2410	1.5994547958160634e-09
Disease	disease_32623	1.5992498903661004e-09
Disease	disease_2432	1.5990722326886856e-09
Disease	disease_10964	1.5989081788420733e-09
Disease	disease_8060	1.5988903510048894e-09
Disease	disease_2256	1.5980616341286135e-09
Disease	disease_7673	1.5964376441620564e-09
Disease	disease_7033	1.596396184806769e-09
Disease	disease_1829	1.595445709174131e-09
Disease	disease_8629	1.5953347109034438e-09
Disease	disease_7877	1.5948809987829753e-09
Disease	disease_20741	1.5946918518002893e-09
Disease	disease_32763	1.5933463086542907e-09
Disease	disease_9812	1.5928020209196822e-09
Disease	disease_13593	1.5924798458585122e-09
Disease	disease_15522	1.5922391492854754e-09
Disease	disease_2460	1.5922060520429606e-09
Disease	disease_5900	1.5921591977976434e-09
Disease	disease_32619	1.591326197988275e-09
Disease	disease_13272	1.590643986472173e-09
Disease	disease_11255	1.5905574701519459e-09
Disease	disease_13824	1.590400003874948e-09
Disease	disease_9521	1.5898833019180115e-09
Disease	disease_16520	1.589825821455473e-09
Disease	disease_100086	1.5881104378723917e-09
Disease	disease_4523	1.5871004760968042e-09
Disease	disease_3499	1.5871004760968042e-09
Disease	disease_4316	1.5871004760968042e-09
Disease	disease_4469	1.5871004760968042e-09
Disease	disease_3364	1.5864304020158441e-09
Disease	disease_32607	1.5862417123911888e-09
Disease	disease_8099	1.5856399338711335e-09
Disease	disease_4820	1.5856332959161223e-09
Disease	disease_2659	1.5847681621784614e-09
Disease	disease_33565	1.5839354895923883e-09
Disease	disease_6646	1.5832764862575413e-09
Disease	disease_12814	1.58224937231785e-09
Disease	disease_3555	1.58081404221133e-09
Disease	disease_10388	1.5801927821258168e-09
Disease	disease_4301	1.5801466800749217e-09
Disease	disease_20660	1.5801466800749217e-09
Disease	disease_2627	1.5801466800749217e-09
Disease	disease_17153	1.5798775008401719e-09
Disease	disease_17156	1.5798775008401719e-09
Disease	disease_17155	1.5798775008401719e-09
Disease	disease_17154	1.5798775008401719e-09
Disease	disease_2617	1.5796771244932691e-09
Disease	disease_19071	1.5794454451698306e-09
Disease	disease_14392	1.5792129832731223e-09
Disease	disease_6838	1.57876342099993e-09
Disease	disease_1251	1.5780415923567382e-09
Disease	disease_19621	1.5777932333012103e-09
Disease	disease_3596	1.577165769489098e-09
Disease	disease_9094	1.5767410349020982e-09
Disease	disease_8284	1.5761025974425926e-09
Disease	disease_3692	1.5757995278071118e-09
Disease	disease_11078	1.5756588288933517e-09
Disease	disease_13740	1.5755347683823025e-09
Disease	disease_3253	1.575523868699095e-09
Disease	disease_16614	1.5754046266603146e-09
Disease	disease_32913	1.5752494720262493e-09
Disease	disease_4015	1.575181038718112e-09
Disease	disease_4644	1.5751614748156208e-09
Disease	disease_14817	1.5744329343958693e-09
Disease	disease_13772	1.5744106970009915e-09
Disease	disease_10971	1.5743432187734982e-09
Disease	disease_15799	1.5740305416580446e-09
Disease	disease_19727	1.5733350727950795e-09
Disease	disease_19726	1.5733350727950795e-09
Disease	disease_410	1.5728652315370176e-09
Disease	disease_11569	1.5721354069649527e-09
Disease	disease_14116	1.5710871223652973e-09
Disease	disease_44314	1.5709796256014937e-09
Disease	disease_12849	1.5709250301068445e-09
Disease	disease_1000	1.5691765797198983e-09
Disease	disease_2555	1.568681939264117e-09
Disease	disease_32895	1.568430560335712e-09
Disease	disease_22316	1.5676932589903395e-09
Disease	disease_11853	1.5664122791273048e-09
Disease	disease_5507	1.5662884005417484e-09
Disease	disease_9687	1.5658281047501787e-09
Disease	disease_32588	1.5654830355457699e-09
Disease	disease_21221	1.564799735786294e-09
Disease	disease_7593	1.564703712780305e-09
Disease	disease_12504	1.5644341207712925e-09
Disease	disease_14594	1.5641118436481242e-09
Disease	disease_3901	1.563785890211823e-09
Disease	disease_10505	1.5625489118526098e-09
Disease	disease_15941	1.5624316303050458e-09
Disease	disease_21354	1.5614514444834575e-09
Disease	disease_16972	1.561142684213668e-09
Disease	disease_20763	1.5608655817376304e-09
Disease	disease_40653	1.560586505097947e-09
Disease	disease_12730	1.5603278226595676e-09
Disease	disease_10554	1.5597227816413472e-09
Disease	disease_12498	1.5588905993395471e-09
Disease	disease_4628	1.5586395878960141e-09
Disease	disease_17933	1.5581593986427177e-09
Disease	disease_3755	1.5580446862860938e-09
Disease	disease_32647	1.5575568478707767e-09
Disease	disease_4454	1.5574277054887654e-09
Disease	disease_4455	1.5574277054887654e-09
Disease	disease_6426	1.5570262464287455e-09
Disease	disease_15752	1.5558435042555704e-09
Disease	disease_13796	1.5557898296730365e-09
Disease	disease_15553	1.555733746727535e-09
Disease	disease_8605	1.5550054391882913e-09
Disease	disease_9075	1.5544627360157405e-09
Disease	disease_13938	1.5543644789508722e-09
Disease	disease_9110	1.5533813380297214e-09
Disease	disease_1553	1.5533026804428104e-09
Disease	disease_16956	1.5531383617093357e-09
Disease	disease_17681	1.5527383145431115e-09
Disease	disease_9270	1.5525047808002414e-09
Disease	disease_32703	1.5522144060204061e-09
Disease	disease_15589	1.5519659830907379e-09
Disease	disease_6527	1.5511905311742362e-09
Disease	disease_4128	1.5511121142041044e-09
Disease	disease_24386	1.5511121142041044e-09
Disease	disease_6283	1.5511121142041044e-09
Disease	disease_4237	1.5511121142041044e-09
Disease	disease_645	1.5509876850952438e-09
Disease	disease_10136	1.550789905679142e-09
Disease	disease_21485	1.5497120942146813e-09
Disease	disease_12346	1.5494715621452143e-09
Disease	disease_33374	1.5490063938434296e-09
Disease	disease_13058	1.5478699940049706e-09
Disease	disease_10541	1.5478638391946113e-09
Disease	disease_11437	1.5474161417855676e-09
Disease	disease_8109	1.5469609997486977e-09
Disease	disease_10612	1.5457122923382583e-09
Disease	disease_16918	1.5455123199109048e-09
Disease	disease_11193	1.544827989764116e-09
Disease	disease_13280	1.5447231090320668e-09
Disease	disease_2237	1.5441803606722123e-09
Disease	disease_13154	1.543718679979234e-09
Disease	disease_8005	1.5425753059587585e-09
Disease	disease_37742	1.5425649510338674e-09
Disease	disease_15542	1.5419527296463294e-09
Disease	disease_6487	1.54158348615395e-09
Disease	disease_9599	1.541324657861438e-09
Disease	disease_13401	1.5411884184161376e-09
Disease	disease_11879	1.5409629218501526e-09
Disease	disease_15219	1.5406361884989366e-09
Disease	disease_3685	1.540459674186873e-09
Disease	disease_20195	1.5402895806209918e-09
Disease	disease_54791	1.5402672319407996e-09
Disease	disease_37252	1.5396452416510025e-09
Disease	disease_24478	1.5381033260930198e-09
Disease	disease_13120	1.5374980004174296e-09
Disease	disease_3370	1.5374806484219257e-09
Disease	disease_9316	1.5370172241235762e-09
Disease	disease_723	1.5368617477515702e-09
Disease	disease_11778	1.5366620869224565e-09
Disease	disease_21450	1.5364208595552968e-09
Disease	disease_12161	1.5362599891168933e-09
Disease	disease_33486	1.5361852468784369e-09
Disease	disease_16066	1.5355054719197411e-09
Disease	disease_15711	1.5346673214240411e-09
Disease	disease_13114	1.5320309769434675e-09
Disease	disease_100195	1.5316999402295614e-09
Disease	disease_8976	1.5315948448643253e-09
Disease	disease_13672	1.531312154465858e-09
Disease	disease_14141	1.5312401485038636e-09
Disease	disease_18672	1.530894004834931e-09
Disease	disease_16544	1.530894004834931e-09
Disease	disease_14572	1.5301671836465146e-09
Disease	disease_30706	1.5301066897182192e-09
Disease	disease_6349	1.529588080607796e-09
Disease	disease_20391	1.5289737556466892e-09
Disease	disease_13196	1.5278461932935625e-09
Disease	disease_12732	1.5277809098631324e-09
Disease	disease_9779	1.5276800265697355e-09
Disease	disease_8088	1.5270776476472377e-09
Disease	disease_7337	1.5270339870139703e-09
Disease	disease_12996	1.5262678560848881e-09
Disease	disease_16017	1.5255580719305917e-09
Disease	disease_9429	1.5255296610320657e-09
Disease	disease_5864	1.5255104505985772e-09
Disease	disease_10970	1.5246447169538745e-09
Disease	disease_18574	1.5244753986283152e-09
Disease	disease_32918	1.5244434905038597e-09
Disease	disease_18631	1.5238786443343756e-09
Disease	disease_18984	1.5212594078402896e-09
Disease	disease_21453	1.5212239129841553e-09
Disease	disease_13441	1.5208637252958879e-09
Disease	disease_43683	1.520800506202747e-09
Disease	disease_14825	1.5205535611398646e-09
Disease	disease_60704	1.5201090138704147e-09
Disease	disease_8288	1.5195652915474383e-09
Disease	disease_9407	1.519285135527841e-09
Disease	disease_32828	1.519280272449308e-09
Disease	disease_2638	1.5192519538677012e-09
Disease	disease_3902	1.5187615936604863e-09
Disease	disease_7989	1.5187320646956347e-09
Disease	disease_9243	1.5186420825733024e-09
Disease	disease_32936	1.5179510394945308e-09
Disease	disease_32678	1.5177433215284723e-09
Disease	disease_10972	1.5175766805436497e-09
Disease	disease_2655	1.5170354987453448e-09
Disease	disease_13856	1.517004727902505e-09
Disease	disease_5544	1.5165990833072726e-09
Disease	disease_7560	1.5165524092010764e-09
Disease	disease_11984	1.5157898186566843e-09
Disease	disease_6196	1.5157460649894229e-09
Disease	disease_100093	1.515572058425936e-09
Disease	disease_7498	1.5154256206495605e-09
Disease	disease_7653	1.5143829186405401e-09
Disease	disease_17204	1.5143748750579392e-09
Disease	disease_18486	1.5143748750579392e-09
Disease	disease_4861	1.5143748750579392e-09
Disease	disease_950	1.5143748750579392e-09
Disease	disease_17789	1.5143748750579392e-09
Disease	disease_17299	1.5143748750579392e-09
Disease	disease_13254	1.5140243900600515e-09
Disease	disease_18185	1.5135908156931912e-09
Disease	disease_2847	1.5126677261829696e-09
Disease	disease_8719	1.5126543764498804e-09
Disease	disease_234	1.512540828612917e-09
Disease	disease_19364	1.512540828612917e-09
Disease	disease_227	1.512540828612917e-09
Disease	disease_231	1.512540828612917e-09
Disease	disease_1154	1.512540828612917e-09
Disease	disease_232	1.512540828612917e-09
Disease	disease_10806	1.5125387936443574e-09
Disease	disease_10256	1.5124646193385827e-09
Disease	disease_21915	1.5120312771276868e-09
Disease	disease_584	1.5116340757248198e-09
Disease	disease_3744	1.511266948766744e-09
Disease	disease_4283	1.5105741158587581e-09
Disease	disease_21379	1.510433258963234e-09
Disease	disease_8649	1.5103833445985153e-09
Disease	disease_17771	1.5102401235058132e-09
Disease	disease_12382	1.5097531173332178e-09
Disease	disease_22394	1.508571980886743e-09
Disease	disease_54761	1.5070034015679776e-09
Disease	disease_13576	1.5061888691054433e-09
Disease	disease_16080	1.505700084800032e-09
Disease	disease_16967	1.5052779668171013e-09
Disease	disease_6845	1.5048369197646684e-09
Disease	disease_17385	1.5031452255751995e-09
Disease	disease_8835	1.5029997182353833e-09
Disease	disease_7511	1.5021782384629378e-09
Disease	disease_11048	1.5015238417029293e-09
Disease	disease_894	1.5012565844975846e-09
Disease	disease_9884	1.501233648573936e-09
Disease	disease_7702	1.5011010680204612e-09
Disease	disease_14691	1.5009375779924882e-09
Disease	disease_8773	1.5007643274417206e-09
Disease	disease_18568	1.5005713984506996e-09
Disease	disease_4684	1.5004985240181779e-09
Disease	disease_4035	1.4995998746043258e-09
Disease	disease_3878	1.4993126485760023e-09
Disease	disease_45003	1.4987696034686974e-09
Disease	disease_13758	1.498714785767633e-09
Disease	disease_9782	1.4986995513588326e-09
Disease	disease_5690	1.4985660544463937e-09
Disease	disease_22745	1.4985660544463937e-09
Disease	disease_1003	1.4985660544463937e-09
Disease	disease_1001	1.4985660544463937e-09
Disease	disease_1004	1.4985660544463937e-09
Disease	disease_9543	1.498003782701525e-09
Disease	disease_21514	1.4979575848594076e-09
Disease	disease_16434	1.497362571417489e-09
Disease	disease_7780	1.497284507169573e-09
Disease	disease_13937	1.497158079716219e-09
Disease	disease_14874	1.4966498880579083e-09
Disease	disease_17089	1.4965480835440821e-09
Disease	disease_7363	1.4954944201692749e-09
Disease	disease_17288	1.4943005280956948e-09
Disease	disease_33370	1.4934393404896218e-09
Disease	disease_9997	1.4929452419979336e-09
Disease	disease_2805	1.492427255288748e-09
Disease	disease_7955	1.4922605778554245e-09
Disease	disease_13313	1.4921951129268235e-09
Disease	disease_19232	1.4914162228656381e-09
Disease	disease_11239	1.4914119908958359e-09
Disease	disease_44635	1.490396301288989e-09
Disease	disease_3349	1.4901133554289098e-09
Disease	disease_5616	1.4898419861705151e-09
Disease	disease_54565	1.4894669074496788e-09
Disease	disease_16958	1.4893737471417681e-09
Disease	disease_3118	1.489146613288817e-09
Disease	disease_20307	1.4882070247199963e-09
Disease	disease_8349	1.4880294830278177e-09
Disease	disease_54602	1.487988528504327e-09
Disease	disease_12467	1.4877824615553516e-09
Disease	disease_4089	1.487528631572719e-09
Disease	disease_20372	1.4872173464117971e-09
Disease	disease_8158	1.4867691347403677e-09
Disease	disease_32805	1.486481299048461e-09
Disease	disease_9663	1.4849103303906754e-09
Disease	disease_1666	1.4848230989228382e-09
Disease	disease_11042	1.4847810898473041e-09
Disease	disease_17356	1.4844770587762018e-09
Disease	disease_7111	1.4840037201026846e-09
Disease	disease_11604	1.4836117044934028e-09
Disease	disease_18655	1.4831064745795343e-09
Disease	disease_12019	1.4830836710731678e-09
Disease	disease_33968	1.4828720568419211e-09
Disease	disease_7830	1.4826062969952056e-09
Disease	disease_32730	1.4824451829850622e-09
Disease	disease_3205	1.481816836234431e-09
Disease	disease_6081	1.4812444850278745e-09
Disease	disease_9199	1.480974426806105e-09
Disease	disease_21238	1.4802923791580186e-09
Disease	disease_10752	1.479985023021554e-09
Disease	disease_33560	1.479955145215597e-09
Disease	disease_11260	1.4799443459815714e-09
Disease	disease_7050	1.4794689598250798e-09
Disease	disease_14252	1.4789321395211056e-09
Disease	disease_14398	1.4777957958671431e-09
Disease	disease_12720	1.47772955450726e-09
Disease	disease_3319	1.4775972822485143e-09
Disease	disease_42491	1.4770832722085864e-09
Disease	disease_33850	1.4756500032584325e-09
Disease	disease_15814	1.474876839699274e-09
Disease	disease_15813	1.474876839699274e-09
Disease	disease_13331	1.4748497879962844e-09
Disease	disease_8764	1.4745390480193002e-09
Disease	disease_18080	1.474460389670995e-09
Disease	disease_16479	1.4730752828416925e-09
Disease	disease_9233	1.4727692555701561e-09
Disease	disease_10409	1.4727137656634765e-09
Disease	disease_17135	1.472436163066552e-09
Disease	disease_25370	1.4722935727928164e-09
Disease	disease_12076	1.4722837159311325e-09
Disease	disease_16946	1.472072880260482e-09
Disease	disease_16916	1.4719547511034574e-09
Disease	disease_3769	1.4711655311149097e-09
Disease	disease_13551	1.4709114450659976e-09
Disease	disease_20838	1.470785553901553e-09
Disease	disease_12668	1.4706435588866911e-09
Disease	disease_13628	1.4705462941902535e-09
Disease	disease_14296	1.4703442419643413e-09
Disease	disease_21605	1.4699484742524663e-09
Disease	disease_15369	1.4696890939563006e-09
Disease	disease_6358	1.4692034968194003e-09
Disease	disease_5779	1.4681037943727222e-09
Disease	disease_10152	1.4680251622880315e-09
Disease	disease_20049	1.467861398245775e-09
Disease	disease_10559	1.4675033974977294e-09
Disease	disease_10930	1.4672571970018728e-09
Disease	disease_18623	1.4667709379663568e-09
Disease	disease_32835	1.4662354030523718e-09
Disease	disease_9586	1.465250281503826e-09
Disease	disease_21447	1.4649857099246379e-09
Disease	disease_32934	1.4646465061577207e-09
Disease	disease_14438	1.4639679584196457e-09
Disease	disease_20786	1.4639356633710308e-09
Disease	disease_14783	1.4627084205171686e-09
Disease	disease_20308	1.4623932577785335e-09
Disease	disease_10748	1.462355635748309e-09
Disease	disease_14451	1.4622962527663156e-09
Disease	disease_7806	1.4619831908330233e-09
Disease	disease_3286	1.4618975690702416e-09
Disease	disease_21546	1.4618289209269083e-09
Disease	disease_40753	1.4596380126532918e-09
Disease	disease_23153	1.4596380126532918e-09
Disease	disease_21943	1.4596380126532918e-09
Disease	disease_8351	1.4574877804770352e-09
Disease	disease_8037	1.4574877804770352e-09
Disease	disease_17430	1.4570153159056336e-09
Disease	disease_4064	1.457000951095868e-09
Disease	disease_10670	1.4564998283419106e-09
Disease	disease_13764	1.4560498618657426e-09
Disease	disease_11585	1.456018821161829e-09
Disease	disease_10742	1.4555818711781944e-09
Disease	disease_16776	1.455435888721683e-09
Disease	disease_18257	1.4542568859037934e-09
Disease	disease_8366	1.4538048230082872e-09
Disease	disease_182	1.452923597431045e-09
Disease	disease_16912	1.4526498461063983e-09
Disease	disease_17435	1.452180209475073e-09
Disease	disease_7717	1.4521028628154123e-09
Disease	disease_14816	1.451788038182044e-09
Disease	disease_12446	1.4495802782924162e-09
Disease	disease_8776	1.4495181482072972e-09
Disease	disease_11708	1.4491739509888716e-09
Disease	disease_13418	1.4478906822682372e-09
Disease	disease_9721	1.4478359878954358e-09
Disease	disease_14788	1.44772901383943e-09
Disease	disease_19662	1.447675349790021e-09
Disease	disease_14972	1.446845262734176e-09
Disease	disease_13763	1.4466826039455548e-09
Disease	disease_3031	1.4465432693646266e-09
Disease	disease_19419	1.4463455278652452e-09
Disease	disease_21527	1.4460657795240539e-09
Disease	disease_13656	1.445358282086864e-09
Disease	disease_23158	1.4449957492172952e-09
Disease	disease_14573	1.4444230539786306e-09
Disease	disease_3396	1.4430844134852665e-09
Disease	disease_3327	1.4428221426609559e-09
Disease	disease_19417	1.4421938501521313e-09
Disease	disease_17616	1.4421938501521313e-09
Disease	disease_11116	1.4420946166066018e-09
Disease	disease_7639	1.4414491354461736e-09
Disease	disease_16198	1.4412495149338183e-09
Disease	disease_21454	1.4412406914250825e-09
Disease	disease_3518	1.4411988807263849e-09
Disease	disease_21456	1.441087027391264e-09
Disease	disease_60666	1.4409259745053794e-09
Disease	disease_30071	1.4404729203567722e-09
Disease	disease_100096	1.4395415028008613e-09
Disease	disease_11206	1.4392080604914512e-09
Disease	disease_10077	1.4391287361499147e-09
Disease	disease_14224	1.4382260598291048e-09
Disease	disease_8970	1.4380832564802606e-09
Disease	disease_13923	1.4378720893285394e-09
Disease	disease_13555	1.437548266391393e-09
Disease	disease_13430	1.4372345769557646e-09
Disease	disease_8506	1.436848841817845e-09
Disease	disease_18775	1.435976814655049e-09
Disease	disease_3610	1.4357335868176708e-09
Disease	disease_10508	1.4354400537584477e-09
Disease	disease_6773	1.4354035092107966e-09
Disease	disease_7077	1.43533189114222e-09
Disease	disease_13632	1.4348407573891556e-09
Disease	disease_11389	1.4346007933909146e-09
Disease	disease_8042	1.4344786385044493e-09
Disease	disease_32916	1.4338006313544457e-09
Disease	disease_32910	1.4334984480563514e-09
Disease	disease_12464	1.4332153746884303e-09
Disease	disease_12030	1.4330599927553092e-09
Disease	disease_8508	1.4325961917559942e-09
Disease	disease_10751	1.4319402039103522e-09
Disease	disease_15032	1.431140159705527e-09
Disease	disease_14445	1.4305911916394069e-09
Disease	disease_13688	1.4301114965365762e-09
Disease	disease_30939	1.429645899563213e-09
Disease	disease_10660	1.4289645748463818e-09
Disease	disease_7859	1.428814678112672e-09
Disease	disease_11694	1.4288035785919768e-09
Disease	disease_30046	1.4286894174267462e-09
Disease	disease_21896	1.4283329966331113e-09
Disease	disease_24673	1.4278578774478667e-09
Disease	disease_17962	1.4276211283968811e-09
Disease	disease_13434	1.427210496712132e-09
Disease	disease_54804	1.4271423084978233e-09
Disease	disease_9336	1.4269171032629725e-09
Disease	disease_13395	1.4268622005005649e-09
Disease	disease_4682	1.4262249798653144e-09
Disease	disease_12761	1.4257961826959666e-09
Disease	disease_14645	1.4257176779530232e-09
Disease	disease_15856	1.4255005392868843e-09
Disease	disease_44637	1.424713464176107e-09
Disease	disease_19733	1.4244938503004687e-09
Disease	disease_19732	1.4244938503004687e-09
Disease	disease_19731	1.4244938503004687e-09
Disease	disease_16533	1.4244938503004687e-09
Disease	disease_32880	1.4244649921398395e-09
Disease	disease_9418	1.4243580876320007e-09
Disease	disease_2226	1.4236267784693084e-09
Disease	disease_7426	1.4230416751915376e-09
Disease	disease_23571	1.4229059348942995e-09
Disease	disease_5999	1.4224882753922951e-09
Disease	disease_7308	1.422096668107507e-09
Disease	disease_8650	1.42208280577618e-09
Disease	disease_14688	1.421949317168064e-09
Disease	disease_44323	1.4216851927286705e-09
Disease	disease_30059	1.4213104558915727e-09
Disease	disease_16589	1.421038656204552e-09
Disease	disease_7463	1.421014982418001e-09
Disease	disease_15109	1.420707197129924e-09
Disease	disease_30020	1.4196682756195488e-09
Disease	disease_14101	1.4195967512785046e-09
Disease	disease_7598	1.4195328962763253e-09
Disease	disease_14318	1.4186529944806506e-09
Disease	disease_10454	1.4184638714629144e-09
Disease	disease_24873	1.4176609147269083e-09
Disease	disease_114	1.4146878929527836e-09
Disease	disease_13050	1.414574756877092e-09
Disease	disease_15679	1.414266666261005e-09
Disease	disease_8101	1.4141053222497925e-09
Disease	disease_12413	1.4140250577288528e-09
Disease	disease_32786	1.4140170476010417e-09
Disease	disease_10786	1.413985460212347e-09
Disease	disease_6687	1.4131716550545617e-09
Disease	disease_14384	1.4130565638581179e-09
Disease	disease_33304	1.4128295847418474e-09
Disease	disease_10959	1.4124706355357153e-09
Disease	disease_25491	1.4116991717353865e-09
Disease	disease_11115	1.411518409513442e-09
Disease	disease_14287	1.4113327273137294e-09
Disease	disease_3818	1.41092472631662e-09
Disease	disease_17942	1.4107305720849522e-09
Disease	disease_7770	1.410412430239141e-09
Disease	disease_8066	1.410412430239141e-09
Disease	disease_10292	1.410334361643696e-09
Disease	disease_7469	1.4100654167339836e-09
Disease	disease_7102	1.4099733397973817e-09
Disease	disease_18579	1.4097663753954844e-09
Disease	disease_1754	1.4097265796281992e-09
Disease	disease_13755	1.4087989118849697e-09
Disease	disease_18776	1.408700029312828e-09
Disease	disease_54701	1.4074545296213102e-09
Disease	disease_14552	1.4074425835169653e-09
Disease	disease_14190	1.407350019125563e-09
Disease	disease_6352	1.4069279183069774e-09
Disease	disease_60527	1.4063339542572046e-09
Disease	disease_10853	1.4060057911242462e-09
Disease	disease_11878	1.405625381736361e-09
Disease	disease_10110	1.404432893139837e-09
Disease	disease_44308	1.4040367128374256e-09
Disease	disease_2781	1.4040259853759502e-09
Disease	disease_13273	1.4040048196373215e-09
Disease	disease_15015	1.4036098411075663e-09
Disease	disease_9296	1.4035491081964426e-09
Disease	disease_6262	1.4029045896963463e-09
Disease	disease_7748	1.4027887461962038e-09
Disease	disease_44789	1.4026761585453487e-09
Disease	disease_3516	1.4026443635903214e-09
Disease	disease_16187	1.4023167660481945e-09
Disease	disease_30072	1.4020313554131752e-09
Disease	disease_13266	1.4019730554519176e-09
Disease	disease_16898	1.4010311128423283e-09
Disease	disease_8105	1.400857381427756e-09
Disease	disease_32926	1.4003448138725654e-09
Disease	disease_9961	1.399886604911637e-09
Disease	disease_30929	1.3989976356219723e-09
Disease	disease_8757	1.3989607002636743e-09
Disease	disease_12468	1.3982508713616755e-09
Disease	disease_17197	1.3982378585767718e-09
Disease	disease_11124	1.397748625364432e-09
Disease	disease_5293	1.3976321141402128e-09
Disease	disease_11605	1.3975301350195743e-09
Disease	disease_20769	1.3974539725077534e-09
Disease	disease_13538	1.39742633756753e-09
Disease	disease_13815	1.3966232754905873e-09
Disease	disease_417	1.3958667162313504e-09
Disease	disease_3374	1.3957150831412763e-09
Disease	disease_14269	1.3955529659953684e-09
Disease	disease_15004	1.3954514635792323e-09
Disease	disease_18688	1.3945983975001982e-09
Disease	disease_34127	1.3945983975001982e-09
Disease	disease_18218	1.3943825525852406e-09
Disease	disease_33366	1.3941324381101726e-09
Disease	disease_9016	1.3934617734459413e-09
Disease	disease_10978	1.393223028360881e-09
Disease	disease_13812	1.3926069413895907e-09
Disease	disease_8794	1.3924681987053262e-09
Disease	disease_14838	1.3923546075561037e-09
Disease	disease_2072	1.3917647248181255e-09
Disease	disease_14373	1.3911497625491883e-09
Disease	disease_16136	1.3908508094832374e-09
Disease	disease_29131	1.3900660394959991e-09
Disease	disease_11085	1.3892793475681126e-09
Disease	disease_25404	1.3876118735803018e-09
Disease	disease_7207	1.3874479622164846e-09
Disease	disease_9986	1.3873951142994457e-09
Disease	disease_18418	1.3873734895074675e-09
Disease	disease_11037	1.3872928806038777e-09
Disease	disease_3880	1.3870710793963332e-09
Disease	disease_11523	1.3866166361154342e-09
Disease	disease_5425	1.386453081953705e-09
Disease	disease_3333	1.385984256852946e-09
Disease	disease_14983	1.3857388269412805e-09
Disease	disease_18763	1.3846676264126936e-09
Disease	disease_20937	1.3841707794233368e-09
Disease	disease_7410	1.3837863107695966e-09
Disease	disease_19596	1.3826010376536143e-09
Disease	disease_9814	1.3818823845138208e-09
Disease	disease_19271	1.381336695048892e-09
Disease	disease_32810	1.3810556748587313e-09
Disease	disease_19848	1.381015955801673e-09
Disease	disease_8701	1.3809153179407124e-09
Disease	disease_24286	1.3807608137811886e-09
Disease	disease_158	1.3800140690066398e-09
Disease	disease_15538	1.3797170350726858e-09
Disease	disease_9864	1.3791874416132746e-09
Disease	disease_32886	1.3790399434808233e-09
Disease	disease_16068	1.3789929098691323e-09
Disease	disease_7252	1.3789133686080447e-09
Disease	disease_32691	1.378251404391081e-09
Disease	disease_18232	1.3781431928562467e-09
Disease	disease_44718	1.3777105577877673e-09
Disease	disease_14120	1.3767914068081526e-09
Disease	disease_14551	1.3765807665684984e-09
Disease	disease_2556	1.376140871652927e-09
Disease	disease_11227	1.3759619652779536e-09
Disease	disease_30031	1.3756312705239678e-09
Disease	disease_24661	1.3740937532777186e-09
Disease	disease_11501	1.3739879918893248e-09
Disease	disease_19670	1.3729548468323422e-09
Disease	disease_15230	1.3726793057792196e-09
Disease	disease_9566	1.3713412723188321e-09
Disease	disease_1778	1.3712942947417806e-09
Disease	disease_30916	1.371181813833597e-09
Disease	disease_7346	1.3708309326887571e-09
Disease	disease_3143	1.3703254549284595e-09
Disease	disease_12571	1.3701089582483754e-09
Disease	disease_6887	1.3698717764805566e-09
Disease	disease_12411	1.3696804947823578e-09
Disease	disease_33658	1.3687259477191918e-09
Disease	disease_7006	1.3684359919910519e-09
Disease	disease_32600	1.3680727771810685e-09
Disease	disease_31230	1.3676498593057346e-09
Disease	disease_9163	1.3671528716870906e-09
Disease	disease_8205	1.3669587647949657e-09
Disease	disease_10137	1.3668217878970376e-09
Disease	disease_17114	1.3659711104800977e-09
Disease	disease_32590	1.3652921266862375e-09
Disease	disease_4687	1.3647251414905362e-09
Disease	disease_2641	1.3640593013659243e-09
Disease	disease_21727	1.3640593013659243e-09
Disease	disease_1856	1.3640593013659243e-09
Disease	disease_5490	1.3640593013659243e-09
Disease	disease_43187	1.3640593013659243e-09
Disease	disease_32650	1.3636348056206328e-09
Disease	disease_13411	1.363394578095207e-09
Disease	disease_5776	1.3632027597451683e-09
Disease	disease_10022	1.3621370326045595e-09
Disease	disease_13994	1.3619463829853228e-09
Disease	disease_33369	1.3615232464515758e-09
Disease	disease_8791	1.3614987783467324e-09
Disease	disease_10846	1.3603436136587311e-09
Disease	disease_9097	1.360217510409464e-09
Disease	disease_11703	1.359756661231895e-09
Disease	disease_11892	1.3597502821319147e-09
Disease	disease_14325	1.3595152656819837e-09
Disease	disease_654	1.359281269388451e-09
Disease	disease_14012	1.3585981683888471e-09
Disease	disease_4208	1.3582980406168707e-09
Disease	disease_1433	1.357757693776361e-09
Disease	disease_15136	1.3574220157883036e-09
Disease	disease_5949	1.3570235435349348e-09
Disease	disease_32618	1.3569663139624162e-09
Disease	disease_11620	1.3568770311392926e-09
Disease	disease_17930	1.3568770311392926e-09
Disease	disease_8136	1.356674296071696e-09
Disease	disease_9127	1.3556848359055367e-09
Disease	disease_14230	1.3554888360098257e-09
Disease	disease_25419	1.3548116785565916e-09
Disease	disease_33372	1.3547198943492455e-09
Disease	disease_13939	1.354370842325669e-09
Disease	disease_6561	1.3539919187376658e-09
Disease	disease_32942	1.353908279095957e-09
Disease	disease_17562	1.3527200610392632e-09
Disease	disease_17563	1.3527200610392632e-09
Disease	disease_1411	1.35246144893936e-09
Disease	disease_12723	1.3518825196387106e-09
Disease	disease_15728	1.3516829755218957e-09
Disease	disease_15580	1.3508255248229438e-09
Disease	disease_8578	1.350408369120714e-09
Disease	disease_21300	1.3503074001713995e-09
Disease	disease_2193	1.3499237064606658e-09
Disease	disease_333	1.3497284175232585e-09
Disease	disease_7314	1.3497201635493706e-09
Disease	disease_4477	1.349673029397188e-09
Disease	disease_11040	1.3491587188164663e-09
Disease	disease_15318	1.3483345679831444e-09
Disease	disease_13930	1.347991852409854e-09
Disease	disease_24507	1.347989650150668e-09
Disease	disease_4006	1.3477547597868417e-09
Disease	disease_16573	1.3475552361651205e-09
Disease	disease_4229	1.3471179835526835e-09
Disease	disease_14599	1.3467266417258076e-09
Disease	disease_7755	1.346500297968694e-09
Disease	disease_8161	1.3462817540703601e-09
Disease	disease_32768	1.346246237962264e-09
Disease	disease_8122	1.3450277827555747e-09
Disease	disease_6701	1.3443829017572738e-09
Disease	disease_4133	1.3443829017572738e-09
Disease	disease_20648	1.3442784600426341e-09
Disease	disease_8035	1.344109931383859e-09
Disease	disease_7228	1.344024878901122e-09
Disease	disease_44981	1.3434947946146522e-09
Disease	disease_1535	1.3433399333525053e-09
Disease	disease_15535	1.3430154497987337e-09
Disease	disease_100250	1.3429382200050448e-09
Disease	disease_20777	1.3429176211301524e-09
Disease	disease_14288	1.3426681174544153e-09
Disease	disease_16909	1.3419662949877377e-09
Disease	disease_12869	1.3412462461001784e-09
Disease	disease_17005	1.3406819047729293e-09
Disease	disease_32696	1.3405489508826302e-09
Disease	disease_44969	1.340377854283237e-09
Disease	disease_14492	1.339521025627829e-09
Disease	disease_7895	1.3393012669479097e-09
Disease	disease_6524	1.338500300328312e-09
Disease	disease_30925	1.338366842038915e-09
Disease	disease_13624	1.3377094223328998e-09
Disease	disease_10989	1.3376065221003753e-09
Disease	disease_32832	1.3374767868224312e-09
Disease	disease_19239	1.337079104918062e-09
Disease	disease_14351	1.3369659603137277e-09
Disease	disease_14959	1.3365778778243702e-09
Disease	disease_10265	1.336466568595389e-09
Disease	disease_8696	1.3360669000066288e-09
Disease	disease_20161	1.3357824598201253e-09
Disease	disease_7974	1.3357624532200143e-09
Disease	disease_16652	1.3349560873912736e-09
Disease	disease_17270	1.334728186450773e-09
Disease	disease_5739	1.3345925616345172e-09
Disease	disease_13252	1.3345184111206403e-09
Disease	disease_8699	1.334494054825982e-09
Disease	disease_20019	1.3341358598193629e-09
Disease	disease_33045	1.3338603160223312e-09
Disease	disease_1746	1.333831378743972e-09
Disease	disease_24663	1.3333250378955795e-09
Disease	disease_18639	1.3330028603262572e-09
Disease	disease_8402	1.3323488031743373e-09
Disease	disease_54780	1.3319025449319683e-09
Disease	disease_17281	1.3318309957998445e-09
Disease	disease_18778	1.3315929402240572e-09
Disease	disease_14482	1.3310448552039281e-09
Disease	disease_7241	1.3300019864007239e-09
Disease	disease_14178	1.3294864590812946e-09
Disease	disease_4134	1.3290444849942757e-09
Disease	disease_8541	1.3287318602686116e-09
Disease	disease_20659	1.3285513263300048e-09
Disease	disease_14579	1.328051039280945e-09
Disease	disease_32577	1.3276508304279432e-09
Disease	disease_15342	1.3270607103345942e-09
Disease	disease_44343	1.326483723623306e-09
Disease	disease_7819	1.3258608903552797e-09
Disease	disease_7509	1.3257744756218653e-09
Disease	disease_32617	1.3256507250279524e-09
Disease	disease_60765	1.3251233024026347e-09
Disease	disease_3384	1.3250214262459783e-09
Disease	disease_10440	1.324834075811067e-09
Disease	disease_1099	1.3242303584307073e-09
Disease	disease_9547	1.3234637548185807e-09
Disease	disease_1285	1.3234460124505838e-09
Disease	disease_32622	1.3234016312247598e-09
Disease	disease_15405	1.3233915449217103e-09
Disease	disease_14155	1.3233544980972662e-09
Disease	disease_12421	1.323309147673846e-09
Disease	disease_14112	1.3229614644468426e-09
Disease	disease_4611	1.3227586061630167e-09
Disease	disease_10649	1.3226773848481318e-09
Disease	disease_33308	1.32183459365842e-09
Disease	disease_24746	1.3216543773213155e-09
Disease	disease_10289	1.3214520089968438e-09
Disease	disease_7384	1.3208525449306392e-09
Disease	disease_20748	1.3204970070696139e-09
Disease	disease_19392	1.319034740205636e-09
Disease	disease_12734	1.3189708454763075e-09
Disease	disease_18430	1.3189048501385633e-09
Disease	disease_100134	1.3184040814379301e-09
Disease	disease_665	1.3183513269129043e-09
Disease	disease_16610	1.3175841439555456e-09
Disease	disease_16099	1.3175841439555456e-09
Disease	disease_16609	1.3175841439555456e-09
Disease	disease_9455	1.3173756957858032e-09
Disease	disease_13853	1.3165629457136416e-09
Disease	disease_15781	1.3162549770330183e-09
Disease	disease_17529	1.3155297830202802e-09
Disease	disease_17530	1.3155297830202802e-09
Disease	disease_13687	1.315172634185456e-09
Disease	disease_18253	1.3151370559795488e-09
Disease	disease_10007	1.3148002040319359e-09
Disease	disease_16847	1.3144930948056387e-09
Disease	disease_8807	1.3140785240083902e-09
Disease	disease_10335	1.3138604021528728e-09
Disease	disease_4163	1.313783873382855e-09
Disease	disease_14377	1.3135600697884275e-09
Disease	disease_33954	1.3130975260254564e-09
Disease	disease_32846	1.3130288415370968e-09
Disease	disease_14958	1.3118810923043435e-09
Disease	disease_20630	1.3115666392339679e-09
Disease	disease_6365	1.3113607715808518e-09
Disease	disease_9328	1.3093273504835266e-09
Disease	disease_13895	1.3087999377921265e-09
Disease	disease_10980	1.3077243965410382e-09
Disease	disease_22417	1.3074947947416264e-09
Disease	disease_1268	1.3072793337750434e-09
Disease	disease_33092	1.3071460566955626e-09
Disease	disease_20291	1.3070172233236224e-09
Disease	disease_1396	1.306936156819056e-09
Disease	disease_5399	1.3069045439964812e-09
Disease	disease_17818	1.3069045439964812e-09
Disease	disease_9932	1.3061623722559473e-09
Disease	disease_10924	1.306009572266661e-09
Disease	disease_6233	1.3060057953233349e-09
Disease	disease_10416	1.3059997740189375e-09
Disease	disease_9998	1.3059908608969217e-09
Disease	disease_3337	1.3058505939957434e-09
Disease	disease_13573	1.3051273862378727e-09
Disease	disease_16854	1.3045012916862883e-09
Disease	disease_2372	1.3044356532464438e-09
Disease	disease_10271	1.304152565679867e-09
Disease	disease_13461	1.3041442591169793e-09
Disease	disease_13695	1.3040984556039123e-09
Disease	disease_10226	1.3026110562532057e-09
Disease	disease_21460	1.3024239420069431e-09
Disease	disease_12895	1.3022670290579475e-09
Disease	disease_11587	1.3016459548528853e-09
Disease	disease_1368	1.3015493825598602e-09
Disease	disease_1983	1.3015493825598602e-09
Disease	disease_2449	1.3015493825598602e-09
Disease	disease_10764	1.3011818497658773e-09
Disease	disease_26767	1.3007521358528215e-09
Disease	disease_43762	1.2998771266434679e-09
Disease	disease_7365	1.2997627747140752e-09
Disease	disease_25512	1.299633327437931e-09
Disease	disease_1629	1.299633327437931e-09
Disease	disease_12027	1.299633327437931e-09
Disease	disease_12028	1.299633327437931e-09
Disease	disease_18756	1.299633327437931e-09
Disease	disease_12263	1.299633327437931e-09
Disease	disease_5435	1.299633327437931e-09
Disease	disease_19774	1.2995525428793171e-09
Disease	disease_18416	1.2989891307517737e-09
Disease	disease_60671	1.298519277083633e-09
Disease	disease_30861	1.2967463467475306e-09
Disease	disease_14027	1.2957688726974963e-09
Disease	disease_8691	1.2955435755192384e-09
Disease	disease_11297	1.2951015048830515e-09
Disease	disease_12855	1.2950423550570177e-09
Disease	disease_20771	1.2948622151587164e-09
Disease	disease_12865	1.2947857522020184e-09
Disease	disease_24545	1.294095180222404e-09
Disease	disease_30898	1.2940924100182635e-09
Disease	disease_30981	1.2940924100182635e-09
Disease	disease_30971	1.2940924100182635e-09
Disease	disease_30973	1.2940924100182635e-09
Disease	disease_8971	1.2938559108265256e-09
Disease	disease_15228	1.293379194930925e-09
Disease	disease_13725	1.2931207333222683e-09
Disease	disease_7480	1.2929942870966159e-09
Disease	disease_8992	1.2926783609630929e-09
Disease	disease_6717	1.2923577858374342e-09
Disease	disease_20485	1.292183990541395e-09
Disease	disease_32937	1.292095903831743e-09
Disease	disease_9787	1.2918887121014497e-09
Disease	disease_1157	1.291715981353537e-09
Disease	disease_2027	1.291715981353537e-09
Disease	disease_30919	1.2914974679689083e-09
Disease	disease_9435	1.2911670850572353e-09
Disease	disease_13448	1.2906544557294738e-09
Disease	disease_12846	1.2906544557294738e-09
Disease	disease_1459	1.2904479289624218e-09
Disease	disease_12171	1.2904122828530097e-09
Disease	disease_40501	1.2900619857926767e-09
Disease	disease_10700	1.290009553744315e-09
Disease	disease_14137	1.289271415611231e-09
Disease	disease_12484	1.2892268280018102e-09
Disease	disease_9600	1.288782974572034e-09
Disease	disease_21529	1.2885646536762913e-09
Disease	disease_32665	1.2883297884088715e-09
Disease	disease_5396	1.2878728065847945e-09
Disease	disease_13532	1.2872789784988944e-09
Disease	disease_3885	1.2870477882045481e-09
Disease	disease_4701	1.2870325177511936e-09
Disease	disease_13173	1.286796050896123e-09
Disease	disease_9709	1.2865983236991528e-09
Disease	disease_32662	1.2864037072022485e-09
Disease	disease_13882	1.2861944474269818e-09
Disease	disease_12682	1.2857785189369808e-09
Disease	disease_11627	1.2852971137607083e-09
Disease	disease_18566	1.28518923744418e-09
Disease	disease_30116	1.2845946256032223e-09
Disease	disease_10928	1.2844657413889933e-09
Disease	disease_19786	1.2841751669595231e-09
Disease	disease_13948	1.2840316068437235e-09
Disease	disease_16580	1.284009365471158e-09
Disease	disease_21469	1.283867294167189e-09
Disease	disease_10781	1.283827553840079e-09
Disease	disease_6313	1.2835129641518155e-09
Disease	disease_14909	1.2832577108400636e-09
Disease	disease_13017	1.2831163191621034e-09
Disease	disease_54716	1.2830543446956511e-09
Disease	disease_10380	1.2822899645900636e-09
Disease	disease_111	1.2822199062362103e-09
Disease	disease_17913	1.281999842831645e-09
Disease	disease_1458	1.2817117908326371e-09
Disease	disease_13388	1.2812617576201312e-09
Disease	disease_12292	1.2812590324880009e-09
Disease	disease_7153	1.2811876532025158e-09
Disease	disease_9769	1.281164200519802e-09
Disease	disease_37871	1.2806485895552103e-09
Disease	disease_6398	1.2804787086140239e-09
Disease	disease_5899	1.2803989504127593e-09
Disease	disease_15093	1.2797859201080176e-09
Disease	disease_20305	1.2797002067726168e-09
Disease	disease_3369	1.2795980083062272e-09
Disease	disease_12078	1.2782928630559587e-09
Disease	disease_7833	1.2782617534474851e-09
Disease	disease_15562	1.2772599774234646e-09
Disease	disease_11947	1.2767488902428215e-09
Disease	disease_4130	1.2764025973378293e-09
Disease	disease_13274	1.2758216423920962e-09
Disease	disease_9178	1.2756888243879306e-09
Disease	disease_14439	1.2753214198968692e-09
Disease	disease_54581	1.2752768777250708e-09
Disease	disease_15238	1.2745439922415124e-09
Disease	disease_5895	1.2745386571637998e-09
Disease	disease_5705	1.2745386571637998e-09
Disease	disease_4755	1.2745386571637998e-09
Disease	disease_4666	1.2745386571637998e-09
Disease	disease_5729	1.2745386571637998e-09
Disease	disease_5759	1.2745386571637998e-09
Disease	disease_5870	1.2745386571637998e-09
Disease	disease_4662	1.2745386571637998e-09
Disease	disease_295	1.2745386571637998e-09
Disease	disease_4672	1.2745386571637998e-09
Disease	disease_5802	1.2745386571637998e-09
Disease	disease_32687	1.2736848308023847e-09
Disease	disease_54831	1.2736561811133072e-09
Disease	disease_32635	1.273610723536228e-09
Disease	disease_18625	1.2735909822425627e-09
Disease	disease_18581	1.2735909822425627e-09
Disease	disease_18629	1.2735909822425627e-09
Disease	disease_16433	1.2730886384725468e-09
Disease	disease_30910	1.272791492725885e-09
Disease	disease_11264	1.2721461767540801e-09
Disease	disease_11770	1.2719908385308494e-09
Disease	disease_12080	1.2701223622733952e-09
Disease	disease_15642	1.270111979863996e-09
Disease	disease_17165	1.2694096336694028e-09
Disease	disease_17538	1.2692192985063224e-09
Disease	disease_17536	1.2692192985063224e-09
Disease	disease_17535	1.2692192985063224e-09
Disease	disease_17537	1.2692192985063224e-09
Disease	disease_18303	1.2683515216834133e-09
Disease	disease_8387	1.2679113531071828e-09
Disease	disease_31439	1.267879179073155e-09
Disease	disease_9784	1.267763257034825e-09
Disease	disease_33352	1.2671495837155854e-09
Disease	disease_8400	1.2671274814718863e-09
Disease	disease_19446	1.2660903482827652e-09
Disease	disease_14014	1.2660398462968568e-09
Disease	disease_42973	1.2660126405736093e-09
Disease	disease_14447	1.265011030817649e-09
Disease	disease_3870	1.2642075809184109e-09
Disease	disease_15482	1.2631094145450788e-09
Disease	disease_11948	1.2628047675205445e-09
Disease	disease_13149	1.2613098739867464e-09
Disease	disease_14024	1.2612935737405381e-09
Disease	disease_9301	1.2611674140248275e-09
Disease	disease_9629	1.2602085413618522e-09
Disease	disease_389	1.2601733492369034e-09
Disease	disease_20110	1.2591970000953289e-09
Disease	disease_2434	1.2580000187751044e-09
Disease	disease_20039	1.2574371745669e-09
Disease	disease_20304	1.2568355020050633e-09
Disease	disease_19551	1.2564906822777427e-09
Disease	disease_12164	1.2563464886481164e-09
Disease	disease_2745	1.2561966117873275e-09
Disease	disease_1667	1.2561729948341176e-09
Disease	disease_19447	1.2559074298606668e-09
Disease	disease_10843	1.255732975451466e-09
Disease	disease_17923	1.2554592822830088e-09
Disease	disease_21377	1.2554438848015447e-09
Disease	disease_9118	1.2553757328791563e-09
Disease	disease_7199	1.2549745887657535e-09
Disease	disease_17852	1.2546659718845468e-09
Disease	disease_18250	1.2542190213439561e-09
Disease	disease_8821	1.2541039266093792e-09
Disease	disease_12928	1.2539101341157387e-09
Disease	disease_12909	1.2538058915626913e-09
Disease	disease_32592	1.2528475937867535e-09
Disease	disease_14903	1.2526612380135148e-09
Disease	disease_60456	1.2523958752097656e-09
Disease	disease_14661	1.2518075615763198e-09
Disease	disease_8313	1.2508233366058362e-09
Disease	disease_32653	1.2506884945743159e-09
Disease	disease_34976	1.250300924023231e-09
Disease	disease_10799	1.250179076802875e-09
Disease	disease_10189	1.2500277879066095e-09
Disease	disease_3047	1.2497065740704952e-09
Disease	disease_5730	1.248763798928983e-09
Disease	disease_32787	1.2486356360511466e-09
Disease	disease_9545	1.2483110265274357e-09
Disease	disease_32932	1.248257576503638e-09
Disease	disease_14272	1.2480371414325518e-09
Disease	disease_14615	1.2478206639596412e-09
Disease	disease_14348	1.2474910051065926e-09
Disease	disease_14051	1.2459674267636614e-09
Disease	disease_16186	1.2457586342661887e-09
Disease	disease_3377	1.245632684801765e-09
Disease	disease_10567	1.2454608000200897e-09
Disease	disease_7226	1.24534772483963e-09
Disease	disease_4550	1.2451330874927435e-09
Disease	disease_12867	1.244795732353735e-09
Disease	disease_21013	1.2438372790388943e-09
Disease	disease_22985	1.2427218018126197e-09
Disease	disease_2853	1.242610862640767e-09
Disease	disease_8363	1.2415555081188e-09
Disease	disease_10881	1.2414622982842166e-09
Disease	disease_8286	1.2407740745081593e-09
Disease	disease_13482	1.24014840331819e-09
Disease	disease_10352	1.2399905423060976e-09
Disease	disease_44700	1.239903283569817e-09
Disease	disease_13311	1.2398272041267472e-09
Disease	disease_14636	1.2396801079879006e-09
Disease	disease_23595	1.2395092098357006e-09
Disease	disease_8621	1.2394388504090078e-09
Disease	disease_3372	1.2388862049123912e-09
Disease	disease_12311	1.2387260539683966e-09
Disease	disease_14627	1.2382924541030704e-09
Disease	disease_19068	1.237987246139534e-09
Disease	disease_20476	1.236828937964509e-09
Disease	disease_1565	1.236825638951879e-09
Disease	disease_13490	1.2362040115269684e-09
Disease	disease_6442	1.236016537420644e-09
Disease	disease_18644	1.2343709870754591e-09
Disease	disease_1894	1.234347838832223e-09
Disease	disease_9701	1.233737159431503e-09
Disease	disease_15883	1.2325121682214867e-09
Disease	disease_8282	1.2324030640873885e-09
Disease	disease_8299	1.2323058976391217e-09
Disease	disease_12462	1.2322841103251787e-09
Disease	disease_10821	1.2319332113785423e-09
Disease	disease_35117	1.2319294385277923e-09
Disease	disease_9749	1.2299010077271192e-09
Disease	disease_17866	1.2296604083347775e-09
Disease	disease_17870	1.2296604083347775e-09
Disease	disease_8020	1.229473229694977e-09
Disease	disease_11114	1.2292204426048338e-09
Disease	disease_44791	1.2291147101905917e-09
Disease	disease_32661	1.2277740123812593e-09
Disease	disease_8590	1.2275289613520732e-09
Disease	disease_9040	1.227513630993606e-09
Disease	disease_9489	1.2274142778635274e-09
Disease	disease_8937	1.2266644892005865e-09
Disease	disease_24461	1.2264673042650152e-09
Disease	disease_7374	1.2262168607926121e-09
Disease	disease_7973	1.2261209053077115e-09
Disease	disease_32565	1.225968459693188e-09
Disease	disease_7306	1.2256007259381978e-09
Disease	disease_3754	1.2252546956360397e-09
Disease	disease_4882	1.224969648514932e-09
Disease	disease_12432	1.224916599724944e-09
Disease	disease_16378	1.22465055213196e-09
Disease	disease_11505	1.2246328984926544e-09
Disease	disease_23573	1.2244843789602118e-09
Disease	disease_10838	1.2241785770637174e-09
Disease	disease_8991	1.2241591842540473e-09
Disease	disease_13334	1.224140733056877e-09
Disease	disease_22608	1.2239420905816126e-09
Disease	disease_60507	1.223082099126969e-09
Disease	disease_16467	1.2226748726568988e-09
Disease	disease_14008	1.2217760822055857e-09
Disease	disease_20193	1.2215742524833652e-09
Disease	disease_8160	1.2213344332068813e-09
Disease	disease_33015	1.221181877260345e-09
Disease	disease_7180	1.2211754909831367e-09
Disease	disease_15022	1.221060794240872e-09
Disease	disease_7096	1.2208431196260117e-09
Disease	disease_9244	1.2208092924950187e-09
Disease	disease_6537	1.2202890960644058e-09
Disease	disease_14556	1.2202384032425282e-09
Disease	disease_3827	1.2201942098423256e-09
Disease	disease_14303	1.2200853706729622e-09
Disease	disease_3091	1.2198384438508608e-09
Disease	disease_22983	1.2196260040060142e-09
Disease	disease_18635	1.2196260040060142e-09
Disease	disease_18382	1.2196260040060142e-09
Disease	disease_17117	1.2194877429731919e-09
Disease	disease_30941	1.2192446886764502e-09
Disease	disease_14633	1.2181043265905543e-09
Disease	disease_20204	1.2177569419887585e-09
Disease	disease_13429	1.2176215534735413e-09
Disease	disease_24281	1.2175218090500043e-09
Disease	disease_16461	1.2174299138731696e-09
Disease	disease_12235	1.2166587450745e-09
Disease	disease_10933	1.2166549736942787e-09
Disease	disease_10515	1.2157867578765902e-09
Disease	disease_20404	1.2156288953254443e-09
Disease	disease_10563	1.2152311720554464e-09
Disease	disease_1763	1.215019849588087e-09
Disease	disease_10318	1.2146856585409733e-09
Disease	disease_33311	1.2145946042451704e-09
Disease	disease_12373	1.214394132465884e-09
Disease	disease_44203	1.2141482979080247e-09
Disease	disease_8236	1.2139355826161822e-09
Disease	disease_8844	1.2134061565097946e-09
Disease	disease_10144	1.2126664607821965e-09
Disease	disease_14173	1.2122601130757433e-09
Disease	disease_14433	1.2118778531012e-09
Disease	disease_14662	1.211745483688937e-09
Disease	disease_13609	1.2113443294578236e-09
Disease	disease_12562	1.2105430188711851e-09
Disease	disease_2096	1.2096541834549854e-09
Disease	disease_32875	1.2096124987361674e-09
Disease	disease_8335	1.2094494680335858e-09
Disease	disease_16287	1.2092521315143445e-09
Disease	disease_9142	1.2091462313875583e-09
Disease	disease_10815	1.2089854630008403e-09
Disease	disease_10684	1.2088184966491494e-09
Disease	disease_60677	1.208805412047585e-09
Disease	disease_7516	1.2085828776748679e-09
Disease	disease_14926	1.2085535357009771e-09
Disease	disease_9912	1.2079378662760106e-09
Disease	disease_11452	1.2078209014399251e-09
Disease	disease_11375	1.2073914729553968e-09
Disease	disease_20634	1.2070844786753212e-09
Disease	disease_954	1.2065599817904419e-09
Disease	disease_9619	1.2056148879127948e-09
Disease	disease_12946	1.2053289092672902e-09
Disease	disease_3187	1.205166371308954e-09
Disease	disease_9969	1.2047171252300477e-09
Disease	disease_10849	1.2045990596247569e-09
Disease	disease_7842	1.2038295017595038e-09
Disease	disease_14214	1.2034007551571182e-09
Disease	disease_12005	1.2032280236475888e-09
Disease	disease_14906	1.2030313933288359e-09
Disease	disease_12225	1.2028370946714254e-09
Disease	disease_49223	1.2024782500821693e-09
Disease	disease_17002	1.2022139839715045e-09
Disease	disease_32836	1.2017369734181905e-09
Disease	disease_10348	1.2013857754895112e-09
Disease	disease_13506	1.2013857754895112e-09
Disease	disease_11689	1.2013857754895112e-09
Disease	disease_11418	1.2013857754895112e-09
Disease	disease_11747	1.2013857754895112e-09
Disease	disease_13392	1.2008427507699106e-09
Disease	disease_12694	1.2002130637960897e-09
Disease	disease_7157	1.2000516201133053e-09
Disease	disease_22357	1.2000097054011517e-09
Disease	disease_10166	1.1996103392164182e-09
Disease	disease_32814	1.1993524795980772e-09
Disease	disease_2101	1.1991904561229733e-09
Disease	disease_15485	1.1990473206418017e-09
Disease	disease_14932	1.1962730311146462e-09
Disease	disease_3376	1.1961556824124006e-09
Disease	disease_32860	1.196063960361909e-09
Disease	disease_8285	1.1958644995011119e-09
Disease	disease_3761	1.1952001967396734e-09
Disease	disease_7439	1.1948690808629467e-09
Disease	disease_8898	1.1933905512482825e-09
Disease	disease_21476	1.193376139402999e-09
Disease	disease_14914	1.1929561797800625e-09
Disease	disease_7433	1.1929366388974342e-09
Disease	disease_13345	1.1928921381935772e-09
Disease	disease_32642	1.1928060939617018e-09
Disease	disease_11131	1.192783742893859e-09
Disease	disease_7371	1.1926397574944586e-09
Disease	disease_8027	1.1924748326313305e-09
Disease	disease_2578	1.1915204130169194e-09
Disease	disease_3388	1.1912674227925752e-09
Disease	disease_32797	1.1911338132926927e-09
Disease	disease_11179	1.1911051344049612e-09
Disease	disease_17116	1.1908547829154325e-09
Disease	disease_10467	1.1904466386059365e-09
Disease	disease_13899	1.1895827647569931e-09
Disease	disease_8593	1.1893229493577504e-09
Disease	disease_3261	1.1889455382000487e-09
Disease	disease_15352	1.1884101397102951e-09
Disease	disease_3331	1.188391463612777e-09
Disease	disease_13493	1.1873429956070322e-09
Disease	disease_19984	1.1865072127368094e-09
Disease	disease_19985	1.1865072127368094e-09
Disease	disease_6994	1.1863769506102656e-09
Disease	disease_8551	1.1860518133664851e-09
Disease	disease_11951	1.1856671407533456e-09
Disease	disease_10025	1.1855806914492938e-09
Disease	disease_13072	1.1850968541160145e-09
Disease	disease_33644	1.1844617855265119e-09
Disease	disease_21402	1.183944494429632e-09
Disease	disease_687	1.1832384886915436e-09
Disease	disease_25155	1.1826624418531812e-09
Disease	disease_2368	1.1824650254579659e-09
Disease	disease_10628	1.1823073587466124e-09
Disease	disease_1229	1.1814386418714692e-09
Disease	disease_19284	1.1807840476587784e-09
Disease	disease_14842	1.180730001308796e-09
Disease	disease_13720	1.1805294767919136e-09
Disease	disease_3869	1.1803765005608846e-09
Disease	disease_7296	1.1798753487175462e-09
Disease	disease_7583	1.179824227719716e-09
Disease	disease_14974	1.1797596774800903e-09
Disease	disease_10061	1.179026167467017e-09
Disease	disease_7878	1.1788993450578563e-09
Disease	disease_33862	1.1783672852263532e-09
Disease	disease_15174	1.1783672852263532e-09
Disease	disease_7162	1.1783511891592963e-09
Disease	disease_9707	1.178317096086663e-09
Disease	disease_10844	1.1780926603436392e-09
Disease	disease_378	1.177965670945878e-09
Disease	disease_7647	1.17791342008872e-09
Disease	disease_18711	1.177901177245326e-09
Disease	disease_10813	1.1766932022191558e-09
Disease	disease_20840	1.1766660952359689e-09
Disease	disease_8431	1.17619453057319e-09
Disease	disease_5798	1.1760078688353746e-09
Disease	disease_4452	1.175838223371148e-09
Disease	disease_13728	1.1757170421847354e-09
Disease	disease_13927	1.1756953483752417e-09
Disease	disease_11203	1.174994058972799e-09
Disease	disease_42964	1.1749101926408312e-09
Disease	disease_42965	1.1749101926408312e-09
Disease	disease_45056	1.1745295528850004e-09
Disease	disease_12377	1.1741635722540922e-09
Disease	disease_12119	1.1741635722540922e-09
Disease	disease_32575	1.1738911396475372e-09
Disease	disease_14537	1.1734833996381656e-09
Disease	disease_9790	1.173413029640748e-09
Disease	disease_8441	1.1732085710217103e-09
Disease	disease_14684	1.173029522348078e-09
Disease	disease_10115	1.1728916514694828e-09
Disease	disease_33619	1.1727391487475912e-09
Disease	disease_32864	1.1720700820859326e-09
Disease	disease_15536	1.1720433796069252e-09
Disease	disease_2924	1.1719858910182133e-09
Disease	disease_3421	1.17182513537275e-09
Disease	disease_4727	1.1716378737367166e-09
Disease	disease_32788	1.1716270451614218e-09
Disease	disease_22761	1.1714889033572894e-09
Disease	disease_12802	1.1708387879133927e-09
Disease	disease_4719	1.1708171699096168e-09
Disease	disease_14311	1.1705843747316943e-09
Disease	disease_9888	1.1703641920822542e-09
Disease	disease_7234	1.1700754127581061e-09
Disease	disease_17103	1.1700589934113247e-09
Disease	disease_3729	1.170051579952607e-09
Disease	disease_54588	1.1698847505975052e-09
Disease	disease_7428	1.1696760250459106e-09
Disease	disease_8281	1.1695995002483815e-09
Disease	disease_9686	1.1692950363776174e-09
Disease	disease_10019	1.1690552036277168e-09
Disease	disease_15769	1.1687465869470917e-09
Disease	disease_45054	1.1686569898653782e-09
Disease	disease_7500	1.168639784871513e-09
Disease	disease_19970	1.168184614455222e-09
Disease	disease_54601	1.167704351448142e-09
Disease	disease_24665	1.1673681524632677e-09
Disease	disease_14240	1.1673536765331493e-09
Disease	disease_10952	1.1671437182253303e-09
Disease	disease_12812	1.166760611887912e-09
Disease	disease_7531	1.1667267733265267e-09
Disease	disease_7530	1.1667267733265267e-09
Disease	disease_32857	1.1666194635350322e-09
Disease	disease_11143	1.1665162240607871e-09
Disease	disease_15382	1.1663643012880575e-09
Disease	disease_16201	1.1658623483068373e-09
Disease	disease_9982	1.1654031881315029e-09
Disease	disease_3067	1.1652431185734832e-09
Disease	disease_9765	1.165225084282502e-09
Disease	disease_14866	1.164875347331318e-09
Disease	disease_4205	1.1647178250483247e-09
Disease	disease_16842	1.163492748670796e-09
Disease	disease_33652	1.1634907275567401e-09
Disease	disease_9170	1.163319456423666e-09
Disease	disease_13037	1.1632510917992754e-09
Disease	disease_10267	1.1631807896868738e-09
Disease	disease_100282	1.1626541488605062e-09
Disease	disease_100084	1.162552790775664e-09
Disease	disease_22559	1.1620280783199597e-09
Disease	disease_1383	1.161091026241937e-09
Disease	disease_4039	1.161083657653847e-09
Disease	disease_1341	1.1610009264686837e-09
Disease	disease_15498	1.160707218715215e-09
Disease	disease_17835	1.1605526182555017e-09
Disease	disease_7986	1.160336724236844e-09
Disease	disease_9956	1.1601119981400793e-09
Disease	disease_6553	1.1600641671174375e-09
Disease	disease_11733	1.1600229736158837e-09
Disease	disease_14015	1.1600034392832932e-09
Disease	disease_14745	1.1590940351685673e-09
Disease	disease_32789	1.1589070987626091e-09
Disease	disease_2616	1.158728528553386e-09
Disease	disease_33047	1.1580636727135005e-09
Disease	disease_11135	1.1579078914219842e-09
Disease	disease_10179	1.1575062732302263e-09
Disease	disease_23569	1.1570345621451448e-09
Disease	disease_8142	1.1569501187300219e-09
Disease	disease_9573	1.1569489261174229e-09
Disease	disease_11137	1.1560222257951733e-09
Disease	disease_8473	1.1558372290784772e-09
Disease	disease_19674	1.1557046626013454e-09
Disease	disease_4296	1.1548357434195352e-09
Disease	disease_4552	1.1548357434195352e-09
Disease	disease_4413	1.1548357434195352e-09
Disease	disease_16395	1.1543210866348048e-09
Disease	disease_8255	1.1541394816618136e-09
Disease	disease_7260	1.1541394816618136e-09
Disease	disease_7752	1.1541394816618136e-09
Disease	disease_8212	1.1541394816618136e-09
Disease	disease_33211	1.153960646123592e-09
Disease	disease_9768	1.1539041706567687e-09
Disease	disease_4225	1.1537617383791434e-09
Disease	disease_32611	1.153004569799846e-09
Disease	disease_14172	1.152447467227335e-09
Disease	disease_8350	1.1515852994455962e-09
Disease	disease_13909	1.150356194606593e-09
Disease	disease_32614	1.1503182029414957e-09
Disease	disease_8237	1.14995744045093e-09
Disease	disease_13634	1.1497607439461087e-09
Disease	disease_11792	1.1492607803895774e-09
Disease	disease_7125	1.1492143307814126e-09
Disease	disease_14124	1.149172788178998e-09
Disease	disease_14380	1.148625527425471e-09
Disease	disease_11806	1.1485732374739927e-09
Disease	disease_21131	1.1480716349089333e-09
Disease	disease_9881	1.1479758792662298e-09
Disease	disease_10313	1.1477522681561096e-09
Disease	disease_11538	1.1474692316009972e-09
Disease	disease_14828	1.147403392024103e-09
Disease	disease_16226	1.146731733033326e-09
Disease	disease_11234	1.1466624639889907e-09
Disease	disease_7870	1.1465836803508328e-09
Disease	disease_23201	1.1461599121023493e-09
Disease	disease_12945	1.1456209517135029e-09
Disease	disease_9391	1.1455842062834467e-09
Disease	disease_9375	1.1450139460901703e-09
Disease	disease_6737	1.144714897705851e-09
Disease	disease_17330	1.144714897705851e-09
Disease	disease_1976	1.144714897705851e-09
Disease	disease_24912	1.1447065651917483e-09
Disease	disease_2703	1.1444246392465283e-09
Disease	disease_11432	1.1441736688377138e-09
Disease	disease_30026	1.1437107558492172e-09
Disease	disease_9177	1.1432037315393716e-09
Disease	disease_11866	1.143115350570693e-09
Disease	disease_9559	1.1427641191750563e-09
Disease	disease_19659	1.1423816123860057e-09
Disease	disease_32685	1.1423167672754876e-09
Disease	disease_4349	1.1421611098853274e-09
Disease	disease_10157	1.1417277928934263e-09
Disease	disease_14478	1.1416896168300578e-09
Disease	disease_17970	1.1408903613001759e-09
Disease	disease_8981	1.1403018594649619e-09
Disease	disease_32925	1.1401785949568041e-09
Disease	disease_12989	1.140033790736558e-09
Disease	disease_7066	1.1398322579916743e-09
Disease	disease_13073	1.1396390354912774e-09
Disease	disease_12216	1.1395131604126952e-09
Disease	disease_44785	1.1394935150904359e-09
Disease	disease_9358	1.1392862961018077e-09
Disease	disease_11911	1.139098632142606e-09
Disease	disease_22587	1.1389943678549983e-09
Disease	disease_18601	1.1389861897742188e-09
Disease	disease_13785	1.1389242321383523e-09
Disease	disease_19191	1.1386440885273612e-09
Disease	disease_7304	1.138560762735208e-09
Disease	disease_5981	1.13855866879677e-09
Disease	disease_11651	1.138410598454031e-09
Disease	disease_14234	1.1384083275780112e-09
Disease	disease_6187	1.1381758502167517e-09
Disease	disease_24262	1.1380224671554359e-09
Disease	disease_23148	1.1379109698069142e-09
Disease	disease_14305	1.137870657050849e-09
Disease	disease_13581	1.1377606406388297e-09
Disease	disease_18169	1.1376832643133412e-09
Disease	disease_12275	1.1372546170309221e-09
Disease	disease_7557	1.137102146539165e-09
Disease	disease_393	1.1368620154033332e-09
Disease	disease_14997	1.1366324710762582e-09
Disease	disease_10552	1.1362921946624437e-09
Disease	disease_24658	1.1360383547973787e-09
Disease	disease_9493	1.135835470956671e-09
Disease	disease_8188	1.1357976067155434e-09
Disease	disease_9906	1.135775573884946e-09
Disease	disease_7133	1.1357586657062774e-09
Disease	disease_19484	1.1356229992153784e-09
Disease	disease_32892	1.135357537156121e-09
Disease	disease_10084	1.1350845837404995e-09
Disease	disease_7373	1.1350416392694452e-09
Disease	disease_8216	1.1347644972133417e-09
Disease	disease_9128	1.1342503240577625e-09
Disease	disease_7912	1.1336555783141041e-09
Disease	disease_4443	1.1335145958233256e-09
Disease	disease_20388	1.1333866356875213e-09
Disease	disease_20387	1.1333866356875213e-09
Disease	disease_18498	1.1333866356875213e-09
Disease	disease_9038	1.1333436675395798e-09
Disease	disease_13239	1.1330696992986838e-09
Disease	disease_8339	1.1330155561864746e-09
Disease	disease_14462	1.1330072852872354e-09
Disease	disease_743	1.132882795523539e-09
Disease	disease_8880	1.1327292596366521e-09
Disease	disease_3681	1.1324780984800883e-09
Disease	disease_17386	1.1324780984800883e-09
Disease	disease_32853	1.1313497618381426e-09
Disease	disease_18690	1.1312524151701977e-09
Disease	disease_8052	1.1307507148127321e-09
Disease	disease_21521	1.1305173969255443e-09
Disease	disease_10488	1.1303957449438083e-09
Disease	disease_32893	1.1303617535960204e-09
Disease	disease_7449	1.130030255187497e-09
Disease	disease_4763	1.1295524917365342e-09
Disease	disease_22535	1.1295524917365342e-09
Disease	disease_14085	1.1289322724806006e-09
Disease	disease_10833	1.1286787172842301e-09
Disease	disease_60533	1.1286781984915199e-09
Disease	disease_32889	1.1286557096923461e-09
Disease	disease_7178	1.1285880529863864e-09
Disease	disease_9896	1.1282186014988974e-09
Disease	disease_18983	1.1278929311406657e-09
Disease	disease_25087	1.1278132576022554e-09
Disease	disease_14634	1.1277531824970795e-09
Disease	disease_12329	1.1275941347159833e-09
Disease	disease_5725	1.1274391436342766e-09
Disease	disease_3962	1.1273520175542326e-09
Disease	disease_11209	1.127144523614132e-09
Disease	disease_2150	1.1269217373353665e-09
Disease	disease_8024	1.1268861587107816e-09
Disease	disease_8589	1.1268651642800707e-09
Disease	disease_13552	1.1268368653115512e-09
Disease	disease_60720	1.1264255813583083e-09
Disease	disease_16950	1.125375543421816e-09
Disease	disease_8555	1.1252127318650576e-09
Disease	disease_13032	1.1246729688169074e-09
Disease	disease_20980	1.1242413502113224e-09
Disease	disease_9587	1.1241960979449098e-09
Disease	disease_30055	1.1241361040959583e-09
Disease	disease_30049	1.1240272124177181e-09
Disease	disease_19527	1.1239909687505215e-09
Disease	disease_336	1.1239642683234169e-09
Disease	disease_335	1.1239642683234169e-09
Disease	disease_19696	1.1237587282913993e-09
Disease	disease_11579	1.1234462658647783e-09
Disease	disease_15047	1.1233116684849096e-09
Disease	disease_9077	1.123120299289547e-09
Disease	disease_16582	1.123097635296536e-09
Disease	disease_20313	1.1229138630383283e-09
Disease	disease_35121	1.1227873404090798e-09
Disease	disease_14042	1.1226685675945514e-09
Disease	disease_7777	1.1219801763345076e-09
Disease	disease_31386	1.1214849334107692e-09
Disease	disease_60733	1.1212527050921717e-09
Disease	disease_8444	1.1196916109118165e-09
Disease	disease_16059	1.1195538338069927e-09
Disease	disease_13358	1.119100693795507e-09
Disease	disease_8489	1.1189854143845839e-09
Disease	disease_32882	1.1187437882846476e-09
Disease	disease_5721	1.1184969328063235e-09
Disease	disease_19768	1.1179048248422837e-09
Disease	disease_7090	1.1177631845267655e-09
Disease	disease_8934	1.1176338114453842e-09
Disease	disease_8129	1.1172601944166082e-09
Disease	disease_7246	1.1167715386617859e-09
Disease	disease_8802	1.1161429036027117e-09
Disease	disease_6734	1.1159509737561008e-09
Disease	disease_2758	1.1159352793381435e-09
Disease	disease_100247	1.1159192432719749e-09
Disease	disease_9496	1.1159113945402572e-09
Disease	disease_6660	1.115800624126341e-09
Disease	disease_6458	1.1153024694969453e-09
Disease	disease_3915	1.1153024694969453e-09
Disease	disease_6459	1.1153024694969453e-09
Disease	disease_4540	1.1150702545303857e-09
Disease	disease_8916	1.1150501577502704e-09
Disease	disease_30005	1.1149210067892807e-09
Disease	disease_56822	1.1148814859239856e-09
Disease	disease_11610	1.1147982968571974e-09
Disease	disease_7132	1.1146964221895397e-09
Disease	disease_10872	1.113539702186516e-09
Disease	disease_7865	1.1135009235020444e-09
Disease	disease_25096	1.1130597956175893e-09
Disease	disease_25089	1.1130597956175893e-09
Disease	disease_5907	1.1128505554999484e-09
Disease	disease_8615	1.1125190677590145e-09
Disease	disease_10078	1.1124643154509975e-09
Disease	disease_978	1.1123136453893283e-09
Disease	disease_8403	1.112047511808463e-09
Disease	disease_9565	1.1108080410431397e-09
Disease	disease_4447	1.1107781487814596e-09
Disease	disease_14454	1.1107197192101973e-09
Disease	disease_16545	1.110494725534161e-09
Disease	disease_10145	1.1102375775371076e-09
Disease	disease_18206	1.1102056681444192e-09
Disease	disease_12854	1.1100904015289345e-09
Disease	disease_7151	1.1099030401366564e-09
Disease	disease_9951	1.1096598788051032e-09
Disease	disease_45069	1.1095796145368558e-09
Disease	disease_2190	1.108908148528752e-09
Disease	disease_8709	1.1088968279809745e-09
Disease	disease_9298	1.10889305155735e-09
Disease	disease_9488	1.108444265264427e-09
Disease	disease_10925	1.1082678942143961e-09
Disease	disease_20792	1.1079266202296236e-09
Disease	disease_7400	1.107715499034893e-09
Disease	disease_10260	1.1076320254788899e-09
Disease	disease_8463	1.1075909094208288e-09
Disease	disease_8513	1.1069925094109572e-09
Disease	disease_21130	1.1066373667554853e-09
Disease	disease_8951	1.1066259178287573e-09
Disease	disease_4551	1.1060778892315474e-09
Disease	disease_15097	1.1060024721434743e-09
Disease	disease_8180	1.1059223884942946e-09
Disease	disease_8526	1.1053046074473717e-09
Disease	disease_2188	1.104524728859447e-09
Disease	disease_15321	1.104361292983642e-09
Disease	disease_9060	1.1042039777664185e-09
Disease	disease_8613	1.1041072441641388e-09
Disease	disease_9460	1.1038857307780953e-09
Disease	disease_8257	1.1031423896684326e-09
Disease	disease_7393	1.1030378919684825e-09
Disease	disease_524	1.1028800242877241e-09
Disease	disease_20052	1.1023301653186594e-09
Disease	disease_10777	1.1019960480613144e-09
Disease	disease_7997	1.1017707888438869e-09
Disease	disease_5891	1.1012879406935394e-09
Disease	disease_5778	1.1012879406935394e-09
Disease	disease_100219	1.1010270373470838e-09
Disease	disease_7038	1.1005193787446552e-09
Disease	disease_2574	1.100450018444148e-09
Disease	disease_7210	1.1004451464436124e-09
Disease	disease_24988	1.1003739844030646e-09
Disease	disease_16744	1.1002219078840379e-09
Disease	disease_14428	1.0999649636752234e-09
Disease	disease_13894	1.0999299712074736e-09
Disease	disease_9632	1.099830889820732e-09
Disease	disease_13251	1.09973266305029e-09
Disease	disease_14504	1.099438673232788e-09
Disease	disease_16879	1.0982640967743252e-09
Disease	disease_7121	1.0981475575245124e-09
Disease	disease_10236	1.0979340418052828e-09
Disease	disease_14133	1.0978844497234575e-09
Disease	disease_13727	1.097707466199276e-09
Disease	disease_11009	1.097663955404546e-09
Disease	disease_14081	1.0976574230251596e-09
Disease	disease_8600	1.097581582227243e-09
Disease	disease_32716	1.096894872489538e-09
Disease	disease_7049	1.096563453963058e-09
Disease	disease_16137	1.0954430020498923e-09
Disease	disease_2240	1.0950842913380647e-09
Disease	disease_9778	1.0950832889166164e-09
Disease	disease_10147	1.0947560761561303e-09
Disease	disease_21838	1.094358073053497e-09
Disease	disease_10317	1.094102070524853e-09
Disease	disease_7771	1.0940463744693023e-09
Disease	disease_9355	1.0939441481277322e-09
Disease	disease_8914	1.0939095495351572e-09
Disease	disease_19108	1.0936932241235148e-09
Disease	disease_10646	1.0934279831712323e-09
Disease	disease_9913	1.0933118908883783e-09
Disease	disease_8014	1.0931294048840972e-09
Disease	disease_3684	1.0927947748281042e-09
Disease	disease_5013	1.0927947748281042e-09
Disease	disease_3680	1.0927947748281042e-09
Disease	disease_4436	1.0925778128334045e-09
Disease	disease_12001	1.0923057177343555e-09
Disease	disease_8307	1.0920394955879685e-09
Disease	disease_11331	1.0920008367415308e-09
Disease	disease_22825	1.0919714530986562e-09
Disease	disease_10746	1.0916590524370214e-09
Disease	disease_17032	1.091569155385441e-09
Disease	disease_15014	1.0915337827532036e-09
Disease	disease_15379	1.091514572164406e-09
Disease	disease_11860	1.0914421853968538e-09
Disease	disease_12287	1.0911024284371745e-09
Disease	disease_7957	1.0909262769798805e-09
Disease	disease_8920	1.0907571703969794e-09
Disease	disease_8625	1.0901157726469057e-09
Disease	disease_8326	1.0901157726469057e-09
Disease	disease_7773	1.0901157726469057e-09
Disease	disease_14992	1.089765215236477e-09
Disease	disease_16371	1.0896357961902794e-09
Disease	disease_7996	1.0896282791955078e-09
Disease	disease_17316	1.0894318237410294e-09
Disease	disease_9201	1.0893841503582473e-09
Disease	disease_12978	1.0891206888759772e-09
Disease	disease_30074	1.0889089177180096e-09
Disease	disease_17019	1.0888511812367602e-09
Disease	disease_32771	1.0886687842151838e-09
Disease	disease_1015	1.0884843652609745e-09
Disease	disease_7882	1.0884328014924621e-09
Disease	disease_14733	1.0882815299624502e-09
Disease	disease_16181	1.088076337071879e-09
Disease	disease_14495	1.0880520961200502e-09
Disease	disease_17424	1.0880139280274135e-09
Disease	disease_8462	1.087676578069178e-09
Disease	disease_3283	1.087471263941853e-09
Disease	disease_11711	1.0869810392359043e-09
Disease	disease_2464	1.0869130872663137e-09
Disease	disease_8001	1.0865002605996522e-09
Disease	disease_11710	1.086294452931315e-09
Disease	disease_1490	1.0862911440986759e-09
Disease	disease_33717	1.0861485829396046e-09
Disease	disease_9589	1.0858466841432915e-09
Disease	disease_8391	1.0857671198530392e-09
Disease	disease_10158	1.085696416504567e-09
Disease	disease_33672	1.0855263453127026e-09
Disease	disease_8314	1.0855235022466021e-09
Disease	disease_13678	1.085321686305109e-09
Disease	disease_2060	1.0851686541515488e-09
Disease	disease_1849	1.0851559984059623e-09
Disease	disease_20182	1.0851498123123206e-09
Disease	disease_13229	1.0851421822238346e-09
Disease	disease_15903	1.085141428714792e-09
Disease	disease_20584	1.0851197243954505e-09
Disease	disease_8121	1.0850597385501783e-09
Disease	disease_32770	1.0846337492048697e-09
Disease	disease_4083	1.0845114466912968e-09
Disease	disease_13618	1.0843683298196633e-09
Disease	disease_17904	1.0843241375038051e-09
Disease	disease_8269	1.0842005589306187e-09
Disease	disease_8933	1.0840132930975015e-09
Disease	disease_17393	1.0837684338589834e-09
Disease	disease_24320	1.0836798167873494e-09
Disease	disease_8026	1.0835452339744807e-09
Disease	disease_7423	1.0832051036453648e-09
Disease	disease_7633	1.0830796058668463e-09
Disease	disease_14409	1.082956777330118e-09
Disease	disease_9671	1.0829306945702352e-09
Disease	disease_8573	1.0827364169720347e-09
Disease	disease_16646	1.0824264117025173e-09
Disease	disease_13407	1.0821810075472211e-09
Disease	disease_13293	1.082168170362075e-09
Disease	disease_9080	1.0821551506617803e-09
Disease	disease_44699	1.0819358337259128e-09
Disease	disease_8766	1.0819200213948954e-09
Disease	disease_12438	1.0816917893091064e-09
Disease	disease_8687	1.0815773783521595e-09
Disease	disease_10595	1.081475791358039e-09
Disease	disease_18001	1.0814237832737764e-09
Disease	disease_8543	1.0810966289650626e-09
Disease	disease_9190	1.0810731901980955e-09
Disease	disease_359	1.0810359697819005e-09
Disease	disease_11221	1.0807090731244416e-09
Disease	disease_11352	1.080520261280186e-09
Disease	disease_8181	1.0804623009570196e-09
Disease	disease_8405	1.0804623009570196e-09
Disease	disease_8579	1.0804623009570196e-09
Disease	disease_8577	1.0804623009570196e-09
Disease	disease_8576	1.0804623009570196e-09
Disease	disease_8012	1.0804623009570196e-09
Disease	disease_10875	1.0804623009570196e-09
Disease	disease_7274	1.0804623009570196e-09
Disease	disease_8342	1.0804623009570196e-09
Disease	disease_8989	1.0803336114965152e-09
Disease	disease_10175	1.080331672787516e-09
Disease	disease_208	1.0801669789012688e-09
Disease	disease_10599	1.0800815154852515e-09
Disease	disease_7094	1.0799068625036136e-09
Disease	disease_9471	1.0797881024224593e-09
Disease	disease_13055	1.0796983970949196e-09
Disease	disease_100064	1.0796416698603407e-09
Disease	disease_8584	1.0792636554795287e-09
Disease	disease_14440	1.0787607884191934e-09
Disease	disease_13564	1.0787171292336246e-09
Disease	disease_7754	1.0785453411152739e-09
Disease	disease_30045	1.07852451132423e-09
Disease	disease_9462	1.0783042161031818e-09
Disease	disease_8839	1.0776466141728115e-09
Disease	disease_4730	1.0776252977021167e-09
Disease	disease_18147	1.0775098865425003e-09
Disease	disease_18146	1.0775098865425003e-09
Disease	disease_18148	1.0775098865425003e-09
Disease	disease_44101	1.0774529460128256e-09
Disease	disease_32879	1.0769741557438507e-09
Disease	disease_7682	1.0767467200461123e-09
Disease	disease_18903	1.0767052657995505e-09
Disease	disease_18769	1.0767052657995505e-09
Disease	disease_11339	1.076661120687183e-09
Disease	disease_7427	1.0766264669347321e-09
Disease	disease_8304	1.076549249099634e-09
Disease	disease_7483	1.0760583316678613e-09
Disease	disease_7144	1.0758546066169583e-09
Disease	disease_17898	1.0757735924729573e-09
Disease	disease_11746	1.075557848030939e-09
Disease	disease_9944	1.0752083224100968e-09
Disease	disease_18443	1.0748140179649509e-09
Disease	disease_8229	1.0732379711371405e-09
Disease	disease_7460	1.0732379711371405e-09
Disease	disease_8202	1.072568675738421e-09
Disease	disease_14815	1.0723803559260227e-09
Disease	disease_20650	1.0719372166180644e-09
Disease	disease_7695	1.0718101533687314e-09
Disease	disease_21142	1.0716670388618197e-09
Disease	disease_10073	1.071633475358314e-09
Disease	disease_3508	1.0716071503940743e-09
Disease	disease_16284	1.0715899527653791e-09
Disease	disease_16282	1.0715899527653791e-09
Disease	disease_3003	1.0715899527653791e-09
Disease	disease_4593	1.0713713047338235e-09
Disease	disease_7816	1.0711486050305646e-09
Disease	disease_9827	1.0710268421470072e-09
Disease	disease_6551	1.070902065179692e-09
Disease	disease_100209	1.0698284142443842e-09
Disease	disease_8124	1.0697628616475696e-09
Disease	disease_2141	1.069699409592144e-09
Disease	disease_400005	1.0695731542916354e-09
Disease	disease_5085	1.068770169742591e-09
Disease	disease_11044	1.068554824729514e-09
Disease	disease_10982	1.0684888997204282e-09
Disease	disease_8356	1.0684084075644362e-09
Disease	disease_3553	1.0680666809482872e-09
Disease	disease_8932	1.0673800836590672e-09
Disease	disease_12643	1.067210136033138e-09
Disease	disease_9098	1.0669783657890358e-09
Disease	disease_8455	1.0657887206523886e-09
Disease	disease_13535	1.06571740940226e-09
Disease	disease_9508	1.0656198330011136e-09
Disease	disease_13183	1.065269439127698e-09
Disease	disease_7479	1.0651785706550332e-09
Disease	disease_14164	1.0648825536817928e-09
Disease	disease_5684	1.0645346863412501e-09
Disease	disease_16149	1.0643743994142307e-09
Disease	disease_7605	1.0641544019365382e-09
Disease	disease_8352	1.0637025553464996e-09
Disease	disease_20059	1.0632906690027004e-09
Disease	disease_11117	1.0627924086971835e-09
Disease	disease_7840	1.0624143008174182e-09
Disease	disease_23179	1.0620959254928156e-09
Disease	disease_23178	1.0620959254928156e-09
Disease	disease_23180	1.0620959254928156e-09
Disease	disease_20218	1.0619537332714457e-09
Disease	disease_7599	1.0613079384680955e-09
Disease	disease_9474	1.0612354836922566e-09
Disease	disease_10034	1.0612354836922566e-09
Disease	disease_14485	1.0610264767436152e-09
Disease	disease_15083	1.0609854261533942e-09
Disease	disease_13332	1.0608644367947555e-09
Disease	disease_9343	1.060540757272097e-09
Disease	disease_12218	1.0603223522643877e-09
Disease	disease_12473	1.0599617859954599e-09
Disease	disease_8022	1.0597646693118771e-09
Disease	disease_8324	1.0596850934488923e-09
Disease	disease_100103	1.0596724962867512e-09
Disease	disease_11867	1.059589551867619e-09
Disease	disease_7945	1.059189888060249e-09
Disease	disease_11005	1.0589878588679165e-09
Disease	disease_18058	1.0584718293154088e-09
Disease	disease_9311	1.0582038996585882e-09
Disease	disease_15494	1.0581615143934314e-09
Disease	disease_12430	1.0580144837365165e-09
Disease	disease_2696	1.0577417769294265e-09
Disease	disease_8430	1.0576660114676611e-09
Disease	disease_9922	1.0574819995958567e-09
Disease	disease_11556	1.0573894340508256e-09
Disease	disease_7643	1.0573033368707574e-09
Disease	disease_14480	1.0570640838162816e-09
Disease	disease_22732	1.0567377878399765e-09
Disease	disease_8549	1.056707298956656e-09
Disease	disease_100175	1.056493960830505e-09
Disease	disease_32680	1.056190366655305e-09
Disease	disease_8743	1.0558943265564444e-09
Disease	disease_13116	1.0558665274787986e-09
Disease	disease_7553	1.0558195261227031e-09
Disease	disease_9802	1.055741398755702e-09
Disease	disease_7497	1.055543008042908e-09
Disease	disease_7499	1.055543008042908e-09
Disease	disease_7418	1.055543008042908e-09
Disease	disease_7581	1.055543008042908e-09
Disease	disease_8140	1.055543008042908e-09
Disease	disease_8581	1.0554397973906715e-09
Disease	disease_8130	1.0550069337474334e-09
Disease	disease_7951	1.0543560664446978e-09
Disease	disease_14457	1.0542983573895064e-09
Disease	disease_9247	1.054210393036913e-09
Disease	disease_7597	1.0540631184832217e-09
Disease	disease_11715	1.0540552625393632e-09
Disease	disease_7976	1.054042881624793e-09
Disease	disease_15672	1.0534338489439283e-09
Disease	disease_10449	1.0533332338972768e-09
Disease	disease_11928	1.0532213671711014e-09
Disease	disease_8141	1.0530574376691041e-09
Disease	disease_12558	1.0528254695121693e-09
Disease	disease_9596	1.0527019666042275e-09
Disease	disease_8064	1.0526768182335395e-09
Disease	disease_8386	1.0526165331958699e-09
Disease	disease_10707	1.0522407127754965e-09
Disease	disease_10037	1.0521191945878057e-09
Disease	disease_9551	1.0521191945878057e-09
Disease	disease_9125	1.0521191945878057e-09
Disease	disease_8775	1.0521191945878057e-09
Disease	disease_19133	1.0520010244357807e-09
Disease	disease_2675	1.0514718087282316e-09
Disease	disease_32574	1.0514149081262185e-09
Disease	disease_8063	1.0513424921191267e-09
Disease	disease_8065	1.0513424921191267e-09
Disease	disease_11736	1.0511983990154168e-09
Disease	disease_8385	1.0511244399543788e-09
Disease	disease_13575	1.0511176519979099e-09
Disease	disease_7914	1.0507611200472256e-09
Disease	disease_11172	1.050593873914221e-09
Disease	disease_10371	1.0505667479143723e-09
Disease	disease_8886	1.0505399319495972e-09
Disease	disease_18628	1.0505273439917967e-09
Disease	disease_9231	1.0504855712320203e-09
Disease	disease_7616	1.0504765734475135e-09
Disease	disease_8096	1.0503969040100734e-09
Disease	disease_8904	1.0503714620370442e-09
Disease	disease_7408	1.0503697950871432e-09
Disease	disease_19109	1.050315070490984e-09
Disease	disease_8820	1.0503078906462419e-09
Disease	disease_7609	1.0497606380292383e-09
Disease	disease_8459	1.0497331653253307e-09
Disease	disease_7952	1.0496384353238822e-09
Disease	disease_7720	1.0493852984966917e-09
Disease	disease_7431	1.049373561730362e-09
Disease	disease_8183	1.0493651738830917e-09
Disease	disease_3893	1.049282993794254e-09
Disease	disease_45015	1.049265404859784e-09
Disease	disease_7430	1.0492599004160757e-09
Disease	disease_8530	1.0490911187318483e-09
Disease	disease_7258	1.0490911187318483e-09
Disease	disease_8194	1.0490911187318483e-09
Disease	disease_30004	1.0490704417213094e-09
Disease	disease_9980	1.0485973851848349e-09
Disease	disease_7208	1.048308815012049e-09
Disease	disease_10673	1.0476903945704608e-09
Disease	disease_8651	1.0474802873278727e-09
Disease	disease_4329	1.0471757978593978e-09
Disease	disease_14706	1.046966373269262e-09
Disease	disease_8336	1.0468770056177449e-09
Disease	disease_9140	1.0466389601373555e-09
Disease	disease_8533	1.0466249508361615e-09
Disease	disease_7505	1.0462987471774406e-09
Disease	disease_8208	1.0462598999975518e-09
Disease	disease_7502	1.046175854047482e-09
Disease	disease_8472	1.0461506226980444e-09
Disease	disease_8609	1.0460807214537142e-09
Disease	disease_7687	1.0460390127646456e-09
Disease	disease_8527	1.0460382437971536e-09
Disease	disease_7359	1.045993116539753e-09
Disease	disease_8604	1.0458246585525372e-09
Disease	disease_23521	1.0458213827351698e-09
Disease	disease_8626	1.0457825575692372e-09
Disease	disease_11180	1.0456904182894295e-09
Disease	disease_8623	1.0456230948884472e-09
Disease	disease_8100	1.0456164066717636e-09
Disease	disease_10719	1.0456010284638839e-09
Disease	disease_7654	1.0455726251553809e-09
Disease	disease_7825	1.0455668805780285e-09
Disease	disease_44642	1.045554781143066e-09
Disease	disease_18357	1.0455437960430846e-09
Disease	disease_10045	1.0455121444529892e-09
Disease	disease_7491	1.0455062511758574e-09
Disease	disease_7789	1.0454785989908528e-09
Disease	disease_7457	1.0454181373351687e-09
Disease	disease_7824	1.0454138352071163e-09
Disease	disease_7229	1.045363448124202e-09
Disease	disease_7941	1.0453495628027013e-09
Disease	disease_17045	1.04533917696815e-09
Disease	disease_8424	1.0453367284982798e-09
Disease	disease_8580	1.0453326246607796e-09
Disease	disease_12486	1.0452688810360152e-09
Disease	disease_7501	1.0451585674217092e-09
Disease	disease_7985	1.045150169632862e-09
Disease	disease_3347	1.0441737065133234e-09
Disease	disease_3348	1.0441737065133234e-09
Disease	disease_16311	1.0437193934535731e-09
Disease	disease_14065	1.04370641777109e-09
Disease	disease_10093	1.0436949257902744e-09
Disease	disease_13190	1.0434162530934e-09
Disease	disease_22682	1.0428336400686033e-09
Disease	disease_22734	1.0428336400686033e-09
Disease	disease_42911	1.0428336400686033e-09
Disease	disease_42908	1.0428336400686033e-09
Disease	disease_22656	1.0428336400686033e-09
Disease	disease_42902	1.0428336400686033e-09
Disease	disease_22739	1.0428336400686033e-09
Disease	disease_22694	1.0428336400686033e-09
Disease	disease_42705	1.0428336400686033e-09
Disease	disease_42726	1.0428336400686033e-09
Disease	disease_849	1.0428336400686033e-09
Disease	disease_22654	1.0428336400686033e-09
Disease	disease_15311	1.0428336400686033e-09
Disease	disease_22733	1.0428336400686033e-09
Disease	disease_42724	1.0428336400686033e-09
Disease	disease_22765	1.0428336400686033e-09
Disease	disease_42717	1.0428336400686033e-09
Disease	disease_42604	1.0428336400686033e-09
Disease	disease_22740	1.0428336400686033e-09
Disease	disease_22662	1.0428336400686033e-09
Disease	disease_42603	1.0428336400686033e-09
Disease	disease_22685	1.0428336400686033e-09
Disease	disease_22675	1.0428336400686033e-09
Disease	disease_3963	1.0428336400686033e-09
Disease	disease_42956	1.0428336400686033e-09
Disease	disease_42960	1.0428336400686033e-09
Disease	disease_42600	1.0428336400686033e-09
Disease	disease_22691	1.0428336400686033e-09
Disease	disease_42924	1.0428336400686033e-09
Disease	disease_42601	1.0428336400686033e-09
Disease	disease_22693	1.0428336400686033e-09
Disease	disease_42602	1.0428336400686033e-09
Disease	disease_22666	1.0428336400686033e-09
Disease	disease_42915	1.0428336400686033e-09
Disease	disease_42913	1.0428336400686033e-09
Disease	disease_42912	1.0428336400686033e-09
Disease	disease_22712	1.0428336400686033e-09
Disease	disease_22500	1.0428336400686033e-09
Disease	disease_43073	1.0428336400686033e-09
Disease	disease_22568	1.0428336400686033e-09
Disease	disease_22425	1.0428336400686033e-09
Disease	disease_22414	1.0428336400686033e-09
Disease	disease_22413	1.0428336400686033e-09
Disease	disease_22403	1.0428336400686033e-09
Disease	disease_22402	1.0428336400686033e-09
Disease	disease_22401	1.0428336400686033e-09
Disease	disease_22398	1.0428336400686033e-09
Disease	disease_22380	1.0428336400686033e-09
Disease	disease_43358	1.0428336400686033e-09
Disease	disease_22220	1.0428336400686033e-09
Disease	disease_22575	1.0428336400686033e-09
Disease	disease_22576	1.0428336400686033e-09
Disease	disease_22577	1.0428336400686033e-09
Disease	disease_22580	1.0428336400686033e-09
Disease	disease_22598	1.0428336400686033e-09
Disease	disease_22599	1.0428336400686033e-09
Disease	disease_22337	1.0428336400686033e-09
Disease	disease_22602	1.0428336400686033e-09
Disease	disease_22428	1.0428336400686033e-09
Disease	disease_22556	1.0428336400686033e-09
Disease	disease_22435	1.0428336400686033e-09
Disease	disease_22555	1.0428336400686033e-09
Disease	disease_22504	1.0428336400686033e-09
Disease	disease_22509	1.0428336400686033e-09
Disease	disease_22510	1.0428336400686033e-09
Disease	disease_22496	1.0428336400686033e-09
Disease	disease_22470	1.0428336400686033e-09
Disease	disease_22465	1.0428336400686033e-09
Disease	disease_22462	1.0428336400686033e-09
Disease	disease_22513	1.0428336400686033e-09
Disease	disease_100071	1.0428336400686033e-09
Disease	disease_22461	1.0428336400686033e-09
Disease	disease_22545	1.0428336400686033e-09
Disease	disease_22546	1.0428336400686033e-09
Disease	disease_22458	1.0428336400686033e-09
Disease	disease_22457	1.0428336400686033e-09
Disease	disease_22551	1.0428336400686033e-09
Disease	disease_22456	1.0428336400686033e-09
Disease	disease_22553	1.0428336400686033e-09
Disease	disease_16818	1.0428336400686033e-09
Disease	disease_22140	1.0428336400686033e-09
Disease	disease_21752	1.0428336400686033e-09
Disease	disease_21829	1.0428336400686033e-09
Disease	disease_43170	1.0428336400686033e-09
Disease	disease_22633	1.0428336400686033e-09
Disease	disease_21849	1.0428336400686033e-09
Disease	disease_21836	1.0428336400686033e-09
Disease	disease_43129	1.0428336400686033e-09
Disease	disease_22634	1.0428336400686033e-09
Disease	disease_22639	1.0428336400686033e-09
Disease	disease_22644	1.0428336400686033e-09
Disease	disease_22645	1.0428336400686033e-09
Disease	disease_22089	1.0428336400686033e-09
Disease	disease_43114	1.0428336400686033e-09
Disease	disease_43108	1.0428336400686033e-09
Disease	disease_22646	1.0428336400686033e-09
Disease	disease_43087	1.0428336400686033e-09
Disease	disease_22647	1.0428336400686033e-09
Disease	disease_22648	1.0428336400686033e-09
Disease	disease_22650	1.0428336400686033e-09
Disease	disease_21761	1.0428336400686033e-09
Disease	disease_43172	1.0428336400686033e-09
Disease	disease_21905	1.0428336400686033e-09
Disease	disease_43179	1.0428336400686033e-09
Disease	disease_43183	1.0428336400686033e-09
Disease	disease_22603	1.0428336400686033e-09
Disease	disease_22605	1.0428336400686033e-09
Disease	disease_22071	1.0428336400686033e-09
Disease	disease_22070	1.0428336400686033e-09
Disease	disease_22013	1.0428336400686033e-09
Disease	disease_22011	1.0428336400686033e-09
Disease	disease_21969	1.0428336400686033e-09
Disease	disease_22610	1.0428336400686033e-09
Disease	disease_22612	1.0428336400686033e-09
Disease	disease_21962	1.0428336400686033e-09
Disease	disease_22613	1.0428336400686033e-09
Disease	disease_43199	1.0428336400686033e-09
Disease	disease_43197	1.0428336400686033e-09
Disease	disease_43195	1.0428336400686033e-09
Disease	disease_43193	1.0428336400686033e-09
Disease	disease_43185	1.0428336400686033e-09
Disease	disease_22615	1.0428336400686033e-09
Disease	disease_21918	1.0428336400686033e-09
Disease	disease_23696	1.0428336400686033e-09
Disease	disease_22968	1.0428336400686033e-09
Disease	disease_22818	1.0428336400686033e-09
Disease	disease_23196	1.0428336400686033e-09
Disease	disease_23194	1.0428336400686033e-09
Disease	disease_23193	1.0428336400686033e-09
Disease	disease_22889	1.0428336400686033e-09
Disease	disease_23186	1.0428336400686033e-09
Disease	disease_23175	1.0428336400686033e-09
Disease	disease_23170	1.0428336400686033e-09
Disease	disease_22887	1.0428336400686033e-09
Disease	disease_22884	1.0428336400686033e-09
Disease	disease_22817	1.0428336400686033e-09
Disease	disease_23002	1.0428336400686033e-09
Disease	disease_22883	1.0428336400686033e-09
Disease	disease_23016	1.0428336400686033e-09
Disease	disease_22941	1.0428336400686033e-09
Disease	disease_23167	1.0428336400686033e-09
Disease	disease_23157	1.0428336400686033e-09
Disease	disease_23155	1.0428336400686033e-09
Disease	disease_23154	1.0428336400686033e-09
Disease	disease_23197	1.0428336400686033e-09
Disease	disease_23199	1.0428336400686033e-09
Disease	disease_23052	1.0428336400686033e-09
Disease	disease_23226	1.0428336400686033e-09
Disease	disease_22990	1.0428336400686033e-09
Disease	disease_23061	1.0428336400686033e-09
Disease	disease_22804	1.0428336400686033e-09
Disease	disease_22805	1.0428336400686033e-09
Disease	disease_22809	1.0428336400686033e-09
Disease	disease_22810	1.0428336400686033e-09
Disease	disease_23062	1.0428336400686033e-09
Disease	disease_23240	1.0428336400686033e-09
Disease	disease_22999	1.0428336400686033e-09
Disease	disease_23000	1.0428336400686033e-09
Disease	disease_23221	1.0428336400686033e-09
Disease	disease_23214	1.0428336400686033e-09
Disease	disease_23212	1.0428336400686033e-09
Disease	disease_22815	1.0428336400686033e-09
Disease	disease_23208	1.0428336400686033e-09
Disease	disease_23203	1.0428336400686033e-09
Disease	disease_23200	1.0428336400686033e-09
Disease	disease_23066	1.0428336400686033e-09
Disease	disease_22819	1.0428336400686033e-09
Disease	disease_23068	1.0428336400686033e-09
Disease	disease_22926	1.0428336400686033e-09
Disease	disease_23015	1.0428336400686033e-09
Disease	disease_22869	1.0428336400686033e-09
Disease	disease_22866	1.0428336400686033e-09
Disease	disease_22865	1.0428336400686033e-09
Disease	disease_22863	1.0428336400686033e-09
Disease	disease_22862	1.0428336400686033e-09
Disease	disease_22945	1.0428336400686033e-09
Disease	disease_22942	1.0428336400686033e-09
Disease	disease_23013	1.0428336400686033e-09
Disease	disease_22849	1.0428336400686033e-09
Disease	disease_22876	1.0428336400686033e-09
Disease	disease_23111	1.0428336400686033e-09
Disease	disease_22851	1.0428336400686033e-09
Disease	disease_22854	1.0428336400686033e-09
Disease	disease_22855	1.0428336400686033e-09
Disease	disease_22858	1.0428336400686033e-09
Disease	disease_23102	1.0428336400686033e-09
Disease	disease_23101	1.0428336400686033e-09
Disease	disease_23100	1.0428336400686033e-09
Disease	disease_23098	1.0428336400686033e-09
Disease	disease_23091	1.0428336400686033e-09
Disease	disease_22832	1.0428336400686033e-09
Disease	disease_23124	1.0428336400686033e-09
Disease	disease_22875	1.0428336400686033e-09
Disease	disease_22820	1.0428336400686033e-09
Disease	disease_23079	1.0428336400686033e-09
Disease	disease_22821	1.0428336400686033e-09
Disease	disease_23083	1.0428336400686033e-09
Disease	disease_23005	1.0428336400686033e-09
Disease	disease_23142	1.0428336400686033e-09
Disease	disease_22822	1.0428336400686033e-09
Disease	disease_23140	1.0428336400686033e-09
Disease	disease_23084	1.0428336400686033e-09
Disease	disease_22823	1.0428336400686033e-09
Disease	disease_23138	1.0428336400686033e-09
Disease	disease_22824	1.0428336400686033e-09
Disease	disease_19103	1.0428336400686033e-09
Disease	disease_23137	1.0428336400686033e-09
Disease	disease_22831	1.0428336400686033e-09
Disease	disease_23133	1.0428336400686033e-09
Disease	disease_23255	1.0428336400686033e-09
Disease	disease_23230	1.0428336400686033e-09
Disease	disease_22938	1.0428336400686033e-09
Disease	disease_23031	1.0428336400686033e-09
Disease	disease_22782	1.0428336400686033e-09
Disease	disease_22977	1.0428336400686033e-09
Disease	disease_22909	1.0428336400686033e-09
Disease	disease_24171	1.0428336400686033e-09
Disease	disease_22785	1.0428336400686033e-09
Disease	disease_22908	1.0428336400686033e-09
Disease	disease_22786	1.0428336400686033e-09
Disease	disease_22978	1.0428336400686033e-09
Disease	disease_24234	1.0428336400686033e-09
Disease	disease_23021	1.0428336400686033e-09
Disease	disease_23579	1.0428336400686033e-09
Disease	disease_23577	1.0428336400686033e-09
Disease	disease_23575	1.0428336400686033e-09
Disease	disease_22937	1.0428336400686033e-09
Disease	disease_24418	1.0428336400686033e-09
Disease	disease_22981	1.0428336400686033e-09
Disease	disease_24421	1.0428336400686033e-09
Disease	disease_22982	1.0428336400686033e-09
Disease	disease_23030	1.0428336400686033e-09
Disease	disease_23020	1.0428336400686033e-09
Disease	disease_22960	1.0428336400686033e-09
Disease	disease_22975	1.0428336400686033e-09
Disease	disease_22777	1.0428336400686033e-09
Disease	disease_22769	1.0428336400686033e-09
Disease	disease_22770	1.0428336400686033e-09
Disease	disease_22771	1.0428336400686033e-09
Disease	disease_23019	1.0428336400686033e-09
Disease	disease_3157	1.0428336400686033e-09
Disease	disease_22775	1.0428336400686033e-09
Disease	disease_23809	1.0428336400686033e-09
Disease	disease_22776	1.0428336400686033e-09
Disease	disease_23609	1.0428336400686033e-09
Disease	disease_22913	1.0428336400686033e-09
Disease	disease_22778	1.0428336400686033e-09
Disease	disease_22779	1.0428336400686033e-09
Disease	disease_22916	1.0428336400686033e-09
Disease	disease_22971	1.0428336400686033e-09
Disease	disease_23607	1.0428336400686033e-09
Disease	disease_23605	1.0428336400686033e-09
Disease	disease_22780	1.0428336400686033e-09
Disease	disease_22781	1.0428336400686033e-09
Disease	disease_22989	1.0428336400686033e-09
Disease	disease_23022	1.0428336400686033e-09
Disease	disease_23567	1.0428336400686033e-09
Disease	disease_22946	1.0428336400686033e-09
Disease	disease_4771	1.0428336400686033e-09
Disease	disease_22803	1.0428336400686033e-09
Disease	disease_22899	1.0428336400686033e-09
Disease	disease_22802	1.0428336400686033e-09
Disease	disease_23290	1.0428336400686033e-09
Disease	disease_23288	1.0428336400686033e-09
Disease	disease_22798	1.0428336400686033e-09
Disease	disease_23272	1.0428336400686033e-09
Disease	disease_23368	1.0428336400686033e-09
Disease	disease_23267	1.0428336400686033e-09
Disease	disease_22791	1.0428336400686033e-09
Disease	disease_22790	1.0428336400686033e-09
Disease	disease_23017	1.0428336400686033e-09
Disease	disease_22936	1.0428336400686033e-09
Disease	disease_23038	1.0428336400686033e-09
Disease	disease_23050	1.0428336400686033e-09
Disease	disease_44876	1.0428336400686033e-09
Disease	disease_22787	1.0428336400686033e-09
Disease	disease_23510	1.0428336400686033e-09
Disease	disease_23018	1.0428336400686033e-09
Disease	disease_23541	1.0428336400686033e-09
Disease	disease_23540	1.0428336400686033e-09
Disease	disease_8801	1.0427836748832357e-09
Disease	disease_21048	1.042215510841461e-09
Disease	disease_11949	1.042066845901171e-09
Disease	disease_9811	1.0420197837810169e-09
Disease	disease_32728	1.0419404054381558e-09
Disease	disease_25369	1.0417902031025202e-09
Disease	disease_36483	1.041786247293678e-09
Disease	disease_8534	1.0414449974924994e-09
Disease	disease_14434	1.0414216158499e-09
Disease	disease_4053	1.0412774719701348e-09
Disease	disease_9048	1.0398899891086579e-09
Disease	disease_17939	1.0393334649862845e-09
Disease	disease_7858	1.0390238004661409e-09
Disease	disease_9017	1.0386940168772205e-09
Disease	disease_9007	1.0386655678541154e-09
Disease	disease_19521	1.0381184284037354e-09
Disease	disease_12991	1.037736672018283e-09
Disease	disease_54806	1.0377158349698612e-09
Disease	disease_14180	1.0375040922457646e-09
Disease	disease_7351	1.0372904816157963e-09
Disease	disease_12539	1.0370730781266693e-09
Disease	disease_11128	1.0366154817976502e-09
Disease	disease_10054	1.0365158164356079e-09
Disease	disease_16155	1.0358995222471288e-09
Disease	disease_8957	1.035689188035384e-09
Disease	disease_9403	1.03533156576358e-09
Disease	disease_6010	1.03532392477176e-09
Disease	disease_54695	1.0353148235214772e-09
Disease	disease_14089	1.035291129002954e-09
Disease	disease_10050	1.0352413930780425e-09
Disease	disease_9481	1.0352413930780425e-09
Disease	disease_8946	1.0352413930780425e-09
Disease	disease_9826	1.0347269751710869e-09
Disease	disease_12049	1.0345037331011578e-09
Disease	disease_15421	1.0345037331011578e-09
Disease	disease_15422	1.0345037331011578e-09
Disease	disease_44776	1.034401310698425e-09
Disease	disease_14376	1.034360601737812e-09
Disease	disease_7366	1.0343428801732252e-09
Disease	disease_7288	1.0342522173380077e-09
Disease	disease_11954	1.0340962250318576e-09
Disease	disease_12842	1.0340962250318576e-09
Disease	disease_7923	1.0340583458904149e-09
Disease	disease_10055	1.0338257892069642e-09
Disease	disease_11201	1.0331692548487986e-09
Disease	disease_9457	1.0331520269714646e-09
Disease	disease_9184	1.0328028978952227e-09
Disease	disease_13265	1.0323861612593248e-09
Disease	disease_10995	1.0323260456479907e-09
Disease	disease_10583	1.0322320078007608e-09
Disease	disease_10734	1.0320530595488916e-09
Disease	disease_9010	1.0314294094401733e-09
Disease	disease_9208	1.0313942312540512e-09
Disease	disease_14343	1.0313746515232646e-09
Disease	disease_11990	1.031346380867303e-09
Disease	disease_10695	1.0308239469995225e-09
Disease	disease_11148	1.0307973336447552e-09
Disease	disease_14565	1.0301282807438407e-09
Disease	disease_3300	1.029721954657083e-09
Disease	disease_11120	1.0293864524257843e-09
Disease	disease_2618	1.0287912710165568e-09
Disease	disease_2619	1.0287912710165568e-09
Disease	disease_30847	1.028736683815919e-09
Disease	disease_7744	1.0286214997016721e-09
Disease	disease_33615	1.0285780716116569e-09
Disease	disease_10244	1.028521749485993e-09
Disease	disease_9860	1.0281498222738604e-09
Disease	disease_13513	1.0281184196210073e-09
Disease	disease_10049	1.0277630532765124e-09
Disease	disease_20797	1.026938159766977e-09
Disease	disease_9186	1.0268308829885333e-09
Disease	disease_12775	1.0263975589247136e-09
Disease	disease_24890	1.0260746199758793e-09
Disease	disease_9828	1.0259565253122482e-09
Disease	disease_8936	1.0258689077718672e-09
Disease	disease_17136	1.0245734929222884e-09
Disease	disease_10696	1.0245326810281248e-09
Disease	disease_8945	1.0240189971068604e-09
Disease	disease_9029	1.0234231180489e-09
Disease	disease_9027	1.0233925545465667e-09
Disease	disease_8266	1.0231091959317317e-09
Disease	disease_33631	1.0230284015251492e-09
Disease	disease_8942	1.0229598914758518e-09
Disease	disease_9037	1.0227601576152767e-09
Disease	disease_14064	1.0226548541331439e-09
Disease	disease_6073	1.0223879575576368e-09
Disease	disease_6321	1.0218950320541493e-09
Disease	disease_8860	1.0216637087124619e-09
Disease	disease_15613	1.0215367279014334e-09
Disease	disease_14378	1.0211107956470903e-09
Disease	disease_6284	1.0209454002945998e-09
Disease	disease_5437	1.0209437728596178e-09
Disease	disease_10042	1.020873633168409e-09
Disease	disease_14820	1.0207621960315505e-09
Disease	disease_10852	1.0203060794231272e-09
Disease	disease_10629	1.0202033618763746e-09
Disease	disease_32694	1.0199132669799813e-09
Disease	disease_9854	1.0198706675721203e-09
Disease	disease_10546	1.0196947493628061e-09
Disease	disease_4028	1.019264182325534e-09
Disease	disease_11051	1.019230477015828e-09
Disease	disease_11773	1.0192090249952467e-09
Disease	disease_10106	1.0190315452126831e-09
Disease	disease_17134	1.0190078648399735e-09
Disease	disease_32641	1.0187304808683497e-09
Disease	disease_9056	1.0184357558399852e-09
Disease	disease_1952	1.0182303498792223e-09
Disease	disease_24617	1.0175893732756678e-09
Disease	disease_32733	1.0174636175090996e-09
Disease	disease_8739	1.0173197811130588e-09
Disease	disease_12406	1.0171864699509175e-09
Disease	disease_9507	1.0171406465462278e-09
Disease	disease_13857	1.0165342976021894e-09
Disease	disease_8738	1.0162792894932051e-09
Disease	disease_9087	1.016092899787361e-09
Disease	disease_10740	1.0159376526421753e-09
Disease	disease_3928	1.0157963202370912e-09
Disease	disease_3782	1.0157963202370912e-09
Disease	disease_8833	1.0157626510525526e-09
Disease	disease_7808	1.0155799597735479e-09
Disease	disease_424	1.0154859906219039e-09
Disease	disease_9286	1.0149763033774382e-09
Disease	disease_16780	1.0145717555237358e-09
Disease	disease_13629	1.0144050585630245e-09
Disease	disease_60486	1.014188012835714e-09
Disease	disease_8912	1.0137960368692056e-09
Disease	disease_9059	1.01376535125102e-09
Disease	disease_10404	1.013643018476848e-09
Disease	disease_11041	1.0135979485886664e-09
Disease	disease_10919	1.0130071643780194e-09
Disease	disease_10018	1.0124371994987017e-09
Disease	disease_3042	1.0123116208471715e-09
Disease	disease_13497	1.011857042560085e-09
Disease	disease_12618	1.0115638175630182e-09
Disease	disease_3861	1.0111475505689539e-09
Disease	disease_20369	1.0111158839577387e-09
Disease	disease_9957	1.0111001738576646e-09
Disease	disease_10103	1.0110945406727466e-09
Disease	disease_8410	1.0109147463437255e-09
Disease	disease_10769	1.010826786391761e-09
Disease	disease_7375	1.0108238876097704e-09
Disease	disease_7115	1.010070817135179e-09
Disease	disease_7694	1.0098214658358275e-09
Disease	disease_14818	1.0094375352622947e-09
Disease	disease_8361	1.0087760741750188e-09
Disease	disease_9334	1.0087034151418253e-09
Disease	disease_9898	1.0084899152155203e-09
Disease	disease_5908	1.0082745679489082e-09
Disease	disease_9129	1.008241962701415e-09
Disease	disease_13644	1.0080104069952558e-09
Disease	disease_14566	1.0079812822059558e-09
Disease	disease_11630	1.0079543749086391e-09
Disease	disease_11496	1.0079111448306934e-09
Disease	disease_11092	1.0078421604482802e-09
Disease	disease_10124	1.007714081382524e-09
Disease	disease_19278	1.0076721510662722e-09
Disease	disease_9899	1.0076632614111158e-09
Disease	disease_16051	1.0075183158445048e-09
Disease	disease_10163	1.0074679116946429e-09
Disease	disease_9392	1.0074415028636375e-09
Disease	disease_12181	1.006963345422699e-09
Disease	disease_19683	1.0064738322584225e-09
Disease	disease_44273	1.0062133621509267e-09
Disease	disease_20061	1.0060668626208958e-09
Disease	disease_100126	1.006004349389194e-09
Disease	disease_32583	1.0058134601244733e-09
Disease	disease_3512	1.0057832199712384e-09
Disease	disease_32858	1.005454731142432e-09
Disease	disease_18314	1.004807867503104e-09
Disease	disease_928	1.0046261195244788e-09
Disease	disease_20734	1.003851719166271e-09
Disease	disease_15449	1.0038032440423859e-09
Disease	disease_9285	1.00351307518237e-09
Disease	disease_10856	1.0034535156396996e-09
Disease	disease_20381	1.003248710919775e-09
Disease	disease_8498	1.0031970289006894e-09
Disease	disease_14432	1.0030928864931415e-09
Disease	disease_19676	1.00251709570746e-09
Disease	disease_30061	1.0017094899110058e-09
Disease	disease_12475	1.0013486698475094e-09
Disease	disease_14149	1.0012356138880426e-09
Disease	disease_8906	1.0011006358174292e-09
Disease	disease_7055	1.0010255233537994e-09
Disease	disease_12554	1.0009319298137887e-09
Disease	disease_16038	1.0009072835202945e-09
Disease	disease_5187	1.0007290918458612e-09
Disease	disease_3104	1.0005531663701014e-09
Disease	disease_100176	1.000247361864043e-09
Disease	disease_7968	1.000247361864043e-09
Disease	disease_7910	1.000247361864043e-09
Disease	disease_11141	1.000247361864043e-09
Disease	disease_11306	1.000247361864043e-09
Disease	disease_7913	1.000247361864043e-09
Disease	disease_12038	1.000247361864043e-09
Disease	disease_11318	1.000247361864043e-09
Disease	disease_11317	1.000247361864043e-09
Disease	disease_11100	1.000247361864043e-09
Disease	disease_7911	1.000247361864043e-09
Disease	disease_7242	1.000247361864043e-09
Disease	disease_8548	1.000247361864043e-09
Disease	disease_10705	1.000247361864043e-09
Disease	disease_11316	1.000247361864043e-09
Disease	disease_12416	1.000247361864043e-09
Disease	disease_11126	1.000247361864043e-09
Disease	disease_10048	1.000247361864043e-09
Disease	disease_11796	1.000247361864043e-09
Disease	disease_11478	1.000247361864043e-09
Disease	disease_11319	1.000247361864043e-09
Disease	disease_11310	1.000247361864043e-09
Disease	disease_11863	1.000247361864043e-09
Disease	disease_11315	1.000247361864043e-09
Disease	disease_11111	1.000247361864043e-09
Disease	disease_7730	1.000247361864043e-09
Disease	disease_7736	1.000247361864043e-09
Disease	disease_11483	1.000247361864043e-09
Disease	disease_11358	1.000247361864043e-09
Disease	disease_12749	1.000247361864043e-09
Disease	disease_11617	1.000247361864043e-09
Disease	disease_10793	1.000247361864043e-09
Disease	disease_8010	1.000247361864043e-09
Disease	disease_11321	1.000247361864043e-09
Disease	disease_11427	1.000247361864043e-09
Disease	disease_8507	1.000247361864043e-09
Disease	disease_8505	1.000247361864043e-09
Disease	disease_14415	1.000247361864043e-09
Disease	disease_7139	1.000247361864043e-09
Disease	disease_7832	1.000247361864043e-09
Disease	disease_14763	1.000247361864043e-09
Disease	disease_7141	1.000247361864043e-09
Disease	disease_13374	1.000247361864043e-09
Disease	disease_8110	1.000247361864043e-09
Disease	disease_14362	1.000247361864043e-09
Disease	disease_11333	1.000247361864043e-09
Disease	disease_11590	1.000247361864043e-09
Disease	disease_12058	1.000247361864043e-09
Disease	disease_12298	1.000247361864043e-09
Disease	disease_7980	1.000247361864043e-09
Disease	disease_11825	1.000247361864043e-09
Disease	disease_11341	1.000247361864043e-09
Disease	disease_11030	1.000247361864043e-09
Disease	disease_10112	1.000247361864043e-09
Disease	disease_10113	1.000247361864043e-09
Disease	disease_11677	1.000247361864043e-09
Disease	disease_11492	1.000247361864043e-09
Disease	disease_7742	1.000247361864043e-09
Disease	disease_11322	1.000247361864043e-09
Disease	disease_11685	1.000247361864043e-09
Disease	disease_12722	1.000247361864043e-09
Disease	disease_11357	1.000247361864043e-09
Disease	disease_11433	1.000247361864043e-09
Disease	disease_11618	1.000247361864043e-09
Disease	disease_13846	1.000247361864043e-09
Disease	disease_12428	1.000247361864043e-09
Disease	disease_11494	1.000247361864043e-09
Disease	disease_12047	1.000247361864043e-09
Disease	disease_12711	1.000247361864043e-09
Disease	disease_11619	1.000247361864043e-09
Disease	disease_8536	1.000247361864043e-09
Disease	disease_10739	1.000247361864043e-09
Disease	disease_11511	1.000247361864043e-09
Disease	disease_8529	1.000247361864043e-09
Disease	disease_8528	1.000247361864043e-09
Disease	disease_10312	1.000247361864043e-09
Disease	disease_11288	1.000247361864043e-09
Disease	disease_8398	1.000247361864043e-09
Disease	disease_12572	1.000247361864043e-09
Disease	disease_11256	1.000247361864043e-09
Disease	disease_8643	1.000247361864043e-09
Disease	disease_7689	1.000247361864043e-09
Disease	disease_12352	1.000247361864043e-09
Disease	disease_11446	1.000247361864043e-09
Disease	disease_11993	1.000247361864043e-09
Disease	disease_8252	1.000247361864043e-09
Disease	disease_12564	1.000247361864043e-09
Disease	disease_8639	1.000247361864043e-09
Disease	disease_11212	1.000247361864043e-09
Disease	disease_11228	1.000247361864043e-09
Disease	disease_7692	1.000247361864043e-09
Disease	disease_10770	1.000247361864043e-09
Disease	disease_11763	1.000247361864043e-09
Disease	disease_11210	1.000247361864043e-09
Disease	disease_7649	1.000247361864043e-09
Disease	disease_60690	1.000247361864043e-09
Disease	disease_11267	1.000247361864043e-09
Disease	disease_12223	1.000247361864043e-09
Disease	disease_60688	1.000247361864043e-09
Disease	disease_14519	1.000247361864043e-09
Disease	disease_8230	1.000247361864043e-09
Disease	disease_11729	1.000247361864043e-09
Disease	disease_7676	1.000247361864043e-09
Disease	disease_8239	1.000247361864043e-09
Disease	disease_10760	1.000247361864043e-09
Disease	disease_11241	1.000247361864043e-09
Disease	disease_11455	1.000247361864043e-09
Disease	disease_8238	1.000247361864043e-09
Disease	disease_11745	1.000247361864043e-09
Disease	disease_7331	1.000247361864043e-09
Disease	disease_11247	1.000247361864043e-09
Disease	disease_7675	1.000247361864043e-09
Disease	disease_11250	1.000247361864043e-09
Disease	disease_7942	1.000247361864043e-09
Disease	disease_8658	1.000247361864043e-09
Disease	disease_7323	1.000247361864043e-09
Disease	disease_11251	1.000247361864043e-09
Disease	disease_10630	1.000247361864043e-09
Disease	disease_11254	1.000247361864043e-09
Disease	disease_11453	1.000247361864043e-09
Disease	disease_8241	1.000247361864043e-09
Disease	disease_7317	1.000247361864043e-09
Disease	disease_10262	1.000247361864043e-09
Disease	disease_10692	1.000247361864043e-09
Disease	disease_8256	1.000247361864043e-09
Disease	disease_11550	1.000247361864043e-09
Disease	disease_11282	1.000247361864043e-09
Disease	disease_26768	1.000247361864043e-09
Disease	disease_9193	1.000247361864043e-09
Disease	disease_13733	1.000247361864043e-09
Disease	disease_12390	1.000247361864043e-09
Disease	disease_12243	1.000247361864043e-09
Disease	disease_11611	1.000247361864043e-09
Disease	disease_60593	1.000247361864043e-09
Disease	disease_7629	1.000247361864043e-09
Disease	disease_10000	1.000247361864043e-09
Disease	disease_12402	1.000247361864043e-09
Disease	disease_14053	1.000247361864043e-09
Disease	disease_9250	1.000247361864043e-09
Disease	disease_12550	1.000247361864043e-09
Disease	disease_11373	1.000247361864043e-09
Disease	disease_12182	1.000247361864043e-09
Disease	disease_12255	1.000247361864043e-09
Disease	disease_11289	1.000247361864043e-09
Disease	disease_11161	1.000247361864043e-09
Disease	disease_11290	1.000247361864043e-09
Disease	disease_12325	1.000247361864043e-09
Disease	disease_10776	1.000247361864043e-09
Disease	disease_11554	1.000247361864043e-09
Disease	disease_11726	1.000247361864043e-09
Disease	disease_11958	1.000247361864043e-09
Disease	disease_8616	1.000247361864043e-09
Disease	disease_13004	1.000247361864043e-09
Disease	disease_13732	1.000247361864043e-09
Disease	disease_11367	1.000247361864043e-09
Disease	disease_7645	1.000247361864043e-09
Disease	disease_8614	1.000247361864043e-09
Disease	disease_7697	1.000247361864043e-09
Disease	disease_12007	1.000247361864043e-09
Disease	disease_13462	1.000247361864043e-09
Disease	disease_33552	1.000247361864043e-09
Disease	disease_11516	1.000247361864043e-09
Disease	disease_11574	1.000247361864043e-09
Disease	disease_13009	1.000247361864043e-09
Disease	disease_7638	1.000247361864043e-09
Disease	disease_12385	1.000247361864043e-09
Disease	disease_11779	1.000247361864043e-09
Disease	disease_33572	1.000247361864043e-09
Disease	disease_12386	1.000247361864043e-09
Disease	disease_9171	1.000247361864043e-09
Disease	disease_10276	1.000247361864043e-09
Disease	disease_11029	1.000247361864043e-09
Disease	disease_7674	1.000247361864043e-09
Disease	disease_8317	1.000247361864043e-09
Disease	disease_30032	1.000247361864043e-09
Disease	disease_11345	1.000247361864043e-09
Disease	disease_12133	1.000247361864043e-09
Disease	disease_12288	1.000247361864043e-09
Disease	disease_12207	1.000247361864043e-09
Disease	disease_13799	1.000247361864043e-09
Disease	disease_11848	1.000247361864043e-09
Disease	disease_7189	1.000247361864043e-09
Disease	disease_11349	1.000247361864043e-09
Disease	disease_13586	1.000247361864043e-09
Disease	disease_9555	1.000247361864043e-09
Disease	disease_8091	1.000247361864043e-09
Disease	disease_7823	1.000247361864043e-09
Disease	disease_10960	1.000247361864043e-09
Disease	disease_7822	1.000247361864043e-09
Disease	disease_13335	1.000247361864043e-09
Disease	disease_8011	1.000247361864043e-09
Disease	disease_11000	1.000247361864043e-09
Disease	disease_8949	1.000247361864043e-09
Disease	disease_7192	1.000247361864043e-09
Disease	disease_7543	1.000247361864043e-09
Disease	disease_10536	1.000247361864043e-09
Disease	disease_11854	1.000247361864043e-09
Disease	disease_9442	1.000247361864043e-09
Disease	disease_8435	1.000247361864043e-09
Disease	disease_11356	1.000247361864043e-09
Disease	disease_10439	1.000247361864043e-09
Disease	disease_11645	1.000247361864043e-09
Disease	disease_10990	1.000247361864043e-09
Disease	disease_7175	1.000247361864043e-09
Disease	disease_11404	1.000247361864043e-09
Disease	disease_11343	1.000247361864043e-09
Disease	disease_9487	1.000247361864043e-09
Disease	disease_7807	1.000247361864043e-09
Disease	disease_11626	1.000247361864043e-09
Disease	disease_12131	1.000247361864043e-09
Disease	disease_11509	1.000247361864043e-09
Disease	disease_11507	1.000247361864043e-09
Disease	disease_8446	1.000247361864043e-09
Disease	disease_7061	1.000247361864043e-09
Disease	disease_8074	1.000247361864043e-09
Disease	disease_10937	1.000247361864043e-09
Disease	disease_11344	1.000247361864043e-09
Disease	disease_7532	1.000247361864043e-09
Disease	disease_10597	1.000247361864043e-09
Disease	disease_11641	1.000247361864043e-09
Disease	disease_9750	1.000247361864043e-09
Disease	disease_12284	1.000247361864043e-09
Disease	disease_11406	1.000247361864043e-09
Disease	disease_9939	1.000247361864043e-09
Disease	disease_30036	1.000247361864043e-09
Disease	disease_10944	1.000247361864043e-09
Disease	disease_12499	1.000247361864043e-09
Disease	disease_11410	1.000247361864043e-09
Disease	disease_7456	1.000247361864043e-09
Disease	disease_12488	1.000247361864043e-09
Disease	disease_7466	1.000247361864043e-09
Disease	disease_8085	1.000247361864043e-09
Disease	disease_12259	1.000247361864043e-09
Disease	disease_8427	1.000247361864043e-09
Disease	disease_14616	1.000247361864043e-09
Disease	disease_7578	1.000247361864043e-09
Disease	disease_11594	1.000247361864043e-09
Disease	disease_13814	1.000247361864043e-09
Disease	disease_23121	1.000247361864043e-09
Disease	disease_7821	1.000247361864043e-09
Disease	disease_12283	1.000247361864043e-09
Disease	disease_11353	1.000247361864043e-09
Disease	disease_7579	1.000247361864043e-09
Disease	disease_12501	1.000247361864043e-09
Disease	disease_13318	1.000247361864043e-09
Disease	disease_7467	1.000247361864043e-09
Disease	disease_9840	1.000247361864043e-09
Disease	disease_8330	1.000247361864043e-09
Disease	disease_9004	1.000247361864043e-09
Disease	disease_12068	1.000247361864043e-09
Disease	disease_9432	1.000247361864043e-09
Disease	disease_8068	1.000247361864043e-09
Disease	disease_7580	1.000247361864043e-09
Disease	disease_11419	1.000247361864043e-09
Disease	disease_9829	1.000247361864043e-09
Disease	disease_8432	1.000247361864043e-09
Disease	disease_8902	1.000247361864043e-09
Disease	disease_8619	1.0002301719115748e-09
Disease	disease_11839	9.990985646241503e-10
Disease	disease_5126	9.983785902143603e-10
Disease	disease_5127	9.983785902143603e-10
Disease	disease_1391	9.983785902143603e-10
Disease	disease_12358	9.983785902143603e-10
Disease	disease_5125	9.983785902143603e-10
Disease	disease_13257	9.983785902143603e-10
Disease	disease_32924	9.98172958366463e-10
Disease	disease_32903	9.980621361902712e-10
Disease	disease_11592	9.976291539691277e-10
Disease	disease_21114	9.975312212630837e-10
Disease	disease_20593	9.96395617077708e-10
Disease	disease_13443	9.953301226665359e-10
Disease	disease_9905	9.950047410469069e-10
Disease	disease_16872	9.94680054151106e-10
Disease	disease_10052	9.940322892181305e-10
Disease	disease_13918	9.939857385430606e-10
Disease	disease_11687	9.93926730788384e-10
Disease	disease_11036	9.935220458711122e-10
Disease	disease_32808	9.931011521034102e-10
Disease	disease_20176	9.928110192351164e-10
Disease	disease_6483	9.926582036447367e-10
Disease	disease_2182	9.926519773186074e-10
Disease	disease_17921	9.91734884668376e-10
Disease	disease_4827	9.91674752473151e-10
Disease	disease_16116	9.912218791374216e-10
Disease	disease_8710	9.91183963690158e-10
Disease	disease_11750	9.904781507936046e-10
Disease	disease_21396	9.902632494750948e-10
Disease	disease_19649	9.902367880853555e-10
Disease	disease_19650	9.902367880853555e-10
Disease	disease_19651	9.902367880853555e-10
Disease	disease_8838	9.899710199871535e-10
Disease	disease_40503	9.898358520250658e-10
Disease	disease_10495	9.88473217214643e-10
Disease	disease_14370	9.879026394694896e-10
Disease	disease_2892	9.878570322489862e-10
Disease	disease_10999	9.87605560964472e-10
Disease	disease_28618	9.875965285972183e-10
Disease	disease_3358	9.8757115443419e-10
Disease	disease_3957	9.872479375321511e-10
Disease	disease_3873	9.867876457896883e-10
Disease	disease_8302	9.85644566323527e-10
Disease	disease_14945	9.853617214423896e-10
Disease	disease_14436	9.851180343957502e-10
Disease	disease_9024	9.85063988424621e-10
Disease	disease_10391	9.849935833302833e-10
Disease	disease_2218	9.845719402948421e-10
Disease	disease_18417	9.843059712240852e-10
Disease	disease_12644	9.84053568858673e-10
Disease	disease_7233	9.840136145212217e-10
Disease	disease_14539	9.83961644361827e-10
Disease	disease_32804	9.83691469818564e-10
Disease	disease_43254	9.82757956256441e-10
Disease	disease_9464	9.824539798450742e-10
Disease	disease_6178	9.818079751264287e-10
Disease	disease_6395	9.817950032088916e-10
Disease	disease_32785	9.815859769923117e-10
Disease	disease_14847	9.810462040098751e-10
Disease	disease_13258	9.797778047885422e-10
Disease	disease_18472	9.785517984822678e-10
Disease	disease_11372	9.784591724967923e-10
Disease	disease_1616	9.779243021002504e-10
Disease	disease_33534	9.774363756529644e-10
Disease	disease_19680	9.770184242009734e-10
Disease	disease_11862	9.768425987068538e-10
Disease	disease_8582	9.767712474343526e-10
Disease	disease_9167	9.76363079726718e-10
Disease	disease_21271	9.75944796402535e-10
Disease	disease_9203	9.75482126250737e-10
Disease	disease_12196	9.739325874382993e-10
Disease	disease_1237	9.730821051524226e-10
Disease	disease_9544	9.724273463522254e-10
Disease	disease_9205	9.723257814937905e-10
Disease	disease_11308	9.720917789990415e-10
Disease	disease_17379	9.718401382978373e-10
Disease	disease_15537	9.71798587139572e-10
Disease	disease_1828	9.716912606920156e-10
Disease	disease_13715	9.71465511030204e-10
Disease	disease_100013	9.711982756975943e-10
Disease	disease_10206	9.709667296073284e-10
Disease	disease_13516	9.69899613457237e-10
Disease	disease_13620	9.696305500233315e-10
Disease	disease_18084	9.696253579291567e-10
Disease	disease_8049	9.694520671759768e-10
Disease	disease_16760	9.692664619119009e-10
Disease	disease_9751	9.688968170764494e-10
Disease	disease_17004	9.687393692149893e-10
Disease	disease_11890	9.683439104810984e-10
Disease	disease_26721	9.678522499299368e-10
Disease	disease_37870	9.674734306710856e-10
Disease	disease_13218	9.67442352252615e-10
Disease	disease_9015	9.671557672368718e-10
Disease	disease_17066	9.671380261802037e-10
Disease	disease_7938	9.667895412685447e-10
Disease	disease_32823	9.66438284172873e-10
Disease	disease_10839	9.65634203426093e-10
Disease	disease_14590	9.654951823531798e-10
Disease	disease_15381	9.650664313945226e-10
Disease	disease_14689	9.647397083183706e-10
Disease	disease_8703	9.638388093385152e-10
Disease	disease_7975	9.627850121174987e-10
Disease	disease_7486	9.623397194959244e-10
Disease	disease_5980	9.620724507941436e-10
Disease	disease_16791	9.615186062553887e-10
Disease	disease_14530	9.611650918676886e-10
Disease	disease_18119	9.610744955899708e-10
Disease	disease_24530	9.608480670073707e-10
Disease	disease_2577	9.599825817306045e-10
Disease	disease_14435	9.5954588866474e-10
Disease	disease_14522	9.591081519072442e-10
Disease	disease_13790	9.586268675872047e-10
Disease	disease_7632	9.584937559219494e-10
Disease	disease_43283	9.578955038645138e-10
Disease	disease_13140	9.574605990632278e-10
Disease	disease_100125	9.572601017810078e-10
Disease	disease_24430	9.572601017810078e-10
Disease	disease_6997	9.569598330915135e-10
Disease	disease_100297	9.566531844671687e-10
Disease	disease_7584	9.565420560855685e-10
Disease	disease_24620	9.553085540051567e-10
Disease	disease_8371	9.551971053919316e-10
Disease	disease_17845	9.551071279236895e-10
Disease	disease_32902	9.551063049773125e-10
Disease	disease_10550	9.550103529411109e-10
Disease	disease_3466	9.544332697188434e-10
Disease	disease_13383	9.541999805367583e-10
Disease	disease_60766	9.53677465181686e-10
Disease	disease_15619	9.534162495141923e-10
Disease	disease_32603	9.532933430015193e-10
Disease	disease_6774	9.524660530669914e-10
Disease	disease_238	9.514006329800523e-10
Disease	disease_3881	9.5020079034719e-10
Disease	disease_14019	9.50197044673759e-10
Disease	disease_17573	9.501447596709448e-10
Disease	disease_13919	9.500860423982722e-10
Disease	disease_13525	9.498302907073574e-10
Disease	disease_23134	9.49534740111741e-10
Disease	disease_16148	9.495209532420626e-10
Disease	disease_33639	9.494587869261525e-10
Disease	disease_9302	9.49398328949538e-10
Disease	disease_54665	9.492296745051398e-10
Disease	disease_21258	9.489145268445118e-10
Disease	disease_21008	9.481297322134557e-10
Disease	disease_16445	9.46227810056657e-10
Disease	disease_19577	9.450942816078374e-10
Disease	disease_13384	9.449750006365345e-10
Disease	disease_2864	9.44640972093441e-10
Disease	disease_32866	9.445073139446642e-10
Disease	disease_13326	9.44066120992616e-10
Disease	disease_16934	9.436821337790062e-10
Disease	disease_16890	9.432201461707725e-10
Disease	disease_14350	9.424644524114298e-10
Disease	disease_14052	9.413246243113273e-10
Disease	disease_9582	9.410856317276307e-10
Disease	disease_13450	9.409325694936567e-10
Disease	disease_13813	9.397675251790608e-10
Disease	disease_17843	9.394217605394442e-10
Disease	disease_12520	9.385922818934677e-10
Disease	disease_33657	9.385405055263506e-10
Disease	disease_4799	9.383071490010253e-10
Disease	disease_1813	9.383071490010253e-10
Disease	disease_8390	9.382472714390407e-10
Disease	disease_18344	9.375665485039874e-10
Disease	disease_11889	9.36169867872021e-10
Disease	disease_11249	9.357661950258962e-10
Disease	disease_100320	9.351237156710628e-10
Disease	disease_9584	9.348124159454603e-10
Disease	disease_7740	9.347522018813574e-10
Disease	disease_15236	9.339318975752008e-10
Disease	disease_15499	9.331924679121928e-10
Disease	disease_8865	9.323250279277962e-10
Disease	disease_2581	9.319472834994192e-10
Disease	disease_33980	9.318630539034038e-10
Disease	disease_21329	9.316957884938797e-10
Disease	disease_3051	9.315315137333373e-10
Disease	disease_3052	9.315315137333373e-10
Disease	disease_37251	9.314420703302063e-10
Disease	disease_21099	9.314197886963914e-10
Disease	disease_14467	9.307577852926019e-10
Disease	disease_13834	9.305781158856339e-10
Disease	disease_17966	9.299926959993334e-10
Disease	disease_11248	9.297919930476623e-10
Disease	disease_8261	9.281874741836935e-10
Disease	disease_9890	9.273387831491387e-10
Disease	disease_8900	9.271502092183127e-10
Disease	disease_3715	9.262602003554134e-10
Disease	disease_6364	9.261720145979324e-10
Disease	disease_110	9.259043777589008e-10
Disease	disease_18587	9.250423581583517e-10
Disease	disease_1293	9.248303831187424e-10
Disease	disease_12533	9.242620049967774e-10
Disease	disease_12567	9.242620049967774e-10
Disease	disease_12261	9.242620049967774e-10
Disease	disease_12578	9.242620049967774e-10
Disease	disease_12566	9.242620049967774e-10
Disease	disease_12600	9.242620049967774e-10
Disease	disease_12601	9.242620049967774e-10
Disease	disease_14041	9.242620049967774e-10
Disease	disease_20213	9.240429219750085e-10
Disease	disease_10297	9.239563774638605e-10
Disease	disease_1584	9.237545957915654e-10
Disease	disease_20270	9.234882854156504e-10
Disease	disease_8798	9.22691278404838e-10
Disease	disease_56795	9.225333157455788e-10
Disease	disease_14666	9.223555232638144e-10
Disease	disease_15013	9.222294792611098e-10
Disease	disease_13828	9.221735186637963e-10
Disease	disease_10418	9.218543582152474e-10
Disease	disease_4911	9.214101151169883e-10
Disease	disease_363	9.214101151169883e-10
Disease	disease_44964	9.211217164331912e-10
Disease	disease_21420	9.20770045291117e-10
Disease	disease_20778	9.20334334563065e-10
Disease	disease_60554	9.203222479616429e-10
Disease	disease_12980	9.191067029801645e-10
Disease	disease_10774	9.184483968622039e-10
Disease	disease_12698	9.181560610320349e-10
Disease	disease_19407	9.179848967369955e-10
Disease	disease_7202	9.168066710600635e-10
Disease	disease_1691	9.155804861142615e-10
Disease	disease_9931	9.148680203637658e-10
Disease	disease_14181	9.141136812199892e-10
Disease	disease_16353	9.138269814642444e-10
Disease	disease_10075	9.137801644888776e-10
Disease	disease_14208	9.137610960159363e-10
Disease	disease_16018	9.135989887736534e-10
Disease	disease_17452	9.129523900732114e-10
Disease	disease_12166	9.125506209087072e-10
Disease	disease_20639	9.121609337151614e-10
Disease	disease_19022	9.121174074056989e-10
Disease	disease_44344	9.117559326451377e-10
Disease	disease_44351	9.117559326451377e-10
Disease	disease_14597	9.117282334109289e-10
Disease	disease_5911	9.115823677994407e-10
Disease	disease_1172	9.099646125881863e-10
Disease	disease_240	9.099049625636857e-10
Disease	disease_20384	9.092697583879282e-10
Disease	disease_15273	9.089158889354578e-10
Disease	disease_10832	9.084878699383193e-10
Disease	disease_27694	9.081133981577915e-10
Disease	disease_7221	9.079665313083971e-10
Disease	disease_10197	9.072535390489887e-10
Disease	disease_488	9.063454596293625e-10
Disease	disease_9356	9.061948246324122e-10
Disease	disease_60555	9.059172477302935e-10
Disease	disease_8857	9.052543003687902e-10
Disease	disease_20685	9.052310344701463e-10
Disease	disease_32827	9.049798145551057e-10
Disease	disease_20355	9.047306698619446e-10
Disease	disease_9402	9.038220343650289e-10
Disease	disease_33481	9.036825142268818e-10
Disease	disease_3953	9.034294959847507e-10
Disease	disease_18361	9.033258493117675e-10
Disease	disease_13893	9.013745399417528e-10
Disease	disease_100196	9.012924245710951e-10
Disease	disease_4274	9.011068829005891e-10
Disease	disease_10834	9.008725426084282e-10
Disease	disease_7434	9.008131510356451e-10
Disease	disease_14876	9.005679730903904e-10
Disease	disease_3292	9.003077287802681e-10
Disease	disease_12257	9.001035730779833e-10
Disease	disease_16884	8.999797333392001e-10
Disease	disease_9121	8.998928304832275e-10
Disease	disease_20737	8.997340167838074e-10
Disease	disease_8653	8.990430724473914e-10
Disease	disease_7330	8.990050293501644e-10
Disease	disease_20521	8.989098666196007e-10
Disease	disease_20522	8.989098666196007e-10
Disease	disease_12209	8.982238163410902e-10
Disease	disease_23704	8.979837287462626e-10
Disease	disease_14441	8.973279992915255e-10
Disease	disease_10822	8.966755252392721e-10
Disease	disease_13036	8.9663001422283e-10
Disease	disease_22762	8.964191461968852e-10
Disease	disease_14664	8.959895993274929e-10
Disease	disease_4440	8.957098543126332e-10
Disease	disease_2265	8.95666505688042e-10
Disease	disease_815	8.95666505688042e-10
Disease	disease_16618	8.955907507333422e-10
Disease	disease_16617	8.955907507333422e-10
Disease	disease_8792	8.949494864094527e-10
Disease	disease_16557	8.948326010050963e-10
Disease	disease_14115	8.928161878311125e-10
Disease	disease_14468	8.92268925980719e-10
Disease	disease_6969	8.920400594791463e-10
Disease	disease_22113	8.912805842424759e-10
Disease	disease_42963	8.895280824262693e-10
Disease	disease_1366	8.895280824262693e-10
Disease	disease_7385	8.875165179418685e-10
Disease	disease_14117	8.870381496912154e-10
Disease	disease_6091	8.86540462896596e-10
Disease	disease_16644	8.865266418640199e-10
Disease	disease_6645	8.860882297323349e-10
Disease	disease_1904	8.860882297323349e-10
Disease	disease_1073	8.860882297323349e-10
Disease	disease_1765	8.860882297323349e-10
Disease	disease_14571	8.859319106968385e-10
Disease	disease_3448	8.854654730086717e-10
Disease	disease_3399	8.853051846330255e-10
Disease	disease_3654	8.851832962202515e-10
Disease	disease_11261	8.840482892451639e-10
Disease	disease_1990	8.835024723594424e-10
Disease	disease_9792	8.825579056000305e-10
Disease	disease_17417	8.820486847436633e-10
Disease	disease_13415	8.816260011558431e-10
Disease	disease_14344	8.81418233394976e-10
Disease	disease_44207	8.811828622399299e-10
Disease	disease_10884	8.811090308493739e-10
Disease	disease_12687	8.804881802336364e-10
Disease	disease_16020	8.801384203794092e-10
Disease	disease_6491	8.801287644342657e-10
Disease	disease_44720	8.793648434604356e-10
Disease	disease_19525	8.791541257245219e-10
Disease	disease_100112	8.774938224184638e-10
Disease	disease_11491	8.771306891123389e-10
Disease	disease_3452	8.769515431733483e-10
Disease	disease_20343	8.766286507607208e-10
Disease	disease_1597	8.759932564258266e-10
Disease	disease_1727	8.756961961941165e-10
Disease	disease_1728	8.756961961941165e-10
Disease	disease_1729	8.756961961941165e-10
Disease	disease_15935	8.75673665844803e-10
Disease	disease_7640	8.756727518062835e-10
Disease	disease_7220	8.753228291770612e-10
Disease	disease_19776	8.752805463172345e-10
Disease	disease_8002	8.752646088482704e-10
Disease	disease_9920	8.751000640641989e-10
Disease	disease_11606	8.746113702176367e-10
Disease	disease_21082	8.745884840127734e-10
Disease	disease_16191	8.741603608002019e-10
Disease	disease_11595	8.737945371071485e-10
Disease	disease_11527	8.730396642566786e-10
Disease	disease_19764	8.729132987766643e-10
Disease	disease_9755	8.728383649462449e-10
Disease	disease_27353	8.727649303358954e-10
Disease	disease_8210	8.726433005201066e-10
Disease	disease_20172	8.715733237970795e-10
Disease	disease_7490	8.714993335489187e-10
Disease	disease_24557	8.713407792807047e-10
Disease	disease_17599	8.70945016901593e-10
Disease	disease_19465	8.70945016901593e-10
Disease	disease_19462	8.70945016901593e-10
Disease	disease_45058	8.706396186099955e-10
Disease	disease_24547	8.703888457988715e-10
Disease	disease_6071	8.700591912541831e-10
Disease	disease_4243	8.696564719658453e-10
Disease	disease_11557	8.695229336635082e-10
Disease	disease_2672	8.694655366377705e-10
Disease	disease_9307	8.690230302407334e-10
Disease	disease_4226	8.688819635306634e-10
Disease	disease_4254	8.688819635306634e-10
Disease	disease_14813	8.686338868062588e-10
Disease	disease_19840	8.672872668399426e-10
Disease	disease_23232	8.66761173506487e-10
Disease	disease_4851	8.66761173506487e-10
Disease	disease_2379	8.664885838545435e-10
Disease	disease_18414	8.66418510875645e-10
Disease	disease_2997	8.662698360280451e-10
Disease	disease_5509	8.660313982519869e-10
Disease	disease_13807	8.657884944196619e-10
Disease	disease_9776	8.653226645489513e-10
Disease	disease_10094	8.651345302662724e-10
Disease	disease_14592	8.650908804984311e-10
Disease	disease_734	8.650864820633138e-10
Disease	disease_10688	8.645284875670662e-10
Disease	disease_7991	8.64234816532152e-10
Disease	disease_3053	8.640975453310191e-10
Disease	disease_25377	8.637512725879763e-10
Disease	disease_12979	8.634243657119968e-10
Disease	disease_45020	8.62845114066644e-10
Disease	disease_13989	8.628082289456331e-10
Disease	disease_4176	8.627638473258642e-10
Disease	disease_20505	8.607375530688662e-10
Disease	disease_17912	8.604772970624128e-10
Disease	disease_4398	8.603569754646453e-10
Disease	disease_10738	8.603232425108623e-10
Disease	disease_14934	8.601762970184313e-10
Disease	disease_12748	8.599439712050149e-10
Disease	disease_1686	8.599116302624788e-10
Disease	disease_1996	8.599116302624788e-10
Disease	disease_1019	8.596605522098261e-10
Disease	disease_10625	8.584480796311182e-10
Disease	disease_100225	8.581022204122866e-10
Disease	disease_3663	8.577284964661813e-10
Disease	disease_2323	8.574082553062604e-10
Disease	disease_9366	8.572139549968805e-10
Disease	disease_14511	8.570531182831335e-10
Disease	disease_24985	8.570100233915791e-10
Disease	disease_16417	8.569602652642566e-10
Disease	disease_6762	8.567757329397648e-10
Disease	disease_7684	8.567433941713845e-10
Disease	disease_16902	8.564401182293193e-10
Disease	disease_4556	8.563619805356491e-10
Disease	disease_8877	8.563028290255416e-10
Disease	disease_17058	8.561187234953227e-10
Disease	disease_5831	8.560960157462862e-10
Disease	disease_12753	8.56026462416944e-10
Disease	disease_7853	8.559791511396049e-10
Disease	disease_9720	8.559715486329606e-10
Disease	disease_9436	8.556423716048018e-10
Disease	disease_704	8.554839104344361e-10
Disease	disease_18941	8.553261250092837e-10
Disease	disease_15622	8.553261250092837e-10
Disease	disease_20649	8.55165083751406e-10
Disease	disease_515	8.533886135755454e-10
Disease	disease_18022	8.531359530731661e-10
Disease	disease_14199	8.516786608920676e-10
Disease	disease_4826	8.516353582231213e-10
Disease	disease_24508	8.515287840685048e-10
Disease	disease_9869	8.514655681071933e-10
Disease	disease_4252	8.512645062500436e-10
Disease	disease_14844	8.512636330517293e-10
Disease	disease_42970	8.51144142864571e-10
Disease	disease_4642	8.504538300316102e-10
Disease	disease_11771	8.489665495561016e-10
Disease	disease_12285	8.479336286105162e-10
Disease	disease_44326	8.476772633064966e-10
Disease	disease_21523	8.476153707609308e-10
Disease	disease_45016	8.476075633009952e-10
Disease	disease_6108	8.475217545443917e-10
Disease	disease_14419	8.470902382063064e-10
Disease	disease_9206	8.469601783766171e-10
Disease	disease_9764	8.464388062133615e-10
Disease	disease_13974	8.451321296005925e-10
Disease	disease_11275	8.450382532001455e-10
Disease	disease_2378	8.450179366451604e-10
Disease	disease_2295	8.449378353369864e-10
Disease	disease_8961	8.448676343560739e-10
Disease	disease_16029	8.443402468331696e-10
Disease	disease_21482	8.441525586678985e-10
Disease	disease_248	8.438226141079787e-10
Disease	disease_9531	8.433111195224893e-10
Disease	disease_1724	8.429089308090304e-10
Disease	disease_4223	8.425773242463256e-10
Disease	disease_2351	8.425345612633324e-10
Disease	disease_13613	8.423101706508671e-10
Disease	disease_961	8.414222827923264e-10
Disease	disease_16221	8.409985587864941e-10
Disease	disease_30846	8.391716690126507e-10
Disease	disease_12680	8.390816829615863e-10
Disease	disease_10579	8.387032266399557e-10
Disease	disease_13504	8.384763097015042e-10
Disease	disease_4392	8.378544796028909e-10
Disease	disease_15702	8.377960054663123e-10
Disease	disease_7729	8.374330361092394e-10
Disease	disease_17905	8.369951946451583e-10
Disease	disease_2934	8.367733048678547e-10
Disease	disease_12324	8.3671437000441e-10
Disease	disease_21651	8.348333515341921e-10
Disease	disease_14503	8.341762575926914e-10
Disease	disease_18127	8.338621088686835e-10
Disease	disease_15768	8.326856055592281e-10
Disease	disease_21394	8.323064000689115e-10
Disease	disease_16905	8.32141003502229e-10
Disease	disease_13842	8.318278054451115e-10
Disease	disease_9417	8.314225869518983e-10
Disease	disease_1035	8.30976075654685e-10
Disease	disease_516	8.302454674832813e-10
Disease	disease_6864	8.301211559571107e-10
Disease	disease_1600	8.301211559571107e-10
Disease	disease_6970	8.301211559571107e-10
Disease	disease_8025	8.295083514171546e-10
Disease	disease_910	8.294606861413724e-10
Disease	disease_1877	8.287958363525842e-10
Disease	disease_23554	8.287958363525842e-10
Disease	disease_42605	8.287958363525842e-10
Disease	disease_13228	8.283942486689193e-10
Disease	disease_10290	8.277971290378502e-10
Disease	disease_19500	8.27629851526363e-10
Disease	disease_2606	8.266299128077426e-10
Disease	disease_6557	8.265662988516512e-10
Disease	disease_13065	8.264831937954949e-10
Disease	disease_18603	8.263338704080001e-10
Disease	disease_16323	8.263338704080001e-10
Disease	disease_1779	8.26202224804848e-10
Disease	disease_9085	8.255098029892384e-10
Disease	disease_3434	8.254318824488655e-10
Disease	disease_1938	8.251253337960689e-10
Disease	disease_18607	8.247366318450671e-10
Disease	disease_31014	8.244106119141611e-10
Disease	disease_11395	8.234569893000107e-10
Disease	disease_6267	8.23273625922451e-10
Disease	disease_18159	8.232259198246799e-10
Disease	disease_10577	8.230816057809408e-10
Disease	disease_16387	8.230165137477026e-10
Disease	disease_8442	8.225869912590612e-10
Disease	disease_32914	8.222972505638435e-10
Disease	disease_17765	8.221591099456034e-10
Disease	disease_15160	8.215648738060543e-10
Disease	disease_16953	8.209696012850766e-10
Disease	disease_2200	8.20922441908195e-10
Disease	disease_14342	8.204010410785867e-10
Disease	disease_14726	8.197879085208008e-10
Disease	disease_18697	8.19643093635847e-10
Disease	disease_6830	8.194160659480595e-10
Disease	disease_8875	8.192924682085411e-10
Disease	disease_8477	8.187021686329225e-10
Disease	disease_32724	8.185017805304114e-10
Disease	disease_21824	8.18436654361636e-10
Disease	disease_14185	8.183218621059427e-10
Disease	disease_100121	8.182821657953873e-10
Disease	disease_17348	8.180519346090976e-10
Disease	disease_23513	8.178780371666408e-10
Disease	disease_12051	8.177504436693792e-10
Disease	disease_19506	8.172673688308002e-10
Disease	disease_1400	8.169354415665945e-10
Disease	disease_18930	8.168417978618772e-10
Disease	disease_11413	8.166835304404631e-10
Disease	disease_11742	8.159430930250127e-10
Disease	disease_12042	8.159430930250127e-10
Disease	disease_12710	8.159430930250127e-10
Disease	disease_11741	8.159430930250127e-10
Disease	disease_8271	8.154946797219092e-10
Disease	disease_14923	8.152612775844078e-10
Disease	disease_13570	8.151472145426634e-10
Disease	disease_100019	8.147528994862095e-10
Disease	disease_5483	8.147396127758606e-10
Disease	disease_11821	8.147147475172238e-10
Disease	disease_12894	8.14429724646924e-10
Disease	disease_5416	8.14429724646924e-10
Disease	disease_17785	8.137800021531079e-10
Disease	disease_1736	8.137002378297278e-10
Disease	disease_15024	8.134761920242494e-10
Disease	disease_19224	8.133098630085618e-10
Disease	disease_13231	8.131583441816405e-10
Disease	disease_11907	8.128780930528648e-10
Disease	disease_600	8.128274598441881e-10
Disease	disease_1883	8.121799405934178e-10
Disease	disease_16350	8.118732528887093e-10
Disease	disease_13542	8.116727239444058e-10
Disease	disease_7143	8.116093839169141e-10
Disease	disease_21457	8.114338017210396e-10
Disease	disease_11271	8.111655700323644e-10
Disease	disease_13786	8.109696221269688e-10
Disease	disease_14273	8.104125598607614e-10
Disease	disease_2716	8.098768011598459e-10
Disease	disease_6859	8.098095214095567e-10
Disease	disease_14819	8.093254624162113e-10
Disease	disease_16593	8.087942967622464e-10
Disease	disease_21465	8.086193293953457e-10
Disease	disease_19775	8.086054805796809e-10
Disease	disease_15237	8.083402620884275e-10
Disease	disease_9780	8.073837928781564e-10
Disease	disease_13871	8.06932223885445e-10
Disease	disease_2194	8.066123618032823e-10
Disease	disease_14955	8.063266187855297e-10
Disease	disease_8259	8.06103068498388e-10
Disease	disease_13752	8.059603424965339e-10
Disease	disease_34109	8.056945137995602e-10
Disease	disease_19348	8.056559033382469e-10
Disease	disease_4520	8.05155736913363e-10
Disease	disease_5200	8.049389227347149e-10
Disease	disease_24660	8.047205750533681e-10
Disease	disease_2955	8.041567745150179e-10
Disease	disease_4213	8.041567745150179e-10
Disease	disease_4212	8.041567745150179e-10
Disease	disease_9252	8.04096666248401e-10
Disease	disease_13449	8.037261525521007e-10
Disease	disease_8765	8.035094579167011e-10
Disease	disease_16156	8.033622609895468e-10
Disease	disease_16151	8.032161290157163e-10
Disease	disease_7073	8.027972946477866e-10
Disease	disease_14649	8.027468577411778e-10
Disease	disease_4257	8.025685506928301e-10
Disease	disease_16420	8.02531130098551e-10
Disease	disease_4561	8.021557501726953e-10
Disease	disease_7946	8.021437986603715e-10
Disease	disease_16896	8.019667566998602e-10
Disease	disease_2354	8.016678914773855e-10
Disease	disease_20055	8.014507797873729e-10
Disease	disease_23692	8.014505585546727e-10
Disease	disease_14747	8.013417635814159e-10
Disease	disease_390	8.011568259308696e-10
Disease	disease_17421	8.008358294235165e-10
Disease	disease_13889	8.007470022693814e-10
Disease	disease_20084	8.004192109479545e-10
Disease	disease_19029	8.000946796335872e-10
Disease	disease_19368	8.000946796335872e-10
Disease	disease_1767	7.99356204888249e-10
Disease	disease_1768	7.99356204888249e-10
Disease	disease_15233	7.993327556243289e-10
Disease	disease_12394	7.987130448118904e-10
Disease	disease_11634	7.98586618802858e-10
Disease	disease_14894	7.98272827086355e-10
Disease	disease_18616	7.975589812764148e-10
Disease	disease_44627	7.975589812764148e-10
Disease	disease_23868	7.975589812764148e-10
Disease	disease_6843	7.975589812764148e-10
Disease	disease_18460	7.975589812764148e-10
Disease	disease_1855	7.975589812764148e-10
Disease	disease_8806	7.971652419776896e-10
Disease	disease_15775	7.967385883318495e-10
Disease	disease_17209	7.965699806790183e-10
Disease	disease_17211	7.965699806790183e-10
Disease	disease_30869	7.951785518444008e-10
Disease	disease_9445	7.95167854050197e-10
Disease	disease_17934	7.948588784455025e-10
Disease	disease_8499	7.947385686496197e-10
Disease	disease_1994	7.944812130931813e-10
Disease	disease_14174	7.944265244562058e-10
Disease	disease_6953	7.944257405512332e-10
Disease	disease_12605	7.943566261763434e-10
Disease	disease_24934	7.937893496871541e-10
Disease	disease_7441	7.933376567481196e-10
Disease	disease_14365	7.932851345583858e-10
Disease	disease_5605	7.932591721689389e-10
Disease	disease_43141	7.929468617664122e-10
Disease	disease_15322	7.928711782826236e-10
Disease	disease_11674	7.91808204484514e-10
Disease	disease_5204	7.912987917485001e-10
Disease	disease_11346	7.909008069196597e-10
Disease	disease_10068	7.908228135579805e-10
Disease	disease_19208	7.907877124341627e-10
Disease	disease_10902	7.907188787598988e-10
Disease	disease_13615	7.907036131573864e-10
Disease	disease_12096	7.900453790794543e-10
Disease	disease_11635	7.897782554284357e-10
Disease	disease_32906	7.895136382722167e-10
Disease	disease_12148	7.894011852119767e-10
Disease	disease_10063	7.888653386207062e-10
Disease	disease_15355	7.882215862030685e-10
Disease	disease_16878	7.879680519749179e-10
Disease	disease_13469	7.87771827833901e-10
Disease	disease_22518	7.875009817644821e-10
Disease	disease_19809	7.874391074050324e-10
Disease	disease_3045	7.871226991063373e-10
Disease	disease_16572	7.870191405228892e-10
Disease	disease_15714	7.865675018506449e-10
Disease	disease_25397	7.859621658592754e-10
Disease	disease_2645	7.851651816619428e-10
Disease	disease_9081	7.846948398263867e-10
Disease	disease_17455	7.843325298253899e-10
Disease	disease_17819	7.842887548362272e-10
Disease	disease_13363	7.83587341288487e-10
Disease	disease_13611	7.834691785434902e-10
Disease	disease_6088	7.831009111101161e-10
Disease	disease_19652	7.828497175435742e-10
Disease	disease_19653	7.828497175435742e-10
Disease	disease_19654	7.828497175435742e-10
Disease	disease_12075	7.817721080718211e-10
Disease	disease_11814	7.817351943913658e-10
Disease	disease_1756	7.812275376397239e-10
Disease	disease_1681	7.808491162095711e-10
Disease	disease_496	7.808491162095711e-10
Disease	disease_1506	7.808491162095711e-10
Disease	disease_4112	7.808491162095711e-10
Disease	disease_4118	7.808491162095711e-10
Disease	disease_23073	7.808491162095711e-10
Disease	disease_12219	7.808159427152873e-10
Disease	disease_14013	7.799627707079505e-10
Disease	disease_19880	7.795280370250245e-10
Disease	disease_33967	7.795192503292481e-10
Disease	disease_2910	7.790039187854105e-10
Disease	disease_4211	7.78634915078891e-10
Disease	disease_14496	7.782718307480846e-10
Disease	disease_14326	7.769892447492465e-10
Disease	disease_7060	7.763638496019135e-10
Disease	disease_14446	7.759522682813832e-10
Disease	disease_17961	7.73860394942301e-10
Disease	disease_9001	7.737863503185939e-10
Disease	disease_14366	7.736023569828129e-10
Disease	disease_10279	7.734146171270566e-10
Disease	disease_3891	7.730948163086888e-10
Disease	disease_2676	7.725061014657042e-10
Disease	disease_7481	7.724848475362026e-10
Disease	disease_13233	7.724317478270877e-10
Disease	disease_7815	7.723069927865367e-10
Disease	disease_11196	7.720803973924858e-10
Disease	disease_21545	7.71904223932994e-10
Disease	disease_16832	7.718925392839165e-10
Disease	disease_20159	7.718619534203802e-10
Disease	disease_19575	7.714330892194455e-10
Disease	disease_15932	7.712840929586102e-10
Disease	disease_13753	7.712628136048262e-10
Disease	disease_17011	7.702324682582776e-10
Disease	disease_3653	7.700492262071119e-10
Disease	disease_16861	7.699740676903077e-10
Disease	disease_37807	7.697248332895464e-10
Disease	disease_15262	7.691890525531305e-10
Disease	disease_16052	7.69054884072337e-10
Disease	disease_10511	7.687345951923008e-10
Disease	disease_11553	7.682724414968128e-10
Disease	disease_14183	7.680332986433834e-10
Disease	disease_11539	7.678138256005028e-10
Disease	disease_14159	7.671833890668986e-10
Disease	disease_19156	7.668786146841531e-10
Disease	disease_2695	7.664308062286331e-10
Disease	disease_16800	7.662505053593081e-10
Disease	disease_3103	7.662464712263031e-10
Disease	disease_5238	7.660324462653172e-10
Disease	disease_3097	7.654115761375616e-10
Disease	disease_100106	7.651259237665191e-10
Disease	disease_12760	7.651259237665191e-10
Disease	disease_11753	7.651259237665191e-10
Disease	disease_12338	7.651259237665191e-10
Disease	disease_100002	7.649336742202966e-10
Disease	disease_5845	7.648665610967965e-10
Disease	disease_12256	7.641287975862451e-10
Disease	disease_3748	7.640623700292714e-10
Disease	disease_3727	7.640623700292714e-10
Disease	disease_3057	7.630930921286159e-10
Disease	disease_8470	7.623657725299554e-10
Disease	disease_16764	7.610965635150633e-10
Disease	disease_18050	7.606504121467951e-10
Disease	disease_10779	7.605917552959137e-10
Disease	disease_14126	7.603698465460879e-10
Disease	disease_19935	7.603187077357047e-10
Disease	disease_3314	7.603078986584646e-10
Disease	disease_6897	7.602911486873577e-10
Disease	disease_6989	7.602911486873577e-10
Disease	disease_1338	7.602911486873577e-10
Disease	disease_33839	7.602299828003233e-10
Disease	disease_9365	7.601297047907318e-10
Disease	disease_9120	7.599871129812037e-10
Disease	disease_34147	7.590337647037132e-10
Disease	disease_14520	7.57725197973307e-10
Disease	disease_5752	7.574252456783635e-10
Disease	disease_12014	7.571665234568827e-10
Disease	disease_7161	7.570902883377915e-10
Disease	disease_13963	7.56907794960389e-10
Disease	disease_2804	7.568950197054407e-10
Disease	disease_16993	7.565542094452411e-10
Disease	disease_12929	7.559763862696123e-10
Disease	disease_54749	7.558440333482579e-10
Disease	disease_1772	7.554668630325267e-10
Disease	disease_54551	7.546609450863364e-10
Disease	disease_18420	7.546591938378339e-10
Disease	disease_8664	7.546468797475496e-10
Disease	disease_27029	7.545821101862559e-10
Disease	disease_16184	7.544376824693628e-10
Disease	disease_14475	7.539560445105774e-10
Disease	disease_11090	7.526049604949665e-10
Disease	disease_20687	7.523601609559993e-10
Disease	disease_15354	7.516766458749884e-10
Disease	disease_17355	7.514916459475331e-10
Disease	disease_16493	7.513896313265696e-10
Disease	disease_21475	7.506586567804613e-10
Disease	disease_15082	7.502458309439155e-10
Disease	disease_21479	7.497639902686103e-10
Disease	disease_15240	7.497454942048626e-10
Disease	disease_23691	7.496410247148012e-10
Disease	disease_23693	7.496410247148012e-10
Disease	disease_5286	7.480515878441088e-10
Disease	disease_17878	7.476170284768696e-10
Disease	disease_17877	7.476170284768696e-10
Disease	disease_7931	7.475249371458164e-10
Disease	disease_10039	7.471232357119504e-10
Disease	disease_10775	7.468775756344085e-10
Disease	disease_43069	7.466718070982452e-10
Disease	disease_3948	7.46641583757354e-10
Disease	disease_14299	7.460673427292585e-10
Disease	disease_14067	7.458898613589427e-10
Disease	disease_8127	7.45708284021095e-10
Disease	disease_3995	7.455801803175615e-10
Disease	disease_30938	7.450856771759989e-10
Disease	disease_11941	7.449428689346027e-10
Disease	disease_10282	7.449428689346027e-10
Disease	disease_12606	7.449428689346027e-10
Disease	disease_13045	7.449428689346027e-10
Disease	disease_32795	7.43707337213769e-10
Disease	disease_14843	7.436822623153107e-10
Disease	disease_54850	7.428698002258669e-10
Disease	disease_16945	7.424651399897908e-10
Disease	disease_20712	7.419845531242392e-10
Disease	disease_3698	7.415515313789604e-10
Disease	disease_9822	7.413861384437106e-10
Disease	disease_9522	7.412196234209209e-10
Disease	disease_21553	7.408670631359865e-10
Disease	disease_100115	7.408670631359865e-10
Disease	disease_100108	7.404467707478419e-10
Disease	disease_13202	7.402409517210182e-10
Disease	disease_21339	7.401834481628349e-10
Disease	disease_11442	7.401755441192016e-10
Disease	disease_7285	7.401573738604275e-10
Disease	disease_100231	7.396781861662324e-10
Disease	disease_12918	7.395124642512174e-10
Disease	disease_24561	7.390573374679264e-10
Disease	disease_13212	7.388474496695646e-10
Disease	disease_14644	7.379224953997136e-10
Disease	disease_4778	7.378695080415996e-10
Disease	disease_4557	7.377441244783659e-10
Disease	disease_1783	7.376798372309868e-10
Disease	disease_8479	7.37555316941352e-10
Disease	disease_2133	7.373475127137088e-10
Disease	disease_11211	7.370803279557217e-10
Disease	disease_15295	7.368412499224297e-10
Disease	disease_4423	7.368104536112174e-10
Disease	disease_14179	7.366382003870502e-10
Disease	disease_24544	7.360333757539248e-10
Disease	disease_6423	7.358177809386928e-10
Disease	disease_2894	7.354134273550401e-10
Disease	disease_6705	7.353139655243063e-10
Disease	disease_6925	7.353139655243063e-10
Disease	disease_3426	7.350628903769532e-10
Disease	disease_11054	7.348689490571882e-10
Disease	disease_15384	7.346762013859859e-10
Disease	disease_643	7.342671651077887e-10
Disease	disease_12160	7.34242316018686e-10
Disease	disease_20196	7.337543078046486e-10
Disease	disease_12576	7.337238569834654e-10
Disease	disease_3896	7.334404950159226e-10
Disease	disease_6961	7.325612675107323e-10
Disease	disease_34142	7.324987514600974e-10
Disease	disease_24311	7.324969717642342e-10
Disease	disease_18973	7.322981440157053e-10
Disease	disease_4074	7.318188058437783e-10
Disease	disease_32737	7.315044401856935e-10
Disease	disease_3477	7.305370706998561e-10
Disease	disease_13333	7.299155308587987e-10
Disease	disease_7562	7.298612316820421e-10
Disease	disease_9346	7.292802482073797e-10
Disease	disease_43003	7.290468739462269e-10
Disease	disease_13845	7.285515322397343e-10
Disease	disease_23250	7.277247482596283e-10
Disease	disease_7215	7.277181499272483e-10
Disease	disease_16630	7.274910013381998e-10
Disease	disease_40872	7.267924254574177e-10
Disease	disease_1890	7.267025821104869e-10
Disease	disease_7298	7.266499078112557e-10
Disease	disease_16733	7.262660780750294e-10
Disease	disease_16866	7.251495105867011e-10
Disease	disease_3932	7.246708971139336e-10
Disease	disease_18878	7.245853740254273e-10
Disease	disease_20179	7.243111610481072e-10
Disease	disease_13617	7.238941149332982e-10
Disease	disease_5673	7.230900947665502e-10
Disease	disease_9708	7.230098308931247e-10
Disease	disease_16431	7.229015390803625e-10
Disease	disease_13583	7.224619984227426e-10
Disease	disease_11691	7.214065360124315e-10
Disease	disease_15740	7.211210925571372e-10
Disease	disease_20682	7.211067349760199e-10
Disease	disease_18720	7.209411826001109e-10
Disease	disease_18450	7.206609335904249e-10
Disease	disease_9786	7.195326946512149e-10
Disease	disease_11802	7.191530111639734e-10
Disease	disease_12507	7.185219807677353e-10
Disease	disease_14128	7.181208518740764e-10
Disease	disease_19494	7.169003498338429e-10
Disease	disease_19493	7.169003498338429e-10
Disease	disease_476	7.166428087144281e-10
Disease	disease_4432	7.165596850814802e-10
Disease	disease_14302	7.163895154136222e-10
Disease	disease_2299	7.151678761861479e-10
Disease	disease_16153	7.148539820159275e-10
Disease	disease_24378	7.13807381197582e-10
Disease	disease_24377	7.13807381197582e-10
Disease	disease_9524	7.134395173636554e-10
Disease	disease_33199	7.133190850334069e-10
Disease	disease_15915	7.130780835089993e-10
Disease	disease_6105	7.12730447410894e-10
Disease	disease_18718	7.126457675240069e-10
Disease	disease_14982	7.12602499055458e-10
Disease	disease_12765	7.125601070767547e-10
Disease	disease_7290	7.125196902657565e-10
Disease	disease_4337	7.124081345857667e-10
Disease	disease_5713	7.114898740701655e-10
Disease	disease_10791	7.107858356685951e-10
Disease	disease_15854	7.107124785063907e-10
Disease	disease_16196	7.096960873344867e-10
Disease	disease_44317	7.096695516431725e-10
Disease	disease_12063	7.094092393088918e-10
Disease	disease_15473	7.093679366516795e-10
Disease	disease_17440	7.083635367038558e-10
Disease	disease_16032	7.083635367038558e-10
Disease	disease_13271	7.080300158517994e-10
Disease	disease_25138	7.079731890429676e-10
Disease	disease_14591	7.077646175536273e-10
Disease	disease_21027	7.075997497382124e-10
Disease	disease_21009	7.075432142216652e-10
Disease	disease_1939	7.068459521883046e-10
Disease	disease_12043	7.058733037612923e-10
Disease	disease_16061	7.058433285893494e-10
Disease	disease_82	7.056249423634838e-10
Disease	disease_8602	7.052892205600512e-10
Disease	disease_7662	7.052562466198531e-10
Disease	disease_15726	7.042713968892733e-10
Disease	disease_14860	7.041918164388072e-10
Disease	disease_2667	7.038476896383427e-10
Disease	disease_11386	7.038130279163855e-10
Disease	disease_14670	7.037186775660979e-10
Disease	disease_3433	7.034131264264767e-10
Disease	disease_3431	7.034131264264767e-10
Disease	disease_5179	7.034131264264767e-10
Disease	disease_6307	7.034131264264767e-10
Disease	disease_18431	7.027751204114688e-10
Disease	disease_3951	7.022239319995169e-10
Disease	disease_10487	7.011520568816521e-10
Disease	disease_10477	7.003890556116587e-10
Disease	disease_15632	7.000570635924549e-10
Disease	disease_16114	6.994825827366967e-10
Disease	disease_11524	6.99472367731927e-10
Disease	disease_35004	6.993963808587659e-10
Disease	disease_12608	6.989879991344012e-10
Disease	disease_4473	6.988943359779999e-10
Disease	disease_15604	6.986630930537628e-10
Disease	disease_100011	6.984783357713602e-10
Disease	disease_17377	6.981072167275976e-10
Disease	disease_12902	6.979794380410668e-10
Disease	disease_763	6.979763373367005e-10
Disease	disease_13916	6.976482053239161e-10
Disease	disease_7618	6.976376151998439e-10
Disease	disease_4377	6.975541684212921e-10
Disease	disease_12035	6.966875345909467e-10
Disease	disease_10406	6.966810418351673e-10
Disease	disease_9345	6.964606975710461e-10
Disease	disease_6780	6.959986547848148e-10
Disease	disease_17943	6.95845240387886e-10
Disease	disease_11296	6.957893525013865e-10
Disease	disease_1965	6.949125293926781e-10
Disease	disease_17420	6.940674931138904e-10
Disease	disease_15325	6.939588816175825e-10
Disease	disease_4545	6.939119739604112e-10
Disease	disease_4270	6.938307740379852e-10
Disease	disease_4271	6.938307740379852e-10
Disease	disease_32721	6.935546752212721e-10
Disease	disease_14044	6.925624811072843e-10
Disease	disease_14996	6.921855912519606e-10
Disease	disease_11195	6.919895948117252e-10
Disease	disease_4797	6.919157648669604e-10
Disease	disease_10917	6.918355205087007e-10
Disease	disease_13444	6.912126329877484e-10
Disease	disease_8858	6.910072491862262e-10
Disease	disease_7112	6.899065807890253e-10
Disease	disease_32757	6.895115416837677e-10
Disease	disease_21520	6.89395499423905e-10
Disease	disease_3742	6.890756106014e-10
Disease	disease_3775	6.889785465144294e-10
Disease	disease_15326	6.888528085540695e-10
Disease	disease_13243	6.888250150137563e-10
Disease	disease_60670	6.885841804840801e-10
Disease	disease_18916	6.885333028677146e-10
Disease	disease_9601	6.885129571141729e-10
Disease	disease_3851	6.876654164423293e-10
Disease	disease_3852	6.876654164423293e-10
Disease	disease_4579	6.87535211776335e-10
Disease	disease_13428	6.874616699384338e-10
Disease	disease_15592	6.871521142008993e-10
Disease	disease_4512	6.869265868975602e-10
Disease	disease_13657	6.869182161518845e-10
Disease	disease_13314	6.867360367143608e-10
Disease	disease_1793	6.857690129390247e-10
Disease	disease_12162	6.853688147118963e-10
Disease	disease_17126	6.852929403136786e-10
Disease	disease_4204	6.851083160507287e-10
Disease	disease_2343	6.848266453268193e-10
Disease	disease_14920	6.844119415483935e-10
Disease	disease_12448	6.843802232354599e-10
Disease	disease_15793	6.842487428505697e-10
Disease	disease_10107	6.841818512736032e-10
Disease	disease_20175	6.841661994173071e-10
Disease	disease_10350	6.835899240975259e-10
Disease	disease_32627	6.833701675660873e-10
Disease	disease_1116	6.833540019481878e-10
Disease	disease_3026	6.830950534097844e-10
Disease	disease_3617	6.826180358810612e-10
Disease	disease_22754	6.825704831829932e-10
Disease	disease_30917	6.818404595220566e-10
Disease	disease_43373	6.813143670767991e-10
Disease	disease_12477	6.812361991265418e-10
Disease	disease_25149	6.812150958419437e-10
Disease	disease_20553	6.809284103888673e-10
Disease	disease_4537	6.808136185961233e-10
Disease	disease_54862	6.805105638180197e-10
Disease	disease_11181	6.798321388238485e-10
Disease	disease_16554	6.795521921534289e-10
Disease	disease_563	6.795137973727899e-10
Disease	disease_13029	6.795137973727899e-10
Disease	disease_14709	6.79331206128851e-10
Disease	disease_10753	6.785978426381806e-10
Disease	disease_20855	6.782781976462119e-10
Disease	disease_12447	6.780002907860768e-10
Disease	disease_21513	6.776491671494555e-10
Disease	disease_13033	6.770481798074421e-10
Disease	disease_8196	6.766172901186762e-10
Disease	disease_13896	6.765075142012482e-10
Disease	disease_8043	6.763711992218698e-10
Disease	disease_22171	6.763534877419797e-10
Disease	disease_11070	6.760576050729021e-10
Disease	disease_19643	6.754668153776832e-10
Disease	disease_8927	6.754533566079386e-10
Disease	disease_819	6.753388477726644e-10
Disease	disease_10102	6.744297704717934e-10
Disease	disease_11091	6.738134751816831e-10
Disease	disease_17336	6.732962812813143e-10
Disease	disease_14705	6.729278533616988e-10
Disease	disease_9516	6.72819642269522e-10
Disease	disease_7470	6.726281245380535e-10
Disease	disease_11698	6.724709096376564e-10
Disease	disease_4637	6.724338557747367e-10
Disease	disease_11443	6.721083658697502e-10
Disease	disease_13827	6.717788113540936e-10
Disease	disease_24919	6.717628328287499e-10
Disease	disease_24323	6.713327728258442e-10
Disease	disease_17925	6.710045192703987e-10
Disease	disease_44092	6.706094114535846e-10
Disease	disease_21101	6.701268595421888e-10
Disease	disease_32632	6.700614184176313e-10
Disease	disease_14321	6.69525482882839e-10
Disease	disease_4010	6.693749321359898e-10
Disease	disease_12307	6.692370839979147e-10
Disease	disease_2680	6.690256826314032e-10
Disease	disease_12012	6.689060514089855e-10
Disease	disease_11575	6.687384392349231e-10
Disease	disease_8443	6.687219655652128e-10
Disease	disease_18869	6.68594867250564e-10
Disease	disease_4055	6.681401788652445e-10
Disease	disease_24470	6.679805168247662e-10
Disease	disease_293	6.675212746711436e-10
Disease	disease_32854	6.669105460122569e-10
Disease	disease_1590	6.664376422142642e-10
Disease	disease_8790	6.662557867491461e-10
Disease	disease_14408	6.660727732438382e-10
Disease	disease_21524	6.658762349034226e-10
Disease	disease_100021	6.656063092236763e-10
Disease	disease_100020	6.656063092236763e-10
Disease	disease_15585	6.656063092236763e-10
Disease	disease_13432	6.654315305155947e-10
Disease	disease_17731	6.653344101094904e-10
Disease	disease_100318	6.651603131544441e-10
Disease	disease_13221	6.649122650862617e-10
Disease	disease_8603	6.648438980973997e-10
Disease	disease_9806	6.64175978592206e-10
Disease	disease_12056	6.636030270542662e-10
Disease	disease_14186	6.633017528192459e-10
Disease	disease_17018	6.625755341438547e-10
Disease	disease_13708	6.625044723755649e-10
Disease	disease_11475	6.622261491733247e-10
Disease	disease_12433	6.620668646513078e-10
Disease	disease_12625	6.61663983496755e-10
Disease	disease_953	6.61663710290569e-10
Disease	disease_32806	6.609376769937674e-10
Disease	disease_14657	6.605316048053964e-10
Disease	disease_14756	6.602279846004528e-10
Disease	disease_14653	6.598790188413281e-10
Disease	disease_22311	6.597172510018004e-10
Disease	disease_22552	6.597172510018004e-10
Disease	disease_9871	6.593840188912269e-10
Disease	disease_9622	6.593414858767353e-10
Disease	disease_3301	6.586014099843851e-10
Disease	disease_9361	6.584570131225865e-10
Disease	disease_13648	6.581983487043771e-10
Disease	disease_16009	6.578416429976817e-10
Disease	disease_14242	6.575113359959121e-10
Disease	disease_7343	6.571007295692267e-10
Disease	disease_20637	6.570175811934109e-10
Disease	disease_10741	6.5690008397139e-10
Disease	disease_3086	6.563793340262596e-10
Disease	disease_2785	6.56101451647323e-10
Disease	disease_14871	6.557161306606897e-10
Disease	disease_10819	6.550435807810962e-10
Disease	disease_3397	6.547109634859408e-10
Disease	disease_100051	6.544382158486848e-10
Disease	disease_100006	6.544382158486848e-10
Disease	disease_100005	6.544382158486848e-10
Disease	disease_3671	6.543274908411721e-10
Disease	disease_11570	6.542058708295684e-10
Disease	disease_21579	6.535280959426462e-10
Disease	disease_895	6.534562027596391e-10
Disease	disease_893	6.534562027596391e-10
Disease	disease_2250	6.534494954142125e-10
Disease	disease_18889	6.531175560782805e-10
Disease	disease_7795	6.530647064108327e-10
Disease	disease_10669	6.528818179853946e-10
Disease	disease_32625	6.525033109186299e-10
Disease	disease_4374	6.525022205725648e-10
Disease	disease_13472	6.521704083205193e-10
Disease	disease_16438	6.51897138231413e-10
Disease	disease_16440	6.51897138231413e-10
Disease	disease_16437	6.51897138231413e-10
Disease	disease_19177	6.518030573681545e-10
Disease	disease_2583	6.509139213802722e-10
Disease	disease_37738	6.507128088897145e-10
Disease	disease_34186	6.505136244751219e-10
Disease	disease_14486	6.499879152541916e-10
Disease	disease_4044	6.495758515940659e-10
Disease	disease_12013	6.495483311116654e-10
Disease	disease_19677	6.495297355333224e-10
Disease	disease_11409	6.485955780031544e-10
Disease	disease_19914	6.479111499921973e-10
Disease	disease_8167	6.473817885101828e-10
Disease	disease_9362	6.462688562245616e-10
Disease	disease_17047	6.460234908156194e-10
Disease	disease_44622	6.460234908156194e-10
Disease	disease_13770	6.460200669877311e-10
Disease	disease_13719	6.45077483422922e-10
Disease	disease_14	6.447416151421847e-10
Disease	disease_17315	6.442064184660269e-10
Disease	disease_18701	6.439313188458456e-10
Disease	disease_14580	6.437253224328699e-10
Disease	disease_396	6.435601648798372e-10
Disease	disease_17682	6.432440811236318e-10
Disease	disease_2809	6.432346349015331e-10
Disease	disease_15528	6.430726978560834e-10
Disease	disease_13156	6.415098568711767e-10
Disease	disease_10373	6.414095144966954e-10
Disease	disease_30996	6.413347966060195e-10
Disease	disease_42977	6.407900483891664e-10
Disease	disease_12122	6.40615564659724e-10
Disease	disease_13976	6.397247278833959e-10
Disease	disease_1541	6.39667907460662e-10
Disease	disease_16678	6.392529252343405e-10
Disease	disease_10564	6.387573845349934e-10
Disease	disease_13901	6.387517879229359e-10
Disease	disease_6562	6.384993038452351e-10
Disease	disease_3768	6.384036658899726e-10
Disease	disease_18979	6.383936613038622e-10
Disease	disease_1766	6.380743725663937e-10
Disease	disease_2124	6.380743725663937e-10
Disease	disease_2511	6.380743725663937e-10
Disease	disease_957	6.380743725663937e-10
Disease	disease_1851	6.380743725663937e-10
Disease	disease_13457	6.379154837180007e-10
Disease	disease_15410	6.371225586056989e-10
Disease	disease_15377	6.371225586056989e-10
Disease	disease_15376	6.371225586056989e-10
Disease	disease_15477	6.371225586056989e-10
Disease	disease_15378	6.371225586056989e-10
Disease	disease_15383	6.371225586056989e-10
Disease	disease_12367	6.367361495985741e-10
Disease	disease_15225	6.360928087733476e-10
Disease	disease_1279	6.360686042565215e-10
Disease	disease_5903	6.360569010547383e-10
Disease	disease_9690	6.360261566093192e-10
Disease	disease_29141	6.359515602472728e-10
Disease	disease_13201	6.356214770602794e-10
Disease	disease_10869	6.352566393058493e-10
Disease	disease_16874	6.345787711046623e-10
Disease	disease_16086	6.344036873864906e-10
Disease	disease_11869	6.336006328400401e-10
Disease	disease_19669	6.327645639238193e-10
Disease	disease_21455	6.327187320972566e-10
Disease	disease_13136	6.320623398176698e-10
Disease	disease_6189	6.313408186353396e-10
Disease	disease_54726	6.304442792258167e-10
Disease	disease_19102	6.304337667504862e-10
Disease	disease_14829	6.302019070470289e-10
Disease	disease_20736	6.298805895649983e-10
Disease	disease_18282	6.298503596975375e-10
Disease	disease_33638	6.295034710071334e-10
Disease	disease_44715	6.293156813885449e-10
Disease	disease_2207	6.288950153754795e-10
Disease	disease_18981	6.285193923743385e-10
Disease	disease_19603	6.283014758917828e-10
Disease	disease_13736	6.27885358630325e-10
Disease	disease_3860	6.276596924525598e-10
Disease	disease_11720	6.274751379932197e-10
Disease	disease_16659	6.273024282108478e-10
Disease	disease_12085	6.271342757296141e-10
Disease	disease_14093	6.270580807489912e-10
Disease	disease_44816	6.268526188084047e-10
Disease	disease_7805	6.266965888504552e-10
Disease	disease_12965	6.26587708302756e-10
Disease	disease_421	6.265025577418935e-10
Disease	disease_16942	6.261987339948919e-10
Disease	disease_5844	6.261411988805687e-10
Disease	disease_4253	6.253765245598973e-10
Disease	disease_14814	6.250057094693929e-10
Disease	disease_9570	6.24816288841461e-10
Disease	disease_8417	6.241971693472281e-10
Disease	disease_18976	6.237326515597905e-10
Disease	disease_16381	6.22382235272852e-10
Disease	disease_7894	6.223327522028716e-10
Disease	disease_9654	6.221697913036953e-10
Disease	disease_15606	6.219333911744086e-10
Disease	disease_13750	6.218333323831982e-10
Disease	disease_10117	6.21513221907595e-10
Disease	disease_19777	6.215040374230672e-10
Disease	disease_11952	6.213772275166622e-10
Disease	disease_4720	6.213708229586068e-10
Disease	disease_22998	6.20480425454838e-10
Disease	disease_14648	6.202672768618369e-10
Disease	disease_8847	6.20193313219594e-10
Disease	disease_32905	6.196880472406985e-10
Disease	disease_100088	6.195888972050685e-10
Disease	disease_1901	6.195457284168674e-10
Disease	disease_10723	6.190721241340439e-10
Disease	disease_3336	6.188804992183798e-10
Disease	disease_12398	6.185571772304805e-10
Disease	disease_18266	6.179885494801054e-10
Disease	disease_13425	6.174525055291112e-10
Disease	disease_7389	6.172038022063348e-10
Disease	disease_11977	6.170866291935644e-10
Disease	disease_6301	6.170465280167583e-10
Disease	disease_13729	6.169265167324869e-10
Disease	disease_8662	6.169238020676144e-10
Disease	disease_3626	6.16443162972888e-10
Disease	disease_6326	6.156849813059766e-10
Disease	disease_18016	6.155672965154986e-10
Disease	disease_3739	6.147962858444698e-10
Disease	disease_15493	6.142055515309351e-10
Disease	disease_6213	6.129349632809417e-10
Disease	disease_17952	6.128514960312916e-10
Disease	disease_15234	6.122055838488484e-10
Disease	disease_13442	6.117638631168471e-10
Disease	disease_10194	6.11551753052564e-10
Disease	disease_14026	6.115029743363593e-10
Disease	disease_54727	6.105750490130441e-10
Disease	disease_4539	6.096811596124318e-10
Disease	disease_14678	6.088608974290299e-10
Disease	disease_54869	6.086779047148963e-10
Disease	disease_10005	6.079595036437504e-10
Disease	disease_30854	6.079063336628434e-10
Disease	disease_100222	6.07848183801542e-10
Disease	disease_12202	6.074528366682941e-10
Disease	disease_9139	6.074169113548904e-10
Disease	disease_11034	6.069857116885842e-10
Disease	disease_9232	6.064910979842491e-10
Disease	disease_11066	6.05888368522662e-10
Disease	disease_10575	6.058222689183809e-10
Disease	disease_14663	6.057579601188388e-10
Disease	disease_32811	6.05272631401546e-10
Disease	disease_16781	6.042863365114313e-10
Disease	disease_13453	6.041240981656781e-10
Disease	disease_15742	6.033922137310432e-10
Disease	disease_20214	6.032196672487648e-10
Disease	disease_13998	6.031009051171569e-10
Disease	disease_4801	6.028439241328344e-10
Disease	disease_1897	6.028439241328344e-10
Disease	disease_2106	6.028439241328344e-10
Disease	disease_1959	6.028439241328344e-10
Disease	disease_3567	6.028439241328344e-10
Disease	disease_2107	6.028439241328344e-10
Disease	disease_9028	6.026565302738984e-10
Disease	disease_12240	6.026557698296967e-10
Disease	disease_10125	6.022366236376094e-10
Disease	disease_23039	6.019671260866229e-10
Disease	disease_24245	6.019671260866229e-10
Disease	disease_9873	6.015983190478767e-10
Disease	disease_32660	6.014685613770021e-10
Disease	disease_7075	6.013567549161771e-10
Disease	disease_12291	6.013481659986905e-10
Disease	disease_16574	5.999862031190042e-10
Disease	disease_4788	5.982992268577588e-10
Disease	disease_14749	5.982120188831071e-10
Disease	disease_14169	5.977641255458399e-10
Disease	disease_8512	5.977094050388424e-10
Disease	disease_7376	5.976576195982074e-10
Disease	disease_12044	5.974494157538155e-10
Disease	disease_14483	5.971951731385573e-10
Disease	disease_13376	5.971109174680413e-10
Disease	disease_2253	5.97098752630199e-10
Disease	disease_16840	5.969485497596337e-10
Disease	disease_33202	5.969348736229731e-10
Disease	disease_17220	5.967065590044112e-10
Disease	disease_19762	5.967065590044112e-10
Disease	disease_19763	5.967065590044112e-10
Disease	disease_19761	5.967065590044112e-10
Disease	disease_8594	5.955056187797263e-10
Disease	disease_13888	5.95212988881043e-10
Disease	disease_20850	5.952091945201021e-10
Disease	disease_12515	5.948899760211639e-10
Disease	disease_18070	5.947014176090187e-10
Disease	disease_4373	5.945399965057581e-10
Disease	disease_12891	5.944203642088978e-10
Disease	disease_7956	5.940550300373159e-10
Disease	disease_21473	5.938245617638003e-10
Disease	disease_6396	5.937257281511868e-10
Disease	disease_12091	5.935237210518334e-10
Disease	disease_21929	5.932094153572604e-10
Disease	disease_4426	5.930726498135998e-10
Disease	disease_10095	5.929976745929486e-10
Disease	disease_30134	5.928908102599898e-10
Disease	disease_13658	5.928835765162208e-10
Disease	disease_20294	5.926274919212634e-10
Disease	disease_10693	5.923139377838717e-10
Disease	disease_21288	5.921949804083678e-10
Disease	disease_11186	5.918750421344801e-10
Disease	disease_16498	5.914264420912266e-10
Disease	disease_16500	5.914264420912266e-10
Disease	disease_16499	5.914264420912266e-10
Disease	disease_2261	5.913937548793212e-10
Disease	disease_11473	5.91316870471358e-10
Disease	disease_5635	5.913124115242804e-10
Disease	disease_7907	5.913004551928383e-10
Disease	disease_12527	5.911434738793346e-10
Disease	disease_16065	5.907698219031517e-10
Disease	disease_34146	5.906848929916975e-10
Disease	disease_4136	5.901795558820591e-10
Disease	disease_11231	5.897081830475505e-10
Disease	disease_12224	5.891266715530828e-10
Disease	disease_7367	5.891266715530828e-10
Disease	disease_12226	5.891266715530828e-10
Disease	disease_1837	5.887874093070253e-10
Disease	disease_3618	5.885341258754544e-10
Disease	disease_13612	5.876198819905552e-10
Disease	disease_2916	5.87264776442499e-10
Disease	disease_4371	5.87264776442499e-10
Disease	disease_21574	5.871909768632247e-10
Disease	disease_583	5.871323889453421e-10
Disease	disease_19628	5.866382949008689e-10
Disease	disease_16802	5.862022785474965e-10
Disease	disease_14683	5.854545964540285e-10
Disease	disease_8059	5.852532309836651e-10
Disease	disease_1715	5.851121530895942e-10
Disease	disease_3565	5.849423188199307e-10
Disease	disease_7398	5.849141814313977e-10
Disease	disease_43836	5.845171496861018e-10
Disease	disease_15201	5.840622987932377e-10
Disease	disease_30915	5.839693958598617e-10
Disease	disease_100311	5.833752999086085e-10
Disease	disease_8866	5.829023842215177e-10
Disease	disease_3897	5.828781918979656e-10
Disease	disease_16948	5.820934096900516e-10
Disease	disease_30883	5.82031459233216e-10
Disease	disease_13011	5.819253215431311e-10
Disease	disease_20457	5.819212626337064e-10
Disease	disease_14513	5.815201379263502e-10
Disease	disease_24485	5.812593661612317e-10
Disease	disease_6212	5.812593661612317e-10
Disease	disease_4860	5.812541730237228e-10
Disease	disease_20427	5.808790804363398e-10
Disease	disease_8184	5.807206864516971e-10
Disease	disease_766	5.805679758004919e-10
Disease	disease_13627	5.80129369768762e-10
Disease	disease_9108	5.798226375658887e-10
Disease	disease_14400	5.797248413329254e-10
Disease	disease_7644	5.796299428222983e-10
Disease	disease_7158	5.793949066280024e-10
Disease	disease_14978	5.792918106153599e-10
Disease	disease_12250	5.788645471192774e-10
Disease	disease_12114	5.780886140117977e-10
Disease	disease_14652	5.780022878611338e-10
Disease	disease_16891	5.774916475389473e-10
Disease	disease_6339	5.773643244616314e-10
Disease	disease_11844	5.771697038756171e-10
Disease	disease_16583	5.761392572392004e-10
Disease	disease_8665	5.761290897917081e-10
Disease	disease_19077	5.760720683825165e-10
Disease	disease_18586	5.760720683825165e-10
Disease	disease_400004	5.760720683825165e-10
Disease	disease_16503	5.760720683825165e-10
Disease	disease_54549	5.75751669532057e-10
Disease	disease_2362	5.755870280628291e-10
Disease	disease_11522	5.755609075367802e-10
Disease	disease_6480	5.753161957187643e-10
Disease	disease_13159	5.73720754390895e-10
Disease	disease_11262	5.736980214981196e-10
Disease	disease_10704	5.735798506145719e-10
Disease	disease_21337	5.728679604535075e-10
Disease	disease_19820	5.726073399593371e-10
Disease	disease_16750	5.725726572442096e-10
Disease	disease_35892	5.725715033790099e-10
Disease	disease_16809	5.724537539125341e-10
Disease	disease_16140	5.722732682806652e-10
Disease	disease_20147	5.722641479644427e-10
Disease	disease_14549	5.722207484478791e-10
Disease	disease_12169	5.716708138332225e-10
Disease	disease_13177	5.716104126459168e-10
Disease	disease_4428	5.715841885602951e-10
Disease	disease_4787	5.711191984566373e-10
Disease	disease_17974	5.71090527418374e-10
Disease	disease_633	5.709250653293008e-10
Disease	disease_21445	5.707706282692622e-10
Disease	disease_3993	5.705642774924515e-10
Disease	disease_16281	5.7053513773819e-10
Disease	disease_18095	5.702556275167464e-10
Disease	disease_30054	5.701021197863964e-10
Disease	disease_12018	5.695283284731424e-10
Disease	disease_7411	5.695118609167237e-10
Disease	disease_10782	5.693736538138438e-10
Disease	disease_15271	5.686514241642834e-10
Disease	disease_18654	5.686514241642834e-10
Disease	disease_3065	5.679997789112277e-10
Disease	disease_9680	5.678593576758134e-10
Disease	disease_32628	5.677362763773039e-10
Disease	disease_22022	5.676438430403733e-10
Disease	disease_7933	5.674287384368461e-10
Disease	disease_3886	5.6722263961438e-10
Disease	disease_3244	5.667316748054271e-10
Disease	disease_6087	5.655962223434589e-10
Disease	disease_16539	5.655636254464796e-10
Disease	disease_9918	5.654263545619873e-10
Disease	disease_8372	5.653439967977048e-10
Disease	disease_10349	5.653171417898938e-10
Disease	disease_17428	5.652964260499468e-10
Disease	disease_5312	5.649234507676527e-10
Disease	disease_14177	5.647297478925512e-10
Disease	disease_9002	5.646603156018343e-10
Disease	disease_32940	5.645352581510026e-10
Disease	disease_19042	5.64225896155443e-10
Disease	disease_11938	5.641215516074352e-10
Disease	disease_12607	5.641176701590806e-10
Disease	disease_1262	5.634637059372187e-10
Disease	disease_8381	5.632177633026609e-10
Disease	disease_14794	5.630714319927806e-10
Disease	disease_16159	5.629824234487514e-10
Disease	disease_14322	5.629732720150782e-10
Disease	disease_32643	5.628697187831407e-10
Disease	disease_60550	5.627347013190156e-10
Disease	disease_13386	5.627250671349137e-10
Disease	disease_4444	5.622515231215997e-10
Disease	disease_3810	5.622515231215997e-10
Disease	disease_4445	5.622515231215997e-10
Disease	disease_18659	5.620453553759114e-10
Disease	disease_100016	5.618055025392413e-10
Disease	disease_4759	5.617263702602462e-10
Disease	disease_1504	5.617263702602462e-10
Disease	disease_983	5.617263702602462e-10
Disease	disease_1692	5.617263702602462e-10
Disease	disease_1135	5.617263702602462e-10
Disease	disease_15217	5.615017941261952e-10
Disease	disease_3853	5.605799964405473e-10
Disease	disease_12689	5.605390505089591e-10
Disease	disease_25129	5.604987361772462e-10
Disease	disease_1694	5.604950178731144e-10
Disease	disease_13204	5.604930200953944e-10
Disease	disease_3753	5.603878478206495e-10
Disease	disease_43723	5.602820775787899e-10
Disease	disease_43589	5.602820775787899e-10
Disease	disease_19631	5.596293333611351e-10
Disease	disease_12968	5.594927113175876e-10
Disease	disease_25505	5.592952467429283e-10
Disease	disease_10713	5.590281733563781e-10
Disease	disease_4646	5.590165627563213e-10
Disease	disease_4601	5.590165627563213e-10
Disease	disease_15348	5.590132562634229e-10
Disease	disease_4702	5.588557195054701e-10
Disease	disease_6093	5.577405343970347e-10
Disease	disease_1009	5.574213316622469e-10
Disease	disease_24965	5.574133323387357e-10
Disease	disease_32881	5.573207273672486e-10
Disease	disease_14772	5.572155969841367e-10
Disease	disease_14323	5.569741578800709e-10
Disease	disease_16568	5.567649132849092e-10
Disease	disease_14929	5.566913108391969e-10
Disease	disease_6410	5.561166686226734e-10
Disease	disease_6169	5.561166686226734e-10
Disease	disease_20256	5.560058954279381e-10
Disease	disease_20216	5.559475431577926e-10
Disease	disease_13348	5.550707920524843e-10
Disease	disease_30077	5.5502680743324e-10
Disease	disease_16938	5.549027297019053e-10
Disease	disease_975	5.545517938581675e-10
Disease	disease_2534	5.544579069948623e-10
Disease	disease_32939	5.541864021301304e-10
Disease	disease_32629	5.541612854594095e-10
Disease	disease_16152	5.541384312448848e-10
Disease	disease_10566	5.539876172791085e-10
Disease	disease_7230	5.539018959124755e-10
Disease	disease_32746	5.538802438886001e-10
Disease	disease_11055	5.536453247552872e-10
Disease	disease_21500	5.526321063725107e-10
Disease	disease_13649	5.525534140041059e-10
Disease	disease_2130	5.523655150131777e-10
Disease	disease_13505	5.521987621194429e-10
Disease	disease_16876	5.515557830098446e-10
Disease	disease_4679	5.514659515555732e-10
Disease	disease_30855	5.513418426578474e-10
Disease	disease_14584	5.508352742767417e-10
Disease	disease_10614	5.506038633758505e-10
Disease	disease_32612	5.505411825035325e-10
Disease	disease_16604	5.505241122129408e-10
Disease	disease_19449	5.502248284258125e-10
Disease	disease_6141	5.498082231811471e-10
Disease	disease_2734	5.497017549971304e-10
Disease	disease_16921	5.496543915430298e-10
Disease	disease_6463	5.494849979438159e-10
Disease	disease_8888	5.49064610787086e-10
Disease	disease_8984	5.485033099531751e-10
Disease	disease_10021	5.480847255288771e-10
Disease	disease_7335	5.478669753620112e-10
Disease	disease_13567	5.475504778318242e-10
Disease	disease_11987	5.468293353046006e-10
Disease	disease_3809	5.4672658164273e-10
Disease	disease_15259	5.466582801681048e-10
Disease	disease_4472	5.462274392449133e-10
Disease	disease_12947	5.461001890906608e-10
Disease	disease_11171	5.460916961756489e-10
Disease	disease_4210	5.456026458921401e-10
Disease	disease_8712	5.456015160112189e-10
Disease	disease_32725	5.4505238154197e-10
Disease	disease_11025	5.447761613791858e-10
Disease	disease_11350	5.446180933570096e-10
Disease	disease_13579	5.440170834313119e-10
Disease	disease_7660	5.438877920658195e-10
Disease	disease_13436	5.437601569361018e-10
Disease	disease_381	5.436015829916188e-10
Disease	disease_21276	5.434959017044131e-10
Disease	disease_19892	5.433825608110728e-10
Disease	disease_5691	5.432684831638973e-10
Disease	disease_14259	5.431743339342518e-10
Disease	disease_36484	5.428002889677851e-10
Disease	disease_7971	5.422649624588233e-10
Disease	disease_16951	5.421042768954441e-10
Disease	disease_20765	5.417559733869377e-10
Disease	disease_13102	5.412152931567902e-10
Disease	disease_13106	5.412152931567902e-10
Disease	disease_13104	5.412152931567902e-10
Disease	disease_11465	5.412152931567902e-10
Disease	disease_13105	5.412152931567902e-10
Disease	disease_13101	5.412152931567902e-10
Disease	disease_11139	5.40912378152647e-10
Disease	disease_15605	5.407081746447952e-10
Disease	disease_6131	5.406296585054155e-10
Disease	disease_16360	5.405478062965117e-10
Disease	disease_7700	5.40333419726887e-10
Disease	disease_20701	5.399332677590112e-10
Disease	disease_33480	5.398453198322564e-10
Disease	disease_16164	5.396566486745785e-10
Disease	disease_12553	5.39288481170351e-10
Disease	disease_1704	5.39260533166462e-10
Disease	disease_9146	5.389372300172757e-10
Disease	disease_23054	5.38750457623332e-10
Disease	disease_963	5.386847367842344e-10
Disease	disease_3473	5.386498283713759e-10
Disease	disease_8671	5.38477143266923e-10
Disease	disease_32871	5.383303090990708e-10
Disease	disease_18267	5.37820156036616e-10
Disease	disease_18226	5.37820156036616e-10
Disease	disease_12716	5.362679662206975e-10
Disease	disease_10238	5.362402574069809e-10
Disease	disease_54832	5.360623735302873e-10
Disease	disease_22900	5.359865628695118e-10
Disease	disease_12199	5.359139953796617e-10
Disease	disease_13980	5.356615392313873e-10
Disease	disease_15644	5.354626393117302e-10
Disease	disease_15647	5.354626393117302e-10
Disease	disease_15646	5.354626393117302e-10
Disease	disease_15648	5.354626393117302e-10
Disease	disease_15649	5.354626393117302e-10
Disease	disease_15645	5.354626393117302e-10
Disease	disease_2340	5.354626393117302e-10
Disease	disease_17349	5.354078263512276e-10
Disease	disease_13487	5.35149823006573e-10
Disease	disease_7587	5.351367099464511e-10
Disease	disease_935	5.341509368868186e-10
Disease	disease_10413	5.337068428743903e-10
Disease	disease_4269	5.335005314208087e-10
Disease	disease_20020	5.334553917887603e-10
Disease	disease_11486	5.328513512059395e-10
Disease	disease_8469	5.323534526218454e-10
Disease	disease_19934	5.322836628025275e-10
Disease	disease_14739	5.317891117303681e-10
Disease	disease_19779	5.316201933960163e-10
Disease	disease_7364	5.314419107106021e-10
Disease	disease_13071	5.314404908198164e-10
Disease	disease_8601	5.312058293611861e-10
Disease	disease_14501	5.309862184284696e-10
Disease	disease_13061	5.306487154140925e-10
Disease	disease_12654	5.305624679345652e-10
Disease	disease_2359	5.302131730696488e-10
Disease	disease_18337	5.300944948699764e-10
Disease	disease_7866	5.297701277159509e-10
Disease	disease_24520	5.297492052803144e-10
Disease	disease_8950	5.296849689309439e-10
Disease	disease_16880	5.294975155327861e-10
Disease	disease_33650	5.294661648420829e-10
Disease	disease_24950	5.29341044975135e-10
Disease	disease_8445	5.290509011280144e-10
Disease	disease_7538	5.27967574757135e-10
Disease	disease_13446	5.276232128045997e-10
Disease	disease_18052	5.27564092357648e-10
Disease	disease_16641	5.271613049914911e-10
Disease	disease_16007	5.269559243308595e-10
Disease	disease_16827	5.26877551569754e-10
Disease	disease_12615	5.266894650082617e-10
Disease	disease_19357	5.264773199766174e-10
Disease	disease_19529	5.264773199766174e-10
Disease	disease_11935	5.263582893755352e-10
Disease	disease_30870	5.26326222146364e-10
Disease	disease_11974	5.263126046775032e-10
Disease	disease_12966	5.262932850731752e-10
Disease	disease_18026	5.260106565640297e-10
Disease	disease_45043	5.257734949836998e-10
Disease	disease_1353	5.253681055585543e-10
Disease	disease_9858	5.252396963864302e-10
Disease	disease_11097	5.251474163663322e-10
Disease	disease_33563	5.251444194536713e-10
Disease	disease_10101	5.249811585954012e-10
Disease	disease_11978	5.248596189217329e-10
Disease	disease_45018	5.248574863470972e-10
Disease	disease_20339	5.246596310935872e-10
Disease	disease_43969	5.243185326666041e-10
Disease	disease_8652	5.239444243555778e-10
Disease	disease_14071	5.23894457194241e-10
Disease	disease_4221	5.233161252364576e-10
Disease	disease_13651	5.233152226037346e-10
Disease	disease_10510	5.229324578360015e-10
Disease	disease_17055	5.228457130809669e-10
Disease	disease_10484	5.219305033063348e-10
Disease	disease_3515	5.219251901779681e-10
Disease	disease_10450	5.218859157415237e-10
Disease	disease_16751	5.216721914371665e-10
Disease	disease_14626	5.208693174702772e-10
Disease	disease_22716	5.206852282670806e-10
Disease	disease_22715	5.206852282670806e-10
Disease	disease_12021	5.205565824729776e-10
Disease	disease_13414	5.205235489283547e-10
Disease	disease_10436	5.204753921911775e-10
Disease	disease_6427	5.196953380653059e-10
Disease	disease_45045	5.195947214043933e-10
Disease	disease_12363	5.194110267187884e-10
Disease	disease_12544	5.19114719734464e-10
Disease	disease_15830	5.189719491970315e-10
Disease	disease_44777	5.188384198624656e-10
Disease	disease_19671	5.184419169577208e-10
Disease	disease_24638	5.184165675493311e-10
Disease	disease_17747	5.181094237198422e-10
Disease	disease_14096	5.177020428772262e-10
Disease	disease_11838	5.17691087169447e-10
Disease	disease_9927	5.17412034112251e-10
Disease	disease_8154	5.1728938453947e-10
Disease	disease_20651	5.170773195580201e-10
Disease	disease_20379	5.170624108577861e-10
Disease	disease_16783	5.168695800560736e-10
Disease	disease_54729	5.165087861614975e-10
Disease	disease_6957	5.157165537109082e-10
Disease	disease_18262	5.156593692079136e-10
Disease	disease_10218	5.155450053270627e-10
Disease	disease_2153	5.151863028810222e-10
Disease	disease_14575	5.151207843819434e-10
Disease	disease_12655	5.150240799635217e-10
Disease	disease_12024	5.148436302147995e-10
Disease	disease_20180	5.147618327645303e-10
Disease	disease_11546	5.143597374954588e-10
Disease	disease_8106	5.136737275024828e-10
Disease	disease_20770	5.135486530357738e-10
Disease	disease_44784	5.135428820410072e-10
Disease	disease_6086	5.135428820410072e-10
Disease	disease_8113	5.135078175807186e-10
Disease	disease_18788	5.131964156653855e-10
Disease	disease_19765	5.131336245226086e-10
Disease	disease_11901	5.130810509000953e-10
Disease	disease_32715	5.129413091232471e-10
Disease	disease_21183	5.12825022780154e-10
Disease	disease_20851	5.126620533114471e-10
Disease	disease_24247	5.122014235584344e-10
Disease	disease_32631	5.118057559575843e-10
Disease	disease_8518	5.115575696179792e-10
Disease	disease_7628	5.11419370438925e-10
Disease	disease_7852	5.109036023188117e-10
Disease	disease_973	5.108054765455749e-10
Disease	disease_9351	5.107994411951326e-10
Disease	disease_13052	5.10058832737217e-10
Disease	disease_44988	5.090500750197821e-10
Disease	disease_16875	5.086785804703288e-10
Disease	disease_2989	5.08384264569524e-10
Disease	disease_12523	5.083817616813833e-10
Disease	disease_11370	5.081423982571056e-10
Disease	disease_11568	5.072785350471142e-10
Disease	disease_12463	5.069829183695526e-10
Disease	disease_10431	5.067615028463454e-10
Disease	disease_2537	5.063339140582908e-10
Disease	disease_14687	5.058984605835515e-10
Disease	disease_8622	5.056085563657876e-10
Disease	disease_487	5.054139596453694e-10
Disease	disease_13129	5.047707786552179e-10
Disease	disease_13835	5.047514499199188e-10
Disease	disease_13241	5.047161772768242e-10
Disease	disease_14401	5.043351691103499e-10
Disease	disease_7277	5.043250538871286e-10
Disease	disease_12101	5.042958526633322e-10
Disease	disease_12645	5.042958526633322e-10
Disease	disease_12102	5.042958526633322e-10
Disease	disease_8899	5.040673809830171e-10
Disease	disease_16869	5.040531003636855e-10
Disease	disease_9207	5.024090383948578e-10
Disease	disease_13113	5.023736167959217e-10
Disease	disease_11920	5.02325047006569e-10
Disease	disease_32485	5.017512345700345e-10
Disease	disease_17303	5.004038010205446e-10
Disease	disease_6949	4.994629539923791e-10
Disease	disease_513	4.993791995146811e-10
Disease	disease_21078	4.991876157997267e-10
Disease	disease_2998	4.991416646009449e-10
Disease	disease_21496	4.988434213623997e-10
Disease	disease_12688	4.981073118605866e-10
Disease	disease_42968	4.975487727798548e-10
Disease	disease_14121	4.974172914141093e-10
Disease	disease_14122	4.97229957150286e-10
Disease	disease_10889	4.967242544193075e-10
Disease	disease_17084	4.961046838967441e-10
Disease	disease_13679	4.95856863144156e-10
Disease	disease_4724	4.947995170369559e-10
Disease	disease_9204	4.945972485562617e-10
Disease	disease_3029	4.943832138733792e-10
Disease	disease_11855	4.941299512129977e-10
Disease	disease_16964	4.938885526078987e-10
Disease	disease_8781	4.932524998812614e-10
Disease	disease_12330	4.932390533382794e-10
Disease	disease_7353	4.930853105178235e-10
Disease	disease_10446	4.929393779510698e-10
Disease	disease_10783	4.922994998338251e-10
Disease	disease_16559	4.922348050255855e-10
Disease	disease_9638	4.917237397007904e-10
Disease	disease_4363	4.917182964745896e-10
Disease	disease_13175	4.906601013363371e-10
Disease	disease_13181	4.904596378597681e-10
Disease	disease_7881	4.904521441311297e-10
Disease	disease_12483	4.904143228878987e-10
Disease	disease_21035	4.901689302019962e-10
Disease	disease_11767	4.891945317939528e-10
Disease	disease_3707	4.891689510808495e-10
Disease	disease_19999	4.890837446420265e-10
Disease	disease_647	4.889372415616815e-10
Disease	disease_15743	4.887487434623866e-10
Disease	disease_18484	4.887487434623866e-10
Disease	disease_301	4.880585858446522e-10
Disease	disease_34216	4.879150770998276e-10
Disease	disease_12286	4.878267638818962e-10
Disease	disease_13954	4.874554920744682e-10
Disease	disease_11272	4.871129122155577e-10
Disease	disease_7058	4.869615272582566e-10
Disease	disease_22642	4.867293477626876e-10
Disease	disease_13514	4.864702666012069e-10
Disease	disease_11047	4.86243958603532e-10
Disease	disease_23699	4.861848961655178e-10
Disease	disease_17631	4.858957488633736e-10
Disease	disease_20205	4.857256286843828e-10
Disease	disease_15463	4.855619235100989e-10
Disease	disease_21506	4.85504510669739e-10
Disease	disease_8985	4.85457031447762e-10
Disease	disease_78	4.853750925479712e-10
Disease	disease_1230	4.850223540142596e-10
Disease	disease_18252	4.84892082118882e-10
Disease	disease_22572	4.84337845749112e-10
Disease	disease_13650	4.843291161258179e-10
Disease	disease_5796	4.82883500951422e-10
Disease	disease_12541	4.82542920249924e-10
Disease	disease_13269	4.824168444648458e-10
Disease	disease_11884	4.823963752518927e-10
Disease	disease_14901	4.818909214425853e-10
Disease	disease_22904	4.815328577172604e-10
Disease	disease_12538	4.812394711260588e-10
Disease	disease_32604	4.810546730694255e-10
Disease	disease_10430	4.803170158847168e-10
Disease	disease_626	4.802945309831177e-10
Disease	disease_16190	4.801819473774366e-10
Disease	disease_2651	4.801238213550896e-10
Disease	disease_8925	4.797906266072413e-10
Disease	disease_8958	4.797503602233291e-10
Disease	disease_13941	4.795715550011304e-10
Disease	disease_778	4.792784696998552e-10
Disease	disease_7879	4.790021630878797e-10
Disease	disease_2221	4.787592837841953e-10
Disease	disease_13215	4.787414196586817e-10
Disease	disease_10451	4.78599466898324e-10
Disease	disease_16452	4.785608083879512e-10
Disease	disease_16451	4.785608083879512e-10
Disease	disease_4464	4.785534054343205e-10
Disease	disease_1863	4.779668661341436e-10
Disease	disease_100074	4.779389751846945e-10
Disease	disease_21490	4.775707306925819e-10
Disease	disease_54732	4.775421054228173e-10
Disease	disease_2535	4.769090269109819e-10
Disease	disease_16095	4.763920110481269e-10
Disease	disease_16481	4.763706495211345e-10
Disease	disease_7461	4.763013886212699e-10
Disease	disease_12144	4.748549427897122e-10
Disease	disease_8407	4.747985677695349e-10
Disease	disease_7238	4.74787344451079e-10
Disease	disease_12008	4.74149128281267e-10
Disease	disease_22768	4.738067638505661e-10
Disease	disease_2960	4.738067638505661e-10
Disease	disease_13300	4.735614353676638e-10
Disease	disease_12326	4.73402575827697e-10
Disease	disease_16031	4.732295167310807e-10
Disease	disease_21461	4.725707768267012e-10
Disease	disease_12412	4.725410945057432e-10
Disease	disease_14677	4.724339066127375e-10
Disease	disease_15495	4.724171982542183e-10
Disease	disease_11083	4.722946895904226e-10
Disease	disease_54733	4.718625131252737e-10
Disease	disease_6758	4.716851036002033e-10
Disease	disease_30985	4.70999026818117e-10
Disease	disease_20636	4.709399835197242e-10
Disease	disease_62	4.709291129939764e-10
Disease	disease_33645	4.706165416339485e-10
Disease	disease_10182	4.705221603385533e-10
Disease	disease_13610	4.701766020931264e-10
Disease	disease_13665	4.701521536914358e-10
Disease	disease_21169	4.699792565622227e-10
Disease	disease_1052	4.699023535092322e-10
Disease	disease_7134	4.698631443375954e-10
Disease	disease_13642	4.693208124260809e-10
Disease	disease_12943	4.68716756437742e-10
Disease	disease_17525	4.682688254966621e-10
Disease	disease_17526	4.682688254966621e-10
Disease	disease_8882	4.68245568213793e-10
Disease	disease_16669	4.678877178842156e-10
Disease	disease_16671	4.678877178842156e-10
Disease	disease_16672	4.678877178842156e-10
Disease	disease_16670	4.678877178842156e-10
Disease	disease_16668	4.678877178842156e-10
Disease	disease_5584	4.678376570717493e-10
Disease	disease_2382	4.674636570864327e-10
Disease	disease_19646	4.671631984129766e-10
Disease	disease_19647	4.671631984129766e-10
Disease	disease_8478	4.670367438126999e-10
Disease	disease_8706	4.666609869948635e-10
Disease	disease_14442	4.665988605406563e-10
Disease	disease_24616	4.665760748888309e-10
Disease	disease_17967	4.66504719564144e-10
Disease	disease_7181	4.665045130806749e-10
Disease	disease_10827	4.660408831833639e-10
Disease	disease_6066	4.659880519912773e-10
Disease	disease_4164	4.659880519912773e-10
Disease	disease_16676	4.659082584295652e-10
Disease	disease_33649	4.656750234274674e-10
Disease	disease_4324	4.6561273459318445e-10
Disease	disease_2219	4.655052375055572e-10
Disease	disease_44786	4.65372732774115e-10
Disease	disease_13316	4.6527662865790887e-10
Disease	disease_7137	4.648650818961175e-10
Disease	disease_15255	4.6472025531302683e-10
Disease	disease_5916	4.642903297234103e-10
Disease	disease_12844	4.6401911008210376e-10
Disease	disease_12087	4.6401911008210376e-10
Disease	disease_4542	4.637747159831846e-10
Disease	disease_16867	4.6373225086279167e-10
Disease	disease_18759	4.63638173273934e-10
Disease	disease_8007	4.634877097096111e-10
Disease	disease_10064	4.633422778719831e-10
Disease	disease_13528	4.6306417943034063e-10
Disease	disease_7998	4.629917418716383e-10
Disease	disease_100107	4.625309490649073e-10
Disease	disease_25353	4.625309490649073e-10
Disease	disease_32794	4.621369750817629e-10
Disease	disease_14669	4.6213398453097076e-10
Disease	disease_11649	4.617421070859446e-10
Disease	disease_42495	4.6158088065881267e-10
Disease	disease_1257	4.6158088065881267e-10
Disease	disease_11018	4.615719707858256e-10
Disease	disease_25062	4.615319459290919e-10
Disease	disease_25130	4.615319459290919e-10
Disease	disease_18988	4.6124571340624177e-10
Disease	disease_14586	4.6108340762885443e-10
Disease	disease_21368	4.599263964139069e-10
Disease	disease_7114	4.599144218260956e-10
Disease	disease_24265	4.596906307597731e-10
Disease	disease_332	4.596324553300234e-10
Disease	disease_15250	4.591947765222876e-10
Disease	disease_21202	4.587789308691999e-10
Disease	disease_24482	4.5846707147574703e-10
Disease	disease_37745	4.5837158031229185e-10
Disease	disease_3884	4.582269957722109e-10
Disease	disease_7809	4.5806078452321883e-10
Disease	disease_343	4.5777780423623197e-10
Disease	disease_6841	4.571844368753126e-10
Disease	disease_15408	4.571844368753126e-10
Disease	disease_20857	4.568109532174334e-10
Disease	disease_17668	4.567686808882807e-10
Disease	disease_21736	4.567342752521576e-10
Disease	disease_19916	4.5642294949615144e-10
Disease	disease_13034	4.5608843301057e-10
Disease	disease_12573	4.560613318566546e-10
Disease	disease_11444	4.5581725494015897e-10
Disease	disease_20746	4.555960875446237e-10
Disease	disease_15411	4.5518064773328015e-10
Disease	disease_23563	4.550535173673671e-10
Disease	disease_10242	4.547829883615528e-10
Disease	disease_20219	4.544503506575251e-10
Disease	disease_30118	4.543888384802916e-10
Disease	disease_11580	4.540472462810295e-10
Disease	disease_1789	4.5397586935304976e-10
Disease	disease_44768	4.5349813150211685e-10
Disease	disease_21441	4.533937612130308e-10
Disease	disease_18837	4.5296854920554895e-10
Disease	disease_941	4.5284992490028407e-10
Disease	disease_2736	4.526093773241663e-10
Disease	disease_49222	4.5248527621884686e-10
Disease	disease_21759	4.5244697965561846e-10
Disease	disease_10051	4.521611869473437e-10
Disease	disease_13783	4.516922231672131e-10
Disease	disease_14692	4.509749427075868e-10
Disease	disease_21474	4.505704219851977e-10
Disease	disease_1512	4.5010560333814966e-10
Disease	disease_4929	4.5010560333814966e-10
Disease	disease_1513	4.5010560333814966e-10
Disease	disease_1510	4.5010560333814966e-10
Disease	disease_13445	4.5010202759022174e-10
Disease	disease_9616	4.5007438992379556e-10
Disease	disease_2030	4.5005333735769194e-10
Disease	disease_21372	4.500145861406056e-10
Disease	disease_33549	4.497416126237291e-10
Disease	disease_13716	4.4970963695479955e-10
Disease	disease_12751	4.4970963695479955e-10
Disease	disease_12343	4.4970963695479955e-10
Disease	disease_16985	4.495980370728616e-10
Disease	disease_12489	4.4935649876985986e-10
Disease	disease_12848	4.493009821976047e-10
Disease	disease_7995	4.4896827699985324e-10
Disease	disease_16885	4.488915248247594e-10
Disease	disease_2172	4.487440642064849e-10
Disease	disease_8519	4.487352049261533e-10
Disease	disease_32748	4.485314194041911e-10
Disease	disease_44313	4.4827617679493447e-10
Disease	disease_19283	4.481552231661245e-10
Disease	disease_12327	4.473712150553565e-10
Disease	disease_15635	4.472013499599177e-10
Disease	disease_12332	4.469743616302392e-10
Disease	disease_13051	4.467784027411455e-10
Disease	disease_15385	4.467574184759206e-10
Disease	disease_6839	4.466371442457067e-10
Disease	disease_44640	4.4660223348166973e-10
Disease	disease_6182	4.461650530897787e-10
Disease	disease_25113	4.459517855077062e-10
Disease	disease_14582	4.456495978990998e-10
Disease	disease_16560	4.454394692374685e-10
Disease	disease_4636	4.448832580039041e-10
Disease	disease_5849	4.447749076224321e-10
Disease	disease_807	4.447749076224321e-10
Disease	disease_769	4.447749076224321e-10
Disease	disease_775	4.447749076224321e-10
Disease	disease_770	4.447749076224321e-10
Disease	disease_5202	4.447749076224321e-10
Disease	disease_100001	4.447749076224321e-10
Disease	disease_3524	4.447720054582924e-10
Disease	disease_19982	4.447165527352974e-10
Disease	disease_952	4.446575955921149e-10
Disease	disease_19132	4.439664294394838e-10
Disease	disease_11046	4.436384924125244e-10
Disease	disease_13263	4.435527418449495e-10
Disease	disease_10759	4.4336843651768695e-10
Disease	disease_32834	4.4311793193427004e-10
Disease	disease_1917	4.4306916522110797e-10
Disease	disease_20494	4.429951728099744e-10
Disease	disease_3808	4.4285278059470874e-10
Disease	disease_14059	4.424057166236735e-10
Disease	disease_15571	4.4232406793898346e-10
Disease	disease_21443	4.4231949172236217e-10
Disease	disease_14762	4.416987141683823e-10
Disease	disease_20852	4.412678922554879e-10
Disease	disease_20795	4.411843513418664e-10
Disease	disease_19821	4.408503527529629e-10
Disease	disease_17095	4.402147972493911e-10
Disease	disease_10969	4.3978603382663185e-10
Disease	disease_18706	4.396863245699716e-10
Disease	disease_21808	4.39602428413978e-10
Disease	disease_9226	4.395791986131937e-10
Disease	disease_13574	4.394427135382268e-10
Disease	disease_13723	4.392958508889392e-10
Disease	disease_13724	4.392958508889392e-10
Disease	disease_7084	4.385975721333548e-10
Disease	disease_7663	4.3839327497823536e-10
Disease	disease_10393	4.381884697993468e-10
Disease	disease_14239	4.3760786188087004e-10
Disease	disease_16771	4.3707943791510155e-10
Disease	disease_16773	4.3707943791510155e-10
Disease	disease_16772	4.3707943791510155e-10
Disease	disease_16770	4.3707943791510155e-10
Disease	disease_16774	4.3707943791510155e-10
Disease	disease_16769	4.3707943791510155e-10
Disease	disease_14195	4.370019852897334e-10
Disease	disease_24466	4.368291063842889e-10
Disease	disease_8597	4.363809405541198e-10
Disease	disease_14977	4.363668120233791e-10
Disease	disease_15161	4.3599369243561755e-10
Disease	disease_12037	4.3570694827662627e-10
Disease	disease_11081	4.3558671323955213e-10
Disease	disease_1177	4.35417152678134e-10
Disease	disease_1274	4.35417152678134e-10
Disease	disease_8466	4.346679285633709e-10
Disease	disease_17958	4.342287636351225e-10
Disease	disease_16662	4.342287636351225e-10
Disease	disease_11105	4.34224865249198e-10
Disease	disease_13157	4.340949920419558e-10
Disease	disease_13124	4.338642052520348e-10
Disease	disease_20790	4.3290016235356005e-10
Disease	disease_13421	4.3280760564435277e-10
Disease	disease_36482	4.326164339426875e-10
Disease	disease_1551	4.325533393205466e-10
Disease	disease_29137	4.3211729849843927e-10
Disease	disease_10948	4.321146629571105e-10
Disease	disease_15428	4.3167089640509725e-10
Disease	disease_17971	4.314874565216557e-10
Disease	disease_7992	4.30939184877534e-10
Disease	disease_14283	4.304047866638439e-10
Disease	disease_15313	4.301853140614934e-10
Disease	disease_15312	4.301853140614934e-10
Disease	disease_6878	4.3018166223544786e-10
Disease	disease_9003	4.2956357860163513e-10
Disease	disease_32605	4.294330362649474e-10
Disease	disease_14427	4.28886749901539e-10
Disease	disease_2163	4.287269830245566e-10
Disease	disease_8563	4.287133121177603e-10
Disease	disease_13489	4.2842273777922986e-10
Disease	disease_14509	4.282290315070866e-10
Disease	disease_4109	4.2814593869187846e-10
Disease	disease_17199	4.280026728272281e-10
Disease	disease_30070	4.2769977140915267e-10
Disease	disease_20154	4.276101887011416e-10
Disease	disease_10986	4.274947939891869e-10
Disease	disease_16049	4.274792626631538e-10
Disease	disease_10447	4.274700783724332e-10
Disease	disease_20081	4.27139237835437e-10
Disease	disease_20361	4.2678307969967524e-10
Disease	disease_20359	4.2678307969967524e-10
Disease	disease_20360	4.2678307969967524e-10
Disease	disease_6712	4.262953788549615e-10
Disease	disease_33622	4.262908936634446e-10
Disease	disease_44748	4.258417003570126e-10
Disease	disease_19770	4.257749457356946e-10
Disease	disease_31012	4.257279058085169e-10
Disease	disease_7627	4.250387571956078e-10
Disease	disease_1819	4.2503683392466704e-10
Disease	disease_8881	4.2489414722482657e-10
Disease	disease_9810	4.247370076805952e-10
Disease	disease_33656	4.234751222798814e-10
Disease	disease_9073	4.2327800758053785e-10
Disease	disease_2810	4.230562402435764e-10
Disease	disease_16932	4.2301606453354494e-10
Disease	disease_9363	4.226402792831191e-10
Disease	disease_32739	4.225089234421016e-10
Disease	disease_32845	4.223160484743656e-10
Disease	disease_14941	4.2228468951787816e-10
Disease	disease_6394	4.2224700074927823e-10
Disease	disease_32863	4.2210056008017115e-10
Disease	disease_17451	4.2203304159172017e-10
Disease	disease_13100	4.2184265962871985e-10
Disease	disease_12167	4.2184265962871985e-10
Disease	disease_3061	4.218161955527236e-10
Disease	disease_14229	4.2177580417696004e-10
Disease	disease_32859	4.217714377850951e-10
Disease	disease_30844	4.2171474562049147e-10
Disease	disease_16989	4.2141827416562384e-10
Disease	disease_16207	4.2141827416562384e-10
Disease	disease_33309	4.213244507689448e-10
Disease	disease_7279	4.2105354608687555e-10
Disease	disease_2551	4.206407884501102e-10
Disease	disease_13829	4.205392912960297e-10
Disease	disease_54708	4.2053635222091357e-10
Disease	disease_12707	4.20490310904868e-10
Disease	disease_12908	4.1978153037342295e-10
Disease	disease_22424	4.19583878713532e-10
Disease	disease_15516	4.193892980159392e-10
Disease	disease_3926	4.191898576572577e-10
Disease	disease_14068	4.186933917671505e-10
Disease	disease_10326	4.1863824804699765e-10
Disease	disease_12733	4.183188528639525e-10
Disease	disease_15412	4.181396616427119e-10
Disease	disease_5946	4.1788861481984826e-10
Disease	disease_20163	4.178376742508248e-10
Disease	disease_11660	4.172734306103924e-10
Disease	disease_3092	4.171527562936005e-10
Disease	disease_1421	4.171361682299889e-10
Disease	disease_22752	4.1697214535837564e-10
Disease	disease_19228	4.169588016303083e-10
Disease	disease_9631	4.1679951077145954e-10
Disease	disease_21298	4.1658728085261976e-10
Disease	disease_14430	4.163475541470229e-10
Disease	disease_17968	4.1619624846986886e-10
Disease	disease_43143	4.16010358995552e-10
Disease	disease_10228	4.1578860667480785e-10
Disease	disease_16494	4.152821635070754e-10
Disease	disease_16392	4.1515101974413536e-10
Disease	disease_9770	4.148706475074739e-10
Disease	disease_9535	4.1469881311890957e-10
Disease	disease_10320	4.146382624163824e-10
Disease	disease_21083	4.141581306957081e-10
Disease	disease_7395	4.140945119817441e-10
Disease	disease_4096	4.138510688422648e-10
Disease	disease_16046	4.1375074839591634e-10
Disease	disease_17399	4.1360339141927366e-10
Disease	disease_21287	4.1349192489991107e-10
Disease	disease_12200	4.1342104056564087e-10
Disease	disease_9625	4.1340958054096145e-10
Disease	disease_31003	4.1319300722696185e-10
Disease	disease_12485	4.1316561245457055e-10
Disease	disease_18529	4.1307075018361557e-10
Disease	disease_21290	4.122196739276123e-10
Disease	disease_14799	4.1198815099523675e-10
Disease	disease_9560	4.119241640909453e-10
Disease	disease_4339	4.117173997331921e-10
Disease	disease_7159	4.1161180066650703e-10
Disease	disease_12279	4.114803613974693e-10
Disease	disease_11881	4.114698572947313e-10
Disease	disease_12990	4.113886271007544e-10
Disease	disease_18780	4.1107274118422337e-10
Disease	disease_13465	4.1090631225140037e-10
Disease	disease_14581	4.1085540856158626e-10
Disease	disease_6708	4.1082494598147207e-10
Disease	disease_6781	4.1082494598147207e-10
Disease	disease_8717	4.106423357815313e-10
Disease	disease_44305	4.1047730847460536e-10
Disease	disease_6355	4.103121980509966e-10
Disease	disease_13798	4.0955298141555163e-10
Disease	disease_1426	4.0951064433076326e-10
Disease	disease_26720	4.090324246709537e-10
Disease	disease_33135	4.0892669983817027e-10
Disease	disease_12487	4.085961742195868e-10
Disease	disease_44334	4.0841377712727993e-10
Disease	disease_11415	4.0815463028122593e-10
Disease	disease_3912	4.078874060321842e-10
Disease	disease_100015	4.0756831689748813e-10
Disease	disease_21539	4.073898550917823e-10
Disease	disease_3702	4.0720928988095255e-10
Disease	disease_15828	4.071563269014435e-10
Disease	disease_882	4.071468366211942e-10
Disease	disease_884	4.071468366211942e-10
Disease	disease_883	4.071468366211942e-10
Disease	disease_12543	4.0713216020847823e-10
Disease	disease_16903	4.0688834802482093e-10
Disease	disease_9682	4.068203577986981e-10
Disease	disease_14724	4.0680002136208706e-10
Disease	disease_1547	4.067160300943635e-10
Disease	disease_3647	4.067160300943635e-10
Disease	disease_1443	4.067160300943635e-10
Disease	disease_4173	4.061916721018885e-10
Disease	disease_7841	4.059628548419786e-10
Disease	disease_8540	4.057307828778697e-10
Disease	disease_12518	4.057257839882414e-10
Disease	disease_7927	4.056134465014408e-10
Disease	disease_1575	4.054133810379414e-10
Disease	disease_25478	4.0519992082430157e-10
Disease	disease_10062	4.0509186058478827e-10
Disease	disease_13492	4.04813351346135e-10
Disease	disease_9512	4.042905176172735e-10
Disease	disease_3955	4.04278286762234e-10
Disease	disease_13360	4.0427298264033025e-10
Disease	disease_21373	4.0415165464685176e-10
Disease	disease_3735	4.038306268637758e-10
Disease	disease_15439	4.03820058900251e-10
Disease	disease_19925	4.0343218679793066e-10
Disease	disease_19924	4.0343218679793066e-10
Disease	disease_19922	4.0343218679793066e-10
Disease	disease_20468	4.0343218679793066e-10
Disease	disease_6975	4.0313237461732434e-10
Disease	disease_16078	4.0299615166935906e-10
Disease	disease_9554	4.026492300353365e-10
Disease	disease_1178	4.022206460690416e-10
Disease	disease_4940	4.02162109148692e-10
Disease	disease_8175	4.018430701964196e-10
Disease	disease_12237	4.0118816048179125e-10
Disease	disease_7612	4.0115848840194613e-10
Disease	disease_17940	4.009246329364318e-10
Disease	disease_14140	4.0044930007022963e-10
Disease	disease_13702	3.9982595178404133e-10
Disease	disease_9014	3.995169993851857e-10
Disease	disease_16192	3.988121814714986e-10
Disease	disease_1608	3.9877369375599215e-10
Disease	disease_10915	3.9853597537738643e-10
Disease	disease_24287	3.980748936645841e-10
Disease	disease_22060	3.972433641182286e-10
Disease	disease_21109	3.9709679052191077e-10
Disease	disease_7216	3.9700596299324414e-10
Disease	disease_14970	3.9663114632721505e-10
Disease	disease_20556	3.964579172168565e-10
Disease	disease_20555	3.964579172168565e-10
Disease	disease_17289	3.964579172168565e-10
Disease	disease_20557	3.964579172168565e-10
Disease	disease_13299	3.962284743464543e-10
Disease	disease_43094	3.9560865489199875e-10
Disease	disease_44138	3.9523813815944544e-10
Disease	disease_11064	3.95052572525828e-10
Disease	disease_3609	3.9483476729159516e-10
Disease	disease_13064	3.947480501811296e-10
Disease	disease_33673	3.9460206291485263e-10
Disease	disease_7249	3.9459516448105406e-10
Disease	disease_30868	3.9443875755558993e-10
Disease	disease_16319	3.943255021813577e-10
Disease	disease_14651	3.9422004237974887e-10
Disease	disease_6400	3.942065746114875e-10
Disease	disease_17804	3.941258648156729e-10
Disease	disease_6489	3.941137016210964e-10
Disease	disease_7471	3.938902169067651e-10
Disease	disease_2713	3.9378840056027683e-10
Disease	disease_11407	3.937574530961787e-10
Disease	disease_44657	3.93661401315927e-10
Disease	disease_44625	3.93661401315927e-10
Disease	disease_17752	3.935256196308305e-10
Disease	disease_17413	3.9332118329660723e-10
Disease	disease_14738	3.9326464757697347e-10
Disease	disease_7322	3.9311540168917484e-10
Disease	disease_9221	3.931063812630918e-10
Disease	disease_14418	3.9297349807248974e-10
Disease	disease_16551	3.9294558734443593e-10
Disease	disease_16550	3.9294558734443593e-10
Disease	disease_16552	3.9294558734443593e-10
Disease	disease_16549	3.9294558734443593e-10
Disease	disease_12796	3.9285282660938236e-10
Disease	disease_18885	3.926475514366833e-10
Disease	disease_33653	3.923273915912101e-10
Disease	disease_10227	3.9226261513708943e-10
Disease	disease_1542	3.915287061014194e-10
Disease	disease_3944	3.9072320142441753e-10
Disease	disease_49221	3.9062508377493295e-10
Disease	disease_1716	3.905695707070397e-10
Disease	disease_15298	3.905695707070397e-10
Disease	disease_1579	3.905695707070397e-10
Disease	disease_1310	3.905695707070397e-10
Disease	disease_33818	3.905695707070397e-10
Disease	disease_33816	3.905695707070397e-10
Disease	disease_1950	3.905695707070397e-10
Disease	disease_19780	3.899791369121567e-10
Disease	disease_10525	3.891180324415985e-10
Disease	disease_24652	3.8844219430608647e-10
Disease	disease_17180	3.87886585216465e-10
Disease	disease_8537	3.877660398620526e-10
Disease	disease_8452	3.8722707668205876e-10
Disease	disease_20798	3.870765906960696e-10
Disease	disease_14256	3.865592822811241e-10
Disease	disease_11480	3.864973346863989e-10
Disease	disease_10548	3.860635774058932e-10
Disease	disease_12709	3.860031002486993e-10
Disease	disease_32896	3.8571643753810954e-10
Disease	disease_8465	3.856297926152689e-10
Disease	disease_24569	3.8520722961262896e-10
Disease	disease_10081	3.8499743907025983e-10
Disease	disease_8979	3.8456122862586333e-10
Disease	disease_19822	3.844735556541392e-10
Disease	disease_32898	3.843049090105035e-10
Disease	disease_33671	3.84234678286518e-10
Disease	disease_2290	3.840701556202671e-10
Disease	disease_340	3.8403116998845536e-10
Disease	disease_339	3.8403116998845536e-10
Disease	disease_19241	3.8354552935386397e-10
Disease	disease_14074	3.833174795284354e-10
Disease	disease_11982	3.832646173919926e-10
Disease	disease_10329	3.8324737206775995e-10
Disease	disease_9859	3.828445862594729e-10
Disease	disease_10499	3.822819446369528e-10
Disease	disease_42975	3.820790172786065e-10
Disease	disease_23282	3.8198649091240815e-10
Disease	disease_14587	3.811999886700048e-10
Disease	disease_32689	3.808322872246675e-10
Disease	disease_13561	3.80753654658635e-10
Disease	disease_14930	3.805028856944692e-10
Disease	disease_3089	3.801687089483124e-10
Disease	disease_43123	3.8014222388835914e-10
Disease	disease_18850	3.7999168295197153e-10
Disease	disease_9978	3.7933323577347706e-10
Disease	disease_10883	3.7892520689961893e-10
Disease	disease_14928	3.788655217677051e-10
Disease	disease_14450	3.787591278914837e-10
Disease	disease_9235	3.7783189847907646e-10
Disease	disease_3134	3.777989333077776e-10
Disease	disease_3137	3.777989333077776e-10
Disease	disease_19320	3.776719297187115e-10
Disease	disease_24797	3.7765665762945414e-10
Disease	disease_11226	3.776314143286097e-10
Disease	disease_12813	3.7720748411273614e-10
Disease	disease_14543	3.7660790495047704e-10
Disease	disease_14654	3.765470835119032e-10
Disease	disease_9042	3.76545012857938e-10
Disease	disease_15464	3.7636282707450544e-10
Disease	disease_3445	3.7621633148960557e-10
Disease	disease_19772	3.7610978459708216e-10
Disease	disease_36990	3.760255848747286e-10
Disease	disease_21331	3.758119238370169e-10
Disease	disease_54861	3.7571849035539434e-10
Disease	disease_45008	3.7568881545907316e-10
Disease	disease_18847	3.7493846094691337e-10
Disease	disease_7994	3.7414870431592217e-10
Disease	disease_8357	3.7405669447480593e-10
Disease	disease_14740	3.739272942734873e-10
Disease	disease_12217	3.737071746041272e-10
Disease	disease_12108	3.7362886666075207e-10
Disease	disease_33115	3.73525755501185e-10
Disease	disease_20062	3.732882042166757e-10
Disease	disease_16931	3.73254686806747e-10
Disease	disease_10252	3.729436753916815e-10
Disease	disease_3598	3.7254484245945104e-10
Disease	disease_1820	3.724259345099898e-10
Disease	disease_2006	3.724259345099898e-10
Disease	disease_1739	3.724259345099898e-10
Disease	disease_16611	3.721813672989703e-10
Disease	disease_5837	3.7208131548495334e-10
Disease	disease_16182	3.7195802757501843e-10
Disease	disease_6381	3.718463139937899e-10
Disease	disease_6179	3.718463139937899e-10
Disease	disease_13328	3.7138644032415436e-10
Disease	disease_7062	3.710430996531369e-10
Disease	disease_1430	3.709675431751797e-10
Disease	disease_1282	3.7096391264460775e-10
Disease	disease_19408	3.7079080954692827e-10
Disease	disease_13013	3.703620777788653e-10
Disease	disease_44275	3.701954650080359e-10
Disease	disease_44983	3.6991726705066596e-10
Disease	disease_18731	3.6975676359786257e-10
Disease	disease_3938	3.696173316621944e-10
Disease	disease_4458	3.696173316621944e-10
Disease	disease_2750	3.696173316621944e-10
Disease	disease_25376	3.69562082759383e-10
Disease	disease_13002	3.6940931413796305e-10
Disease	disease_4862	3.690383426305589e-10
Disease	disease_7421	3.6807342151154657e-10
Disease	disease_25385	3.6804851166865896e-10
Disease	disease_11235	3.680393253948537e-10
Disease	disease_14345	3.680123808038665e-10
Disease	disease_20658	3.673057892908912e-10
Disease	disease_7123	3.6724350259072393e-10
Disease	disease_15424	3.667786196093132e-10
Disease	disease_100025	3.667335874767009e-10
Disease	disease_100026	3.667335874767009e-10
Disease	disease_100023	3.667335874767009e-10
Disease	disease_100027	3.667335874767009e-10
Disease	disease_100024	3.667335874767009e-10
Disease	disease_4621	3.6653608491632126e-10
Disease	disease_8811	3.660139252147158e-10
Disease	disease_12134	3.651448669493522e-10
Disease	disease_14228	3.6500539984309707e-10
Disease	disease_19885	3.649816210438673e-10
Disease	disease_10057	3.6480653343371663e-10
Disease	disease_13463	3.6431219404597875e-10
Disease	disease_10435	3.6423564117821357e-10
Disease	disease_100147	3.6422305877913854e-10
Disease	disease_4831	3.640433050060161e-10
Disease	disease_13823	3.637088638030226e-10
Disease	disease_16873	3.6350526712943837e-10
Disease	disease_20306	3.634868188961978e-10
Disease	disease_2669	3.632902320383169e-10
Disease	disease_21517	3.6319306409323284e-10
Disease	disease_12401	3.6299403440902333e-10
Disease	disease_19511	3.6257697046540764e-10
Disease	disease_15794	3.6193352178352716e-10
Disease	disease_13403	3.619045734648997e-10
Disease	disease_6393	3.6189533756379943e-10
Disease	disease_20374	3.617399784027421e-10
Disease	disease_16143	3.603422925645178e-10
Disease	disease_2388	3.6026071513402113e-10
Disease	disease_4506	3.6026071513402113e-10
Disease	disease_4505	3.6026071513402113e-10
Disease	disease_4507	3.6026071513402113e-10
Disease	disease_4421	3.6026071513402113e-10
Disease	disease_9895	3.5999667171614836e-10
Disease	disease_6200	3.5992474517404865e-10
Disease	disease_19949	3.598407965933173e-10
Disease	disease_20473	3.598349890445876e-10
Disease	disease_13955	3.598218814978252e-10
Disease	disease_18014	3.5975857463138073e-10
Disease	disease_16882	3.5972246374753026e-10
Disease	disease_5562	3.5969758163162237e-10
Disease	disease_4424	3.5963883172410715e-10
Disease	disease_9580	3.5949027445341673e-10
Disease	disease_4047	3.5946963105092005e-10
Disease	disease_18648	3.5944719792148746e-10
Disease	disease_15989	3.5910755648977124e-10
Disease	disease_3952	3.590969994604102e-10
Disease	disease_6930	3.5909596565829726e-10
Disease	disease_21979	3.589791675798969e-10
Disease	disease_9875	3.5894435460694545e-10
Disease	disease_16806	3.589325901840403e-10
Disease	disease_6550	3.5845342426730817e-10
Disease	disease_4495	3.5832826338254485e-10
Disease	disease_2993	3.5813640879432806e-10
Disease	disease_4062	3.579706296490595e-10
Disease	disease_7680	3.5782826151085e-10
Disease	disease_14578	3.57769641814211e-10
Disease	disease_15349	3.5676866626475807e-10
Disease	disease_19397	3.5676866626475807e-10
Disease	disease_34143	3.5676866626475807e-10
Disease	disease_16057	3.566676109576415e-10
Disease	disease_15774	3.5638157266314167e-10
Disease	disease_44956	3.5627018418943796e-10
Disease	disease_4866	3.561992346530208e-10
Disease	disease_24504	3.56174113048994e-10
Disease	disease_24892	3.5598466398455354e-10
Disease	disease_19971	3.5598466398455354e-10
Disease	disease_7225	3.556006693461352e-10
Disease	disease_25412	3.5528219450059435e-10
Disease	disease_16016	3.5484934000097796e-10
Disease	disease_3910	3.5435807594361943e-10
Disease	disease_20155	3.5428700411034194e-10
Disease	disease_12695	3.542258550421024e-10
Disease	disease_11675	3.541256806401242e-10
Disease	disease_11103	3.5408611470781673e-10
Disease	disease_19917	3.5407416144123584e-10
Disease	disease_8750	3.537706045328426e-10
Disease	disease_20160	3.535607761138267e-10
Disease	disease_16142	3.532401718324324e-10
Disease	disease_3927	3.5318711716158333e-10
Disease	disease_13309	3.527316871046252e-10
Disease	disease_12870	3.527316871046252e-10
Disease	disease_6285	3.5267097158631095e-10
Disease	disease_4753	3.5255979279730895e-10
Disease	disease_428	3.525014293019324e-10
Disease	disease_24534	3.5214963034167e-10
Disease	disease_3066	3.5158767538494293e-10
Disease	disease_8514	3.5156224295263937e-10
Disease	disease_4381	3.515136364085079e-10
Disease	disease_12083	3.5132108072059905e-10
Disease	disease_33651	3.508667381327642e-10
Disease	disease_16758	3.506102128165615e-10
Disease	disease_4891	3.5022679632748714e-10
Disease	disease_13329	3.5014987328030437e-10
Disease	disease_15367	3.498848291472798e-10
Disease	disease_14466	3.4982051422870413e-10
Disease	disease_10151	3.497418777883944e-10
Disease	disease_15351	3.496863714523949e-10
Disease	disease_14184	3.4953069960801327e-10
Disease	disease_8301	3.489697753912702e-10
Disease	disease_8850	3.4893138408665014e-10
Disease	disease_13160	3.486006617182681e-10
Disease	disease_4365	3.485098397995895e-10
Disease	disease_16727	3.4832838913846305e-10
Disease	disease_20474	3.481920242322457e-10
Disease	disease_16004	3.4776160367690963e-10
Disease	disease_17003	3.4728448533194395e-10
Disease	disease_8516	3.4700319946902587e-10
Disease	disease_10521	3.462240858081725e-10
Disease	disease_37739	3.4580650801327283e-10
Disease	disease_20711	3.456580602413489e-10
Disease	disease_3509	3.4561434120122383e-10
Disease	disease_13431	3.454862280624794e-10
Disease	disease_4767	3.453808580618367e-10
Disease	disease_1025	3.453808580618367e-10
Disease	disease_54731	3.4529583227686176e-10
Disease	disease_12046	3.4497040608126666e-10
Disease	disease_3542	3.449172879084529e-10
Disease	disease_6904	3.4455244353402394e-10
Disease	disease_54560	3.444442339607806e-10
Disease	disease_7442	3.44303400302008e-10
Disease	disease_43131	3.442138850239698e-10
Disease	disease_2740	3.4404058978452444e-10
Disease	disease_12355	3.434819963084752e-10
Disease	disease_30019	3.432797899742359e-10
Disease	disease_13155	3.430853546345339e-10
Disease	disease_14937	3.4284282346238244e-10
Disease	disease_9594	3.4260646832230836e-10
Disease	disease_15387	3.424466413471754e-10
Disease	disease_16154	3.4211631626992674e-10
Disease	disease_8510	3.420879118111514e-10
Disease	disease_13338	3.41629690837591e-10
Disease	disease_1169	3.4090355476912856e-10
Disease	disease_16881	3.4090061181068307e-10
Disease	disease_15440	3.40755536115647e-10
Disease	disease_19981	3.4073363467621254e-10
Disease	disease_12976	3.404614589555647e-10
Disease	disease_8454	3.4026495604172306e-10
Disease	disease_17203	3.3997621288054814e-10
Disease	disease_14057	3.3992810452021934e-10
Disease	disease_10841	3.394007356093874e-10
Disease	disease_16197	3.3936077346626486e-10
Disease	disease_54724	3.393503524056981e-10
Disease	disease_17403	3.3911899265683647e-10
Disease	disease_17401	3.3911899265683647e-10
Disease	disease_17402	3.3911899265683647e-10
Disease	disease_13026	3.3908867220942623e-10
Disease	disease_17918	3.387495780391189e-10
Disease	disease_2174	3.387255675799158e-10
Disease	disease_1919	3.387255675799158e-10
Disease	disease_1663	3.387255675799158e-10
Disease	disease_4904	3.387255675799158e-10
Disease	disease_18663	3.3762037115877076e-10
Disease	disease_16185	3.37122766042166e-10
Disease	disease_21452	3.3693281737330517e-10
Disease	disease_13305	3.367269260806294e-10
Disease	disease_15839	3.367094002126443e-10
Disease	disease_19948	3.3664946358733947e-10
Disease	disease_15017	3.3629281359088093e-10
Disease	disease_21522	3.3628815417264055e-10
Disease	disease_18132	3.358158145699994e-10
Disease	disease_7222	3.354889229551337e-10
Disease	disease_25102	3.3520503059415743e-10
Disease	disease_11657	3.3494616144678446e-10
Disease	disease_14291	3.3494616144678446e-10
Disease	disease_11893	3.3494616144678446e-10
Disease	disease_20979	3.340986604767548e-10
Disease	disease_3706	3.340947386257105e-10
Disease	disease_11950	3.339090734985504e-10
Disease	disease_21206	3.338229491726854e-10
Disease	disease_11355	3.3352605788888485e-10
Disease	disease_54723	3.3320894463028065e-10
Disease	disease_25013	3.329603412865363e-10
Disease	disease_10981	3.329504556651644e-10
Disease	disease_15443	3.32900907854345e-10
Disease	disease_12006	3.327110479489379e-10
Disease	disease_11696	3.319927265752185e-10
Disease	disease_11695	3.319927265752185e-10
Disease	disease_12983	3.3183335873159893e-10
Disease	disease_37938	3.317783502228285e-10
Disease	disease_8484	3.3164730502692853e-10
Disease	disease_16457	3.3162451544656146e-10
Disease	disease_8711	3.3115799922609427e-10
Disease	disease_32735	3.3055801749435217e-10
Disease	disease_10818	3.3032027811190624e-10
Disease	disease_4889	3.301933541586989e-10
Disease	disease_10963	3.298717289957173e-10
Disease	disease_44998	3.2960311577696527e-10
Disease	disease_7666	3.2940248317128826e-10
Disease	disease_32873	3.293720169063491e-10
Disease	disease_6280	3.2896368834259425e-10
Disease	disease_60489	3.289251383610242e-10
Disease	disease_14061	3.2803290679763156e-10
Disease	disease_6880	3.27943872788825e-10
Disease	disease_15430	3.2775328749222005e-10
Disease	disease_7438	3.2747994096474207e-10
Disease	disease_14411	3.273192957376665e-10
Disease	disease_1167	3.270972382466103e-10
Disease	disease_17277	3.2708777402234507e-10
Disease	disease_17041	3.268883289513408e-10
Disease	disease_8396	3.267644503629351e-10
Disease	disease_21575	3.2675869894012037e-10
Disease	disease_13697	3.264548902044553e-10
Disease	disease_4764	3.262841102196188e-10
Disease	disease_1747	3.262841102196188e-10
Disease	disease_1533	3.262841102196188e-10
Disease	disease_19655	3.259802830023414e-10
Disease	disease_19986	3.259802830023414e-10
Disease	disease_19656	3.259802830023414e-10
Disease	disease_33260	3.2563176203862526e-10
Disease	disease_7287	3.254955694457145e-10
Disease	disease_54615	3.2534185555347423e-10
Disease	disease_12739	3.2520803452669624e-10
Disease	disease_12701	3.2395570974386777e-10
Disease	disease_21028	3.236274971746957e-10
Disease	disease_1773	3.2355231869555394e-10
Disease	disease_14771	3.2342831362026995e-10
Disease	disease_9011	3.2334112008216775e-10
Disease	disease_43120	3.2314868297724846e-10
Disease	disease_2719	3.231474533971595e-10
Disease	disease_3108	3.231474533971595e-10
Disease	disease_11074	3.2311948056299994e-10
Disease	disease_1514	3.228624442122663e-10
Disease	disease_10153	3.227270046985256e-10
Disease	disease_15023	3.22682090205129e-10
Disease	disease_18494	3.222037496948196e-10
Disease	disease_11898	3.2199423187100915e-10
Disease	disease_18643	3.219802130837968e-10
Disease	disease_16943	3.219274550987935e-10
Disease	disease_20453	3.2163934464394684e-10
Disease	disease_4203	3.2160769450578854e-10
Disease	disease_4240	3.2160769450578854e-10
Disease	disease_4518	3.2160769450578854e-10
Disease	disease_15845	3.215589936143936e-10
Disease	disease_15844	3.215589936143936e-10
Disease	disease_14426	3.213167295840942e-10
Disease	disease_17659	3.2127865753344345e-10
Disease	disease_14406	3.209454896318834e-10
Disease	disease_4325	3.2073589418843597e-10
Disease	disease_10591	3.206702969054183e-10
Disease	disease_1377	3.206302223284396e-10
Disease	disease_24524	3.190187557154808e-10
Disease	disease_10453	3.1862109897733626e-10
Disease	disease_15668	3.1857635874018016e-10
Disease	disease_14237	3.1857280191749356e-10
Disease	disease_12128	3.181409306486287e-10
Disease	disease_14845	3.178750750221417e-10
Disease	disease_16944	3.1776540269625664e-10
Disease	disease_13747	3.176006118105078e-10
Disease	disease_1216	3.1709742466235783e-10
Disease	disease_20818	3.1709742466235783e-10
Disease	disease_20812	3.1709742466235783e-10
Disease	disease_1326	3.1709742466235783e-10
Disease	disease_13883	3.1706007003183466e-10
Disease	disease_18318	3.1689522469494426e-10
Disease	disease_12282	3.168098149861465e-10
Disease	disease_36688	3.152928449150331e-10
Disease	disease_6826	3.1523612273753705e-10
Disease	disease_6848	3.1523612273753705e-10
Disease	disease_11082	3.1493741788700273e-10
Disease	disease_6533	3.1480626938440076e-10
Disease	disease_12681	3.1408122925979874e-10
Disease	disease_12972	3.1408122925979874e-10
Disease	disease_23543	3.139525543092078e-10
Disease	disease_13158	3.138212655709428e-10
Disease	disease_15471	3.137245234987948e-10
Disease	disease_9083	3.135850873637085e-10
Disease	disease_18832	3.128939445426434e-10
Disease	disease_6227	3.125811241681138e-10
Disease	disease_24639	3.125811241681138e-10
Disease	disease_18742	3.125811241681138e-10
Disease	disease_24642	3.125811241681138e-10
Disease	disease_14110	3.124246590755612e-10
Disease	disease_8058	3.120868622173787e-10
Disease	disease_4383	3.11328593638704e-10
Disease	disease_7683	3.112056551511675e-10
Disease	disease_11519	3.1119328675966425e-10
Disease	disease_7820	3.1109542829806633e-10
Disease	disease_20582	3.1071924895577403e-10
Disease	disease_22321	3.105159827612152e-10
Disease	disease_12713	3.1032548867248335e-10
Disease	disease_8358	3.1008531007808094e-10
Disease	disease_16141	3.1004446442333505e-10
Disease	disease_13689	3.098493764439696e-10
Disease	disease_20407	3.0979061339531523e-10
Disease	disease_20408	3.0979061339531523e-10
Disease	disease_20406	3.0979061339531523e-10
Disease	disease_11102	3.097810870656598e-10
Disease	disease_22606	3.097380587786493e-10
Disease	disease_2683	3.0960252871222986e-10
Disease	disease_2684	3.0960252871222986e-10
Disease	disease_13122	3.0924232739269197e-10
Disease	disease_962	3.0919679652431873e-10
Disease	disease_16639	3.0917223847159453e-10
Disease	disease_10905	3.091679172641756e-10
Disease	disease_4896	3.091524048998609e-10
Disease	disease_13614	3.0883322906779627e-10
Disease	disease_4909	3.087616360067076e-10
Disease	disease_4760	3.087616360067076e-10
Disease	disease_1730	3.087616360067076e-10
Disease	disease_1084	3.0848581182285325e-10
Disease	disease_14145	3.084594637149432e-10
Disease	disease_6172	3.0820061846436965e-10
Disease	disease_13137	3.0762053847932765e-10
Disease	disease_16322	3.0727757469577993e-10
Disease	disease_5182	3.0725004959538084e-10
Disease	disease_14961	3.071895050916554e-10
Disease	disease_7219	3.0697068214238135e-10
Disease	disease_7504	3.064643614576551e-10
Disease	disease_13641	3.064515961279165e-10
Disease	disease_10426	3.0614701512096256e-10
Disease	disease_1227	3.057580403615369e-10
Disease	disease_8131	3.0498533689058886e-10
Disease	disease_294	3.048944314810799e-10
Disease	disease_15260	3.048944314810799e-10
Disease	disease_5963	3.048944314810799e-10
Disease	disease_20357	3.042991901338379e-10
Disease	disease_2170	3.039744809028988e-10
Disease	disease_12023	3.0365493138463766e-10
Disease	disease_20156	3.0314433352895216e-10
Disease	disease_1171	3.028149725208453e-10
Disease	disease_16655	3.0272611171129823e-10
Disease	disease_10425	3.027011563546111e-10
Disease	disease_17524	3.024068617146584e-10
Disease	disease_17523	3.024068617146584e-10
Disease	disease_4709	3.023294964439319e-10
Disease	disease_17812	3.0200881943407264e-10
Disease	disease_13312	3.012376520094144e-10
Disease	disease_1330	3.0106891552286826e-10
Disease	disease_4149	3.0037020499184995e-10
Disease	disease_44717	3.000872620531477e-10
Disease	disease_4482	3.0003229441363346e-10
Disease	disease_54666	2.9999825968425606e-10
Disease	disease_11031	2.9999304283621115e-10
Disease	disease_16144	2.996141584949511e-10
Disease	disease_43137	2.995533098948384e-10
Disease	disease_5482	2.995533098948384e-10
Disease	disease_3068	2.995533098948384e-10
Disease	disease_32584	2.989078031777953e-10
Disease	disease_6619	2.9875426656821657e-10
Disease	disease_10750	2.984802251007357e-10
Disease	disease_16626	2.9839573662686807e-10
Disease	disease_12975	2.9789849122071615e-10
Disease	disease_10761	2.9738205747532347e-10
Disease	disease_19330	2.9701790652939517e-10
Disease	disease_29135	2.969939232634609e-10
Disease	disease_15316	2.9694032893611274e-10
Disease	disease_7437	2.9653505765801135e-10
Disease	disease_30058	2.959860664765179e-10
Disease	disease_3894	2.9585659586829917e-10
Disease	disease_4615	2.953882586370677e-10
Disease	disease_14508	2.9515005650687973e-10
Disease	disease_14524	2.951205897248433e-10
Disease	disease_21508	2.949202771508509e-10
Disease	disease_23246	2.9473814747894776e-10
Disease	disease_1878	2.9462770177805635e-10
Disease	disease_13491	2.9461056447585774e-10
Disease	disease_6092	2.9438568562684064e-10
Disease	disease_44628	2.939737876882986e-10
Disease	disease_19406	2.9395746413817904e-10
Disease	disease_8274	2.9393674262157274e-10
Disease	disease_11625	2.9357921654044e-10
Disease	disease_33044	2.930782720936451e-10
Disease	disease_16015	2.9303142270741094e-10
Disease	disease_8884	2.9285972798929686e-10
Disease	disease_15050	2.927629512530296e-10
Disease	disease_15051	2.927629512530296e-10
Disease	disease_12086	2.9259477246150315e-10
Disease	disease_8700	2.92465046435281e-10
Disease	disease_17139	2.919162699592904e-10
Disease	disease_19994	2.9191527094558044e-10
Disease	disease_19918	2.9191527094558044e-10
Disease	disease_19919	2.9191527094558044e-10
Disease	disease_1363	2.915680925784302e-10
Disease	disease_15398	2.9127987416128835e-10
Disease	disease_20164	2.911781128470129e-10
Disease	disease_14254	2.910190975566441e-10
Disease	disease_13769	2.9043907586502205e-10
Disease	disease_15395	2.9010816247438483e-10
Disease	disease_14312	2.899772278716987e-10
Disease	disease_10322	2.899664211479169e-10
Disease	disease_11159	2.894765048599639e-10
Disease	disease_1174	2.89344443976242e-10
Disease	disease_12626	2.8925778159980833e-10
Disease	disease_10369	2.891038428556076e-10
Disease	disease_18152	2.888325334162937e-10
Disease	disease_17257	2.888325334162937e-10
Disease	disease_10344	2.8870045843348197e-10
Disease	disease_7377	2.8866438059200705e-10
Disease	disease_15697	2.8866384640365874e-10
Disease	disease_16725	2.8837000456038176e-10
Disease	disease_6353	2.879715977758366e-10
Disease	disease_54725	2.870371928131042e-10
Disease	disease_20041	2.8700422853386115e-10
Disease	disease_5641	2.8660126184427326e-10
Disease	disease_4162	2.8643708237668446e-10
Disease	disease_1846	2.8643708237668446e-10
Disease	disease_6842	2.8637367218111995e-10
Disease	disease_14111	2.8627635874899545e-10
Disease	disease_33198	2.8615621050700226e-10
Disease	disease_3153	2.8615368720998415e-10
Disease	disease_7734	2.8554817551543004e-10
Disease	disease_24981	2.855416474107531e-10
Disease	disease_18779	2.852897858622067e-10
Disease	disease_13959	2.850725548954305e-10
Disease	disease_44794	2.8507186547805695e-10
Disease	disease_13244	2.850211759421488e-10
Disease	disease_25100	2.848833981091957e-10
Disease	disease_25489	2.848833981091957e-10
Disease	disease_25163	2.848833981091957e-10
Disease	disease_8341	2.8474179940320986e-10
Disease	disease_8374	2.845405910355318e-10
Disease	disease_13972	2.8426171759372593e-10
Disease	disease_15567	2.837394048284389e-10
Disease	disease_20695	2.836571668679531e-10
Disease	disease_22697	2.836571668679531e-10
Disease	disease_400	2.836571668679531e-10
Disease	disease_22607	2.835499887773056e-10
Disease	disease_17351	2.8350391872025635e-10
Disease	disease_10307	2.8349555994893145e-10
Disease	disease_10367	2.833327712232017e-10
Disease	disease_4046	2.8332678289048005e-10
Disease	disease_8483	2.831794800456987e-10
Disease	disease_20358	2.830424420416865e-10
Disease	disease_14965	2.830197896718432e-10
Disease	disease_5514	2.8278289356023207e-10
Disease	disease_3801	2.823877285238747e-10
Disease	disease_3980	2.821945961183464e-10
Disease	disease_10231	2.8206293000923085e-10
Disease	disease_1592	2.8203178140524077e-10
Disease	disease_18499	2.8194915488967494e-10
Disease	disease_19938	2.818807999660326e-10
Disease	disease_10259	2.816875075361974e-10
Disease	disease_11015	2.8139832530742867e-10
Disease	disease_3946	2.813540230185275e-10
Disease	disease_3859	2.813422365867273e-10
Disease	disease_10965	2.8128608793273133e-10
Disease	disease_18128	2.812546995266443e-10
Disease	disease_4333	2.8118018612489403e-10
Disease	disease_11109	2.8110472591569157e-10
Disease	disease_9979	2.8090304514007725e-10
Disease	disease_7984	2.807398825265089e-10
Disease	disease_7286	2.805353615151868e-10
Disease	disease_2599	2.802988979131365e-10
Disease	disease_24861	2.802988979131365e-10
Disease	disease_13031	2.796169029579064e-10
Disease	disease_11967	2.796169029579064e-10
Disease	disease_20780	2.7957170651683003e-10
Disease	disease_10251	2.795365408737185e-10
Disease	disease_7713	2.789015480269441e-10
Disease	disease_23043	2.788775868880992e-10
Disease	disease_17383	2.7817741448519027e-10
Disease	disease_21505	2.7795399890644726e-10
Disease	disease_33566	2.777136366951606e-10
Disease	disease_9222	2.77379512937217e-10
Disease	disease_12336	2.773631107148107e-10
Disease	disease_19034	2.7710364872212127e-10
Disease	disease_18703	2.7710364872212127e-10
Disease	disease_10932	2.76557006282538e-10
Disease	disease_12090	2.7651657153423016e-10
Disease	disease_12974	2.7651657153423016e-10
Disease	disease_11761	2.7651657153423016e-10
Disease	disease_11673	2.7651657153423016e-10
Disease	disease_10876	2.763592537528201e-10
Disease	disease_12015	2.7614019505426804e-10
Disease	disease_16868	2.761206636523654e-10
Disease	disease_1331	2.757936274036438e-10
Disease	disease_3088	2.755155046590967e-10
Disease	disease_6340	2.7510233075684793e-10
Disease	disease_3614	2.750876909777009e-10
Disease	disease_15435	2.7472604988252476e-10
Disease	disease_16654	2.7472604988252476e-10
Disease	disease_19904	2.7472604988252476e-10
Disease	disease_19909	2.7472604988252476e-10
Disease	disease_15433	2.7472604988252476e-10
Disease	disease_19908	2.7472604988252476e-10
Disease	disease_19906	2.7472604988252476e-10
Disease	disease_19905	2.7472604988252476e-10
Disease	disease_15434	2.7472604988252476e-10
Disease	disease_19903	2.7472604988252476e-10
Disease	disease_5198	2.747091443442342e-10
Disease	disease_8789	2.7465354680476107e-10
Disease	disease_33556	2.7422872253586856e-10
Disease	disease_8544	2.741460711928412e-10
Disease	disease_1833	2.740416447323553e-10
Disease	disease_19980	2.7381381553674927e-10
Disease	disease_26723	2.736838369158952e-10
Disease	disease_8618	2.735378942939822e-10
Disease	disease_12442	2.7315335044687147e-10
Disease	disease_5734	2.726939848986553e-10
Disease	disease_6051	2.726939848986553e-10
Disease	disease_5765	2.726939848986553e-10
Disease	disease_24953	2.726939848986553e-10
Disease	disease_24935	2.726939848986553e-10
Disease	disease_25003	2.726939848986553e-10
Disease	disease_25510	2.726939848986553e-10
Disease	disease_5581	2.726939848986553e-10
Disease	disease_25459	2.726939848986553e-10
Disease	disease_24971	2.726939848986553e-10
Disease	disease_5675	2.726939848986553e-10
Disease	disease_5750	2.726939848986553e-10
Disease	disease_5679	2.726939848986553e-10
Disease	disease_5811	2.726939848986553e-10
Disease	disease_5809	2.726939848986553e-10
Disease	disease_6747	2.726939848986553e-10
Disease	disease_18261	2.725647089963157e-10
Disease	disease_18260	2.725647089963157e-10
Disease	disease_18259	2.725647089963157e-10
Disease	disease_6905	2.725647089963157e-10
Disease	disease_18258	2.725647089963157e-10
Disease	disease_6680	2.725647089963157e-10
Disease	disease_16984	2.725647089963157e-10
Disease	disease_6778	2.725647089963157e-10
Disease	disease_6813	2.725647089963157e-10
Disease	disease_4159	2.725605145685069e-10
Disease	disease_4158	2.725605145685069e-10
Disease	disease_16871	2.72448712878014e-10
Disease	disease_9987	2.721231363819122e-10
Disease	disease_10973	2.7205431939403144e-10
Disease	disease_20567	2.715234958426592e-10
Disease	disease_24973	2.715234958426592e-10
Disease	disease_44626	2.7120664227446416e-10
Disease	disease_12640	2.706907623913586e-10
Disease	disease_13630	2.705134002395001e-10
Disease	disease_9900	2.7038113881992466e-10
Disease	disease_3695	2.703529108300824e-10
Disease	disease_10347	2.703256725499089e-10
Disease	disease_12969	2.702717126397907e-10
Disease	disease_520	2.7025380585166636e-10
Disease	disease_20377	2.701563570495627e-10
Disease	disease_4427	2.701328673141611e-10
Disease	disease_17008	2.7004032155722604e-10
Disease	disease_1168	2.700083110234362e-10
Disease	disease_30934	2.699078983833646e-10
Disease	disease_15235	2.6957109850021445e-10
Disease	disease_17770	2.6957109850021445e-10
Disease	disease_12055	2.691396725294386e-10
Disease	disease_9984	2.6885212849531006e-10
Disease	disease_30935	2.6883171097301913e-10
Disease	disease_32911	2.6858452953338507e-10
Disease	disease_9008	2.6793328651412265e-10
Disease	disease_7093	2.678351906949399e-10
Disease	disease_3463	2.673981785639423e-10
Disease	disease_32753	2.6739770366406995e-10
Disease	disease_7120	2.673130979228583e-10
Disease	disease_18380	2.6727650922417324e-10
Disease	disease_32802	2.672021721260715e-10
Disease	disease_3731	2.671132647432848e-10
Disease	disease_10165	2.667786982680105e-10
Disease	disease_10443	2.6671483314816226e-10
Disease	disease_10882	2.6658158968904246e-10
Disease	disease_15241	2.664627621151607e-10
Disease	disease_10324	2.664255949876624e-10
Disease	disease_10230	2.664255949876624e-10
Disease	disease_10300	2.664255949876624e-10
Disease	disease_44796	2.6604778350387334e-10
Disease	disease_14354	2.659342084724625e-10
Disease	disease_14425	2.65808415568591e-10
Disease	disease_17684	2.6545473384894106e-10
Disease	disease_20390	2.6528396047210284e-10
Disease	disease_10718	2.6489953045473475e-10
Disease	disease_10116	2.648619671813574e-10
Disease	disease_7696	2.6470088798346784e-10
Disease	disease_8298	2.645947073675742e-10
Disease	disease_13751	2.6452662559786415e-10
Disease	disease_14588	2.644610190319832e-10
Disease	disease_22643	2.6396790938985815e-10
Disease	disease_1869	2.6386366320877605e-10
Disease	disease_16656	2.6288738413688453e-10
Disease	disease_13734	2.6288280666242847e-10
Disease	disease_3994	2.6262253267261546e-10
Disease	disease_10415	2.6259121672481954e-10
Disease	disease_10994	2.625651926067992e-10
Disease	disease_17983	2.618818446488643e-10
Disease	disease_10374	2.6181121068808074e-10
Disease	disease_11259	2.6181121068808074e-10
Disease	disease_12970	2.6150849406236097e-10
Disease	disease_44656	2.6141097935122224e-10
Disease	disease_4038	2.604945079274016e-10
Disease	disease_8388	2.6043599598410296e-10
Disease	disease_7176	2.598655109191956e-10
Disease	disease_12170	2.598271703306592e-10
Disease	disease_17801	2.598064307433542e-10
Disease	disease_16092	2.598064307433542e-10
Disease	disease_17800	2.598064307433542e-10
Disease	disease_20354	2.5979593714452003e-10
Disease	disease_7283	2.592386433077586e-10
Disease	disease_15016	2.586975900017599e-10
Disease	disease_2694	2.584579456685477e-10
Disease	disease_2693	2.584579456685477e-10
Disease	disease_4406	2.582360541684882e-10
Disease	disease_10309	2.575314799167131e-10
Disease	disease_15750	2.57284326799929e-10
Disease	disease_11757	2.57138267444509e-10
Disease	disease_13906	2.5692400805723306e-10
Disease	disease_20134	2.567125568546292e-10
Disease	disease_16852	2.566000746300606e-10
Disease	disease_11998	2.5650098170577196e-10
Disease	disease_21477	2.5613537135156784e-10
Disease	disease_1887	2.5611821208862446e-10
Disease	disease_14443	2.5589977040912195e-10
Disease	disease_20808	2.554546714780974e-10
Disease	disease_7289	2.5513711208117997e-10
Disease	disease_21472	2.5498752845561556e-10
Disease	disease_16048	2.549843984116903e-10
Disease	disease_14390	2.5486159822184016e-10
Disease	disease_3453	2.5445817113045794e-10
Disease	disease_6297	2.5428800526710067e-10
Disease	disease_2856	2.5413425913719017e-10
Disease	disease_12260	2.5353738132954487e-10
Disease	disease_30877	2.5330187199986976e-10
Disease	disease_18062	2.531459686350671e-10
Disease	disease_35124	2.531459686350671e-10
Disease	disease_11883	2.531459686350671e-10
Disease	disease_10850	2.5294104585999834e-10
Disease	disease_20510	2.5287111041428566e-10
Disease	disease_4546	2.5228998335886467e-10
Disease	disease_933	2.519106889049359e-10
Disease	disease_11697	2.5167593353535776e-10
Disease	disease_12420	2.5158881245237775e-10
Disease	disease_19230	2.51444837762385e-10
Disease	disease_16859	2.5045261043733426e-10
Disease	disease_16858	2.5045261043733426e-10
Disease	disease_13985	2.504153956330564e-10
Disease	disease_19387	2.503616604520964e-10
Disease	disease_12665	2.5029314211580114e-10
Disease	disease_16577	2.498580462607737e-10
Disease	disease_13704	2.498393931374883e-10
Disease	disease_19767	2.4963770962957416e-10
Disease	disease_7900	2.4960329244903294e-10
Disease	disease_54730	2.496029854867675e-10
Disease	disease_17798	2.495735742711688e-10
Disease	disease_17235	2.495735742711688e-10
Disease	disease_10223	2.4951417123055153e-10
Disease	disease_29148	2.492918091244402e-10
Disease	disease_29147	2.492918091244402e-10
Disease	disease_32686	2.492918091244402e-10
Disease	disease_13537	2.485586304161403e-10
Disease	disease_19196	2.4854853211677375e-10
Disease	disease_19972	2.4854853211677375e-10
Disease	disease_18145	2.4854853211677375e-10
Disease	disease_13707	2.4841511117017383e-10
Disease	disease_21673	2.4807105826160805e-10
Disease	disease_1771	2.4807105826160805e-10
Disease	disease_54582	2.4762019944516646e-10
Disease	disease_32792	2.475079567112414e-10
Disease	disease_21484	2.467767297805036e-10
Disease	disease_2353	2.4618708658806864e-10
Disease	disease_10470	2.456103753459778e-10
Disease	disease_4312	2.454625836494318e-10
Disease	disease_32923	2.4533423540028807e-10
Disease	disease_13366	2.4527796637257206e-10
Disease	disease_3464	2.451129987155822e-10
Disease	disease_7811	2.4487593010441517e-10
Disease	disease_1283	2.4446653483265635e-10
Disease	disease_1349	2.4418196717394945e-10
Disease	disease_5591	2.4418196717394945e-10
Disease	disease_5592	2.4418196717394945e-10
Disease	disease_21275	2.440164977327615e-10
Disease	disease_29130	2.4365349338008086e-10
Disease	disease_16970	2.436278595674202e-10
Disease	disease_100229	2.431938884098849e-10
Disease	disease_18283	2.431074079963616e-10
Disease	disease_11762	2.4300544110682145e-10
Disease	disease_21483	2.430004761037665e-10
Disease	disease_17039	2.4286362309924757e-10
Disease	disease_12195	2.423312981155085e-10
Disease	disease_11957	2.423241381267021e-10
Disease	disease_18618	2.421961791906734e-10
Disease	disease_24416	2.42190329264858e-10
Disease	disease_20385	2.4205166760686723e-10
Disease	disease_16302	2.4205166760686723e-10
Disease	disease_16303	2.4205166760686723e-10
Disease	disease_12254	2.4173640430750207e-10
Disease	disease_12067	2.4152551263980873e-10
Disease	disease_10207	2.413974645041931e-10
Disease	disease_26729	2.4134460634615017e-10
Disease	disease_15462	2.4030869875905974e-10
Disease	disease_44879	2.4024579901521013e-10
Disease	disease_11788	2.400556473675129e-10
Disease	disease_3237	2.399442059363475e-10
Disease	disease_17906	2.3984867649978644e-10
Disease	disease_15302	2.3984867649978644e-10
Disease	disease_15303	2.3984867649978644e-10
Disease	disease_20837	2.3940082294965457e-10
Disease	disease_8973	2.392133030382587e-10
Disease	disease_14182	2.390899101689764e-10
Disease	disease_6470	2.3904352678710073e-10
Disease	disease_12617	2.389783876753272e-10
Disease	disease_14028	2.3890998834842163e-10
Disease	disease_18826	2.387477301962718e-10
Disease	disease_8135	2.381936787089435e-10
Disease	disease_8994	2.3816907559381206e-10
Disease	disease_21515	2.380530242188716e-10
Disease	disease_16024	2.3773339706522333e-10
Disease	disease_9019	2.3744192513824417e-10
Disease	disease_18281	2.370390399880508e-10
Disease	disease_21812	2.3666105927441506e-10
Disease	disease_20742	2.3640970827067705e-10
Disease	disease_14130	2.362862755205943e-10
Disease	disease_32912	2.3602602427064454e-10
Disease	disease_7392	2.357683433653215e-10
Disease	disease_11162	2.3556560954953226e-10
Disease	disease_9526	2.354792152257934e-10
Disease	disease_1005	2.353756987438481e-10
Disease	disease_3882	2.351926380947145e-10
Disease	disease_2850	2.351926380947145e-10
Disease	disease_20252	2.3494679699901274e-10
Disease	disease_4538	2.349261812434774e-10
Disease	disease_6140	2.349261812434774e-10
Disease	disease_7166	2.3481691163637264e-10
Disease	disease_2128	2.347779646569348e-10
Disease	disease_18962	2.3336404348684237e-10
Disease	disease_16531	2.3336404348684237e-10
Disease	disease_44970	2.328442774828022e-10
Disease	disease_13585	2.3264833382400176e-10
Disease	disease_20342	2.3262207283158041e-10
Disease	disease_3458	2.3259217502575054e-10
Disease	disease_8774	2.325538788789334e-10
Disease	disease_20461	2.324488936226035e-10
Disease	disease_33809	2.324488936226035e-10
Disease	disease_21493	2.324021722836135e-10
Disease	disease_3611	2.3201776502986289e-10
Disease	disease_17628	2.3185003251092186e-10
Disease	disease_6133	2.316572275318498e-10
Disease	disease_5740	2.314977320708203e-10
Disease	disease_5751	2.314977320708203e-10
Disease	disease_23071	2.314977320708203e-10
Disease	disease_12045	2.31388987312022e-10
Disease	disease_11300	2.31388987312022e-10
Disease	disease_14999	2.313060200516184e-10
Disease	disease_1335	2.3071908759913124e-10
Disease	disease_6211	2.30714059491494e-10
Disease	disease_16526	2.3034732397531067e-10
Disease	disease_30067	2.300772160292906e-10
Disease	disease_25066	2.3003421385827208e-10
Disease	disease_25061	2.3003421385827208e-10
Disease	disease_19317	2.2985823703958486e-10
Disease	disease_15724	2.2981808305443857e-10
Disease	disease_12437	2.2957355430245457e-10
Disease	disease_43452	2.2957082125339685e-10
Disease	disease_43277	2.2957082125339685e-10
Disease	disease_8772	2.2931823076722477e-10
Disease	disease_15388	2.2906093632861893e-10
Disease	disease_7458	2.281832095812519e-10
Disease	disease_12612	2.2815388414850707e-10
Disease	disease_974	2.280205354411791e-10
Disease	disease_7409	2.280144807761288e-10
Disease	disease_20130	2.2795123614861526e-10
Disease	disease_17391	2.2786059362788378e-10
Disease	disease_20363	2.2786059362788378e-10
Disease	disease_16863	2.2779309674493128e-10
Disease	disease_44406	2.2766878393118648e-10
Disease	disease_18839	2.2765595236126558e-10
Disease	disease_14710	2.276353649516369e-10
Disease	disease_8770	2.275999360613363e-10
Disease	disease_3863	2.2745808538235724e-10
Disease	disease_15232	2.27116031896873e-10
Disease	disease_17932	2.268270301697592e-10
Disease	disease_12185	2.267877279477651e-10
Disease	disease_273	2.264937635724666e-10
Disease	disease_12482	2.264937635724666e-10
Disease	disease_9084	2.2646746279194775e-10
Disease	disease_7630	2.2637065790682712e-10
Disease	disease_11062	2.2633060572682713e-10
Disease	disease_14319	2.2630630323672416e-10
Disease	disease_14542	2.262785570636434e-10
Disease	disease_3154	2.2611204547478724e-10
Disease	disease_9500	2.2574814760634453e-10
Disease	disease_100100	2.2573675235355555e-10
Disease	disease_7129	2.2519214618917691e-10
Disease	disease_6436	2.2511795045156026e-10
Disease	disease_3248	2.2504186538028232e-10
Disease	disease_44315	2.2450044553801664e-10
Disease	disease_25381	2.2443324691334152e-10
Disease	disease_25417	2.2443324691334152e-10
Disease	disease_25167	2.2443324691334152e-10
Disease	disease_15594	2.2432266397043012e-10
Disease	disease_9148	2.2393816861715346e-10
Disease	disease_9202	2.2352313884735245e-10
Disease	disease_14087	2.231102641450532e-10
Disease	disease_12138	2.228599705123883e-10
Disease	disease_8663	2.2250017913135208e-10
Disease	disease_19120	2.2238277196333481e-10
Disease	disease_27068	2.2235571437209876e-10
Disease	disease_32791	2.2235026858898546e-10
Disease	disease_12623	2.219144128358225e-10
Disease	disease_16731	2.2183938568147746e-10
Disease	disease_16736	2.2183938568147746e-10
Disease	disease_16735	2.2183938568147746e-10
Disease	disease_22965	2.2183938568147746e-10
Disease	disease_22963	2.2183938568147746e-10
Disease	disease_6488	2.218381603068206e-10
Disease	disease_14424	2.2136817906594e-10
Disease	disease_20583	2.2080192429788752e-10
Disease	disease_8098	2.2079735255256769e-10
Disease	disease_32729	2.2076889420660562e-10
Disease	disease_13205	2.206425748268033e-10
Disease	disease_13207	2.206425748268033e-10
Disease	disease_15772	2.2063146551418157e-10
Disease	disease_6121	2.2057652828605706e-10
Disease	disease_12671	2.2056844193552837e-10
Disease	disease_18447	2.204520214506071e-10
Disease	disease_20058	2.203908375075218e-10
Disease	disease_13709	2.20200694261465e-10
Disease	disease_60585	2.2013352960400895e-10
Disease	disease_14385	2.201242388647684e-10
Disease	disease_19626	2.1967546116388425e-10
Disease	disease_3428	2.192609630348721e-10
Disease	disease_3844	2.1914485586396768e-10
Disease	disease_18246	2.188601011077836e-10
Disease	disease_17067	2.1858802344287412e-10
Disease	disease_17068	2.1858802344287412e-10
Disease	disease_17065	2.1858802344287412e-10
Disease	disease_17064	2.1858802344287412e-10
Disease	disease_17063	2.1858802344287412e-10
Disease	disease_12658	2.1853499221582203e-10
Disease	disease_4800	2.184916878005518e-10
Disease	disease_1588	2.184916878005518e-10
Disease	disease_14139	2.1841772594646942e-10
Disease	disease_15418	2.1785663770405227e-10
Disease	disease_8921	2.178538473021255e-10
Disease	disease_3773	2.1746877114553774e-10
Disease	disease_10722	2.174516927117898e-10
Disease	disease_4169	2.166858323330642e-10
Disease	disease_18987	2.166858323330642e-10
Disease	disease_1578	2.166858323330642e-10
Disease	disease_2946	2.166858323330642e-10
Disease	disease_4927	2.1659146712071651e-10
Disease	disease_14540	2.1632163403916758e-10
Disease	disease_16888	2.162877841976567e-10
Disease	disease_15546	2.15903402515829e-10
Disease	disease_2779	2.1577566168204394e-10
Disease	disease_1769	2.1543738758267172e-10
Disease	disease_12293	2.1512483267894214e-10
Disease	disease_4079	2.148577706615293e-10
Disease	disease_17044	2.1481063276430453e-10
Disease	disease_12262	2.1467799947931538e-10
Disease	disease_20688	2.1424901010551598e-10
Disease	disease_3704	2.1400586944304394e-10
Disease	disease_20284	2.1400559959777646e-10
Disease	disease_10544	2.1397953670558378e-10
Disease	disease_15467	2.138925061036571e-10
Disease	disease_19195	2.136874677447159e-10
Disease	disease_4942	2.1349653727701288e-10
Disease	disease_16320	2.13365457913762e-10
Disease	disease_30998	2.133600561436527e-10
Disease	disease_8611	2.131232603191219e-10
Disease	disease_11981	2.1308972654114496e-10
Disease	disease_11980	2.1308972654114496e-10
Disease	disease_11983	2.1308972654114496e-10
Disease	disease_30014	2.1268034080788114e-10
Disease	disease_16857	2.1216579221159733e-10
Disease	disease_37744	2.1171015985062615e-10
Disease	disease_6356	2.1153596479751853e-10
Disease	disease_1451	2.114357047314132e-10
Disease	disease_3447	2.1099621868127807e-10
Disease	disease_12097	2.1088380974025584e-10
Disease	disease_16209	2.106677108027244e-10
Disease	disease_13466	2.1054231003625619e-10
Disease	disease_7851	2.1049684675072795e-10
Disease	disease_11192	2.100505339143119e-10
Disease	disease_479	2.0972964670846835e-10
Disease	disease_1361	2.0918554050744539e-10
Disease	disease_1655	2.0918554050744539e-10
Disease	disease_23472	2.087615862603929e-10
Disease	disease_22729	2.087615862603929e-10
Disease	disease_11219	2.0836911225421243e-10
Disease	disease_7214	2.083069311854665e-10
Disease	disease_24248	2.0807995626695225e-10
Disease	disease_11080	2.0798547066652697e-10
Disease	disease_4465	2.077676655354168e-10
Disease	disease_12913	2.073572479143897e-10
Disease	disease_4129	2.073462767018995e-10
Disease	disease_3867	2.072243124062501e-10
Disease	disease_14880	2.0716644733543176e-10
Disease	disease_16146	2.0714459283035542e-10
Disease	disease_19998	2.0593014093625144e-10
Disease	disease_21491	2.055744153186804e-10
Disease	disease_33200	2.0538217276320158e-10
Disease	disease_29142	2.051537510704084e-10
Disease	disease_3700	2.0514469835297424e-10
Disease	disease_12139	2.0512145763563802e-10
Disease	disease_18039	2.0502557163615103e-10
Disease	disease_16664	2.0489749094394144e-10
Disease	disease_1523	2.0486937476574803e-10
Disease	disease_2310	2.0486937476574803e-10
Disease	disease_21488	2.0469559938256827e-10
Disease	disease_14668	2.0460502357251058e-10
Disease	disease_13705	2.0459585448476736e-10
Disease	disease_13774	2.043737176246621e-10
Disease	disease_10414	2.0407382023714437e-10
Disease	disease_7278	2.0404666076561037e-10
Disease	disease_29145	2.0362234914149485e-10
Disease	disease_7904	2.0361872024084255e-10
Disease	disease_12457	2.0361406594905182e-10
Disease	disease_10411	2.0361406594905182e-10
Disease	disease_12785	2.0361406594905182e-10
Disease	disease_12922	2.0361406594905182e-10
Disease	disease_13826	2.035328847797155e-10
Disease	disease_545	2.0340480330424365e-10
Disease	disease_4320	2.0240954317024435e-10
Disease	disease_16954	2.0205621249951856e-10
Disease	disease_32800	2.020469193936017e-10
Disease	disease_10991	2.0201771065173511e-10
Disease	disease_15272	2.0186826020527924e-10
Disease	disease_20762	2.0183981151151564e-10
Disease	disease_13703	2.017326421345128e-10
Disease	disease_44982	2.0152293191164626e-10
Disease	disease_6317	2.0151290432223258e-10
Disease	disease_11320	2.014924898511796e-10
Disease	disease_3121	2.0133942295438015e-10
Disease	disease_17111	2.0113772978068245e-10
Disease	disease_17110	2.0113772978068245e-10
Disease	disease_11616	2.0092921578200052e-10
Disease	disease_12267	2.0092921578200052e-10
Disease	disease_17427	2.004743998222491e-10
Disease	disease_13694	2.0031681163677794e-10
Disease	disease_42974	2.0030753887039728e-10
Disease	disease_12971	2.0025479720844515e-10
Disease	disease_292	2.0018914904636578e-10
Disease	disease_100163	2.000583585927442e-10
Disease	disease_10987	1.9971515232248422e-10
Disease	disease_21845	1.993931064455423e-10
Disease	disease_13138	1.9937360444647936e-10
Disease	disease_12602	1.9900518542712414e-10
Disease	disease_17727	1.9897884142024362e-10
Disease	disease_17744	1.9874984284245723e-10
Disease	disease_11477	1.9859766027687918e-10
Disease	disease_20245	1.9853701490571016e-10
Disease	disease_8312	1.9833863458315394e-10
Disease	disease_22737	1.9825085720078045e-10
Disease	disease_13706	1.9790622950818428e-10
Disease	disease_16103	1.9777823076501692e-10
Disease	disease_17583	1.9774726464310724e-10
Disease	disease_30997	1.9760810577893555e-10
Disease	disease_13471	1.9748760773655838e-10
Disease	disease_11065	1.9745957708205383e-10
Disease	disease_17429	1.9696364271403446e-10
Disease	disease_11808	1.9679635883965433e-10
Disease	disease_12619	1.9609583571490315e-10
Disease	disease_12003	1.95869361114377e-10
Disease	disease_4281	1.958091252357136e-10
Disease	disease_30876	1.9572996997076976e-10
Disease	disease_10860	1.954783859567605e-10
Disease	disease_4040	1.952740919264761e-10
Disease	disease_20373	1.952498323403967e-10
Disease	disease_5892	1.950731384271394e-10
Disease	disease_11392	1.9476820478642694e-10
Disease	disease_11286	1.9476820478642694e-10
Disease	disease_3391	1.9471249839906582e-10
Disease	disease_13592	1.9458452584242065e-10
Disease	disease_16757	1.9442686175804208e-10
Disease	disease_4559	1.9442686175804208e-10
Disease	disease_100072	1.939368384777816e-10
Disease	disease_100069	1.939368384777816e-10
Disease	disease_22932	1.939368384777816e-10
Disease	disease_9592	1.9381521759049974e-10
Disease	disease_18083	1.9361035142726915e-10
Disease	disease_4108	1.9347991836077946e-10
Disease	disease_12697	1.931128745280049e-10
Disease	disease_16458	1.9300534549467826e-10
Disease	disease_22096	1.9285968488724136e-10
Disease	disease_15712	1.9278518655517262e-10
Disease	disease_7218	1.9253299748959277e-10
Disease	disease_19873	1.9238912599019697e-10
Disease	disease_7590	1.9224993121185737e-10
Disease	disease_9988	1.9210516383416998e-10
Disease	disease_13965	1.9164941723884687e-10
Disease	disease_14032	1.9159195773990886e-10
Disease	disease_100102	1.9145505108998903e-10
Disease	disease_15678	1.9111557170015583e-10
Disease	disease_4920	1.9103736971481176e-10
Disease	disease_24293	1.9051598914712553e-10
Disease	disease_3776	1.905031451253776e-10
Disease	disease_2919	1.9036795200922737e-10
Disease	disease_13884	1.9028027258964305e-10
Disease	disease_13608	1.8954464136371833e-10
Disease	disease_24532	1.8937136741826502e-10
Disease	disease_4738	1.893023576373411e-10
Disease	disease_12452	1.8915090841104918e-10
Disease	disease_16955	1.8908583099963852e-10
Disease	disease_12349	1.8899614618048774e-10
Disease	disease_44675	1.8883357318907617e-10
Disease	disease_18315	1.8883357318907617e-10
Disease	disease_10801	1.878004130782161e-10
Disease	disease_17544	1.8742130127501104e-10
Disease	disease_20173	1.8720220897516609e-10
Disease	disease_16928	1.8714555812119292e-10
Disease	disease_3771	1.8705694009288503e-10
Disease	disease_30010	1.8685286873024045e-10
Disease	disease_13996	1.8676506903488206e-10
Disease	disease_14538	1.860630396060799e-10
Disease	disease_14673	1.8605892202402516e-10
Disease	disease_11774	1.8602662403892153e-10
Disease	disease_17101	1.8598968036242277e-10
Disease	disease_17102	1.8598968036242277e-10
Disease	disease_6422	1.859501756022264e-10
Disease	disease_16014	1.8584484428368904e-10
Disease	disease_13973	1.856656482352635e-10
Disease	disease_11799	1.8564231045515638e-10
Disease	disease_13738	1.8564231045515638e-10
Disease	disease_7280	1.8560148215133143e-10
Disease	disease_19990	1.8549478241688952e-10
Disease	disease_19991	1.8549478241688952e-10
Disease	disease_4509	1.8546108694081594e-10
Disease	disease_4353	1.8546108694081594e-10
Disease	disease_8607	1.8543674749371218e-10
Disease	disease_16995	1.854356013842698e-10
Disease	disease_7213	1.854012701790658e-10
Disease	disease_12271	1.8539267692319554e-10
Disease	disease_16435	1.8523083462630106e-10
Disease	disease_23165	1.8520867265261064e-10
Disease	disease_19327	1.8518306128278584e-10
Disease	disease_9156	1.84200268259861e-10
Disease	disease_14798	1.8400717800981828e-10
Disease	disease_12604	1.8389334061352243e-10
Disease	disease_13151	1.8385382116396921e-10
Disease	disease_17903	1.8382951948444105e-10
Disease	disease_17677	1.838258074537159e-10
Disease	disease_2189	1.835789312525667e-10
Disease	disease_11621	1.835304533635383e-10
Disease	disease_15698	1.830285422097026e-10
Disease	disease_12577	1.826616882394793e-10
Disease	disease_12771	1.826616882394793e-10
Disease	disease_12666	1.826616882394793e-10
Disease	disease_12379	1.826616882394793e-10
Disease	disease_13180	1.826616882394793e-10
Disease	disease_1496	1.8244208052334493e-10
Disease	disease_1497	1.8244208052334493e-10
Disease	disease_6977	1.8244208052334493e-10
Disease	disease_1495	1.8244208052334493e-10
Disease	disease_6193	1.8203823952787838e-10
Disease	disease_6166	1.8203823952787838e-10
Disease	disease_14422	1.817796975788474e-10
Disease	disease_7217	1.8148042752779512e-10
Disease	disease_2951	1.8138613570953235e-10
Disease	disease_12926	1.8137139740441438e-10
Disease	disease_20717	1.8096345797102175e-10
Disease	disease_971	1.7995469813767066e-10
Disease	disease_9558	1.797221224566379e-10
Disease	disease_20652	1.7951995323526253e-10
Disease	disease_7655	1.79358181790692e-10
Disease	disease_54561	1.7906867837472417e-10
Disease	disease_14765	1.7897711529298368e-10
Disease	disease_4548	1.7882930248177802e-10
Disease	disease_3741	1.7882930248177802e-10
Disease	disease_9236	1.7875209576763313e-10
Disease	disease_17793	1.784757348655866e-10
Disease	disease_6201	1.78418992465877e-10
Disease	disease_15103	1.781754465858941e-10
Disease	disease_20389	1.781754465858941e-10
Disease	disease_11364	1.7810889497774389e-10
Disease	disease_1212	1.7802433899936946e-10
Disease	disease_18651	1.7790973614825342e-10
Disease	disease_16414	1.7789954213920243e-10
Disease	disease_16925	1.7782729425158197e-10
Disease	disease_13356	1.7768780230877633e-10
Disease	disease_9647	1.7735018971450128e-10
Disease	disease_54867	1.772474213751174e-10
Disease	disease_19864	1.7724358861647212e-10
Disease	disease_15755	1.770671687653821e-10
Disease	disease_11536	1.768359120652493e-10
Disease	disease_5610	1.7669053086697836e-10
Disease	disease_23599	1.7669053086697836e-10
Disease	disease_21834	1.7669053086697836e-10
Disease	disease_23106	1.7669053086697836e-10
Disease	disease_446	1.7669053086697836e-10
Disease	disease_6850	1.7658686360721309e-10
Disease	disease_13385	1.7567938435320288e-10
Disease	disease_11795	1.755623387270886e-10
Disease	disease_3730	1.755011290294856e-10
Disease	disease_13795	1.7508866637025186e-10
Disease	disease_4188	1.7503488847178142e-10
Disease	disease_13748	1.7484527966625998e-10
Disease	disease_4098	1.7472729496971035e-10
Disease	disease_16571	1.745514379358336e-10
Disease	disease_9117	1.7438033415546252e-10
Disease	disease_15409	1.7435461398412334e-10
Disease	disease_12310	1.7389974817168544e-10
Disease	disease_7333	1.7355265576816148e-10
Disease	disease_20813	1.728634897612354e-10
Disease	disease_44880	1.7268514487165823e-10
Disease	disease_18280	1.7234500297639456e-10
Disease	disease_33310	1.7230572987371118e-10
Disease	disease_10855	1.7153606239071346e-10
Disease	disease_14927	1.7153325797114733e-10
Disease	disease_2201	1.714874345095317e-10
Disease	disease_14307	1.7091404680695853e-10
Disease	disease_13887	1.703795403371551e-10
Disease	disease_1329	1.7025766295875302e-10
Disease	disease_12944	1.7024779359182541e-10
Disease	disease_4099	1.701852519605122e-10
Disease	disease_3733	1.700362533395871e-10
Disease	disease_14153	1.699459341952525e-10
Disease	disease_3899	1.6987108985658898e-10
Disease	disease_4513	1.6987108985658898e-10
Disease	disease_54743	1.6965874379635466e-10
Disease	disease_43862	1.694987585252896e-10
Disease	disease_20974	1.694987585252896e-10
Disease	disease_7707	1.6922489085823626e-10
Disease	disease_976	1.6912468157878695e-10
Disease	disease_16212	1.691145522407001e-10
Disease	disease_1369	1.6888374109727207e-10
Disease	disease_1604	1.688808114643824e-10
Disease	disease_32778	1.6847730178879194e-10
Disease	disease_4352	1.6843164764874667e-10
Disease	disease_16213	1.682934812725886e-10
Disease	disease_964	1.682417509870351e-10
Disease	disease_13666	1.6801079184811825e-10
Disease	disease_3830	1.6724503178505075e-10
Disease	disease_3831	1.6724503178505075e-10
Disease	disease_16200	1.6715381721880634e-10
Disease	disease_15807	1.6702616337155754e-10
Disease	disease_11548	1.6590983046927527e-10
Disease	disease_4673	1.6512475210853822e-10
Disease	disease_7977	1.6507966203066238e-10
Disease	disease_12274	1.6507450585494394e-10
Disease	disease_7282	1.648951850390763e-10
Disease	disease_7787	1.6475000353011284e-10
Disease	disease_30864	1.6465155501012107e-10
Disease	disease_33810	1.6457668965888548e-10
Disease	disease_17486	1.6451286880269093e-10
Disease	disease_17487	1.6451286880269093e-10
Disease	disease_22826	1.6379485782063887e-10
Disease	disease_1312	1.6368518364139282e-10
Disease	disease_19206	1.6366150735172671e-10
Disease	disease_23048	1.6366150735172671e-10
Disease	disease_22611	1.6366150735172671e-10
Disease	disease_23045	1.6366150735172671e-10
Disease	disease_23041	1.6366150735172671e-10
Disease	disease_43110	1.6366150735172671e-10
Disease	disease_22432	1.6366150735172671e-10
Disease	disease_23042	1.6366150735172671e-10
Disease	disease_23040	1.6366150735172671e-10
Disease	disease_23046	1.6366150735172671e-10
Disease	disease_100104	1.636145812207097e-10
Disease	disease_16188	1.6240809150761675e-10
Disease	disease_2579	1.6189780578155087e-10
Disease	disease_2978	1.6189780578155087e-10
Disease	disease_6928	1.6159329310319178e-10
Disease	disease_16864	1.6155756759456148e-10
Disease	disease_14050	1.6140212124516815e-10
Disease	disease_24480	1.612818323218543e-10
Disease	disease_20465	1.612818323218543e-10
Disease	disease_1439	1.6110323078480964e-10
Disease	disease_1503	1.6110323078480964e-10
Disease	disease_4170	1.6110323078480964e-10
Disease	disease_1360	1.6110323078480964e-10
Disease	disease_22109	1.608345025318317e-10
Disease	disease_11351	1.6047723607403195e-10
Disease	disease_11238	1.6025424843610075e-10
Disease	disease_7388	1.6024705358340965e-10
Disease	disease_100197	1.6012785534943739e-10
Disease	disease_7891	1.5969165297953947e-10
Disease	disease_14675	1.5952570438439077e-10
Disease	disease_20353	1.5947087775717485e-10
Disease	disease_16762	1.5947087775717485e-10
Disease	disease_24632	1.5926784944449347e-10
Disease	disease_24630	1.5926784944449347e-10
Disease	disease_4560	1.5902585647903092e-10
Disease	disease_11276	1.5897138800558217e-10
Disease	disease_13023	1.5897138800558217e-10
Disease	disease_12022	1.5897138800558217e-10
Disease	disease_12478	1.5897138800558217e-10
Disease	disease_17382	1.5862313554127287e-10
Disease	disease_10389	1.5855705258278844e-10
Disease	disease_60768	1.579230059818555e-10
Disease	disease_300000	1.5779585382700767e-10
Disease	disease_15733	1.5746549549186963e-10
Disease	disease_2737	1.5673269047442326e-10
Disease	disease_4865	1.5673269047442326e-10
Disease	disease_19488	1.5662090354722137e-10
Disease	disease_16026	1.5662090354722137e-10
Disease	disease_7332	1.5653892491123256e-10
Disease	disease_18552	1.564573060699393e-10
Disease	disease_18553	1.564573060699393e-10
Disease	disease_11258	1.564298319398958e-10
Disease	disease_11712	1.5629393068414513e-10
Disease	disease_4299	1.5615567797285664e-10
Disease	disease_4417	1.5615567797285664e-10
Disease	disease_4418	1.5615567797285664e-10
Disease	disease_4057	1.5615567797285664e-10
Disease	disease_4416	1.5615567797285664e-10
Disease	disease_4415	1.5615567797285664e-10
Disease	disease_3889	1.5615567797285664e-10
Disease	disease_4419	1.5615567797285664e-10
Disease	disease_14363	1.5583218494762776e-10
Disease	disease_17237	1.5574953297461244e-10
Disease	disease_12408	1.5555093164009172e-10
Disease	disease_949	1.5535213500071206e-10
Disease	disease_3888	1.5526255966827575e-10
Disease	disease_10154	1.5521453654702282e-10
Disease	disease_7135	1.549652933352734e-10
Disease	disease_15525	1.5474934072337688e-10
Disease	disease_20809	1.547039703146973e-10
Disease	disease_5940	1.54364576517288e-10
Disease	disease_8370	1.5416998193907675e-10
Disease	disease_3856	1.5356912251729982e-10
Disease	disease_4344	1.5356912251729982e-10
Disease	disease_3800	1.5356912251729982e-10
Disease	disease_16446	1.5330567177697605e-10
Disease	disease_44747	1.531477154583566e-10
Disease	disease_17642	1.5311805177737579e-10
Disease	disease_35122	1.5311805177737579e-10
Disease	disease_16821	1.5311805177737579e-10
Disease	disease_17613	1.5311805177737579e-10
Disease	disease_22094	1.5311805177737579e-10
Disease	disease_22067	1.5311805177737579e-10
Disease	disease_22934	1.5311805177737579e-10
Disease	disease_43174	1.5311805177737579e-10
Disease	disease_23561	1.5311805177737579e-10
Disease	disease_42498	1.5311805177737579e-10
Disease	disease_23059	1.5311805177737579e-10
Disease	disease_13929	1.5283516529272963e-10
Disease	disease_4385	1.5263761537484015e-10
Disease	disease_4461	1.5257828658042375e-10
Disease	disease_4883	1.524486665336136e-10
Disease	disease_13375	1.520990218656793e-10
Disease	disease_3858	1.5203764356063866e-10
Disease	disease_3034	1.5198197589907973e-10
Disease	disease_3467	1.5198197589907973e-10
Disease	disease_2851	1.5198197589907973e-10
Disease	disease_7223	1.515680535240896e-10
Disease	disease_24325	1.5139532205441692e-10
Disease	disease_14667	1.5084250697563335e-10
Disease	disease_1537	1.5048253116640682e-10
Disease	disease_5067	1.4991073105726578e-10
Disease	disease_1670	1.4918272281487398e-10
Disease	disease_7360	1.489950870528445e-10
Disease	disease_4266	1.4899424086116852e-10
Disease	disease_44619	1.4896642823869223e-10
Disease	disease_6620	1.487178769733209e-10
Disease	disease_22622	1.485500776288595e-10
Disease	disease_1809	1.4853973201396354e-10
Disease	disease_6782	1.4853973201396354e-10
Disease	disease_4936	1.4853973201396354e-10
Disease	disease_1753	1.4853973201396354e-10
Disease	disease_4762	1.4853973201396354e-10
Disease	disease_1808	1.4853973201396354e-10
Disease	disease_3745	1.4850331450498427e-10
Disease	disease_16930	1.4844281982227702e-10
Disease	disease_10173	1.47491477805322e-10
Disease	disease_11960	1.4735982695097384e-10
Disease	disease_12270	1.4725275954042548e-10
Disease	disease_18254	1.471201319693608e-10
Disease	disease_16935	1.4641158874758614e-10
Disease	disease_19849	1.4632674525582228e-10
Disease	disease_4607	1.4599046218934138e-10
Disease	disease_13670	1.4548658721739137e-10
Disease	disease_18228	1.4480272159896559e-10
Disease	disease_1350	1.4474971913336865e-10
Disease	disease_27048	1.4463842854479764e-10
Disease	disease_17927	1.4416575805356545e-10
Disease	disease_15591	1.438127276290944e-10
Disease	disease_4879	1.4330290830238806e-10
Disease	disease_4886	1.4330290830238806e-10
Disease	disease_17588	1.4327394438293607e-10
Disease	disease_6421	1.4324718463842115e-10
Disease	disease_3984	1.431525880732118e-10
Disease	disease_14154	1.4308407352390927e-10
Disease	disease_8268	1.4299754608394458e-10
Disease	disease_3254	1.4294457532445383e-10
Disease	disease_21665	1.4290194106239428e-10
Disease	disease_21244	1.4285822280687734e-10
Disease	disease_20733	1.4282071301177832e-10
Disease	disease_7250	1.428186804385199e-10
Disease	disease_11723	1.4274994842341628e-10
Disease	disease_14075	1.422498684152765e-10
Disease	disease_44644	1.4209246966306743e-10
Disease	disease_32649	1.419717139236404e-10
Disease	disease_19489	1.4192369599484134e-10
Disease	disease_6392	1.4183469328021997e-10
Disease	disease_14069	1.4140703792073662e-10
Disease	disease_11921	1.413839079642446e-10
Disease	disease_22618	1.413165355515897e-10
Disease	disease_14125	1.4123228069663942e-10
Disease	disease_16917	1.4100358797889845e-10
Disease	disease_21957	1.4092993939580225e-10
Disease	disease_3432	1.4076845300252973e-10
Disease	disease_3530	1.4026765463680763e-10
Disease	disease_12333	1.4017265386833524e-10
Disease	disease_12993	1.401519365723453e-10
Disease	disease_12445	1.399737911553621e-10
Disease	disease_14967	1.3978347707192836e-10
Disease	disease_1367	1.3971545526908315e-10
Disease	disease_31010	1.3963381944381171e-10
Disease	disease_14770	1.395221619657699e-10
Disease	disease_7195	1.391344431633385e-10
Disease	disease_6790	1.3911474349968906e-10
Disease	disease_4059	1.3911474349968906e-10
Disease	disease_26404	1.3884165248138425e-10
Disease	disease_13027	1.3878338670383316e-10
Disease	disease_15782	1.3837404115975725e-10
Disease	disease_19679	1.3803674658567563e-10
Disease	disease_7245	1.377438304148715e-10
Disease	disease_3843	1.3760167897746257e-10
Disease	disease_11104	1.373151191715744e-10
Disease	disease_13744	1.3718906794659817e-10
Disease	disease_20220	1.3700829272149492e-10
Disease	disease_13746	1.3695597144336192e-10
Disease	disease_33493	1.369172994678872e-10
Disease	disease_13604	1.3658459136406e-10
Disease	disease_8744	1.3639420316344472e-10
Disease	disease_44327	1.359228626202396e-10
Disease	disease_8517	1.3591739656530475e-10
Disease	disease_8247	1.3554936425109373e-10
Disease	disease_19900	1.3519871010578355e-10
Disease	disease_17334	1.3519871010578355e-10
Disease	disease_32639	1.3496096614065236e-10
Disease	disease_14022	1.3457605399035058e-10
Disease	disease_16675	1.3422943980807357e-10
Disease	disease_3417	1.3408139213552826e-10
Disease	disease_17460	1.3399980938185065e-10
Disease	disease_21243	1.3391731173500068e-10
Disease	disease_16219	1.3325665180374956e-10
Disease	disease_1006	1.3324134015218337e-10
Disease	disease_1086	1.3324134015218337e-10
Disease	disease_21547	1.331267389276455e-10
Disease	disease_60774	1.3292218211577039e-10
Disease	disease_21168	1.3267820507619511e-10
Disease	disease_17585	1.326229424811355e-10
Disease	disease_21281	1.3260817047880369e-10
Disease	disease_7040	1.3203776425367403e-10
Disease	disease_54771	1.3200567359258996e-10
Disease	disease_14971	1.3195593868949865e-10
Disease	disease_4890	1.3194249695791837e-10
Disease	disease_10538	1.3190010084806556e-10
Disease	disease_14372	1.3185214441973555e-10
Disease	disease_8125	1.3165769459758194e-10
Disease	disease_100063	1.316280909786143e-10
Disease	disease_17239	1.3128520428653393e-10
Disease	disease_3302	1.3082841595589017e-10
Disease	disease_3305	1.3082841595589017e-10
Disease	disease_3306	1.3082841595589017e-10
Disease	disease_2383	1.3082841595589017e-10
Disease	disease_309	1.3081125256411465e-10
Disease	disease_1390	1.3081125256411465e-10
Disease	disease_5660	1.3057840509851158e-10
Disease	disease_44632	1.3008082410770806e-10
Disease	disease_17300	1.2994602829392142e-10
Disease	disease_1989	1.2959870973486324e-10
Disease	disease_3557	1.2930459302608852e-10
Disease	disease_13590	1.287511458259202e-10
Disease	disease_20177	1.2869622535631068e-10
Disease	disease_22173	1.2865526328868542e-10
Disease	disease_43678	1.2865526328868542e-10
Disease	disease_22758	1.2865526328868542e-10
Disease	disease_22756	1.2865526328868542e-10
Disease	disease_22757	1.2865526328868542e-10
Disease	disease_22746	1.2865526328868542e-10
Disease	disease_22759	1.2865526328868542e-10
Disease	disease_22174	1.2865526328868542e-10
Disease	disease_43085	1.2865526328868542e-10
Disease	disease_22177	1.2865526328868542e-10
Disease	disease_23099	1.2865526328868542e-10
Disease	disease_22178	1.2865526328868542e-10
Disease	disease_22755	1.2865526328868542e-10
Disease	disease_22180	1.2865526328868542e-10
Disease	disease_22760	1.2865526328868542e-10
Disease	disease_8993	1.2857891536173465e-10
Disease	disease_10887	1.2857156749018362e-10
Disease	disease_24382	1.2811781863795523e-10
Disease	disease_24381	1.2811781863795523e-10
Disease	disease_24379	1.2811781863795523e-10
Disease	disease_966	1.2801965507316806e-10
Disease	disease_15203	1.2734973984221825e-10
Disease	disease_15086	1.2729568926572697e-10
Disease	disease_11253	1.2729568926572697e-10
Disease	disease_18064	1.2729568926572697e-10
Disease	disease_11602	1.272127205426019e-10
Disease	disease_912	1.272127205426019e-10
Disease	disease_11279	1.272127205426019e-10
Disease	disease_12370	1.272127205426019e-10
Disease	disease_11360	1.272127205426019e-10
Disease	disease_15031	1.270774302305214e-10
Disease	disease_30953	1.2678702345515334e-10
Disease	disease_14301	1.262379289995232e-10
Disease	disease_2298	1.2599142806533532e-10
Disease	disease_17788	1.2582509736019776e-10
Disease	disease_56805	1.2525001646832006e-10
Disease	disease_11530	1.2508095600139388e-10
Disease	disease_8138	1.2505256704304008e-10
Disease	disease_8606	1.2462395527321248e-10
Disease	disease_3064	1.2449619840082758e-10
Disease	disease_13904	1.2440662942971586e-10
Disease	disease_10087	1.2438655020775433e-10
Disease	disease_16959	1.242703344444279e-10
Disease	disease_4700	1.2417012947484969e-10
Disease	disease_501	1.238715300821154e-10
Disease	disease_14694	1.238588906882463e-10
Disease	disease_1880	1.237681255766082e-10
Disease	disease_17488	1.2356525915702212e-10
Disease	disease_17489	1.2356525915702212e-10
Disease	disease_10903	1.2347939352910308e-10
Disease	disease_14989	1.2304149357996523e-10
Disease	disease_16173	1.228126609041859e-10
Disease	disease_43349	1.226467269701091e-10
Disease	disease_6612	1.2245797191908142e-10
Disease	disease_6593	1.2245797191908142e-10
Disease	disease_6578	1.2245797191908142e-10
Disease	disease_6539	1.2245797191908142e-10
Disease	disease_15429	1.2218488174556855e-10
Disease	disease_7185	1.220961655853977e-10
Disease	disease_12299	1.219992436333411e-10
Disease	disease_21582	1.2165795600851906e-10
Disease	disease_20351	1.2157293133248222e-10
Disease	disease_7224	1.2156138026178037e-10
Disease	disease_3841	1.21419749203459e-10
Disease	disease_17568	1.213313651098874e-10
Disease	disease_6549	1.2121704763450466e-10
Disease	disease_20428	1.211765957903678e-10
Disease	disease_670	1.2115352342979993e-10
Disease	disease_684	1.2115352342979993e-10
Disease	disease_10104	1.2067791675915985e-10
Disease	disease_15396	1.2060940394909497e-10
Disease	disease_16530	1.2060940394909497e-10
Disease	disease_15314	1.2060940394909497e-10
Disease	disease_11999	1.2039258272575807e-10
Disease	disease_43096	1.2000028714572897e-10
Disease	disease_20060	1.1988950223638138e-10
Disease	disease_19151	1.19793701243167e-10
Disease	disease_24454	1.1965783305170777e-10
Disease	disease_19818	1.1947647914232356e-10
Disease	disease_3420	1.1945698504221793e-10
Disease	disease_1474	1.1944094425176201e-10
Disease	disease_1580	1.194140162621638e-10
Disease	disease_4063	1.1931951680059817e-10
Disease	disease_11991	1.1887610113066582e-10
Disease	disease_12418	1.1887610113066582e-10
Disease	disease_13250	1.1887610113066582e-10
Disease	disease_13010	1.1887610113066582e-10
Disease	disease_13365	1.1887610113066582e-10
Disease	disease_12002	1.1887610113066582e-10
Disease	disease_6800	1.1865121346984592e-10
Disease	disease_6766	1.1865121346984592e-10
Disease	disease_9373	1.1857737099490907e-10
Disease	disease_6286	1.1857326233563535e-10
Disease	disease_33670	1.1849379068052015e-10
Disease	disease_4635	1.1848478553741273e-10
Disease	disease_4733	1.1848478553741273e-10
Disease	disease_17710	1.1829033679711055e-10
Disease	disease_20400	1.1806967772829239e-10
Disease	disease_20401	1.1806967772829239e-10
Disease	disease_20403	1.1806967772829239e-10
Disease	disease_20399	1.1806967772829239e-10
Disease	disease_20402	1.1806967772829239e-10
Disease	disease_32761	1.178983211344427e-10
Disease	disease_32762	1.178983211344427e-10
Disease	disease_44793	1.1778275323692755e-10
Disease	disease_18767	1.172877815782148e-10
Disease	disease_4304	1.1718020899154545e-10
Disease	disease_7961	1.1717381977161657e-10
Disease	disease_19889	1.1708509122534044e-10
Disease	disease_13749	1.1658131668268628e-10
Disease	disease_7281	1.1637600262710488e-10
Disease	disease_17469	1.1625135907729256e-10
Disease	disease_17997	1.159904924730743e-10
Disease	disease_2677	1.1587526173596189e-10
Disease	disease_11852	1.1574653976342051e-10
Disease	disease_18255	1.1544506063743806e-10
Disease	disease_11856	1.1544506063743806e-10
Disease	disease_13698	1.1542970963217678e-10
Disease	disease_4372	1.1509352969339764e-10
Disease	disease_4224	1.1509352969339764e-10
Disease	disease_1680	1.1480953181325254e-10
Disease	disease_6085	1.1480176250914731e-10
Disease	disease_11880	1.1467924307392984e-10
Disease	disease_18888	1.146718219024718e-10
Disease	disease_19678	1.1408289388555051e-10
Disease	disease_7177	1.1404843115272051e-10
Disease	disease_16496	1.1389138184107318e-10
Disease	disease_20815	1.1342938176949626e-10
Disease	disease_8053	1.130942749747587e-10
Disease	disease_12797	1.1290475452379408e-10
Disease	disease_4012	1.1272642777441076e-10
Disease	disease_12395	1.1260744193374285e-10
Disease	disease_54728	1.124334885084426e-10
Disease	disease_4718	1.1230125789092536e-10
Disease	disease_2136	1.1230125789092536e-10
Disease	disease_4706	1.1230125789092536e-10
Disease	disease_12025	1.1222832204441997e-10
Disease	disease_969	1.1195566565733442e-10
Disease	disease_5791	1.1184826651775239e-10
Disease	disease_8813	1.1172595068152204e-10
Disease	disease_14849	1.1136718261928384e-10
Disease	disease_15767	1.1115849043468007e-10
Disease	disease_1630	1.1051208398549976e-10
Disease	disease_1985	1.1051208398549976e-10
Disease	disease_4583	1.1051208398549976e-10
Disease	disease_100289	1.104500756228753e-10
Disease	disease_32744	1.1040449903798206e-10
Disease	disease_4364	1.1010289433206372e-10
Disease	disease_3998	1.0987529561661776e-10
Disease	disease_3505	1.0981720034578444e-10
Disease	disease_3954	1.0962170120134024e-10
Disease	disease_16102	1.0954362225387058e-10
Disease	disease_4667	1.0954027373164269e-10
Disease	disease_17468	1.092761864014556e-10
Disease	disease_1804	1.0914208844820493e-10
Disease	disease_18611	1.0907159929662623e-10
Disease	disease_1048	1.0851595003351452e-10
Disease	disease_54752	1.0845115980024982e-10
Disease	disease_15664	1.0833589343237806e-10
Disease	disease_20420	1.0833589343237806e-10
Disease	disease_20007	1.0833589343237806e-10
Disease	disease_2940	1.080046838446971e-10
Disease	disease_21492	1.076935040794588e-10
Disease	disease_10710	1.0762472203176784e-10
Disease	disease_9467	1.0754154086351771e-10
Disease	disease_19884	1.0726020422262686e-10
Disease	disease_10366	1.0698321897461005e-10
Disease	disease_10316	1.0698321897461005e-10
Disease	disease_26426	1.0698207297473161e-10
Disease	disease_17448	1.0689711386067499e-10
Disease	disease_13130	1.0646526589194621e-10
Disease	disease_15907	1.0634867715319157e-10
Disease	disease_16150	1.0619651417156697e-10
Disease	disease_17104	1.0599065528290188e-10
Disease	disease_20375	1.058613937148539e-10
Disease	disease_10442	1.0561952404545904e-10
Disease	disease_6149	1.0514766924677106e-10
Disease	disease_10245	1.0501479124038854e-10
Disease	disease_9200	1.0487363148079905e-10
Disease	disease_1136	1.0483212841047705e-10
Disease	disease_1415	1.0483212841047705e-10
Disease	disease_3279	1.0483212841047705e-10
Disease	disease_4016	1.0471239219791055e-10
Disease	disease_22055	1.0471237538047125e-10
Disease	disease_4690	1.0459586405731516e-10
Disease	disease_9588	1.04258843250407e-10
Disease	disease_20690	1.0411917701160013e-10
Disease	disease_15543	1.0408151784583083e-10
Disease	disease_15544	1.0408151784583083e-10
Disease	disease_17533	1.0401464620309696e-10
Disease	disease_17534	1.0401464620309696e-10
Disease	disease_30989	1.0368485544593462e-10
Disease	disease_25354	1.0368485544593462e-10
Disease	disease_30926	1.0368485544593462e-10
Disease	disease_21170	1.0360416383534217e-10
Disease	disease_16373	1.0322068190934274e-10
Disease	disease_1144	1.0315748656392e-10
Disease	disease_1145	1.0315748656392e-10
Disease	disease_4141	1.0303832446174178e-10
Disease	disease_13859	1.0236400375000111e-10
Disease	disease_20554	1.0213924333738102e-10
Disease	disease_44885	1.0192226078196947e-10
Disease	disease_19398	1.0173319349995768e-10
Disease	disease_16317	1.0152868795434787e-10
Disease	disease_21542	1.0119338946969781e-10
Disease	disease_16979	1.0119013821552194e-10
Disease	disease_3849	1.0116784437941107e-10
Disease	disease_15457	1.0110476421052463e-10
Disease	disease_16522	1.0110476421052463e-10
Disease	disease_16161	1.0110476421052463e-10
Disease	disease_12409	1.0080139106265903e-10
Disease	disease_9357	1.0076438891533668e-10
Disease	disease_3446	1.0073905191755556e-10
Disease	disease_19608	1.0032536311864221e-10
Disease	disease_16937	1.0025865174063739e-10
Disease	disease_24877	1.002557671782262e-10
Disease	disease_4054	1.0022070411302278e-10
Disease	disease_24469	9.975727788486953e-11
Disease	disease_15344	9.952858773250729e-11
Disease	disease_15343	9.952858773250729e-11
Disease	disease_15407	9.925361436463832e-11
Disease	disease_15406	9.925361436463832e-11
Disease	disease_7136	9.912343725280911e-11
Disease	disease_17302	9.90284237398353e-11
Disease	disease_16966	9.881311049098568e-11
Disease	disease_9321	9.87302350150674e-11
Disease	disease_12800	9.833695299035801e-11
Disease	disease_18773	9.809505826659684e-11
Disease	disease_16929	9.794328410723418e-11
Disease	disease_44689	9.791165037008515e-11
Disease	disease_44688	9.791165037008515e-11
Disease	disease_44687	9.791165037008515e-11
Disease	disease_44690	9.791165037008515e-11
Disease	disease_4516	9.779330336305572e-11
Disease	disease_13230	9.766285610603778e-11
Disease	disease_21446	9.761467785066554e-11
Disease	disease_6777	9.755364278028722e-11
Disease	disease_1689	9.755364278028722e-11
Disease	disease_15842	9.713596714422797e-11
Disease	disease_15008	9.704853710946587e-11
Disease	disease_17490	9.701301150502121e-11
Disease	disease_17491	9.701301150502121e-11
Disease	disease_2903	9.698547163056637e-11
Disease	disease_17937	9.651436350643611e-11
Disease	disease_14560	9.651314413368318e-11
Disease	disease_21762	9.616072778639365e-11
Disease	disease_22586	9.616072778639365e-11
Disease	disease_2576	9.599789927187249e-11
Disease	disease_17929	9.546989871350766e-11
Disease	disease_3722	9.522079304550891e-11
Disease	disease_60732	9.492973122451608e-11
Disease	disease_15843	9.457767236004341e-11
Disease	disease_3958	9.435061084451744e-11
Disease	disease_3459	9.421017154565372e-11
Disease	disease_19583	9.418860028512743e-11
Disease	disease_19585	9.418860028512743e-11
Disease	disease_19584	9.418860028512743e-11
Disease	disease_4713	9.397692582928496e-11
Disease	disease_4065	9.362377121489692e-11
Disease	disease_1313	9.336735986248706e-11
Disease	disease_3913	9.326272806080892e-11
Disease	disease_15590	9.311723412236925e-11
Disease	disease_19862	9.282900380740862e-11
Disease	disease_11659	9.282900380740862e-11
Disease	disease_7934	9.277804515532035e-11
Disease	disease_54680	9.276324244309614e-11
Disease	disease_1757	9.27016871925818e-11
Disease	disease_3713	9.24964769815986e-11
Disease	disease_3712	9.24964769815986e-11
Disease	disease_17473	9.226938004206794e-11
Disease	disease_17472	9.226938004206794e-11
Disease	disease_4165	9.221946942325953e-11
Disease	disease_17080	9.161175626941372e-11
Disease	disease_11591	9.159440962113913e-11
Disease	disease_21548	9.159440962113913e-11
Disease	disease_23129	9.14778232490649e-11
Disease	disease_22794	9.121480351670331e-11
Disease	disease_8246	9.111923765973316e-11
Disease	disease_7936	9.053312189207687e-11
Disease	disease_1764	8.987872132628652e-11
Disease	disease_3765	8.963804798982058e-11
Disease	disease_15256	8.948446128334027e-11
Disease	disease_27091	8.920319929239089e-11
Disease	disease_3262	8.918040704470502e-11
Disease	disease_3480	8.909821514771438e-11
Disease	disease_12917	8.880760822620162e-11
Disease	disease_11780	8.880760822620162e-11
Disease	disease_1652	8.865527079937531e-11
Disease	disease_44811	8.86117723328066e-11
Disease	disease_8826	8.780715823208984e-11
Disease	disease_9018	8.780062777712975e-11
Disease	disease_24359	8.774656300170771e-11
Disease	disease_24360	8.774656300170771e-11
Disease	disease_24356	8.774656300170771e-11
Disease	disease_24357	8.774656300170771e-11
Disease	disease_3461	8.731979394781624e-11
Disease	disease_19630	8.728535569794728e-11
Disease	disease_6069	8.706360923158731e-11
Disease	disease_12154	8.694024901355664e-11
Disease	disease_5841	8.674605293552916e-11
Disease	disease_8620	8.628156141083122e-11
Disease	disease_15773	8.554754669898148e-11
Disease	disease_17980	8.491488657650063e-11
Disease	disease_19413	8.491488657650063e-11
Disease	disease_16622	8.491488657650063e-11
Disease	disease_2717	8.486610194308289e-11
Disease	disease_4085	8.482121496921639e-11
Disease	disease_4043	8.48108309895401e-11
Disease	disease_1180	8.471656490211786e-11
Disease	disease_30933	8.464246968351976e-11
Disease	disease_7170	8.461701353286334e-11
Disease	disease_43101	8.451837748562823e-11
Disease	disease_2931	8.447796292805322e-11
Disease	disease_1534	8.447796292805322e-11
Disease	disease_18268	8.431412334044537e-11
Disease	disease_18269	8.431412334044537e-11
Disease	disease_6787	8.428820439034803e-11
Disease	disease_6738	8.428820439034803e-11
Disease	disease_18793	8.409946638338926e-11
Disease	disease_4185	8.409923334401443e-11
Disease	disease_15741	8.382661115337208e-11
Disease	disease_14990	8.35041939683207e-11
Disease	disease_16509	8.339040561952636e-11
Disease	disease_19128	8.331883370767891e-11
Disease	disease_13377	8.291600792111028e-11
Disease	disease_36918	8.287966580012489e-11
Disease	disease_44682	8.265684930122919e-11
Disease	disease_16745	8.251502564572664e-11
Disease	disease_1323	8.227447277772478e-11
Disease	disease_2971	8.225813098505576e-11
Disease	disease_43982	8.210556472465929e-11
Disease	disease_30974	8.205846314255634e-11
Disease	disease_23528	8.188963202377792e-11
Disease	disease_43275	8.188963202377792e-11
Disease	disease_16321	8.166341913736872e-11
Disease	disease_19549	8.15133897731068e-11
Disease	disease_7867	8.139197802255318e-11
Disease	disease_3736	8.128152310076316e-11
Disease	disease_3740	8.128152310076316e-11
Disease	disease_20597	8.118347166250774e-11
Disease	disease_43083	8.114730972511599e-11
Disease	disease_3966	8.037037480171022e-11
Disease	disease_32717	8.031549597258345e-11
Disease	disease_21518	8.020897538038263e-11
Disease	disease_21480	8.020897538038263e-11
Disease	disease_20463	8.014656677788766e-11
Disease	disease_20464	8.014656677788766e-11
Disease	disease_22405	8.007983109467656e-11
Disease	disease_22407	8.007983109467656e-11
Disease	disease_22399	8.007983109467656e-11
Disease	disease_22404	8.007983109467656e-11
Disease	disease_22397	8.007983109467656e-11
Disease	disease_22400	8.007983109467656e-11
Disease	disease_12583	7.976987960588103e-11
Disease	disease_11265	7.976987960588103e-11
Disease	disease_21070	7.974819418019821e-11
Disease	disease_6033	7.96751635019016e-11
Disease	disease_4624	7.936496288753765e-11
Disease	disease_16963	7.879186489472227e-11
Disease	disease_10694	7.856075736256819e-11
Disease	disease_17522	7.843381402609753e-11
Disease	disease_17521	7.843381402609753e-11
Disease	disease_33969	7.795129541701342e-11
Disease	disease_3096	7.789430428925732e-11
Disease	disease_7341	7.746920479194252e-11
Disease	disease_16922	7.716198768404246e-11
Disease	disease_6369	7.695522907035575e-11
Disease	disease_16510	7.683200658795582e-11
Disease	disease_10755	7.628076346233697e-11
Disease	disease_4276	7.568887931170398e-11
Disease	disease_18046	7.553119156501363e-11
Disease	disease_17981	7.553119156501363e-11
Disease	disease_17331	7.553119156501363e-11
Disease	disease_25139	7.524996740194274e-11
Disease	disease_18249	7.508244142209014e-11
Disease	disease_18777	7.508244142209014e-11
Disease	disease_17454	7.508244142209014e-11
Disease	disease_18154	7.502112458253518e-11
Disease	disease_10522	7.491060689498214e-11
Disease	disease_13067	7.481616563525915e-11
Disease	disease_12598	7.443630772357717e-11
Disease	disease_11563	7.443630772357717e-11
Disease	disease_12378	7.443630772357717e-11
Disease	disease_3875	7.42649787328587e-11
Disease	disease_3697	7.415427559176634e-11
Disease	disease_17442	7.383605221142759e-11
Disease	disease_169	7.345400493530295e-11
Disease	disease_17528	7.339487734752925e-11
Disease	disease_17527	7.339487734752925e-11
Disease	disease_16936	7.307863017847902e-11
Disease	disease_16734	7.26256693499013e-11
Disease	disease_4569	7.251254804581719e-11
Disease	disease_20823	7.121385445903814e-11
Disease	disease_20814	7.121385445903814e-11
Disease	disease_20816	7.121385445903814e-11
Disease	disease_20817	7.121385445903814e-11
Disease	disease_6581	7.121385445903814e-11
Disease	disease_24227	7.121385445903814e-11
Disease	disease_24228	7.121385445903814e-11
Disease	disease_24229	7.121385445903814e-11
Disease	disease_7506	7.090124316652475e-11
Disease	disease_17484	7.08359738747916e-11
Disease	disease_17485	7.08359738747916e-11
Disease	disease_17483	7.08359738747916e-11
Disease	disease_17482	7.08359738747916e-11
Disease	disease_1055	7.047075503419223e-11
Disease	disease_9090	7.014273684839987e-11
Disease	disease_20181	6.985807753450303e-11
Disease	disease_20183	6.985807753450303e-11
Disease	disease_7372	6.958530358683473e-11
Disease	disease_22841	6.943725527727682e-11
Disease	disease_17441	6.940642918212349e-11
Disease	disease_15394	6.925502762600348e-11
Disease	disease_13841	6.915831397170625e-11
Disease	disease_13844	6.915831397170625e-11
Disease	disease_12232	6.915831397170625e-11
Disease	disease_24886	6.886682607607378e-11
Disease	disease_25488	6.868093265632143e-11
Disease	disease_6696	6.848813018603702e-11
Disease	disease_2255	6.848813018603702e-11
Disease	disease_5698	6.848813018603702e-11
Disease	disease_2706	6.848813018603702e-11
Disease	disease_23650	6.848234248183103e-11
Disease	disease_17517	6.84715569516406e-11
Disease	disease_17518	6.84715569516406e-11
Disease	disease_22672	6.840210762741211e-11
Disease	disease_22567	6.840210762741211e-11
Disease	disease_22673	6.840210762741211e-11
Disease	disease_43191	6.811681871841152e-11
Disease	disease_22891	6.806538150015757e-11
Disease	disease_22890	6.806538150015757e-11
Disease	disease_22895	6.806538150015757e-11
Disease	disease_11347	6.806538150015757e-11
Disease	disease_22894	6.806538150015757e-11
Disease	disease_22897	6.806538150015757e-11
Disease	disease_22898	6.806538150015757e-11
Disease	disease_22893	6.806538150015757e-11
Disease	disease_22892	6.806538150015757e-11
Disease	disease_22896	6.806538150015757e-11
Disease	disease_4042	6.772896339782244e-11
Disease	disease_15167	6.767543711099991e-11
Disease	disease_5177	6.763886264582842e-11
Disease	disease_15637	6.75565724726529e-11
Disease	disease_44978	6.701827283231872e-11
Disease	disease_20392	6.68966554329375e-11
Disease	disease_19899	6.623552915037002e-11
Disease	disease_9630	6.615725547663666e-11
Disease	disease_4422	6.496959977486823e-11
Disease	disease_100066	6.477792536964939e-11
Disease	disease_100065	6.477792536964939e-11
Disease	disease_13903	6.465658043147112e-11
Disease	disease_6635	6.452597284237213e-11
Disease	disease_19479	6.406905399540006e-11
Disease	disease_4218	6.406343280213732e-11
Disease	disease_2770	6.397589326572894e-11
Disease	disease_17431	6.371005992030541e-11
Disease	disease_13484	6.36866977945305e-11
Disease	disease_16927	6.366632114134586e-11
Disease	disease_15641	6.350477154046306e-11
Disease	disease_15640	6.350477154046306e-11
Disease	disease_19581	6.330099255099352e-11
Disease	disease_19582	6.330099255099352e-11
Disease	disease_19578	6.330099255099352e-11
Disease	disease_19579	6.330099255099352e-11
Disease	disease_19580	6.330099255099352e-11
Disease	disease_16941	6.282658587874512e-11
Disease	disease_2110	6.25709837286371e-11
Disease	disease_19898	6.225595078314903e-11
Disease	disease_3460	6.176481228483895e-11
Disease	disease_1792	6.171896455310544e-11
Disease	disease_1918	6.171896455310544e-11
Disease	disease_7386	6.170970650446435e-11
Disease	disease_15206	6.161662952536454e-11
Disease	disease_11836	6.15878077084409e-11
Disease	disease_19877	6.157243608518094e-11
Disease	disease_17412	6.157243608518094e-11
Disease	disease_3341	6.14406441034737e-11
Disease	disease_45052	6.125559162156856e-11
Disease	disease_3023	6.096714998726868e-11
Disease	disease_3929	6.04953772375582e-11
Disease	disease_10423	6.048304105072821e-11
Disease	disease_18007	6.010746525258943e-11
Disease	disease_21764	5.95657002601433e-11
Disease	disease_18573	5.931556692843681e-11
Disease	disease_45053	5.884690857030687e-11
Disease	disease_22930	5.856094546275923e-11
Disease	disease_2808	5.83870359876804e-11
Disease	disease_100312	5.833668629665248e-11
Disease	disease_2965	5.826561846739375e-11
Disease	disease_16850	5.812394790978049e-11
Disease	disease_1054	5.771322660731855e-11
Disease	disease_17012	5.755397868835478e-11
Disease	disease_21530	5.695976519505339e-11
Disease	disease_10836	5.688651457387842e-11
Disease	disease_15415	5.650004743826405e-11
Disease	disease_11079	5.648132907834598e-11
Disease	disease_17247	5.636456307555616e-11
Disease	disease_17245	5.636456307555616e-11
Disease	disease_17246	5.636456307555616e-11
Disease	disease_100233	5.610570563629812e-11
Disease	disease_100319	5.610570563629812e-11
Disease	disease_3911	5.5828184677016216e-11
Disease	disease_9762	5.5647887533302946e-11
Disease	disease_21516	5.467946321086485e-11
Disease	disease_20362	5.414434670733903e-11
Disease	disease_15101	5.414434670733903e-11
Disease	disease_8761	5.402256515965755e-11
Disease	disease_4361	5.3864231569310664e-11
Disease	disease_4075	5.386005712713227e-11
Disease	disease_18789	5.3736589218715816e-11
Disease	disease_2075	5.348612445222753e-11
Disease	disease_3444	5.3119859506732216e-11
Disease	disease_17931	5.306360991178464e-11
Disease	disease_11463	5.294083216574317e-11
Disease	disease_16454	5.294083216574317e-11
Disease	disease_19550	5.294083216574317e-11
Disease	disease_34041	5.294083216574317e-11
Disease	disease_18507	5.294083216574317e-11
Disease	disease_44709	5.2399122650886295e-11
Disease	disease_15570	5.2399122650886295e-11
Disease	disease_12995	5.206752500203787e-11
Disease	disease_1544	5.1893093054391226e-11
Disease	disease_6889	5.1682075720074e-11
Disease	disease_13831	5.165758463346864e-11
Disease	disease_13832	5.165758463346864e-11
Disease	disease_13830	5.165758463346864e-11
Disease	disease_13833	5.165758463346864e-11
Disease	disease_25453	5.1419605185790633e-11
Disease	disease_6357	5.1372511881813884e-11
Disease	disease_15414	5.119707075365231e-11
Disease	disease_3616	5.119501203350156e-11
Disease	disease_24549	5.1161108527231785e-11
Disease	disease_11589	5.1161108527231785e-11
Disease	disease_967	5.1099039623188204e-11
Disease	disease_977	5.1099039623188204e-11
Disease	disease_4214	5.06117549142534e-11
Disease	disease_25086	5.0381582809021924e-11
Disease	disease_15569	4.999511478648317e-11
Disease	disease_15568	4.999511478648317e-11
Disease	disease_18757	4.999511478648317e-11
Disease	disease_15390	4.999511478648317e-11
Disease	disease_42969	4.9754358931900274e-11
Disease	disease_2712	4.970952894738555e-11
Disease	disease_60777	4.9691788260600147e-11
Disease	disease_1790	4.9560317854732555e-11
Disease	disease_17248	4.952550739029637e-11
Disease	disease_17251	4.952550739029637e-11
Disease	disease_17250	4.952550739029637e-11
Disease	disease_17252	4.952550739029637e-11
Disease	disease_17249	4.952550739029637e-11
Disease	disease_8164	4.9453518339420216e-11
Disease	disease_12696	4.8442418103451986e-11
Disease	disease_14161	4.8188525135903234e-11
Disease	disease_13684	4.8188525135903234e-11
Disease	disease_13682	4.8188525135903234e-11
Disease	disease_13683	4.8188525135903234e-11
Disease	disease_32941	4.793446798079198e-11
Disease	disease_4086	4.738667158542362e-11
Disease	disease_6531	4.722036051197643e-11
Disease	disease_7802	4.702551678902281e-11
Disease	disease_13508	4.6834355594905274e-11
Disease	disease_1802	4.6657169641634086e-11
Disease	disease_3734	4.6313336444389626e-11
Disease	disease_11187	4.6310029602881106e-11
Disease	disease_22700	4.602182977849128e-11
Disease	disease_2990	4.57542990042913e-11
Disease	disease_20382	4.561149937805979e-11
Disease	disease_20131	4.551433411101037e-11
Disease	disease_18599	4.547023275841906e-11
Disease	disease_18600	4.547023275841906e-11
Disease	disease_14264	4.5349270279968787e-11
Disease	disease_7464	4.5184007361144915e-11
Disease	disease_20178	4.51566011844365e-11
Disease	disease_6749	4.510782271140702e-11
Disease	disease_15451	4.4968862924571523e-11
Disease	disease_397	4.479530778328513e-11
Disease	disease_25293	4.4593634501233274e-11
Disease	disease_3908	4.4153295070212266e-11
Disease	disease_100129	4.409594910739412e-11
Disease	disease_24312	4.394927788115674e-11
Disease	disease_100085	4.394927788115674e-11
Disease	disease_19760	4.36505485338884e-11
Disease	disease_18717	4.32561692827331e-11
Disease	disease_19329	4.32561692827331e-11
Disease	disease_19328	4.32561692827331e-11
Disease	disease_4397	4.301723230171044e-11
Disease	disease_25487	4.283024730923681e-11
Disease	disease_18156	4.2821579094846165e-11
Disease	disease_3945	4.229738176928401e-11
Disease	disease_18221	4.229726686133247e-11
Disease	disease_17546	4.1915402117732433e-11
Disease	disease_17547	4.1915402117732433e-11
Disease	disease_4529	4.1252872553767884e-11
Disease	disease_6330	4.1252872553767884e-11
Disease	disease_6274	4.120556012137262e-11
Disease	disease_3236	3.9978951876939154e-11
Disease	disease_22991	3.992037590998893e-11
Disease	disease_23642	3.9589058313643e-11
Disease	disease_16924	3.9568281434017346e-11
Disease	disease_20383	3.954386292024735e-11
Disease	disease_3545	3.937802790145808e-11
Disease	disease_20462	3.859271599959361e-11
Disease	disease_21279	3.8580334879278964e-11
Disease	disease_3238	3.804897895627997e-11
Disease	disease_3746	3.789840378626543e-11
Disease	disease_17520	3.77449444189005e-11
Disease	disease_17519	3.77449444189005e-11
Disease	disease_16835	3.704125048004852e-11
Disease	disease_4013	3.6605397574108364e-11
Disease	disease_22699	3.645091720365424e-11
Disease	disease_4468	3.600902653516127e-11
Disease	disease_1508	3.5619030757248913e-11
Disease	disease_21242	3.545017680126225e-11
Disease	disease_678	3.541237830811777e-11
Disease	disease_676	3.541237830811777e-11
Disease	disease_661	3.541237830811777e-11
Disease	disease_677	3.541237830811777e-11
Disease	disease_674	3.541237830811777e-11
Disease	disease_682	3.541237830811777e-11
Disease	disease_681	3.541237830811777e-11
Disease	disease_675	3.541237830811777e-11
Disease	disease_668	3.541237830811777e-11
Disease	disease_663	3.541237830811777e-11
Disease	disease_673	3.541237830811777e-11
Disease	disease_679	3.541237830811777e-11
Disease	disease_662	3.541237830811777e-11
Disease	disease_4462	3.538213255698126e-11
Disease	disease_24864	3.531581195612117e-11
Disease	disease_24863	3.531581195612117e-11
Disease	disease_16923	3.513491544555992e-11
Disease	disease_17422	3.5087618947686236e-11
Disease	disease_17848	3.479517782485745e-11
Disease	disease_20370	3.459296529527924e-11
Disease	disease_20371	3.459296529527924e-11
Disease	disease_14090	3.4381744508126523e-11
Disease	disease_25152	3.329508057431661e-11
Disease	disease_17097	3.301555980442037e-11
Disease	disease_17098	3.301555980442037e-11
Disease	disease_17096	3.301555980442037e-11
Disease	disease_2192	3.2989255835157655e-11
Disease	disease_3462	3.26269209663419e-11
Disease	disease_4066	3.2327166466548476e-11
Disease	disease_19837	3.1774219560339414e-11
Disease	disease_17516	3.16524557731979e-11
Disease	disease_17515	3.16524557731979e-11
Disease	disease_17392	3.1489901211256895e-11
Disease	disease_16183	3.107670195542196e-11
Disease	disease_3943	3.105899518114445e-11
Disease	disease_15450	3.102638737365736e-11
Disease	disease_15732	3.0983839508513966e-11
Disease	disease_15731	3.0983839508513966e-11
Disease	disease_4578	3.093878497373538e-11
Disease	disease_1435	3.093878497373538e-11
Disease	disease_20365	3.091375303090761e-11
Disease	disease_6328	3.062588799571548e-11
Disease	disease_19445	3.055385230766072e-11
Disease	disease_19895	3.051616355293324e-11
Disease	disease_15478	3.043786530087897e-11
Disease	disease_4327	3.041926595387697e-11
Disease	disease_44797	3.0382927630894e-11
Disease	disease_21805	3.0341197537983434e-11
Disease	disease_12653	3.02195505880089e-11
Disease	disease_10685	3.0051258498252305e-11
Disease	disease_4386	2.9987274566153626e-11
Disease	disease_16968	2.994013511020087e-11
Disease	disease_14265	2.9851842508469954e-11
Disease	disease_4457	2.984924062828389e-11
Disease	disease_3840	2.98358055963524e-11
Disease	disease_20438	2.963085335394879e-11
Disease	disease_15666	2.963085335394879e-11
Disease	disease_3752	2.9619193419700065e-11
Disease	disease_3923	2.931781099318255e-11
Disease	disease_3694	2.913789131849699e-11
Disease	disease_1233	2.910169418371207e-11
Disease	disease_6881	2.910169418371207e-11
Disease	disease_1231	2.910169418371207e-11
Disease	disease_1232	2.910169418371207e-11
Disease	disease_7017	2.906212975000963e-11
Disease	disease_19823	2.883498407119451e-11
Disease	disease_20412	2.883498407119451e-11
Disease	disease_784	2.875567437264446e-11
Disease	disease_783	2.875567437264446e-11
Disease	disease_782	2.875567437264446e-11
Disease	disease_781	2.875567437264446e-11
Disease	disease_4919	2.8654825120039568e-11
Disease	disease_4326	2.8358026661525188e-11
Disease	disease_1213	2.8343178604744833e-11
Disease	disease_4384	2.8301009664914297e-11
Disease	disease_4448	2.8278029737662207e-11
Disease	disease_3925	2.8247893699602638e-11
Disease	disease_20413	2.801735968862551e-11
Disease	disease_20415	2.801735968862551e-11
Disease	disease_20414	2.801735968862551e-11
Disease	disease_20416	2.801735968862551e-11
Disease	disease_20418	2.801735968862551e-11
Disease	disease_1412	2.7579009648595194e-11
Disease	disease_44629	2.72606913650441e-11
Disease	disease_4396	2.725972810482166e-11
Disease	disease_3770	2.725972810482166e-11
Disease	disease_2778	2.725972810482166e-11
Disease	disease_4498	2.725972810482166e-11
Disease	disease_4256	2.725972810482166e-11
Disease	disease_4317	2.725972810482166e-11
Disease	disease_2973	2.6992403654296026e-11
Disease	disease_3732	2.6227704332731012e-11
Disease	disease_12537	2.6079078306630243e-11
Disease	disease_18263	2.578240083753325e-11
Disease	disease_1731	2.5597868549034864e-11
Disease	disease_1182	2.5577444691021008e-11
Disease	disease_1181	2.5577444691021008e-11
Disease	disease_1183	2.5577444691021008e-11
Disease	disease_17443	2.5558046410824508e-11
Disease	disease_17445	2.5558046410824508e-11
Disease	disease_17444	2.5558046410824508e-11
Disease	disease_17446	2.5558046410824508e-11
Disease	disease_18563	2.5558046410824508e-11
Disease	disease_1622	2.5331656371021354e-11
Disease	disease_15841	2.5253017719174638e-11
Disease	disease_15840	2.5253017719174638e-11
Disease	disease_100203	2.5042649516577946e-11
Disease	disease_21280	2.4998349225236823e-11
Disease	disease_19888	2.4362446065882093e-11
Disease	disease_17545	2.3908028135634376e-11
Disease	disease_17543	2.3908028135634376e-11
Disease	disease_12351	2.3908028135634376e-11
Disease	disease_19874	2.3831783712442324e-11
Disease	disease_17549	2.356915816041699e-11
Disease	disease_17548	2.356915816041699e-11
Disease	disease_2757	2.3508872890304145e-11
Disease	disease_4864	2.3508872890304145e-11
Disease	disease_3862	2.2745319070630715e-11
Disease	disease_3469	2.2485986219426212e-11
Disease	disease_18818	2.242463468958669e-11
Disease	disease_5208	2.220961081603467e-11
Disease	disease_21203	2.2052751383722507e-11
Disease	disease_2199	2.2027481403687375e-11
Disease	disease_18245	2.1885650793417418e-11
Disease	disease_15209	2.1562283585781138e-11
Disease	disease_15734	2.1140554263445843e-11
Disease	disease_3693	2.1050526648336985e-11
Disease	disease_997	2.0867644928594902e-11
Disease	disease_4913	2.0867644928594902e-11
Disease	disease_4895	2.0867644928594902e-11
Disease	disease_21543	2.0556751377513134e-11
Disease	disease_19878	2.020541987712519e-11
Disease	disease_8204	2.0203015638461292e-11
Disease	disease_10280	1.965316067082291e-11
Disease	disease_5771	1.9438871230478698e-11
Disease	disease_17082	1.925991283952027e-11
Disease	disease_17081	1.925991283952027e-11
Disease	disease_4501	1.9235233893988427e-11
Disease	disease_19879	1.8908125360637427e-11
Disease	disease_2710	1.8409846443733504e-11
Disease	disease_15399	1.7514572668526782e-11
Disease	disease_21481	1.7174618324124177e-11
Disease	disease_3152	1.7168802834179618e-11
Disease	disease_3705	1.7168802834179618e-11
Disease	disease_21494	1.6503972369860185e-11
Disease	disease_1936	1.637220271494299e-11
Disease	disease_3850	1.5890001496117945e-11
Disease	disease_16960	1.5790511356822415e-11
Disease	disease_15413	1.5679714632685158e-11
Disease	disease_15419	1.5679714632685158e-11
Disease	disease_16062	1.5679714632685158e-11
Disease	disease_19953	1.540234565118218e-11
Disease	disease_4888	1.524440197377818e-11
Disease	disease_4898	1.524440197377818e-11
Disease	disease_3979	1.5133883762770303e-11
Disease	disease_20393	1.4922644367948357e-11
Disease	disease_20394	1.4922644367948357e-11
Disease	disease_19887	1.4821986665208958e-11
Disease	disease_17107	1.454897995971503e-11
Disease	disease_3109	1.448061237400202e-11
Disease	disease_15593	1.4380656859652447e-11
Disease	disease_1886	1.4100808205558358e-11
Disease	disease_1327	1.4100808205558358e-11
Disease	disease_1559	1.4100808205558358e-11
Disease	disease_1885	1.4100808205558358e-11
Disease	disease_9713	1.4070946942937534e-11
Disease	disease_3845	1.3759692354247053e-11
Disease	disease_16053	1.3676727081748198e-11
Disease	disease_4368	1.3612551138509618e-11
Disease	disease_4094	1.3612551138509618e-11
Disease	disease_4367	1.3612551138509618e-11
Disease	disease_4370	1.3612551138509618e-11
Disease	disease_9893	1.3339399813011787e-11
Disease	disease_44817	1.3291289187123365e-11
Disease	disease_15029	1.2707422599940445e-11
Disease	disease_15030	1.2707422599940445e-11
Disease	disease_3747	1.259876872759137e-11
Disease	disease_44800	1.25071564817412e-11
Disease	disease_7347	1.2245966243131704e-11
Disease	disease_19819	1.1947402300189193e-11
Disease	disease_20405	1.1947402300189193e-11
Disease	disease_4533	1.1684054195441465e-11
Disease	disease_1179	1.1651075362002987e-11
Disease	disease_17558	1.162485423214115e-11
Disease	disease_17559	1.162485423214115e-11
Disease	disease_12754	1.1311169068619067e-11
Disease	disease_1668	1.1188619814340066e-11
Disease	disease_1988	1.1188619814340066e-11
Disease	disease_1997	1.1188619814340066e-11
Disease	disease_17587	1.0744850444234254e-11
Disease	disease_17586	1.0744850444234254e-11
Disease	disease_17508	1.0689570303143537e-11
Disease	disease_16969	1.0497565084618337e-11
Disease	disease_19782	1.0475925968448029e-11
Disease	disease_18610	1.0420213409972216e-11
Disease	disease_19826	1.0348160513539324e-11
Disease	disease_15834	1.0333407900464914e-11
Disease	disease_15837	1.0171137002605996e-11
Disease	disease_17964	1.0031992020442781e-11
Disease	disease_17963	1.0031992020442781e-11
Disease	disease_21495	1.0005278119928124e-11
Disease	disease_17467	9.847856281726593e-12
Disease	disease_20454	9.745476991851405e-12
Disease	disease_20455	9.745476991851405e-12
Disease	disease_20456	9.745476991851405e-12
Disease	disease_100205	9.606945835549727e-12
Disease	disease_100204	9.606945835549727e-12
Disease	disease_2769	9.595490332795035e-12
Disease	disease_19825	9.550889360403103e-12
Disease	disease_16081	9.550889360403103e-12
Disease	disease_19882	9.319933665299392e-12
Disease	disease_1454	9.061282601023057e-12
Disease	disease_1456	9.061282601023057e-12
Disease	disease_1455	9.061282601023057e-12
Disease	disease_1457	9.061282601023057e-12
Disease	disease_1452	9.061282601023057e-12
Disease	disease_1453	9.061282601023057e-12
Disease	disease_4014	8.98755048829226e-12
Disease	disease_15831	8.862258900772525e-12
Disease	disease_19870	8.633013871890836e-12
Disease	disease_18003	8.411453831978697e-12
Disease	disease_15595	8.411453831978697e-12
Disease	disease_17179	8.411453831978697e-12
Disease	disease_44683	8.411453831978697e-12
Disease	disease_15596	8.411453831978697e-12
Disease	disease_16939	8.078919198321259e-12
Disease	disease_18786	8.05971863901305e-12
Disease	disease_44795	7.950026602742929e-12
Disease	disease_17105	7.948968038429218e-12
Disease	disease_19886	7.87865094509771e-12
Disease	disease_17496	7.383765648409284e-12
Disease	disease_17497	7.383765648409284e-12
Disease	disease_1723	7.378274819307241e-12
Disease	disease_12229	7.351303350890001e-12
Disease	disease_12230	7.351303350890001e-12
Disease	disease_12227	7.351303350890001e-12
Disease	disease_12228	7.351303350890001e-12
Disease	disease_2868	7.166681527508492e-12
Disease	disease_16447	6.945923006710847e-12
Disease	disease_16443	6.945923006710847e-12
Disease	disease_16444	6.945923006710847e-12
Disease	disease_16449	6.945923006710847e-12
Disease	disease_16448	6.945923006710847e-12
Disease	disease_16376	6.945923006710847e-12
Disease	disease_15638	6.755324663349153e-12
Disease	disease_15639	6.755324663349153e-12
Disease	disease_20409	6.744152650268125e-12
Disease	disease_16957	6.665783138203652e-12
Disease	disease_17463	6.631780403854675e-12
Disease	disease_17466	6.631780403854675e-12
Disease	disease_17464	6.631780403854675e-12
Disease	disease_17462	6.631780403854675e-12
Disease	disease_17465	6.631780403854675e-12
Disease	disease_19829	6.407890668920018e-12
Disease	disease_19830	6.3930914323091474e-12
Disease	disease_17476	6.370764802172761e-12
Disease	disease_17477	6.370764802172761e-12
Disease	disease_19831	6.291331985657357e-12
Disease	disease_19836	5.914278495873616e-12
Disease	disease_18811	5.914278495873616e-12
Disease	disease_3115	5.695991870222052e-12
Disease	disease_17556	5.626276441207639e-12
Disease	disease_17557	5.626276441207639e-12
Disease	disease_11204	5.1439730555427496e-12
Disease	disease_20430	4.653492349343843e-12
Disease	disease_17112	4.551050978303135e-12
Disease	disease_17113	4.551050978303135e-12
Disease	disease_1286	4.08339011350255e-12
Disease	disease_3903	3.839077625986158e-12
Disease	disease_4897	3.8388740992923245e-12
Disease	disease_2152	3.8388740992923245e-12
Disease	disease_4894	3.8388740992923245e-12
Disease	disease_4899	3.8388740992923245e-12
Disease	disease_4893	3.8388740992923245e-12
Disease	disease_1527	3.8388740992923245e-12
Disease	disease_17447	3.732576944530695e-12
Disease	disease_16940	3.678213500262973e-12
Disease	disease_17781	3.4789547134121376e-12
Disease	disease_17229	3.4789547134121376e-12
Disease	disease_4511	3.311011916341734e-12
Disease	disease_4503	3.311011916341734e-12
Disease	disease_16041	3.2336620853461483e-12
Disease	disease_4488	2.852272428442195e-12
Disease	disease_4487	2.852272428442195e-12
Disease	disease_4486	2.852272428442195e-12
Disease	disease_15481	2.824726085892271e-12
Disease	disease_15480	2.824726085892271e-12
Disease	disease_15417	2.824726085892271e-12
Disease	disease_15416	2.824726085892271e-12
Disease	disease_17509	2.5557292424166796e-12
Disease	disease_17505	2.5557292424166796e-12
Disease	disease_17504	2.5557292424166796e-12
Disease	disease_17500	2.5557292424166796e-12
Disease	disease_17503	2.5557292424166796e-12
Disease	disease_17502	2.5557292424166796e-12
Disease	disease_17501	2.5557292424166796e-12
Disease	disease_17498	2.5557292424166796e-12
Disease	disease_17499	2.5557292424166796e-12
Disease	disease_17510	2.5557292424166796e-12
Disease	disease_6145	2.382832664462955e-12
Disease	disease_20433	2.3827165512333422e-12
Disease	disease_20432	2.3827165512333422e-12
Disease	disease_20431	2.3827165512333422e-12
Disease	disease_19890	1.5788001291092065e-12
Disease	disease_19883	1.5788001291092065e-12
Disease	disease_15744	1.5743535631099002e-12
Disease	disease_15838	1.5252827986618475e-12
Disease	disease_17108	1.4546532216778014e-12
Disease	disease_17109	1.4546532216778014e-12
Disease	disease_3921	1.447599396987765e-12
Disease	disease_3868	1.447599396987765e-12
Disease	disease_19871	1.2116601454895592e-12
Disease	disease_1722	1.1064530648708294e-12
Disease	disease_17553	1.0474096888947874e-12
Disease	disease_17552	1.0474096888947874e-12
Disease	disease_15835	1.033011985522734e-12
Disease	disease_15836	1.033011985522734e-12
Disease	disease_19881	9.996623606194309e-13
Disease	disease_15833	8.859137255952399e-13
Disease	disease_15832	8.859137255952399e-13
Disease	disease_20447	6.290095849077386e-13
Disease	disease_20446	6.290095849077386e-13
Disease	disease_19872	5.516041150627535e-13
Disease	disease_20421	4.4333361737734255e-13
Disease	disease_20422	4.4333361737734255e-13
Disease	disease_20423	4.4333361737734255e-13
Disease	disease_20424	4.4333361737734255e-13
Disease	disease_20426	4.4333361737734255e-13
Disease	disease_20425	4.4333361737734255e-13
Disease	disease_1281	4.0810643661629467e-13
Disease	disease_1392	4.0810643661629467e-13
Disease	disease_17507	3.731600674312021e-13
Disease	disease_17506	3.731600674312021e-13
Disease	disease_20450	3.19575055347151e-13
Disease	disease_20448	3.19575055347151e-13
Disease	disease_20451	3.19575055347151e-13
Disease	disease_20452	3.19575055347151e-13
Disease	disease_20449	3.19575055347151e-13
Disease	disease_20441	2.745531762304051e-13
Disease	disease_20440	2.745531762304051e-13
Disease	disease_20444	2.745531762304051e-13
Disease	disease_20445	2.745531762304051e-13
Disease	disease_20443	2.745531762304051e-13
Disease	disease_20442	2.745531762304051e-13
