multiplex	node	score
Disease	disease_20078	0.001699626871611809
Disease	disease_15667	0.0013259944455342842
Disease	disease_19457	0.0012323531284762477
Disease	disease_15165	0.0010155123535123803
Disease	disease_5223	0.0009829002595512146
Disease	disease_5224	0.0009829002595512146
Disease	disease_20320	0.0009829002595512146
Disease	disease_18435	0.000980793325789331
Disease	disease_5314	0.0009799119308360035
Disease	disease_18256	0.0009795744647029879
Disease	disease_18433	0.0009795740064037035
Disease	disease_15166	0.0009795740064037035
Disease	disease_17894	0.0009795740064037035
Disease	disease_18434	0.0009795740064037035
Disease	disease_18437	0.0009795740064037035
Disease	disease_17893	0.0009595546507064088
Disease	disease_1609	0.0006029653095747693
Disease	disease_5154	0.0005875772193419853
Disease	disease_1475	0.0005523295808374718
Disease	disease_5281	0.0005496574059461845
Disease	disease_3785	0.0005295145279785796
Disease	disease_100192	0.0005271702099020885
Disease	disease_4949	0.0005191627273823914
Disease	disease_2049	0.00051825654555396
Disease	disease_18906	0.0005012959124572939
Disease	disease_5027	0.0004969659137600753
Disease	disease_4678	0.0004944227572615551
Disease	disease_5113	0.0004904491156363551
Disease	disease_5108	0.0004887921707394057
Disease	disease_5252	0.0004880146190134315
Disease	disease_2041	0.0004866223553061834
Disease	disease_11118	0.0004576590728535694
Disease	disease_5301	0.00025138665043896244
Disease	disease_18874	0.00015219575648944844
Disease	disease_7573	7.985853617463694e-05
Disease	disease_23603	7.922219653382216e-05
Disease	disease_15164	7.394118789915931e-05
Disease	disease_15608	7.394118789915931e-05
Disease	disease_4805	6.716114623698944e-05
Disease	disease_5231	5.94754808527602e-05
Disease	disease_12883	5.546458755696607e-05
Disease	disease_8903	5.330838549422531e-05
Disease	disease_21758	4.823722479623209e-05
Disease	disease_8383	4.745106510428071e-05
Disease	disease_1134	4.675489041835605e-05
Disease	disease_5240	4.5683999882354074e-05
Disease	disease_5354	4.501158062008376e-05
Disease	disease_19542	4.483384154942043e-05
Disease	disease_18871	4.2972079868427824e-05
Disease	disease_18872	4.290933058529326e-05
Disease	disease_17858	4.229730904440393e-05
Disease	disease_100193	4.218691705787337e-05
Disease	disease_1922	4.138450173592144e-05
Disease	disease_19458	4.133724157807847e-05
Disease	disease_20316	4.075871668076503e-05
Disease	disease_15134	3.98541164528792e-05
Disease	disease_18436	3.924827702407337e-05
Disease	disease_20317	3.922216017610999e-05
Disease	disease_35112	3.922216017610999e-05
Disease	disease_15822	3.5503065845316106e-05
Disease	disease_5009	3.494565212708895e-05
Disease	disease_3582	3.4925006377224935e-05
Disease	disease_9693	3.488059311281371e-05
Disease	disease_1241	3.313977485922389e-05
Disease	disease_6861	3.288489782626429e-05
Disease	disease_4989	3.223843356309866e-05
Disease	disease_19455	3.202453589272503e-05
Disease	disease_17594	3.1742948140376875e-05
Disease	disease_21100	3.083183713708794e-05
Disease	disease_5359	3.078887280942029e-05
Disease	disease_6244	3.040680260675578e-05
Disease	disease_13088	3.0138922772190723e-05
Disease	disease_18905	3.0038477171002858e-05
Disease	disease_3847	2.9869536149522824e-05
Disease	disease_4095	2.9169737965636768e-05
Disease	disease_7254	2.7636861084792433e-05
Disease	disease_5267	2.7387822693955407e-05
Disease	disease_2050	2.7334824316799067e-05
Disease	disease_16419	2.7309972284203106e-05
Disease	disease_16267	2.643839852150166e-05
Disease	disease_16266	2.6369881896506584e-05
Disease	disease_2048	2.528172420487923e-05
Disease	disease_2083	2.4878531561372008e-05
Disease	disease_6004	2.316828235986047e-05
Disease	disease_9960	2.289961710514216e-05
Disease	disease_5379	2.2464340644369483e-05
Disease	disease_5254	2.198028279578733e-05
Disease	disease_1531	2.1912087692175285e-05
Disease	disease_1442	2.183689298942393e-05
Disease	disease_5159	2.171984885591667e-05
Disease	disease_2571	2.1580772094025043e-05
Disease	disease_8315	2.1344472473898348e-05
Disease	disease_4781	2.1100413782187436e-05
Disease	disease_5253	2.0927113364562866e-05
Disease	disease_23122	2.086886668014687e-05
Disease	disease_44079	2.0504911929473072e-05
Disease	disease_6716	1.9975309093115094e-05
Disease	disease_19171	1.9685584129125944e-05
Disease	disease_3678	1.9661932711959408e-05
Disease	disease_5575	1.904134887004676e-05
Disease	disease_4948	1.8984854035087512e-05
Disease	disease_5191	1.88136026835785e-05
Disease	disease_19098	1.8754502144376136e-05
Disease	disease_100241	1.86104544228335e-05
Disease	disease_20671	1.8574936101867725e-05
Disease	disease_24277	1.856729979314178e-05
Disease	disease_1198	1.8510072425798744e-05
Disease	disease_2245	1.84735359790143e-05
Disease	disease_43768	1.8430754334567854e-05
Disease	disease_12819	1.7737668683168454e-05
Disease	disease_5148	1.761117824766169e-05
Disease	disease_4784	1.7564912808283248e-05
Disease	disease_7243	1.7541368468455217e-05
Disease	disease_2254	1.7287408279590656e-05
Disease	disease_4765	1.6837858502820464e-05
Disease	disease_2442	1.6799639236326242e-05
Disease	disease_5109	1.6585122533175305e-05
Disease	disease_5550	1.654269622763618e-05
Disease	disease_4638	1.6528131285601187e-05
Disease	disease_11996	1.6523804755808885e-05
Disease	disease_11849	1.6278579593917425e-05
Disease	disease_7256	1.616896716690384e-05
Disease	disease_44965	1.5768419102133124e-05
Disease	disease_4959	1.5446255249752535e-05
Disease	disease_5335	1.5274375237823943e-05
Disease	disease_5542	1.5212553888476432e-05
Disease	disease_2515	1.5127559002912021e-05
Disease	disease_4247	1.5111965399381582e-05
Disease	disease_9061	1.509115078602701e-05
Disease	disease_24331	1.4996561126903072e-05
Disease	disease_11057	1.4675292713526689e-05
Disease	disease_7650	1.4643848105990683e-05
Disease	disease_1343	1.4373614570733318e-05
Disease	disease_12268	1.4230058121577747e-05
Disease	disease_19461	1.4097464347307581e-05
Disease	disease_5010	1.3941622313722649e-05
Disease	disease_2144	1.3901572250806699e-05
Disease	disease_19460	1.3849069506934295e-05
Disease	disease_5306	1.382816115320768e-05
Disease	disease_5393	1.371993250398106e-05
Disease	disease_19725	1.3205033436319543e-05
Disease	disease_5011	1.3153247731146968e-05
Disease	disease_2408	1.310036155418135e-05
Disease	disease_19100	1.3059665888277831e-05
Disease	disease_13108	1.2658477936230946e-05
Disease	disease_12672	1.2625573644669347e-05
Disease	disease_6698	1.2582138601880487e-05
Disease	disease_16168	1.2506974051707495e-05
Disease	disease_7079	1.2440008195773578e-05
Disease	disease_2046	1.2350357300714081e-05
Disease	disease_10150	1.2012355946630675e-05
Disease	disease_5560	1.200191450382138e-05
Disease	disease_5532	1.191918709903671e-05
Disease	disease_15924	1.1532328322134874e-05
Disease	disease_7126	1.1231082591024036e-05
Disease	disease_1461	1.1125373690619335e-05
Disease	disease_21201	1.1108360701904654e-05
Disease	disease_2155	1.0992487453678227e-05
Disease	disease_5384	1.0976774371252515e-05
Disease	disease_20512	1.0966159206335576e-05
Disease	disease_24268	1.0956689613130308e-05
Disease	disease_4790	1.0952049081357218e-05
Disease	disease_5155	1.085223561069782e-05
Disease	disease_5984	1.0729213294454666e-05
Disease	disease_5284	1.0701093680445465e-05
Disease	disease_9338	1.063861894967998e-05
Disease	disease_1405	1.0627638982260789e-05
Disease	disease_1628	1.0605011140475807e-05
Disease	disease_2691	1.0570249692640931e-05
Disease	disease_6115	1.0480318926099942e-05
Disease	disease_2967	1.0442824456919536e-05
Disease	disease_244	1.0389824527481276e-05
Disease	disease_1699	1.038404664276232e-05
Disease	disease_7896	1.0382481783691492e-05
Disease	disease_20683	1.0374633903728854e-05
Disease	disease_242	1.0342958473642477e-05
Disease	disease_21253	1.030409514699953e-05
Disease	disease_5373	1.0294754620959965e-05
Disease	disease_18171	1.0281452539493616e-05
Disease	disease_1698	1.0270404694424444e-05
Disease	disease_20709	1.026878031914823e-05
Disease	disease_243	1.026878031914823e-05
Disease	disease_5346	1.0234838940979699e-05
Disease	disease_19182	1.0183050669682067e-05
Disease	disease_2679	1.0133907007165167e-05
Disease	disease_5049	1.0102063774136196e-05
Disease	disease_5298	1.0045627974427929e-05
Disease	disease_43291	1.003413443028813e-05
Disease	disease_21416	1.0014016656126674e-05
Disease	disease_5719	1.0000350278524863e-05
Disease	disease_18172	9.997081574911723e-06
Disease	disease_992	9.93148703994207e-06
Disease	disease_7745	9.918999904535676e-06
Disease	disease_4859	9.893833310327368e-06
Disease	disease_12365	9.893833310327368e-06
Disease	disease_12366	9.893833310327368e-06
Disease	disease_987	9.893833310327368e-06
Disease	disease_4858	9.893833310327368e-06
Disease	disease_24288	9.843022487941326e-06
Disease	disease_20321	9.749876122254656e-06
Disease	disease_7264	9.710726366776826e-06
Disease	disease_2629	9.661922648328989e-06
Disease	disease_4996	9.605681033080551e-06
Disease	disease_1567	9.552580729947445e-06
Disease	disease_607	9.547789135482639e-06
Disease	disease_19456	9.506889832212976e-06
Disease	disease_2251	9.501373541175357e-06
Disease	disease_2319	9.350595255190332e-06
Disease	disease_16248	9.321351937385392e-06
Disease	disease_5136	9.17476246323204e-06
Disease	disease_18912	9.161417242200643e-06
Disease	disease_18830	9.075514357955232e-06
Disease	disease_6210	9.067778315492474e-06
Disease	disease_6116	9.059675375325018e-06
Disease	disease_4242	9.024433165333979e-06
Disease	disease_2312	9.022741587482684e-06
Disease	disease_18532	8.993978539078282e-06
Disease	disease_5247	8.971092923247374e-06
Disease	disease_8000	8.967846531155779e-06
Disease	disease_13792	8.897687166380236e-06
Disease	disease_1627	8.84403351820908e-06
Disease	disease_2909	8.838417001709387e-06
Disease	disease_5277	8.823013545486234e-06
Disease	disease_18055	8.811053514355086e-06
Disease	disease_254	8.794608234867123e-06
Disease	disease_24295	8.759691390914759e-06
Disease	disease_5062	8.739449554183236e-06
Disease	disease_5294	8.689648480426598e-06
Disease	disease_16216	8.668294617838945e-06
Disease	disease_18534	8.641531897448465e-06
Disease	disease_18533	8.616796418528758e-06
Disease	disease_20989	8.612187021857112e-06
Disease	disease_20944	8.562025333359063e-06
Disease	disease_44903	8.51538869598145e-06
Disease	disease_5265	8.427847554558823e-06
Disease	disease_1410	8.388734155749308e-06
Disease	disease_5968	8.361948700455165e-06
Disease	disease_2752	8.352612527592877e-06
Disease	disease_18150	8.328128887895933e-06
Disease	disease_18328	8.234403531176448e-06
Disease	disease_5089	8.157765347536559e-06
Disease	disease_18668	8.153140345443993e-06
Disease	disease_5766	8.124630385202255e-06
Disease	disease_4982	8.110509190848437e-06
Disease	disease_42433	8.096977471782868e-06
Disease	disease_18876	8.068612356075259e-06
Disease	disease_10311	8.061024047754952e-06
Disease	disease_256	8.040830499774905e-06
Disease	disease_9348	8.026560229264622e-06
Disease	disease_42497	8.003334789075897e-06
Disease	disease_24644	7.982989227665739e-06
Disease	disease_6764	7.965094039538801e-06
Disease	disease_15509	7.950396743979629e-06
Disease	disease_44083	7.938558106045439e-06
Disease	disease_4952	7.934599362066907e-06
Disease	disease_5923	7.923620191238416e-06
Disease	disease_6474	7.907497911113656e-06
Disease	disease_1649	7.904679571661157e-06
Disease	disease_20511	7.84818723444523e-06
Disease	disease_8159	7.846656377129843e-06
Disease	disease_5132	7.836961287775137e-06
Disease	disease_16130	7.815797117478795e-06
Disease	disease_20121	7.811988102707022e-06
Disease	disease_18908	7.809919926697072e-06
Disease	disease_8559	7.802098290421616e-06
Disease	disease_15925	7.798362885471764e-06
Disease	disease_2843	7.76762667872034e-06
Disease	disease_5744	7.76545965488895e-06
Disease	disease_5295	7.762636601466277e-06
Disease	disease_18335	7.728707989120864e-06
Disease	disease_5420	7.720474577957455e-06
Disease	disease_5364	7.566661248145357e-06
Disease	disease_2520	7.495612136639396e-06
Disease	disease_4993	7.4624280174287564e-06
Disease	disease_21061	7.415878512152163e-06
Disease	disease_43377	7.4028206699165515e-06
Disease	disease_20542	7.305784185812175e-06
Disease	disease_10138	7.298291722052302e-06
Disease	disease_20541	7.253150337285666e-06
Disease	disease_21117	7.234009405395057e-06
Disease	disease_16096	7.216385133532695e-06
Disease	disease_6011	7.202543584904357e-06
Disease	disease_17279	7.201638051001071e-06
Disease	disease_20543	7.184475891795778e-06
Disease	disease_16249	7.1520408685625365e-06
Disease	disease_5763	7.127948281764659e-06
Disease	disease_6335	7.100272829216134e-06
Disease	disease_18369	7.059232844392616e-06
Disease	disease_6045	7.019871362845591e-06
Disease	disease_17327	7.013059551466299e-06
Disease	disease_20538	7.013059551466299e-06
Disease	disease_3795	7.012535219558273e-06
Disease	disease_5601	7.010481250809223e-06
Disease	disease_32920	6.945538967440058e-06
Disease	disease_6816	6.900652472975127e-06
Disease	disease_8170	6.878727028012786e-06
Disease	disease_4652	6.8616490527931305e-06
Disease	disease_11429	6.854610985800997e-06
Disease	disease_16093	6.8519004428255235e-06
Disease	disease_3792	6.848833858095175e-06
Disease	disease_2429	6.829971798087412e-06
Disease	disease_5072	6.825823088903861e-06
Disease	disease_19117	6.782955941565883e-06
Disease	disease_5083	6.78117790923491e-06
Disease	disease_2562	6.734742775001203e-06
Disease	disease_18612	6.718138520412032e-06
Disease	disease_468	6.694810688484817e-06
Disease	disease_19203	6.6832205049035e-06
Disease	disease_4425	6.674275560471027e-06
Disease	disease_5366	6.627703476494537e-06
Disease	disease_5002	6.487263646331604e-06
Disease	disease_1868	6.463403287478989e-06
Disease	disease_5227	6.416749435434621e-06
Disease	disease_18466	6.3598573981932e-06
Disease	disease_2405	6.295334597670332e-06
Disease	disease_44212	6.2793388048870806e-06
Disease	disease_11479	6.255301348008466e-06
Disease	disease_5371	6.215636599471234e-06
Disease	disease_7803	6.213513350955604e-06
Disease	disease_9718	6.2106003872258886e-06
Disease	disease_5151	6.207107802774025e-06
Disease	disease_5570	6.20348604457064e-06
Disease	disease_3864	6.182595144380238e-06
Disease	disease_43693	6.118800119005605e-06
Disease	disease_8090	6.115266995371397e-06
Disease	disease_5005	6.113978388149413e-06
Disease	disease_1336	6.105755662636095e-06
Disease	disease_19033	6.087921631153603e-06
Disease	disease_6891	6.066174724071185e-06
Disease	disease_20693	6.02806745187332e-06
Disease	disease_2009	5.9857985958104585e-06
Disease	disease_4980	5.939500144541723e-06
Disease	disease_4985	5.934431253846333e-06
Disease	disease_6896	5.927986321563579e-06
Disease	disease_11922	5.9183071949058986e-06
Disease	disease_467	5.912999578140049e-06
Disease	disease_6003	5.906481281271073e-06
Disease	disease_5549	5.808964127919201e-06
Disease	disease_19142	5.795619788365422e-06
Disease	disease_5244	5.788214282143312e-06
Disease	disease_9383	5.76066613004209e-06
Disease	disease_5263	5.7557563354723044e-06
Disease	disease_17596	5.7467984673542286e-06
Disease	disease_9410	5.742003714504207e-06
Disease	disease_4721	5.737499562302286e-06
Disease	disease_17347	5.723538820107957e-06
Disease	disease_17346	5.723538820107957e-06
Disease	disease_17601	5.723538820107957e-06
Disease	disease_20323	5.722444373541253e-06
Disease	disease_3620	5.712407201212986e-06
Disease	disease_2406	5.712063890762152e-06
Disease	disease_4972	5.707696799328343e-06
Disease	disease_6383	5.7052085096944614e-06
Disease	disease_7763	5.700102519289826e-06
Disease	disease_20329	5.6969927882672604e-06
Disease	disease_2771	5.67668335033455e-06
Disease	disease_4626	5.644987568610058e-06
Disease	disease_20324	5.643077849172862e-06
Disease	disease_17597	5.640246549276114e-06
Disease	disease_18225	5.640246549276114e-06
Disease	disease_705	5.6400832976491655e-06
Disease	disease_6592	5.6367162762948995e-06
Disease	disease_18310	5.6354219130434965e-06
Disease	disease_18542	5.623527184726868e-06
Disease	disease_18321	5.599230817475846e-06
Disease	disease_5096	5.589918712575632e-06
Disease	disease_568	5.582096016870817e-06
Disease	disease_24313	5.57987110602421e-06
Disease	disease_14231	5.572717864384691e-06
Disease	disease_18896	5.570085976867502e-06
Disease	disease_7027	5.559275297322898e-06
Disease	disease_2491	5.543515566607608e-06
Disease	disease_5180	5.528396857934382e-06
Disease	disease_4632	5.486295580176242e-06
Disease	disease_11751	5.471214503006817e-06
Disease	disease_5386	5.413978942633411e-06
Disease	disease_7186	5.409643206662447e-06
Disease	disease_28226	5.405356210636884e-06
Disease	disease_5480	5.393616880030676e-06
Disease	disease_8966	5.387613738472979e-06
Disease	disease_12956	5.373403914988927e-06
Disease	disease_12957	5.373403914988927e-06
Disease	disease_12958	5.373403914988927e-06
Disease	disease_6704	5.352770521098388e-06
Disease	disease_4995	5.352328110212077e-06
Disease	disease_831	5.2933626335384625e-06
Disease	disease_1382	5.285500842779468e-06
Disease	disease_4802	5.258664754544259e-06
Disease	disease_870	5.256005973181067e-06
Disease	disease_15508	5.2430321647512875e-06
Disease	disease_3538	5.242036222810301e-06
Disease	disease_9414	5.2110904526984605e-06
Disease	disease_12061	5.208049053673272e-06
Disease	disease_8742	5.1980230273622496e-06
Disease	disease_9830	5.1741746461378005e-06
Disease	disease_288	5.143189049621815e-06
Disease	disease_5617	5.074414016364293e-06
Disease	disease_4643	5.072364923939145e-06
Disease	disease_18835	5.071151380190589e-06
Disease	disease_43424	5.059429781950029e-06
Disease	disease_11562	5.056436076047709e-06
Disease	disease_13595	5.048530150704378e-06
Disease	disease_5749	5.047296401398123e-06
Disease	disease_16204	5.03637617040981e-06
Disease	disease_4694	5.03637617040981e-06
Disease	disease_18991	5.03637617040981e-06
Disease	disease_44631	5.03637617040981e-06
Disease	disease_19431	5.03637617040981e-06
Disease	disease_14796	5.020604857112744e-06
Disease	disease_10482	5.0161368077037255e-06
Disease	disease_9688	5.014992160650172e-06
Disease	disease_12048	4.989591209947382e-06
Disease	disease_10709	4.97011137449653e-06
Disease	disease_1823	4.964355243492877e-06
Disease	disease_4	4.95990850909488e-06
Disease	disease_17636	4.95550325070154e-06
Disease	disease_11292	4.945170586483598e-06
Disease	disease_5609	4.882351880488994e-06
Disease	disease_4379	4.843815359447581e-06
Disease	disease_5972	4.83933467558866e-06
Disease	disease_18660	4.812269978708641e-06
Disease	disease_7781	4.8034767145801895e-06
Disease	disease_2308	4.778502759702286e-06
Disease	disease_8143	4.711408070190005e-06
Disease	disease_37939	4.6967831868200595e-06
Disease	disease_5388	4.658451984960778e-06
Disease	disease_24891	4.600990574124047e-06
Disease	disease_2313	4.593148929570524e-06
Disease	disease_5066	4.589542315940904e-06
Disease	disease_5530	4.58045929382075e-06
Disease	disease_543	4.57217239050717e-06
Disease	disease_5032	4.567660771550287e-06
Disease	disease_5618	4.553993450795073e-06
Disease	disease_19790	4.535507295518934e-06
Disease	disease_6589	4.5306430713012e-06
Disease	disease_1040	4.519819122506465e-06
Disease	disease_451	4.496774297214217e-06
Disease	disease_11918	4.495611639350974e-06
Disease	disease_18752	4.48386576955217e-06
Disease	disease_37821	4.466549141796835e-06
Disease	disease_11508	4.457879490122374e-06
Disease	disease_5213	4.4331078364847155e-06
Disease	disease_12930	4.4258380397978784e-06
Disease	disease_15758	4.4203380059539535e-06
Disease	disease_14118	4.414253513748091e-06
Disease	disease_1744	4.4138923128065146e-06
Disease	disease_1966	4.4138923128065146e-06
Disease	disease_12548	4.412936602191172e-06
Disease	disease_10294	4.391190008040336e-06
Disease	disease_2533	4.366823105331507e-06
Disease	disease_15288	4.358479265923576e-06
Disease	disease_18935	4.3215833975050485e-06
Disease	disease_314	4.314299532553439e-06
Disease	disease_1438	4.313589728143596e-06
Disease	disease_2125	4.301798018368158e-06
Disease	disease_15541	4.301614137696315e-06
Disease	disease_6981	4.299931826904925e-06
Disease	disease_3435	4.277919694323561e-06
Disease	disease_14865	4.2640505655032414e-06
Disease	disease_14456	4.259267642362945e-06
Disease	disease_18487	4.247801529374895e-06
Disease	disease_6699	4.245999741143511e-06
Disease	disease_29000	4.219939043753909e-06
Disease	disease_9468	4.216579751073789e-06
Disease	disease_6025	4.186737844762161e-06
Disease	disease_20573	4.182351918947417e-06
Disease	disease_100280	4.170303955167053e-06
Disease	disease_2494	4.1093004527756765e-06
Disease	disease_5709	4.108384364164025e-06
Disease	disease_8558	4.090187511106168e-06
Disease	disease_5093	4.073873609138946e-06
Disease	disease_1926	4.052989588265666e-06
Disease	disease_4471	4.043455006555562e-06
Disease	disease_1196	4.040504943233188e-06
Disease	disease_15909	3.994379051273908e-06
Disease	disease_5311	3.992128846231131e-06
Disease	disease_1133	3.991547557021428e-06
Disease	disease_11871	3.97720567258884e-06
Disease	disease_565	3.951721586325799e-06
Disease	disease_16702	3.949660687688797e-06
Disease	disease_4970	3.91998843247365e-06
Disease	disease_8487	3.914135856337942e-06
Disease	disease_44923	3.91360498594017e-06
Disease	disease_6875	3.912401177137775e-06
Disease	disease_21178	3.907499499019732e-06
Disease	disease_13276	3.902954680874215e-06
Disease	disease_5147	3.877001450189737e-06
Disease	disease_2320	3.8541871116000956e-06
Disease	disease_12197	3.847517876238344e-06
Disease	disease_5061	3.847399231771933e-06
Disease	disease_6810	3.842136129374858e-06
Disease	disease_16681	3.836219052346263e-06
Disease	disease_5300	3.826027853156772e-06
Disease	disease_10679	3.8138176809905648e-06
Disease	disease_4849	3.8018994349280837e-06
Disease	disease_18854	3.7866346960604154e-06
Disease	disease_17387	3.7610498848511027e-06
Disease	disease_17595	3.7582006966186016e-06
Disease	disease_3781	3.753772322374563e-06
Disease	disease_6807	3.7422221233566837e-06
Disease	disease_1151	3.740391291679481e-06
Disease	disease_4868	3.7395273285545334e-06
Disease	disease_20590	3.7351698553891607e-06
Disease	disease_20703	3.720459238147337e-06
Disease	disease_21042	3.7036245013501726e-06
Disease	disease_100342	3.689412288851232e-06
Disease	disease_11776	3.6853008207496454e-06
Disease	disease_4963	3.674896586146268e-06
Disease	disease_3540	3.662178349510166e-06
Disease	disease_21063	3.6590151162438653e-06
Disease	disease_9974	3.6518516182273082e-06
Disease	disease_16422	3.6153558020878506e-06
Disease	disease_17343	3.609331703365741e-06
Disease	disease_18408	3.6057774838513804e-06
Disease	disease_19438	3.594032623795228e-06
Disease	disease_15110	3.592939133199442e-06
Disease	disease_5531	3.5886821560952477e-06
Disease	disease_6906	3.562330742758981e-06
Disease	disease_5116	3.5517598699882317e-06
Disease	disease_16022	3.540440349845393e-06
Disease	disease_6962	3.5332941898050478e-06
Disease	disease_20804	3.519016186394807e-06
Disease	disease_2206	3.51838864328746e-06
Disease	disease_2399	3.515360929439072e-06
Disease	disease_6668	3.5127581306423864e-06
Disease	disease_4971	3.4900805456844296e-06
Disease	disease_5071	3.4359854523855562e-06
Disease	disease_7603	3.4314563178384245e-06
Disease	disease_9891	3.4277174127418127e-06
Disease	disease_2184	3.4228591294598395e-06
Disease	disease_19052	3.420222117973731e-06
Disease	disease_1209	3.41459722498249e-06
Disease	disease_7540	3.4067050354686685e-06
Disease	disease_2289	3.403989328860156e-06
Disease	disease_21058	3.3968487962918175e-06
Disease	disease_4592	3.388217839007894e-06
Disease	disease_13209	3.383821376292916e-06
Disease	disease_5084	3.3822667496250766e-06
Disease	disease_5275	3.3731473731135966e-06
Disease	disease_3268	3.373131086273486e-06
Disease	disease_21113	3.370309846559162e-06
Disease	disease_7193	3.334814422640202e-06
Disease	disease_15759	3.3320249989496348e-06
Disease	disease_16158	3.3280680787166072e-06
Disease	disease_5545	3.310625571510149e-06
Disease	disease_432	3.304036466194392e-06
Disease	disease_5615	3.2951176606339132e-06
Disease	disease_5401	3.293760466131538e-06
Disease	disease_6237	3.288489703043565e-06
Disease	disease_17635	3.284313241674946e-06
Disease	disease_3652	3.2493539148168706e-06
Disease	disease_19121	3.2485367511993525e-06
Disease	disease_5367	3.2479396663931516e-06
Disease	disease_17767	3.2477252609413844e-06
Disease	disease_100120	3.245436348082393e-06
Disease	disease_15659	3.2411930838862353e-06
Disease	disease_426	3.2290014273123355e-06
Disease	disease_3175	3.2085013807269074e-06
Disease	disease_6932	3.206660343796498e-06
Disease	disease_9691	3.204538381724785e-06
Disease	disease_21680	3.189463480909152e-06
Disease	disease_18800	3.1757236137624965e-06
Disease	disease_6941	3.17163005240298e-06
Disease	disease_7759	3.170859642185375e-06
Disease	disease_1711	3.1550536595827064e-06
Disease	disease_6047	3.1513029185804857e-06
Disease	disease_5146	3.1511697281330345e-06
Disease	disease_31332	3.130400923709828e-06
Disease	disease_6670	3.128187658623172e-06
Disease	disease_20124	3.118015536421235e-06
Disease	disease_24882	3.1022423723690714e-06
Disease	disease_7950	3.0949948755154057e-06
Disease	disease_4669	3.0933309361600097e-06
Disease	disease_4992	3.0849073570419195e-06
Disease	disease_4596	3.08340593032145e-06
Disease	disease_18324	3.067612072714162e-06
Disease	disease_18325	3.067612072714162e-06
Disease	disease_8294	3.0584780642655593e-06
Disease	disease_10602	3.048256696412053e-06
Disease	disease_9194	3.0320922907071437e-06
Disease	disease_15574	3.023130099569351e-06
Disease	disease_19008	3.0227563664806298e-06
Disease	disease_4946	3.0180803540972072e-06
Disease	disease_1770	3.0043427819087853e-06
Disease	disease_1358	2.977643883460735e-06
Disease	disease_2258	2.9624058992073686e-06
Disease	disease_18182	2.960200766724981e-06
Disease	disease_6956	2.955608343640769e-06
Disease	disease_10826	2.9536773109512466e-06
Disease	disease_41448	2.9500704787849007e-06
Disease	disease_1807	2.9434451282139684e-06
Disease	disease_17600	2.9386624114967307e-06
Disease	disease_12685	2.934699990392052e-06
Disease	disease_18513	2.9224136477573557e-06
Disease	disease_18004	2.90689343981592e-06
Disease	disease_20526	2.90689343981592e-06
Disease	disease_6966	2.9062015934427314e-06
Disease	disease_24650	2.905580090769351e-06
Disease	disease_11876	2.9028695797143123e-06
Disease	disease_5087	2.891421519636429e-06
Disease	disease_5718	2.8824883123113264e-06
Disease	disease_18544	2.882075759077507e-06
Disease	disease_5229	2.8712407657790116e-06
Disease	disease_24389	2.8642300769800064e-06
Disease	disease_316	2.8608896011861163e-06
Disease	disease_6727	2.8534336738616774e-06
Disease	disease_24327	2.845117513752818e-06
Disease	disease_100079	2.836739362679275e-06
Disease	disease_15656	2.8348831603489548e-06
Disease	disease_809	2.8339696984852176e-06
Disease	disease_2602	2.8335133166590976e-06
Disease	disease_15564	2.8312872423394086e-06
Disease	disease_4639	2.825815804301852e-06
Disease	disease_315	2.824579185263923e-06
Disease	disease_5046	2.8196010402263687e-06
Disease	disease_20333	2.8148931398411136e-06
Disease	disease_1529	2.8109196250858087e-06
Disease	disease_5336	2.8094857953443365e-06
Disease	disease_7014	2.807555965071089e-06
Disease	disease_21679	2.805029797935696e-06
Disease	disease_1548	2.8030594541226144e-06
Disease	disease_19475	2.7982161511512483e-06
Disease	disease_2476	2.797951627921072e-06
Disease	disease_5323	2.7841815957230987e-06
Disease	disease_8433	2.7814773758469548e-06
Disease	disease_21839	2.7795598701101706e-06
Disease	disease_5344	2.7775261895115237e-06
Disease	disease_19740	2.7656259549823877e-06
Disease	disease_10911	2.764443832985847e-06
Disease	disease_8852	2.757765296144875e-06
Disease	disease_7023	2.755150978513747e-06
Disease	disease_21678	2.746828889003149e-06
Disease	disease_100246	2.742363337921247e-06
Disease	disease_15657	2.7408046363760517e-06
Disease	disease_995	2.7349478917207946e-06
Disease	disease_1243	2.7333274946561326e-06
Disease	disease_30603	2.7328860029298736e-06
Disease	disease_10383	2.726579973510561e-06
Disease	disease_2908	2.720876919928574e-06
Disease	disease_20950	2.7129249162621597e-06
Disease	disease_5338	2.7125617342580397e-06
Disease	disease_15821	2.712030116876036e-06
Disease	disease_41775	2.71092215542208e-06
Disease	disease_16430	2.7092642684239786e-06
Disease	disease_4375	2.7070993328688627e-06
Disease	disease_16127	2.7065409176851407e-06
Disease	disease_6644	2.698942919382759e-06
Disease	disease_6926	2.6971604367687614e-06
Disease	disease_18214	2.6937892171561295e-06
Disease	disease_11147	2.692034006880175e-06
Disease	disease_1265	2.6893253888424484e-06
Disease	disease_5487	2.6893253888424484e-06
Disease	disease_5554	2.6829960223614266e-06
Disease	disease_16575	2.6761010183078497e-06
Disease	disease_5901	2.6725589858546954e-06
Disease	disease_2501	2.669651049593464e-06
Disease	disease_5579	2.668729502776535e-06
Disease	disease_5135	2.6675715940417322e-06
Disease	disease_10200	2.6599293488684454e-06
Disease	disease_21682	2.6568341916791063e-06
Disease	disease_5990	2.6543435726828104e-06
Disease	disease_5266	2.65411430310204e-06
Disease	disease_6874	2.648108031943723e-06
Disease	disease_8420	2.6462225934089986e-06
Disease	disease_1751	2.6440507171046866e-06
Disease	disease_6706	2.642778753798693e-06
Disease	disease_15653	2.640028952736178e-06
Disease	disease_17124	2.6366961354307427e-06
Disease	disease_15253	2.634899450624019e-06
Disease	disease_45059	2.6330749406693275e-06
Disease	disease_5662	2.6305459788287122e-06
Disease	disease_5242	2.628392748248965e-06
Disease	disease_44746	2.627230678972464e-06
Disease	disease_11929	2.626746412627126e-06
Disease	disease_10561	2.6259059278671976e-06
Disease	disease_6823	2.624451953242855e-06
Disease	disease_8171	2.622910746784388e-06
Disease	disease_7113	2.6228420295579376e-06
Disease	disease_21107	2.621968473147336e-06
Disease	disease_15650	2.619573289163541e-06
Disease	disease_409	2.6151700142515496e-06
Disease	disease_19896	2.614944968750997e-06
Disease	disease_12817	2.612902338166183e-06
Disease	disease_5195	2.612866549000602e-06
Disease	disease_19377	2.610171050493328e-06
Disease	disease_5045	2.6082497557334272e-06
Disease	disease_21104	2.601773108634599e-06
Disease	disease_6937	2.6017175590220676e-06
Disease	disease_15655	2.598731657612691e-06
Disease	disease_6636	2.5964714689233408e-06
Disease	disease_17290	2.596340822843825e-06
Disease	disease_11559	2.5934643975433498e-06
Disease	disease_4842	2.5920644873973133e-06
Disease	disease_5141	2.5912878092389592e-06
Disease	disease_5117	2.5906776888478334e-06
Disease	disease_18027	2.588364823957075e-06
Disease	disease_19050	2.587645799571861e-06
Disease	disease_2970	2.5869099116523393e-06
Disease	disease_2842	2.5854814039617907e-06
Disease	disease_5303	2.585205536627007e-06
Disease	disease_44641	2.5799483324419344e-06
Disease	disease_12774	2.572845675953814e-06
Disease	disease_9469	2.5697750563958258e-06
Disease	disease_18031	2.568839292973373e-06
Disease	disease_20547	2.566775868732509e-06
Disease	disease_12985	2.564996822080532e-06
Disease	disease_100033	2.5625648982802766e-06
Disease	disease_411	2.559827786060366e-06
Disease	disease_43352	2.554876229759796e-06
Disease	disease_11146	2.5535744878054333e-06
Disease	disease_14848	2.5510440730555437e-06
Disease	disease_5122	2.546562714362311e-06
Disease	disease_18602	2.546562714362311e-06
Disease	disease_5121	2.546562714362311e-06
Disease	disease_5925	2.546562714362311e-06
Disease	disease_18111	2.546562714362311e-06
Disease	disease_6929	2.546562714362311e-06
Disease	disease_5794	2.542987686616216e-06
Disease	disease_8684	2.5428414701246887e-06
Disease	disease_100028	2.5418836633797853e-06
Disease	disease_16459	2.538685469066961e-06
Disease	disease_13730	2.5283912904397115e-06
Disease	disease_100036	2.526259033535966e-06
Disease	disease_12081	2.5245518370568215e-06
Disease	disease_22034	2.5224697638921854e-06
Disease	disease_20120	2.5219541154976546e-06
Disease	disease_500	2.518333367242105e-06
Disease	disease_15723	2.5180836111075817e-06
Disease	disease_10428	2.517980799373164e-06
Disease	disease_4565	2.5177014501511103e-06
Disease	disease_16456	2.514067447864038e-06
Disease	disease_15658	2.5132582068573845e-06
Disease	disease_1687	2.5115226607639352e-06
Disease	disease_20493	2.510291491495461e-06
Disease	disease_15654	2.5090421389333848e-06
Disease	disease_4877	2.5065855014876298e-06
Disease	disease_18301	2.501216674321746e-06
Disease	disease_5627	2.5010762020942544e-06
Disease	disease_21927	2.5009253130981155e-06
Disease	disease_14708	2.4995837199796233e-06
Disease	disease_15436	2.498383971646841e-06
Disease	disease_17979	2.498274627708257e-06
Disease	disease_20076	2.4891899360196145e-06
Disease	disease_1613	2.4876077417475974e-06
Disease	disease_100035	2.484829569431876e-06
Disease	disease_43264	2.484829569431876e-06
Disease	disease_6748	2.484829569431876e-06
Disease	disease_2338	2.484829569431876e-06
Disease	disease_4335	2.48315074234135e-06
Disease	disease_17990	2.4774001470970145e-06
Disease	disease_24512	2.4763684056494093e-06
Disease	disease_5020	2.473482913875255e-06
Disease	disease_4670	2.4732005494446877e-06
Disease	disease_18087	2.459089507378499e-06
Disease	disease_5218	2.4439568484196976e-06
Disease	disease_24612	2.44368909377427e-06
Disease	disease_8876	2.4318540881606557e-06
Disease	disease_253	2.4208844085779816e-06
Disease	disease_5527	2.4196311288236946e-06
Disease	disease_20366	2.418564936135987e-06
Disease	disease_5149	2.416871715116674e-06
Disease	disease_19724	2.4123969067724555e-06
Disease	disease_5398	2.41074785723183e-06
Disease	disease_21698	2.409004218666432e-06
Disease	disease_14250	2.3991850422484614e-06
Disease	disease_2412	2.3912712160462472e-06
Disease	disease_15808	2.3811689418093053e-06
Disease	disease_5823	2.380776483547117e-06
Disease	disease_19558	2.379339157719644e-06
Disease	disease_5060	2.3766149821476185e-06
Disease	disease_10604	2.372339264392797e-06
Disease	disease_18613	2.367831725761341e-06
Disease	disease_15809	2.332440971672136e-06
Disease	disease_5383	2.3302280827481657e-06
Disease	disease_21251	2.328604137505393e-06
Disease	disease_4901	2.327785080716779e-06
Disease	disease_5867	2.3262828689708706e-06
Disease	disease_5249	2.3248191913581814e-06
Disease	disease_2413	2.3040320969168516e-06
Disease	disease_3225	2.3031358847510766e-06
Disease	disease_10356	2.29566229129642e-06
Disease	disease_10888	2.294707309785368e-06
Disease	disease_2305	2.2905085122688935e-06
Disease	disease_1713	2.288723920036665e-06
Disease	disease_19441	2.2822432357362154e-06
Disease	disease_11382	2.2713905720851917e-06
Disease	disease_7727	2.265920066305854e-06
Disease	disease_5313	2.2585337195417518e-06
Disease	disease_1657	2.2485269421433356e-06
Disease	disease_6176	2.245031514313875e-06
Disease	disease_11962	2.2398523801276826e-06
Disease	disease_6802	2.238007354390517e-06
Disease	disease_5876	2.2268440685525795e-06
Disease	disease_10543	2.2243413742790503e-06
Disease	disease_16586	2.222303280433603e-06
Disease	disease_18116	2.2208807264794862e-06
Disease	disease_5324	2.2165989532327117e-06
Disease	disease_6609	2.2157872011949134e-06
Disease	disease_100240	2.213412889486679e-06
Disease	disease_8345	2.2128971830948652e-06
Disease	disease_10122	2.2119398776134235e-06
Disease	disease_5578	2.211452540605376e-06
Disease	disease_771	2.2100733018131875e-06
Disease	disease_19618	2.2100712841562444e-06
Disease	disease_9572	2.208310496030828e-06
Disease	disease_612	2.2024506055378307e-06
Disease	disease_18531	2.1989970416555766e-06
Disease	disease_9182	2.198537794362894e-06
Disease	disease_45071	2.193049734103412e-06
Disease	disease_5607	2.189806711528701e-06
Disease	disease_3634	2.1849478417906932e-06
Disease	disease_9	2.175748072295913e-06
Disease	disease_1386	2.172595971823972e-06
Disease	disease_16684	2.1702553987973604e-06
Disease	disease_21166	2.142558764461796e-06
Disease	disease_21661	2.141288679602016e-06
Disease	disease_19436	2.141195493499652e-06
Disease	disease_11895	2.1318600076881924e-06
Disease	disease_17169	2.1304477284955633e-06
Disease	disease_15938	2.12690572775286e-06
Disease	disease_13007	2.1262761599956757e-06
Disease	disease_44999	2.124317945040736e-06
Disease	disease_24237	2.1233606282208255e-06
Disease	disease_18875	2.1210431731588144e-06
Disease	disease_19086	2.1168830318694264e-06
Disease	disease_7179	2.111276148971516e-06
Disease	disease_44346	2.1087380935667568e-06
Disease	disease_25556	2.1077895514228578e-06
Disease	disease_21146	2.1045977864655873e-06
Disease	disease_24305	2.095623577318909e-06
Disease	disease_19391	2.090741255058296e-06
Disease	disease_508	2.0906887045536634e-06
Disease	disease_18093	2.0895785469369054e-06
Disease	disease_12105	2.07717398887154e-06
Disease	disease_7576	2.076521895536243e-06
Disease	disease_6026	2.0757307315978063e-06
Disease	disease_18848	2.0734342343326834e-06
Disease	disease_6040	2.0720099147983213e-06
Disease	disease_24318	2.0636126013691983e-06
Disease	disease_19338	2.062888640097943e-06
Disease	disease_1942	2.0585352190990684e-06
Disease	disease_24294	2.049086919865329e-06
Disease	disease_3127	2.0488288966578824e-06
Disease	disease_5606	2.0465047983731774e-06
Disease	disease_4187	2.045946464979564e-06
Disease	disease_5775	2.043374088144743e-06
Disease	disease_20367	2.0424929643783512e-06
Disease	disease_5161	2.039952359204277e-06
Disease	disease_10108	2.0374004755575424e-06
Disease	disease_24352	2.035354292409038e-06
Disease	disease_430	2.029445924776941e-06
Disease	disease_5786	2.028716983052782e-06
Disease	disease_21167	2.026556935529947e-06
Disease	disease_6809	2.026507130567931e-06
Disease	disease_9305	2.019051952353381e-06
Disease	disease_5328	2.0165956975165625e-06
Disease	disease_5283	2.015924820932945e-06
Disease	disease_18546	2.0157669034527825e-06
Disease	disease_24573	2.0157376972556446e-06
Disease	disease_5608	2.0095284096637926e-06
Disease	disease_1197	2.0009455098285545e-06
Disease	disease_24634	1.994790474673764e-06
Disease	disease_6052	1.9933864191360282e-06
Disease	disease_1795	1.9926573286734363e-06
Disease	disease_3780	1.9858407186142893e-06
Disease	disease_3014	1.9799964233869475e-06
Disease	disease_19503	1.978958660179889e-06
Disease	disease_5914	1.971812804291569e-06
Disease	disease_6402	1.969214237528473e-06
Disease	disease_3197	1.968831286316271e-06
Disease	disease_43479	1.968247229035799e-06
Disease	disease_5856	1.9638900152307354e-06
Disease	disease_21085	1.9618756147424986e-06
Disease	disease_4651	1.9609847062109757e-06
Disease	disease_8538	1.9607642213691353e-06
Disease	disease_5647	1.960673489233958e-06
Disease	disease_17604	1.954030527566444e-06
Disease	disease_4950	1.9535676128743244e-06
Disease	disease_5687	1.9512452879470088e-06
Disease	disease_25371	1.950922409257979e-06
Disease	disease_1056	1.9506811001632875e-06
Disease	disease_4656	1.949806706550054e-06
Disease	disease_16126	1.9491545386422872e-06
Disease	disease_9975	1.9423764591821393e-06
Disease	disease_21184	1.9413040475827476e-06
Disease	disease_5650	1.9405704958442732e-06
Disease	disease_24298	1.9395524589515138e-06
Disease	disease_2270	1.939438494189237e-06
Disease	disease_19737	1.9387556511340456e-06
Disease	disease_4745	1.9385779570078676e-06
Disease	disease_5889	1.9350984717521673e-06
Disease	disease_5939	1.9349074373175002e-06
Disease	disease_1187	1.933683721205454e-06
Disease	disease_21641	1.9302527233043755e-06
Disease	disease_17863	1.930090002362074e-06
Disease	disease_17769	1.9228674753716244e-06
Disease	disease_8228	1.917112582931156e-06
Disease	disease_6507	1.916246303526042e-06
Disease	disease_890	1.913450017893424e-06
Disease	disease_23161	1.9126177654982693e-06
Disease	disease_989	1.9061995934249939e-06
Disease	disease_4987	1.9025564174707572e-06
Disease	disease_15356	1.9020282103903664e-06
Disease	disease_3846	1.9009840998838307e-06
Disease	disease_100321	1.8996166448857843e-06
Disease	disease_1507	1.8985446508673396e-06
Disease	disease_24613	1.8982279868331748e-06
Disease	disease_4496	1.8957133247408035e-06
Disease	disease_4609	1.893682705557668e-06
Disease	disease_16455	1.888792629874e-06
Disease	disease_17326	1.888792629874e-06
Disease	disease_7648	1.8872643266139736e-06
Disease	disease_7794	1.8843611274034414e-06
Disease	disease_19810	1.8841832685344481e-06
Disease	disease_24643	1.8828114468442272e-06
Disease	disease_18183	1.8823979128621601e-06
Disease	disease_20731	1.8815380270540114e-06
Disease	disease_5913	1.8815380270540114e-06
Disease	disease_19469	1.8796546868221087e-06
Disease	disease_5985	1.8789748043375977e-06
Disease	disease_19094	1.8786619285644057e-06
Disease	disease_9237	1.8785719799259228e-06
Disease	disease_5850	1.8783989538168085e-06
Disease	disease_5720	1.8783989538168085e-06
Disease	disease_5717	1.8783989538168085e-06
Disease	disease_19315	1.8761382414470784e-06
Disease	disease_5970	1.8754946763489194e-06
Disease	disease_9971	1.8720716297877158e-06
Disease	disease_13008	1.87147409456588e-06
Disease	disease_25506	1.8712243996438203e-06
Disease	disease_41656	1.8670372107064004e-06
Disease	disease_5120	1.8657605285150377e-06
Disease	disease_19536	1.8636205718940873e-06
Disease	disease_15118	1.8631848184536598e-06
Disease	disease_18583	1.8620654102843536e-06
Disease	disease_5855	1.8620654102843536e-06
Disease	disease_5875	1.8620654102843536e-06
Disease	disease_5932	1.8620654102843536e-06
Disease	disease_5755	1.8620654102843536e-06
Disease	disease_5830	1.8620654102843536e-06
Disease	disease_5927	1.8620654102843536e-06
Disease	disease_18107	1.8620654102843536e-06
Disease	disease_5658	1.8620654102843536e-06
Disease	disease_23164	1.8620654102843536e-06
Disease	disease_5652	1.8620654102843536e-06
Disease	disease_2594	1.8620654102843536e-06
Disease	disease_2595	1.8620654102843536e-06
Disease	disease_18110	1.8620654102843536e-06
Disease	disease_19514	1.8619843047025545e-06
Disease	disease_15691	1.8610868833322595e-06
Disease	disease_15129	1.8606059901760394e-06
Disease	disease_5825	1.8533076175723195e-06
Disease	disease_18184	1.8518122509374287e-06
Disease	disease_43218	1.8490396144176515e-06
Disease	disease_43885	1.8447262437426026e-06
Disease	disease_4114	1.8413026540577102e-06
Disease	disease_41879	1.8382481836987084e-06
Disease	disease_19945	1.8334381966104397e-06
Disease	disease_43455	1.8313457687055051e-06
Disease	disease_6406	1.8312489625806886e-06
Disease	disease_19781	1.8312459023595045e-06
Disease	disease_9303	1.8311429826873564e-06
Disease	disease_16428	1.812544891886006e-06
Disease	disease_5459	1.7996219817817376e-06
Disease	disease_21095	1.7966202415823419e-06
Disease	disease_5190	1.7932530995463795e-06
Disease	disease_5813	1.7922275397627803e-06
Disease	disease_10947	1.790593555642567e-06
Disease	disease_3274	1.7877065524619477e-06
Disease	disease_12481	1.7864823431113486e-06
Disease	disease_1106	1.7828217623213354e-06
Disease	disease_19157	1.7806416703777597e-06
Disease	disease_44979	1.775308895581991e-06
Disease	disease_18739	1.7751533128917493e-06
Disease	disease_21068	1.7746552457605232e-06
Disease	disease_21163	1.7676639148824745e-06
Disease	disease_16638	1.7585060162270368e-06
Disease	disease_18060	1.7495972661754103e-06
Disease	disease_4964	1.7475869609479634e-06
Disease	disease_16211	1.745725242733247e-06
Disease	disease_21259	1.74566321683718e-06
Disease	disease_5525	1.7446700948972471e-06
Disease	disease_44211	1.743043437354395e-06
Disease	disease_5131	1.7397651940282771e-06
Disease	disease_15810	1.7276883729440552e-06
Disease	disease_8233	1.7263793733411359e-06
Disease	disease_2025	1.726273487078536e-06
Disease	disease_2708	1.7188468847411161e-06
Disease	disease_15812	1.7138265464616863e-06
Disease	disease_15811	1.7138265464616863e-06
Disease	disease_9917	1.713621755758355e-06
Disease	disease_1899	1.7111676743104072e-06
Disease	disease_2974	1.7098628033757044e-06
Disease	disease_10968	1.697390785393858e-06
Disease	disease_7462	1.6926517478782661e-06
Disease	disease_12146	1.6912063556017327e-06
Disease	disease_6021	1.691143158634635e-06
Disease	disease_18891	1.6835076859857698e-06
Disease	disease_8733	1.6784925831276868e-06
Disease	disease_6993	1.6773913271992122e-06
Disease	disease_20722	1.6722708629452047e-06
Disease	disease_5112	1.6705917148730586e-06
Disease	disease_1881	1.6682688421964365e-06
Disease	disease_20119	1.6674104912996768e-06
Disease	disease_2367	1.6665186365701172e-06
Disease	disease_15719	1.661106415319598e-06
Disease	disease_8364	1.6594613770777461e-06
Disease	disease_44989	1.6588446937552636e-06
Disease	disease_1860	1.6570820223739638e-06
Disease	disease_621	1.6556931362016366e-06
Disease	disease_19122	1.6520721632671376e-06
Disease	disease_5255	1.648521335834135e-06
Disease	disease_5256	1.648521335834135e-06
Disease	disease_5257	1.648521335834135e-06
Disease	disease_5447	1.6460524840320992e-06
Disease	disease_7708	1.6456069685690755e-06
Disease	disease_5315	1.6452454832027156e-06
Disease	disease_1999	1.6412429848222608e-06
Disease	disease_18741	1.6403019418939547e-06
Disease	disease_4567	1.639879599692835e-06
Disease	disease_4355	1.6320630265846176e-06
Disease	disease_17570	1.6312794038629789e-06
Disease	disease_6679	1.6240241096909713e-06
Disease	disease_13524	1.6219558305790264e-06
Disease	disease_1549	1.619136128643898e-06
Disease	disease_42484	1.619110695468618e-06
Disease	disease_10264	1.6180465410524406e-06
Disease	disease_50	1.6173882447751877e-06
Disease	disease_15140	1.6068082407711185e-06
Disease	disease_24487	1.6066397420499954e-06
Disease	disease_7263	1.6044747045231726e-06
Disease	disease_5374	1.6028727190198457e-06
Disease	disease_19624	1.6019723614224432e-06
Disease	disease_9123	1.601345839176198e-06
Disease	disease_3001	1.5980319572357337e-06
Disease	disease_19832	1.5969085604779858e-06
Disease	disease_11639	1.5962785632678082e-06
Disease	disease_7138	1.5958636060928473e-06
Disease	disease_13597	1.5948948762878066e-06
Disease	disease_9277	1.5939417925575964e-06
Disease	disease_8840	1.592517137491785e-06
Disease	disease_19136	1.5901647824716258e-06
Disease	disease_18193	1.5896683131860247e-06
Disease	disease_2232	1.5822763402239354e-06
Disease	disease_17708	1.5814797234683574e-06
Disease	disease_16532	1.581434725008043e-06
Disease	disease_7664	1.5791137545854183e-06
Disease	disease_5029	1.5778861767719617e-06
Disease	disease_6786	1.577725883279049e-06
Disease	disease_13361	1.5746131806808896e-06
Disease	disease_9904	1.5742121044325708e-06
Disease	disease_8963	1.5731168196113375e-06
Disease	disease_4867	1.572876312674596e-06
Disease	disease_21211	1.5706393856829297e-06
Disease	disease_2474	1.5698688670900591e-06
Disease	disease_21181	1.5687911369875688e-06
Disease	disease_32765	1.56801285810936e-06
Disease	disease_40797	1.566929959182001e-06
Disease	disease_5081	1.566706124821438e-06
Disease	disease_15159	1.565859341054067e-06
Disease	disease_18364	1.5658087482254752e-06
Disease	disease_5833	1.5642830809711756e-06
Disease	disease_20743	1.5623302273883298e-06
Disease	disease_15787	1.5618735834460685e-06
Disease	disease_17337	1.5588621829438895e-06
Disease	disease_10030	1.5584115795922553e-06
Disease	disease_20368	1.554834301690596e-06
Disease	disease_19187	1.5526693597135853e-06
Disease	disease_15720	1.5521430199087425e-06
Disease	disease_20513	1.548920303883128e-06
Disease	disease_8585	1.544972846160378e-06
Disease	disease_1639	1.5422344351147803e-06
Disease	disease_16318	1.541852028399174e-06
Disease	disease_19345	1.539009363478271e-06
Disease	disease_5657	1.5389890956784015e-06
Disease	disease_5351	1.5366644122815196e-06
Disease	disease_9550	1.536222856687403e-06
Disease	disease_5824	1.5330624249682421e-06
Disease	disease_18768	1.5326944420857942e-06
Disease	disease_42972	1.5320514396795676e-06
Disease	disease_2800	1.5305096776974612e-06
Disease	disease_5689	1.5270711392795647e-06
Disease	disease_270	1.5235689318921245e-06
Disease	disease_956	1.5209638850152511e-06
Disease	disease_18755	1.5178214340380707e-06
Disease	disease_2249	1.5123939691078567e-06
Disease	disease_6788	1.5113365755051917e-06
Disease	disease_2817	1.5090744118140024e-06
Disease	disease_14414	1.506106622005332e-06
Disease	disease_245	1.5019255007586996e-06
Disease	disease_19186	1.5007366607888207e-06
Disease	disease_2314	1.4999122142369321e-06
Disease	disease_21072	1.4985972341060903e-06
Disease	disease_1023	1.4958989582413453e-06
Disease	disease_1356	1.4948948518035085e-06
Disease	disease_18035	1.4943883994936167e-06
Disease	disease_5546	1.4911876367464502e-06
Disease	disease_5100	1.4888609645849179e-06
Disease	disease_1741	1.4852931083416592e-06
Disease	disease_17364	1.4850031388409944e-06
Disease	disease_6502	1.4834121148331507e-06
Disease	disease_10572	1.482933617028835e-06
Disease	disease_4974	1.4806721653613656e-06
Disease	disease_5890	1.4798100224040275e-06
Disease	disease_10518	1.478201929835877e-06
Disease	disease_14197	1.473548275946959e-06
Disease	disease_15766	1.4730547813906365e-06
Disease	disease_6659	1.4730441896446592e-06
Disease	disease_44987	1.4716313144526488e-06
Disease	disease_5299	1.4714212966344152e-06
Disease	disease_1340	1.4709900416313946e-06
Disease	disease_8297	1.4708549113611772e-06
Disease	disease_16180	1.4671040953943252e-06
Disease	disease_19544	1.4566638483647187e-06
Disease	disease_44990	1.4554476727477732e-06
Disease	disease_15819	1.4533340455759829e-06
Disease	disease_3996	1.4507780006660792e-06
Disease	disease_19111	1.4506530933472292e-06
Disease	disease_24330	1.446996966172653e-06
Disease	disease_4619	1.4465390666771758e-06
Disease	disease_2350	1.4464636337895204e-06
Disease	disease_18473	1.4444780893261246e-06
Disease	disease_920	1.4438897758904334e-06
Disease	disease_19617	1.4337509381065727e-06
Disease	disease_19801	1.4312164961264687e-06
Disease	disease_21667	1.4298677264030664e-06
Disease	disease_2279	1.4294700316945633e-06
Disease	disease_6570	1.4292819742065382e-06
Disease	disease_12831	1.4233496999910465e-06
Disease	disease_18824	1.4218485513787308e-06
Disease	disease_44887	1.4206922169423084e-06
Disease	disease_6585	1.4111600841347557e-06
Disease	disease_2869	1.4103372602184692e-06
Disease	disease_4380	1.4098710576364203e-06
Disease	disease_16466	1.405589122743972e-06
Disease	disease_3900	1.4055746433300048e-06
Disease	disease_1517	1.4043138521433128e-06
Disease	disease_1867	1.3990008492876997e-06
Disease	disease_2514	1.3983010774770924e-06
Disease	disease_41086	1.3964742987810711e-06
Disease	disease_5003	1.394062193391374e-06
Disease	disease_2803	1.3850395101548012e-06
Disease	disease_6314	1.3847472227828713e-06
Disease	disease_2242	1.3841388363147177e-06
Disease	disease_18881	1.3829625157184457e-06
Disease	disease_15770	1.3825795406845267e-06
Disease	disease_8263	1.3808692642996462e-06
Disease	disease_5812	1.3784337098873047e-06
Disease	disease_18229	1.3773645729768494e-06
Disease	disease_8310	1.3700502412484539e-06
Disease	disease_9833	1.3695085602998714e-06
Disease	disease_11719	1.3688728298454547e-06
Disease	disease_6216	1.3665058004984904e-06
Disease	disease_9288	1.3661517136077303e-06
Disease	disease_16383	1.3660095418852747e-06
Disease	disease_6835	1.3656474751792462e-06
Disease	disease_15942	1.364656270106379e-06
Disease	disease_20332	1.3643178244748383e-06
Disease	disease_15529	1.3626885733512574e-06
Disease	disease_6554	1.3621657286808998e-06
Disease	disease_19180	1.361682930594574e-06
Disease	disease_8647	1.3611828423955684e-06
Disease	disease_18621	1.3604120699608305e-06
Disease	disease_33946	1.3561459324914837e-06
Disease	disease_4994	1.352976295941017e-06
Disease	disease_14630	1.348391399077922e-06
Disease	disease_24255	1.3357537356851656e-06
Disease	disease_13099	1.3356400732873093e-06
Disease	disease_1735	1.3271461405331944e-06
Disease	disease_12762	1.323220316229255e-06
Disease	disease_5385	1.3221928022295529e-06
Disease	disease_18887	1.3216505999874041e-06
Disease	disease_6684	1.3202569261043675e-06
Disease	disease_16629	1.3188588639740576e-06
Disease	disease_8114	1.3186072601317782e-06
Disease	disease_13304	1.313795634855711e-06
Disease	disease_6642	1.3120599637197752e-06
Disease	disease_15788	1.3106352177707665e-06
Disease	disease_15716	1.3106352177707665e-06
Disease	disease_15717	1.3106352177707665e-06
Disease	disease_15721	1.309945287257599e-06
Disease	disease_17776	1.3096953683456336e-06
Disease	disease_19127	1.3076385837615295e-06
Disease	disease_9824	1.3067445643282723e-06
Disease	disease_7369	1.3065148852050622e-06
Disease	disease_30843	1.3060474245778122e-06
Disease	disease_19072	1.3038010830395934e-06
Disease	disease_5140	1.3028704162212906e-06
Disease	disease_226	1.3021872105293528e-06
Disease	disease_6584	1.3020309207574987e-06
Disease	disease_16125	1.3003222669488302e-06
Disease	disease_8054	1.2972915727760905e-06
Disease	disease_1014	1.2952554569126643e-06
Disease	disease_2229	1.2938581107200903e-06
Disease	disease_16686	1.293483487921059e-06
Disease	disease_5348	1.2922138857088452e-06
Disease	disease_43005	1.2903862319454805e-06
Disease	disease_1083	1.289936448184243e-06
Disease	disease_5706	1.2871500699093201e-06
Disease	disease_2492	1.2843388699875017e-06
Disease	disease_44033	1.2841328645207494e-06
Disease	disease_7078	1.2840977125688524e-06
Disease	disease_19095	1.2801709539917217e-06
Disease	disease_6746	1.278609088901723e-06
Disease	disease_6873	1.2785817733660863e-06
Disease	disease_6862	1.2747377513682106e-06
Disease	disease_24472	1.2728182519222388e-06
Disease	disease_13144	1.2714791236824595e-06
Disease	disease_8234	1.2701692215103697e-06
Disease	disease_24355	1.269063466516212e-06
Disease	disease_24647	1.2675206620700436e-06
Disease	disease_15610	1.2672706083085288e-06
Disease	disease_5387	1.2666604548246018e-06
Disease	disease_1505	1.2655720750438037e-06
Disease	disease_16829	1.2655629544514098e-06
Disease	disease_4938	1.265119489992417e-06
Disease	disease_8347	1.2648694453167196e-06
Disease	disease_6908	1.260804356682661e-06
Disease	disease_5377	1.2603332529756682e-06
Disease	disease_10615	1.2580974655653556e-06
Disease	disease_18883	1.2568304100320803e-06
Disease	disease_5453	1.2562271801282154e-06
Disease	disease_7847	1.254909965739987e-06
Disease	disease_7086	1.2517250809959025e-06
Disease	disease_1208	1.2514733411882403e-06
Disease	disease_7191	1.2512622189950265e-06
Disease	disease_16632	1.2504723480537358e-06
Disease	disease_19287	1.2496111080190948e-06
Disease	disease_24431	1.2489404109969161e-06
Disease	disease_2303	1.2442997248498e-06
Disease	disease_18937	1.2438389818316651e-06
Disease	disease_5683	1.2421892071425015e-06
Disease	disease_7743	1.2398950177750644e-06
Disease	disease_16464	1.2396592048262533e-06
Disease	disease_5079	1.2386789799263004e-06
Disease	disease_5258	1.2374389844991046e-06
Disease	disease_16244	1.2313885926710634e-06
Disease	disease_19350	1.230666294777801e-06
Disease	disease_4729	1.2304866076348045e-06
Disease	disease_21084	1.2205192850392102e-06
Disease	disease_15817	1.2196118766881758e-06
Disease	disease_15470	1.2157297977554867e-06
Disease	disease_5828	1.215256644671486e-06
Disease	disease_41751	1.2146683227967785e-06
Disease	disease_100053	1.2144310122062542e-06
Disease	disease_16474	1.2128123806450589e-06
Disease	disease_2307	1.2121360237641162e-06
Disease	disease_100316	1.2120291186119385e-06
Disease	disease_20643	1.2099226104768972e-06
Disease	disease_16030	1.2064947179053023e-06
Disease	disease_17338	1.2052442184175409e-06
Disease	disease_5619	1.2050526874166912e-06
Disease	disease_5846	1.2050139327070208e-06
Disease	disease_19633	1.2031502232640351e-06
Disease	disease_16565	1.2030258880271312e-06
Disease	disease_482	1.2029430546238087e-06
Disease	disease_11728	1.2011721332585158e-06
Disease	disease_19143	1.200790376485787e-06
Disease	disease_10797	1.1996204351381973e-06
Disease	disease_5477	1.1988134485400283e-06
Disease	disease_100130	1.197639253566681e-06
Disease	disease_1941	1.1965448789384495e-06
Disease	disease_15128	1.1959244959747171e-06
Disease	disease_100137	1.18924063747306e-06
Disease	disease_10580	1.1840733238502963e-06
Disease	disease_13966	1.1837606325753305e-06
Disease	disease_16682	1.1824821236076078e-06
Disease	disease_11484	1.1816468017543077e-06
Disease	disease_20108	1.1809664818797115e-06
Disease	disease_9071	1.1787605248989192e-06
Disease	disease_100062	1.1774875936120899e-06
Disease	disease_8224	1.1739872302350294e-06
Disease	disease_9212	1.172513265288585e-06
Disease	disease_18695	1.1709817128193028e-06
Disease	disease_6733	1.1700398178817547e-06
Disease	disease_10571	1.1678752660370383e-06
Disease	disease_18669	1.165766025161449e-06
Disease	disease_54866	1.165287178092925e-06
Disease	disease_6517	1.1648853647554281e-06
Disease	disease_13529	1.1632447987729938e-06
Disease	disease_19589	1.158524636790919e-06
Disease	disease_2032	1.1580685094047689e-06
Disease	disease_43537	1.1574228807704168e-06
Disease	disease_11565	1.1569833651152609e-06
Disease	disease_5502	1.1564016433329358e-06
Disease	disease_19470	1.1550924095478616e-06
Disease	disease_16264	1.1524813775550288e-06
Disease	disease_12911	1.1513638295496446e-06
Disease	disease_5302	1.1511411718531577e-06
Disease	disease_8296	1.1500618612721803e-06
Disease	disease_20502	1.147180309393205e-06
Disease	disease_1436	1.1428649449205922e-06
Disease	disease_30066	1.142831409620288e-06
Disease	disease_8633	1.1426232853426157e-06
Disease	disease_425	1.1416597152243385e-06
Disease	disease_5282	1.1406393636760368e-06
Disease	disease_2481	1.1381542241528714e-06
Disease	disease_5754	1.1370417216528455e-06
Disease	disease_18078	1.1359122250633112e-06
Disease	disease_19058	1.128835418598298e-06
Disease	disease_19004	1.1277734444504977e-06
Disease	disease_15695	1.1272505808779978e-06
Disease	disease_21069	1.123353796869473e-06
Disease	disease_17370	1.1226136308890227e-06
Disease	disease_9131	1.1206570379455554e-06
Disease	disease_2877	1.1193623991163888e-06
Disease	disease_5170	1.1183629704151678e-06
Disease	disease_43267	1.117402146589624e-06
Disease	disease_7958	1.1173878313564536e-06
Disease	disease_100347	1.1165558472379973e-06
Disease	disease_5119	1.11084501799312e-06
Disease	disease_15943	1.1105574568010804e-06
Disease	disease_19373	1.1054999359521365e-06
Disease	disease_19839	1.1045109838335254e-06
Disease	disease_17953	1.1035672018436798e-06
Disease	disease_15816	1.1021817631393884e-06
Disease	disease_19444	1.0967409509014829e-06
Disease	disease_9735	1.0967065818872516e-06
Disease	disease_5495	1.09592411943361e-06
Disease	disease_5235	1.095725451098102e-06
Disease	disease_16635	1.0954050132233137e-06
Disease	disease_17572	1.0940450191597e-06
Disease	disease_8731	1.0916023791568005e-06
Disease	disease_8723	1.0914871080773306e-06
Disease	disease_891	1.0881334033593746e-06
Disease	disease_6165	1.0865010105109872e-06
Disease	disease_30018	1.0846446990753654e-06
Disease	disease_1797	1.0830128778896407e-06
Disease	disease_15683	1.0820483268377397e-06
Disease	disease_7008	1.081598324436719e-06
Disease	disease_20127	1.080712960527348e-06
Disease	disease_10526	1.0787157308105617e-06
Disease	disease_18685	1.0771130976506232e-06
Disease	disease_8608	1.076091191288525e-06
Disease	disease_589	1.0760361764318166e-06
Disease	disease_8082	1.075542566090956e-06
Disease	disease_17369	1.0741529585743634e-06
Disease	disease_18059	1.07289599318687e-06
Disease	disease_18814	1.0701233416593554e-06
Disease	disease_17991	1.061652840429693e-06
Disease	disease_18077	1.0604291417713095e-06
Disease	disease_5016	1.059452980946058e-06
Disease	disease_6372	1.0590348732121406e-06
Disease	disease_9050	1.0576843020246403e-06
Disease	disease_4955	1.0565100169466579e-06
Disease	disease_15715	1.0552636049305589e-06
Disease	disease_9265	1.0507349630177632e-06
Disease	disease_5008	1.0502730928284562e-06
Disease	disease_15962	1.0484720809918442e-06
Disease	disease_6797	1.0466853773483125e-06
Disease	disease_4815	1.0464177969865228e-06
Disease	disease_4817	1.0464177969865228e-06
Disease	disease_6610	1.0451661995528314e-06
Disease	disease_19623	1.0445701873991893e-06
Disease	disease_10184	1.0436414900332325e-06
Disease	disease_18615	1.0414831910181161e-06
Disease	disease_18271	1.040867860053701e-06
Disease	disease_1244	1.0386150407265849e-06
Disease	disease_8678	1.0365715651157168e-06
Disease	disease_5854	1.036181043776611e-06
Disease	disease_19847	1.0360465450658097e-06
Disease	disease_1909	1.0356887336988051e-06
Disease	disease_19565	1.0327101179398066e-06
Disease	disease_7522	1.0312189324535595e-06
Disease	disease_5138	1.0299430935442579e-06
Disease	disease_16703	1.0292673709065216e-06
Disease	disease_18589	1.0292295397160346e-06
Disease	disease_15762	1.028542700089751e-06
Disease	disease_19591	1.0261805948784491e-06
Disease	disease_19841	1.022538885222659e-06
Disease	disease_17773	1.0209786847920965e-06
Disease	disease_5920	1.0185048176847917e-06
Disease	disease_7701	1.0181184532246138e-06
Disease	disease_5124	1.0141805322586435e-06
Disease	disease_17861	1.0140999872735826e-06
Disease	disease_10421	1.0132958816614244e-06
Disease	disease_9379	1.0114850685951292e-06
Disease	disease_18088	1.011204338416608e-06
Disease	disease_18018	1.0109274449927401e-06
Disease	disease_12517	1.0096013884530548e-06
Disease	disease_8760	1.007953410307341e-06
Disease	disease_19838	1.0059931088393357e-06
Disease	disease_5738	1.0058397885444381e-06
Disease	disease_19611	1.0052413952787298e-06
Disease	disease_19614	1.0037712540968298e-06
Disease	disease_15614	1.002095028051738e-06
Disease	disease_2332	1.001982418720862e-06
Disease	disease_12502	1.0011387598216172e-06
Disease	disease_3699	9.97970116982764e-07
Disease	disease_7329	9.971532586815113e-07
Disease	disease_8729	9.955864537844962e-07
Disease	disease_17256	9.955593578353277e-07
Disease	disease_17373	9.953872351621166e-07
Disease	disease_1572	9.950557765509273e-07
Disease	disease_6846	9.904413267981662e-07
Disease	disease_15327	9.89686524254858e-07
Disease	disease_7661	9.87550059965737e-07
Disease	disease_19959	9.869827498136033e-07
Disease	disease_19124	9.862893203919776e-07
Disease	disease_3240	9.860989362097964e-07
Disease	disease_18957	9.858936223416697e-07
Disease	disease_44976	9.8539377444264e-07
Disease	disease_2087	9.849647963162998e-07
Disease	disease_5942	9.82422522186381e-07
Disease	disease_11301	9.818201644647508e-07
Disease	disease_5915	9.791871661525008e-07
Disease	disease_402	9.762485229759134e-07
Disease	disease_16367	9.753372052569608e-07
Disease	disease_15057	9.750874948018973e-07
Disease	disease_4976	9.749698209989006e-07
Disease	disease_19824	9.74429347960245e-07
Disease	disease_2135	9.727924732306407e-07
Disease	disease_11997	9.696559097675426e-07
Disease	disease_6951	9.676407395623415e-07
Disease	disease_1261	9.67529057898195e-07
Disease	disease_5810	9.655787406812916e-07
Disease	disease_19743	9.633751801836966e-07
Disease	disease_19490	9.631981770472522e-07
Disease	disease_8668	9.631731356974215e-07
Disease	disease_5291	9.630202129378516e-07
Disease	disease_12727	9.570400103485142e-07
Disease	disease_43606	9.569771483415508e-07
Disease	disease_8102	9.567953087717665e-07
Disease	disease_24562	9.522998450995347e-07
Disease	disease_18796	9.522161873375953e-07
Disease	disease_16042	9.512198590850959e-07
Disease	disease_18543	9.500843442603765e-07
Disease	disease_22687	9.49121142705795e-07
Disease	disease_5185	9.490213069379612e-07
Disease	disease_23249	9.490213069379612e-07
Disease	disease_11872	9.476163328823473e-07
Disease	disease_1927	9.476161076145564e-07
Disease	disease_19569	9.448346059716315e-07
Disease	disease_17754	9.446450764419849e-07
Disease	disease_15914	9.440505334082472e-07
Disease	disease_308	9.4297336286592e-07
Disease	disease_3393	9.423521377630371e-07
Disease	disease_10542	9.416121025998597e-07
Disease	disease_1956	9.3935466781444e-07
Disease	disease_8889	9.367351770927776e-07
Disease	disease_21094	9.360492595795499e-07
Disease	disease_5201	9.353927782015483e-07
Disease	disease_3812	9.351199880016905e-07
Disease	disease_1080	9.345384903926576e-07
Disease	disease_18368	9.342290340889655e-07
Disease	disease_9520	9.334186346696293e-07
Disease	disease_16462	9.284411277128093e-07
Disease	disease_5395	9.262825223307174e-07
Disease	disease_8243	9.248362055548025e-07
Disease	disease_17592	9.246249547157008e-07
Disease	disease_3661	9.24121290169284e-07
Disease	disease_14191	9.227105984616561e-07
Disease	disease_872	9.220137484709823e-07
Disease	disease_12736	9.217960699810077e-07
Disease	disease_1834	9.217617920464768e-07
Disease	disease_20501	9.19737414237937e-07
Disease	disease_16715	9.192614277647219e-07
Disease	disease_16899	9.186475588379908e-07
Disease	disease_15056	9.185433689773799e-07
Disease	disease_15055	9.185433689773799e-07
Disease	disease_41440	9.179542793119649e-07
Disease	disease_6058	9.153945717596296e-07
Disease	disease_6594	9.151525111610592e-07
Disease	disease_5559	9.140689096990202e-07
Disease	disease_2471	9.137604397445844e-07
Disease	disease_19013	9.136333034421807e-07
Disease	disease_12316	9.125337212651726e-07
Disease	disease_1933	9.113308867598373e-07
Disease	disease_2441	9.107327920666197e-07
Disease	disease_14500	9.102448040030416e-07
Disease	disease_8930	9.101368487336659e-07
Disease	disease_827	9.09114384223644e-07
Disease	disease_11096	9.089401823166599e-07
Disease	disease_940	9.085592562663279e-07
Disease	disease_21001	9.081858104385726e-07
Disease	disease_16691	9.074353116233053e-07
Disease	disease_18944	9.07202862686873e-07
Disease	disease_8713	9.070083739161281e-07
Disease	disease_3330	9.05892106695421e-07
Disease	disease_10958	9.052519255068525e-07
Disease	disease_11017	9.029291194497432e-07
Disease	disease_9192	9.0238331827408e-07
Disease	disease_18967	9.01185567803635e-07
Disease	disease_17910	8.998844055398854e-07
Disease	disease_36595	8.985799390058662e-07
Disease	disease_15127	8.98359180785631e-07
Disease	disease_23275	8.965646793023227e-07
Disease	disease_9066	8.959182071031837e-07
Disease	disease_5636	8.948922238568008e-07
Disease	disease_17859	8.944068177264229e-07
Disease	disease_3987	8.937452848101962e-07
Disease	disease_10979	8.928877546692439e-07
Disease	disease_18762	8.925201806582041e-07
Disease	disease_8728	8.920442140584464e-07
Disease	disease_17941	8.91460340032396e-07
Disease	disease_2490	8.890930902668447e-07
Disease	disease_2975	8.876508215707236e-07
Disease	disease_9726	8.857973154985775e-07
Disease	disease_45033	8.854906877977687e-07
Disease	disease_19954	8.830359613109534e-07
Disease	disease_9861	8.82686528898335e-07
Disease	disease_4712	8.82280441965229e-07
Disease	disease_6504	8.821352832384445e-07
Disease	disease_13869	8.812849959578969e-07
Disease	disease_5724	8.808233946070453e-07
Disease	disease_5048	8.805050923271555e-07
Disease	disease_5921	8.77515339301377e-07
Disease	disease_5433	8.768743643072897e-07
Disease	disease_18365	8.76744271820636e-07
Disease	disease_376	8.766596886674345e-07
Disease	disease_4795	8.741788226968434e-07
Disease	disease_19509	8.741428636630849e-07
Disease	disease_10789	8.736165264298054e-07
Disease	disease_18020	8.730648580500561e-07
Disease	disease_44937	8.725151196777091e-07
Disease	disease_10939	8.717775678397295e-07
Disease	disease_10809	8.711321342248693e-07
Disease	disease_1648	8.709650091287503e-07
Disease	disease_21367	8.705753083906289e-07
Disease	disease_6604	8.675629525665189e-07
Disease	disease_16006	8.664491670702887e-07
Disease	disease_15818	8.661594851656666e-07
Disease	disease_20528	8.655886189160247e-07
Disease	disease_948	8.645164923816636e-07
Disease	disease_21674	8.62353561637138e-07
Disease	disease_19167	8.61828660891739e-07
Disease	disease_1071	8.617745673095612e-07
Disease	disease_6188	8.613613687591013e-07
Disease	disease_16974	8.58814397715241e-07
Disease	disease_100004	8.567673833342365e-07
Disease	disease_19158	8.563090952501668e-07
Disease	disease_1444	8.561013726811308e-07
Disease	disease_2317	8.554389236553473e-07
Disease	disease_5661	8.546000958667476e-07
Disease	disease_2118	8.541284890459734e-07
Disease	disease_6418	8.534367997728517e-07
Disease	disease_6883	8.532117400332195e-07
Disease	disease_11273	8.527349752655833e-07
Disease	disease_2211	8.515395233859831e-07
Disease	disease_19946	8.512701880491566e-07
Disease	disease_2489	8.50996789348716e-07
Disease	disease_44972	8.50599844762691e-07
Disease	disease_8679	8.505672094220145e-07
Disease	disease_18076	8.505442940917203e-07
Disease	disease_6673	8.486235621907583e-07
Disease	disease_2444	8.473136035634522e-07
Disease	disease_24614	8.473136035634522e-07
Disease	disease_4857	8.473103960371498e-07
Disease	disease_20500	8.467741881345687e-07
Disease	disease_18923	8.461446877756982e-07
Disease	disease_12851	8.461039218271937e-07
Disease	disease_1530	8.459459951429974e-07
Disease	disease_15789	8.451329327962514e-07
Disease	disease_5723	8.45054187667567e-07
Disease	disease_1246	8.440608316744317e-07
Disease	disease_4332	8.436013052113385e-07
Disease	disease_10308	8.434761552864182e-07
Disease	disease_13044	8.433512294816815e-07
Disease	disease_13016	8.428492621691286e-07
Disease	disease_19019	8.426929440285231e-07
Disease	disease_18227	8.416504610080675e-07
Disease	disease_14536	8.416089989684078e-07
Disease	disease_14102	8.410108179778864e-07
Disease	disease_1576	8.406247670542376e-07
Disease	disease_24306	8.397406078377075e-07
Disease	disease_12850	8.387443970883245e-07
Disease	disease_14103	8.387203006479888e-07
Disease	disease_14107	8.379485621135192e-07
Disease	disease_14105	8.378579910553519e-07
Disease	disease_14461	8.378418620285703e-07
Disease	disease_14106	8.37744239620324e-07
Disease	disease_18081	8.377439540424733e-07
Disease	disease_13926	8.377350120945226e-07
Disease	disease_18913	8.367945086179229e-07
Disease	disease_5118	8.367336137405837e-07
Disease	disease_21666	8.362846662098598e-07
Disease	disease_7240	8.342181489465494e-07
Disease	disease_20662	8.340269629194648e-07
Disease	disease_4681	8.338356266705663e-07
Disease	disease_8674	8.333474029189815e-07
Disease	disease_10191	8.324980555661639e-07
Disease	disease_19139	8.299661896493579e-07
Disease	disease_33821	8.299449894249252e-07
Disease	disease_16251	8.291058334936525e-07
Disease	disease_9420	8.280732780992311e-07
Disease	disease_5910	8.279825845294132e-07
Disease	disease_10198	8.277797638241159e-07
Disease	disease_5152	8.261716963045044e-07
Disease	disease_6793	8.248313563118227e-07
Disease	disease_11232	8.243305888731657e-07
Disease	disease_7959	8.232043156054737e-07
Disease	disease_8380	8.231645642989787e-07
Disease	disease_7921	8.201840099004707e-07
Disease	disease_2426	8.193580836351678e-07
Disease	disease_6312	8.189910871513831e-07
Disease	disease_43364	8.185408904696214e-07
Disease	disease_8092	8.185089296618259e-07
Disease	disease_19201	8.183212742208622e-07
Disease	disease_225	8.178067470876677e-07
Disease	disease_19026	8.176135637490883e-07
Disease	disease_7524	8.165819493495026e-07
Disease	disease_9249	8.162559014660189e-07
Disease	disease_10635	8.149971573922675e-07
Disease	disease_18882	8.142311563732897e-07
Disease	disease_2657	8.139222478003951e-07
Disease	disease_6898	8.137711228807027e-07
Disease	disease_3749	8.132904753033595e-07
Disease	disease_18479	8.126660332205058e-07
Disease	disease_9267	8.123927426658211e-07
Disease	disease_6831	8.117768528427345e-07
Disease	disease_10641	8.114882466784321e-07
Disease	disease_2260	8.113525314906924e-07
Disease	disease_13040	8.112960732592827e-07
Disease	disease_13042	8.112114408205973e-07
Disease	disease_13043	8.11189591423816e-07
Disease	disease_13041	8.110335701296923e-07
Disease	disease_11885	8.100464027087467e-07
Disease	disease_12528	8.086343711129706e-07
Disease	disease_9100	8.075765281626804e-07
Disease	disease_2268	8.075183767253061e-07
Disease	disease_7183	8.07283444680534e-07
Disease	disease_9876	8.072606365211224e-07
Disease	disease_5004	8.070271321424338e-07
Disease	disease_11469	8.070221012056433e-07
Disease	disease_9335	8.066376404313247e-07
Disease	disease_19312	8.063349403527989e-07
Disease	disease_2776	8.048438488422219e-07
Disease	disease_9482	8.047776514948592e-07
Disease	disease_5567	8.044384592781352e-07
Disease	disease_16426	8.043359352717159e-07
Disease	disease_9519	8.042000729010562e-07
Disease	disease_16553	8.037517824623236e-07
Disease	disease_2714	8.031113142663026e-07
Disease	disease_3638	8.028878269961988e-07
Disease	disease_7844	8.022871421628784e-07
Disease	disease_8334	8.01537645535955e-07
Disease	disease_18890	8.007684834834675e-07
Disease	disease_5114	8.004091196864971e-07
Disease	disease_13910	8.003666682736561e-07
Disease	disease_42496	8.00333490627159e-07
Disease	disease_13911	8.000188659141554e-07
Disease	disease_12159	7.996257847844075e-07
Disease	disease_13631	7.996257847844075e-07
Disease	disease_12955	7.996257847844075e-07
Disease	disease_12942	7.996257847844075e-07
Disease	disease_12988	7.980192264936579e-07
Disease	disease_12880	7.978546242075399e-07
Disease	disease_13913	7.977985596712487e-07
Disease	disease_8250	7.961965447048939e-07
Disease	disease_9879	7.961506408076762e-07
Disease	disease_13006	7.958725489280221e-07
Disease	disease_17210	7.958287013043642e-07
Disease	disease_1226	7.945777426481635e-07
Disease	disease_17190	7.930662576040805e-07
Disease	disease_19125	7.918951995217602e-07
Disease	disease_5820	7.916456374436975e-07
Disease	disease_9377	7.907603527505422e-07
Disease	disease_19000	7.894085802547409e-07
Disease	disease_13961	7.892752449645273e-07
Disease	disease_15517	7.892068286334055e-07
Disease	disease_5381	7.882124677698647e-07
Disease	disease_15263	7.881198865498934e-07
Disease	disease_2181	7.880290687898505e-07
Disease	disease_19316	7.873885679432426e-07
Disease	disease_44917	7.854679851876125e-07
Disease	disease_19613	7.829566273378062e-07
Disease	disease_19464	7.826738163422867e-07
Disease	disease_4845	7.819226439319402e-07
Disease	disease_5439	7.819159524979374e-07
Disease	disease_18898	7.815933917317068e-07
Disease	disease_14888	7.809752243501312e-07
Disease	disease_18864	7.798916567198173e-07
Disease	disease_10946	7.78792750045959e-07
Disease	disease_15939	7.783807907607124e-07
Disease	disease_14782	7.778851207282512e-07
Disease	disease_13599	7.778544044216708e-07
Disease	disease_19963	7.76861119686972e-07
Disease	disease_12521	7.767351027934211e-07
Disease	disease_14317	7.761824319964807e-07
Disease	disease_15053	7.759534590202579e-07
Disease	disease_6559	7.756793719675949e-07
Disease	disease_18175	7.755421921746238e-07
Disease	disease_16345	7.752996785857345e-07
Disease	disease_8056	7.73806079914799e-07
Disease	disease_1555	7.735370854754719e-07
Disease	disease_2898	7.735150013247122e-07
Disease	disease_14166	7.729009528929581e-07
Disease	disease_694	7.726228575289247e-07
Disease	disease_20806	7.722592659726618e-07
Disease	disease_43008	7.722203896817678e-07
Disease	disease_7783	7.721088735791192e-07
Disease	disease_9332	7.714012184042506e-07
Disease	disease_4789	7.708142287010421e-07
Disease	disease_13914	7.707375167232636e-07
Disease	disease_4277	7.69650218212787e-07
Disease	disease_16687	7.653286375960916e-07
Disease	disease_16689	7.653286375960916e-07
Disease	disease_16688	7.653286375960916e-07
Disease	disease_3664	7.651861416403049e-07
Disease	disease_16988	7.643739330333545e-07
Disease	disease_17366	7.6395519994336e-07
Disease	disease_4553	7.636312058168724e-07
Disease	disease_5834	7.634721803166838e-07
Disease	disease_16384	7.632162298468551e-07
Disease	disease_13912	7.628254216729475e-07
Disease	disease_13915	7.624547707936067e-07
Disease	disease_2247	7.609604826231412e-07
Disease	disease_11989	7.595132658156985e-07
Disease	disease_5929	7.593897169681305e-07
Disease	disease_15760	7.592030383361425e-07
Disease	disease_8688	7.587204355024458e-07
Disease	disease_990	7.575317069589846e-07
Disease	disease_1090	7.575317069589846e-07
Disease	disease_5053	7.571700394427305e-07
Disease	disease_7571	7.569976329012844e-07
Disease	disease_17150	7.561564271573955e-07
Disease	disease_19032	7.561051708357204e-07
Disease	disease_18305	7.554592186011248e-07
Disease	disease_5440	7.550425179207178e-07
Disease	disease_19003	7.54900065521165e-07
Disease	disease_21108	7.546444937979478e-07
Disease	disease_9276	7.546128073075238e-07
Disease	disease_6014	7.545357804034933e-07
Disease	disease_837	7.540598626753217e-07
Disease	disease_8763	7.540135934164208e-07
Disease	disease_19721	7.538075639430542e-07
Disease	disease_18636	7.529327378308657e-07
Disease	disease_17408	7.512536992189567e-07
Disease	disease_469	7.50676966411932e-07
Disease	disease_6955	7.505853499702665e-07
Disease	disease_5737	7.502958071529833e-07
Disease	disease_7064	7.493278055459364e-07
Disease	disease_16706	7.492191191744658e-07
Disease	disease_43007	7.487792139802241e-07
Disease	disease_5569	7.481494638927319e-07
Disease	disease_25598	7.476994815985046e-07
Disease	disease_16595	7.475232546723322e-07
Disease	disease_17207	7.473961327752824e-07
Disease	disease_2326	7.473759868220111e-07
Disease	disease_7100	7.470290495952039e-07
Disease	disease_15104	7.460038367926707e-07
Disease	disease_20460	7.454329906193651e-07
Disease	disease_9692	7.450792648691017e-07
Disease	disease_18795	7.437022483779245e-07
Disease	disease_16695	7.427572913137418e-07
Disease	disease_15530	7.423674713069799e-07
Disease	disease_14472	7.406524321521866e-07
Disease	disease_16423	7.40498782653035e-07
Disease	disease_2012	7.401101272916161e-07
Disease	disease_13881	7.38994775809776e-07
Disease	disease_15796	7.388852512033862e-07
Disease	disease_8749	7.384768159454477e-07
Disease	disease_1641	7.384193463393904e-07
Disease	disease_11450	7.373009894685665e-07
Disease	disease_100326	7.372086543123219e-07
Disease	disease_11945	7.365415607041906e-07
Disease	disease_21668	7.355309035274332e-07
Disease	disease_13253	7.355237731820446e-07
Disease	disease_12933	7.353551136852539e-07
Disease	disease_16700	7.352387366503254e-07
Disease	disease_5372	7.344202439388061e-07
Disease	disease_16692	7.341590288853311e-07
Disease	disease_1195	7.337230478656246e-07
Disease	disease_11268	7.335916451718454e-07
Disease	disease_13669	7.335726185367345e-07
Disease	disease_15905	7.334996273193906e-07
Disease	disease_20674	7.333918017871377e-07
Disease	disease_828	7.333388593125266e-07
Disease	disease_610	7.327827098537974e-07
Disease	disease_8641	7.32152096034795e-07
Disease	disease_18843	7.317351869821776e-07
Disease	disease_18360	7.315135668228927e-07
Disease	disease_16696	7.314604557590282e-07
Disease	disease_1471	7.312613521289113e-07
Disease	disease_9251	7.311860730799837e-07
Disease	disease_10023	7.308784702916394e-07
Disease	disease_11601	7.306845781169797e-07
Disease	disease_7797	7.305050442197376e-07
Disease	disease_18153	7.285812103765442e-07
Disease	disease_17133	7.284850764254716e-07
Disease	disease_8038	7.271865841097791e-07
Disease	disease_6277	7.263249528100767e-07
Disease	disease_9220	7.246061159587899e-07
Disease	disease_4855	7.236157703192737e-07
Disease	disease_1088	7.234427679181861e-07
Disease	disease_1089	7.234427679181861e-07
Disease	disease_4780	7.234427679181861e-07
Disease	disease_13851	7.23309079555438e-07
Disease	disease_7534	7.231002185628485e-07
Disease	disease_1574	7.226896769723914e-07
Disease	disease_452	7.223237921340112e-07
Disease	disease_450	7.223237921340112e-07
Disease	disease_18689	7.220356468586598e-07
Disease	disease_18751	7.21824829042873e-07
Disease	disease_43839	7.217036124401614e-07
Disease	disease_17844	7.187339392244593e-07
Disease	disease_13081	7.184308169903961e-07
Disease	disease_8300	7.183476474561136e-07
Disease	disease_9925	7.183322815356686e-07
Disease	disease_16705	7.18304710954175e-07
Disease	disease_19170	7.173634606820351e-07
Disease	disease_9465	7.168866330816707e-07
Disease	disease_5777	7.163165799105051e-07
Disease	disease_2026	7.161197064534392e-07
Disease	disease_45057	7.158780545915849e-07
Disease	disease_6039	7.157286919647173e-07
Disease	disease_44751	7.154620643333315e-07
Disease	disease_4668	7.154501675294385e-07
Disease	disease_7947	7.148795649471876e-07
Disease	disease_10204	7.144320398307345e-07
Disease	disease_17860	7.142159349831436e-07
Disease	disease_6540	7.123776059896033e-07
Disease	disease_7407	7.11417736725592e-07
Disease	disease_17935	7.112781248360842e-07
Disease	disease_9849	7.108736782725979e-07
Disease	disease_6876	7.107482676387879e-07
Disease	disease_19639	7.102386334904352e-07
Disease	disease_8667	7.099457871947748e-07
Disease	disease_2428	7.085976299668921e-07
Disease	disease_6019	7.067379991280924e-07
Disease	disease_24498	7.067201109883504e-07
Disease	disease_11337	7.063566826400449e-07
Disease	disease_996	7.058800479716138e-07
Disease	disease_473	7.055562684277262e-07
Disease	disease_17755	7.052944616090136e-07
Disease	disease_951	7.04836590959379e-07
Disease	disease_8999	7.046484640117528e-07
Disease	disease_16707	7.042191724537374e-07
Disease	disease_10627	7.040867114595895e-07
Disease	disease_19992	7.035263856470264e-07
Disease	disease_9394	7.033548921804131e-07
Disease	disease_8725	7.027419142903265e-07
Disease	disease_5836	7.025032138046667e-07
Disease	disease_17612	7.024897412372347e-07
Disease	disease_8273	7.022597684353628e-07
Disease	disease_8855	7.015969662405408e-07
Disease	disease_6865	7.015150179073537e-07
Disease	disease_17704	7.007696480284894e-07
Disease	disease_1945	7.001221458695404e-07
Disease	disease_20075	6.991103129155924e-07
Disease	disease_15512	6.988802249341006e-07
Disease	disease_453	6.952596926817788e-07
Disease	disease_2834	6.947207102083657e-07
Disease	disease_13433	6.946536252103981e-07
Disease	disease_13855	6.946533304374744e-07
Disease	disease_6605	6.943243599296238e-07
Disease	disease_761	6.935796254341932e-07
Disease	disease_19933	6.934970806782827e-07
Disease	disease_24249	6.932234942169578e-07
Disease	disease_16690	6.930474857287617e-07
Disease	disease_19557	6.925637010361959e-07
Disease	disease_20067	6.922231242894702e-07
Disease	disease_17149	6.922144126779251e-07
Disease	disease_7465	6.914216158203269e-07
Disease	disease_10298	6.912328254076243e-07
Disease	disease_947	6.905090791304787e-07
Disease	disease_18251	6.886785172413392e-07
Disease	disease_3111	6.864988880335915e-07
Disease	disease_21154	6.852105697402535e-07
Disease	disease_3641	6.848343848607791e-07
Disease	disease_4522	6.846286290626428e-07
Disease	disease_6206	6.84065490802053e-07
Disease	disease_17046	6.840498671502344e-07
Disease	disease_20756	6.831522108394309e-07
Disease	disease_17278	6.827488178249741e-07
Disease	disease_5701	6.822504728861349e-07
Disease	disease_21350	6.816793937568795e-07
Disease	disease_5394	6.811935356118981e-07
Disease	disease_19520	6.799569634525948e-07
Disease	disease_20311	6.797719531906134e-07
Disease	disease_11405	6.787242665550279e-07
Disease	disease_7829	6.786050602698165e-07
Disease	disease_8399	6.780979490515309e-07
Disease	disease_24340	6.778149761546874e-07
Disease	disease_19524	6.763576545367821e-07
Disease	disease_19209	6.755960446372215e-07
Disease	disease_6945	6.753271920754704e-07
Disease	disease_4782	6.74211325988536e-07
Disease	disease_4691	6.738430774769298e-07
Disease	disease_11628	6.738342354135746e-07
Disease	disease_14416	6.735676337506363e-07
Disease	disease_2854	6.73548948075225e-07
Disease	disease_5564	6.735001907072065e-07
Disease	disease_10183	6.732518388154643e-07
Disease	disease_8015	6.70443007733242e-07
Disease	disease_19463	6.702320069652802e-07
Disease	disease_1263	6.689678131027139e-07
Disease	disease_8730	6.685671390474451e-07
Disease	disease_5448	6.673032697691067e-07
Disease	disease_6416	6.667566865842347e-07
Disease	disease_6525	6.663497827749023e-07
Disease	disease_15278	6.662157643493174e-07
Disease	disease_5700	6.660318309070537e-07
Disease	disease_5356	6.6597206089426e-07
Disease	disease_19499	6.658178544628324e-07
Disease	disease_5580	6.654386942015801e-07
Disease	disease_17693	6.653629055939645e-07
Disease	disease_5134	6.64395518641189e-07
Disease	disease_994	6.642568572651379e-07
Disease	disease_41447	6.633111078128226e-07
Disease	disease_54698	6.6317490072537e-07
Disease	disease_5095	6.630669535851737e-07
Disease	disease_10863	6.626707256814612e-07
Disease	disease_6150	6.624435028273866e-07
Disease	disease_873	6.620518988954514e-07
Disease	disease_1292	6.619228819997239e-07
Disease	disease_18975	6.618677660062272e-07
Disease	disease_18045	6.610965087995144e-07
Disease	disease_19562	6.610911364209637e-07
Disease	disease_19641	6.605018519825219e-07
Disease	disease_14306	6.586685706754813e-07
Disease	disease_4677	6.574013954077026e-07
Disease	disease_20334	6.568229572831864e-07
Disease	disease_15908	6.566893107123154e-07
Disease	disease_24619	6.550980559069543e-07
Disease	disease_19018	6.537721089087418e-07
Disease	disease_4978	6.534842672174308e-07
Disease	disease_15912	6.521544006976218e-07
Disease	disease_19682	6.50926957391917e-07
Disease	disease_5885	6.50268618897286e-07
Disease	disease_15019	6.500452035337346e-07
Disease	disease_18684	6.495165635757831e-07
Disease	disease_6268	6.48534052500131e-07
Disease	disease_10626	6.482927944255696e-07
Disease	disease_9176	6.473961424238912e-07
Disease	disease_13898	6.468993985267196e-07
Disease	disease_11939	6.463084356610008e-07
Disease	disease_17189	6.458736866220918e-07
Disease	disease_13021	6.454915751806626e-07
Disease	disease_2309	6.450978839259548e-07
Disease	disease_9818	6.447374916823629e-07
Disease	disease_9268	6.445008618581411e-07
Disease	disease_14241	6.444779530743921e-07
Disease	disease_9372	6.441304066949203e-07
Disease	disease_41186	6.440785478294167e-07
Disease	disease_13902	6.44050935906989e-07
Disease	disease_12017	6.435232812950308e-07
Disease	disease_19635	6.432745919913235e-07
Disease	disease_11361	6.428366118355455e-07
Disease	disease_11207	6.418715527706e-07
Disease	disease_6978	6.4124892588492e-07
Disease	disease_5498	6.410908502654718e-07
Disease	disease_18053	6.398644959060866e-07
Disease	disease_9352	6.392999136429531e-07
Disease	disease_18661	6.386930544570353e-07
Disease	disease_5808	6.372626516972019e-07
Disease	disease_37847	6.353618662464521e-07
Disease	disease_5695	6.35015630558292e-07
Disease	disease_1424	6.334889018156112e-07
Disease	disease_7450	6.334316755199931e-07
Disease	disease_24880	6.326531803045487e-07
Disease	disease_17380	6.325028158170403e-07
Disease	disease_4664	6.314864029513094e-07
Disease	disease_9282	6.314268717126519e-07
Disease	disease_19036	6.308368603414774e-07
Disease	disease_16372	6.303975435144511e-07
Disease	disease_33925	6.303770472949102e-07
Disease	disease_40732	6.292019076466656e-07
Disease	disease_10645	6.286851965414289e-07
Disease	disease_21657	6.285551575347127e-07
Disease	disease_43106	6.281873247338775e-07
Disease	disease_14405	6.279166865765926e-07
Disease	disease_41114	6.275301199365782e-07
Disease	disease_5361	6.258929823054607e-07
Disease	disease_7935	6.252890808256664e-07
Disease	disease_1290	6.252070917840883e-07
Disease	disease_15898	6.231347594177054e-07
Disease	disease_6665	6.230025589266489e-07
Disease	disease_19415	6.229104874774339e-07
Disease	disease_15584	6.227965794832913e-07
Disease	disease_878	6.226241348077703e-07
Disease	disease_477	6.226155562469749e-07
Disease	disease_9412	6.2260662006462e-07
Disease	disease_19632	6.221935819175222e-07
Disease	disease_2158	6.210949956045973e-07
Disease	disease_1	6.186943042624464e-07
Disease	disease_17375	6.179734632526964e-07
Disease	disease_12921	6.162022389764647e-07
Disease	disease_19365	6.153469681979609e-07
Disease	disease_879	6.153160266948303e-07
Disease	disease_7454	6.150918305759151e-07
Disease	disease_11123	6.149703096957429e-07
Disease	disease_11167	6.148512056968514e-07
Disease	disease_11168	6.148512056968514e-07
Disease	disease_44744	6.146277937128783e-07
Disease	disease_11068	6.144649100404788e-07
Disease	disease_5982	6.142975408616909e-07
Disease	disease_19612	6.13846688633202e-07
Disease	disease_12919	6.138077837875765e-07
Disease	disease_12422	6.136886797886849e-07
Disease	disease_10862	6.136886797886849e-07
Disease	disease_12920	6.136886797886849e-07
Disease	disease_11033	6.136886797886849e-07
Disease	disease_10864	6.136886797886849e-07
Disease	disease_11302	6.136886797886849e-07
Disease	disease_10861	6.136886797886849e-07
Disease	disease_11016	6.136886797886849e-07
Disease	disease_11572	6.136886797886849e-07
Disease	disease_13078	6.136886797886849e-07
Disease	disease_10950	6.136886797886849e-07
Disease	disease_12961	6.136886797886849e-07
Disease	disease_19960	6.135555108918185e-07
Disease	disease_5363	6.13511400096183e-07
Disease	disease_6730	6.12593463221638e-07
Disease	disease_7864	6.117083785045751e-07
Disease	disease_1316	6.115988001841734e-07
Disease	disease_6805	6.108722167014871e-07
Disease	disease_15012	6.105743470373717e-07
Disease	disease_16486	6.102973834913707e-07
Disease	disease_23283	6.098647793965159e-07
Disease	disease_16628	6.09747266296873e-07
Disease	disease_10196	6.096902280421142e-07
Disease	disease_18340	6.093237720244149e-07
Disease	disease_6225	6.088433724711656e-07
Disease	disease_18556	6.088020959316784e-07
Disease	disease_18355	6.07298804918089e-07
Disease	disease_15339	6.069989530437291e-07
Disease	disease_15063	6.061026126348915e-07
Disease	disease_3537	6.060647131133782e-07
Disease	disease_9889	6.046278267657678e-07
Disease	disease_9382	6.044820102861075e-07
Disease	disease_1155	6.044786271150163e-07
Disease	disease_4260	6.044786271150163e-07
Disease	disease_19835	6.020979354100358e-07
Disease	disease_8062	6.015232904005772e-07
Disease	disease_17259	6.011055520351568e-07
Disease	disease_40679	6.005017064039134e-07
Disease	disease_15133	6.000738371160694e-07
Disease	disease_8737	5.995332606226902e-07
Disease	disease_18448	5.991047328520112e-07
Disease	disease_5082	5.990533294203824e-07
Disease	disease_1100	5.990250430336451e-07
Disease	disease_19554	5.988082501393719e-07
Disease	disease_3005	5.985425146269381e-07
Disease	disease_24574	5.98000930955226e-07
Disease	disease_1247	5.979244614246086e-07
Disease	disease_6784	5.975917021626738e-07
Disease	disease_6857	5.975667270451955e-07
Disease	disease_2485	5.967783094971261e-07
Disease	disease_18019	5.964518007248931e-07
Disease	disease_15340	5.960685304421811e-07
Disease	disease_8556	5.949976027223881e-07
Disease	disease_4988	5.946144637977073e-07
Disease	disease_4600	5.944744383210471e-07
Disease	disease_11934	5.944051286972613e-07
Disease	disease_7796	5.936496265462252e-07
Disease	disease_18965	5.93492181272994e-07
Disease	disease_13540	5.934679107932441e-07
Disease	disease_14359	5.933481263498786e-07
Disease	disease_7349	5.933306510322693e-07
Disease	disease_19543	5.929580797421666e-07
Disease	disease_12700	5.927664956930636e-07
Disease	disease_7903	5.927293927521956e-07
Disease	disease_7940	5.926516097129952e-07
Disease	disease_7939	5.923444036047871e-07
Disease	disease_15945	5.915644571310439e-07
Disease	disease_7445	5.912262695473816e-07
Disease	disease_5583	5.912190487370545e-07
Disease	disease_5017	5.903212456764663e-07
Disease	disease_9949	5.891036726344246e-07
Disease	disease_8283	5.885333083790569e-07
Disease	disease_5537	5.87999973096341e-07
Disease	disease_5797	5.876341916344373e-07
Disease	disease_30867	5.872671859328082e-07
Disease	disease_914	5.87259193117085e-07
Disease	disease_5711	5.869569415929013e-07
Disease	disease_8727	5.868577159001153e-07
Disease	disease_10395	5.858746144641888e-07
Disease	disease_15696	5.857274898912055e-07
Disease	disease_4816	5.853439069532225e-07
Disease	disease_13458	5.835193558459922e-07
Disease	disease_15573	5.831000639553559e-07
Disease	disease_2508	5.82829705537103e-07
Disease	disease_16701	5.82752354751287e-07
Disease	disease_3937	5.822575035916868e-07
Disease	disease_4456	5.821871873471149e-07
Disease	disease_17409	5.808240832546658e-07
Disease	disease_2531	5.804372611568265e-07
Disease	disease_11374	5.797462073145788e-07
Disease	disease_6829	5.792345747454497e-07
Disease	disease_3655	5.789854325757895e-07
Disease	disease_1892	5.787751955751625e-07
Disease	disease_4584	5.78014314561475e-07
Disease	disease_11156	5.769835468092494e-07
Disease	disease_17291	5.769077956537164e-07
Disease	disease_29001	5.7658046227164e-07
Disease	disease_11303	5.764304101827158e-07
Disease	disease_2928	5.763908445568292e-07
Disease	disease_20481	5.763748651239233e-07
Disease	disease_8323	5.75806328315801e-07
Disease	disease_14243	5.749675360341261e-07
Disease	disease_18740	5.745185995591846e-07
Disease	disease_100215	5.738441330584934e-07
Disease	disease_9210	5.736574899948123e-07
Disease	disease_3408	5.733800950229492e-07
Disease	disease_6794	5.731066056497212e-07
Disease	disease_17575	5.728946975446045e-07
Disease	disease_18919	5.725255797631251e-07
Disease	disease_1422	5.721015833724057e-07
Disease	disease_9523	5.697471501001008e-07
Disease	disease_18956	5.694694264884543e-07
Disease	disease_17973	5.688794026696204e-07
Disease	disease_19161	5.687507555570219e-07
Disease	disease_5639	5.686327744733435e-07
Disease	disease_22839	5.686327744733435e-07
Disease	disease_4822	5.68472623463876e-07
Disease	disease_6510	5.683569507441614e-07
Disease	disease_15404	5.6817951164772e-07
Disease	disease_5365	5.676523221247769e-07
Disease	disease_16650	5.673582980432817e-07
Disease	disease_14005	5.669931411778353e-07
Disease	disease_17215	5.669456903536789e-07
Disease	disease_16505	5.666953048531147e-07
Disease	disease_12559	5.663456929574241e-07
Disease	disease_15403	5.662642095709712e-07
Disease	disease_5945	5.661346744770613e-07
Disease	disease_17100	5.654175258702785e-07
Disease	disease_9078	5.651537265945818e-07
Disease	disease_8034	5.650491162689445e-07
Disease	disease_6430	5.648028670917805e-07
Disease	disease_20527	5.647220484942668e-07
Disease	disease_17840	5.645200766319277e-07
Disease	disease_17839	5.645200766319277e-07
Disease	disease_19955	5.642667797019545e-07
Disease	disease_6661	5.6288763288477e-07
Disease	disease_19165	5.626011966937877e-07
Disease	disease_2482	5.617692355142854e-07
Disease	disease_9530	5.616958914185306e-07
Disease	disease_17972	5.615352003284238e-07
Disease	disease_7072	5.611439485889039e-07
Disease	disease_9000	5.609437667117111e-07
Disease	disease_5906	5.602972179193453e-07
Disease	disease_15064	5.601023989334991e-07
Disease	disease_993	5.593325018907328e-07
Disease	disease_19371	5.589356588973963e-07
Disease	disease_8311	5.58587240350268e-07
Disease	disease_18920	5.582973104079748e-07
Disease	disease_4051	5.582321559500661e-07
Disease	disease_2409	5.578286800809217e-07
Disease	disease_18608	5.578069763173923e-07
Disease	disease_8423	5.575064747009097e-07
Disease	disease_1879	5.573448187283499e-07
Disease	disease_2728	5.567505349793208e-07
Disease	disease_5539	5.554182213905276e-07
Disease	disease_13227	5.53658040689889e-07
Disease	disease_16511	5.532173145265329e-07
Disease	disease_20655	5.531264502041179e-07
Disease	disease_11086	5.525948374442158e-07
Disease	disease_19259	5.522549751314877e-07
Disease	disease_15374	5.502969421406898e-07
Disease	disease_19439	5.501121655992162e-07
Disease	disease_15628	5.498609252587919e-07
Disease	disease_15630	5.498609252587919e-07
Disease	disease_15631	5.498609252587919e-07
Disease	disease_15065	5.494613627491277e-07
Disease	disease_7669	5.49456328740292e-07
Disease	disease_79	5.487949057663652e-07
Disease	disease_10913	5.483321498175107e-07
Disease	disease_10771	5.483104884369319e-07
Disease	disease_6390	5.470229491808254e-07
Disease	disease_19434	5.466515778922099e-07
Disease	disease_20010	5.466454973060984e-07
Disease	disease_1827	5.462912007441133e-07
Disease	disease_8193	5.460154745089721e-07
Disease	disease_17282	5.458348009150818e-07
Disease	disease_6234	5.453630920294348e-07
Disease	disease_875	5.450802000044299e-07
Disease	disease_1308	5.440368863713446e-07
Disease	disease_1586	5.439057233194622e-07
Disease	disease_19944	5.434713174804858e-07
Disease	disease_14553	5.432308550269724e-07
Disease	disease_15926	5.431956887825866e-07
Disease	disease_100164	5.431033520709049e-07
Disease	disease_5961	5.430219227379791e-07
Disease	disease_9612	5.426625987963212e-07
Disease	disease_15629	5.425831559792048e-07
Disease	disease_16730	5.42499124531629e-07
Disease	disease_8599	5.419057875577937e-07
Disease	disease_10146	5.41505657871114e-07
Disease	disease_1821	5.411181552772314e-07
Disease	disease_15624	5.410857558040903e-07
Disease	disease_17306	5.410038208602128e-07
Disease	disease_6879	5.404146324624682e-07
Disease	disease_17853	5.39968564700866e-07
Disease	disease_24575	5.39870895610891e-07
Disease	disease_3500	5.396574134479366e-07
Disease	disease_2105	5.393302001522044e-07
Disease	disease_100146	5.384354387421411e-07
Disease	disease_17314	5.383276282699731e-07
Disease	disease_9569	5.379351972833533e-07
Disease	disease_16473	5.378539511369904e-07
Disease	disease_15268	5.376117972423283e-07
Disease	disease_9848	5.37496818843233e-07
Disease	disease_13560	5.362618891388681e-07
Disease	disease_8329	5.362329065066855e-07
Disease	disease_10026	5.359492949387617e-07
Disease	disease_5153	5.355614967562832e-07
Disease	disease_7478	5.355322859125886e-07
Disease	disease_3334	5.355258733119327e-07
Disease	disease_5746	5.3488831781951e-07
Disease	disease_4739	5.347357790374006e-07
Disease	disease_15474	5.345286003499309e-07
Disease	disease_13400	5.341461460099966e-07
Disease	disease_10002	5.33879125537292e-07
Disease	disease_21124	5.335773518749764e-07
Disease	disease_8434	5.333703236357439e-07
Disease	disease_620	5.329859016422188e-07
Disease	disease_440	5.322465186096789e-07
Disease	disease_20744	5.321699689275133e-07
Disease	disease_19344	5.320246022424015e-07
Disease	disease_26777	5.295527059998981e-07
Disease	disease_19474	5.292913088523617e-07
Disease	disease_6939	5.289712909707338e-07
Disease	disease_5669	5.284885410441378e-07
Disease	disease_5535	5.281779850716143e-07
Disease	disease_5526	5.279940859347847e-07
Disease	disease_10584	5.279349776262714e-07
Disease	disease_56815	5.277780119413379e-07
Disease	disease_7652	5.276945927828737e-07
Disease	disease_19056	5.275291639444443e-07
Disease	disease_22901	5.261299113621463e-07
Disease	disease_6226	5.254191344635028e-07
Disease	disease_2022	5.250988692382059e-07
Disease	disease_9044	5.249369263568562e-07
Disease	disease_11669	5.249066009225174e-07
Disease	disease_43224	5.247434423624131e-07
Disease	disease_19734	5.244784316747012e-07
Disease	disease_12724	5.240034182162889e-07
Disease	disease_8353	5.238692003719288e-07
Disease	disease_10675	5.229037056309209e-07
Disease	disease_9380	5.222542765266053e-07
Disease	disease_15561	5.215722490392705e-07
Disease	disease_18904	5.215617243052003e-07
Disease	disease_4956	5.212763741082748e-07
Disease	disease_56814	5.212763741082748e-07
Disease	disease_19175	5.210459252509213e-07
Disease	disease_8195	5.200213859712483e-07
Disease	disease_18454	5.197482318497871e-07
Disease	disease_19080	5.191856092920096e-07
Disease	disease_20509	5.189312604915941e-07
Disease	disease_6256	5.173508047970857e-07
Disease	disease_18879	5.168345382226805e-07
Disease	disease_6420	5.166460499889897e-07
Disease	disease_10576	5.165692981194626e-07
Disease	disease_12552	5.15531310134311e-07
Disease	disease_6290	5.15262585332e-07
Disease	disease_5983	5.151735188980545e-07
Disease	disease_2356	5.147487279187761e-07
Disease	disease_20755	5.144553071175497e-07
Disease	disease_32666	5.143508471799469e-07
Disease	disease_10247	5.139960213769824e-07
Disease	disease_5157	5.136506032006297e-07
Disease	disease_21046	5.135494261353378e-07
Disease	disease_2483	5.134043800675252e-07
Disease	disease_7542	5.122812598817062e-07
Disease	disease_871	5.115474007885156e-07
Disease	disease_6917	5.114852278538568e-07
Disease	disease_9216	5.113728294841462e-07
Disease	disease_6118	5.110679459332474e-07
Disease	disease_8818	5.107661678459891e-07
Disease	disease_19321	5.107042601758557e-07
Disease	disease_2488	5.102528109829794e-07
Disease	disease_100344	5.100750656379667e-07
Disease	disease_11383	5.098684362807089e-07
Disease	disease_1932	5.098443740993024e-07
Disease	disease_1734	5.090579343065122e-07
Disease	disease_10708	5.08472410162241e-07
Disease	disease_7572	5.083051823782505e-07
Disease	disease_19468	5.083017568776802e-07
Disease	disease_43176	5.081767214771391e-07
Disease	disease_1191	5.080565381320287e-07
Disease	disease_9026	5.078709299311044e-07
Disease	disease_42485	5.077439142450757e-07
Disease	disease_6119	5.076299405327635e-07
Disease	disease_1039	5.073320652282843e-07
Disease	disease_18820	5.071262485599654e-07
Disease	disease_19355	5.071143631161854e-07
Disease	disease_19215	5.070059655025345e-07
Disease	disease_16217	5.067757052214895e-07
Disease	disease_18626	5.067641175284329e-07
Disease	disease_6344	5.067009110475486e-07
Disease	disease_18541	5.065121673826223e-07
Disease	disease_3381	5.064763511715391e-07
Disease	disease_3950	5.062019679664013e-07
Disease	disease_44884	5.061559418016953e-07
Disease	disease_6760	5.059231555491097e-07
Disease	disease_9393	5.057088405170687e-07
Disease	disease_12764	5.050825350906768e-07
Disease	disease_2146	5.030995351427261e-07
Disease	disease_6337	5.029074494979134e-07
Disease	disease_10618	5.02618669769581e-07
Disease	disease_6464	5.020747958980466e-07
Disease	disease_9723	5.018242298501277e-07
Disease	disease_19162	5.016846949429451e-07
Disease	disease_7510	5.015685398414607e-07
Disease	disease_9292	5.015252031681381e-07
Disease	disease_18907	5.014493165171168e-07
Disease	disease_5186	5.010284667172305e-07
Disease	disease_2487	5.008916679224668e-07
Disease	disease_14548	5.008173369063689e-07
Disease	disease_17025	5.007997420763231e-07
Disease	disease_3411	5.006979918328182e-07
Disease	disease_18464	5.004617058242776e-07
Disease	disease_4953	5.00100080786949e-07
Disease	disease_2269	5.00012515016362e-07
Disease	disease_17598	4.996081013812903e-07
Disease	disease_19194	4.995991839136386e-07
Disease	disease_19105	4.995186477087457e-07
Disease	disease_939	4.994521843056457e-07
Disease	disease_18463	4.993284417873793e-07
Disease	disease_2522	4.992437420978591e-07
Disease	disease_5630	4.990875620410605e-07
Disease	disease_1601	4.989886388218169e-07
Disease	disease_24715	4.989598277225112e-07
Disease	disease_4768	4.985679656524058e-07
Disease	disease_15874	4.980527540570803e-07
Disease	disease_15264	4.979998097325114e-07
Disease	disease_11758	4.966845464394177e-07
Disease	disease_21073	4.964173717724993e-07
Disease	disease_7432	4.959321447863937e-07
Disease	disease_6552	4.954965598302978e-07
Disease	disease_6322	4.946937451404672e-07
Disease	disease_4152	4.946076181901984e-07
Disease	disease_4478	4.946076181901984e-07
Disease	disease_13606	4.945923583108783e-07
Disease	disease_6147	4.944552310121299e-07
Disease	disease_8751	4.938942045701678e-07
Disease	disease_8003	4.937867001827825e-07
Disease	disease_15777	4.935153372185416e-07
Disease	disease_2003	4.935042457738284e-07
Disease	disease_15270	4.919302364711911e-07
Disease	disease_2040	4.916228754493723e-07
Disease	disease_11448	4.912060524659767e-07
Disease	disease_20529	4.90949316335685e-07
Disease	disease_20633	4.90866357272964e-07
Disease	disease_9424	4.906892222289723e-07
Disease	disease_45	4.906482359115596e-07
Disease	disease_10785	4.906278982740701e-07
Disease	disease_9799	4.906036246763573e-07
Disease	disease_7930	4.905201856293345e-07
Disease	disease_17926	4.896540470808256e-07
Disease	disease_17192	4.896540470808256e-07
Disease	disease_17191	4.896540470808256e-07
Disease	disease_19552	4.891084928038986e-07
Disease	disease_9211	4.889502671178054e-07
Disease	disease_9937	4.87798654841917e-07
Disease	disease_16525	4.876694151808371e-07
Disease	disease_16296	4.871998300758016e-07
Disease	disease_18925	4.870323045362695e-07
Disease	disease_16370	4.87017761048299e-07
Disease	disease_6647	4.864275408593023e-07
Disease	disease_17823	4.862633410238014e-07
Disease	disease_17880	4.861715790072049e-07
Disease	disease_21699	4.861593414164221e-07
Disease	disease_16594	4.860226915887955e-07
Disease	disease_12551	4.858903034152032e-07
Disease	disease_6976	4.850318761107006e-07
Disease	disease_11462	4.84998312665711e-07
Disease	disease_17240	4.849420383143947e-07
Disease	disease_21945	4.848447562959225e-07
Disease	disease_21199	4.846055483543282e-07
Disease	disease_11576	4.844925820041186e-07
Disease	disease_13757	4.841746118303292e-07
Disease	disease_19383	4.84011848307717e-07
Disease	disease_1656	4.839496269303085e-07
Disease	disease_9874	4.836888739174867e-07
Disease	disease_9623	4.832020245638808e-07
Disease	disease_8265	4.82931271409002e-07
Disease	disease_16501	4.828141889586165e-07
Disease	disease_19402	4.826847185731823e-07
Disease	disease_16460	4.826290620968336e-07
Disease	disease_4033	4.826023969679248e-07
Disease	disease_18842	4.825645362442426e-07
Disease	disease_7436	4.816149476418468e-07
Disease	disease_13426	4.81410742058511e-07
Disease	disease_14459	4.809447408775055e-07
Disease	disease_11424	4.807649637762718e-07
Disease	disease_8907	4.807463328273801e-07
Disease	disease_16088	4.802210309403365e-07
Disease	disease_9472	4.8017867248537e-07
Disease	disease_19266	4.801430808579393e-07
Disease	disease_4658	4.800604860073144e-07
Disease	disease_10585	4.794199753337072e-07
Disease	disease_5130	4.791302645721258e-07
Disease	disease_548	4.791232468361015e-07
Disease	disease_19213	4.790071991495002e-07
Disease	disease_14200	4.785012020710971e-07
Disease	disease_5590	4.782805819297974e-07
Disease	disease_1104	4.778661900106977e-07
Disease	disease_9867	4.776465545955373e-07
Disease	disease_3982	4.776304378896859e-07
Disease	disease_9665	4.776128353162651e-07
Disease	disease_17638	4.773422017759259e-07
Disease	disease_7080	4.767576190288314e-07
Disease	disease_8535	4.7667629302236596e-07
Disease	disease_4369	4.764759138541328e-07
Disease	disease_17143	4.7537158197971634e-07
Disease	disease_18086	4.753236005296474e-07
Disease	disease_19145	4.7532313135850757e-07
Disease	disease_19296	4.7526336763970397e-07
Disease	disease_15900	4.7519368197291636e-07
Disease	disease_11073	4.75054204467034e-07
Disease	disease_9109	4.749998862161758e-07
Disease	disease_19207	4.7468768842701155e-07
Disease	disease_4648	4.7458256481026324e-07
Disease	disease_19293	4.7433690623641356e-07
Disease	disease_12321	4.743361147245779e-07
Disease	disease_18866	4.7416116611803065e-07
Disease	disease_13359	4.7364371889302005e-07
Disease	disease_18312	4.736274130131002e-07
Disease	disease_8998	4.7351093924180464e-07
Disease	disease_7088	4.7293148609592466e-07
Disease	disease_8612	4.728181451955891e-07
Disease	disease_2715	4.7273961782181463e-07
Disease	disease_100151	4.7241888805188186e-07
Disease	disease_11194	4.7235008891202326e-07
Disease	disease_18304	4.7122566965992726e-07
Disease	disease_2273	4.709959384916028e-07
Disease	disease_4983	4.707009238220624e-07
Disease	disease_24282	4.705096114245943e-07
Disease	disease_1577	4.7030686678536825e-07
Disease	disease_9444	4.701986811908986e-07
Disease	disease_5992	4.700909428027537e-07
Disease	disease_8393	4.6957042158090555e-07
Disease	disease_6513	4.683224750126559e-07
Disease	disease_14488	4.682881458089007e-07
Disease	disease_18458	4.6792808359342553e-07
Disease	disease_9902	4.6754491245160376e-07
Disease	disease_5761	4.673138324068456e-07
Disease	disease_7624	4.6727331519254926e-07
Disease	disease_8870	4.669502920521831e-07
Disease	disease_4957	4.666745755898484e-07
Disease	disease_12630	4.659023736553208e-07
Disease	disease_12609	4.659023736553208e-07
Disease	disease_12344	4.659023736553208e-07
Disease	disease_11401	4.659023736553208e-07
Disease	disease_12631	4.659023736553208e-07
Disease	disease_11561	4.659023736553208e-07
Disease	disease_11777	4.659023736553208e-07
Disease	disease_11647	4.659023736553208e-07
Disease	disease_2039	4.6535308370568965e-07
Disease	disease_7969	4.6452753045686996e-07
Disease	disease_11027	4.6446726080333043e-07
Disease	disease_11955	4.642596206246276e-07
Disease	disease_11072	4.642596206246276e-07
Disease	disease_11363	4.642596206246276e-07
Disease	disease_21639	4.6360180699935216e-07
Disease	disease_16348	4.6345008726633816e-07
Disease	disease_4872	4.6342888066182403e-07
Disease	disease_10520	4.63387938387828e-07
Disease	disease_10221	4.6332293566749013e-07
Disease	disease_19199	4.632799094633104e-07
Disease	disease_5974	4.623951531468412e-07
Disease	disease_9426	4.6188009114650797e-07
Disease	disease_9643	4.614810279769118e-07
Disease	disease_43510	4.6135333916802087e-07
Disease	disease_5827	4.6134184850887723e-07
Disease	disease_16502	4.613309004793936e-07
Disease	disease_9817	4.6132883502344955e-07
Disease	disease_12858	4.611495485184302e-07
Disease	disease_5628	4.603335314026817e-07
Disease	disease_5382	4.6019569783458856e-07
Disease	disease_17895	4.6003025707987336e-07
Disease	disease_18535	4.5962307374503775e-07
Disease	disease_8762	4.5948351783218847e-07
Disease	disease_19555	4.59425105082606e-07
Disease	disease_20066	4.588848205802099e-07
Disease	disease_16826	4.5862928037569845e-07
Disease	disease_18468	4.583975539252432e-07
Disease	disease_18029	4.5751921098246116e-07
Disease	disease_11864	4.5735324123347834e-07
Disease	disease_1493	4.573418685615968e-07
Disease	disease_4438	4.5716375174187974e-07
Disease	disease_11381	4.571032600046424e-07
Disease	disease_100252	4.562868027934432e-07
Disease	disease_11731	4.561647892139374e-07
Disease	disease_30602	4.558795590029457e-07
Disease	disease_521	4.554761666438557e-07
Disease	disease_24343	4.55246305440393e-07
Disease	disease_18186	4.5523593121038313e-07
Disease	disease_6739	4.5513083069889183e-07
Disease	disease_6512	4.5513083069889183e-07
Disease	disease_56813	4.5513083069889183e-07
Disease	disease_11338	4.550935201420534e-07
Disease	disease_18203	4.550224051061141e-07
Disease	disease_24410	4.547972758907176e-07
Disease	disease_10788	4.547909783962683e-07
Disease	disease_8988	4.5398365974828e-07
Disease	disease_42458	4.5363808891919267e-07
Disease	disease_21054	4.5354257892572623e-07
Disease	disease_18353	4.5290402161686944e-07
Disease	disease_15317	4.528960681247696e-07
Disease	disease_8223	4.5200450150101813e-07
Disease	disease_11208	4.517014376655085e-07
Disease	disease_11336	4.5161278192916664e-07
Disease	disease_7089	4.515420814569893e-07
Disease	disease_1943	4.507549376507274e-07
Disease	disease_13968	4.5069092611606076e-07
Disease	disease_18870	4.503265825686679e-07
Disease	disease_11157	4.500301059230331e-07
Disease	disease_16098	4.494346915481627e-07
Disease	disease_19028	4.4933494295396e-07
Disease	disease_2196	4.490666565853081e-07
Disease	disease_54699	4.485239221297693e-07
Disease	disease_43233	4.484819985666936e-07
Disease	disease_15491	4.4696957701295805e-07
Disease	disease_20519	4.461656861018351e-07
Disease	disease_15687	4.458831380063918e-07
Disease	disease_10412	4.4578907860331056e-07
Disease	disease_10438	4.450894580746665e-07
Disease	disease_9179	4.449477231054182e-07
Disease	disease_17368	4.448683814132471e-07
Disease	disease_11759	4.447194473779606e-07
Disease	disease_10461	4.4471495691779603e-07
Disease	disease_16685	4.4456566000193494e-07
Disease	disease_1085	4.4405100631240164e-07
Disease	disease_4298	4.4376779862305225e-07
Disease	disease_10299	4.434047862156031e-07
Disease	disease_3150	4.4338758092244324e-07
Disease	disease_11959	4.433192332665866e-07
Disease	disease_3193	4.433017218081049e-07
Disease	disease_20322	4.4304279245062464e-07
Disease	disease_15713	4.429431092169016e-07
Disease	disease_19556	4.428855565134332e-07
Disease	disease_15560	4.4275349053491637e-07
Disease	disease_16035	4.4275014842351756e-07
Disease	disease_2612	4.426594185143382e-07
Disease	disease_13091	4.42581562155916e-07
Disease	disease_2567	4.424670668904997e-07
Disease	disease_7116	4.4239836906963225e-07
Disease	disease_32809	4.4237353355262305e-07
Disease	disease_16823	4.4229562169641083e-07
Disease	disease_2701	4.4225366894826106e-07
Disease	disease_8222	4.4199688278378286e-07
Disease	disease_10598	4.41878648414555e-07
Disease	disease_24459	4.4114974035645646e-07
Disease	disease_19440	4.409044697058991e-07
Disease	disease_24354	4.408607887525492e-07
Disease	disease_11490	4.4036005049081227e-07
Disease	disease_4222	4.3990109706100884e-07
Disease	disease_32915	4.398154824601311e-07
Disease	disease_18855	4.395044103997529e-07
Disease	disease_31219	4.388906654588548e-07
Disease	disease_8919	4.387740692431912e-07
Disease	disease_4160	4.384104728434892e-07
Disease	disease_13000	4.3802776632955263e-07
Disease	disease_14192	4.3752224370772043e-07
Disease	disease_43789	4.372785459496194e-07
Disease	disease_2516	4.372070911149004e-07
Disease	disease_15612	4.3697787401861615e-07
Disease	disease_5172	4.3667767865741484e-07
Disease	disease_23865	4.366155007917617e-07
Disease	disease_17407	4.3642110698924917e-07
Disease	disease_15130	4.3628991405629477e-07
Disease	disease_14202	4.36249457082095e-07
Disease	disease_16369	4.358137873030951e-07
Disease	disease_5814	4.35700950747991e-07
Disease	disease_1717	4.3567382986695014e-07
Disease	disease_2907	4.3522946066421546e-07
Disease	disease_11631	4.349457543912268e-07
Disease	disease_9973	4.3491620607196713e-07
Disease	disease_5769	4.345877676832737e-07
Disease	disease_16761	4.3442832170861046e-07
Disease	disease_1676	4.3314964642999556e-07
Disease	disease_7269	4.330540298346079e-07
Disease	disease_21681	4.3302292550879656e-07
Disease	disease_20122	4.327572239024057e-07
Disease	disease_18181	4.323977878896121e-07
Disease	disease_5058	4.32260333898615e-07
Disease	disease_20310	4.303780279045883e-07
Disease	disease_15950	4.3023327058775766e-07
Disease	disease_7344	4.301727129746996e-07
Disease	disease_266	4.297306663750293e-07
Disease	disease_18208	4.2972810604275736e-07
Disease	disease_10209	4.2962351807196573e-07
Disease	disease_16756	4.2910179769671806e-07
Disease	disease_9266	4.289064276208328e-07
Disease	disease_5692	4.28742587280368e-07
Disease	disease_11095	4.281378773683525e-07
Disease	disease_8221	4.27861477494539e-07
Disease	disease_60715	4.2760677707456384e-07
Disease	disease_6710	4.276009131630626e-07
Disease	disease_6763	4.274058598517138e-07
Disease	disease_19409	4.273857102883334e-07
Disease	disease_5543	4.2708318738926644e-07
Disease	disease_15620	4.269812504832547e-07
Disease	disease_17814	4.268455294532247e-07
Disease	disease_18828	4.2676743014170993e-07
Disease	disease_9644	4.2623671605086193e-07
Disease	disease_15556	4.258325895624245e-07
Disease	disease_15555	4.258325895624245e-07
Disease	disease_15554	4.258325895624245e-07
Disease	disease_19576	4.258325895624245e-07
Disease	disease_20218	4.2549965055628237e-07
Disease	disease_17663	4.254977996790502e-07
Disease	disease_8918	4.2459782723384963e-07
Disease	disease_18699	4.2447774330227103e-07
Disease	disease_21635	4.244413038558739e-07
Disease	disease_7131	4.2414298375539294e-07
Disease	disease_10012	4.2402255481996655e-07
Disease	disease_14039	4.2377532568793844e-07
Disease	disease_9517	4.2373678561568913e-07
Disease	disease_18469	4.2334472319257597e-07
Disease	disease_8692	4.2329628601460254e-07
Disease	disease_18108	4.231959099048495e-07
Disease	disease_5203	4.2273548286158636e-07
Disease	disease_651	4.222945999923979e-07
Disease	disease_9676	4.2219909742285697e-07
Disease	disease_7034	4.221640905398438e-07
Disease	disease_15533	4.218775841932934e-07
Disease	disease_13975	4.218663517589518e-07
Disease	disease_15218	4.21745760618172e-07
Disease	disease_5499	4.2138409658238085e-07
Disease	disease_9290	4.2121179524047683e-07
Disease	disease_13225	4.207430628379394e-07
Disease	disease_5091	4.207205927246875e-07
Disease	disease_32848	4.206489898866432e-07
Disease	disease_2051	4.2054272255607767e-07
Disease	disease_43975	4.2011103532114324e-07
Disease	disease_3969	4.199394800960907e-07
Disease	disease_15285	4.199100455606082e-07
Disease	disease_17287	4.198712089034255e-07
Disease	disease_24548	4.1958734277815583e-07
Disease	disease_1701	4.1865530115299894e-07
Disease	disease_159	4.185290086655476e-07
Disease	disease_1117	4.1838289000111403e-07
Disease	disease_16603	4.182630232462105e-07
Disease	disease_100213	4.1815862578203526e-07
Disease	disease_8047	4.181576356393404e-07
Disease	disease_6693	4.176280766720026e-07
Disease	disease_18997	4.175727297449685e-07
Disease	disease_8779	4.172970695363034e-07
Disease	disease_8523	4.1666481358911265e-07
Disease	disease_15333	4.166443085343628e-07
Disease	disease_17265	4.165462558472634e-07
Disease	disease_16239	4.165275270731488e-07
Disease	disease_19027	4.164139212835777e-07
Disease	disease_16028	4.156241639641917e-07
Disease	disease_17615	4.1524270718342343e-07
Disease	disease_19082	4.149827354283037e-07
Disease	disease_16337	4.145822789013385e-07
Disease	disease_2525	4.143902526879037e-07
Disease	disease_7600	4.141935978440683e-07
Disease	disease_14353	4.1375891359125853e-07
Disease	disease_16333	4.1326590906637263e-07
Disease	disease_7383	4.132177477357987e-07
Disease	disease_9049	4.1313191783988406e-07
Disease	disease_11906	4.13126950581322e-07
Disease	disease_4990	4.130549905166809e-07
Disease	disease_15066	4.12987593904177e-07
Disease	disease_15006	4.129084165932489e-07
Disease	disease_17036	4.1289740531017167e-07
Disease	disease_43653	4.12609596244041e-07
Disease	disease_4555	4.1238668493105527e-07
Disease	disease_16272	4.1216455020184143e-07
Disease	disease_16812	4.1190457650646266e-07
Disease	disease_15583	4.1175669355917436e-07
Disease	disease_12011	4.116450628558113e-07
Disease	disease_25481	4.116073393166898e-07
Disease	disease_17148	4.113152852734351e-07
Disease	disease_15977	4.108456838917669e-07
Disease	disease_24651	4.1073646348329865e-07
Disease	disease_20576	4.1048825501921477e-07
Disease	disease_5625	4.1043577722671784e-07
Disease	disease_10382	4.1031629271045765e-07
Disease	disease_9329	4.1026652127611703e-07
Disease	disease_13279	4.098541660250274e-07
Disease	disease_5767	4.097796148161148e-07
Disease	disease_10086	4.097050742995579e-07
Disease	disease_8157	4.0965263976611775e-07
Disease	disease_5938	4.0837607906851716e-07
Disease	disease_13187	4.083706944565543e-07
Disease	disease_12524	4.082101467294191e-07
Disease	disease_19384	4.0792300290481293e-07
Disease	disease_44870	4.077742982347401e-07
Disease	disease_15231	4.071775880147031e-07
Disease	disease_700	4.071053223778563e-07
Disease	disease_21925	4.070368802077785e-07
Disease	disease_15335	4.0644535311393103e-07
Disease	disease_8965	4.0641319043459723e-07
Disease	disease_19720	4.0630424131702983e-07
Disease	disease_9092	4.058792973531295e-07
Disease	disease_18736	4.055629742922912e-07
Disease	disease_9381	4.0534103343097877e-07
Disease	disease_9399	4.052831895276593e-07
Disease	disease_6361	4.048726262767694e-07
Disease	disease_17243	4.0462336858348724e-07
Disease	disease_5649	4.043088428089256e-07
Disease	disease_5868	4.039893802363662e-07
Disease	disease_7071	4.0391494728058376e-07
Disease	disease_11177	4.037901572010163e-07
Disease	disease_4806	4.037837142054644e-07
Disease	disease_19600	4.0374950944503753e-07
Disease	disease_15780	4.036315259920291e-07
Disease	disease_1307	4.033543521068392e-07
Disease	disease_6563	4.0321713840450723e-07
Disease	disease_19957	4.0297411948863803e-07
Disease	disease_17884	4.022844080205874e-07
Disease	disease_15722	4.021536775401378e-07
Disease	disease_9376	4.0212939566027154e-07
Disease	disease_8814	4.0194273684398446e-07
Disease	disease_21697	4.0185198941507344e-07
Disease	disease_19205	4.017317295121315e-07
Disease	disease_618	4.0146341494648377e-07
Disease	disease_616	4.0146341494648377e-07
Disease	disease_17027	4.013562696741238e-07
Disease	disease_14609	4.0071196655031225e-07
Disease	disease_13245	4.0059538873264033e-07
Disease	disease_14315	4.001905908590259e-07
Disease	disease_19385	3.999152183094373e-07
Disease	disease_17024	3.9973156806212067e-07
Disease	disease_15274	3.9940003142268537e-07
Disease	disease_9287	3.993004650282873e-07
Disease	disease_148	3.986682814224395e-07
Disease	disease_20072	3.9858011332295196e-07
Disease	disease_17213	3.9840955302441435e-07
Disease	disease_24535	3.981505120684214e-07
Disease	disease_4517	3.9778372327264536e-07
Disease	disease_14421	3.974741924087588e-07
Disease	disease_18306	3.973849792895938e-07
Disease	disease_3429	3.9736682473207494e-07
Disease	disease_24990	3.968894755165811e-07
Disease	disease_15331	3.968845275955857e-07
Disease	disease_13135	3.9667321121677476e-07
Disease	disease_9145	3.9647101436570634e-07
Disease	disease_9992	3.9631327201400605e-07
Disease	disease_6451	3.961803367961161e-07
Disease	disease_7859	3.960599299689305e-07
Disease	disease_8231	3.9572319998184566e-07
Disease	disease_6579	3.9525537174878485e-07
Disease	disease_18993	3.946294442241806e-07
Disease	disease_9180	3.94594091352546e-07
Disease	disease_5643	3.945525760064782e-07
Disease	disease_16354	3.944488613644981e-07
Disease	disease_40998	3.938845628197164e-07
Disease	disease_15515	3.9371954440179367e-07
Disease	disease_20531	3.936500305428795e-07
Disease	disease_9064	3.934451795717059e-07
Disease	disease_17242	3.930120028101718e-07
Disease	disease_6117	3.9292779928215723e-07
Disease	disease_14109	3.926866899710334e-07
Disease	disease_1725	3.9253373474548447e-07
Disease	disease_54843	3.9220715661116026e-07
Disease	disease_100340	3.9183370860883525e-07
Disease	disease_5835	3.9159772362292305e-07
Disease	disease_8752	3.915958846669844e-07
Disease	disease_18873	3.911134274073927e-07
Disease	disease_8553	3.90710434709162e-07
Disease	disease_19101	3.9060478987116293e-07
Disease	disease_24666	3.9045377051348966e-07
Disease	disease_9738	3.9034892358980583e-07
Disease	disease_9246	3.903089098950276e-07
Disease	disease_14025	3.8995731612186055e-07
Disease	disease_21118	3.89529087254391e-07
Disease	disease_19341	3.891365722590959e-07
Disease	disease_18927	3.8911174224339575e-07
Disease	disease_19570	3.886698663499567e-07
Disease	disease_239	3.8861158950364725e-07
Disease	disease_11175	3.884456791903678e-07
Disease	disease_12522	3.883751461853404e-07
Disease	disease_9575	3.883479337670515e-07
Disease	disease_6324	3.882717706327202e-07
Disease	disease_615	3.882717706327202e-07
Disease	disease_24264	3.880271585411198e-07
Disease	disease_5790	3.879707557725602e-07
Disease	disease_10553	3.87335936715988e-07
Disease	disease_6373	3.8720382967159113e-07
Disease	disease_8185	3.8705718882802155e-07
Disease	disease_16908	3.8697243981887893e-07
Disease	disease_9293	3.868638103157797e-07
Disease	disease_10315	3.8673553432502436e-07
Disease	disease_5411	3.8657584377254055e-07
Disease	disease_15703	3.863544470485935e-07
Disease	disease_13863	3.855481774300108e-07
Disease	disease_11417	3.8553580993131896e-07
Disease	disease_14981	3.852959396044909e-07
Disease	disease_16002	3.849755281338534e-07
Disease	disease_20279	3.8490365081790853e-07
Disease	disease_6796	3.846241147725806e-07
Disease	disease_15999	3.8417534281899254e-07
Disease	disease_21056	3.8397965330204077e-07
Disease	disease_7000	3.838346495162417e-07
Disease	disease_9710	3.838102954622578e-07
Disease	disease_1166	3.8370598595080177e-07
Disease	disease_3659	3.8337452191594613e-07
Disease	disease_9475	3.833158575223727e-07
Disease	disease_2081	3.83285250041916e-07
Disease	disease_19788	3.8285600261740886e-07
Disease	disease_9721	3.8220096726488667e-07
Disease	disease_7097	3.8204848458590446e-07
Disease	disease_6545	3.814346717139314e-07
Disease	disease_41284	3.8097968349738175e-07
Disease	disease_15991	3.807725445828464e-07
Disease	disease_603	3.806855994779083e-07
Disease	disease_19852	3.803326435344234e-07
Disease	disease_18734	3.800083592182699e-07
Disease	disease_3085	3.7980841111831294e-07
Disease	disease_14550	3.7968666175810846e-07
Disease	disease_10457	3.793277044018198e-07
Disease	disease_15131	3.791788840929639e-07
Disease	disease_20082	3.791475386451189e-07
Disease	disease_20497	3.7908625805045174e-07
Disease	disease_5461	3.7899120605464105e-07
Disease	disease_20799	3.789113101724018e-07
Disease	disease_25303	3.785373401086602e-07
Disease	disease_4359	3.784847588328348e-07
Disease	disease_1072	3.7834088318534654e-07
Disease	disease_12417	3.783200807568611e-07
Disease	disease_12088	3.7817863165393974e-07
Disease	disease_5026	3.780689587231678e-07
Disease	disease_16340	3.7799575955303834e-07
Disease	disease_24636	3.779005094782719e-07
Disease	disease_32664	3.7779037761998374e-07
Disease	disease_15531	3.776301485503699e-07
Disease	disease_16704	3.775895907612798e-07
Disease	disease_9354	3.773628242146529e-07
Disease	disease_10631	3.7734724628816997e-07
Disease	disease_24502	3.769904215690639e-07
Disease	disease_24270	3.76896411902407e-07
Disease	disease_13852	3.7642580535729985e-07
Disease	disease_6892	3.763465552203163e-07
Disease	disease_3290	3.763465552203163e-07
Disease	disease_20466	3.7605785612728036e-07
Disease	disease_5316	3.758245644000784e-07
Disease	disease_19756	3.757504652513336e-07
Disease	disease_16355	3.757504652513336e-07
Disease	disease_10006	3.756918681369025e-07
Disease	disease_16408	3.755830188990028e-07
Disease	disease_5742	3.7546359878296235e-07
Disease	disease_6633	3.7546359878296235e-07
Disease	disease_732	3.7534884529570887e-07
Disease	disease_4852	3.7518448816739137e-07
Disease	disease_45072	3.749206107887507e-07
Disease	disease_9165	3.745521041883654e-07
Disease	disease_2286	3.7439902805621407e-07
Disease	disease_11366	3.7426142455891606e-07
Disease	disease_7109	3.7423040959781154e-07
Disease	disease_11827	3.7413059048882155e-07
Disease	disease_19757	3.740907509063489e-07
Disease	disease_19758	3.740907509063489e-07
Disease	disease_5989	3.74001940307429e-07
Disease	disease_5197	3.739409787540338e-07
Disease	disease_18940	3.7371535271473054e-07
Disease	disease_18782	3.73708332718022e-07
Disease	disease_12912	3.7370136557537566e-07
Disease	disease_7747	3.733933345485282e-07
Disease	disease_18582	3.7339189054864776e-07
Disease	disease_2165	3.7282855739734256e-07
Disease	disease_18168	3.7274584918998327e-07
Disease	disease_6519	3.726193082539066e-07
Disease	disease_1982	3.7189389229252724e-07
Disease	disease_14629	3.7180798099126563e-07
Disease	disease_17214	3.7152369667772667e-07
Disease	disease_19254	3.7136270342677006e-07
Disease	disease_19093	3.712894582998846e-07
Disease	disease_4875	3.7099645997803543e-07
Disease	disease_43994	3.7099645997803543e-07
Disease	disease_8179	3.7057408064371756e-07
Disease	disease_17146	3.7050962878637647e-07
Disease	disease_8295	3.7043526982455827e-07
Disease	disease_18013	3.7017188354344907e-07
Disease	disease_7039	3.6983209599098477e-07
Disease	disease_9105	3.6972030421038456e-07
Disease	disease_8061	3.695060021094605e-07
Disease	disease_15144	3.6920986031740747e-07
Disease	disease_4680	3.690429752651931e-07
Disease	disease_33261	3.68889275385783e-07
Disease	disease_414	3.6858152227395226e-07
Disease	disease_19257	3.6858085442790295e-07
Disease	disease_6243	3.68193971293195e-07
Disease	disease_15778	3.674288408699807e-07
Disease	disease_44778	3.6735608245219325e-07
Disease	disease_5449	3.6681706944604253e-07
Disease	disease_7318	3.6677443519646346e-07
Disease	disease_8938	3.667084554512064e-07
Disease	disease_1817	3.662664039886951e-07
Disease	disease_13208	3.661965833804676e-07
Disease	disease_2316	3.660539643163809e-07
Disease	disease_13357	3.6597038862005556e-07
Disease	disease_20259	3.659510019530246e-07
Disease	disease_41903	3.6590236021225364e-07
Disease	disease_11393	3.658844720652714e-07
Disease	disease_9717	3.6584322334282736e-07
Disease	disease_19642	3.657296014500888e-07
Disease	disease_17319	3.6545404224727844e-07
Disease	disease_15175	3.654381831545565e-07
Disease	disease_18167	3.652753007514909e-07
Disease	disease_22912	3.652753007514909e-07
Disease	disease_16342	3.6506527293536745e-07
Disease	disease_510	3.640284155069408e-07
Disease	disease_43905	3.6387162640174795e-07
Disease	disease_20331	3.6368811932224977e-07
Disease	disease_21503	3.6362102893274807e-07
Disease	disease_1484	3.636146137389418e-07
Disease	disease_15489	3.634387931618856e-07
Disease	disease_5623	3.6338109745089673e-07
Disease	disease_6295	3.631367453112051e-07
Disease	disease_3514	3.6312007951555323e-07
Disease	disease_7818	3.6300799360763236e-07
Disease	disease_16547	3.6287024084623667e-07
Disease	disease_41850	3.627255293889782e-07
Disease	disease_5417	3.626016699540864e-07
Disease	disease_8856	3.625817614187612e-07
Disease	disease_14216	3.623600493486333e-07
Disease	disease_14193	3.6226831598414456e-07
Disease	disease_4215	3.622398844788201e-07
Disease	disease_5219	3.6221951708366935e-07
Disease	disease_24551	3.6220773038177213e-07
Disease	disease_19739	3.6217709355187274e-07
Disease	disease_14215	3.621603665662862e-07
Disease	disease_19532	3.621200477506004e-07
Disease	disease_19147	3.620155134212518e-07
Disease	disease_12173	3.615211658620008e-07
Disease	disease_2631	3.6109346830197724e-07
Disease	disease_11013	3.6097833077406045e-07
Disease	disease_7739	3.606920051490631e-07
Disease	disease_9613	3.603971836555262e-07
Disease	disease_3778	3.601806609660652e-07
Disease	disease_16476	3.601098340471267e-07
Disease	disease_9883	3.5951425138772196e-07
Disease	disease_13878	3.5937929003065047e-07
Disease	disease_6649	3.5930156263568033e-07
Disease	disease_6658	3.592563345579142e-07
Disease	disease_14206	3.5923485261635945e-07
Disease	disease_10619	3.5910388774580425e-07
Disease	disease_17376	3.5890287949373543e-07
Disease	disease_20753	3.588761013911528e-07
Disease	disease_2518	3.587136610717805e-07
Disease	disease_7686	3.586302325450767e-07
Disease	disease_2628	3.58450150757351e-07
Disease	disease_43475	3.584177522913611e-07
Disease	disease_16504	3.5839631887401816e-07
Disease	disease_19337	3.5823023377364876e-07
Disease	disease_5651	3.580639212692992e-07
Disease	disease_9666	3.5796916632959583e-07
Disease	disease_2527	3.576803786065852e-07
Disease	disease_2887	3.576763391820731e-07
Disease	disease_19466	3.575566285975238e-07
Disease	disease_21189	3.5751653407348706e-07
Disease	disease_6363	3.575038228978615e-07
Disease	disease_12586	3.5734726837856454e-07
Disease	disease_12593	3.5726516164018463e-07
Disease	disease_24388	3.571815774342357e-07
Disease	disease_2886	3.5690056849774104e-07
Disease	disease_18666	3.562922984014894e-07
Disease	disease_4821	3.561562521325451e-07
Disease	disease_19437	3.55205590069901e-07
Disease	disease_13626	3.548371226884286e-07
Disease	disease_17989	3.5481198020895394e-07
Disease	disease_16129	3.5456341829214074e-07
Disease	disease_10149	3.542757573158065e-07
Disease	disease_3232	3.5420403339506945e-07
Disease	disease_889	3.5417711607219524e-07
Disease	disease_18202	3.540649782459333e-07
Disease	disease_9281	3.5390746198239244e-07
Disease	disease_17872	3.537995325218896e-07
Disease	disease_5077	3.537526418863445e-07
Disease	disease_13839	3.534470958639876e-07
Disease	disease_5111	3.5333965300442884e-07
Disease	disease_2420	3.530945003236545e-07
Disease	disease_14329	3.5300089350121285e-07
Disease	disease_1416	3.52959234465263e-07
Disease	disease_18593	3.529245893321784e-07
Disease	disease_19200	3.5214840410931264e-07
Disease	disease_16301	3.5194681219563634e-07
Disease	disease_24477	3.517486440009275e-07
Disease	disease_7130	3.516000060141563e-07
Disease	disease_15072	3.5148858597909765e-07
Disease	disease_15804	3.5134925052147203e-07
Disease	disease_916	3.5100216297829607e-07
Disease	disease_8587	3.5092089428197937e-07
Disease	disease_14574	3.508805924445146e-07
Disease	disease_20487	3.5066889218416953e-07
Disease	disease_13367	3.5064549354669766e-07
Disease	disease_8369	3.504704695301966e-07
Disease	disease_21148	3.501374577193161e-07
Disease	disease_19236	3.501019180272977e-07
Disease	disease_8055	3.501002084470237e-07
Disease	disease_7488	3.495661539523589e-07
Disease	disease_19747	3.4910393340486597e-07
Disease	disease_10582	3.4903842318181796e-07
Disease	disease_3299	3.4878593823727354e-07
Disease	disease_16537	3.485988301706776e-07
Disease	disease_5192	3.4840202986565997e-07
Disease	disease_19349	3.483241786728963e-07
Disease	disease_909	3.481994752033608e-07
Disease	disease_20729	3.4813635286982353e-07
Disease	disease_5800	3.478736942493715e-07
Disease	disease_7044	3.478457733903688e-07
Disease	disease_3332	3.478192754416221e-07
Disease	disease_6218	3.477632169820448e-07
Disease	disease_1971	3.4772620006900564e-07
Disease	disease_18604	3.47680356849148e-07
Disease	disease_5484	3.4750512584555796e-07
Disease	disease_100189	3.4740025794612916e-07
Disease	disease_7095	3.472589391279011e-07
Disease	disease_13559	3.472138582694522e-07
Disease	disease_7070	3.4702880505141957e-07
Disease	disease_6664	3.469771058064102e-07
Disease	disease_20467	3.469082977541235e-07
Disease	disease_20472	3.469082977541235e-07
Disease	disease_18841	3.4665833610563645e-07
Disease	disease_19913	3.46115021560319e-07
Disease	disease_8964	3.45993329660146e-07
Disease	disease_10880	3.4580384155818285e-07
Disease	disease_11242	3.4571801515282756e-07
Disease	disease_20579	3.452265651158251e-07
Disease	disease_19534	3.452089371237155e-07
Disease	disease_43731	3.452058184724476e-07
Disease	disease_16497	3.451807618266549e-07
Disease	disease_44	3.4508461726219607e-07
Disease	disease_16019	3.450637364177797e-07
Disease	disease_4082	3.4504139269454446e-07
Disease	disease_5030	3.448402563712471e-07
Disease	disease_6617	3.448104176423618e-07
Disease	disease_18868	3.4473445456152525e-07
Disease	disease_6921	3.445021823796434e-07
Disease	disease_3821	3.4433916795730083e-07
Disease	disease_6160	3.4411687417554104e-07
Disease	disease_3507	3.439249287582483e-07
Disease	disease_4275	3.4390799660512335e-07
Disease	disease_8060	3.4373074857161815e-07
Disease	disease_6988	3.430667302019608e-07
Disease	disease_1119	3.4293714222019594e-07
Disease	disease_42490	3.4281680873370593e-07
Disease	disease_12580	3.4268931031552485e-07
Disease	disease_12579	3.4255555394048957e-07
Disease	disease_15551	3.4239728508646543e-07
Disease	disease_9614	3.4225398242136e-07
Disease	disease_20336	3.4222698493154156e-07
Disease	disease_6162	3.419772424359857e-07
Disease	disease_7906	3.4189321963402494e-07
Disease	disease_13327	3.4157280355232076e-07
Disease	disease_2572	3.4156732206803695e-07
Disease	disease_3243	3.4153745467751275e-07
Disease	disease_11309	3.4153062265706606e-07
Disease	disease_4848	3.414315510496278e-07
Disease	disease_5169	3.413937051689547e-07
Disease	disease_8349	3.4137592293552013e-07
Disease	disease_11541	3.41363908110758e-07
Disease	disease_100251	3.413426857607912e-07
Disease	disease_4571	3.4115355709180746e-07
Disease	disease_6336	3.4081309659326855e-07
Disease	disease_18467	3.4068951305923407e-07
Disease	disease_8552	3.4066330831485984e-07
Disease	disease_1315	3.404114757027706e-07
Disease	disease_6419	3.4003184714230925e-07
Disease	disease_12272	3.400080920216763e-07
Disease	disease_12635	3.3968091993947604e-07
Disease	disease_17732	3.395065269649077e-07
Disease	disease_8318	3.3949591178759377e-07
Disease	disease_19834	3.3941350433716014e-07
Disease	disease_13372	3.3915536408635564e-07
Disease	disease_3245	3.391042667744872e-07
Disease	disease_9479	3.3888525340143064e-07
Disease	disease_8948	3.3881227705865804e-07
Disease	disease_2243	3.387231128401242e-07
Disease	disease_12992	3.3854867600833294e-07
Disease	disease_2632	3.3816729516017737e-07
Disease	disease_4050	3.3816729516017737e-07
Disease	disease_24656	3.379902711376785e-07
Disease	disease_17218	3.3790273842363385e-07
Disease	disease_5677	3.378718523137303e-07
Disease	disease_12897	3.3780412748311e-07
Disease	disease_9636	3.3740700576185467e-07
Disease	disease_19267	3.372063063650251e-07
Disease	disease_11588	3.366885593759052e-07
Disease	disease_8867	3.3665305508182175e-07
Disease	disease_4319	3.3660169123388817e-07
Disease	disease_4318	3.3660169123388817e-07
Disease	disease_7523	3.359817816295583e-07
Disease	disease_12335	3.358993171805806e-07
Disease	disease_18580	3.357231977671793e-07
Disease	disease_15709	3.3565261955554614e-07
Disease	disease_12203	3.3555678391932853e-07
Disease	disease_19336	3.355491962135843e-07
Disease	disease_17775	3.354904606593091e-07
Disease	disease_20836	3.352116169129464e-07
Disease	disease_16356	3.3500759230170237e-07
Disease	disease_19471	3.346780461218139e-07
Disease	disease_13517	3.3458192089343897e-07
Disease	disease_3709	3.340783351054239e-07
Disease	disease_9595	3.3361122775840396e-07
Disease	disease_6159	3.3325909639568817e-07
Disease	disease_9953	3.3324527382796264e-07
Disease	disease_20569	3.3324376247263065e-07
Disease	disease_15135	3.32965106746497e-07
Disease	disease_991	3.3263623259970524e-07
Disease	disease_41959	3.3258120041976273e-07
Disease	disease_19305	3.320541187355187e-07
Disease	disease_15488	3.310825503647502e-07
Disease	disease_15547	3.307887118029793e-07
Disease	disease_17694	3.304240888153773e-07
Disease	disease_12888	3.3039796152911084e-07
Disease	disease_20726	3.3028483017204977e-07
Disease	disease_10975	3.302001448689801e-07
Disease	disease_20088	3.3006135577761846e-07
Disease	disease_13194	3.300191642901693e-07
Disease	disease_12241	3.29968329479223e-07
Disease	disease_21055	3.2974224269103756e-07
Disease	disease_18149	3.2957736614789586e-07
Disease	disease_7110	3.292650581453638e-07
Disease	disease_100343	3.288821934706935e-07
Disease	disease_42983	3.2882507456288276e-07
Disease	disease_7924	3.2871734279561624e-07
Disease	disease_20499	3.2850770812349065e-07
Disease	disease_17855	3.281218252673043e-07
Disease	disease_15923	3.2800776890553877e-07
Disease	disease_261	3.2791773989874996e-07
Disease	disease_19962	3.2766498262683046e-07
Disease	disease_19188	3.273246836547336e-07
Disease	disease_12172	3.2730254573637497e-07
Disease	disease_9238	3.2722071094387896e-07
Disease	disease_5211	3.269703488013156e-07
Disease	disease_8695	3.267267102550989e-07
Disease	disease_12714	3.264570638305792e-07
Disease	disease_5704	3.2644612405276585e-07
Disease	disease_2922	3.2642617221061207e-07
Disease	disease_11686	3.264113648436277e-07
Disease	disease_2512	3.2611677723919413e-07
Disease	disease_20789	3.253282563655252e-07
Disease	disease_255	3.25143379352251e-07
Disease	disease_7758	3.250772387290855e-07
Disease	disease_21655	3.2485314594012645e-07
Disease	disease_21138	3.2465092332105836e-07
Disease	disease_6462	3.2445037378768675e-07
Disease	disease_5589	3.244203689958236e-07
Disease	disease_14211	3.2431496409292315e-07
Disease	disease_16613	3.240704910526553e-07
Disease	disease_20434	3.239940188620526e-07
Disease	disease_3628	3.238371500776645e-07
Disease	disease_13979	3.237306523699338e-07
Disease	disease_17733	3.2370289711302595e-07
Disease	disease_6387	3.235341527750223e-07
Disease	disease_3246	3.233793444230345e-07
Disease	disease_19533	3.2307546941143554e-07
Disease	disease_18922	3.2292412092884055e-07
Disease	disease_13874	3.2289925875084883e-07
Disease	disease_7916	3.22888386038901e-07
Disease	disease_14271	3.22815837736545e-07
Disease	disease_8491	3.227705730095907e-07
Disease	disease_20745	3.2258683315534206e-07
Disease	disease_8783	3.2248552186935034e-07
Disease	disease_10385	3.223382201038712e-07
Disease	disease_2816	3.221332955571606e-07
Disease	disease_21932	3.219429889667677e-07
Disease	disease_11142	3.217842633763094e-07
Disease	disease_11377	3.216536917102584e-07
Disease	disease_19625	3.2165141575536865e-07
Disease	disease_6836	3.2160337697761307e-07
Disease	disease_20352	3.215602236589559e-07
Disease	disease_8734	3.2154716944138195e-07
Disease	disease_10016	3.215210087156524e-07
Disease	disease_9158	3.2137969226773603e-07
Disease	disease_12557	3.2119349785026127e-07
Disease	disease_8215	3.2065625984200024e-07
Disease	disease_15073	3.2048014205833236e-07
Disease	disease_7856	3.204379768771708e-07
Disease	disease_11706	3.2012586496342684e-07
Disease	disease_9564	3.200801002104603e-07
Disease	disease_1875	3.2005468675673353e-07
Disease	disease_10130	3.199971197885112e-07
Disease	disease_5510	3.196700056960501e-07
Disease	disease_12050	3.195813620309754e-07
Disease	disease_12100	3.195813620309754e-07
Disease	disease_10745	3.1956216420597184e-07
Disease	disease_10651	3.1919792213481125e-07
Disease	disease_100110	3.1893354587457677e-07
Disease	disease_19977	3.1889422191164555e-07
Disease	disease_13370	3.1820294488753993e-07
Disease	disease_10592	3.179524153350582e-07
Disease	disease_100030	3.1772353342091674e-07
Disease	disease_44213	3.174795416502704e-07
Disease	disease_7057	3.1747070274307887e-07
Disease	disease_13171	3.173629432390448e-07
Disease	disease_11076	3.172866708449067e-07
Disease	disease_9009	3.171285779149681e-07
Disease	disease_1339	3.165722442453769e-07
Disease	disease_19845	3.165116038124681e-07
Disease	disease_13628	3.1640935560713337e-07
Disease	disease_12679	3.1622569985303723e-07
Disease	disease_18781	3.1613207326022135e-07
Disease	disease_17891	3.160723242626336e-07
Disease	disease_7099	3.1606831587194686e-07
Disease	disease_14309	3.1583177695019973e-07
Disease	disease_8501	3.157643059096899e-07
Disease	disease_16830	3.1575663321397866e-07
Disease	disease_14263	3.1555572971940644e-07
Disease	disease_5558	3.1543315425936685e-07
Disease	disease_6158	3.1523994065729963e-07
Disease	disease_2334	3.151515173127173e-07
Disease	disease_16362	3.148696404946297e-07
Disease	disease_17128	3.147829154835115e-07
Disease	disease_4808	3.147375410511404e-07
Disease	disease_2122	3.1435914796376223e-07
Disease	disease_10674	3.143316235570927e-07
Disease	disease_10035	3.142666523374126e-07
Disease	disease_18492	3.142212786936545e-07
Disease	disease_16368	3.1412096618934635e-07
Disease	disease_32586	3.1397317948952394e-07
Disease	disease_17778	3.139079678617175e-07
Disease	disease_17581	3.138591239177746e-07
Disease	disease_100285	3.138401730183045e-07
Disease	disease_5762	3.137989540393585e-07
Disease	disease_13439	3.137371323731396e-07
Disease	disease_11189	3.1373422535909143e-07
Disease	disease_14775	3.137007448705988e-07
Disease	disease_2038	3.1361230133272237e-07
Disease	disease_14452	3.135115951999778e-07
Disease	disease_14100	3.133180655381927e-07
Disease	disease_16167	3.126210231144583e-07
Disease	disease_9929	3.1251329628557544e-07
Disease	disease_6927	3.1215388775537294e-07
Disease	disease_18374	3.120832571668759e-07
Disease	disease_8825	3.1203283696519117e-07
Disease	disease_5886	3.1190310916608927e-07
Disease	disease_2702	3.1181356107206444e-07
Disease	disease_10017	3.116232907434545e-07
Disease	disease_12136	3.1161132465859253e-07
Disease	disease_16064	3.11339675730111e-07
Disease	disease_42493	3.112578077001953e-07
Disease	disease_13062	3.107866836370421e-07
Disease	disease_4572	3.1078184383341387e-07
Disease	disease_1485	3.1078184383341387e-07
Disease	disease_7273	3.1037995107216513e-07
Disease	disease_13282	3.102840366484852e-07
Disease	disease_1742	3.1024337048261915e-07
Disease	disease_1864	3.1024337048261915e-07
Disease	disease_8235	3.1020668432842195e-07
Disease	disease_5271	3.0969247322789425e-07
Disease	disease_10914	3.0960969998751336e-07
Disease	disease_10392	3.0955413921919984e-07
Disease	disease_6417	3.095317786705465e-07
Disease	disease_2331	3.0930237481717655e-07
Disease	disease_8753	3.092381260718622e-07
Disease	disease_1650	3.0916185349091525e-07
Disease	disease_5326	3.090791316997995e-07
Disease	disease_15111	3.0897851302768475e-07
Disease	disease_18333	3.087210221995354e-07
Disease	disease_9387	3.08632442733755e-07
Disease	disease_12997	3.084315674337103e-07
Disease	disease_14331	3.083178689541692e-07
Disease	disease_100194	3.0831003798558383e-07
Disease	disease_9339	3.0796368284161144e-07
Disease	disease_16003	3.0781819643368916e-07
Disease	disease_1150	3.078078418897815e-07
Disease	disease_18332	3.0779524132103257e-07
Disease	disease_9162	3.075968377166994e-07
Disease	disease_100243	3.073386413326397e-07
Disease	disease_17365	3.073089618670696e-07
Disease	disease_10743	3.0705605401370105e-07
Disease	disease_10581	3.065263587753895e-07
Disease	disease_1078	3.0643886815864356e-07
Disease	disease_7768	3.060864203961324e-07
Disease	disease_8276	3.0588194054219053e-07
Disease	disease_1214	3.0586931269700204e-07
Disease	disease_4264	3.0576417428440254e-07
Disease	disease_9637	3.055965470671209e-07
Disease	disease_19703	3.055803400273222e-07
Disease	disease_16602	3.054453012399475e-07
Disease	disease_9258	3.05391029136924e-07
Disease	disease_13522	3.04933298691187e-07
Disease	disease_23113	3.0451768348957354e-07
Disease	disease_11342	3.044147737257007e-07
Disease	disease_19190	3.0407814220655665e-07
Disease	disease_17029	3.0399645468342665e-07
Disease	disease_5971	3.037863130014645e-07
Disease	disease_17416	3.037248186430566e-07
Disease	disease_15979	3.037068835480344e-07
Disease	disease_19168	3.0370448740072316e-07
Disease	disease_18042	3.0362699140879045e-07
Disease	disease_8017	3.034710638674536e-07
Disease	disease_18075	3.0330073858747537e-07
Disease	disease_20380	3.0307798998567445e-07
Disease	disease_3346	3.0307534983010494e-07
Disease	disease_43370	3.0305305263043695e-07
Disease	disease_17851	3.029933774201511e-07
Disease	disease_9295	3.0298998240755226e-07
Disease	disease_6009	3.0296271560320584e-07
Disease	disease_1076	3.028544379768967e-07
Disease	disease_10304	3.0266645497861586e-07
Disease	disease_11314	3.0266645497861586e-07
Disease	disease_286	3.0214597766399183e-07
Disease	disease_15243	3.020939107366402e-07
Disease	disease_13557	3.019660848249725e-07
Disease	disease_4695	3.019418316795825e-07
Disease	disease_14830	3.0132755404060203e-07
Disease	disease_18770	3.011127658415945e-07
Disease	disease_32899	3.011109620472088e-07
Disease	disease_20544	3.0107125904782803e-07
Disease	disease_10225	3.0095968264963634e-07
Disease	disease_5631	3.0082461445749914e-07
Disease	disease_6564	3.007767017704746e-07
Disease	disease_15188	3.0066378941195937e-07
Disease	disease_3012	3.0052533136569616e-07
Disease	disease_262	3.004451969561119e-07
Disease	disease_36976	3.002886917197445e-07
Disease	disease_19046	2.9987651061919485e-07
Disease	disease_9458	2.998658191307971e-07
Disease	disease_2373	2.998117482537871e-07
Disease	disease_9823	2.9966753862004966e-07
Disease	disease_13024	2.9965469562835053e-07
Disease	disease_21033	2.9931478397308096e-07
Disease	disease_4907	2.9930569059884857e-07
Disease	disease_8199	2.992129946997162e-07
Disease	disease_7451	2.992055255495501e-07
Disease	disease_30703	2.989944683511701e-07
Disease	disease_18354	2.987483192834776e-07
Disease	disease_16271	2.984583012070232e-07
Disease	disease_3060	2.9843182442834467e-07
Disease	disease_15290	2.983075313196417e-07
Disease	disease_9484	2.9816693832057e-07
Disease	disease_6032	2.9780908132015346e-07
Disease	disease_18097	2.97787106612582e-07
Disease	disease_3406	2.9777828421542216e-07
Disease	disease_17824	2.976130118172961e-07
Disease	disease_9150	2.972726483524985e-07
Disease	disease_18895	2.9710337205185783e-07
Disease	disease_3578	2.970321641352929e-07
Disease	disease_19255	2.9697262805579294e-07
Disease	disease_5538	2.9677733828147796e-07
Disease	disease_18284	2.96535345625321e-07
Disease	disease_5065	2.962269727961897e-07
Disease	disease_10954	2.9618317804410997e-07
Disease	disease_13111	2.961790017680074e-07
Disease	disease_100220	2.957454934513013e-07
Disease	disease_15559	2.9556378870296854e-07
Disease	disease_8570	2.9516071364331003e-07
Disease	disease_100029	2.9448995130848264e-07
Disease	disease_22843	2.942278965493994e-07
Disease	disease_13364	2.9411521528707804e-07
Disease	disease_8260	2.938834368829132e-07
Disease	disease_15329	2.937468095867865e-07
Disease	disease_4525	2.937172721087821e-07
Disease	disease_10359	2.9358583775882533e-07
Disease	disease_3010	2.934709637972695e-07
Disease	disease_11822	2.93452730445791e-07
Disease	disease_54577	2.931443166423849e-07
Disease	disease_19031	2.9314109930809755e-07
Disease	disease_16506	2.931241004624051e-07
Disease	disease_15792	2.928274041647812e-07
Disease	disease_17411	2.927173302062186e-07
Disease	disease_415	2.9266274517585524e-07
Disease	disease_14268	2.926494564356505e-07
Disease	disease_12532	2.9264373889535577e-07
Disease	disease_20578	2.9248862992395497e-07
Disease	disease_5713	2.9247101250589174e-07
Disease	disease_2397	2.9220573035570123e-07
Disease	disease_9924	2.9168146582083093e-07
Disease	disease_2082	2.915075803380132e-07
Disease	disease_9102	2.9148044575609087e-07
Disease	disease_1852	2.914250443695786e-07
Disease	disease_18384	2.9131513045297666e-07
Disease	disease_14737	2.91271727414693e-07
Disease	disease_20754	2.9124902668116365e-07
Disease	disease_44740	2.9103896118367923e-07
Disease	disease_16050	2.9059601280868036e-07
Disease	disease_15163	2.9058757043761087e-07
Disease	disease_17396	2.9054882126159795e-07
Disease	disease_19846	2.903272398750824e-07
Disease	disease_10672	2.90054292551325e-07
Disease	disease_16425	2.8985541083607457e-07
Disease	disease_20280	2.8973802491011465e-07
Disease	disease_34145	2.8965748912103774e-07
Disease	disease_44204	2.8929396815444694e-07
Disease	disease_30044	2.892925957518488e-07
Disease	disease_9887	2.8915215401481074e-07
Disease	disease_9557	2.885215935481771e-07
Disease	disease_24239	2.884910994315009e-07
Disease	disease_24558	2.877291399812757e-07
Disease	disease_6735	2.8771442377531824e-07
Disease	disease_13766	2.876846912308443e-07
Disease	disease_33683	2.876061119169577e-07
Disease	disease_20074	2.875011012238769e-07
Disease	disease_8436	2.8702882212446796e-07
Disease	disease_15246	2.8702474618493656e-07
Disease	disease_22205	2.869275671781926e-07
Disease	disease_9423	2.869064228705259e-07
Disease	disease_3689	2.8679018892530534e-07
Disease	disease_18681	2.8670075733816963e-07
Disease	disease_19792	2.8649670253679213e-07
Disease	disease_17768	2.864402327482502e-07
Disease	disease_18576	2.862537027670867e-07
Disease	disease_3581	2.861856168174304e-07
Disease	disease_8892	2.857798041235138e-07
Disease	disease_20644	2.8573626352223045e-07
Disease	disease_10603	2.856555217963617e-07
Disease	disease_11874	2.8562086329573106e-07
Disease	disease_12673	2.856202334207309e-07
Disease	disease_12822	2.856202334207309e-07
Disease	disease_12952	2.856202334207309e-07
Disease	disease_12821	2.856202334207309e-07
Disease	disease_12823	2.856202334207309e-07
Disease	disease_12954	2.856202334207309e-07
Disease	disease_12951	2.856202334207309e-07
Disease	disease_21783	2.855226638699375e-07
Disease	disease_7403	2.854201855780514e-07
Disease	disease_4294	2.85117217127175e-07
Disease	disease_8967	2.8502242707568674e-07
Disease	disease_7849	2.849943664505759e-07
Disease	disease_9746	2.847994512405152e-07
Disease	disease_18006	2.8479163394730205e-07
Disease	disease_11670	2.8477121712655344e-07
Disease	disease_6922	2.847010441206979e-07
Disease	disease_16698	2.8447224144969364e-07
Disease	disease_19088	2.8445835087464325e-07
Disease	disease_18210	2.844091072784557e-07
Disease	disease_18209	2.844091072784557e-07
Disease	disease_19433	2.839843346907318e-07
Disease	disease_569	2.838182563999459e-07
Disease	disease_17950	2.8377062977116856e-07
Disease	disease_5715	2.836774284229454e-07
Disease	disease_13584	2.835185894461828e-07
Disease	disease_3252	2.8337994266516575e-07
Disease	disease_8807	2.831811210696981e-07
Disease	disease_15197	2.8310248778581714e-07
Disease	disease_8645	2.8262575767313073e-07
Disease	disease_21106	2.8226438364987497e-07
Disease	disease_43103	2.821618211333459e-07
Disease	disease_19285	2.8163592120288017e-07
Disease	disease_8648	2.8149425591858726e-07
Disease	disease_8660	2.8078509692441953e-07
Disease	disease_15216	2.807624066713253e-07
Disease	disease_43297	2.807556001057264e-07
Disease	disease_2546	2.807192648834847e-07
Disease	disease_9124	2.807097387862985e-07
Disease	disease_11136	2.8066360779221423e-07
Disease	disease_15089	2.8052888991582974e-07
Disease	disease_9529	2.8035917157908367e-07
Disease	disease_20587	2.8013082858370607e-07
Disease	disease_13193	2.7989867074983624e-07
Disease	disease_166	2.7978470556215957e-07
Disease	disease_8280	2.7975593741945955e-07
Disease	disease_8004	2.796853412028181e-07
Disease	disease_20689	2.7958882418922234e-07
Disease	disease_19263	2.7958727306952847e-07
Disease	disease_10031	2.7956895267231013e-07
Disease	disease_2108	2.7922909845103795e-07
Disease	disease_14884	2.78980964644598e-07
Disease	disease_19706	2.7873749252354363e-07
Disease	disease_9218	2.7843312674996916e-07
Disease	disease_507	2.779471793620492e-07
Disease	disease_9427	2.7785456378629666e-07
Disease	disease_6984	2.775789841944429e-07
Disease	disease_13556	2.775266074562632e-07
Disease	disease_20051	2.773884751336706e-07
Disease	disease_18945	2.772124330301588e-07
Disease	disease_15100	2.7672068732941435e-07
Disease	disease_3182	2.7671770008557063e-07
Disease	disease_16390	2.7627570162222633e-07
Disease	disease_8471	2.7605020556613325e-07
Disease	disease_18063	2.755550317032875e-07
Disease	disease_6030	2.753555594470774e-07
Disease	disease_5626	2.751873821244393e-07
Disease	disease_12519	2.74873654460274e-07
Disease	disease_3725	2.747183442307086e-07
Disease	disease_10328	2.7469518125956174e-07
Disease	disease_44070	2.7462761956210786e-07
Disease	disease_6572	2.746064005952883e-07
Disease	disease_6745	2.743866450135256e-07
Disease	disease_19891	2.743159164265153e-07
Disease	disease_34121	2.7430393549813483e-07
Disease	disease_6428	2.7426435776567474e-07
Disease	disease_6223	2.7426435776567474e-07
Disease	disease_44889	2.7426435776567474e-07
Disease	disease_901	2.7426435776567474e-07
Disease	disease_448	2.741215911454371e-07
Disease	disease_21953	2.73970740151859e-07
Disease	disease_8309	2.739083709976911e-07
Disease	disease_4689	2.7384702369306854e-07
Disease	disease_20676	2.7363395225032046e-07
Disease	disease_23557	2.735522823836857e-07
Disease	disease_44967	2.73497838905831e-07
Disease	disease_13983	2.733943837174772e-07
Disease	disease_13323	2.732616268478261e-07
Disease	disease_17954	2.7292190107037213e-07
Disease	disease_19372	2.7285552263336256e-07
Disease	disease_9958	2.7251742718837864e-07
Disease	disease_6855	2.723890903772576e-07
Disease	disease_5052	2.7224593125606095e-07
Disease	disease_17258	2.719333021797054e-07
Disease	disease_141	2.718070545534763e-07
Disease	disease_4958	2.716551310744568e-07
Disease	disease_4323	2.714635529001151e-07
Disease	disease_5976	2.7132063192448467e-07
Disease	disease_16418	2.7129945187182647e-07
Disease	disease_16256	2.7126342967211356e-07
Disease	disease_19313	2.711619138964053e-07
Disease	disease_21147	2.70932508192188e-07
Disease	disease_21040	2.7054223446404175e-07
Disease	disease_16487	2.70417670334182e-07
Disease	disease_5979	2.704120624923551e-07
Disease	disease_44347	2.704108015832924e-07
Disease	disease_8156	2.7023494147853347e-07
Disease	disease_3271	2.7021661141266644e-07
Disease	disease_2002	2.7021661141266644e-07
Disease	disease_6895	2.701846253774973e-07
Disease	disease_12004	2.701835946153025e-07
Disease	disease_19833	2.700669227098501e-07
Disease	disease_14498	2.699530040245024e-07
Disease	disease_17137	2.697581389643895e-07
Disease	disease_1318	2.695490767137522e-07
Disease	disease_1794	2.694929137993745e-07
Disease	disease_17016	2.693418408281804e-07
Disease	disease_14912	2.6931890613914605e-07
Disease	disease_11841	2.689959785849393e-07
Disease	disease_19130	2.6876062909745515e-07
Disease	disease_15045	2.6853577962176637e-07
Disease	disease_13995	2.6815923901590085e-07
Disease	disease_9278	2.6811783055687595e-07
Disease	disease_15892	2.6796042844946987e-07
Disease	disease_5999	2.6795460642677103e-07
Disease	disease_17577	2.67901686345915e-07
Disease	disease_100131	2.67771306846537e-07
Disease	disease_15919	2.6774845362556146e-07
Disease	disease_23628	2.6770723827807027e-07
Disease	disease_11760	2.67586572888299e-07
Disease	disease_4595	2.670951814780883e-07
Disease	disease_16680	2.669830535743761e-07
Disease	disease_12258	2.668122590838718e-07
Disease	disease_2882	2.665970016203355e-07
Disease	disease_4699	2.66504620320653e-07
Disease	disease_8819	2.6644504049923843e-07
Disease	disease_18954	2.6633091190919034e-07
Disease	disease_21568	2.663293726386982e-07
Disease	disease_16047	2.6588855519871034e-07
Disease	disease_23	2.6577779016990556e-07
Disease	disease_3837	2.6565734867944983e-07
Disease	disease_21640	2.654688196823886e-07
Disease	disease_7608	2.6544116565086183e-07
Disease	disease_9910	2.654247663838599e-07
Disease	disease_11851	2.6541125282392915e-07
Disease	disease_5080	2.652959181642362e-07
Disease	disease_7024	2.6526659553920654e-07
Disease	disease_6001	2.6517470519401227e-07
Disease	disease_19006	2.650293511251904e-07
Disease	disease_42233	2.6490395512554907e-07
Disease	disease_5184	2.648921340062776e-07
Disease	disease_12981	2.648562973942921e-07
Disease	disease_8075	2.648476714472541e-07
Disease	disease_2954	2.647872314638298e-07
Disease	disease_10253	2.647636382150955e-07
Disease	disease_8447	2.647598944204885e-07
Disease	disease_12440	2.645535951471077e-07
Disease	disease_11845	2.645535951471077e-07
Disease	disease_11850	2.645535951471077e-07
Disease	disease_12441	2.645535951471077e-07
Disease	disease_4272	2.6411611476511697e-07
Disease	disease_4633	2.640936445828595e-07
Disease	disease_4604	2.640936445828595e-07
Disease	disease_20330	2.640936445828595e-07
Disease	disease_20328	2.640936445828595e-07
Disease	disease_25085	2.6406301540433285e-07
Disease	disease_11190	2.640312358969879e-07
Disease	disease_913	2.6400791387448215e-07
Disease	disease_7140	2.638118597932495e-07
Disease	disease_5664	2.637810595107023e-07
Disease	disease_7030	2.6367882413428396e-07
Disease	disease_16450	2.635980045830641e-07
Disease	disease_5747	2.634864825715638e-07
Disease	disease_944	2.634506791634779e-07
Disease	disease_9230	2.6336191989378744e-07
Disease	disease_5770	2.6326689446733853e-07
Disease	disease_11098	2.6324372178487525e-07
Disease	disease_7601	2.631918419944902e-07
Disease	disease_100339	2.631905793396911e-07
Disease	disease_19292	2.6311451514622727e-07
Disease	disease_19024	2.62641835900619e-07
Disease	disease_19745	2.6253845678836705e-07
Disease	disease_839	2.6242234394033714e-07
Disease	disease_15304	2.623271496156695e-07
Disease	disease_17185	2.6220054181004626e-07
Disease	disease_19746	2.621456837096904e-07
Disease	disease_5451	2.6213474215905e-07
Disease	disease_13521	2.6193543888946215e-07
Disease	disease_10926	2.6160550685426865e-07
Disease	disease_15371	2.6131295524249804e-07
Disease	disease_13940	2.6130085731072454e-07
Disease	disease_608	2.6129647427616753e-07
Disease	disease_45038	2.611652068307113e-07
Disease	disease_27407	2.610587975026697e-07
Disease	disease_15617	2.6084110681735523e-07
Disease	disease_19572	2.6071297405145534e-07
Disease	disease_17147	2.6069717239990184e-07
Disease	disease_19771	2.606164621058019e-07
Disease	disease_4279	2.6047322676907755e-07
Disease	disease_5883	2.603918831746415e-07
Disease	disease_14564	2.603905596249421e-07
Disease	disease_19268	2.6004861614763293e-07
Disease	disease_3989	2.599709311780424e-07
Disease	disease_16579	2.5996162505847616e-07
Disease	disease_18982	2.5991752988128717e-07
Disease	disease_1423	2.598261785457507e-07
Disease	disease_10293	2.598119829108113e-07
Disease	disease_17885	2.596066233527813e-07
Disease	disease_369	2.5953826679492154e-07
Disease	disease_8996	2.5949135825503813e-07
Disease	disease_25294	2.5945789604428634e-07
Disease	disease_5848	2.59301920088188e-07
Disease	disease_8303	2.5920040950932345e-07
Disease	disease_16600	2.5916345733994576e-07
Disease	disease_14403	2.5914295150298954e-07
Disease	disease_12143	2.591190918145986e-07
Disease	disease_5042	2.590883510447431e-07
Disease	disease_18158	2.589831763826188e-07
Disease	disease_20101	2.58954412251541e-07
Disease	disease_5481	2.5889361173068364e-07
Disease	disease_12334	2.5883211342970917e-07
Disease	disease_11816	2.5881748746890656e-07
Disease	disease_18959	2.5877584905046566e-07
Disease	disease_19297	2.586922458715938e-07
Disease	disease_13623	2.5857879680665547e-07
Disease	disease_703	2.585598303809582e-07
Disease	disease_8192	2.584612506368549e-07
Disease	disease_6946	2.5841036548906756e-07
Disease	disease_8145	2.5827305111692114e-07
Disease	disease_11474	2.578429766377458e-07
Disease	disease_17184	2.57785799841718e-07
Disease	disease_14953	2.5769058272615184e-07
Disease	disease_9215	2.57678732073233e-07
Disease	disease_960	2.574775862402834e-07
Disease	disease_30903	2.5731719495362205e-07
Disease	disease_19928	2.571407480947557e-07
Disease	disease_9741	2.5706343185373807e-07
Disease	disease_5357	2.5678785128892347e-07
Disease	disease_11544	2.56508073346967e-07
Disease	disease_8394	2.564058914508759e-07
Disease	disease_3769	2.5636264154939303e-07
Disease	disease_20144	2.563139392133011e-07
Disease	disease_19800	2.562005293971027e-07
Disease	disease_1621	2.560233666044922e-07
Disease	disease_2473	2.560128635537683e-07
Disease	disease_8354	2.5592312581242677e-07
Disease	disease_17183	2.5561662825091483e-07
Disease	disease_14727	2.5557066150200294e-07
Disease	disease_4649	2.555683605939698e-07
Disease	disease_13808	2.55533108806786e-07
Disease	disease_3402	2.554388386404271e-07
Disease	disease_19735	2.5530261201856126e-07
Disease	disease_7893	2.5498805711253016e-07
Disease	disease_11214	2.5491361020057535e-07
Disease	disease_591	2.54453364210563e-07
Disease	disease_17026	2.5443868190477066e-07
Disease	disease_11961	2.543759311951164e-07
Disease	disease_9661	2.5432478319076416e-07
Disease	disease_14715	2.5431887818000453e-07
Disease	disease_8203	2.541592977382436e-07
Disease	disease_5380	2.540638046212448e-07
Disease	disease_5028	2.5403646855550757e-07
Disease	disease_8094	2.5395626855078343e-07
Disease	disease_1325	2.537738648273148e-07
Disease	disease_8560	2.537543358471919e-07
Disease	disease_7015	2.536579840759511e-07
Disease	disease_8564	2.5315510390846835e-07
Disease	disease_19535	2.5295584591078787e-07
Disease	disease_12179	2.528412825352537e-07
Disease	disease_21656	2.527734553482129e-07
Disease	disease_15291	2.5272127913219864e-07
Disease	disease_3009	2.5267068201480766e-07
Disease	disease_12074	2.526539170343868e-07
Disease	disease_8036	2.526184189463147e-07
Disease	disease_17244	2.5251806492227807e-07
Disease	disease_13571	2.525140715160066e-07
Disease	disease_10831	2.5249335972364583e-07
Disease	disease_19454	2.5238553023157e-07
Disease	disease_19609	2.518905585784101e-07
Disease	disease_1298	2.5183415293895855e-07
Disease	disease_18999	2.518047235695301e-07
Disease	disease_13267	2.5168315015484697e-07
Disease	disease_42370	2.515591606107543e-07
Disease	disease_15046	2.5150648424608463e-07
Disease	disease_13652	2.514446706547124e-07
Disease	disease_6731	2.5136554217962486e-07
Disease	disease_19173	2.5076574786452417e-07
Disease	disease_14518	2.5052588875945955e-07
Disease	disease_20158	2.5034658364542445e-07
Disease	disease_9242	2.5032472705427165e-07
Disease	disease_8493	2.5024315794214835e-07
Disease	disease_5496	2.5014861092119835e-07
Disease	disease_16268	2.5005178004897787e-07
Disease	disease_8133	2.500382805561924e-07
Disease	disease_9504	2.4997739427971457e-07
Disease	disease_5780	2.498294427238152e-07
Disease	disease_15027	2.4981854543457397e-07
Disease	disease_9816	2.4980574967368927e-07
Disease	disease_14558	2.4976405185377206e-07
Disease	disease_15710	2.497333048399041e-07
Disease	disease_18352	2.4963956756580554e-07
Disease	disease_14744	2.4962011591551326e-07
Disease	disease_100296	2.494530738149349e-07
Disease	disease_9213	2.4931265771867e-07
Disease	disease_16933	2.491705285931448e-07
Disease	disease_18715	2.491492054785058e-07
Disease	disease_14352	2.486397360820636e-07
Disease	disease_11012	2.484621807601647e-07
Disease	disease_16584	2.483985979243757e-07
Disease	disease_9274	2.483400697776366e-07
Disease	disease_43919	2.482216650692092e-07
Disease	disease_21569	2.4821274914702765e-07
Disease	disease_12676	2.480954343552538e-07
Disease	disease_10680	2.480614392403018e-07
Disease	disease_12231	2.4805129499282726e-07
Disease	disease_11325	2.480328619250596e-07
Disease	disease_5943	2.478958062102059e-07
Disease	disease_17118	2.4776266141813173e-07
Disease	disease_11718	2.4757466356955566e-07
Disease	disease_15336	2.475563453847429e-07
Disease	disease_19144	2.473963357780939e-07
Disease	disease_7845	2.472798111801554e-07
Disease	disease_14969	2.470324406008272e-07
Disease	disease_10953	2.469926572579328e-07
Disease	disease_25483	2.4693505840689565e-07
Disease	disease_9214	2.467832450658109e-07
Disease	disease_10731	2.466694081892881e-07
Disease	disease_6122	2.466391598065858e-07
Disease	disease_33636	2.4660757355658614e-07
Disease	disease_29134	2.4617374959901575e-07
Disease	disease_5391	2.461448744143604e-07
Disease	disease_10802	2.460582599323781e-07
Disease	disease_19370	2.459788539142633e-07
Disease	disease_5515	2.459376757858632e-07
Disease	disease_8689	2.458993005165513e-07
Disease	disease_18223	2.457115785430068e-07
Disease	disease_14761	2.456957542200181e-07
Disease	disease_14754	2.4560714988582395e-07
Disease	disease_21160	2.4540097921545254e-07
Disease	disease_12322	2.4530210289004704e-07
Disease	disease_1625	2.452465451024212e-07
Disease	disease_15880	2.4506714302504917e-07
Disease	disease_7667	2.446517585525587e-07
Disease	disease_15152	2.4441469158951383e-07
Disease	disease_8186	2.443779152975801e-07
Disease	disease_7239	2.4426619518691547e-07
Disease	disease_12455	2.441338650624191e-07
Disease	disease_33541	2.4384496021764955e-07
Disease	disease_5193	2.4379147609034003e-07
Disease	disease_15306	2.4374128014167724e-07
Disease	disease_11225	2.437219815688359e-07
Disease	disease_16075	2.4367138381918843e-07
Disease	disease_11216	2.433856528425098e-07
Disease	disease_43775	2.433078939209299e-07
Disease	disease_1012	2.43235659890209e-07
Disease	disease_20524	2.4317243356996583e-07
Disease	disease_12124	2.4300590955639984e-07
Disease	disease_17014	2.4283386825042917e-07
Disease	disease_19214	2.4276814125132895e-07
Disease	disease_12118	2.427205123547615e-07
Disease	disease_45060	2.4268753852723473e-07
Disease	disease_12192	2.4264427143468406e-07
Disease	disease_9012	2.4261693939183463e-07
Disease	disease_1929	2.425977739755086e-07
Disease	disease_1928	2.425977739755086e-07
Disease	disease_10642	2.4257192392533164e-07
Disease	disease_14481	2.425466197263186e-07
Disease	disease_16330	2.424254876452602e-07
Disease	disease_18963	2.4226537514012685e-07
Disease	disease_21223	2.422165098193298e-07
Disease	disease_19225	2.4218523443876973e-07
Disease	disease_4869	2.421278325247435e-07
Disease	disease_20102	2.420044556269603e-07
Disease	disease_15283	2.418253937707134e-07
Disease	disease_3554	2.417135579338887e-07
Disease	disease_18157	2.4137136399515865e-07
Disease	disease_24283	2.4118720838812044e-07
Disease	disease_18901	2.409674124549927e-07
Disease	disease_2267	2.409498702074339e-07
Disease	disease_18105	2.4065337293444297e-07
Disease	disease_7203	2.4045378216744287e-07
Disease	disease_24529	2.404516372365256e-07
Disease	disease_18373	2.4034957068451277e-07
Disease	disease_3400	2.403297980633909e-07
Disease	disease_12072	2.4010443065759717e-07
Disease	disease_5788	2.4008479186149337e-07
Disease	disease_3646	2.399872289575614e-07
Disease	disease_16365	2.399729357193783e-07
Disease	disease_16739	2.3983781999389166e-07
Disease	disease_9933	2.395212613645677e-07
Disease	disease_8808	2.395016942500448e-07
Disease	disease_43314	2.3950123622463264e-07
Disease	disease_5722	2.391870341156606e-07
Disease	disease_18356	2.39081771250559e-07
Disease	disease_19939	2.3886788337130983e-07
Disease	disease_16227	2.3879508101727724e-07
Disease	disease_6042	2.3877671910483783e-07
Disease	disease_8406	2.3876192886809983e-07
Disease	disease_918	2.387606063908873e-07
Disease	disease_17030	2.3866262825250677e-07
Disease	disease_9411	2.3861101237433807e-07
Disease	disease_5620	2.3848901449082524e-07
Disease	disease_19528	2.3836532203184866e-07
Disease	disease_10503	2.3833297025307443e-07
Disease	disease_14448	2.383035006044495e-07
Disease	disease_8072	2.3829706886086003e-07
Disease	disease_18559	2.3813279387556874e-07
Disease	disease_19044	2.3801407344946197e-07
Disease	disease_15171	2.3791484207138845e-07
Disease	disease_6757	2.378746106689057e-07
Disease	disease_19751	2.378568585767918e-07
Disease	disease_13184	2.3768157920806205e-07
Disease	disease_20533	2.3753883899995732e-07
Disease	disease_2143	2.3750799371335634e-07
Disease	disease_9280	2.3722138419376445e-07
Disease	disease_19802	2.3718932631429198e-07
Disease	disease_302	2.371077765853639e-07
Disease	disease_762	2.370561286510307e-07
Disease	disease_13661	2.37028823079537e-07
Disease	disease_31037	2.370272573426578e-07
Disease	disease_9397	2.3700322059708308e-07
Disease	disease_7623	2.3698565523492374e-07
Disease	disease_3629	2.3689598105387406e-07
Disease	disease_18645	2.364649643931874e-07
Disease	disease_2637	2.3642024209815616e-07
Disease	disease_14528	2.3638329398303286e-07
Disease	disease_33554	2.3637146625763054e-07
Disease	disease_16416	2.3610467283545134e-07
Disease	disease_15194	2.3599740521516414e-07
Disease	disease_3404	2.3585403609538664e-07
Disease	disease_17233	2.3577476492598001e-07
Disease	disease_15791	2.3565569012647718e-07
Disease	disease_12594	2.356434319138334e-07
Disease	disease_4653	2.3561669368087903e-07
Disease	disease_5269	2.355550487690184e-07
Disease	disease_44684	2.35516151345755e-07
Disease	disease_15292	2.3535788035450925e-07
Disease	disease_100156	2.3531891943863624e-07
Disease	disease_8111	2.352104243707937e-07
Disease	disease_14449	2.3515743487056639e-07
Disease	disease_23726	2.3511882198902567e-07
Disease	disease_5156	2.348563192103336e-07
Disease	disease_4209	2.346282954362418e-07
Disease	disease_20591	2.3462258997178035e-07
Disease	disease_19314	2.3456079146221946e-07
Disease	disease_20378	2.3402339444343753e-07
Disease	disease_2330	2.3398773825063212e-07
Disease	disease_16536	2.3389574925022225e-07
Disease	disease_54813	2.3385956228071779e-07
Disease	disease_8817	2.3385929185076484e-07
Disease	disease_6505	2.3379961081347078e-07
Disease	disease_10644	2.3378648894576077e-07
Disease	disease_4614	2.337786834082754e-07
Disease	disease_16106	2.3349942779613996e-07
Disease	disease_19193	2.3349534370874168e-07
Disease	disease_14776	2.334833454550782e-07
Disease	disease_10257	2.330283549114245e-07
Disease	disease_14956	2.3295973637435856e-07
Disease	disease_20480	2.3285987689125128e-07
Disease	disease_20724	2.3281722560554217e-07
Disease	disease_13768	2.326221361628678e-07
Disease	disease_15366	2.3238680659049667e-07
Disease	disease_15069	2.3230593879109407e-07
Disease	disease_20435	2.3225574892232994e-07
Disease	disease_19976	2.3215588100769058e-07
Disease	disease_5603	2.3206151458827914e-07
Disease	disease_18005	2.3204712836901223e-07
Disease	disease_4004	2.3202038492239167e-07
Disease	disease_10401	2.319971586469078e-07
Disease	disease_3144	2.3193958495760653e-07
Disease	disease_16380	2.31739857803086e-07
Disease	disease_7248	2.31623027121981e-07
Disease	disease_12737	2.3158318348414693e-07
Disease	disease_17841	2.3158000725817489e-07
Disease	disease_5933	2.3146785874486103e-07
Disease	disease_12248	2.3143097793028292e-07
Disease	disease_1033	2.3142893207292408e-07
Disease	disease_15119	2.3115549814370148e-07
Disease	disease_13872	2.3081557875630195e-07
Disease	disease_24757	2.3078609169206443e-07
Disease	disease_23370	2.3078459962980297e-07
Disease	disease_12758	2.307464882439413e-07
Disease	disease_12741	2.3072271319545742e-07
Disease	disease_12597	2.3071929574551454e-07
Disease	disease_12768	2.3065589715942822e-07
Disease	disease_12093	2.3065589715942822e-07
Disease	disease_12244	2.3065589715942822e-07
Disease	disease_10405	2.3065589715942822e-07
Disease	disease_12770	2.3065589715942822e-07
Disease	disease_12300	2.3065589715942822e-07
Disease	disease_11270	2.3065589715942822e-07
Disease	disease_12094	2.3065589715942822e-07
Disease	disease_12769	2.3065589715942822e-07
Disease	disease_12470	2.3065589715942822e-07
Disease	disease_12620	2.3065589715942822e-07
Disease	disease_12393	2.3034551158338236e-07
Disease	disease_9578	2.30283073385874e-07
Disease	disease_9934	2.302706584752842e-07
Disease	disease_9323	2.3004034872653397e-07
Disease	disease_9835	2.300022873664647e-07
Disease	disease_8348	2.2993278818911786e-07
Disease	disease_6812	2.299168798936428e-07
Disease	disease_9495	2.2976887720505948e-07
Disease	disease_16471	2.2964923655961717e-07
Disease	disease_10730	2.2958065541334945e-07
Disease	disease_1632	2.2952238284234358e-07
Disease	disease_24505	2.2949889674374533e-07
Disease	disease_6294	2.2948534260668366e-07
Disease	disease_9260	2.2938810052455632e-07
Disease	disease_14092	2.2917694361747979e-07
Disease	disease_8073	2.291170264062671e-07
Disease	disease_5595	2.290507886799222e-07
Disease	disease_18570	2.288313567386548e-07
Disease	disease_13331	2.2881972134654431e-07
Disease	disease_8721	2.287664714758834e-07
Disease	disease_536	2.285359749288256e-07
Disease	disease_44726	2.283990172382341e-07
Disease	disease_18351	2.2830113376399344e-07
Disease	disease_15454	2.2828676208437745e-07
Disease	disease_18673	2.2806121247444933e-07
Disease	disease_11547	2.2794532186826888e-07
Disease	disease_24674	2.2790173493320768e-07
Disease	disease_17879	2.2759670408677144e-07
Disease	disease_19301	2.2747736248799398e-07
Disease	disease_7772	2.2744976056455232e-07
Disease	disease_1115	2.273760080000199e-07
Disease	disease_11158	2.2713480796945924e-07
Disease	disease_15455	2.270981217363276e-07
Disease	disease_19154	2.2661175289459246e-07
Disease	disease_15776	2.2659025217494095e-07
Disease	disease_3394	2.2650325131550012e-07
Disease	disease_13128	2.2644905181878148e-07
Disease	disease_18089	2.2644577930210238e-07
Disease	disease_20532	2.262503011926177e-07
Disease	disease_4736	2.2618074473678605e-07
Disease	disease_13782	2.261693402480887e-07
Disease	disease_2837	2.261688053942634e-07
Disease	disease_9626	2.260486844825476e-07
Disease	disease_10496	2.2584543868949858e-07
Disease	disease_9627	2.2583334070720633e-07
Disease	disease_9159	2.255845646663889e-07
Disease	disease_7435	2.2542184091622876e-07
Disease	disease_16542	2.254139447508211e-07
Disease	disease_13139	2.2533301949759624e-07
Disease	disease_14891	2.2518105744185625e-07
Disease	disease_18893	2.2484723536483584e-07
Disease	disease_33543	2.2466554008059575e-07
Disease	disease_100255	2.2465847751012886e-07
Disease	disease_13778	2.246451814684601e-07
Disease	disease_1479	2.2460308123539492e-07
Disease	disease_7508	2.2459473513837503e-07
Disease	disease_17361	2.2455503246966685e-07
Disease	disease_16327	2.2453847333873667e-07
Disease	disease_13310	2.2425670310343538e-07
Disease	disease_13781	2.2419520249813772e-07
Disease	disease_9454	2.241760018048836e-07
Disease	disease_45063	2.2417326602681742e-07
Disease	disease_18043	2.2400621128100643e-07
Disease	disease_13777	2.2399153287216307e-07
Disease	disease_18816	2.2377931412318666e-07
Disease	disease_11624	2.2319528186185192e-07
Disease	disease_20057	2.2313905843649386e-07
Disease	disease_17838	2.229901311313746e-07
Disease	disease_9754	2.2292955604787878e-07
Disease	disease_45031	2.2280730050031962e-07
Disease	disease_14881	2.2238853387366082e-07
Disease	disease_9863	2.2231804258774545e-07
Disease	disease_13240	2.222355983488652e-07
Disease	disease_18647	2.2204272798493016e-07
Disease	disease_15453	2.2198384863247758e-07
Disease	disease_15953	2.219435441375238e-07
Disease	disease_45068	2.217132461419664e-07
Disease	disease_18902	2.216270630911426e-07
Disease	disease_19827	2.2158512043857047e-07
Disease	disease_22409	2.2145203867908648e-07
Disease	disease_13018	2.2139981188932648e-07
Disease	disease_13767	2.2132367400620712e-07
Disease	disease_4631	2.21292593257072e-07
Disease	disease_11229	2.2124717881516845e-07
Disease	disease_24945	2.211405255147619e-07
Disease	disease_14735	2.2069309439664192e-07
Disease	disease_24412	2.2068770523064274e-07
Disease	disease_100291	2.2049379463964597e-07
Disease	disease_5853	2.204881087493276e-07
Disease	disease_19501	2.2048771981927573e-07
Disease	disease_8822	2.2043452259288856e-07
Disease	disease_1791	2.201995584065386e-07
Disease	disease_5894	2.2019950528881873e-07
Disease	disease_7414	2.2016381170547192e-07
Disease	disease_2008	2.2012362866982258e-07
Disease	disease_20125	2.2010451352639485e-07
Disease	disease_19071	2.2007361623658284e-07
Disease	disease_13951	2.1999114949059967e-07
Disease	disease_16407	2.199735120197294e-07
Disease	disease_20545	2.1984034156137461e-07
Disease	disease_9340	2.1969932650133244e-07
Disease	disease_19083	2.1969852528903984e-07
Disease	disease_7925	2.1963018820336433e-07
Disease	disease_20301	2.1956684677597458e-07
Disease	disease_338	2.1954938888375766e-07
Disease	disease_18662	2.194439994173028e-07
Disease	disease_43079	2.1936788356367156e-07
Disease	disease_20728	2.1930478576188454e-07
Disease	disease_9069	2.1926988895343688e-07
Disease	disease_30702	2.1910390787953057e-07
Disease	disease_1260	2.189088643592859e-07
Disease	disease_922	2.1888098474326141e-07
Disease	disease_412	2.1881477894789613e-07
Disease	disease_1220	2.1880962765646595e-07
Disease	disease_1242	2.1866620079037615e-07
Disease	disease_1509	2.1862608087649764e-07
Disease	disease_20437	2.184003017273122e-07
Disease	disease_20364	2.1821155293217046e-07
Disease	disease_13999	2.1815318954896463e-07
Disease	disease_9043	2.1814043186003593e-07
Disease	disease_3008	2.180151001886645e-07
Disease	disease_7871	2.1797530894414887e-07
Disease	disease_10060	2.1794494735510745e-07
Disease	disease_21229	2.1779975695191632e-07
Disease	disease_3321	2.1778424695962798e-07
Disease	disease_12084	2.174354596112584e-07
Disease	disease_16708	2.1733105955842638e-07
Disease	disease_6681	2.1730590484880356e-07
Disease	disease_17432	2.1716676523888433e-07
Disease	disease_10951	2.170288006855577e-07
Disease	disease_10188	2.1691594934669417e-07
Disease	disease_9151	2.1684749584915027e-07
Disease	disease_9882	2.1682232940282003e-07
Disease	disease_12675	2.1672783664026423e-07
Disease	disease_10120	2.16682449596379e-07
Disease	disease_41052	2.1661620887408763e-07
Disease	disease_15597	2.1658261794690212e-07
Disease	disease_17292	2.1650519666884484e-07
Disease	disease_14576	2.1635587363482618e-07
Disease	disease_19708	2.1633566285354364e-07
Disease	disease_44354	2.162881581874419e-07
Disease	disease_5206	2.1627104175786188e-07
Disease	disease_15501	2.1622685509982495e-07
Disease	disease_13074	2.1621983852273083e-07
Disease	disease_24525	2.1607724221775522e-07
Disease	disease_6015	2.1587486310659007e-07
Disease	disease_15951	2.1586507099449254e-07
Disease	disease_13283	2.158395982362197e-07
Disease	disease_9486	2.1583400236565108e-07
Disease	disease_10164	2.1582964043980324e-07
Disease	disease_10894	2.157168213237074e-07
Disease	disease_7922	2.156327558367456e-07
Disease	disease_24881	2.1555650646041679e-07
Disease	disease_16822	2.1549013006271824e-07
Disease	disease_33640	2.1547321180060399e-07
Disease	disease_5787	2.1539756857217412e-07
Disease	disease_11765	2.1538478849055086e-07
Disease	disease_8319	2.1535952206478876e-07
Disease	disease_7417	2.1526164373229803e-07
Disease	disease_10687	2.1517698106435614e-07
Disease	disease_11063	2.151201813090754e-07
Disease	disease_7574	2.149597956172194e-07
Disease	disease_9940	2.1495882356458513e-07
Disease	disease_6107	2.1495703475804147e-07
Disease	disease_13677	2.1447579219449264e-07
Disease	disease_17286	2.1419111361608296e-07
Disease	disease_11599	2.1402006864168182e-07
Disease	disease_14837	2.1401154168796725e-07
Disease	disease_12624	2.1400379034108163e-07
Disease	disease_44200	2.138268392049147e-07
Disease	disease_21921	2.1379681893627453e-07
Disease	disease_12715	2.137750653760505e-07
Disease	disease_14957	2.1377485253038724e-07
Disease	disease_7009	2.1373150790199528e-07
Disease	disease_18024	2.13713570786219e-07
Disease	disease_9439	2.1353822018897543e-07
Disease	disease_44915	2.1343974012549245e-07
Disease	disease_19087	2.1330507869823685e-07
Disease	disease_19719	2.132771307564943e-07
Disease	disease_12738	2.1322163540943463e-07
Disease	disease_19672	2.1318959738983748e-07
Disease	disease_24685	2.130393896988514e-07
Disease	disease_32909	2.1298641602434714e-07
Disease	disease_14146	2.1266793633065288e-07
Disease	disease_18538	2.12662971403127e-07
Disease	disease_43985	2.1265954229705904e-07
Disease	disease_13693	2.1259373448786445e-07
Disease	disease_12016	2.1257217936353092e-07
Disease	disease_7312	2.125645309469136e-07
Disease	disease_20230	2.1249023279255342e-07
Disease	disease_32756	2.124373457727628e-07
Disease	disease_8289	2.1235637718665204e-07
Disease	disease_12313	2.122248270104208e-07
Disease	disease_1607	2.1221357958078265e-07
Disease	disease_4620	2.1208842492565168e-07
Disease	disease_6522	2.1205184200134483e-07
Disease	disease_5784	2.1197799761175367e-07
Disease	disease_17182	2.1196686504036424e-07
Disease	disease_9561	2.1195844261937494e-07
Disease	disease_6913	2.119549535104495e-07
Disease	disease_14203	2.1180380435261816e-07
Disease	disease_19390	2.1152040936629782e-07
Disease	disease_16516	2.1151535362815594e-07
Disease	disease_4483	2.115039159157844e-07
Disease	disease_18968	2.1143834608308615e-07
Disease	disease_5966	2.1136164443754883e-07
Disease	disease_17200	2.1131508507607727e-07
Disease	disease_9025	2.1126550854221848e-07
Disease	disease_100224	2.1124982343061666e-07
Disease	disease_8146	2.1121350365367502e-07
Disease	disease_7319	2.1114870794361448e-07
Disease	disease_19722	2.1114680568984643e-07
Disease	disease_10186	2.1108676034563337e-07
Disease	disease_4665	2.1100913926130245e-07
Disease	disease_20327	2.1100913926130245e-07
Disease	disease_8675	2.1098155970005036e-07
Disease	disease_10650	2.109116308450134e-07
Disease	disease_12204	2.1089785620986877e-07
Disease	disease_100165	2.1086190835910918e-07
Disease	disease_29133	2.1080748674360806e-07
Disease	disease_19950	2.1070163774733173e-07
Disease	disease_979	2.1067069225171174e-07
Disease	disease_44975	2.1060815581284364e-07
Disease	disease_10617	2.1049044893101122e-07
Disease	disease_2156	2.1031939589355226e-07
Disease	disease_2337	2.1019648845249157e-07
Disease	disease_17881	2.1010873088392096e-07
Disease	disease_17882	2.1002369685296147e-07
Disease	disease_5801	2.0999523901968297e-07
Disease	disease_13355	2.0994828174401345e-07
Disease	disease_21660	2.0990614522595906e-07
Disease	disease_16000	2.0984651831945195e-07
Disease	disease_5912	2.0964480652101654e-07
Disease	disease_2275	2.0958676738117783e-07
Disease	disease_6694	2.0958676738117783e-07
Disease	disease_11299	2.0940043235206058e-07
Disease	disease_15372	2.0940018322794402e-07
Disease	disease_7699	2.0925704125512052e-07
Disease	disease_8278	2.09231402257104e-07
Disease	disease_16205	2.092302549522455e-07
Disease	disease_16343	2.089021902102285e-07
Disease	disease_9528	2.0887640092116105e-07
Disease	disease_10778	2.088522921074931e-07
Disease	disease_12356	2.0856929170678037e-07
Disease	disease_9294	2.0827748044038363e-07
Disease	disease_18398	2.082317431337224e-07
Disease	disease_45037	2.082171207198398e-07
Disease	disease_5772	2.082171207198398e-07
Disease	disease_18760	2.081547090458916e-07
Disease	disease_14221	2.0772756751099903e-07
Disease	disease_20489	2.0764255588837274e-07
Disease	disease_14911	2.0761686079790019e-07
Disease	disease_30088	2.0760598215661594e-07
Disease	disease_15229	2.0755554771808593e-07
Disease	disease_15805	2.0749149423890666e-07
Disease	disease_10187	2.0730989135620184e-07
Disease	disease_11644	2.0695279440603817e-07
Disease	disease_6060	2.0677303589782696e-07
Disease	disease_43759	2.0665445176530352e-07
Disease	disease_21043	2.0662761646627321e-07
Disease	disease_21636	2.065405722198186e-07
Disease	disease_1217	2.0644301924139648e-07
Disease	disease_745	2.0633694078823666e-07
Disease	disease_12315	2.062987315530616e-07
Disease	disease_7448	2.0628070097553816e-07
Disease	disease_518	2.062221944759472e-07
Disease	disease_30089	2.061712641880181e-07
Disease	disease_23258	2.0606148605601553e-07
Disease	disease_8748	2.058564736778007e-07
Disease	disease_10702	2.0571977464100864e-07
Disease	disease_14690	2.0567411574627797e-07
Disease	disease_3122	2.055828080931808e-07
Disease	disease_6821	2.0555690367655114e-07
Disease	disease_4524	2.055447365497966e-07
Disease	disease_4558	2.055447365497966e-07
Disease	disease_4460	2.055447365497966e-07
Disease	disease_18900	2.054656207657083e-07
Disease	disease_7032	2.0540350858942817e-07
Disease	disease_22025	2.053405232592116e-07
Disease	disease_2724	2.0531309485018913e-07
Disease	disease_16814	2.0517240730128454e-07
Disease	disease_43726	2.0512720487627756e-07
Disease	disease_9021	2.0511260796711053e-07
Disease	disease_32726	2.0494262506927335e-07
Disease	disease_17641	2.049023058077198e-07
Disease	disease_2263	2.0478074995888696e-07
Disease	disease_21637	2.047167807672235e-07
Disease	disease_14731	2.045712098324194e-07
Disease	disease_4104	2.0440917794046494e-07
Disease	disease_44710	2.043752976651834e-07
Disease	disease_5424	2.0428969996230802e-07
Disease	disease_25138	2.0428352281964558e-07
Disease	disease_11724	2.0427937730172297e-07
Disease	disease_30087	2.0427909016801156e-07
Disease	disease_12176	2.0423818708783782e-07
Disease	disease_7690	2.0417253705388405e-07
Disease	disease_7019	2.0417216639356388e-07
Disease	disease_4616	2.0403567273563177e-07
Disease	disease_100281	2.039247464525308e-07
Disease	disease_13810	2.0390295367904848e-07
Disease	disease_18160	2.0385451987756054e-07
Disease	disease_19369	2.0374392638315728e-07
Disease	disease_2941	2.0373057875786244e-07
Disease	disease_14973	2.0370413539423216e-07
Disease	disease_21105	2.0368232377111097e-07
Disease	disease_9443	2.0367116179508002e-07
Disease	disease_10997	2.0365141134787994e-07
Disease	disease_10161	2.0363371071155563e-07
Disease	disease_3939	2.0359353130466543e-07
Disease	disease_14885	2.0351540361279479e-07
Disease	disease_13246	2.0350000863377953e-07
Disease	disease_14253	2.0342877039990858e-07
Disease	disease_8661	2.0340310081249542e-07
Disease	disease_5139	2.0331879795905986e-07
Disease	disease_16601	2.0314042383387003e-07
Disease	disease_9801	2.02954847153593e-07
Disease	disease_12480	2.0291869206480693e-07
Disease	disease_1223	2.027176076223186e-07
Disease	disease_8046	2.02680840233097e-07
Disease	disease_33643	2.026627787803093e-07
Disease	disease_18933	2.0260089828247448e-07
Disease	disease_44705	2.0253028561676733e-07
Disease	disease_5036	2.025234589009144e-07
Disease	disease_9719	2.0243496324251506e-07
Disease	disease_7606	2.0221170293948714e-07
Disease	disease_4528	2.021894448903803e-07
Disease	disease_13174	2.0209987221878424e-07
Disease	disease_18224	2.0201293502941523e-07
Disease	disease_1110	2.020076568810174e-07
Disease	disease_12354	2.019164280905786e-07
Disease	disease_16063	2.0184858735277785e-07
Disease	disease_13435	2.0179742428969143e-07
Disease	disease_9144	2.0164388440983552e-07
Disease	disease_18456	2.0156023781809002e-07
Disease	disease_3191	2.0154848526411383e-07
Disease	disease_11397	2.015439868882749e-07
Disease	disease_18708	2.014666697594159e-07
Disease	disease_44037	2.0144630475129983e-07
Disease	disease_13594	2.0144318429198093e-07
Disease	disease_12116	2.0142645281380865e-07
Disease	disease_21038	2.0138095065335945e-07
Disease	disease_8287	2.0137130776957188e-07
Disease	disease_14412	2.0129868084993132e-07
Disease	disease_21726	2.0125204469262467e-07
Disease	disease_6343	2.0123495894755773e-07
Disease	disease_11972	2.0110211727909833e-07
Disease	disease_7990	2.0089289754250514e-07
Disease	disease_9662	2.0085605114571212e-07
Disease	disease_8975	2.0082778325047753e-07
Disease	disease_16361	2.007946393655731e-07
Disease	disease_8367	2.0065914508874207e-07
Disease	disease_13673	2.0057102286134558e-07
Disease	disease_16214	2.0051491997138494e-07
Disease	disease_4077	2.0049570783384676e-07
Disease	disease_9364	2.003151430418865e-07
Disease	disease_6615	2.00302995744475e-07
Disease	disease_13784	2.0029805209797737e-07
Disease	disease_11976	2.002647906513032e-07
Disease	disease_8219	2.0024687767691587e-07
Disease	disease_3501	2.001632239973296e-07
Disease	disease_44787	2.00156739036255e-07
Disease	disease_20244	2.0008561441124888e-07
Disease	disease_10004	2.0004597579228048e-07
Disease	disease_16325	2.0003173523383948e-07
Disease	disease_16848	2.000315677208377e-07
Disease	disease_21227	2.0002297773365736e-07
Disease	disease_2311	1.9974188248789062e-07
Disease	disease_44339	1.9949557892651882e-07
Disease	disease_9452	1.9946720867850294e-07
Disease	disease_20595	1.9946512518541239e-07
Disease	disease_4829	1.9934343339096018e-07
Disease	disease_7545	1.99296509526653e-07
Disease	disease_11969	1.9926701020868712e-07
Disease	disease_24468	1.9911194342370226e-07
Disease	disease_11497	1.9910434514589315e-07
Disease	disease_4717	1.9908179367544443e-07
Disease	disease_15820	1.9905760086608458e-07
Disease	disease_1152	1.9902924123335499e-07
Disease	disease_17869	1.9885496942059088e-07
Disease	disease_5043	1.9873776897418304e-07
Disease	disease_4937	1.9848551605146362e-07
Disease	disease_1389	1.9826770954622763e-07
Disease	disease_8081	1.9824775685037963e-07
Disease	disease_20607	1.982313194742976e-07
Disease	disease_20600	1.9821851881768784e-07
Disease	disease_20675	1.982137636620247e-07
Disease	disease_19964	1.9792961649009052e-07
Disease	disease_21096	1.9770126236835046e-07
Disease	disease_2186	1.9754659700177322e-07
Disease	disease_100237	1.9748731953534173e-07
Disease	disease_9114	1.973907667235675e-07
Disease	disease_8045	1.9726466151957867e-07
Disease	disease_41526	1.9722937362657979e-07
Disease	disease_5454	1.972243297756428e-07
Disease	disease_16206	1.9712078581443252e-07
Disease	disease_17388	1.9710524135530122e-07
Disease	disease_12112	1.9701889742099316e-07
Disease	disease_11199	1.9701318617335184e-07
Disease	disease_18030	1.968404471720151e-07
Disease	disease_16177	1.9683907470018016e-07
Disease	disease_24623	1.9683389388139295e-07
Disease	disease_100172	1.9677101856242484e-07
Disease	disease_15077	1.967326220302527e-07
Disease	disease_18307	1.9671983541140617e-07
Disease	disease_12637	1.9671964415342047e-07
Disease	disease_14313	1.9660357077721163e-07
Disease	disease_6915	1.965677037276124e-07
Disease	disease_6900	1.9650127352161735e-07
Disease	disease_8006	1.96473194397686e-07
Disease	disease_11992	1.9638703060802203e-07
Disease	disease_6012	1.962764358114036e-07
Disease	disease_8264	1.9626389654049642e-07
Disease	disease_19403	1.9622343499577102e-07
Disease	disease_10699	1.9621976848335562e-07
Disease	disease_45013	1.962186871420171e-07
Disease	disease_1740	1.9621496743741435e-07
Disease	disease_10041	1.9617682964082184e-07
Disease	disease_12104	1.9611019720133349e-07
Disease	disease_17298	1.9605888787370015e-07
Disease	disease_6173	1.9605620623778234e-07
Disease	disease_3084	1.9594282074044204e-07
Disease	disease_16238	1.956225034966771e-07
Disease	disease_43361	1.9551709342931342e-07
Disease	disease_20087	1.954743262990379e-07
Disease	disease_5494	1.9543204277931197e-07
Disease	disease_19112	1.9539700654272057e-07
Disease	disease_15096	1.9523711641621072e-07
Disease	disease_19723	1.9515474511555843e-07
Disease	disease_100074	1.9512453346017833e-07
Disease	disease_43300	1.9512324235985178e-07
Disease	disease_6303	1.9500427733354396e-07
Disease	disease_21511	1.9497149559483897e-07
Disease	disease_9527	1.9488572162255305e-07
Disease	disease_11730	1.9476381077238243e-07
Disease	disease_8810	1.9467934257924257e-07
Disease	disease_12742	1.9463695933876398e-07
Disease	disease_12744	1.946341624169266e-07
Disease	disease_19303	1.9461897829456177e-07
Disease	disease_16763	1.945656889202475e-07
Disease	disease_13960	1.9455871360260998e-07
Disease	disease_100133	1.9451409010024516e-07
Disease	disease_25159	1.9442351815798204e-07
Disease	disease_14381	1.943702261026288e-07
Disease	disease_11326	1.9436000703423043e-07
Disease	disease_6059	1.9428497187826133e-07
Disease	disease_5969	1.9428306833423113e-07
Disease	disease_3492	1.9426393256073506e-07
Disease	disease_16998	1.9417241057166392e-07
Disease	disease_21183	1.9413040939951104e-07
Disease	disease_16033	1.9392381393484204e-07
Disease	disease_14612	1.93880067162287e-07
Disease	disease_16472	1.9376403852449023e-07
Disease	disease_16529	1.936733931889213e-07
Disease	disease_9705	1.9345571183241164e-07
Disease	disease_8986	1.9340438613416989e-07
Disease	disease_12906	1.9338402346579619e-07
Disease	disease_1103	1.9338384446878834e-07
Disease	disease_19169	1.9335866395500802e-07
Disease	disease_15514	1.9326298217191438e-07
Disease	disease_18974	1.9321907638571786e-07
Disease	disease_14525	1.9320796545449257e-07
Disease	disease_10938	1.9317276787139444e-07
Disease	disease_9606	1.931585388102316e-07
Disease	disease_11671	1.9311625991706516e-07
Disease	disease_14535	1.9294128342393348e-07
Disease	disease_16089	1.9291195785174404e-07
Disease	disease_12807	1.9286929336350309e-07
Disease	disease_18309	1.9274067460652398e-07
Disease	disease_11891	1.9229168686881462e-07
Disease	disease_7551	1.922863733224975e-07
Disease	disease_6385	1.9219769541473922e-07
Disease	disease_1449	1.9218719231037654e-07
Disease	disease_13285	1.921370990755553e-07
Disease	disease_15757	1.920905393582144e-07
Disease	disease_18342	1.9204513563218236e-07
Disease	disease_2099	1.9203830899323467e-07
Disease	disease_4105	1.9180347467148128e-07
Disease	disease_4884	1.917387799603839e-07
Disease	disease_18422	1.917277735009643e-07
Disease	disease_21017	1.9167807986625117e-07
Disease	disease_8586	1.916262695381179e-07
Disease	disease_18804	1.9159518638070836e-07
Disease	disease_4947	1.913606943127575e-07
Disease	disease_19593	1.913434350845308e-07
Disease	disease_6858	1.9115362882540816e-07
Disease	disease_6893	1.9099397541513838e-07
Disease	disease_10773	1.9082335660662875e-07
Disease	disease_4647	1.9070979706450145e-07
Disease	disease_8468	1.9070240031087669e-07
Disease	disease_21016	1.906588453487884e-07
Disease	disease_11094	1.9065414724892934e-07
Disease	disease_19091	1.9056063075602716e-07
Disease	disease_14339	1.9045927743232723e-07
Disease	disease_16374	1.9022297207479354e-07
Disease	disease_15484	1.9009103271474622e-07
Disease	disease_2252	1.900274735698102e-07
Disease	disease_18109	1.900274735698102e-07
Disease	disease_18809	1.900274735698102e-07
Disease	disease_14809	1.9001848245508267e-07
Disease	disease_17264	1.9001225388246564e-07
Disease	disease_6715	1.899811075700905e-07
Disease	disease_14021	1.8992553862498678e-07
Disease	disease_100242	1.896466852151835e-07
Disease	disease_21895	1.895348310349071e-07
Disease	disease_9773	1.894818332167425e-07
Disease	disease_41806	1.8943182902169332e-07
Disease	disease_33642	1.8940885853119605e-07
Disease	disease_12278	1.8927390107579602e-07
Disease	disease_1297	1.892712979566772e-07
Disease	disease_44996	1.8919973390424236e-07
Disease	disease_19053	1.8919959039868673e-07
Disease	disease_14157	1.8916792972797423e-07
Disease	disease_2833	1.891446668049124e-07
Disease	disease_14867	1.8900202641940606e-07
Disease	disease_7918	1.8889581410310955e-07
Disease	disease_10091	1.8879730645208323e-07
Disease	disease_20546	1.887635793630624e-07
Disease	disease_6485	1.8874334310784973e-07
Disease	disease_11003	1.8858115500445195e-07
Disease	disease_7953	1.8853904597209622e-07
Disease	disease_9635	1.8844862009267072e-07
Disease	disease_43988	1.883192872382001e-07
Disease	disease_5621	1.8827473076084148e-07
Disease	disease_10637	1.8823544968063007e-07
Disease	disease_11379	1.8817977787992852e-07
Disease	disease_24633	1.880161260326087e-07
Disease	disease_5708	1.8792907690814235e-07
Disease	disease_10678	1.8778556721376907e-07
Disease	disease_12439	1.8774335687871683e-07
Disease	disease_4110	1.876158368198589e-07
Disease	disease_16996	1.87471636161753e-07
Disease	disease_2977	1.8742531547664376e-07
Disease	disease_1615	1.874163846591568e-07
Disease	disease_17810	1.8714743081735408e-07
Disease	disease_14226	1.8701695647957543e-07
Disease	disease_7029	1.8699821433042334e-07
Disease	disease_17145	1.867596040119623e-07
Disease	disease_7485	1.8670956757786938e-07
Disease	disease_24813	1.8659730472881577e-07
Disease	disease_16413	1.864740571652206e-07
Disease	disease_8178	1.864151219021914e-07
Disease	disease_20458	1.8624997052868868e-07
Disease	disease_7387	1.859696358588947e-07
Disease	disease_18126	1.859658331909885e-07
Disease	disease_18425	1.8592789195367153e-07
Disease	disease_13192	1.8572763225380675e-07
Disease	disease_1105	1.8568516208320242e-07
Disease	disease_18044	1.856495145322521e-07
Disease	disease_3639	1.8563626199543175e-07
Disease	disease_14742	1.8553010302636107e-07
Disease	disease_22430	1.8552460168801146e-07
Disease	disease_9763	1.854916345670874e-07
Disease	disease_590	1.8543768321494563e-07
Disease	disease_19354	1.8542356402177805e-07
Disease	disease_27026	1.8540839501377947e-07
Disease	disease_15254	1.853698579187779e-07
Disease	disease_21111	1.853041203990573e-07
Disease	disease_9333	1.8529043579244144e-07
Disease	disease_5436	1.8519166493215992e-07
Disease	disease_7194	1.851293475042689e-07
Disease	disease_4794	1.850705431302535e-07
Disease	disease_7960	1.8504446613288062e-07
Disease	disease_4244	1.8479388865473233e-07
Disease	disease_8147	1.8448443484929446e-07
Disease	disease_16453	1.8445109637542334e-07
Disease	disease_24376	1.8444999634523803e-07
Disease	disease_7316	1.8443482987152952e-07
Disease	disease_5857	1.844071732863059e-07
Disease	disease_33926	1.8439973119770282e-07
Disease	disease_11108	1.8421893946768933e-07
Disease	disease_6566	1.8407801312650427e-07
Disease	disease_10070	1.8406701979349453e-07
Disease	disease_16108	1.8403418855620385e-07
Disease	disease_15028	1.840039851152417e-07
Disease	disease_18743	1.838780325365396e-07
Disease	disease_7804	1.8384029161983074e-07
Disease	disease_14355	1.8379231939805758e-07
Disease	disease_33004	1.8378110742245261e-07
Disease	disease_18161	1.8373066195727638e-07
Disease	disease_10568	1.8368088065895794e-07
Disease	disease_20436	1.8366699626770628e-07
Disease	disease_10549	1.8355587395896297e-07
Disease	disease_9841	1.834923438880107e-07
Disease	disease_20068	1.8334310020838752e-07
Disease	disease_43771	1.832511021107575e-07
Disease	disease_14812	1.832479363541837e-07
Disease	disease_9697	1.8314344163324493e-07
Disease	disease_10074	1.830887402801603e-07
Disease	disease_24546	1.8303703507943583e-07
Disease	disease_9378	1.8301180316990282e-07
Disease	disease_8669	1.8295664817348549e-07
Disease	disease_577	1.8294449235593646e-07
Disease	disease_5789	1.8282070141823363e-07
Disease	disease_18502	1.8277967396517645e-07
Disease	disease_13291	1.8277624953548864e-07
Disease	disease_54700	1.8265943943382386e-07
Disease	disease_9111	1.8263820645449456e-07
Disease	disease_6180	1.8261712915010897e-07
Disease	disease_8069	1.8259073464070198e-07
Disease	disease_17762	1.8248671598744262e-07
Disease	disease_8418	1.8245399115697847e-07
Disease	disease_13261	1.8243617969193975e-07
Disease	disease_21020	1.8241056920074737e-07
Disease	disease_605	1.8239060172248116e-07
Disease	disease_21960	1.8238560702453008e-07
Disease	disease_15169	1.8227710818065247e-07
Disease	disease_24883	1.8222582456375152e-07
Disease	disease_1081	1.8218573419597825e-07
Disease	disease_8777	1.8217640689423115e-07
Disease	disease_7310	1.821517840665265e-07
Disease	disease_4366	1.8214907902269796e-07
Disease	disease_4393	1.8214907902269796e-07
Disease	disease_16767	1.82016504942626e-07
Disease	disease_16816	1.8189650548301666e-07
Disease	disease_5210	1.8186529453174786e-07
Disease	disease_17453	1.8178763104059424e-07
Disease	disease_7295	1.8172075602895125e-07
Disease	disease_7268	1.8169546449868949e-07
Disease	disease_5917	1.8165331604682697e-07
Disease	disease_8217	1.816336346483529e-07
Disease	disease_8562	1.815918313261002e-07
Disease	disease_12982	1.815882639957615e-07
Disease	disease_9413	1.815325930170797e-07
Disease	disease_9441	1.815119682852899e-07
Disease	disease_15079	1.814882302050246e-07
Disease	disease_2387	1.814311382933343e-07
Disease	disease_17896	1.8141992958249103e-07
Disease	disease_5508	1.813772284044349e-07
Disease	disease_5670	1.8131831213057805e-07
Disease	disease_9712	1.8107126321050375e-07
Disease	disease_18840	1.8096673932903325e-07
Disease	disease_7854	1.808553208133687e-07
Disease	disease_44723	1.8081860985384482e-07
Disease	disease_1225	1.8081107023851686e-07
Disease	disease_14247	1.8076404568614647e-07
Disease	disease_16331	1.8073230175244355e-07
Disease	disease_9609	1.8069716365971495e-07
Disease	disease_15920	1.8056255792746384e-07
Disease	disease_4521	1.8053039450074432e-07
Disease	disease_4060	1.8053039450074432e-07
Disease	disease_19126	1.8033977177556566e-07
Disease	disease_9449	1.802999685482377e-07
Disease	disease_6690	1.802177432757847e-07
Disease	disease_6923	1.8020119836681518e-07
Disease	disease_3803	1.8015097795325467e-07
Disease	disease_16729	1.8009716721959504e-07
Disease	disease_20143	1.8002645329638255e-07
Disease	disease_5524	1.799781818374514e-07
Disease	disease_19607	1.799335396715884e-07
Disease	disease_44750	1.7976588437135883e-07
Disease	disease_7784	1.7967431109677152e-07
Disease	disease_20800	1.795931393407692e-07
Disease	disease_6692	1.795931393407692e-07
Disease	disease_3656	1.7955824684174888e-07
Disease	disease_18216	1.7954329934906443e-07
Disease	disease_9844	1.7948002709851566e-07
Disease	disease_20015	1.7945730597968036e-07
Disease	disease_41095	1.7943728142064247e-07
Disease	disease_13456	1.7939875212797107e-07
Disease	disease_20128	1.7935309489319217e-07
Disease	disease_7671	1.7926592180900386e-07
Disease	disease_18955	1.792093260248619e-07
Disease	disease_15987	1.792025236398496e-07
Disease	disease_9068	1.7898532898205713e-07
Disease	disease_2639	1.7898167551436327e-07
Disease	disease_16865	1.7890968981304185e-07
Disease	disease_19993	1.788193384110533e-07
Disease	disease_20721	1.7875165883673879e-07
Disease	disease_16335	1.7869205711030562e-07
Disease	disease_20281	1.7862502595059287e-07
Disease	disease_19967	1.7856001693062505e-07
Disease	disease_30894	1.7853329205605127e-07
Disease	disease_44745	1.7838707451188938e-07
Disease	disease_60564	1.7835618123672515e-07
Disease	disease_20747	1.782966133047451e-07
Disease	disease_7908	1.7822944338308658e-07
Disease	disease_10331	1.7820992174902235e-07
Disease	disease_12628	1.7820992174902235e-07
Disease	disease_12788	1.7820992174902235e-07
Disease	disease_12009	1.7820992174902235e-07
Disease	disease_11817	1.7820992174902235e-07
Disease	disease_12010	1.7820992174902235e-07
Disease	disease_17649	1.7816261131558404e-07
Disease	disease_20559	1.779834128575802e-07
Disease	disease_11468	1.7777970598735725e-07
Disease	disease_5452	1.7771514171808114e-07
Disease	disease_13780	1.776843341485948e-07
Disease	disease_1761	1.7742772651552734e-07
Disease	disease_43468	1.7736301154979835e-07
Disease	disease_19531	1.7733607066181123e-07
Disease	disease_7782	1.772803229318264e-07
Disease	disease_7340	1.7715768239527527e-07
Disease	disease_14728	1.7712600151792187e-07
Disease	disease_43549	1.7711337360478913e-07
Disease	disease_21209	1.7704940377206692e-07
Disease	disease_755	1.7683723270399942e-07
Disease	disease_7536	1.7673910884846242e-07
Disease	disease_21357	1.7671935306151343e-07
Disease	disease_14054	1.7667064849105216e-07
Disease	disease_18212	1.7666968228454385e-07
Disease	disease_18489	1.766549708230161e-07
Disease	disease_7227	1.7665105456871705e-07
Disease	disease_9408	1.7660822571442746e-07
Disease	disease_4720	1.7648862576165637e-07
Disease	disease_18217	1.7646502226827824e-07
Disease	disease_13771	1.7643643999626243e-07
Disease	disease_15061	1.763812597900011e-07
Disease	disease_17919	1.7619583852900891e-07
Disease	disease_7005	1.7617450821402555e-07
Disease	disease_25494	1.7617230292388084e-07
Disease	disease_13700	1.7589953964820835e-07
Disease	disease_60611	1.7586449384883377e-07
Disease	disease_1294	1.758609714052564e-07
Disease	disease_12871	1.7577934677239702e-07
Disease	disease_7873	1.7574418824675476e-07
Disease	disease_18438	1.7565061559863185e-07
Disease	disease_2004	1.7560037660962118e-07
Disease	disease_11781	1.7553524740343627e-07
Disease	disease_7724	1.7552839151466672e-07
Disease	disease_32837	1.7538891116742586e-07
Disease	disease_1252	1.7519973503208148e-07
Disease	disease_16203	1.7502989863901227e-07
Disease	disease_5888	1.748863821763277e-07
Disease	disease_21316	1.7470225166387743e-07
Disease	disease_2688	1.746046820116243e-07
Disease	disease_18115	1.7457811382365262e-07
Disease	disease_20856	1.744543317719117e-07
Disease	disease_9515	1.7426938587591397e-07
Disease	disease_3584	1.741773643700289e-07
Disease	disease_14282	1.741281629858848e-07
Disease	disease_100101	1.739940080228799e-07
Disease	disease_10504	1.7399316181109005e-07
Disease	disease_11682	1.7397073569330635e-07
Disease	disease_18899	1.7389953028358664e-07
Disease	disease_16118	1.7378937219227205e-07
Disease	disease_18037	1.7373370237169978e-07
Disease	disease_18595	1.7370749936826006e-07
Disease	disease_18596	1.7370749936826006e-07
Disease	disease_18592	1.7370749936826006e-07
Disease	disease_22454	1.7363278144004153e-07
Disease	disease_20692	1.7361549768662715e-07
Disease	disease_20215	1.7355010169791416e-07
Disease	disease_5792	1.7349110564931162e-07
Disease	disease_8960	1.7338646340579498e-07
Disease	disease_6350	1.7326278579398697e-07
Disease	disease_14624	1.7317550574511526e-07
Disease	disease_18637	1.731689893431009e-07
Disease	disease_13496	1.7315954020480417e-07
Disease	disease_19599	1.7315010574444884e-07
Disease	disease_19210	1.7306092719551867e-07
Disease	disease_7381	1.730541615131575e-07
Disease	disease_19150	1.7304576914323175e-07
Disease	disease_19299	1.7285915905562174e-07
Disease	disease_9539	1.7278902208501408e-07
Disease	disease_13495	1.727799716954115e-07
Disease	disease_10790	1.7275421501795845e-07
Disease	disease_14658	1.7264498811375407e-07
Disease	disease_10132	1.7252279359086626e-07
Disease	disease_11664	1.7251037676964824e-07
Disease	disease_5097	1.725032934294544e-07
Disease	disease_21856	1.724332315087333e-07
Disease	disease_11725	1.7240589867944874e-07
Disease	disease_9229	1.7238076363899493e-07
Disease	disease_14711	1.7235202692729932e-07
Disease	disease_9856	1.7215927323057765e-07
Disease	disease_24627	1.7207966359051546e-07
Disease	disease_19060	1.720724850803534e-07
Disease	disease_10820	1.720328025623703e-07
Disease	disease_15001	1.7202363665849486e-07
Disease	disease_6526	1.7187918175023063e-07
Disease	disease_18964	1.7187389137527598e-07
Disease	disease_15126	1.7184311388835457e-07
Disease	disease_6808	1.7181061584577445e-07
Disease	disease_19137	1.7178166519369976e-07
Disease	disease_1787	1.7169094729412962e-07
Disease	disease_1788	1.7169094729412962e-07
Disease	disease_17360	1.7166157530847173e-07
Disease	disease_18054	1.7165020750082844e-07
Disease	disease_709	1.7157232606584695e-07
Disease	disease_44743	1.7153883331931942e-07
Disease	disease_8941	1.7149965543769706e-07
Disease	disease_16039	1.7149200108529613e-07
Disease	disease_2674	1.7131500078850633e-07
Disease	disease_23551	1.7131500078850633e-07
Disease	disease_6944	1.7131500078850633e-07
Disease	disease_56796	1.7131500078850633e-07
Disease	disease_43112	1.7131500078850633e-07
Disease	disease_21750	1.7131500078850633e-07
Disease	disease_34110	1.7131500078850633e-07
Disease	disease_6820	1.7131500078850633e-07
Disease	disease_4838	1.7131500078850633e-07
Disease	disease_4841	1.7131500078850633e-07
Disease	disease_6603	1.7106225725150743e-07
Disease	disease_2035	1.7096782367045397e-07
Disease	disease_7550	1.7091264713057093e-07
Disease	disease_12873	1.7082672438752853e-07
Disease	disease_11783	1.70676514207129e-07
Disease	disease_11581	1.704647723874228e-07
Disease	disease_19496	1.703810933769359e-07
Disease	disease_413	1.7034783293379788e-07
Disease	disease_32933	1.701704120235406e-07
Disease	disease_12505	1.7014677261945133e-07
Disease	disease_11400	1.6999356835559838e-07
Disease	disease_13754	1.699496730563844e-07
Disease	disease_15707	1.6992699741990539e-07
Disease	disease_13005	1.6971266107098763e-07
Disease	disease_13589	1.6964636884736747e-07
Disease	disease_1249	1.6963515680850357e-07
Disease	disease_7838	1.6961806009852177e-07
Disease	disease_13336	1.6957462906717145e-07
Disease	disease_15490	1.6955294798291083e-07
Disease	disease_11217	1.6939502109793296e-07
Disease	disease_8974	1.692710333522722e-07
Disease	disease_16824	1.6918076058357374e-07
Disease	disease_17359	1.6908769915111013e-07
Disease	disease_16777	1.6886704657984888e-07
Disease	disease_44980	1.6882215872475029e-07
Disease	disease_17092	1.6876596755892647e-07
Disease	disease_18744	1.6872339640902967e-07
Disease	disease_15074	1.6871776104263238e-07
Disease	disease_14659	1.6868725407516216e-07
Disease	disease_9537	1.6864194564862752e-07
Disease	disease_13262	1.684912043157327e-07
Disease	disease_15802	1.6848057471440329e-07
Disease	disease_2282	1.6841796760191303e-07
Disease	disease_14562	1.6836257552191505e-07
Disease	disease_1222	1.6827322436948075e-07
Disease	disease_8153	1.6821441976693723e-07
Disease	disease_20735	1.6816988708051052e-07
Disease	disease_21059	1.6811875379397338e-07
Disease	disease_18949	1.6809533440769402e-07
Disease	disease_13226	1.680675476122166e-07
Disease	disease_24317	1.6801953772340175e-07
Disease	disease_41182	1.6795485641549894e-07
Disease	disease_13523	1.6787434168430286e-07
Disease	disease_13840	1.6779110038958104e-07
Disease	disease_19526	1.6774463874388136e-07
Disease	disease_13879	1.6754566131099534e-07
Disease	disease_12509	1.6754560321876206e-07
Disease	disease_8201	1.675414819408573e-07
Disease	disease_19378	1.675392647646564e-07
Disease	disease_2586	1.6747296392159755e-07
Disease	disease_19238	1.6741589535828992e-07
Disease	disease_20646	1.674070911016733e-07
Disease	disease_6732	1.6740617437573485e-07
Disease	disease_5342	1.6730473942892905e-07
Disease	disease_16277	1.6714362857421198e-07
Disease	disease_13735	1.6705423232744232e-07
Disease	disease_1051	1.6703073516414453e-07
Disease	disease_5986	1.6701331356441383e-07
Disease	disease_43895	1.6699031962821695e-07
Disease	disease_14760	1.6697259735710109e-07
Disease	disease_44648	1.6670570325072156e-07
Disease	disease_653	1.6665432096913624e-07
Disease	disease_7251	1.666105356745064e-07
Disease	disease_17394	1.6660604819143023e-07
Disease	disease_9324	1.6622795797879448e-07
Disease	disease_2832	1.6605745663957785e-07
Disease	disease_2828	1.6605745663957785e-07
Disease	disease_16316	1.6588447564648928e-07
Disease	disease_16315	1.6586465595562795e-07
Disease	disease_12987	1.6579911582875181e-07
Disease	disease_10237	1.6579327126511563e-07
Disease	disease_18442	1.657422273957877e-07
Disease	disease_1569	1.6562592697443914e-07
Disease	disease_11026	1.6554015327032274e-07
Disease	disease_6761	1.6551563744837442e-07
Disease	disease_18213	1.6534246625716227e-07
Disease	disease_10353	1.6533122108277552e-07
Disease	disease_19595	1.6531854816050057e-07
Disease	disease_19362	1.6528412834236225e-07
Disease	disease_10558	1.652488993890947e-07
Disease	disease_21571	1.65213873563302e-07
Disease	disease_16621	1.6516006301831046e-07
Disease	disease_17308	1.650912159731657e-07
Disease	disease_10556	1.6501092076591286e-07
Disease	disease_9892	1.649964414913567e-07
Disease	disease_9181	1.6493246830493643e-07
Disease	disease_13123	1.6491847325437185e-07
Disease	disease_10922	1.649089758946687e-07
Disease	disease_13818	1.6483864119295972e-07
Disease	disease_10949	1.6479667162563427e-07
Disease	disease_19453	1.6478538944233623e-07
Disease	disease_45047	1.6473562604293834e-07
Disease	disease_6424	1.6471681164474402e-07
Disease	disease_2885	1.646658541312195e-07
Disease	disease_15052	1.6459912027027486e-07
Disease	disease_12362	1.6446703776325584e-07
Disease	disease_8404	1.6442426282778385e-07
Disease	disease_3543	1.643717220758653e-07
Disease	disease_4819	1.6435882081845517e-07
Disease	disease_10787	1.642695747324961e-07
Disease	disease_100228	1.6423438243503006e-07
Disease	disease_20482	1.6422370832812828e-07
Disease	disease_6018	1.6418876855582587e-07
Disease	disease_133	1.6414218544952115e-07
Disease	disease_18346	1.641300335237218e-07
Disease	disease_13082	1.640880781655421e-07
Disease	disease_22037	1.6400831891914365e-07
Disease	disease_8828	1.6398122807927455e-07
Disease	disease_6686	1.6394576257121373e-07
Disease	disease_17591	1.639193242709827e-07
Disease	disease_44633	1.639193242709827e-07
Disease	disease_19622	1.639193242709827e-07
Disease	disease_19204	1.639193242709827e-07
Disease	disease_7949	1.6388057467444424e-07
Disease	disease_10111	1.6369998524718977e-07
Disease	disease_44621	1.6364971522366007e-07
Disease	disease_9057	1.6364565795348462e-07
Disease	disease_5500	1.6363384285598665e-07
Disease	disease_15281	1.636293643725566e-07
Disease	disease_20225	1.6350370713093168e-07
Disease	disease_11501	1.6348665173419505e-07
Disease	disease_2067	1.6347876609399853e-07
Disease	disease_2069	1.6347876609399853e-07
Disease	disease_4878	1.6347876609399853e-07
Disease	disease_1850	1.6347876609399853e-07
Disease	disease_2068	1.6347876609399853e-07
Disease	disease_1805	1.6347876609399853e-07
Disease	disease_1401	1.6347876609399853e-07
Disease	disease_13925	1.6339191192323688e-07
Disease	disease_9257	1.633868624985447e-07
Disease	disease_3635	1.6330474994545374e-07
Disease	disease_9503	1.63301766276975e-07
Disease	disease_6736	1.632005563797735e-07
Disease	disease_12526	1.6319307511104875e-07
Disease	disease_44881	1.6315422383525958e-07
Disease	disease_9062	1.6300944145140592e-07
Disease	disease_19741	1.62958156605177e-07
Disease	disease_3266	1.6292785353610183e-07
Disease	disease_7447	1.628587752268013e-07
Disease	disease_21074	1.6277534384987331e-07
Disease	disease_21025	1.6274223463915618e-07
Disease	disease_20240	1.6268457594080645e-07
Disease	disease_13301	1.6267584401413715e-07
Disease	disease_816	1.626402209035362e-07
Disease	disease_18853	1.6250031456538447e-07
Disease	disease_9450	1.624288605706509e-07
Disease	disease_12415	1.6239697736294776e-07
Disease	disease_11266	1.6236577903408313e-07
Disease	disease_19929	1.6232373519238398e-07
Disease	disease_11459	1.6230505571219638e-07
Disease	disease_15368	1.6225323517248518e-07
Disease	disease_9341	1.6222874564115938e-07
Disease	disease_758	1.6211888887814324e-07
Disease	disease_6718	1.6208029087556904e-07
Disease	disease_1137	1.6203158461634911e-07
Disease	disease_17956	1.6202814557577485e-07
Disease	disease_14944	1.6201657887237966e-07
Disease	disease_17268	1.6198789077618852e-07
Disease	disease_11875	1.6189302715813986e-07
Disease	disease_10399	1.6181682335482892e-07
Disease	disease_21540	1.6179424745872975e-07
Disease	disease_15895	1.617092163138876e-07
Disease	disease_11917	1.6159834922469705e-07
Disease	disease_19560	1.6157992668506367e-07
Disease	disease_17685	1.61572906078185e-07
Disease	disease_17975	1.6153551146220512e-07
Disease	disease_11680	1.6147356465938973e-07
Disease	disease_7937	1.6118087857327264e-07
Disease	disease_12545	1.6116849624848072e-07
Disease	disease_6722	1.6105188656576516e-07
Disease	disease_5861	1.610223637190249e-07
Disease	disease_21948	1.6100054760941246e-07
Disease	disease_2381	1.6099718153080663e-07
Disease	disease_11380	1.6094492878348268e-07
Disease	disease_9967	1.6093040293957379e-07
Disease	disease_6851	1.6086672716367365e-07
Disease	disease_11472	1.6084819610693546e-07
Disease	disease_5676	1.6073768167241104e-07
Disease	disease_10798	1.6068497249042852e-07
Disease	disease_15748	1.6067060551582572e-07
Disease	disease_5189	1.6065245442615496e-07
Disease	disease_9499	1.6060804932721412e-07
Disease	disease_7635	1.6056133590432446e-07
Disease	disease_5758	1.605574561856558e-07
Disease	disease_4412	1.605423150846979e-07
Disease	disease_10621	1.60526748881174e-07
Disease	disease_16620	1.6052507524590563e-07
Disease	disease_6662	1.6043514275193071e-07
Disease	disease_6005	1.604024279087509e-07
Disease	disease_2459	1.6018483587499558e-07
Disease	disease_10155	1.6018383772836211e-07
Disease	disease_13220	1.6009137654221267e-07
Disease	disease_127	1.6007644426949087e-07
Disease	disease_29132	1.5979987579255378e-07
Disease	disease_42979	1.5979912192010503e-07
Disease	disease_30841	1.5966179308361e-07
Disease	disease_9091	1.5952843357434848e-07
Disease	disease_24465	1.5940536933427595e-07
Disease	disease_19522	1.5937486504910395e-07
Disease	disease_18292	1.593511985689256e-07
Disease	disease_3352	1.5934527408210006e-07
Disease	disease_24296	1.5931823415783424e-07
Disease	disease_9804	1.5926103287782728e-07
Disease	disease_25511	1.5925136728601355e-07
Disease	disease_11441	1.5916159949938475e-07
Disease	disease_20854	1.590775879968748e-07
Disease	disease_8567	1.5904119594592046e-07
Disease	disease_9421	1.5887832710694365e-07
Disease	disease_54868	1.5885510443097495e-07
Disease	disease_9837	1.58828988182905e-07
Disease	disease_3829	1.5881352157071284e-07
Disease	disease_20089	1.587538901408615e-07
Disease	disease_10762	1.586919884338168e-07
Disease	disease_10273	1.586919884338168e-07
Disease	disease_6429	1.586919884338168e-07
Disease	disease_11555	1.5869059954863153e-07
Disease	disease_10867	1.5857164290658894e-07
Disease	disease_35009	1.5851069269466056e-07
Disease	disease_33682	1.5847136980353736e-07
Disease	disease_19245	1.5842194882190962e-07
Disease	disease_15665	1.5830938756975914e-07
Disease	disease_8176	1.582932510317131e-07
Disease	disease_19119	1.5828419506801575e-07
Disease	disease_15626	1.5827326504936234e-07
Disease	disease_16778	1.5823208663189286e-07
Disease	disease_3409	1.5817840763264597e-07
Disease	disease_19174	1.5811684389893648e-07
Disease	disease_11240	1.5809796177003152e-07
Disease	disease_136	1.5794014836737633e-07
Disease	disease_12436	1.5789771186692558e-07
Disease	disease_9732	1.5779217418509548e-07
Disease	disease_16397	1.5777265848118255e-07
Disease	disease_15540	1.5773080083614088e-07
Disease	disease_21747	1.5771714497009278e-07
Disease	disease_23286	1.5770407025210986e-07
Disease	disease_9312	1.5755909088538355e-07
Disease	disease_12808	1.575362953615399e-07
Disease	disease_7339	1.5751148083412576e-07
Disease	disease_6378	1.574379646994125e-07
Disease	disease_37255	1.573187460397918e-07
Disease	disease_12986	1.5715516727547174e-07
Disease	disease_14797	1.5710158884640354e-07
Disease	disease_2917	1.5708151025488968e-07
Disease	disease_24503	1.5699021245632225e-07
Disease	disease_20641	1.5696905769054004e-07
Disease	disease_1259	1.5689869269191948e-07
Disease	disease_6591	1.568866119589618e-07
Disease	disease_1277	1.5685544082624164e-07
Disease	disease_21451	1.568398135470398e-07
Disease	disease_7863	1.5681550306450557e-07
Disease	disease_11578	1.567883341005103e-07
Disease	disease_3427	1.5674635702175098e-07
Disease	disease_12563	1.5649384827726883e-07
Disease	disease_9668	1.5647507643918882e-07
Disease	disease_11376	1.564750352090397e-07
Disease	disease_15779	1.563910677766762e-07
Disease	disease_9440	1.5628871506448684e-07
Disease	disease_16110	1.5626102420469102e-07
Disease	disease_263	1.5604630371072508e-07
Disease	disease_13419	1.5603428447005607e-07
Disease	disease_8632	1.559933465937243e-07
Disease	disease_8104	1.5595315322320805e-07
Disease	disease_12592	1.5589821683999355e-07
Disease	disease_6974	1.5587658698276687e-07
Disease	disease_37735	1.5584692381391459e-07
Disease	disease_11163	1.5584422792083152e-07
Disease	disease_32723	1.5577426868519565e-07
Disease	disease_7716	1.557720981219949e-07
Disease	disease_20723	1.5570244949786687e-07
Disease	disease_18630	1.5564233710588644e-07
Disease	disease_5406	1.555028471610826e-07
Disease	disease_13797	1.5548230148807565e-07
Disease	disease_21632	1.5531747467140592e-07
Disease	disease_16043	1.5529476586267e-07
Disease	disease_16091	1.552524962594534e-07
Disease	disease_15081	1.5523289832478083e-07
Disease	disease_20599	1.5521208935983662e-07
Disease	disease_21091	1.551484526623576e-07
Disease	disease_14165	1.5508612812547608e-07
Disease	disease_6983	1.550508842820022e-07
Disease	disease_6013	1.5504330831722334e-07
Disease	disease_16810	1.5504177801754632e-07
Disease	disease_5194	1.550131366269358e-07
Disease	disease_9431	1.548909731273725e-07
Disease	disease_4728	1.548813812438974e-07
Disease	disease_14846	1.5484477340665012e-07
Disease	disease_6973	1.5480616321760483e-07
Disease	disease_2000	1.5476490085681298e-07
Disease	disease_18270	1.5472979584956643e-07
Disease	disease_276	1.5460571315921106e-07
Disease	disease_9815	1.5449249872366716e-07
Disease	disease_5654	1.544525395444653e-07
Disease	disease_5655	1.544525395444653e-07
Disease	disease_18892	1.5444831285230607e-07
Disease	disease_9198	1.5444563439406045e-07
Disease	disease_18376	1.5436782205258866e-07
Disease	disease_12591	1.5422222608929973e-07
Disease	disease_15026	1.5417030527616043e-07
Disease	disease_12648	1.5410569070521568e-07
Disease	disease_25485	1.5407089308395106e-07
Disease	disease_100214	1.5403950964302423e-07
Disease	disease_2227	1.5398664819412747e-07
Disease	disease_6380	1.5398108293063572e-07
Disease	disease_11487	1.5395554079036745e-07
Disease	disease_12479	1.5380489530039895e-07
Disease	disease_20042	1.5377647655375686e-07
Disease	disease_44714	1.5377350331568072e-07
Disease	disease_11658	1.5364762250143507e-07
Disease	disease_43519	1.534580621465111e-07
Disease	disease_8644	1.5344448710811923e-07
Disease	disease_43544	1.533284915934822e-07
Disease	disease_18068	1.5332404633517802e-07
Disease	disease_10160	1.5326385656502298e-07
Disease	disease_11613	1.5323337263700952e-07
Disease	disease_8327	1.5317534787769084e-07
Disease	disease_8497	1.5308840172333683e-07
Disease	disease_12757	1.5306395862387024e-07
Disease	disease_17267	1.530074833688827e-07
Disease	disease_10517	1.5300568832696916e-07
Disease	disease_12198	1.529588284052e-07
Disease	disease_9262	1.5295805330757732e-07
Disease	disease_15280	1.5294676516084443e-07
Disease	disease_7749	1.5289630887336238e-07
Disease	disease_32742	1.5285084404751022e-07
Disease	disease_30931	1.5279522791711856e-07
Disease	disease_19587	1.5276917029762863e-07
Disease	disease_5501	1.5275517757113724e-07
Disease	disease_7791	1.5275227627720237e-07
Disease	disease_17713	1.5269522046605845e-07
Disease	disease_3450	1.526920237670771e-07
Disease	disease_33885	1.5261690045115934e-07
Disease	disease_8148	1.5261073369520102e-07
Disease	disease_14379	1.5258511323523606e-07
Disease	disease_12472	1.5256691167641437e-07
Disease	disease_23204	1.525192745283761e-07
Disease	disease_16366	1.5247910659966072e-07
Disease	disease_5829	1.5224157707050678e-07
Disease	disease_9261	1.521353442010463e-07
Disease	disease_3718	1.5213527174097755e-07
Disease	disease_10540	1.5212811684934328e-07
Disease	disease_20232	1.5208680680620997e-07
Disease	disease_3872	1.5193362137405027e-07
Disease	disease_20238	1.5190595647416087e-07
Disease	disease_100070	1.5188554201945462e-07
Disease	disease_20479	1.5181658938932496e-07
Disease	disease_13168	1.517947100982681e-07
Disease	disease_24610	1.5157051608251765e-07
Disease	disease_25030	1.5151491207073277e-07
Disease	disease_21157	1.5147640964983073e-07
Disease	disease_4265	1.514724406546629e-07
Disease	disease_21742	1.514206743471476e-07
Disease	disease_2098	1.5136934040161082e-07
Disease	disease_15085	1.5136821195141227e-07
Disease	disease_5163	1.5134819008653774e-07
Disease	disease_12369	1.5131232101888404e-07
Disease	disease_16470	1.5116315749559136e-07
Disease	disease_41825	1.5112288855828036e-07
Disease	disease_7943	1.5112015305140258e-07
Disease	disease_20759	1.509911028360354e-07
Disease	disease_18010	1.5084368057643996e-07
Disease	disease_17994	1.5072048920210687e-07
Disease	disease_10214	1.5063267770170374e-07
Disease	disease_5586	1.5054928842845303e-07
Disease	disease_6614	1.5048992881365214e-07
Disease	disease_18015	1.5038893745901025e-07
Disease	disease_15009	1.5036853652206907e-07
Disease	disease_19153	1.503034834619919e-07
Disease	disease_33555	1.5024397316448995e-07
Disease	disease_16817	1.5018429702628683e-07
Disease	disease_12314	1.5013436024444762e-07
Disease	disease_16625	1.501180591548887e-07
Disease	disease_7792	1.501073863168041e-07
Disease	disease_16402	1.5004938037644587e-07
Disease	disease_19066	1.5003931305521367e-07
Disease	disease_19138	1.4999199654285547e-07
Disease	disease_9533	1.499403725974298e-07
Disease	disease_15701	1.4992894195404734e-07
Disease	disease_1125	1.4991662888244933e-07
Disease	disease_7352	1.497539250324442e-07
Disease	disease_13473	1.4972462068751314e-07
Disease	disease_15565	1.4963557618076596e-07
Disease	disease_13344	1.4960788116004898e-07
Disease	disease_7405	1.4960679885455167e-07
Disease	disease_1273	1.495736172625165e-07
Disease	disease_4250	1.4956252840838252e-07
Disease	disease_5807	1.4950350040060336e-07
Disease	disease_16334	1.494038718733234e-07
Disease	disease_9353	1.4928514892195392e-07
Disease	disease_2625	1.4928461645077406e-07
Disease	disease_7659	1.4926842316843487e-07
Disease	disease_12233	1.4921353230515844e-07
Disease	disease_7477	1.49209056750667e-07
Disease	disease_16166	1.4915628755176398e-07
Disease	disease_100223	1.49134986838401e-07
Disease	disease_4926	1.4911226333653725e-07
Disease	disease_4710	1.4906006173410992e-07
Disease	disease_3563	1.490129385804885e-07
Disease	disease_3564	1.490129385804885e-07
Disease	disease_4634	1.489983011699597e-07
Disease	disease_10716	1.4899753958000734e-07
Disease	disease_16673	1.4898960990710624e-07
Disease	disease_18506	1.4897105184910793e-07
Disease	disease_100128	1.4888426899635892e-07
Disease	disease_5799	1.4888426899635892e-07
Disease	disease_43892	1.4888426899635892e-07
Disease	disease_13371	1.4874967840633574e-07
Disease	disease_24332	1.4873705847248082e-07
Disease	disease_386	1.486594419037427e-07
Disease	disease_824	1.4856400995074103e-07
Disease	disease_5909	1.4854763514546135e-07
Disease	disease_13848	1.4853947895511717e-07
Disease	disease_7020	1.4852716758301642e-07
Disease	disease_16468	1.4845780582576157e-07
Disease	disease_7235	1.484341702967822e-07
Disease	disease_10866	1.4838728054363713e-07
Disease	disease_16775	1.483350589185428e-07
Disease	disease_13373	1.4832222384987208e-07
Disease	disease_17822	1.4832111371605376e-07
Disease	disease_43004	1.482646083258518e-07
Disease	disease_592	1.4825692605083616e-07
Disease	disease_20477	1.4815227876386124e-07
Disease	disease_15825	1.4810427000753188e-07
Disease	disease_8843	1.480405685975842e-07
Disease	disease_60702	1.4800391731628297e-07
Disease	disease_10010	1.4792857300225434e-07
Disease	disease_12923	1.4790384525132663e-07
Disease	disease_5691	1.4788596391106642e-07
Disease	disease_14455	1.4783829322813772e-07
Disease	disease_4599	1.4782708502133923e-07
Disease	disease_1345	1.4782708502133923e-07
Disease	disease_1585	1.4782708502133923e-07
Disease	disease_6528	1.478197938400469e-07
Disease	disease_20063	1.478131122115305e-07
Disease	disease_9831	1.4780895386252977e-07
Disease	disease_16079	1.4774849660684424e-07
Disease	disease_10139	1.4769146053807866e-07
Disease	disease_11953	1.4767786419918487e-07
Disease	disease_5911	1.4761854508607044e-07
Disease	disease_19502	1.4755461231038127e-07
Disease	disease_100318	1.4753241036162545e-07
Disease	disease_33203	1.4750638501751e-07
Disease	disease_17740	1.474945155893842e-07
Disease	disease_13234	1.4739094698576674e-07
Disease	disease_9350	1.4733540511039299e-07
Disease	disease_8333	1.4722359695365546e-07
Disease	disease_19037	1.4713340825395913e-07
Disease	disease_5866	1.471065557968712e-07
Disease	disease_16619	1.4700274676649185e-07
Disease	disease_16179	1.4697785136296624e-07
Disease	disease_9756	1.469377368677123e-07
Disease	disease_17987	1.4689179241387078e-07
Disease	disease_3181	1.4678737082193686e-07
Disease	disease_17779	1.467759174023184e-07
Disease	disease_20142	1.4674062221713233e-07
Disease	disease_17324	1.4671320249963463e-07
Disease	disease_20738	1.466537585492092e-07
Disease	disease_15044	1.4647254117814357e-07
Disease	disease_19310	1.4641798561294995e-07
Disease	disease_44299	1.4637780080270804e-07
Disease	disease_20347	1.4634291024688932e-07
Disease	disease_21272	1.462821039095605e-07
Disease	disease_11829	1.4627472659845031e-07
Disease	disease_12323	1.4615369309122312e-07
Disease	disease_20056	1.4613855620864795e-07
Disease	disease_13944	1.4609004693621553e-07
Disease	disease_7155	1.4603111040192732e-07
Disease	disease_5563	1.4596784119683686e-07
Disease	disease_13075	1.4596421562762588e-07
Disease	disease_12491	1.4596063818806416e-07
Disease	disease_21355	1.458276220321836e-07
Disease	disease_11702	1.45693502472029e-07
Disease	disease_11482	1.455876175689448e-07
Disease	disease_19787	1.4557798836349023e-07
Disease	disease_14638	1.455183863890304e-07
Disease	disease_13997	1.4543079952989686e-07
Disease	disease_19573	1.454299606229979e-07
Disease	disease_6327	1.4524299691629765e-07
Disease	disease_5557	1.4520557112896946e-07
Disease	disease_13060	1.4516750345523973e-07
Disease	disease_8028	1.4511742071904103e-07
Disease	disease_20640	1.4504460178306136e-07
Disease	disease_11334	1.4498280151173407e-07
Disease	disease_9409	1.4494672945745531e-07
Disease	disease_15248	1.4492019866242207e-07
Disease	disease_35008	1.4488129695124728e-07
Disease	disease_20807	1.4487911324238512e-07
Disease	disease_15157	1.448511461543596e-07
Disease	disease_18571	1.4477969672480716e-07
Disease	disease_10677	1.44694630259648e-07
Disease	disease_7098	1.4468719997467444e-07
Disease	disease_13479	1.4461491189394507e-07
Disease	disease_6544	1.44508617753442e-07
Disease	disease_19704	1.4448251273645493e-07
Disease	disease_12746	1.4445762163180292e-07
Disease	disease_7169	1.444383238497325e-07
Disease	disease_15485	1.4443773349967818e-07
Disease	disease_10676	1.443927356228298e-07
Disease	disease_11257	1.4436987681088326e-07
Disease	disease_6582	1.443556038185789e-07
Disease	disease_3215	1.4433676488776485e-07
Disease	disease_11837	1.4431705735828022e-07
Disease	disease_2436	1.4426535200278084e-07
Disease	disease_6567	1.442420769949814e-07
Disease	disease_17617	1.442150579088616e-07
Disease	disease_5506	1.4412116386544335e-07
Disease	disease_6995	1.4410930649640266e-07
Disease	disease_19995	1.4408795031156248e-07
Disease	disease_13141	1.4406247889172028e-07
Disease	disease_17234	1.4394581192918658e-07
Disease	disease_9404	1.438863610299144e-07
Disease	disease_8896	1.4382893555639404e-07
Disease	disease_6753	1.43770172218387e-07
Disease	disease_12312	1.437221042469251e-07
Disease	disease_11740	1.4370369597193783e-07
Disease	disease_10358	1.4365649214104153e-07
Disease	disease_1404	1.4359654251012085e-07
Disease	disease_3519	1.4351950902815087e-07
Disease	disease_17574	1.4347013286100674e-07
Disease	disease_3007	1.434128231179152e-07
Disease	disease_12590	1.4332362900419405e-07
Disease	disease_18215	1.433159414975335e-07
Disease	disease_2507	1.4331564496225742e-07
Disease	disease_7607	1.4331440610214415e-07
Disease	disease_5944	1.4322621946457543e-07
Disease	disease_15087	1.4313610032952095e-07
Disease	disease_20592	1.4306044967836436e-07
Disease	disease_2995	1.430498196728999e-07
Disease	disease_18317	1.4299178760707665e-07
Disease	disease_17275	1.4290489147067863e-07
Disease	disease_4844	1.4289493176494164e-07
Disease	disease_972	1.4264132807476375e-07
Disease	disease_32599	1.4261251091284858e-07
Disease	disease_594	1.4259783623416523e-07
Disease	disease_17606	1.4259704245662605e-07
Disease	disease_3636	1.425885482869268e-07
Disease	disease_4111	1.4255106987292468e-07
Disease	disease_13195	1.4236563313719968e-07
Disease	disease_31013	1.4227623741683093e-07
Disease	disease_20345	1.4226406731716287e-07
Disease	disease_19712	1.4222463571994938e-07
Disease	disease_20588	1.422210122642988e-07
Disease	disease_18624	1.4206035213599789e-07
Disease	disease_23093	1.4206035213599789e-07
Disease	disease_15141	1.4205860516360795e-07
Disease	disease_19707	1.420512264912689e-07
Disease	disease_2756	1.4203486626034183e-07
Disease	disease_17061	1.419526511938089e-07
Disease	disease_17060	1.419526511938089e-07
Disease	disease_9901	1.4194034445510227e-07
Disease	disease_8592	1.4177462911864212e-07
Disease	disease_16904	1.417557667332783e-07
Disease	disease_8566	1.4175190325200398e-07
Disease	disease_16328	1.4165872458240232e-07
Disease	disease_12901	1.4165083485111536e-07
Disease	disease_1082	1.4160025965987677e-07
Disease	disease_15299	1.4151435836778542e-07
Disease	disease_18590	1.4150190090217109e-07
Disease	disease_33853	1.4146900320190313e-07
Disease	disease_4021	1.4142642278325852e-07
Disease	disease_21322	1.413551507538573e-07
Disease	disease_17624	1.413271153394047e-07
Disease	disease_5334	1.4129903755566397e-07
Disease	disease_9478	1.4104282554502086e-07
Disease	disease_9051	1.4096143980687963e-07
Disease	disease_18813	1.409325287874191e-07
Disease	disease_24517	1.4091694002261703e-07
Disease	disease_13920	1.4089078432960045e-07
Disease	disease_17955	1.4079498071455905e-07
Disease	disease_2404	1.407913087440138e-07
Disease	disease_19148	1.40756134257376e-07
Disease	disease_5516	1.40693679126217e-07
Disease	disease_7535	1.4064958360903893e-07
Disease	disease_19472	1.4057468917477512e-07
Disease	disease_15784	1.405736844181603e-07
Disease	disease_15783	1.4055986643085466e-07
Disease	disease_17230	1.4050118355829903e-07
Disease	disease_30801	1.4048965157805521e-07
Disease	disease_9318	1.4047439295395308e-07
Disease	disease_14123	1.404706860219151e-07
Disease	disease_18808	1.4030111996076985e-07
Disease	disease_8634	1.4026842424227164e-07
Disease	disease_11291	1.4025438154558547e-07
Disease	disease_19085	1.4015601224266556e-07
Disease	disease_9704	1.4012777138923884e-07
Disease	disease_11804	1.4009215375698022e-07
Disease	disease_16128	1.4008742991649775e-07
Disease	disease_19547	1.4007628498751361e-07
Disease	disease_24552	1.4001509598687136e-07
Disease	disease_17035	1.400126080676808e-07
Disease	disease_9563	1.3998145514644347e-07
Disease	disease_12435	1.3996314762585591e-07
Disease	disease_9700	1.3993616548008153e-07
Disease	disease_2731	1.399270498954157e-07
Disease	disease_8969	1.3985387893889762e-07
Disease	disease_13636	1.397535612999994e-07
Disease	disease_13080	1.397535612999994e-07
Disease	disease_13079	1.397535612999994e-07
Disease	disease_13637	1.397535612999994e-07
Disease	disease_16624	1.3973951125981897e-07
Disease	disease_18683	1.395684262727889e-07
Disease	disease_32571	1.3949056169175617e-07
Disease	disease_15863	1.3946678840129063e-07
Disease	disease_17887	1.394151402504694e-07
Disease	disease_6475	1.394151402504694e-07
Disease	disease_17890	1.394151402504694e-07
Disease	disease_6397	1.394151402504694e-07
Disease	disease_7496	1.3937134410917253e-07
Disease	disease_5952	1.3926726464942186e-07
Disease	disease_10248	1.3924888069282485e-07
Disease	disease_16981	1.3922639985616703e-07
Disease	disease_9197	1.3904219565509028e-07
Disease	disease_16037	1.3902799165425978e-07
Disease	disease_11428	1.389792714807195e-07
Disease	disease_14804	1.3890307990353765e-07
Disease	disease_7520	1.387946220251037e-07
Disease	disease_10478	1.3875558356416923e-07
Disease	disease_19784	1.3870826974727414e-07
Disease	disease_19956	1.38627891632776e-07
Disease	disease_17608	1.3853723524691296e-07
Disease	disease_15978	1.38470016448691e-07
Disease	disease_16596	1.3837579575670696e-07
Disease	disease_13988	1.383404868585306e-07
Disease	disease_20253	1.383180628387661e-07
Disease	disease_12925	1.3829780873896714e-07
Disease	disease_24456	1.3816184382097928e-07
Disease	disease_14769	1.381199668657953e-07
Disease	disease_11213	1.3811933130166367e-07
Disease	disease_1164	1.379176658271524e-07
Disease	disease_17021	1.378728777408071e-07
Disease	disease_602	1.3786890206159099e-07
Disease	disease_4591	1.3778512680238967e-07
Disease	disease_19040	1.3774611573412096e-07
Disease	disease_1184	1.3760139342759087e-07
Disease	disease_8262	1.3751842233761192e-07
Disease	disease_13536	1.3745115794849902e-07
Disease	disease_9556	1.3740226903934608e-07
Disease	disease_24238	1.3731705703491502e-07
Disease	disease_10808	1.372996090288357e-07
Disease	disease_10211	1.3727786600748582e-07
Disease	disease_20605	1.3726428685662677e-07
Disease	disease_9271	1.3706588918539895e-07
Disease	disease_5672	1.3703907294694563e-07
Disease	disease_16045	1.3685281756615276e-07
Disease	disease_9183	1.3669478374268606e-07
Disease	disease_7691	1.3648299677584311e-07
Disease	disease_21066	1.3645570656998677e-07
Disease	disease_25028	1.3643587919125144e-07
Disease	disease_13789	1.3639846484505032e-07
Disease	disease_11001	1.3636229157616122e-07
Disease	disease_8009	1.3631730012339377e-07
Disease	disease_18336	1.362610596381138e-07
Disease	disease_44205	1.362359058235186e-07
Disease	disease_24540	1.3610513187829403e-07
Disease	disease_282	1.3590684820044943e-07
Disease	disease_14375	1.358859592787069e-07
Disease	disease_14717	1.358474501234754e-07
Disease	disease_17689	1.3576295657034823e-07
Disease	disease_16105	1.357517624668136e-07
Disease	disease_20739	1.3568520504107487e-07
Disease	disease_13773	1.3564053932493678e-07
Disease	disease_7265	1.355523825947553e-07
Disease	disease_8495	1.3546207560377226e-07
Disease	disease_10879	1.3542921284018523e-07
Disease	disease_12155	1.353972231111473e-07
Disease	disease_345	1.3528778104677405e-07
Disease	disease_19183	1.352661075532823e-07
Disease	disease_12066	1.352363444556504e-07
Disease	disease_21032	1.3522631449723507e-07
Disease	disease_43465	1.351494925378768e-07
Disease	disease_12474	1.3510096654606393e-07
Disease	disease_15220	1.3509882165482984e-07
Disease	disease_2966	1.3509509307272424e-07
Disease	disease_14561	1.34987583837754e-07
Disease	disease_20300	1.3493417791670171e-07
Disease	disease_19253	1.3469519827687515e-07
Disease	disease_15426	1.3469056469714015e-07
Disease	disease_20046	1.3457871226825233e-07
Disease	disease_14998	1.3454441536961663e-07
Disease	disease_6037	1.3449954957789482e-07
Disease	disease_13653	1.3440938096888906e-07
Disease	disease_8346	1.3440436229709305e-07
Disease	disease_16120	1.3440431878988658e-07
Disease	disease_19648	1.3438543280786797e-07
Disease	disease_15151	1.3435995597083869e-07
Disease	disease_8200	1.343176037257116e-07
Disease	disease_15492	1.3430726525665818e-07
Disease	disease_16527	1.3429500145008173e-07
Disease	disease_15927	1.3427337888769786e-07
Disease	disease_17699	1.3417903336072755e-07
Disease	disease_10706	1.3416669461430314e-07
Disease	disease_19978	1.3414365675692924e-07
Disease	disease_14131	1.3405474082372925e-07
Disease	disease_24541	1.3404332316370027e-07
Disease	disease_6477	1.340287699713938e-07
Disease	disease_10726	1.339948975997801e-07
Disease	disease_19755	1.3398563142973254e-07
Disease	disease_17701	1.3397902423983774e-07
Disease	disease_17700	1.3397902423983774e-07
Disease	disease_17695	1.3397902423983774e-07
Disease	disease_17696	1.3397902423983774e-07
Disease	disease_17697	1.3397902423983774e-07
Disease	disease_17698	1.3397902423983774e-07
Disease	disease_7321	1.3395445538618442e-07
Disease	disease_18504	1.339295612181743e-07
Disease	disease_8831	1.3390367375539117e-07
Disease	disease_10874	1.3385825036373325e-07
Disease	disease_18471	1.3382761573125279e-07
Disease	disease_18540	1.3380485241042475e-07
Disease	disease_7646	1.33761480648022e-07
Disease	disease_10127	1.3365842769612678e-07
Disease	disease_19134	1.3365233517590803e-07
Disease	disease_8218	1.3360660069352548e-07
Disease	disease_8152	1.3358066340902877e-07
Disease	disease_6600	1.3352293749727285e-07
Disease	disease_7334	1.3346648561044772e-07
Disease	disease_17227	1.334512682915392e-07
Disease	disease_1466	1.3343340253708e-07
Disease	disease_15182	1.3342376718965133e-07
Disease	disease_1661	1.334005128466591e-07
Disease	disease_14887	1.33310773906541e-07
Disease	disease_17749	1.332300630953892e-07
Disease	disease_10159	1.3317224748772085e-07
Disease	disease_10519	1.3313335831625357e-07
Disease	disease_7817	1.3307861184967356e-07
Disease	disease_925	1.3306648215178532e-07
Disease	disease_924	1.3306648215178532e-07
Disease	disease_923	1.3306648215178532e-07
Disease	disease_16117	1.3281579604687993e-07
Disease	disease_9106	1.328119857899885e-07
Disease	disease_5410	1.3274054585698688e-07
Disease	disease_37747	1.326279361362608e-07
Disease	disease_15803	1.325943776645661e-07
Disease	disease_13475	1.3258971263594721e-07
Disease	disease_14786	1.3258800917404479e-07
Disease	disease_18754	1.325525603103353e-07
Disease	disease_12215	1.3252331277046916e-07
Disease	disease_18244	1.325025404031631e-07
Disease	disease_21677	1.3250106823830376e-07
Disease	disease_12571	1.324852844163664e-07
Disease	disease_8546	1.324714967617834e-07
Disease	disease_20298	1.3244073049215257e-07
Disease	disease_2884	1.3242530871137933e-07
Disease	disease_100073	1.324250244944852e-07
Disease	disease_12071	1.3240622464895077e-07
Disease	disease_17086	1.323168005028819e-07
Disease	disease_3345	1.3231065180512915e-07
Disease	disease_13794	1.323104145378664e-07
Disease	disease_11638	1.322771077891722e-07
Disease	disease_16660	1.322400775254648e-07
Disease	disease_8120	1.3214317635992248e-07
Disease	disease_8474	1.319919749225136e-07
Disease	disease_11925	1.3196407788104115e-07
Disease	disease_19035	1.3189688369071866e-07
Disease	disease_24481	1.3174394937047595e-07
Disease	disease_2545	1.3174201508660329e-07
Disease	disease_10281	1.3173881689966104e-07
Disease	disease_8816	1.317168740168682e-07
Disease	disease_18554	1.3164918925488853e-07
Disease	disease_11903	1.3151612539670261e-07
Disease	disease_14801	1.3146989161683245e-07
Disease	disease_3668	1.3146046886500785e-07
Disease	disease_9291	1.3144802338370304e-07
Disease	disease_2304	1.3143736560172772e-07
Disease	disease_9254	1.313294584153928e-07
Disease	disease_20090	1.313142867505989e-07
Disease	disease_19149	1.3121547591902384e-07
Disease	disease_10613	1.3116643534049863e-07
Disease	disease_18634	1.3115344779746468e-07
Disease	disease_21670	1.3115336709905809e-07
Disease	disease_37003	1.3113581399026003e-07
Disease	disease_21064	1.31082365420845e-07
Disease	disease_5272	1.3107681829950217e-07
Disease	disease_19695	1.3103005665574937e-07
Disease	disease_11173	1.3091783251821498e-07
Disease	disease_33204	1.3089279518573654e-07
Disease	disease_14806	1.307052817239932e-07
Disease	disease_18614	1.3063147736676821e-07
Disease	disease_10490	1.3056520490522914e-07
Disease	disease_20274	1.3045252565872864e-07
Disease	disease_16566	1.304222506601171e-07
Disease	disease_8803	1.304182860815991e-07
Disease	disease_20580	1.3035870632902677e-07
Disease	disease_5137	1.303540229806137e-07
Disease	disease_45012	1.3029996596125058e-07
Disease	disease_8995	1.3029958735564786e-07
Disease	disease_16713	1.3027931185550583e-07
Disease	disease_15338	1.3024922784586957e-07
Disease	disease_13255	1.302431088599312e-07
Disease	disease_18383	1.3023396866806983e-07
Disease	disease_10653	1.3021868653814296e-07
Disease	disease_7232	1.3000733868547652e-07
Disease	disease_9548	1.2996109847930407e-07
Disease	disease_10531	1.2995674172447587e-07
Disease	disease_9511	1.299556704134467e-07
Disease	disease_12876	1.2995093394582536e-07
Disease	disease_14870	1.2995082846433802e-07
Disease	disease_25095	1.2987267837362132e-07
Disease	disease_14991	1.298626045832597e-07
Disease	disease_10177	1.2983125079228643e-07
Disease	disease_6916	1.2978060501408993e-07
Disease	disease_45001	1.2971622714257473e-07
Disease	disease_10796	1.2970785530559103e-07
Disease	disease_11008	1.296358525783176e-07
Disease	disease_2867	1.2961512359499515e-07
Disease	disease_7875	1.2958405615869763e-07
Disease	disease_18151	1.2952364210737388e-07
Disease	disease_1300	1.2950643039163936e-07
Disease	disease_19508	1.2950329594635672e-07
Disease	disease_14396	1.294383182937934e-07
Disease	disease_41167	1.29419964437773e-07
Disease	disease_10212	1.2941861619292172e-07
Disease	disease_11230	1.2938985384539057e-07
Disease	disease_461	1.293511472939493e-07
Disease	disease_16270	1.2932791098123274e-07
Disease	disease_16269	1.2932791098123274e-07
Disease	disease_100083	1.2930279230106427e-07
Disease	disease_17753	1.292366018038713e-07
Disease	disease_5817	1.2921574833524632e-07
Disease	disease_17195	1.2917274834487224e-07
Disease	disease_11311	1.2917223576552497e-07
Disease	disease_9599	1.2917051507387615e-07
Disease	disease_42976	1.291704037575733e-07
Disease	disease_4723	1.291642984619547e-07
Disease	disease_21804	1.2903891401194475e-07
Disease	disease_7111	1.290234184725569e-07
Disease	disease_13167	1.289959276361142e-07
Disease	disease_19181	1.2897313164625742e-07
Disease	disease_60502	1.2887665045398777e-07
Disease	disease_11129	1.2879800044674303e-07
Disease	disease_5956	1.2875320943373625e-07
Disease	disease_14493	1.2873335275273624e-07
Disease	disease_9950	1.28732461886155e-07
Disease	disease_14382	1.2873214588802573e-07
Disease	disease_15581	1.2873072791342432e-07
Disease	disease_6571	1.2863537829118196e-07
Disease	disease_17434	1.28607364457869e-07
Disease	disease_41755	1.2854916611140184e-07
Disease	disease_8554	1.285468737140354e-07
Disease	disease_14076	1.2847782319221273e-07
Disease	disease_1944	1.284466765070008e-07
Disease	disease_9553	1.284466765070008e-07
Disease	disease_12663	1.284466765070008e-07
Disease	disease_9650	1.2842302097643285e-07
Disease	disease_20788	1.283890050329162e-07
Disease	disease_7554	1.2837127259386275e-07
Disease	disease_13340	1.2836275112512658e-07
Disease	disease_7205	1.283590025996318e-07
Disease	disease_7839	1.282818216620796e-07
Disease	disease_4705	1.2808112240781022e-07
Disease	disease_18131	1.2807321108894254e-07
Disease	disease_5150	1.280397442044877e-07
Disease	disease_17123	1.2802608859590283e-07
Disease	disease_20117	1.279443217948492e-07
Disease	disease_13343	1.279024889847732e-07
Disease	disease_470	1.278932020163007e-07
Disease	disease_6128	1.2788070910221147e-07
Disease	disease_7311	1.2783426334744477e-07
Disease	disease_327	1.278258043214239e-07
Disease	disease_15447	1.2777150387026961e-07
Disease	disease_5512	1.276922883082681e-07
Disease	disease_11165	1.2767121642213453e-07
Disease	disease_26782	1.2754988697166793e-07
Disease	disease_24533	1.275475761279161e-07
Disease	disease_33007	1.274905080964649e-07
Disease	disease_19795	1.2748838378155057e-07
Disease	disease_13150	1.2747355133926929e-07
Disease	disease_9485	1.2745036426255966e-07
Disease	disease_1660	1.273974878236326e-07
Disease	disease_9547	1.2738693675751205e-07
Disease	disease_19634	1.2735893573470515e-07
Disease	disease_942	1.2731872142092394e-07
Disease	disease_6130	1.272928839210674e-07
Disease	disease_16999	1.271411672383922e-07
Disease	disease_14260	1.2705285134321723e-07
Disease	disease_18942	1.270437918707044e-07
Disease	disease_8910	1.2702129911206241e-07
Disease	disease_8935	1.2699403255507638e-07
Disease	disease_5693	1.2695528260352331e-07
Disease	disease_7711	1.2693677969663967e-07
Disease	disease_2230	1.268873481777013e-07
Disease	disease_15663	1.2679266118614516e-07
Disease	disease_10217	1.2674027140479534e-07
Disease	disease_44144	1.2665856092065423e-07
Disease	disease_20601	1.264979597797206e-07
Disease	disease_6751	1.2642020308307766e-07
Disease	disease_16467	1.2640834886359567e-07
Disease	disease_15282	1.264058549694163e-07
Disease	disease_8693	1.2634664572390278e-07
Disease	disease_11506	1.263354055266022e-07
Disease	disease_16913	1.262910204465335e-07
Disease	disease_9032	1.2623951738405828e-07
Disease	disease_6346	1.2622774150469897e-07
Disease	disease_19561	1.2622012776254833e-07
Disease	disease_18609	1.261651022974054e-07
Disease	disease_11205	1.2603022913667417e-07
Disease	disease_19359	1.2602599532049027e-07
Disease	disease_233	1.2602599532049027e-07
Disease	disease_19360	1.2602599532049027e-07
Disease	disease_11399	1.259851105265377e-07
Disease	disease_12032	1.2595115785983185e-07
Disease	disease_6597	1.2593937214686752e-07
Disease	disease_10523	1.2592330380154103e-07
Disease	disease_10072	1.2592089840170533e-07
Disease	disease_7495	1.258372281477033e-07
Disease	disease_3210	1.2578106458868253e-07
Disease	disease_15178	1.2571016298009156e-07
Disease	disease_16273	1.256265540171639e-07
Disease	disease_20113	1.2558827043554953e-07
Disease	disease_2727	1.254810218192666e-07
Disease	disease_13578	1.2546330588720493e-07
Disease	disease_17171	1.254021174868486e-07
Disease	disease_17172	1.254021174868486e-07
Disease	disease_5259	1.2539625660208846e-07
Disease	disease_13625	1.2539043251389554e-07
Disease	disease_10810	1.2535670837758863e-07
Disease	disease_7920	1.2528949507058932e-07
Disease	disease_12062	1.2524991480362067e-07
Disease	disease_16820	1.251501625207992e-07
Disease	disease_32564	1.25012289000928e-07
Disease	disease_4481	1.2499948257506734e-07
Disease	disease_8492	1.2478288961790795e-07
Disease	disease_12508	1.247790796546875e-07
Disease	disease_5217	1.2474675067875584e-07
Disease	disease_7124	1.2451750389736608e-07
Disease	disease_19636	1.2451072833349044e-07
Disease	disease_17311	1.2448964634684775e-07
Disease	disease_18481	1.2448124527429024e-07
Disease	disease_19597	1.2443891806406697e-07
Disease	disease_14773	1.2442222020882396e-07
Disease	disease_19574	1.2436913257336843e-07
Disease	disease_18188	1.2428027003382676e-07
Disease	disease_9648	1.242395471037927e-07
Disease	disease_9115	1.241538520512744e-07
Disease	disease_9217	1.2411781491354686e-07
Disease	disease_32872	1.2409948778651117e-07
Disease	disease_11764	1.2409681433801963e-07
Disease	disease_25369	1.2403015040610806e-07
Disease	disease_20106	1.2400467723139754e-07
Disease	disease_15799	1.2398898955772207e-07
Disease	disease_17640	1.23974630681007e-07
Disease	disease_12407	1.2390365832309844e-07
Disease	disease_8940	1.238567264110285e-07
Disease	disease_19675	1.2381145655980422e-07
Disease	disease_20071	1.2377892331657385e-07
Disease	disease_19666	1.2372770312329016e-07
Disease	disease_17759	1.2369671685139384e-07
Disease	disease_42971	1.2363677774596132e-07
Disease	disease_8895	1.235991006863177e-07
Disease	disease_22742	1.2359031893718e-07
Disease	disease_17656	1.2355963150498878e-07
Disease	disease_463	1.2351431268348724e-07
Disease	disease_20849	1.2349443247132398e-07
Disease	disease_13378	1.234400052421492e-07
Disease	disease_20249	1.2338782370242858e-07
Disease	disease_1638	1.2337875535297273e-07
Disease	disease_14604	1.2334040133295038e-07
Disease	disease_54754	1.2330250332899173e-07
Disease	disease_20302	1.2327717470800003e-07
Disease	disease_2209	1.2327483625618918e-07
Disease	disease_10668	1.2325246368242595e-07
Disease	disease_7293	1.2325205237306486e-07
Disease	disease_33630	1.2322999639238262e-07
Disease	disease_21047	1.2319679517646818e-07
Disease	disease_20772	1.2311018016976598e-07
Disease	disease_11119	1.2308796800262439e-07
Disease	disease_23646	1.2301862958963838e-07
Disease	disease_9729	1.2301580596141652e-07
Disease	disease_11283	1.2301175062419143e-07
Disease	disease_17362	1.229950963624915e-07
Disease	disease_965	1.229708091873145e-07
Disease	disease_19231	1.2287553655919578e-07
Disease	disease_12163	1.228302025213666e-07
Disease	disease_4251	1.2282027597349465e-07
Disease	disease_20483	1.2281774783982945e-07
Disease	disease_11896	1.2279688617719603e-07
Disease	disease_2605	1.2279619062725975e-07
Disease	disease_100022	1.2270295044283736e-07
Disease	disease_11222	1.2263501165731594e-07
Disease	disease_11704	1.2263501165731594e-07
Disease	disease_40671	1.2260244636542346e-07
Disease	disease_21197	1.2259053276308509e-07
Disease	disease_10691	1.225802263140986e-07
Disease	disease_21353	1.2256149256474042e-07
Disease	disease_4726	1.2255564281371533e-07
Disease	disease_20348	1.2252471704860796e-07
Disease	disease_20349	1.2252471704860796e-07
Disease	disease_5561	1.2247998565455026e-07
Disease	disease_8682	1.2247727987276832e-07
Disease	disease_17951	1.2246743391390304e-07
Disease	disease_19411	1.2246490555496612e-07
Disease	disease_5528	1.223128157107449e-07
Disease	disease_11676	1.2229671481695528e-07
Disease	disease_17318	1.2229428187968457e-07
Disease	disease_12693	1.222727075726383e-07
Disease	disease_15183	1.2223644291683762e-07
Disease	disease_60556	1.2216020069525307e-07
Disease	disease_19518	1.221314249295435e-07
Disease	disease_100089	1.2213044751327108e-07
Disease	disease_7103	1.2205830070171388e-07
Disease	disease_18308	1.2203871288273805e-07
Disease	disease_6672	1.2200573160940197e-07
Disease	disease_54722	1.2196619383614064e-07
Disease	disease_24307	1.219646101964577e-07
Disease	disease_10213	1.219456413304604e-07
Disease	disease_13519	1.219370380456602e-07
Disease	disease_2879	1.219120455732573e-07
Disease	disease_8724	1.218953650084907e-07
Disease	disease_1024	1.218869726134238e-07
Disease	disease_12387	1.218507917451867e-07
Disease	disease_9716	1.2184288852957234e-07
Disease	disease_10027	1.2179106221753976e-07
Disease	disease_14741	1.2170496004161672e-07
Disease	disease_13352	1.2157327451707625e-07
Disease	disease_43541	1.2156578608291424e-07
Disease	disease_9270	1.2155255984995526e-07
Disease	disease_158	1.2150473072436945e-07
Disease	disease_100068	1.2149726457261645e-07
Disease	disease_13847	1.2146556369126286e-07
Disease	disease_10210	1.2141277153969347e-07
Disease	disease_8332	1.214040490180434e-07
Disease	disease_9331	1.2140171574857552e-07
Disease	disease_7733	1.213336399358295e-07
Disease	disease_41093	1.2126431849378636e-07
Disease	disease_11773	1.212290229928721e-07
Disease	disease_19178	1.2119307840000505e-07
Disease	disease_21224	1.211717839592486e-07
Disease	disease_13692	1.2115238201209466e-07
Disease	disease_32654	1.210632609190501e-07
Disease	disease_5287	1.2105019240208672e-07
Disease	disease_20603	1.210121088388576e-07
Disease	disease_16068	1.2099560165206218e-07
Disease	disease_19559	1.2092520496937985e-07
Disease	disease_17716	1.2091525142342606e-07
Disease	disease_15431	1.208834270200583e-07
Disease	disease_10959	1.2088312227050725e-07
Disease	disease_13854	1.2080869652405792e-07
Disease	disease_2528	1.208031704667653e-07
Disease	disease_8187	1.2076895356791468e-07
Disease	disease_11050	1.2075207120939858e-07
Disease	disease_5358	1.2073760913068412e-07
Disease	disease_10554	1.2072978077174098e-07
Disease	disease_12994	1.2068366912721325e-07
Disease	disease_20045	1.206752210651506e-07
Disease	disease_8617	1.2063015004605133e-07
Disease	disease_42973	1.206012608308221e-07
Disease	disease_1955	1.2059153642808628e-07
Disease	disease_15185	1.2057250950649523e-07
Disease	disease_3936	1.2051325869014156e-07
Disease	disease_12726	1.2048627018681604e-07
Disease	disease_7337	1.2045922164451654e-07
Disease	disease_9696	1.2045312204295592e-07
Disease	disease_5851	1.2044616108102836e-07
Disease	disease_11227	1.2044236204160367e-07
Disease	disease_20598	1.203848618742607e-07
Disease	disease_30502	1.2032777675524777e-07
Disease	disease_16229	1.2024263898319636e-07
Disease	disease_9797	1.2022141626392877e-07
Disease	disease_4625	1.202050992516242e-07
Disease	disease_10121	1.2017306296036176e-07
Disease	disease_774	1.201311430485873e-07
Disease	disease_5896	1.2008866974106518e-07
Disease	disease_12350	1.2008422138821499e-07
Disease	disease_7252	1.1995986352685725e-07
Disease	disease_7187	1.1989568248962707e-07
Disease	disease_7762	1.1978946057642889e-07
Disease	disease_9747	1.1976659383940697e-07
Disease	disease_9945	1.1970009480606947e-07
Disease	disease_8368	1.1969099847365355e-07
Disease	disease_5	1.196454223624878e-07
Disease	disease_14388	1.1963373227550046e-07
Disease	disease_14244	1.196277164498993e-07
Disease	disease_8992	1.1959756461484239e-07
Disease	disease_20118	1.19571560774884e-07
Disease	disease_14233	1.1946225885591747e-07
Disease	disease_9781	1.1945561288823944e-07
Disease	disease_9589	1.194485719403003e-07
Disease	disease_8991	1.1944729276219577e-07
Disease	disease_21190	1.1944230644862016e-07
Disease	disease_43458	1.194234723025817e-07
Disease	disease_33537	1.1938188742495504e-07
Disease	disease_18002	1.1933653696147042e-07
Disease	disease_13499	1.19334132396975e-07
Disease	disease_16341	1.1933155206300847e-07
Disease	disease_8242	1.1925098830234608e-07
Disease	disease_11857	1.1924148582880645e-07
Disease	disease_9086	1.1923495611079172e-07
Disease	disease_7970	1.1919937151908256e-07
Disease	disease_15289	1.1919524215257437e-07
Disease	disease_6241	1.1916345378588344e-07
Disease	disease_10001	1.1914838277921769e-07
Disease	disease_13546	1.1912550930641721e-07
Disease	disease_2880	1.191227953014343e-07
Disease	disease_17020	1.190978418384186e-07
Disease	disease_17627	1.1906762426282727e-07
Disease	disease_1437	1.1904309603526581e-07
Disease	disease_18103	1.1902487674711986e-07
Disease	disease_20831	1.1897736522473364e-07
Disease	disease_43777	1.189646398664949e-07
Disease	disease_8429	1.1890263938199108e-07
Disease	disease_16059	1.1885545491020367e-07
Disease	disease_10906	1.1885330779170436e-07
Disease	disease_15884	1.188452723688347e-07
Disease	disease_21132	1.188234503292532e-07
Disease	disease_8155	1.1873863966286595e-07
Disease	disease_2477	1.1873568703182005e-07
Disease	disease_9998	1.1871667801759199e-07
Disease	disease_306	1.1868438709726021e-07
Disease	disease_19249	1.1867151024510732e-07
Disease	disease_3342	1.1865273655716612e-07
Disease	disease_31169	1.1858421863722986e-07
Disease	disease_2120	1.185146006859313e-07
Disease	disease_10925	1.1846685933250726e-07
Disease	disease_13474	1.1846683901429594e-07
Disease	disease_43139	1.1845749318896191e-07
Disease	disease_18485	1.1845347190428567e-07
Disease	disease_16463	1.1839305663237689e-07
Disease	disease_12854	1.1837143083840104e-07
Disease	disease_25385	1.1832194216332158e-07
Disease	disease_25376	1.1831392726016584e-07
Disease	disease_7883	1.181483681671419e-07
Disease	disease_9985	1.1811948094794268e-07
Disease	disease_11606	1.1811838994360019e-07
Disease	disease_17136	1.1809612711226377e-07
Disease	disease_18601	1.1803904628122895e-07
Disease	disease_5534	1.18016604418348e-07
Disease	disease_32835	1.1797389589147347e-07
Disease	disease_18465	1.1789146553528108e-07
Disease	disease_20099	1.1787358618653452e-07
Disease	disease_11090	1.1780700553685973e-07
Disease	disease_19467	1.1779307733582e-07
Disease	disease_12123	1.1777720207758348e-07
Disease	disease_10338	1.177578620987237e-07
Disease	disease_18729	1.1774401991828543e-07
Disease	disease_110	1.1774128646962653e-07
Disease	disease_20768	1.1773122055350013e-07
Disease	disease_19680	1.1772844848991429e-07
Disease	disease_54677	1.1764561299270561e-07
Disease	disease_14380	1.1763683222975498e-07
Disease	disease_13363	1.1763524525326016e-07
Disease	disease_16793	1.1754099268779687e-07
Disease	disease_16326	1.174550228965342e-07
Disease	disease_33280	1.1741293357759816e-07
Disease	disease_8971	1.1736425433538929e-07
Disease	disease_10881	1.1733100027717224e-07
Disease	disease_8472	1.1728105953165786e-07
Disease	disease_812	1.1721140806005305e-07
Disease	disease_7788	1.1717648513498964e-07
Disease	disease_13892	1.1711885925500807e-07
Disease	disease_14910	1.1710872250094387e-07
Disease	disease_17390	1.1705468899506125e-07
Disease	disease_13500	1.170368977811381e-07
Disease	disease_1824	1.1693593840641134e-07
Disease	disease_188	1.1686382323877385e-07
Disease	disease_5728	1.1683081902571599e-07
Disease	disease_10815	1.1674059835409442e-07
Disease	disease_34024	1.1670396602065091e-07
Disease	disease_20811	1.1664294944261271e-07
Disease	disease_17783	1.165583932465951e-07
Disease	disease_9147	1.1639781087115717e-07
Disease	disease_16148	1.1634282545887629e-07
Disease	disease_11737	1.1633415437724942e-07
Disease	disease_10360	1.1633415437724942e-07
Disease	disease_11220	1.1633415437724942e-07
Disease	disease_330	1.163177767386803e-07
Disease	disease_14757	1.1631693935315752e-07
Disease	disease_24516	1.1629961481454082e-07
Disease	disease_20340	1.1625761918352782e-07
Disease	disease_16379	1.1623838334625652e-07
Disease	disease_5446	1.1622128364094957e-07
Disease	disease_33557	1.1614358128562279e-07
Disease	disease_389	1.1613700919639779e-07
Disease	disease_7710	1.1601877663484461e-07
Disease	disease_6311	1.1598301307397595e-07
Disease	disease_13122	1.1596550713213368e-07
Disease	disease_6209	1.159149420184218e-07
Disease	disease_7813	1.1590834501063368e-07
Disease	disease_19716	1.1585033997928401e-07
Disease	disease_21231	1.1581996754990769e-07
Disease	disease_8859	1.1580142053555309e-07
Disease	disease_8929	1.1579121682639104e-07
Disease	disease_7857	1.1579021908141525e-07
Disease	disease_13982	1.1577417887690981e-07
Disease	disease_10033	1.1575613278153059e-07
Disease	disease_8911	1.1572904114721098e-07
Disease	disease_12289	1.1572757357681086e-07
Disease	disease_16060	1.1566686188997654e-07
Disease	disease_12053	1.1565406151102282e-07
Disease	disease_7018	1.1564191340584185e-07
Disease	disease_30924	1.1559022229908519e-07
Disease	disease_44986	1.1548783588605884e-07
Disease	disease_100238	1.1545968268933823e-07
Disease	disease_16521	1.1539974620580444e-07
Disease	disease_4785	1.1538593740171736e-07
Disease	disease_6035	1.153718217982858e-07
Disease	disease_17828	1.1525152417495391e-07
Disease	disease_11806	1.1519023012867033e-07
Disease	disease_19667	1.1515656584991208e-07
Disease	disease_19451	1.1513851003811707e-07
Disease	disease_16178	1.1510755028363208e-07
Disease	disease_9400	1.1510338742670025e-07
Disease	disease_813	1.1505015262812372e-07
Disease	disease_32721	1.1502249128115393e-07
Disease	disease_8086	1.1498261993694585e-07
Disease	disease_8470	1.149503520584588e-07
Disease	disease_7552	1.1490102277776568e-07
Disease	disease_18897	1.1489536340249615e-07
Disease	disease_1516	1.148081220532551e-07
Disease	disease_15785	1.1464862575706713e-07
Disease	disease_13478	1.1462895670045348e-07
Disease	disease_13333	1.1459067675383565e-07
Disease	disease_171	1.1450454959552567e-07
Disease	disease_17871	1.1449732068850367e-07
Disease	disease_7761	1.144893792840623e-07
Disease	disease_100056	1.1444899822058999e-07
Disease	disease_21254	1.1444375853576477e-07
Disease	disease_17141	1.1423171811125656e-07
Disease	disease_7271	1.1422965589288337e-07
Disease	disease_7037	1.141707401941886e-07
Disease	disease_2185	1.1415666818477397e-07
Disease	disease_16801	1.1410005180781339e-07
Disease	disease_7446	1.1407647815288182e-07
Disease	disease_43133	1.140612899038113e-07
Disease	disease_14810	1.1405395039032901e-07
Disease	disease_5445	1.1405015294562206e-07
Disease	disease_7412	1.1401507409940981e-07
Disease	disease_2801	1.1396044120162118e-07
Disease	disease_14613	1.1394059833301177e-07
Disease	disease_13049	1.1393648864859064e-07
Disease	disease_8758	1.139363642858144e-07
Disease	disease_16883	1.1390775496583624e-07
Disease	disease_8048	1.1390638097463194e-07
Disease	disease_8458	1.1386988604863885e-07
Disease	disease_3569	1.1386836547215412e-07
Disease	disease_8071	1.1386380137679447e-07
Disease	disease_20265	1.138587048468958e-07
Disease	disease_10657	1.1383981186656902e-07
Disease	disease_24479	1.1383880674465684e-07
Disease	disease_54741	1.1376653795363771e-07
Disease	disease_11215	1.1365370031149392e-07
Disease	disease_3674	1.1362975010789328e-07
Disease	disease_6652	1.1362975010789328e-07
Disease	disease_16485	1.135826518767873e-07
Disease	disease_7142	1.1357851519067387e-07
Disease	disease_20665	1.1346603907430463e-07
Disease	disease_6074	1.1344610086206773e-07
Disease	disease_18230	1.1332142255448024e-07
Disease	disease_9897	1.1331056306707907e-07
Disease	disease_32775	1.1329999118539343e-07
Disease	disease_8908	1.1327563222089031e-07
Disease	disease_8837	1.1326671336393563e-07
Disease	disease_6478	1.1317921664675501e-07
Disease	disease_12251	1.131445313106848e-07
Disease	disease_5757	1.130823952386858e-07
Disease	disease_2754	1.1297546280218189e-07
Disease	disease_15042	1.1297546280218189e-07
Disease	disease_15043	1.1297546280218189e-07
Disease	disease_2755	1.1297546280218189e-07
Disease	disease_10480	1.1290676045251418e-07
Disease	disease_6404	1.1286820058795193e-07
Disease	disease_10681	1.1285537653745784e-07
Disease	disease_7660	1.1284632108221438e-07
Disease	disease_13565	1.1277643093072283e-07
Disease	disease_11237	1.1272164442803182e-07
Disease	disease_11470	1.1272164442803182e-07
Disease	disease_16901	1.1271232289328743e-07
Disease	disease_16862	1.1269041159111909e-07
Disease	disease_11402	1.1266592939133942e-07
Disease	disease_21702	1.1266101878510939e-07
Disease	disease_10397	1.1256520256618003e-07
Disease	disease_3804	1.1255083779210654e-07
Disease	disease_6282	1.1249982579386904e-07
Disease	disease_14595	1.1244307321784099e-07
Disease	disease_14144	1.1244009114684814e-07
Disease	disease_17271	1.1243645932576125e-07
Disease	disease_14700	1.1242673960938568e-07
Disease	disease_17057	1.1240799661450793e-07
Disease	disease_9169	1.1233894762349385e-07
Disease	disease_16484	1.1232310239171674e-07
Disease	disease_32684	1.1218760081516747e-07
Disease	disease_24527	1.1203614888396217e-07
Disease	disease_21102	1.1202376599074312e-07
Disease	disease_7171	1.1197893278453621e-07
Disease	disease_13281	1.1193205161366935e-07
Disease	disease_2661	1.1192182847580968e-07
Disease	disease_7425	1.1190441240933197e-07
Disease	disease_8868	1.1182697096283112e-07
Disease	disease_15548	1.1180558963784186e-07
Disease	disease_11176	1.1180533174687499e-07
Disease	disease_5815	1.1179535942440941e-07
Disease	disease_9149	1.1178666444369818e-07
Disease	disease_7440	1.117187378112856e-07
Disease	disease_2815	1.1159727123140446e-07
Disease	disease_2732	1.1139194424243459e-07
Disease	disease_19813	1.1136905780334048e-07
Disease	disease_14750	1.1128440578754353e-07
Disease	disease_23297	1.1126893729059007e-07
Disease	disease_18865	1.1123016138275562e-07
Disease	disease_12745	1.1121451912802602e-07
Disease	disease_586	1.1118025280740948e-07
Disease	disease_3110	1.111492398383587e-07
Disease	disease_15995	1.1107685394399232e-07
Disease	disease_931	1.1107087277628411e-07
Disease	disease_21034	1.1092571558778324e-07
Disease	disease_8457	1.1092124699443609e-07
Disease	disease_12290	1.1090395998544003e-07
Disease	disease_20504	1.1082729912220102e-07
Disease	disease_15682	1.1078479528370808e-07
Disease	disease_13030	1.107389541620154e-07
Disease	disease_14784	1.1071955408320935e-07
Disease	disease_15633	1.107084145480275e-07
Disease	disease_18051	1.1068743413907753e-07
Disease	disease_368	1.1066659092371172e-07
Disease	disease_13147	1.1066304702647996e-07
Disease	disease_13339	1.1061203837350197e-07
Disease	disease_8428	1.105377402252507e-07
Disease	disease_11340	1.1052826290886313e-07
Disease	disease_15244	1.1049128421773587e-07
Disease	disease_11840	1.1047612639396398e-07
Disease	disease_12667	1.1042142165178035e-07
Disease	disease_9082	1.1041625630512872e-07
Disease	disease_12301	1.1037742201832804e-07
Disease	disease_20325	1.1036841986944303e-07
Disease	disease_13211	1.1036137133596095e-07
Disease	disease_14073	1.1033814407206785e-07
Disease	disease_14095	1.1032990006519875e-07
Disease	disease_10306	1.1031234017543967e-07
Disease	disease_10386	1.1027932660500625e-07
Disease	disease_17842	1.1014497404597045e-07
Disease	disease_21093	1.1012420972516628e-07
Disease	disease_13198	1.1012275185903986e-07
Disease	disease_44843	1.1009906676848943e-07
Disease	disease_12704	1.1002708139064126e-07
Disease	disease_9509	1.098242827719039e-07
Disease	disease_10148	1.0976866338926544e-07
Disease	disease_18821	1.0974748167886354e-07
Disease	disease_16358	1.0970117283248354e-07
Disease	disease_16280	1.096983270640706e-07
Disease	disease_6920	1.0961127102308423e-07
Disease	disease_3544	1.095979928811472e-07
Disease	disease_5594	1.0957726547723162e-07
Disease	disease_12652	1.0954085343102364e-07
Disease	disease_8722	1.0935033284340423e-07
Disease	disease_100054	1.0929879253571291e-07
Disease	disease_7294	1.0928130422935203e-07
Disease	disease_2900	1.0927375650561705e-07
Disease	disease_9143	1.0921635377132811e-07
Disease	disease_43226	1.0914615028551806e-07
Disease	disease_4828	1.0904321122994046e-07
Disease	disease_10168	1.0902464587019557e-07
Disease	disease_2467	1.0900356943885595e-07
Disease	disease_18948	1.0897919144131752e-07
Disease	disease_9724	1.0896879590653959e-07
Disease	disease_44649	1.0896473423577064e-07
Disease	disease_17404	1.0886254868114766e-07
Disease	disease_20947	1.0885715051643598e-07
Disease	disease_11681	1.0881039363257032e-07
Disease	disease_10974	1.0877836838503892e-07
Disease	disease_19941	1.0868852155276197e-07
Disease	disease_10278	1.0863488921879924e-07
Disease	disease_11551	1.0857347889558653e-07
Disease	disease_16398	1.0857236446704737e-07
Disease	disease_9699	1.0856416657546788e-07
Disease	disease_8815	1.0856259168693536e-07
Disease	disease_11425	1.085546267413876e-07
Disease	disease_12364	1.085546267413876e-07
Disease	disease_11567	1.085546267413876e-07
Disease	disease_5743	1.0845125105104342e-07
Disease	disease_14011	1.0829359989066065e-07
Disease	disease_10711	1.0824088233180813e-07
Disease	disease_17363	1.0814476682033375e-07
Disease	disease_14869	1.0812071129423161e-07
Disease	disease_12496	1.080386315250942e-07
Disease	disease_21941	1.0797732169772194e-07
Disease	disease_24659	1.0793773715965307e-07
Disease	disease_19803	1.0792623036504654e-07
Disease	disease_13053	1.0792202759369468e-07
Disease	disease_9728	1.079129447234835e-07
Disease	disease_17816	1.0782097717772589e-07
Disease	disease_17817	1.0782097717772589e-07
Disease	disease_10961	1.0771809158101799e-07
Disease	disease_1095	1.0770862588719989e-07
Disease	disease_16677	1.0770241559311447e-07
Disease	disease_13488	1.0764494084808209e-07
Disease	disease_32772	1.0763653318576306e-07
Disease	disease_12914	1.0763590696707022e-07
Disease	disease_14094	1.0757936875559067e-07
Disease	disease_14082	1.075438575418772e-07
Disease	disease_646	1.0753801275401971e-07
Disease	disease_4499	1.0753384979031465e-07
Disease	disease_16815	1.0749357261435512e-07
Disease	disease_3040	1.0747042013467067e-07
Disease	disease_30701	1.0746093698725947e-07
Disease	disease_7672	1.0739969790405241e-07
Disease	disease_10983	1.0739885290217257e-07
Disease	disease_17902	1.073909111571826e-07
Disease	disease_21089	1.0729278340069117e-07
Disease	disease_11485	1.072399511437086e-07
Disease	disease_19172	1.0722519462438877e-07
Disease	disease_9916	1.0721395648531877e-07
Disease	disease_17900	1.0720265764072612e-07
Disease	disease_32799	1.0712594487930249e-07
Disease	disease_18860	1.0702436140167616e-07
Disease	disease_7835	1.0697076067209911e-07
Disease	disease_19567	1.068846507880266e-07
Disease	disease_7556	1.0676023111865493e-07
Disease	disease_11583	1.0671201975237034e-07
Disease	disease_9767	1.0665355121241135e-07
Disease	disease_19627	1.0664667119548189e-07
Disease	disease_19020	1.0664016276789805e-07
Disease	disease_21195	1.0659060537680612e-07
Disease	disease_16036	1.0657840480654729e-07
Disease	disease_13349	1.0657775632318618e-07
Disease	disease_19860	1.0647068901246971e-07
Disease	disease_20803	1.0632655624294873e-07
Disease	disease_5220	1.0617272238012695e-07
Disease	disease_15261	1.0616387345714515e-07
Disease	disease_14541	1.0615873640287312e-07
Disease	disease_551	1.0603480482646703e-07
Disease	disease_2749	1.060041353398343e-07
Disease	disease_160	1.0600066402053769e-07
Disease	disease_18326	1.0598712597707063e-07
Disease	disease_30062	1.0598681600214401e-07
Disease	disease_11426	1.059651992532363e-07
Disease	disease_33614	1.0591937795460538e-07
Disease	disease_5707	1.0590197022765073e-07
Disease	disease_6316	1.059015684098871e-07
Disease	disease_24571	1.0588450876267968e-07
Disease	disease_6455	1.0578730438060156e-07
Disease	disease_17152	1.0577532404847367e-07
Disease	disease_5023	1.0575546365126006e-07
Disease	disease_19861	1.0574488776727757e-07
Disease	disease_1481	1.057226219505935e-07
Disease	disease_7482	1.0567893209587179e-07
Disease	disease_16090	1.0563105279537851e-07
Disease	disease_21658	1.0562877755622385e-07
Disease	disease_6157	1.0560618679439067e-07
Disease	disease_8021	1.0549238070607377e-07
Disease	disease_3311	1.0549156310140111e-07
Disease	disease_44348	1.0543320455366557e-07
Disease	disease_7494	1.054195097398505e-07
Disease	disease_16377	1.0540769433505879e-07
Disease	disease_6598	1.0521437824762614e-07
Disease	disease_32693	1.0507032302621344e-07
Disease	disease_17705	1.0502496490533312e-07
Disease	disease_9970	1.049490832649699e-07
Disease	disease_21175	1.0494881641958503e-07
Disease	disease_23263	1.0494811205568664e-07
Disease	disease_27772	1.0494412102274022e-07
Disease	disease_34104	1.0488108307306289e-07
Disease	disease_13115	1.0484811948034914e-07
Disease	disease_15461	1.0476515701296757e-07
Disease	disease_13083	1.0474591918938345e-07
Disease	disease_19921	1.0472787394623734e-07
Disease	disease_5144	1.0470340476216611e-07
Disease	disease_532	1.0459104970885544e-07
Disease	disease_18329	1.0451690618383054e-07
Disease	disease_9935	1.0443665149151312e-07
Disease	disease_14023	1.044366085000108e-07
Disease	disease_18424	1.0435256678592615e-07
Disease	disease_12184	1.043317012088935e-07
Disease	disease_21193	1.0433066533598323e-07
Disease	disease_14831	1.043126730525345e-07
Disease	disease_13640	1.0420698677006035e-07
Disease	disease_16965	1.0419816506779146e-07
Disease	disease_14058	1.0419354269477386e-07
Disease	disease_6595	1.041624752646442e-07
Disease	disease_16808	1.0399986001431046e-07
Disease	disease_41295	1.0397808515837348e-07
Disease	disease_1954	1.0395776961778215e-07
Disease	disease_5659	1.039498125972009e-07
Disease	disease_4514	1.039498125972009e-07
Disease	disease_10235	1.0391383155400015e-07
Disease	disease_14512	1.0385904959849942e-07
Disease	disease_19309	1.0385375427421698e-07
Disease	disease_2285	1.0381682934451073e-07
Disease	disease_13953	1.0377564567316388e-07
Disease	disease_16224	1.0376715382453769e-07
Disease	disease_2427	1.0371857598475095e-07
Disease	disease_13969	1.0364944912603661e-07
Disease	disease_14274	1.0360425864863634e-07
Disease	disease_17787	1.0360318170503527e-07
Disease	disease_6002	1.035895015521007e-07
Disease	disease_5919	1.0357729275871102e-07
Disease	disease_44977	1.0342792241093809e-07
Disease	disease_12500	1.0339502172526275e-07
Disease	disease_814	1.0334461136971464e-07
Disease	disease_1148	1.0330940464980387e-07
Disease	disease_17924	1.0328368449089299e-07
Disease	disease_5688	1.0325514837172916e-07
Disease	disease_13434	1.0321317095764352e-07
Disease	disease_19233	1.0315931807107762e-07
Disease	disease_14099	1.0314797180985042e-07
Disease	disease_18123	1.0302178110057952e-07
Disease	disease_10825	1.0301593086613244e-07
Disease	disease_6728	1.0298603600120757e-07
Disease	disease_17648	1.0285936908951253e-07
Disease	disease_7174	1.0282664773420284e-07
Disease	disease_1866	1.02816936556677e-07
Disease	disease_17921	1.027210691529795e-07
Disease	disease_100325	1.027045888804199e-07
Disease	disease_18474	1.026839155536612e-07
Disease	disease_2225	1.0268151528335718e-07
Disease	disease_16382	1.0265172029903358e-07
Disease	disease_14298	1.0257663512073169e-07
Disease	disease_7211	1.025327467646068e-07
Disease	disease_5040	1.0250980134408852e-07
Disease	disease_7336	1.0250413685648304e-07
Disease	disease_8421	1.0248245048817571e-07
Disease	disease_13086	1.0238734660335663e-07
Disease	disease_14774	1.0238734660335663e-07
Disease	disease_13085	1.0238734660335663e-07
Disease	disease_5598	1.0238734660335663e-07
Disease	disease_13084	1.0238734660335663e-07
Disease	disease_2899	1.0238734660335663e-07
Disease	disease_21531	1.0236889993200924e-07
Disease	disease_12194	1.0234130642928539e-07
Disease	disease_37872	1.0232953744959619e-07
Disease	disease_10921	1.0230904737172859e-07
Disease	disease_17811	1.0225084189122307e-07
Disease	disease_37792	1.0221758331595398e-07
Disease	disease_12456	1.0218748003047591e-07
Disease	disease_7307	1.0217818712118296e-07
Disease	disease_37105	1.0217480483708931e-07
Disease	disease_3767	1.0217147086058461e-07
Disease	disease_12454	1.0216767267391668e-07
Disease	disease_11255	1.0213255004614756e-07
Disease	disease_10744	1.0210166235522035e-07
Disease	disease_14383	1.0209382715577319e-07
Disease	disease_15711	1.0206791838950443e-07
Disease	disease_12111	1.0206568071094543e-07
Disease	disease_9079	1.0204393427331603e-07
Disease	disease_13838	1.0202807313303395e-07
Disease	disease_11517	1.0195988691427918e-07
Disease	disease_10020	1.0195939767625077e-07
Disease	disease_16994	1.0195009120690007e-07
Disease	disease_4991	1.018463642726158e-07
Disease	disease_33947	1.0184055055360005e-07
Disease	disease_10263	1.0180062929686193e-07
Disease	disease_19284	1.0172655054148274e-07
Disease	disease_9821	1.0166419948450704e-07
Disease	disease_5473	1.0163643593841336e-07
Disease	disease_17589	1.0162747214660277e-07
Disease	disease_12847	1.0159799795984552e-07
Disease	disease_3438	1.0154886610763698e-07
Disease	disease_20231	1.0145480936785647e-07
Disease	disease_19717	1.0144302591173118e-07
Disease	disease_2542	1.0143261502362928e-07
Disease	disease_17231	1.0142334807685406e-07
Disease	disease_22714	1.0142334807685406e-07
Disease	disease_3430	1.0135483152703693e-07
Disease	disease_7874	1.0133671189518254e-07
Disease	disease_12881	1.0131625627714266e-07
Disease	disease_553	1.0125396482853243e-07
Disease	disease_17802	1.0124718280381942e-07
Disease	disease_25505	1.0124124013245153e-07
Disease	disease_7163	1.0119787332262146e-07
Disease	disease_12686	1.0119082185829912e-07
Disease	disease_12882	1.0119082185829912e-07
Disease	disease_12642	1.0119082185829912e-07
Disease	disease_12877	1.0119082185829912e-07
Disease	disease_12319	1.0119082185829912e-07
Disease	disease_9279	1.0114086407571851e-07
Disease	disease_19075	1.0104548985124233e-07
Disease	disease_18771	1.0100889576438349e-07
Disease	disease_6049	1.0095849844414853e-07
Disease	disease_153	1.0090216617802165e-07
Disease	disease_12221	1.0088072332417476e-07
Disease	disease_11384	1.0087301753308172e-07
Disease	disease_12587	1.0087301753308172e-07
Disease	disease_11815	1.0087301753308172e-07
Disease	disease_11440	1.0087301753308172e-07
Disease	disease_12458	1.0087301753308172e-07
Disease	disease_12459	1.0087301753308172e-07
Disease	disease_12599	1.0087301753308172e-07
Disease	disease_12109	1.0087301753308172e-07
Disease	disease_3917	1.0084963308331747e-07
Disease	disease_19374	1.0083058639777372e-07
Disease	disease_19104	1.0078507094408942e-07
Disease	disease_4570	1.0070805885604534e-07
Disease	disease_8359	1.0065640946299766e-07
Disease	disease_4466	1.0062910923440217e-07
Disease	disease_14167	1.0058257287087744e-07
Disease	disease_14010	1.0056060739962387e-07
Disease	disease_11174	1.0053595900797539e-07
Disease	disease_14150	1.0051000172484782e-07
Disease	disease_6476	1.004721418861106e-07
Disease	disease_19752	1.0044305793956546e-07
Disease	disease_1381	1.0035217882936018e-07
Disease	disease_16329	1.0033824802302285e-07
Disease	disease_21375	1.0029544196589778e-07
Disease	disease_25412	1.0026882489917935e-07
Disease	disease_17639	1.0026822670483144e-07
Disease	disease_13381	1.0026114250641589e-07
Disease	disease_2927	1.002202469884314e-07
Disease	disease_9498	1.0015663324973039e-07
Disease	disease_54837	1.0012299137741576e-07
Disease	disease_11183	1.0007533596643567e-07
Disease	disease_14792	1.0004895783919656e-07
Disease	disease_19395	1.0004249935133407e-07
Disease	disease_16411	9.99503175821433e-08
Disease	disease_16555	9.990939009294192e-08
Disease	disease_19307	9.990894088462725e-08
Disease	disease_60578	9.987913091594547e-08
Disease	disease_984	9.984289984515592e-08
Disease	disease_17017	9.9781027565402e-08
Disease	disease_9552	9.976440310060059e-08
Disease	disease_20496	9.96161163909813e-08
Disease	disease_9532	9.960179352187093e-08
Disease	disease_5656	9.95870366121076e-08
Disease	disease_9419	9.958217082715636e-08
Disease	disease_24314	9.956703904157742e-08
Disease	disease_18120	9.954120413083828e-08
Disease	disease_30015	9.953807567753912e-08
Disease	disease_9480	9.949210735083178e-08
Disease	disease_17806	9.94811894604267e-08
Disease	disease_21537	9.94286639733583e-08
Disease	disease_24664	9.942545187444746e-08
Disease	disease_8108	9.931830298373818e-08
Disease	disease_8134	9.927676598467195e-08
Disease	disease_10720	9.925534487483561e-08
Disease	disease_959	9.924748126593203e-08
Disease	disease_693	9.924081155155011e-08
Disease	disease_503	9.921573208169025e-08
Disease	disease_3965	9.913429745842397e-08
Disease	disease_11964	9.910294231070731e-08
Disease	disease_19753	9.909505395974523e-08
Disease	disease_19754	9.909505395974523e-08
Disease	disease_11269	9.906408895347896e-08
Disease	disease_21023	9.905405782705303e-08
Disease	disease_15357	9.905185968702912e-08
Disease	disease_14497	9.903215847847627e-08
Disease	disease_5261	9.899511860024295e-08
Disease	disease_44739	9.891962306091555e-08
Disease	disease_19568	9.891203341751619e-08
Disease	disease_9502	9.887721737071485e-08
Disease	disease_4186	9.881420236338405e-08
Disease	disease_12295	9.880859397277535e-08
Disease	disease_19615	9.878791959486904e-08
Disease	disease_14148	9.86838348998088e-08
Disease	disease_16237	9.867948239176934e-08
Disease	disease_13991	9.867275518419347e-08
Disease	disease_11454	9.863928146498272e-08
Disease	disease_9187	9.857265713015149e-08
Disease	disease_14017	9.856229736939175e-08
Disease	disease_14954	9.855930355617221e-08
Disease	disease_4715	9.854175699512779e-08
Disease	disease_24417	9.852279681094528e-08
Disease	disease_20093	9.844975520471003e-08
Disease	disease_17127	9.842634008778477e-08
Disease	disease_17400	9.841141064226015e-08
Disease	disease_15425	9.835630749816288e-08
Disease	disease_22018	9.834835110646273e-08
Disease	disease_4180	9.82869625225931e-08
Disease	disease_32844	9.825963253010535e-08
Disease	disease_3539	9.82412686045771e-08
Disease	disease_4836	9.820543057186071e-08
Disease	disease_6411	9.814282111798534e-08
Disease	disease_9263	9.802924491249022e-08
Disease	disease_7184	9.801509484495105e-08
Disease	disease_7746	9.79355336320894e-08
Disease	disease_4354	9.792383087140856e-08
Disease	disease_17283	9.789615107735451e-08
Disease	disease_2682	9.789418550573681e-08
Disease	disease_11734	9.78887445971224e-08
Disease	disease_6199	9.786369803190001e-08
Disease	disease_32692	9.784551818806993e-08
Disease	disease_474	9.781699982160775e-08
Disease	disease_17730	9.781069384032097e-08
Disease	disease_40674	9.780090196614606e-08
Disease	disease_14850	9.77930815228191e-08
Disease	disease_20681	9.776732981688103e-08
Disease	disease_10199	9.776549050919253e-08
Disease	disease_2244	9.77524385319816e-08
Disease	disease_10181	9.774824962629928e-08
Disease	disease_9101	9.763359555459149e-08
Disease	disease_550	9.761767984070231e-08
Disease	disease_18619	9.756289881583676e-08
Disease	disease_12589	9.754621205321565e-08
Disease	disease_5641	9.7546121901766e-08
Disease	disease_6247	9.749982656718066e-08
Disease	disease_5073	9.74816250714641e-08
Disease	disease_14697	9.744643786927357e-08
Disease	disease_2109	9.741421752003951e-08
Disease	disease_19220	9.740403945262537e-08
Disease	disease_9541	9.737419118493524e-08
Disease	disease_498	9.73708727591391e-08
Disease	disease_20272	9.734235262028909e-08
Disease	disease_44875	9.727180542627328e-08
Disease	disease_1858	9.725513387132827e-08
Disease	disease_8575	9.725326610882276e-08
Disease	disease_44992	9.72121193591059e-08
Disease	disease_5076	9.719888023314183e-08
Disease	disease_16855	9.718203628874885e-08
Disease	disease_13143	9.715571712712132e-08
Disease	disease_7257	9.711805362887332e-08
Disease	disease_17646	9.694932535394601e-08
Disease	disease_8906	9.694541881372309e-08
Disease	disease_17945	9.693906899481227e-08
Disease	disease_19366	9.690090174335228e-08
Disease	disease_13072	9.688659441686624e-08
Disease	disease_13870	9.683848878149161e-08
Disease	disease_12815	9.682175146454527e-08
Disease	disease_10560	9.677228793751733e-08
Disease	disease_4746	9.67594278818609e-08
Disease	disease_17276	9.672522762087816e-08
Disease	disease_958	9.671008637394426e-08
Disease	disease_18733	9.664043340660662e-08
Disease	disease_8874	9.663542211812199e-08
Disease	disease_6626	9.6587177960747e-08
Disease	disease_33669	9.64364380774383e-08
Disease	disease_11612	9.640967671501577e-08
Disease	disease_8830	9.639623157710698e-08
Disease	disease_13286	9.63926879362122e-08
Disease	disease_4403	9.639059379829544e-08
Disease	disease_8542	9.635679724963773e-08
Disease	disease_10735	9.632109850158719e-08
Disease	disease_8755	9.629262013932817e-08
Disease	disease_6229	9.627754337249074e-08
Disease	disease_7345	9.624770494338786e-08
Disease	disease_18794	9.619709055271633e-08
Disease	disease_1176	9.615752618076744e-08
Disease	disease_33948	9.611834673763732e-08
Disease	disease_5429	9.597524714361143e-08
Disease	disease_3816	9.594879610689025e-08
Disease	disease_6281	9.593754411399651e-08
Disease	disease_6819	9.590595626999526e-08
Disease	disease_437	9.589058992520845e-08
Disease	disease_15296	9.585738020910999e-08
Disease	disease_1302	9.585738020910999e-08
Disease	disease_20983	9.585738020910999e-08
Disease	disease_43529	9.585738020910999e-08
Disease	disease_22859	9.585738020910999e-08
Disease	disease_6779	9.585738020910999e-08
Disease	disease_10663	9.584504801897148e-08
Disease	disease_4777	9.582400856133108e-08
Disease	disease_11768	9.574076241619008e-08
Disease	disease_6866	9.574076241619008e-08
Disease	disease_12546	9.569805564980757e-08
Disease	disease_21576	9.566648981835616e-08
Disease	disease_10901	9.564177581587248e-08
Disease	disease_17372	9.56094784476863e-08
Disease	disease_24537	9.552621547660603e-08
Disease	disease_10945	9.55057293491611e-08
Disease	disease_7309	9.54785089177872e-08
Disease	disease_3549	9.545307127458445e-08
Disease	disease_21392	9.545251624801518e-08
Disease	disease_9239	9.540651859726706e-08
Disease	disease_10747	9.535069388835946e-08
Disease	disease_11244	9.533588512344906e-08
Disease	disease_14257	9.523711579756207e-08
Disease	disease_10529	9.517049534374881e-08
Disease	disease_7083	9.51632517482101e-08
Disease	disease_9965	9.516286560316518e-08
Disease	disease_45022	9.515980101349872e-08
Disease	disease_13619	9.51546221537807e-08
Disease	disease_8409	9.500473080056726e-08
Disease	disease_11656	9.48713562982977e-08
Disease	disease_3660	9.485525083637006e-08
Disease	disease_5504	9.484570555785279e-08
Disease	disease_10998	9.481244750866972e-08
Disease	disease_19736	9.475953782713328e-08
Disease	disease_33009	9.472982485011579e-08
Disease	disease_6987	9.469640140267855e-08
Disease	disease_23007	9.46655513174521e-08
Disease	disease_6235	9.463047083827758e-08
Disease	disease_12099	9.458993728805105e-08
Disease	disease_20602	9.458803574758009e-08
Disease	disease_2168	9.451524516324629e-08
Disease	disease_3195	9.447139355712177e-08
Disease	disease_2259	9.444989670246655e-08
Disease	disease_4127	9.443616317717671e-08
Disease	disease_3892	9.443616317717671e-08
Disease	disease_18827	9.42409262865578e-08
Disease	disease_32780	9.420107471135848e-08
Disease	disease_14606	9.417463441313789e-08
Disease	disease_7053	9.416531512602829e-08
Disease	disease_16495	9.408786010292195e-08
Disease	disease_11766	9.404075465504563e-08
Disease	disease_21471	9.402060617013089e-08
Disease	disease_21380	9.398640958344501e-08
Disease	disease_8375	9.396972402399429e-08
Disease	disease_11121	9.393491127139867e-08
Disease	disease_11022	9.39304967562992e-08
Disease	disease_14618	9.38599530983827e-08
Disease	disease_32757	9.385080798290643e-08
Disease	disease_6622	9.384775715871384e-08
Disease	disease_13520	9.384581037739924e-08
Disease	disease_179	9.37694806092645e-08
Disease	disease_18515	9.376794651149266e-08
Disease	disease_1835	9.375991323496369e-08
Disease	disease_43472	9.369583881044551e-08
Disease	disease_9852	9.359124734124174e-08
Disease	disease_16399	9.357660633237205e-08
Disease	disease_43953	9.352529592914419e-08
Disease	disease_11006	9.350467164584879e-08
Disease	disease_21631	9.34346748087897e-08
Disease	disease_7979	9.33606668651393e-08
Disease	disease_16651	9.331883193385803e-08
Disease	disease_16169	9.324659645145974e-08
Disease	disease_11197	9.320445097021057e-08
Disease	disease_13217	9.319765303647338e-08
Disease	disease_18248	9.318596086701167e-08
Disease	disease_3049	9.317189837251344e-08
Disease	disease_20123	9.316229573086416e-08
Disease	disease_44208	9.315301082406873e-08
Disease	disease_5503	9.309657773346903e-08
Disease	disease_9416	9.309366111391132e-08
Disease	disease_638	9.306693634597205e-08
Disease	disease_14198	9.305291587664759e-08
Disease	disease_5884	9.302696881381795e-08
Disease	disease_15975	9.299635644254336e-08
Disease	disease_15679	9.298683671611833e-08
Disease	disease_2646	9.297890938042716e-08
Disease	disease_14030	9.29478699117388e-08
Disease	disease_32831	9.29393065420331e-08
Disease	disease_17808	9.28667998021596e-08
Disease	disease_43875	9.284108666288531e-08
Disease	disease_30056	9.282604181877736e-08
Disease	disease_21335	9.280362721524233e-08
Disease	disease_9039	9.28033812595736e-08
Disease	disease_14883	9.275415663888525e-08
Disease	disease_16722	9.272367480130721e-08
Disease	disease_7052	9.269728387204848e-08
Disease	disease_15479	9.260791300959272e-08
Disease	disease_14719	9.259045135405058e-08
Disease	disease_16856	9.257770364682014e-08
Disease	disease_1672	9.255983284877495e-08
Disease	disease_16403	9.252671684342826e-08
Disease	disease_24458	9.248374887478682e-08
Disease	disease_12506	9.24624735431995e-08
Disease	disease_12471	9.238711200039492e-08
Disease	disease_10065	9.23722540930634e-08
Disease	disease_14009	9.235721376909822e-08
Disease	disease_12773	9.234819657266811e-08
Disease	disease_20228	9.225944098216832e-08
Disease	disease_7665	9.223359435588195e-08
Disease	disease_10142	9.21931806262515e-08
Disease	disease_15579	9.218541180335332e-08
Disease	disease_9615	9.212900763293746e-08
Disease	disease_9417	9.209471219620403e-08
Disease	disease_19240	9.204383192109196e-08
Disease	disease_6509	9.204269460429808e-08
Disease	disease_8846	9.201832148229569e-08
Disease	disease_14389	9.199107184620202e-08
Disease	disease_18130	9.198497047193254e-08
Disease	disease_3117	9.196297930433279e-08
Disease	disease_14088	9.195452056146201e-08
Disease	disease_8849	9.191755255684355e-08
Disease	disease_19025	9.191280887125432e-08
Disease	disease_10655	9.185524941910117e-08
Disease	disease_18293	9.18363238306034e-08
Disease	disease_10229	9.174024807475717e-08
Disease	disease_12795	9.168288070390414e-08
Disease	disease_17832	9.16814423845857e-08
Disease	disease_4731	9.16802197996441e-08
Disease	disease_8726	9.166689098863391e-08
Disease	disease_8629	9.161687303125171e-08
Disease	disease_1098	9.160917523290002e-08
Disease	disease_44318	9.157851391670236e-08
Disease	disease_14152	9.156250693266044e-08
Disease	disease_17688	9.149533176768942e-08
Disease	disease_19229	9.147802786906855e-08
Disease	disease_7173	9.137677540545814e-08
Disease	disease_18461	9.137155035307147e-08
Disease	disease_8119	9.136650544050848e-08
Disease	disease_44067	9.133632621170708e-08
Disease	disease_9836	9.125239585150302e-08
Disease	disease_5039	9.123439956443097e-08
Disease	disease_2415	9.117839369299596e-08
Disease	disease_13486	9.113992468227414e-08
Disease	disease_13131	9.110297762148139e-08
Disease	disease_3763	9.103652465025349e-08
Disease	disease_19073	9.103012011250311e-08
Disease	disease_19640	9.102255415003668e-08
Disease	disease_9283	9.094717263651703e-08
Disease	disease_12510	9.093573098438449e-08
Disease	disease_11503	9.092071573857765e-08
Disease	disease_6743	9.087300243820055e-08
Disease	disease_21191	9.08336250845496e-08
Disease	disease_11456	9.08091823634171e-08
Disease	disease_15437	9.080080854278947e-08
Disease	disease_8922	9.077641547796776e-08
Disease	disease_8139	9.077527815817103e-08
Disease	disease_20571	9.067842644040015e-08
Disease	disease_5680	9.067842644040015e-08
Disease	disease_19473	9.063420805808662e-08
Disease	disease_2656	9.05236655298696e-08
Disease	disease_14132	9.045873819209476e-08
Disease	disease_21669	9.044135367428991e-08
Disease	disease_17056	9.043869132992027e-08
Disease	disease_3879	9.042273518051985e-08
Disease	disease_14458	9.028266402982522e-08
Disease	disease_11908	9.023129488882834e-08
Disease	disease_7872	9.019996878878178e-08
Disease	disease_3510	9.019074739144795e-08
Disease	disease_10473	9.019035634771983e-08
Disease	disease_12465	9.018182135433558e-08
Disease	disease_17048	9.016637593536378e-08
Disease	disease_54697	9.013142376215998e-08
Disease	disease_1464	9.013014631128588e-08
Disease	disease_18125	9.012226673188827e-08
Disease	disease_7642	9.0097103867266e-08
Disease	disease_358	9.009019515316798e-08
Disease	disease_7415	9.007283430661507e-08
Disease	disease_13558	9.004291030592216e-08
Disease	disease_1685	8.999472495244699e-08
Disease	disease_1690	8.999472495244699e-08
Disease	disease_4811	8.999472495244699e-08
Disease	disease_24302	8.990940734312804e-08
Disease	disease_19553	8.985239711919311e-08
Disease	disease_16087	8.97568271539788e-08
Disease	disease_6677	8.974865531685643e-08
Disease	disease_18807	8.974865531685643e-08
Disease	disease_18806	8.974865531685643e-08
Disease	disease_11024	8.973179836056155e-08
Disease	disease_13607	8.973027155980867e-08
Disease	disease_7827	8.970785249363758e-08
Disease	disease_13200	8.967275836902082e-08
Disease	disease_15933	8.967194061393469e-08
Disease	disease_8411	8.963925667380332e-08
Disease	disease_919	8.95942250207148e-08
Disease	disease_15168	8.959166678078583e-08
Disease	disease_4116	8.958289083812747e-08
Disease	disease_10156	8.95771717829771e-08
Disease	disease_10847	8.955975627186162e-08
Disease	disease_15806	8.948495157055847e-08
Disease	disease_3724	8.94273616747963e-08
Disease	disease_18028	8.938034872419733e-08
Disease	disease_13404	8.929535446225647e-08
Disease	disease_14378	8.919179629187404e-08
Disease	disease_19738	8.915878324085864e-08
Disease	disease_13350	8.913923092830669e-08
Disease	disease_13622	8.907659092280824e-08
Disease	disease_18124	8.903232942852944e-08
Disease	disease_20667	8.902331507113139e-08
Disease	disease_7670	8.899328640194828e-08
Disease	disease_10792	8.89560538799257e-08
Disease	disease_19160	8.89008514267409e-08
Disease	disease_19705	8.886971630971049e-08
Disease	disease_7518	8.879147527655865e-08
Disease	disease_11071	8.87340715063779e-08
Disease	disease_3192	8.872257564839145e-08
Disease	disease_19497	8.871359617044251e-08
Disease	disease_21663	8.86695367529175e-08
Disease	disease_14465	8.8632892719263e-08
Disease	disease_13190	8.863173981067837e-08
Disease	disease_45032	8.862751901014384e-08
Disease	disease_13602	8.858204681450647e-08
Disease	disease_8862	8.853491044636975e-08
Disease	disease_3004	8.85310049123167e-08
Disease	disease_2033	8.852721669979751e-08
Disease	disease_17672	8.848825931895217e-08
Disease	disease_11236	8.846298384733577e-08
Disease	disease_9677	8.845717088046864e-08
Disease	disease_11931	8.844077636375806e-08
Disease	disease_2224	8.844077636375806e-08
Disease	disease_2223	8.844077636375806e-08
Disease	disease_17706	8.843485122830293e-08
Disease	disease_2142	8.842430160622225e-08
Disease	disease_23369	8.840854341944038e-08
Disease	disease_10305	8.837257838512874e-08
Disease	disease_12556	8.829843893345235e-08
Disease	disease_3177	8.829440757363337e-08
Disease	disease_3424	8.828412347326781e-08
Disease	disease_12117	8.828148017821669e-08
Disease	disease_9173	8.827545238873263e-08
Disease	disease_11436	8.822301311833961e-08
Disease	disease_13379	8.821798632833467e-08
Disease	disease_14943	8.820881425844654e-08
Disease	disease_9325	8.81871087338878e-08
Disease	disease_588	8.818298405279268e-08
Disease	disease_5094	8.817459291977522e-08
Disease	disease_10829	8.812006427591739e-08
Disease	disease_5596	8.810255901484464e-08
Disease	disease_17342	8.802777781580678e-08
Disease	disease_4005	8.80256391126947e-08
Disease	disease_24506	8.801946286245765e-08
Disease	disease_20208	8.801414422984606e-08
Disease	disease_1128	8.800346349627092e-08
Disease	disease_15599	8.795556953945253e-08
Disease	disease_595	8.776841688839768e-08
Disease	disease_10686	8.774359273056591e-08
Disease	disease_14657	8.774311772491144e-08
Disease	disease_2422	8.772760554787204e-08
Disease	disease_14280	8.770086387663436e-08
Disease	disease_3729	8.768071019237242e-08
Disease	disease_20776	8.766972211583953e-08
Disease	disease_6688	8.764940809920113e-08
Disease	disease_19282	8.761817881855528e-08
Disease	disease_10083	8.759767606940434e-08
Disease	disease_5745	8.747485063564054e-08
Disease	disease_17294	8.737607034023964e-08
Disease	disease_32928	8.733978706179212e-08
Disease	disease_9255	8.733315014357192e-08
Disease	disease_9337	8.731186836154882e-08
Disease	disease_5950	8.728356454903483e-08
Disease	disease_6676	8.724162714852459e-08
Disease	disease_15814	8.720003758125946e-08
Disease	disease_15813	8.720003758125946e-08
Disease	disease_19342	8.717863232456173e-08
Disease	disease_15756	8.716297406467297e-08
Disease	disease_23483	8.708912835793488e-08
Disease	disease_13047	8.707478689987301e-08
Disease	disease_8461	8.704951925575964e-08
Disease	disease_18288	8.694427634668816e-08
Disease	disease_16400	8.69293672049835e-08
Disease	disease_5973	8.691104640637434e-08
Disease	disease_11924	8.688491282054603e-08
Disease	disease_12384	8.688491282054603e-08
Disease	disease_18638	8.683973334365508e-08
Disease	disease_19793	8.677430364976953e-08
Disease	disease_6386	8.672939354798581e-08
Disease	disease_14444	8.671912835567545e-08
Disease	disease_19197	8.667673355142946e-08
Disease	disease_18378	8.663727900041306e-08
Disease	disease_10099	8.662372370291917e-08
Disease	disease_17611	8.65918289669584e-08
Disease	disease_5941	8.658869648837075e-08
Disease	disease_9936	8.653014980780409e-08
Disease	disease_12451	8.648755235816137e-08
Disease	disease_8555	8.646302608321175e-08
Disease	disease_12859	8.644685051875411e-08
Disease	disease_54842	8.644582736297052e-08
Disease	disease_6248	8.643197134476275e-08
Disease	disease_4389	8.640885396548148e-08
Disease	disease_18000	8.638020861548734e-08
Disease	disease_9611	8.630827896832017e-08
Disease	disease_4588	8.630608017376842e-08
Disease	disease_11531	8.625068694236825e-08
Disease	disease_19198	8.624472097330471e-08
Disease	disease_12725	8.61681446377416e-08
Disease	disease_8869	8.615453106478028e-08
Disease	disease_8756	8.613240926800564e-08
Disease	disease_44807	8.608039566400538e-08
Disease	disease_18585	8.606907242613742e-08
Disease	disease_18025	8.605502331153463e-08
Disease	disease_24263	8.605031598444235e-08
Disease	disease_18462	8.604720409896218e-08
Disease	disease_2113	8.602222799746167e-08
Disease	disease_19107	8.60088585954603e-08
Disease	disease_12650	8.595092888443712e-08
Disease	disease_30895	8.593866644942016e-08
Disease	disease_6556	8.593411651328695e-08
Disease	disease_16699	8.592114451322107e-08
Disease	disease_4629	8.590536768008567e-08
Disease	disease_20550	8.570601875262993e-08
Disease	disease_11573	8.565698717930928e-08
Disease	disease_11084	8.565698717930928e-08
Disease	disease_12959	8.565698717930928e-08
Disease	disease_11926	8.565698717930928e-08
Disease	disease_11434	8.565698717930928e-08
Disease	disease_12542	8.565698717930928e-08
Disease	disease_13057	8.565698717930928e-08
Disease	disease_11542	8.565698717930928e-08
Disease	disease_12896	8.565698717930928e-08
Disease	disease_11387	8.565698717930928e-08
Disease	disease_20107	8.560175152917314e-08
Disease	disease_24301	8.546633115765111e-08
Disease	disease_24564	8.538495879744344e-08
Disease	disease_8885	8.538097173145046e-08
Disease	disease_13427	8.536380997103425e-08
Disease	disease_8275	8.535089778861502e-08
Disease	disease_4500	8.532117328354755e-08
Disease	disease_8968	8.531267274868517e-08
Disease	disease_9911	8.527217021126976e-08
Disease	disease_13507	8.519703787345443e-08
Disease	disease_2154	8.518116937653716e-08
Disease	disease_7489	8.515241445049224e-08
Disease	disease_19951	8.510760216918654e-08
Disease	disease_11362	8.508566766159068e-08
Disease	disease_3357	8.507951963271862e-08
Disease	disease_24563	8.506793128180885e-08
Disease	disease_18133	8.485782440914435e-08
Disease	disease_10379	8.485660249627286e-08
Disease	disease_12805	8.47615632398842e-08
Disease	disease_17623	8.474977436601345e-08
Disease	disease_13893	8.46326039311561e-08
Disease	disease_14935	8.461485416675394e-08
Disease	disease_8952	8.460205009640851e-08
Disease	disease_9722	8.458806671156267e-08
Disease	disease_7206	8.457595230681867e-08
Disease	disease_16612	8.454980020567903e-08
Disease	disease_2089	8.453336216026895e-08
Disease	disease_13191	8.450741676048066e-08
Disease	disease_1785	8.448626248909787e-08
Disease	disease_11153	8.447364099439117e-08
Disease	disease_16748	8.446093293814552e-08
Disease	disease_14758	8.44124925377735e-08
Disease	disease_13555	8.439840128260606e-08
Disease	disease_35136	8.4377249225114e-08
Disease	disease_16304	8.436526356218233e-08
Disease	disease_20303	8.435616332973217e-08
Disease	disease_11831	8.431527661043627e-08
Disease	disease_42488	8.430726440497329e-08
Disease	disease_24568	8.428946880286805e-08
Disease	disease_12345	8.428083151564283e-08
Disease	disease_13553	8.426613894589538e-08
Disease	disease_20866	8.425141267275005e-08
Disease	disease_13178	8.425137272124697e-08
Disease	disease_45017	8.42467382484655e-08
Disease	disease_9319	8.411097089004547e-08
Disease	disease_27749	8.408946966604903e-08
Disease	disease_17305	8.403942819222055e-08
Disease	disease_6288	8.399929281906826e-08
Disease	disease_23209	8.397147670259621e-08
Disease	disease_44349	8.38860057198313e-08
Disease	disease_14546	8.384042525700672e-08
Disease	disease_7800	8.379830094913745e-08
Disease	disease_17599	8.374416108287065e-08
Disease	disease_19462	8.374416108287065e-08
Disease	disease_19465	8.374416108287065e-08
Disease	disease_1896	8.36749715612235e-08
Disease	disease_36591	8.364506710641602e-08
Disease	disease_3985	8.363236389304846e-08
Disease	disease_2238	8.359482375240344e-08
Disease	disease_1462	8.359482375240344e-08
Disease	disease_17301	8.357931040526274e-08
Disease	disease_4854	8.357750491114549e-08
Disease	disease_32669	8.354464742791608e-08
Disease	disease_456	8.352195643783936e-08
Disease	disease_21205	8.344891907683742e-08
Disease	disease_3437	8.344432118708994e-08
Disease	disease_1594	8.342556003932691e-08
Disease	disease_17715	8.33447301631635e-08
Disease	disease_16352	8.333802261451261e-08
Disease	disease_14048	8.331981399902326e-08
Disease	disease_12794	8.331935899709359e-08
Disease	disease_19952	8.329141634376593e-08
Disease	disease_44993	8.32799177648046e-08
Disease	disease_20560	8.326517005019842e-08
Disease	disease_8414	8.325522072842865e-08
Disease	disease_6723	8.323841709892249e-08
Disease	disease_13587	8.319837155118812e-08
Disease	disease_7981	8.3169513750718e-08
Disease	disease_18528	8.31650349925092e-08
Disease	disease_21237	8.310470262408771e-08
Disease	disease_18960	8.30722895382298e-08
Disease	disease_33005	8.30590284915461e-08
Disease	disease_1854	8.305897950864297e-08
Disease	disease_13260	8.302087405594885e-08
Disease	disease_10444	8.30131947335448e-08
Disease	disease_11390	8.30051005490369e-08
Disease	disease_13775	8.299483221246152e-08
Disease	disease_19216	8.299214696289764e-08
Disease	disease_17009	8.298214624907759e-08
Disease	disease_16056	8.29657376064107e-08
Disease	disease_19010	8.29565707754537e-08
Disease	disease_14047	8.295251227526703e-08
Disease	disease_11707	8.293966292177423e-08
Disease	disease_18274	8.289448245569824e-08
Disease	disease_15181	8.289138679587861e-08
Disease	disease_9315	8.288641656094309e-08
Disease	disease_17158	8.286417332277072e-08
Disease	disease_17157	8.286417332277072e-08
Disease	disease_17296	8.282125715291425e-08
Disease	disease_17295	8.282125715291425e-08
Disease	disease_17760	8.280063813601045e-08
Disease	disease_10848	8.279751067748218e-08
Disease	disease_17162	8.278642955037736e-08
Disease	disease_8097	8.277556233567192e-08
Disease	disease_13760	8.275028019525056e-08
Disease	disease_16543	8.274064104542926e-08
Disease	disease_4598	8.273256953443676e-08
Disease	disease_13737	8.271072371381934e-08
Disease	disease_24499	8.267932625722192e-08
Disease	disease_10283	8.262154010009175e-08
Disease	disease_10265	8.259793620605466e-08
Disease	disease_20105	8.252625554490208e-08
Disease	disease_16513	8.248987197182475e-08
Disease	disease_18198	8.24542527701136e-08
Disease	disease_18101	8.228694412935343e-08
Disease	disease_16104	8.227328403837191e-08
Disease	disease_9684	8.226339738869503e-08
Disease	disease_12804	8.21637733159025e-08
Disease	disease_2321	8.214020648851164e-08
Disease	disease_19432	8.209803102486693e-08
Disease	disease_10416	8.209009953609638e-08
Disease	disease_12031	8.20788319386434e-08
Disease	disease_14275	8.202127962929115e-08
Disease	disease_7834	8.20000355657778e-08
Disease	disease_21310	8.199582906108091e-08
Disease	disease_1951	8.196318269850146e-08
Disease	disease_13928	8.196194001695843e-08
Disease	disease_12789	8.196056781168664e-08
Disease	disease_18243	8.194523714039033e-08
Disease	disease_4941	8.189611267895164e-08
Disease	disease_1142	8.184490323648184e-08
Disease	disease_1853	8.181918261855014e-08
Disease	disease_2306	8.181918261855014e-08
Disease	disease_6685	8.179532871089267e-08
Disease	disease_16338	8.177740924734915e-08
Disease	disease_16894	8.172369712062652e-08
Disease	disease_13059	8.169747397081439e-08
Disease	disease_6998	8.16228917505761e-08
Disease	disease_44141	8.15579842394403e-08
Disease	disease_7566	8.15502550510846e-08
Disease	disease_2149	8.151350233082639e-08
Disease	disease_7402	8.141884241092646e-08
Disease	disease_3050	8.141610674033186e-08
Disease	disease_3529	8.14136576437973e-08
Disease	disease_14255	8.140891239840392e-08
Disease	disease_10455	8.140844410102283e-08
Disease	disease_19907	8.140421590766155e-08
Disease	disease_10654	8.130687281643858e-08
Disease	disease_5404	8.120250497148777e-08
Disease	disease_9878	8.118607141936316e-08
Disease	disease_19854	8.10876468374745e-08
Disease	disease_8863	8.107258658574555e-08
Disease	disease_4132	8.105969708232848e-08
Disease	disease_2241	8.097709476056062e-08
Disease	disease_12611	8.096452862623856e-08
Disease	disease_14342	8.093312802292897e-08
Disease	disease_32793	8.090009447385063e-08
Disease	disease_8496	8.086707425219949e-08
Disease	disease_13860	8.081349246340014e-08
Disease	disease_31481	8.079131114019822e-08
Disease	disease_14172	8.076625789970633e-08
Disease	disease_5764	8.073680661636571e-08
Disease	disease_32745	8.072284657788684e-08
Disease	disease_24248	8.070691421618798e-08
Disease	disease_13512	8.069372753611264e-08
Disease	disease_43294	8.062788800311424e-08
Disease	disease_11940	8.057471225403918e-08
Disease	disease_26765	8.051634081347733e-08
Disease	disease_4708	8.046774351407246e-08
Disease	disease_14725	8.045794106908957e-08
Disease	disease_10886	8.04566505613453e-08
Disease	disease_7780	8.040254788525225e-08
Disease	disease_6065	8.039338577223546e-08
Disease	disease_19504	8.03402215474275e-08
Disease	disease_21110	8.033832119922056e-08
Disease	disease_11150	8.030767261640477e-08
Disease	disease_12892	8.029293041276142e-08
Disease	disease_15552	8.028101468947999e-08
Disease	disease_9219	8.027927770760444e-08
Disease	disease_18174	8.027304035486844e-08
Disease	disease_15145	8.027050591294469e-08
Disease	disease_2271	8.023063396941892e-08
Disease	disease_11932	8.022074157334992e-08
Disease	disease_10900	8.020706553583254e-08
Disease	disease_20073	8.017274153616335e-08
Disease	disease_6565	8.016760254948085e-08
Disease	disease_15284	8.012321900418267e-08
Disease	disease_9453	8.005534521722008e-08
Disease	disease_21607	8.004012623957992e-08
Disease	disease_1112	8.000424135656054e-08
Disease	disease_36511	7.995363698208897e-08
Disease	disease_11134	7.995352814192063e-08
Disease	disease_9241	7.992520837471443e-08
Disease	disease_874	7.988566489103367e-08
Disease	disease_11518	7.98682231144954e-08
Disease	disease_13511	7.985442618424832e-08
Disease	disease_2361	7.983305715267649e-08
Disease	disease_6765	7.982535790679137e-08
Disease	disease_6671	7.982535790679137e-08
Disease	disease_9525	7.980392206820112e-08
Disease	disease_9772	7.979547952872666e-08
Disease	disease_7539	7.973317897514454e-08
Disease	disease_6971	7.972654770809757e-08
Disease	disease_10893	7.971931763711088e-08
Disease	disease_7404	7.971304364493963e-08
Disease	disease_2480	7.966693376964185e-08
Disease	disease_18343	7.965278798226377e-08
Disease	disease_16005	7.956792918660294e-08
Disease	disease_10288	7.95460737197377e-08
Disease	disease_11720	7.950379134935361e-08
Disease	disease_9656	7.948527555937106e-08
Disease	disease_13901	7.946920639241831e-08
Disease	disease_5278	7.946346779979076e-08
Disease	disease_21575	7.946305150687279e-08
Disease	disease_10500	7.943536061691776e-08
Disease	disease_4034	7.941728033681797e-08
Disease	disease_7212	7.941333185104056e-08
Disease	disease_2037	7.94094394807335e-08
Disease	disease_1337	7.938667796604407e-08
Disease	disease_19480	7.93804184935631e-08
Disease	disease_18845	7.933431085844375e-08
Disease	disease_9776	7.93311112805674e-08
Disease	disease_21574	7.93253429854788e-08
Disease	disease_19179	7.930976756248053e-08
Disease	disease_6496	7.930549381044702e-08
Disease	disease_100034	7.929215580945851e-08
Disease	disease_17584	7.924417242087061e-08
Disease	disease_12747	7.921926484010584e-08
Disease	disease_1162	7.919520831591277e-08
Disease	disease_20684	7.91679554900965e-08
Disease	disease_7469	7.913692303748366e-08
Disease	disease_14037	7.909024749090387e-08
Disease	disease_14893	7.901957265312175e-08
Disease	disease_14978	7.900347185971857e-08
Disease	disease_7963	7.892929872402854e-08
Disease	disease_11790	7.890011112842617e-08
Disease	disease_627	7.88666161254559e-08
Disease	disease_9865	7.886552735329246e-08
Disease	disease_20686	7.885297817417115e-08
Disease	disease_20837	7.883836908067624e-08
Disease	disease_19226	7.88382792936518e-08
Disease	disease_19414	7.878289845307193e-08
Disease	disease_16852	7.878138419049162e-08
Disease	disease_54849	7.878030236387934e-08
Disease	disease_5694	7.87719875548013e-08
Disease	disease_13268	7.876486050305411e-08
Disease	disease_19218	7.872518620156569e-08
Disease	disease_2278	7.871575277681152e-08
Disease	disease_14236	7.86875474660478e-08
Disease	disease_11794	7.865062319502923e-08
Disease	disease_2561	7.862981563391092e-08
Disease	disease_18446	7.86296035671477e-08
Disease	disease_9046	7.861952257763743e-08
Disease	disease_21348	7.858833430551455e-08
Disease	disease_2169	7.85843238132786e-08
Disease	disease_11902	7.854734998802571e-08
Disease	disease_16410	7.850957164272608e-08
Disease	disease_4196	7.849537607914036e-08
Disease	disease_7902	7.847570197706269e-08
Disease	disease_6999	7.846317440081474e-08
Disease	disease_9838	7.842901512724578e-08
Disease	disease_19857	7.841673178208161e-08
Disease	disease_17772	7.839000820112066e-08
Disease	disease_17746	7.836763826861862e-08
Disease	disease_13054	7.831246487404623e-08
Disease	disease_54726	7.830140119945738e-08
Disease	disease_15526	7.828804099756201e-08
Disease	disease_18199	7.822275401964772e-08
Disease	disease_18094	7.8215743091791e-08
Disease	disease_11789	7.820367843886196e-08
Disease	disease_20855	7.819088915612964e-08
Disease	disease_10682	7.818507892934965e-08
Disease	disease_20212	7.814155115473142e-08
Disease	disease_18994	7.813958463275649e-08
Disease	disease_11149	7.81158626472029e-08
Disease	disease_5462	7.809381571865495e-08
Disease	disease_54727	7.806710774165426e-08
Disease	disease_16674	7.804962687045144e-08
Disease	disease_3169	7.804817823717551e-08
Disease	disease_19324	7.802867795557859e-08
Disease	disease_7156	7.801948031919928e-08
Disease	disease_17607	7.798335680799013e-08
Disease	disease_10351	7.79670364382379e-08
Disease	disease_14294	7.795697801692495e-08
Disease	disease_10085	7.789176989503312e-08
Disease	disease_15	7.78805060689747e-08
Disease	disease_32839	7.786742237539939e-08
Disease	disease_5115	7.782221756762477e-08
Disease	disease_6588	7.778247764748544e-08
Disease	disease_5588	7.776193494388082e-08
Disease	disease_3422	7.77281022585648e-08
Disease	disease_6094	7.768514143453578e-08
Disease	disease_2342	7.76846395788756e-08
Disease	disease_32746	7.7680622851251e-08
Disease	disease_16429	7.76805023334015e-08
Disease	disease_18784	7.76805023334015e-08
Disease	disease_7836	7.766333058443949e-08
Disease	disease_9104	7.765750330523044e-08
Disease	disease_12898	7.76549238908516e-08
Disease	disease_13020	7.76549238908516e-08
Disease	disease_11607	7.76549238908516e-08
Disease	disease_13639	7.76549238908516e-08
Disease	disease_18921	7.765134540679139e-08
Disease	disease_19797	7.762601113332641e-08
Disease	disease_8087	7.76238976488282e-08
Disease	disease_8525	7.758158056131593e-08
Disease	disease_54725	7.757902884199837e-08
Disease	disease_14970	7.752412609705177e-08
Disease	disease_5872	7.74962054302559e-08
Disease	disease_18233	7.748506934829227e-08
Disease	disease_20053	7.743763430907036e-08
Disease	disease_2088	7.741125960010464e-08
Disease	disease_54724	7.738644880632462e-08
Disease	disease_54731	7.738482857171689e-08
Disease	disease_8440	7.73409111323154e-08
Disease	disease_14961	7.733889115673763e-08
Disease	disease_19588	7.732970091036851e-08
Disease	disease_13897	7.732615361811617e-08
Disease	disease_54615	7.73089458400057e-08
Disease	disease_19485	7.73085892790542e-08
Disease	disease_54723	7.728802985537012e-08
Disease	disease_10501	7.72651394773042e-08
Disease	disease_24467	7.722355998044979e-08
Disease	disease_32686	7.721017395585616e-08
Disease	disease_29147	7.721017395585616e-08
Disease	disease_29148	7.721017395585616e-08
Disease	disease_54730	7.720405491750208e-08
Disease	disease_7988	7.71974790306078e-08
Disease	disease_21230	7.716007111521197e-08
Disease	disease_5768	7.713722321433732e-08
Disease	disease_11471	7.711715529131518e-08
Disease	disease_12875	7.711715529131518e-08
Disease	disease_6103	7.711604036286833e-08
Disease	disease_9161	7.711373898584272e-08
Disease	disease_17451	7.710367969542783e-08
Disease	disease_32637	7.708325916685951e-08
Disease	disease_2855	7.706715750180848e-08
Disease	disease_11113	7.70456833462948e-08
Disease	disease_7723	7.699229533633648e-08
Disease	disease_14952	7.698320900547372e-08
Disease	disease_21444	7.696915299145236e-08
Disease	disease_16693	7.693534755187178e-08
Disease	disease_739	7.693417096551183e-08
Disease	disease_7632	7.693341701039237e-08
Disease	disease_24392	7.689214164689424e-08
Disease	disease_6232	7.688969873499567e-08
Disease	disease_14698	7.688823776950288e-08
Disease	disease_2614	7.687369903311873e-08
Disease	disease_60631	7.680826709441164e-08
Disease	disease_2336	7.68027738191595e-08
Disease	disease_1355	7.677499808406022e-08
Disease	disease_2100	7.67416546799596e-08
Disease	disease_8476	7.671364810399718e-08
Disease	disease_20720	7.671313940754515e-08
Disease	disease_8051	7.668860184902966e-08
Disease	disease_2513	7.668693543958263e-08
Disease	disease_7948	7.666141164750032e-08
Disease	disease_1930	7.657807949665396e-08
Disease	disease_33091	7.6540808008829e-08
Disease	disease_20346	7.652586588050607e-08
Disease	disease_3233	7.650566197865039e-08
Disease	disease_304	7.646874723178129e-08
Disease	disease_4309	7.645614751885512e-08
Disease	disease_9605	7.645227319631364e-08
Disease	disease_13238	7.643982828620668e-08
Disease	disease_32628	7.643713772873776e-08
Disease	disease_19405	7.638240837937065e-08
Disease	disease_16359	7.638236926378667e-08
Disease	disease_20226	7.633988239440616e-08
Disease	disease_8716	7.623797786229115e-08
Disease	disease_15247	7.62115301727783e-08
Disease	disease_4943	7.618757252412497e-08
Disease	disease_14081	7.617054221826159e-08
Disease	disease_10301	7.615928902487163e-08
Disease	disease_15572	7.615638380484054e-08
Disease	disease_4774	7.615365536118086e-08
Disease	disease_11093	7.612394319927226e-08
Disease	disease_702	7.610797573677244e-08
Disease	disease_30840	7.604873007407103e-08
Disease	disease_10634	7.6036940419919e-08
Disease	disease_1429	7.602456601248866e-08
Disease	disease_903	7.600676158842503e-08
Disease	disease_37940	7.596472020041932e-08
Disease	disease_5967	7.594318061682727e-08
Disease	disease_12091	7.591871148566045e-08
Disease	disease_13743	7.591681474448258e-08
Disease	disease_25382	7.590995227593278e-08
Disease	disease_9228	7.590731788630305e-08
Disease	disease_10600	7.589644285053671e-08
Disease	disease_7919	7.58955850279149e-08
Disease	disease_12052	7.587628836442015e-08
Disease	disease_9703	7.58685275719886e-08
Disease	disease_32874	7.579261823125401e-08
Disease	disease_18023	7.576935459413248e-08
Disease	disease_17471	7.576346391212814e-08
Disease	disease_16915	7.574230118765381e-08
Disease	disease_4479	7.572740456359482e-08
Disease	disease_19325	7.57246986834924e-08
Disease	disease_6054	7.57039823254922e-08
Disease	disease_12915	7.56676035000173e-08
Disease	disease_8681	7.564427047037427e-08
Disease	disease_30030	7.56374560443431e-08
Disease	disease_21248	7.555546684461867e-08
Disease	disease_17944	7.55362258366565e-08
Disease	disease_17673	7.552743291452402e-08
Disease	disease_8172	7.552536030786799e-08
Disease	disease_1059	7.552284830686766e-08
Disease	disease_10123	7.550981473112011e-08
Disease	disease_15054	7.548314565865385e-08
Disease	disease_11152	7.547941395303495e-08
Disease	disease_16054	7.546953025500929e-08
Disease	disease_15930	7.546745095718715e-08
Disease	disease_13811	7.546150625250083e-08
Disease	disease_19326	7.545545312138411e-08
Disease	disease_1583	7.543855293598053e-08
Disease	disease_41154	7.543304872756673e-08
Disease	disease_7558	7.543131902261933e-08
Disease	disease_56803	7.541944276533361e-08
Disease	disease_5232	7.536667059248692e-08
Disease	disease_11060	7.535621650542414e-08
Disease	disease_18594	7.532316414843614e-08
Disease	disease_9760	7.531867522646675e-08
Disease	disease_15990	7.525913145942066e-08
Disease	disease_1667	7.525692657130593e-08
Disease	disease_9095	7.52410721130866e-08
Disease	disease_19698	7.52236724451219e-08
Disease	disease_40698	7.521153814522604e-08
Disease	disease_9885	7.509390062447159e-08
Disease	disease_1207	7.508839984594031e-08
Disease	disease_8460	7.506779140739774e-08
Disease	disease_17763	7.503100666687257e-08
Disease	disease_17119	7.501548470766619e-08
Disease	disease_1036	7.499956176637546e-08
Disease	disease_9310	7.49943665770918e-08
Disease	disease_14310	7.49755836577286e-08
Disease	disease_11603	7.481424527186364e-08
Disease	disease_6950	7.47818562914537e-08
Disease	disease_9309	7.470259209655955e-08
Disease	disease_10474	7.469368874413816e-08
Disease	disease_8718	7.462042927851395e-08
Disease	disease_20732	7.461373848194339e-08
Disease	disease_17799	7.458191642413444e-08
Disease	disease_9308	7.456310799189481e-08
Disease	disease_18319	7.454574795339075e-08
Disease	disease_17718	7.453711140568117e-08
Disease	disease_6438	7.448395040931234e-08
Disease	disease_5104	7.448395040931234e-08
Disease	disease_15334	7.445235898175503e-08
Disease	disease_8890	7.439424751764566e-08
Disease	disease_9136	7.436262366325859e-08
Disease	disease_2129	7.432699490515123e-08
Disease	disease_33010	7.432497966199427e-08
Disease	disease_3185	7.432419016114435e-08
Disease	disease_44338	7.427545771951783e-08
Disease	disease_10420	7.427428967521862e-08
Disease	disease_16165	7.424350005305624e-08
Disease	disease_12582	7.422641484014996e-08
Disease	disease_15588	7.418688393180412e-08
Disease	disease_2959	7.417892175370292e-08
Disease	disease_15132	7.413850899990314e-08
Disease	disease_8225	7.412476324901514e-08
Disease	disease_10396	7.412361716011892e-08
Disease	disease_13621	7.411770880867496e-08
Disease	disease_18480	7.409090626339312e-08
Disease	disease_17022	7.405048704738379e-08
Disease	disease_24519	7.401325208597598e-08
Disease	disease_16916	7.395559052902632e-08
Disease	disease_13550	7.394197167826099e-08
Disease	disease_9369	7.389368125159681e-08
Disease	disease_15660	7.388129936807887e-08
Disease	disease_3790	7.386878727922196e-08
Disease	disease_31421	7.385997423762657e-08
Disease	disease_6153	7.384826590784431e-08
Disease	disease_17703	7.384126799464818e-08
Disease	disease_18407	7.378089064976722e-08
Disease	disease_10703	7.374395137717711e-08
Disease	disease_3366	7.366566166686026e-08
Disease	disease_5375	7.366178913556924e-08
Disease	disease_16107	7.363629334993913e-08
Disease	disease_13942	7.362940589835485e-08
Disease	disease_5493	7.359129586912141e-08
Disease	disease_13825	7.358829056937972e-08
Disease	disease_13992	7.356326890262264e-08
Disease	disease_8197	7.35612681046291e-08
Disease	disease_11596	7.349624026137433e-08
Disease	disease_15532	7.345393089205231e-08
Disease	disease_16588	7.345254124109238e-08
Disease	disease_4382	7.345219768904051e-08
Disease	disease_18620	7.340649880992508e-08
Disease	disease_2058	7.337907608154163e-08
Disease	disease_11608	7.337029654168701e-08
Disease	disease_11609	7.337029654168701e-08
Disease	disease_6514	7.337029654168701e-08
Disease	disease_13294	7.337029654168701e-08
Disease	disease_11597	7.337029654168701e-08
Disease	disease_11598	7.337029654168701e-08
Disease	disease_13107	7.337029654168701e-08
Disease	disease_13295	7.337029654168701e-08
Disease	disease_1468	7.336678144918092e-08
Disease	disease_16101	7.335520779062572e-08
Disease	disease_13046	7.327386555422746e-08
Disease	disease_4650	7.324069335443915e-08
Disease	disease_30008	7.323368566729743e-08
Disease	disease_7855	7.321499802569837e-08
Disease	disease_2036	7.320525548094069e-08
Disease	disease_19975	7.319625768407315e-08
Disease	disease_17381	7.318172793517499e-08
Disease	disease_24565	7.315896444426496e-08
Disease	disease_33014	7.314148970181479e-08
Disease	disease_20629	7.310559106460807e-08
Disease	disease_100211	7.308638306622868e-08
Disease	disease_8395	7.304889009584328e-08
Disease	disease_5648	7.29613315220677e-08
Disease	disease_42980	7.29319449147132e-08
Disease	disease_9275	7.292340987835961e-08
Disease	disease_21449	7.289826948353637e-08
Disease	disease_7719	7.288773677846758e-08
Disease	disease_19858	7.288500529496604e-08
Disease	disease_14890	7.28679330872636e-08
Disease	disease_17807	7.278961697669943e-08
Disease	disease_17993	7.27808787905078e-08
Disease	disease_44998	7.277237126953424e-08
Disease	disease_18727	7.276727516739069e-08
Disease	disease_17647	7.276555830560875e-08
Disease	disease_4924	7.270146361193896e-08
Disease	disease_4756	7.267416974921529e-08
Disease	disease_7537	7.262837296785752e-08
Disease	disease_10232	7.262068669832447e-08
Disease	disease_14285	7.258988758120073e-08
Disease	disease_24250	7.258884789238897e-08
Disease	disease_13199	7.254700868098595e-08
Disease	disease_10757	7.248820734500944e-08
Disease	disease_19242	7.246418102640771e-08
Disease	disease_6143	7.245641581427603e-08
Disease	disease_6360	7.245490040817144e-08
Disease	disease_10712	7.245092215321497e-08
Disease	disease_19686	7.244523698031498e-08
Disease	disease_44767	7.242026853744377e-08
Disease	disease_8778	7.23823337604379e-08
Disease	disease_5460	7.236776864394893e-08
Disease	disease_7320	7.234562313041442e-08
Disease	disease_17618	7.230328500621981e-08
Disease	disease_17621	7.230328500621981e-08
Disease	disease_17619	7.230328500621981e-08
Disease	disease_17622	7.230328500621981e-08
Disease	disease_17620	7.230328500621981e-08
Disease	disease_2266	7.225734584363777e-08
Disease	disease_17837	7.222327137150053e-08
Disease	disease_15699	7.220141862696368e-08
Disease	disease_14768	7.218723023541475e-08
Disease	disease_833	7.218395901579026e-08
Disease	disease_8638	7.215410642777223e-08
Disease	disease_24299	7.215116369383391e-08
Disease	disease_24615	7.214035519495406e-08
Disease	disease_7760	7.213354681639059e-08
Disease	disease_11408	7.213229170063685e-08
Disease	disease_1397	7.212563387204621e-08
Disease	disease_24457	7.21103376973984e-08
Disease	disease_20227	7.210033404400223e-08
Disease	disease_19276	7.20645380086293e-08
Disease	disease_20537	7.200079979588762e-08
Disease	disease_6837	7.194168331804212e-08
Disease	disease_12639	7.191664883989795e-08
Disease	disease_1406	7.190342029205848e-08
Disease	disease_6901	7.189917584659745e-08
Disease	disease_21079	7.189351961880684e-08
Disease	disease_12495	7.18673930927171e-08
Disease	disease_5645	7.185125185963151e-08
Disease	disease_18598	7.185077563849077e-08
Disease	disease_14743	7.18423170327363e-08
Disease	disease_3105	7.181532741085238e-08
Disease	disease_11403	7.179515647355396e-08
Disease	disease_12347	7.178982507077021e-08
Disease	disease_13289	7.177677148287647e-08
Disease	disease_19376	7.17189730677035e-08
Disease	disease_9794	7.171172643159486e-08
Disease	disease_9685	7.166050614048304e-08
Disease	disease_24464	7.16521361492771e-08
Disease	disease_7884	7.165168665439828e-08
Disease	disease_8205	7.164778227193263e-08
Disease	disease_11132	7.161269600306917e-08
Disease	disease_4744	7.159910724112489e-08
Disease	disease_10512	7.155860478649563e-08
Disease	disease_19681	7.153376477714541e-08
Disease	disease_14716	7.148192592102271e-08
Disease	disease_2395	7.144386444085254e-08
Disease	disease_6894	7.141974324520187e-08
Disease	disease_4431	7.141974324520187e-08
Disease	disease_15307	7.141512361302487e-08
Disease	disease_6663	7.136377130969571e-08
Disease	disease_19452	7.133475274039818e-08
Disease	disease_60583	7.12703295167898e-08
Disease	disease_5629	7.124465887270215e-08
Disease	disease_5949	7.116920406862656e-08
Disease	disease_9655	7.116285563676402e-08
Disease	disease_18772	7.114880289771025e-08
Disease	disease_15524	7.111715375445022e-08
Disease	disease_13800	7.110186840372403e-08
Disease	disease_688	7.109759898254634e-08
Disease	disease_2438	7.106230830866248e-08
Disease	disease_8344	7.106173951500074e-08
Disease	disease_1935	7.104353647926102e-08
Disease	disease_14921	7.102567781776547e-08
Disease	disease_14386	7.101277549208214e-08
Disease	disease_19084	7.09796079671619e-08
Disease	disease_17322	7.091592540856781e-08
Disease	disease_14262	7.088164991998544e-08
Disease	disease_7569	7.086004791052253e-08
Disease	disease_14722	7.08330145595718e-08
Disease	disease_16515	7.076228089724358e-08
Disease	disease_20344	7.075478211554512e-08
Disease	disease_10737	7.074786434576081e-08
Disease	disease_17261	7.071135257032169e-08
Disease	disease_10128	7.06620960413159e-08
Disease	disease_9602	7.060208006523239e-08
Disease	disease_7272	7.056405068535253e-08
Disease	disease_13986	7.056404137700634e-08
Disease	disease_19606	7.052483916277259e-08
Disease	disease_20677	7.052389640828866e-08
Disease	disease_11169	7.050925564403666e-08
Disease	disease_8690	7.050530887809382e-08
Disease	disease_12092	7.049657654742458e-08
Disease	disease_13662	7.049353151096385e-08
Disease	disease_12515	7.047769067824013e-08
Disease	disease_6152	7.045194776425323e-08
Disease	disease_13028	7.040709100447023e-08
Disease	disease_3615	7.039786584206893e-08
Disease	disease_7869	7.038389784386956e-08
Disease	disease_3472	7.037535245924812e-08
Disease	disease_15438	7.034554351781055e-08
Disease	disease_9842	7.033936747438897e-08
Disease	disease_1563	7.033902357609402e-08
Disease	disease_8103	7.031707345683141e-08
Disease	disease_24414	7.030383179545502e-08
Disease	disease_3832	7.030117604522198e-08
Disease	disease_7889	7.025236368893059e-08
Disease	disease_33561	7.022564229778455e-08
Disease	disease_7517	7.022428140158672e-08
Disease	disease_1706	7.022154590454623e-08
Disease	disease_8080	7.021300963403348e-08
Disease	disease_15871	7.017548387336484e-08
Disease	disease_11130	7.01664441963761e-08
Disease	disease_7890	7.014944722401312e-08
Disease	disease_8248	7.014255309549017e-08
Disease	disease_7547	7.014029025480919e-08
Disease	disease_7831	7.012851690376509e-08
Disease	disease_7054	7.012851690376509e-08
Disease	disease_7444	7.012851690376509e-08
Disease	disease_8325	7.012851690376509e-08
Disease	disease_7358	7.012851690376509e-08
Disease	disease_12328	7.012851690376509e-08
Disease	disease_8189	7.012851690376509e-08
Disease	disease_8524	7.012851690376509e-08
Disease	disease_14334	7.012419638906973e-08
Disease	disease_20492	7.011106832159269e-08
Disease	disease_8841	7.009134092411851e-08
Disease	disease_11039	7.008275560077309e-08
Disease	disease_12102	7.002833036169894e-08
Disease	disease_12645	7.002833036169894e-08
Disease	disease_12101	7.002833036169894e-08
Disease	disease_9868	6.999543298838057e-08
Disease	disease_14040	6.995243470899805e-08
Disease	disease_17576	6.991803299632825e-08
Disease	disease_14665	6.991218475864726e-08
Disease	disease_18657	6.989666232781623e-08
Disease	disease_1499	6.987530628281913e-08
Disease	disease_10727	6.986566161587122e-08
Disease	disease_8702	6.979708019493934e-08
Disease	disease_17341	6.975850913916014e-08
Disease	disease_8741	6.972337557263515e-08
Disease	disease_16587	6.972082059817084e-08
Disease	disease_4322	6.969628678072079e-08
Disease	disease_7355	6.969164830511791e-08
Disease	disease_13793	6.968136386163846e-08
Disease	disease_6279	6.966886415435939e-08
Disease	disease_24474	6.95939161776051e-08
Disease	disease_24625	6.959104213286998e-08
Disease	disease_18297	6.956273316889115e-08
Disease	disease_16275	6.955286094541125e-08
Disease	disease_12803	6.953111691605257e-08
Disease	disease_9745	6.95149291227559e-08
Disease	disease_9395	6.948909781373894e-08
Disease	disease_21510	6.94460401799561e-08
Disease	disease_16834	6.938569734023542e-08
Disease	disease_17007	6.934579489414107e-08
Disease	disease_18914	6.932733166008714e-08
Disease	disease_1130	6.931744876602863e-08
Disease	disease_32868	6.930725032078584e-08
Disease	disease_3592	6.92820420717494e-08
Disease	disease_8057	6.927259129313985e-08
Disease	disease_16987	6.926367483360005e-08
Disease	disease_11552	6.92140408330732e-08
Disease	disease_44333	6.921068781292591e-08
Disease	disease_15627	6.920670895989001e-08
Disease	disease_3174	6.916523689326911e-08
Disease	disease_1707	6.91639864416182e-08
Disease	disease_1593	6.913901345922437e-08
Disease	disease_24334	6.91353464081022e-08
Disease	disease_7750	6.911924005123842e-08
Disease	disease_14916	6.91070679059777e-08
Disease	disease_14985	6.910316484795512e-08
Disease	disease_5376	6.910295764531301e-08
Disease	disease_10319	6.90938077277418e-08
Disease	disease_16796	6.909009354612382e-08
Disease	disease_1798	6.908411947949363e-08
Disease	disease_7382	6.904730659082365e-08
Disease	disease_19483	6.904167962352536e-08
Disease	disease_2074	6.900652594441205e-08
Disease	disease_6968	6.900652594441205e-08
Disease	disease_4874	6.900652594441205e-08
Disease	disease_6965	6.900652594441205e-08
Disease	disease_22208	6.900652594441205e-08
Disease	disease_6721	6.900652594441205e-08
Disease	disease_7106	6.898980327396722e-08
Disease	disease_9715	6.895651661197215e-08
Disease	disease_19448	6.89554203313472e-08
Disease	disease_32579	6.895042383330122e-08
Disease	disease_44646	6.894553902145095e-08
Disease	disease_18562	6.893223501325394e-08
Disease	disease_9658	6.883176306205233e-08
Disease	disease_7709	6.881924391768008e-08
Disease	disease_7406	6.880662717539424e-08
Disease	disease_24538	6.8796101182425e-08
Disease	disease_18428	6.87943267639319e-08
Disease	disease_14780	6.873121128442306e-08
Disease	disease_12348	6.872793431308708e-08
Disease	disease_24432	6.871232260363306e-08
Disease	disease_3916	6.869169270987788e-08
Disease	disease_3658	6.86822703035045e-08
Disease	disease_8659	6.867299012781846e-08
Disease	disease_30042	6.866393969636458e-08
Disease	disease_20070	6.865356525006096e-08
Disease	disease_20257	6.864485318861184e-08
Disease	disease_12885	6.864312831962888e-08
Disease	disease_7104	6.864249331060025e-08
Disease	disease_19380	6.863349454078323e-08
Disease	disease_2341	6.862674766180511e-08
Disease	disease_9652	6.862406874817446e-08
Disease	disease_2519	6.862251824206922e-08
Disease	disease_13313	6.86087067040551e-08
Disease	disease_384	6.855435716712372e-08
Disease	disease_13809	6.85217047728741e-08
Disease	disease_14858	6.851261895777089e-08
Disease	disease_15364	6.850803181841386e-08
Disease	disease_1417	6.845249028624424e-08
Disease	disease_10721	6.841219684039629e-08
Disease	disease_19718	6.83909905547203e-08
Disease	disease_15286	6.838619872046703e-08
Disease	disease_19844	6.838209335715346e-08
Disease	disease_7004	6.838007898163385e-08
Disease	disease_7753	6.837935507255243e-08
Disease	disease_12793	6.836531220205302e-08
Disease	disease_7987	6.833962739823755e-08
Disease	disease_14676	6.833536680489045e-08
Disease	disease_7315	6.827570330426798e-08
Disease	disease_10931	6.826656709122781e-08
Disease	disease_740	6.824812214574322e-08
Disease	disease_18440	6.821008082533134e-08
Disease	disease_5922	6.820437047011248e-08
Disease	disease_8226	6.819096285415907e-08
Disease	disease_10011	6.819061498716279e-08
Disease	disease_42451	6.81345497564665e-08
Disease	disease_24333	6.813094045803774e-08
Disease	disease_9591	6.812837969638313e-08
Disease	disease_9657	6.811591012169853e-08
Disease	disease_15729	6.810136072196437e-08
Disease	disease_20267	6.8058107522211e-08
Disease	disease_13806	6.804531479662345e-08
Disease	disease_10607	6.799850883115412e-08
Disease	disease_30065	6.798192102679312e-08
Disease	disease_11986	6.798094439101229e-08
Disease	disease_16241	6.796372800510559e-08
Disease	disease_2523	6.790664064103482e-08
Disease	disease_6078	6.78711549304478e-08
Disease	disease_12342	6.785614604575125e-08
Disease	disease_14158	6.781938842144562e-08
Disease	disease_8757	6.777858232426457e-08
Disease	disease_3142	6.77646713235361e-08
Disease	disease_9839	6.776371290654474e-08
Disease	disease_10024	6.774309806496831e-08
Disease	disease_10859	6.773408177229728e-08
Disease	disease_14049	6.772259870682417e-08
Disease	disease_4183	6.768184489410965e-08
Disease	disease_11614	6.764157717902786e-08
Disease	disease_3494	6.762311098086813e-08
Disease	disease_5753	6.761888782536167e-08
Disease	disease_10794	6.759313796345995e-08
Disease	disease_13718	6.754464685537331e-08
Disease	disease_27676	6.754058968604552e-08
Disease	disease_2921	6.749979104749066e-08
Disease	disease_20277	6.749293081522663e-08
Disease	disease_30048	6.743468405763704e-08
Disease	disease_16514	6.740349862330756e-08
Disease	disease_14332	6.737542434826273e-08
Disease	disease_19011	6.734869834935612e-08
Disease	disease_30105	6.734719980383621e-08
Disease	disease_1977	6.734534733210056e-08
Disease	disease_25419	6.732392529389639e-08
Disease	disease_13675	6.723722729905595e-08
Disease	disease_60782	6.719594118329209e-08
Disease	disease_9853	6.714402759104117e-08
Disease	disease_14341	6.709477968556088e-08
Disease	disease_32801	6.707487943896656e-08
Disease	disease_11124	6.706824388534705e-08
Disease	disease_20109	6.706055786648642e-08
Disease	disease_10015	6.702191270804732e-08
Disease	disease_9783	6.7009423189796e-08
Disease	disease_5843	6.697757211357231e-08
Disease	disease_20145	6.69612260699569e-08
Disease	disease_986	6.69547134622e-08
Disease	disease_24526	6.68778041664785e-08
Disease	disease_1998	6.682151597801511e-08
Disease	disease_3199	6.680776104249274e-08
Disease	disease_10717	6.679775931216917e-08
Disease	disease_54836	6.678456413861663e-08
Disease	disease_11571	6.674220965990425e-08
Disease	disease_6230	6.67329976996487e-08
Disease	disease_9473	6.67006093187124e-08
Disease	disease_12308	6.670004761150654e-08
Disease	disease_7837	6.669634865179541e-08
Disease	disease_19855	6.666352608038316e-08
Disease	disease_13459	6.665617642593303e-08
Disease	disease_1967	6.663774868316184e-08
Disease	disease_5340	6.663336689744454e-08
Disease	disease_14289	6.661954234464388e-08
Disease	disease_33864	6.661438781231557e-08
Disease	disease_16792	6.656260858825925e-08
Disease	disease_20594	6.652625619951223e-08
Disease	disease_14464	6.649228191022946e-08
Disease	disease_8402	6.64825661531408e-08
Disease	disease_23558	6.647207092173445e-08
Disease	disease_18670	6.643686434698302e-08
Disease	disease_8754	6.643641950855662e-08
Disease	disease_6144	6.642614491577017e-08
Disease	disease_2369	6.642458646523945e-08
Disease	disease_18910	6.638558794945979e-08
Disease	disease_7002	6.633995414174317e-08
Disease	disease_43459	6.633703638720243e-08
Disease	disease_40501	6.633049447144027e-08
Disease	disease_13411	6.632740333524647e-08
Disease	disease_20627	6.631234755986679e-08
Disease	disease_13242	6.63089413198382e-08
Disease	disease_7507	6.630522596567332e-08
Disease	disease_10287	6.630429510380065e-08
Disease	disease_16803	6.627765362982455e-08
Disease	disease_13468	6.621916864776725e-08
Disease	disease_15611	6.620475147578022e-08
Disease	disease_19920	6.619932876826068e-08
Disease	disease_7732	6.619803255863823e-08
Disease	disease_18500	6.619120197110017e-08
Disease	disease_11870	6.618137753132924e-08
Disease	disease_16432	6.616827380991976e-08
Disease	disease_33012	6.616706985363647e-08
Disease	disease_22872	6.616432894845087e-08
Disease	disease_22873	6.616432894845087e-08
Disease	disease_22874	6.616432894845087e-08
Disease	disease_22871	6.616432894845087e-08
Disease	disease_1408	6.615102054630289e-08
Disease	disease_100061	6.615102054630289e-08
Disease	disease_30	6.614135055483621e-08
Disease	disease_15365	6.612820001495669e-08
Disease	disease_10302	6.611569096684896e-08
Disease	disease_2173	6.611218040039963e-08
Disease	disease_3546	6.608665361551727e-08
Disease	disease_8891	6.603823439413254e-08
Disease	disease_17091	6.6025481529568e-08
Disease	disease_33492	6.601897684848672e-08
Disease	disease_3471	6.598270502569173e-08
Disease	disease_2636	6.597840037280037e-08
Disease	disease_18516	6.597283084778846e-08
Disease	disease_15211	6.595105894792084e-08
Disease	disease_8872	6.593455568243953e-08
Disease	disease_7887	6.592319859792886e-08
Disease	disease_7047	6.590194671958057e-08
Disease	disease_9906	6.587229070117241e-08
Disease	disease_9514	6.586733618069855e-08
Disease	disease_9872	6.584431684422669e-08
Disease	disease_13890	6.580455889713535e-08
Disease	disease_44765	6.577978005315729e-08
Disease	disease_22	6.576694187101721e-08
Disease	disease_405	6.57614052588325e-08
Disease	disease_4000	6.573755220810907e-08
Disease	disease_1810	6.571748276470271e-08
Disease	disease_17280	6.565592155222843e-08
Disease	disease_5327	6.565576002330019e-08
Disease	disease_5322	6.565576002330019e-08
Disease	disease_21634	6.563823842223355e-08
Disease	disease_15922	6.562453078570878e-08
Disease	disease_11245	6.559541376416069e-08
Disease	disease_5710	6.554587183036913e-08
Disease	disease_43346	6.554587183036913e-08
Disease	disease_18381	6.549949089171853e-08
Disease	disease_15708	6.549418890132376e-08
Disease	disease_14680	6.548595826625006e-08
Disease	disease_5309	6.547413105252537e-08
Disease	disease_1703	6.545870657309058e-08
Disease	disease_8636	6.545725634901352e-08
Disease	disease_7544	6.543879046306878e-08
Disease	disease_10437	6.539515918431678e-08
Disease	disease_10632	6.534403947050265e-08
Disease	disease_7519	6.529759163778568e-08
Disease	disease_34106	6.527120399316773e-08
Disease	disease_5320	6.525764108866275e-08
Disease	disease_13470	6.521721754948641e-08
Disease	disease_6036	6.518596069669223e-08
Disease	disease_9805	6.517565137934439e-08
Disease	disease_13877	6.502427789887345e-08
Disease	disease_8878	6.502268854903137e-08
Disease	disease_9603	6.499180184761687e-08
Disease	disease_24885	6.494606236484105e-08
Disease	disease_213	6.493926207386841e-08
Disease	disease_20495	6.492362103100382e-08
Disease	disease_12718	6.491255842449806e-08
Disease	disease_9438	6.490642695810089e-08
Disease	disease_14598	6.489431590334096e-08
Disease	disease_3163	6.489234009901548e-08
Disease	disease_15213	6.489160050689987e-08
Disease	disease_9456	6.486941417159605e-08
Disease	disease_5187	6.477470230902634e-08
Disease	disease_19697	6.476835528911196e-08
Disease	disease_30064	6.472445722057758e-08
Disease	disease_5442	6.470899456646472e-08
Disease	disease_2236	6.470414333056694e-08
Disease	disease_21935	6.463754102104922e-08
Disease	disease_5873	6.463754102104922e-08
Disease	disease_6936	6.460556232694649e-08
Disease	disease_20750	6.460406545641977e-08
Disease	disease_7422	6.459281963837917e-08
Disease	disease_16886	6.457187151765313e-08
Disease	disease_11348	6.455330753759896e-08
Disease	disease_33013	6.455199380482689e-08
Disease	disease_3186	6.454495789989307e-08
Disease	disease_5665	6.449865403425556e-08
Disease	disease_14142	6.442487633807622e-08
Disease	disease_15613	6.440744684214711e-08
Disease	disease_192	6.440296361737574e-08
Disease	disease_15269	6.43851962975344e-08
Disease	disease_14817	6.436219735902326e-08
Disease	disease_1347	6.434370960594638e-08
Disease	disease_16836	6.433974662783662e-08
Disease	disease_5047	6.433693813056431e-08
Disease	disease_10586	6.433031548614495e-08
Disease	disease_10620	6.431376520676186e-08
Disease	disease_10966	6.430119390991322e-08
Disease	disease_32688	6.429328561554962e-08
Disease	disease_9367	6.427672000431116e-08
Disease	disease_5339	6.426222532843657e-08
Disease	disease_7555	6.425142167650454e-08
Disease	disease_8376	6.425124084644402e-08
Disease	disease_502	6.418686193902793e-08
Disease	disease_100010	6.418435686656825e-08
Disease	disease_5319	6.417850544163767e-08
Disease	disease_13369	6.41684435722759e-08
Disease	disease_2450	6.416695745686372e-08
Disease	disease_9800	6.414179109404116e-08
Disease	disease_2796	6.410558010511962e-08
Disease	disease_24251	6.405240879537162e-08
Disease	disease_2095	6.403269309840354e-08
Disease	disease_17917	6.39891776081783e-08
Disease	disease_3627	6.398863287863189e-08
Disease	disease_107	6.397464466700549e-08
Disease	disease_20273	6.394996602085352e-08
Disease	disease_20290	6.394016193134739e-08
Disease	disease_7441	6.393389993619198e-08
Disease	disease_13142	6.392879549132105e-08
Disease	disease_19646	6.392147884972448e-08
Disease	disease_19647	6.392147884972448e-08
Disease	disease_23143	6.391556759498128e-08
Disease	disease_10589	6.389990661845168e-08
Disease	disease_137	6.381363734774532e-08
Disease	disease_18992	6.377377339188884e-08
Disease	disease_9963	6.374441550385075e-08
Disease	disease_32777	6.373259053499689e-08
Disease	disease_17132	6.369692719171554e-08
Disease	disease_32580	6.367696795333051e-08
Disease	disease_5517	6.36393698413964e-08
Disease	disease_11461	6.361690586322681e-08
Disease	disease_4037	6.356281653907065e-08
Disease	disease_5307	6.35500764681704e-08
Disease	disease_10891	6.352363601823463e-08
Disease	disease_16605	6.351783779452862e-08
Disease	disease_100244	6.349890860098685e-08
Disease	disease_13423	6.349705829479259e-08
Disease	disease_13417	6.348800781320596e-08
Disease	disease_11423	6.348277381180245e-08
Disease	disease_6925	6.347684493368373e-08
Disease	disease_6705	6.347684493368373e-08
Disease	disease_25096	6.347473059526194e-08
Disease	disease_25089	6.347473059526194e-08
Disease	disease_19476	6.347414914909728e-08
Disease	disease_12400	6.34728502795665e-08
Disease	disease_2466	6.345128160308065e-08
Disease	disease_100288	6.34316783235592e-08
Disease	disease_13477	6.342482677107997e-08
Disease	disease_19367	6.338664411217993e-08
Disease	disease_6924	6.337319062522616e-08
Disease	disease_7860	6.335291620194287e-08
Disease	disease_16837	6.334978667825189e-08
Disease	disease_18858	6.334690949758856e-08
Disease	disease_17262	6.329016226617196e-08
Disease	disease_12331	6.328530639991338e-08
Disease	disease_12303	6.328530639991338e-08
Disease	disease_12210	6.328530639991338e-08
Disease	disease_16480	6.328284825174035e-08
Disease	disease_14113	6.326227308132071e-08
Disease	disease_8571	6.321907041665633e-08
Disease	disease_14909	6.321168962804357e-08
Disease	disease_20586	6.319433514690086e-08
Disease	disease_18632	6.317035480318507e-08
Disease	disease_14346	6.313980653713091e-08
Disease	disease_6903	6.313713227979051e-08
Disease	disease_13247	6.310745998896156e-08
Disease	disease_14063	6.310659974201961e-08
Disease	disease_100157	6.307925510593659e-08
Disease	disease_18393	6.306079027706673e-08
Disease	disease_22519	6.301163402636784e-08
Disease	disease_3978	6.301129819116307e-08
Disease	disease_9195	6.300757541679499e-08
Disease	disease_5937	6.300163984299507e-08
Disease	disease_24876	6.298849314341922e-08
Disease	disease_17015	6.297979430518434e-08
Disease	disease_7128	6.297905247115247e-08
Disease	disease_18100	6.297668678648449e-08
Disease	disease_6221	6.292638486101564e-08
Disease	disease_7525	6.292092119670808e-08
Disease	disease_5352	6.291174417800013e-08
Disease	disease_9490	6.287987620707406e-08
Disease	disease_6452	6.286107508380084e-08
Disease	disease_20577	6.28597832880734e-08
Disease	disease_6506	6.285268400706402e-08
Disease	disease_1446	6.284885375500559e-08
Disease	disease_15798	6.28183110293004e-08
Disease	disease_15180	6.274357029625127e-08
Disease	disease_19054	6.273473724733253e-08
Disease	disease_1610	6.273308645015683e-08
Disease	disease_24536	6.271095607055783e-08
Disease	disease_9706	6.269547977769473e-08
Disease	disease_4960	6.267006347447732e-08
Disease	disease_6648	6.264217436095602e-08
Disease	disease_20211	6.261584220577868e-08
Disease	disease_44308	6.258616027817196e-08
Disease	disease_17690	6.258226294906771e-08
Disease	disease_14136	6.254912058829915e-08
Disease	disease_8913	6.254120020687902e-08
Disease	disease_32623	6.253716679578058e-08
Disease	disease_18180	6.247634913170068e-08
Disease	disease_30009	6.241017102502633e-08
Disease	disease_2901	6.23596493943602e-08
Disease	disease_13498	6.232710687817679e-08
Disease	disease_11678	6.230402401213878e-08
Disease	disease_16482	6.229700560958225e-08
Disease	disease_32781	6.225828261768662e-08
Disease	disease_2565	6.225450139179749e-08
Disease	disease_9477	6.223586466554395e-08
Disease	disease_14886	6.223014737619062e-08
Disease	disease_10910	6.220360891102377e-08
Disease	disease_16845	6.219903080379156e-08
Disease	disease_32668	6.219397184653049e-08
Disease	disease_19805	6.21591852547853e-08
Disease	disease_7527	6.215431220463214e-08
Disease	disease_7594	6.21271603325715e-08
Disease	disease_44738	6.210945847966429e-08
Disease	disease_19851	6.21047066374969e-08
Disease	disease_11049	6.209954641700311e-08
Disease	disease_12872	6.209192143516433e-08
Disease	disease_10840	6.207684546093347e-08
Disease	disease_888	6.205654033295941e-08
Disease	disease_12129	6.200025428533397e-08
Disease	disease_6207	6.199359243260661e-08
Disease	disease_7751	6.199270089592848e-08
Disease	disease_14324	6.198621436779514e-08
Disease	disease_17714	6.19846016247378e-08
Disease	disease_14487	6.197824159465951e-08
Disease	disease_12245	6.196637332910004e-08
Disease	disease_13015	6.193955835291326e-08
Disease	disease_21581	6.193266310717739e-08
Disease	disease_471	6.193229672611063e-08
Disease	disease_7598	6.1932247413947e-08
Disease	disease_20194	6.192083455637733e-08
Disease	disease_17273	6.191629572663719e-08
Disease	disease_5479	6.188688194713084e-08
Disease	disease_2866	6.180255751842954e-08
Disease	disease_13964	6.179591008723285e-08
Disease	disease_32752	6.178786827457662e-08
Disease	disease_3168	6.177808013681212e-08
Disease	disease_14517	6.177803655699994e-08
Disease	disease_193	6.175523058467941e-08
Disease	disease_11019	6.172962176786701e-08
Disease	disease_13739	6.17125037944083e-08
Disease	disease_7570	6.170351316559444e-08
Disease	disease_12211	6.162790052584124e-08
Disease	disease_701	6.162271204407157e-08
Disease	disease_16391	6.16150076403854e-08
Disease	disease_757	6.161046679938082e-08
Disease	disease_44113	6.159452638308405e-08
Disease	disease_19399	6.156508205122435e-08
Disease	disease_15205	6.140022644909613e-08
Disease	disease_32582	6.138995289106216e-08
Disease	disease_12574	6.136757585161672e-08
Disease	disease_17321	6.13441205273081e-08
Disease	disease_45011	6.131383954242168e-08
Disease	disease_9259	6.130989186935594e-08
Disease	disease_12277	6.129080381442713e-08
Disease	disease_1708	6.125754200099647e-08
Disease	disease_7541	6.123084745373992e-08
Disease	disease_3421	6.117469217191808e-08
Disease	disease_17662	6.116536513805306e-08
Disease	disease_599	6.111883850029095e-08
Disease	disease_1721	6.110202260247238e-08
Disease	disease_11888	6.10825116328319e-08
Disease	disease_3081	6.107208897536498e-08
Disease	disease_14805	6.105110938579347e-08
Disease	disease_6521	6.099290343505599e-08
Disease	disease_7247	6.096492127424213e-08
Disease	disease_16512	6.094469682571029e-08
Disease	disease_13186	6.081192353237425e-08
Disease	disease_4803	6.079017505679757e-08
Disease	disease_33635	6.078675615710287e-08
Disease	disease_32651	6.077715921125319e-08
Disease	disease_8169	6.076918995029822e-08
Disease	disease_7207	6.076440370751388e-08
Disease	disease_9005	6.075035278363211e-08
Disease	disease_40728	6.068023234489487e-08
Disease	disease_12426	6.065906435006542e-08
Disease	disease_14451	6.062793770681036e-08
Disease	disease_2424	6.062439710459632e-08
Disease	disease_11416	6.062355204392247e-08
Disease	disease_7806	6.061710297229184e-08
Disease	disease_18558	6.060822511328693e-08
Disease	disease_12130	6.060523675942397e-08
Disease	disease_14336	6.05983523836353e-08
Disease	disease_15158	6.059511828821532e-08
Disease	disease_6741	6.059305970983872e-08
Disease	disease_13572	6.05733108789253e-08
Disease	disease_18170	6.056868024632066e-08
Disease	disease_7059	6.056028004949475e-08
Disease	disease_30854	6.055114637750105e-08
Disease	disease_21412	6.054018621584707e-08
Disease	disease_2071	6.050704781477355e-08
Disease	disease_24518	6.049575836557641e-08
Disease	disease_10665	6.046224312138899e-08
Disease	disease_14824	6.03940270848569e-08
Disease	disease_22800	6.038987778652277e-08
Disease	disease_4853	6.038762826451863e-08
Disease	disease_12798	6.037067196287478e-08
Disease	disease_15674	6.036059345522146e-08
Disease	disease_2794	6.033669068365155e-08
Disease	disease_17739	6.032501016296742e-08
Disease	disease_19911	6.031132521558328e-08
Disease	disease_3579	6.028669439195988e-08
Disease	disease_12000	6.02749928157381e-08
Disease	disease_16308	6.025875168251153e-08
Disease	disease_16310	6.025875168251153e-08
Disease	disease_16307	6.025875168251153e-08
Disease	disease_16306	6.025875168251153e-08
Disease	disease_16309	6.025875168251153e-08
Disease	disease_10491	6.025626806238007e-08
Disease	disease_19294	6.025447305264639e-08
Disease	disease_30855	6.022767689238497e-08
Disease	disease_4071	6.021583963228474e-08
Disease	disease_3619	6.019256308192424e-08
Disease	disease_17692	6.019019817416309e-08
Disease	disease_17691	6.019019817416309e-08
Disease	disease_20523	6.018333188003192e-08
Disease	disease_10943	6.012493708872378e-08
Disease	disease_3180	6.006455788127817e-08
Disease	disease_5092	6.005526890442918e-08
Disease	disease_1895	6.004873271146141e-08
Disease	disease_100058	6.00385048419182e-08
Disease	disease_18163	6.00110335128885e-08
Disease	disease_14072	5.999189960144913e-08
Disease	disease_21026	5.999112727100508e-08
Disease	disease_6516	5.998803202478594e-08
Disease	disease_7028	5.998803202478594e-08
Disease	disease_12860	5.996982908707003e-08
Disease	disease_13503	5.993229771747821e-08
Disease	disease_11233	5.991121512227175e-08
Disease	disease_1028	5.991098969310733e-08
Disease	disease_6367	5.991018455611238e-08
Disease	disease_24554	5.986731213852916e-08
Disease	disease_18339	5.97802892091933e-08
Disease	disease_14272	5.976278359745146e-08
Disease	disease_10897	5.975186865755733e-08
Disease	disease_18649	5.9711682196267e-08
Disease	disease_33312	5.969965248761858e-08
Disease	disease_24620	5.969676943998637e-08
Disease	disease_1057	5.968488940848544e-08
Disease	disease_10082	5.967352987436967e-08
Disease	disease_2797	5.967027012370783e-08
Disease	disease_462	5.966381146725021e-08
Disease	disease_20642	5.963562435562095e-08
Disease	disease_395	5.963395368304874e-08
Disease	disease_33654	5.962348444075256e-08
Disease	disease_1385	5.961876752955203e-08
Disease	disease_4627	5.959978000631077e-08
Disease	disease_14062	5.959693271080823e-08
Disease	disease_1838	5.959030633649711e-08
Disease	disease_19435	5.95743687277154e-08
Disease	disease_6789	5.955346602001601e-08
Disease	disease_18678	5.955346602001601e-08
Disease	disease_14135	5.954789157339354e-08
Disease	disease_10101	5.9542886553348965e-08
Disease	disease_14474	5.952638848784358e-08
Disease	disease_12346	5.952535586088491e-08
Disease	disease_12799	5.952414538748962e-08
Disease	disease_10578	5.9496038397424554e-08
Disease	disease_21652	5.944824374526951e-08
Disease	disease_4644	5.9447545359260244e-08
Disease	disease_19988	5.944516879329721e-08
Disease	disease_19989	5.944516879329721e-08
Disease	disease_715	5.943122073978985e-08
Disease	disease_17140	5.942508281338641e-08
Disease	disease_1173	5.940699519166241e-08
Disease	disease_8598	5.9384853496436403e-08
Disease	disease_8557	5.9381064590537e-08
Disease	disease_4007	5.935856904177247e-08
Disease	disease_16788	5.9354315828874554e-08
Disease	disease_7561	5.931838376263771e-08
Disease	disease_21171	5.9311976751773446e-08
Disease	disease_9785	5.929867512846095e-08
Disease	disease_17957	5.929467871093384e-08
Disease	disease_7972	5.928742796067363e-08
Disease	disease_23188	5.9279984429525286e-08
Disease	disease_14984	5.927845452196695e-08
Disease	disease_303	5.924155580598572e-08
Disease	disease_10079	5.922970196500886e-08
Disease	disease_24550	5.92278145743465e-08
Disease	disease_14204	5.9179584592381654e-08
Disease	disease_12864	5.917132158929813e-08
Disease	disease_6446	5.912361168317188e-08
Disease	disease_33637	5.911674975401617e-08
Disease	disease_20288	5.910589014111455e-08
Disease	disease_17819	5.907170909520205e-08
Disease	disease_4977	5.906819007263547e-08
Disease	disease_25513	5.9045842779649545e-08
Disease	disease_16067	5.8993832786315275e-08
Disease	disease_10044	5.897439220661347e-08
Disease	disease_14078	5.896872683317405e-08
Disease	disease_15016	5.8959908482296435e-08
Disease	disease_19002	5.8956661388116774e-08
Disease	disease_24879	5.895517442229539e-08
Disease	disease_10180	5.893371730129877e-08
Disease	disease_6638	5.8931894174982006e-08
Disease	disease_6918	5.8931894174982006e-08
Disease	disease_9188	5.8923103109852716e-08
Disease	disease_12297	5.8879098177990394e-08
Disease	disease_5547	5.887558576032356e-08
Disease	disease_16711	5.887558576032356e-08
Disease	disease_6300	5.887558576032356e-08
Disease	disease_16765	5.887051415631735e-08
Disease	disease_21092	5.8854234816501414e-08
Disease	disease_14764	5.884174446655165e-08
Disease	disease_1912	5.882811423853635e-08
Disease	disease_1775	5.881881501884274e-08
Disease	disease_10885	5.878870323208234e-08
Disease	disease_44316	5.877792097682801e-08
Disease	disease_640	5.8777542761119644e-08
Disease	disease_13448	5.8773583349657156e-08
Disease	disease_12846	5.8773583349657156e-08
Disease	disease_60714	5.876593037491367e-08
Disease	disease_17216	5.875455462041753e-08
Disease	disease_17384	5.874987044371879e-08
Disease	disease_12516	5.874326046779789e-08
Disease	disease_2358	5.87001945154028e-08
Disease	disease_13865	5.869745958500462e-08
Disease	disease_3257	5.867537993604719e-08
Disease	disease_1644	5.866286938034511e-08
Disease	disease_1871	5.866286938034511e-08
Disease	disease_17129	5.86600255584811e-08
Disease	disease_14114	5.865712627732754e-08
Disease	disease_1697	5.864397125588043e-08
Disease	disease_8050	5.863691828235157e-08
Disease	disease_2162	5.863129343295957e-08
Disease	disease_6523	5.8598378918319076e-08
Disease	disease_18787	5.858864134723253e-08
Disease	disease_11327	5.858490964835061e-08
Disease	disease_9593	5.857779615524835e-08
Disease	disease_14335	5.8574568282174363e-08
Disease	disease_3756	5.856720112927607e-08
Disease	disease_11202	5.852503089600905e-08
Disease	disease_14793	5.852172932562205e-08
Disease	disease_11968	5.8494066511760004e-08
Disease	disease_21404	5.849211250637855e-08
Disease	disease_18066	5.84911629554555e-08
Disease	disease_14338	5.8490519920270294e-08
Disease	disease_15651	5.84880367099817e-08
Disease	disease_18749	5.848175913597796e-08
Disease	disease_100080	5.84571436893739e-08
Disease	disease_16558	5.8447174266916886e-08
Disease	disease_367	5.843305094663925e-08
Disease	disease_8861	5.842577237748146e-08
Disease	disease_33262	5.840014387027061e-08
Disease	disease_100294	5.8396664686869633e-08
Disease	disease_1832	5.839130636913342e-08
Disease	disease_19541	5.837133510452617e-08
Disease	disease_24543	5.836745472124596e-08
Disease	disease_6543	5.8357106471044894e-08
Disease	disease_9681	5.835514097018036e-08
Disease	disease_6801	5.834342670194686e-08
Disease	disease_5858	5.8319589961151896e-08
Disease	disease_17284	5.8316492490535946e-08
Disease	disease_14423	5.8289930181005004e-08
Disease	disease_16286	5.8272554589507726e-08
Disease	disease_13525	5.8230453853349836e-08
Disease	disease_1538	5.8215232158373836e-08
Disease	disease_17260	5.821140797538107e-08
Disease	disease_11868	5.820313935736464e-08
Disease	disease_10854	5.820248536600414e-08
Disease	disease_20561	5.8190607575040773e-08
Disease	disease_4810	5.818607161131539e-08
Disease	disease_1624	5.818607161131539e-08
Disease	disease_32922	5.8174722896764065e-08
Disease	disease_14791	5.8170212147577484e-08
Disease	disease_5432	5.8167126009253644e-08
Disease	disease_4939	5.8167126009253644e-08
Disease	disease_2347	5.8167126009253644e-08
Disease	disease_5419	5.8167126009253644e-08
Disease	disease_22410	5.812698403983772e-08
Disease	disease_16479	5.8119808305843327e-08
Disease	disease_17717	5.811939079242814e-08
Disease	disease_21144	5.811466794271395e-08
Disease	disease_9943	5.810928869742548e-08
Disease	disease_11178	5.80609235778473e-08
Disease	disease_3558	5.806036512801707e-08
Disease	disease_5522	5.805902286807328e-08
Disease	disease_2197	5.805858789576287e-08
Disease	disease_11449	5.803470785534017e-08
Disease	disease_2738	5.803054351640439e-08
Disease	disease_12467	5.8027721440302366e-08
Disease	disease_10028	5.802670570674879e-08
Disease	disease_15550	5.8003654798607554e-08
Disease	disease_17079	5.8001202584559826e-08
Disease	disease_1031	5.797369613866919e-08
Disease	disease_6458	5.7969966440628814e-08
Disease	disease_3915	5.7969966440628814e-08
Disease	disease_6459	5.7969966440628814e-08
Disease	disease_33620	5.796926535452675e-08
Disease	disease_3220	5.7965427579836454e-08
Disease	disease_2930	5.794074789612634e-08
Disease	disease_652	5.7937917405482264e-08
Disease	disease_14686	5.7917176298415866e-08
Disease	disease_12979	5.790469690359088e-08
Disease	disease_18477	5.788970738908159e-08
Disease	disease_12731	5.78745879305353e-08
Disease	disease_18430	5.787324756461763e-08
Disease	disease_222	5.787045535546137e-08
Disease	disease_3568	5.786637351766861e-08
Disease	disease_22236	5.786637351766861e-08
Disease	disease_489	5.786637351766861e-08
Disease	disease_6811	5.786637351766861e-08
Disease	disease_5640	5.786637351766861e-08
Disease	disease_43512	5.786637351766861e-08
Disease	disease_1291	5.786637351766861e-08
Disease	disease_44997	5.786637351766861e-08
Disease	disease_2510	5.785072988995957e-08
Disease	disease_13203	5.7845450713623766e-08
Disease	disease_8490	5.782627862611907e-08
Disease	disease_1540	5.782495234334999e-08
Disease	disease_9731	5.781591102384953e-08
Disease	disease_21220	5.779355124046754e-08
Disease	disease_3959	5.778391679799707e-08
Disease	disease_9670	5.777138270883725e-08
Disease	disease_11053	5.77580671696456e-08
Disease	disease_7685	5.772314109901024e-08
Disease	disease_9164	5.770255836007083e-08
Disease	disease_26726	5.7695696251688937e-08
Disease	disease_14367	5.7681739439635636e-08
Disease	disease_45024	5.7657291881211655e-08
Disease	disease_2021	5.764023529518326e-08
Disease	disease_90	5.763694387067776e-08
Disease	disease_11023	5.7624420822663924e-08
Disease	disease_34103	5.760034758333168e-08
Disease	disease_12205	5.757277973994031e-08
Disease	disease_11582	5.753994005476693e-08
Disease	disease_21408	5.750979601708635e-08
Disease	disease_21418	5.750979601708635e-08
Disease	disease_6574	5.7506824329693893e-08
Disease	disease_25271	5.7506608007803954e-08
Disease	disease_7416	5.748392203969266e-08
Disease	disease_3419	5.7459518273267134e-08
Disease	disease_17202	5.744495827231024e-08
Disease	disease_24654	5.736385946928853e-08
Disease	disease_8041	5.7361662321045795e-08
Disease	disease_4812	5.7359053387269305e-08
Disease	disease_15323	5.732712986683434e-08
Disease	disease_32581	5.7316637143101653e-08
Disease	disease_11304	5.7258767672578695e-08
Disease	disease_24661	5.7252153032542e-08
Disease	disease_33562	5.723431494276811e-08
Disease	disease_2375	5.720859117716583e-08
Disease	disease_13390	5.71448925532539e-08
Disease	disease_13275	5.713794769434286e-08
Disease	disease_15681	5.713430440461121e-08
Disease	disease_20018	5.712660220808483e-08
Disease	disease_30116	5.712172138451385e-08
Disease	disease_3423	5.710487692172984e-08
Disease	disease_18322	5.709499099327766e-08
Disease	disease_7042	5.709434846286055e-08
Disease	disease_8150	5.707687948939896e-08
Disease	disease_16231	5.7056022705623184e-08
Disease	disease_42487	5.704226971689712e-08
Disease	disease_19694	5.70354459842417e-08
Disease	disease_15059	5.701895846307203e-08
Disease	disease_18452	5.7014365682658505e-08
Disease	disease_10400	5.699001306534083e-08
Disease	disease_17750	5.693302183680404e-08
Disease	disease_13756	5.691402787134515e-08
Disease	disease_1064	5.691376921305453e-08
Disease	disease_17350	5.688341601173962e-08
Disease	disease_18371	5.68785108726816e-08
Disease	disease_6558	5.687745953256925e-08
Disease	disease_18432	5.687595622407779e-08
Disease	disease_5103	5.685014952138359e-08
Disease	disease_3434	5.6792795118320016e-08
Disease	disease_16401	5.675288779392083e-08
Disease	disease_5565	5.675095641749778e-08
Disease	disease_11877	5.674424561610314e-08
Disease	disease_13003	5.669231403516873e-08
Disease	disease_7511	5.667388209351922e-08
Disease	disease_10432	5.666337304247305e-08
Disease	disease_11224	5.6580403884143764e-08
Disease	disease_44792	5.6577000987078024e-08
Disease	disease_480	5.65668255290972e-08
Disease	disease_257	5.6531820864073776e-08
Disease	disease_6611	5.648240725072776e-08
Disease	disease_12684	5.64751903699417e-08
Disease	disease_12503	5.645864478477409e-08
Disease	disease_12180	5.645190543673791e-08
Disease	disease_8316	5.643884167598529e-08
Disease	disease_4716	5.6417033123523035e-08
Disease	disease_13153	5.639770283911831e-08
Disease	disease_24476	5.637056596657826e-08
Disease	disease_100221	5.6303767981513994e-08
Disease	disease_15911	5.6270121205354994e-08
Disease	disease_4459	5.6232180725939034e-08
Disease	disease_16176	5.6190870599675896e-08
Disease	disease_20845	5.617585264952417e-08
Disease	disease_2132	5.6175473561482266e-08
Disease	disease_8389	5.617338109219869e-08
Disease	disease_12177	5.615808466727207e-08
Disease	disease_3265	5.6145692351639335e-08
Disease	disease_100309	5.609237683866506e-08
Disease	disease_3361	5.6085946049209556e-08
Disease	disease_1949	5.602303350607574e-08
Disease	disease_5174	5.602303350607574e-08
Disease	disease_20680	5.602303350607574e-08
Disease	disease_7326	5.5997874718865714e-08
Disease	disease_32852	5.599158778401891e-08
Disease	disease_8972	5.595572057703898e-08
Disease	disease_11914	5.59383046801232e-08
Disease	disease_18950	5.5934754980592916e-08
Disease	disease_15452	5.5911439762245526e-08
Disease	disease_32924	5.5886294403761385e-08
Disease	disease_16394	5.588543552695003e-08
Disease	disease_17310	5.588073941605238e-08
Disease	disease_11787	5.5878869550410766e-08
Disease	disease_10362	5.5852965738166e-08
Disease	disease_24660	5.579824452505888e-08
Disease	disease_23003	5.5755213993121e-08
Disease	disease_4684	5.5723674372014473e-08
Disease	disease_9326	5.571119727213834e-08
Disease	disease_9428	5.570012436119162e-08
Disease	disease_60549	5.5696190898532834e-08
Disease	disease_19484	5.56871067755194e-08
Disease	disease_8450	5.5681947757534687e-08
Disease	disease_5995	5.568001854665314e-08
Disease	disease_16563	5.567026880006302e-08
Disease	disease_24878	5.566516839637091e-08
Disease	disease_18677	5.564144462287582e-08
Disease	disease_18277	5.563944009615522e-08
Disease	disease_8854	5.5631324053101145e-08
Disease	disease_14899	5.562246818944856e-08
Disease	disease_18475	5.5600373774696543e-08
Disease	disease_13288	5.555705075258342e-08
Disease	disease_100075	5.5527035598199714e-08
Disease	disease_5325	5.5527035598199714e-08
Disease	disease_11305	5.551421579012755e-08
Disease	disease_259	5.5507279417227626e-08
Disease	disease_19701	5.544928697446652e-08
Disease	disease_6471	5.5447796881208803e-08
Disease	disease_21320	5.543829529638492e-08
Disease	disease_13320	5.5406822046575586e-08
Disease	disease_20217	5.53734189154842e-08
Disease	disease_385	5.532549468660564e-08
Disease	disease_20135	5.520008937616127e-08
Disease	disease_15503	5.519984270138053e-08
Disease	disease_9977	5.518807844877506e-08
Disease	disease_3513	5.513847862136606e-08
Disease	disease_561	5.513405395689029e-08
Disease	disease_14051	5.5125736295000177e-08
Disease	disease_9134	5.510195649187172e-08
Disease	disease_30043	5.506880531986406e-08
Disease	disease_9999	5.505845559359949e-08
Disease	disease_43207	5.505579379762311e-08
Disease	disease_33564	5.502421113830641e-08
Disease	disease_5993	5.5018690951349434e-08
Disease	disease_11218	5.4993435630496106e-08
Disease	disease_1920	5.4986704260169604e-08
Disease	disease_7610	5.4984311083866354e-08
Disease	disease_3573	5.493746873509942e-08
Disease	disease_8893	5.492824141431715e-08
Disease	disease_12425	5.491299812471113e-08
Disease	disease_1515	5.4895455115030183e-08
Disease	disease_14402	5.4889816262587815e-08
Disease	disease_22007	5.487043053746583e-08
Disease	disease_9759	5.4868556522637855e-08
Disease	disease_9113	5.48385646503183e-08
Disease	disease_5602	5.4819837456538094e-08
Disease	disease_14696	5.481568280574095e-08
Disease	disease_15745	5.480035452565597e-08
Disease	disease_29140	5.4775509796863066e-08
Disease	disease_7493	5.476287549641998e-08
Disease	disease_14789	5.47598179355439e-08
Disease	disease_19693	5.475881570410465e-08
Disease	disease_7688	5.474441241544688e-08
Disease	disease_10448	5.4725485536013706e-08
Disease	disease_3312	5.47218970822378e-08
Disease	disease_2047	5.471512944509603e-08
Disease	disease_3893	5.4677918687894775e-08
Disease	disease_24361	5.4663497805011564e-08
Disease	disease_6583	5.4650281301575794e-08
Disease	disease_5467	5.463661893962523e-08
Disease	disease_17999	5.46306064853231e-08
Disease	disease_31178	5.455083118284805e-08
Disease	disease_19601	5.454089969720503e-08
Disease	disease_16336	5.453561316265912e-08
Disease	disease_18998	5.4506068378270594e-08
Disease	disease_15466	5.449214401967381e-08
Disease	disease_13952	5.4479571409608584e-08
Disease	disease_21090	5.447124104868665e-08
Disease	disease_33565	5.4455202909432e-08
Disease	disease_10780	5.4449341653861405e-08
Disease	disease_3621	5.4448809713147805e-08
Disease	disease_3426	5.444846998644587e-08
Disease	disease_4566	5.443345715951063e-08
Disease	disease_1674	5.4376126248667126e-08
Disease	disease_1066	5.437188033021455e-08
Disease	disease_17028	5.436935705893164e-08
Disease	disease_6487	5.436642926018624e-08
Disease	disease_15534	5.436109732681203e-08
Disease	disease_20112	5.435298277130111e-08
Disease	disease_11646	5.432437202510108e-08
Disease	disease_11451	5.4315528853478176e-08
Disease	disease_13337	5.430825148535137e-08
Disease	disease_14643	5.429772317674616e-08
Disease	disease_6262	5.4279989575169226e-08
Disease	disease_6352	5.425381714934309e-08
Disease	disease_2470	5.423034406443106e-08
Disease	disease_2116	5.422811707034317e-08
Disease	disease_9664	5.420808989845355e-08
Disease	disease_7679	5.417995360713639e-08
Disease	disease_12531	5.417292370963543e-08
Disease	disease_60455	5.4159144799197346e-08
Disease	disease_10507	5.414453655864831e-08
Disease	disease_4131	5.4124497877233455e-08
Disease	disease_6224	5.4103699106585596e-08
Disease	disease_13117	5.409123765436877e-08
Disease	disease_9983	5.408627902324161e-08
Disease	disease_16160	5.4051718321262255e-08
Disease	disease_21165	5.40284387473037e-08
Disease	disease_6120	5.401124645160555e-08
Disease	disease_13974	5.399759463400041e-08
Disease	disease_1160	5.3962790312233e-08
Disease	disease_19699	5.396230863261922e-08
Disease	disease_14531	5.396180421567082e-08
Disease	disease_9734	5.3961614227775775e-08
Disease	disease_6264	5.393611270567023e-08
Disease	disease_16027	5.393445394146201e-08
Disease	disease_6878	5.39298893123259e-08
Disease	disease_20741	5.392184629412572e-08
Disease	disease_7967	5.391112950146218e-08
Disease	disease_15017	5.3909228176354665e-08
Disease	disease_12900	5.3906523727007146e-08
Disease	disease_12692	5.3863161169399667e-08
Disease	disease_24257	5.3814086165112545e-08
Disease	disease_17721	5.380869542261587e-08
Disease	disease_17722	5.380869542261587e-08
Disease	disease_17723	5.380869542261587e-08
Disease	disease_200	5.3805495442423467e-08
Disease	disease_3187	5.374907829502718e-08
Disease	disease_1050	5.372757449410492e-08
Disease	disease_8502	5.367783996111546e-08
Disease	disease_9137	5.366832707655742e-08
Disease	disease_12434	5.3620618760677215e-08
Disease	disease_21172	5.357326621233396e-08
Disease	disease_10502	5.355591802999954e-08
Disease	disease_20315	5.355373408932737e-08
Disease	disease_8926	5.352847894288654e-08
Disease	disease_11652	5.3497571922308295e-08
Disease	disease_9052	5.3454811950324275e-08
Disease	disease_15293	5.344647391802586e-08
Disease	disease_16779	5.344523231418671e-08
Disease	disease_18631	5.343555064159138e-08
Disease	disease_3593	5.340258422674371e-08
Disease	disease_10407	5.336002781508046e-08
Disease	disease_10916	5.3355668527427205e-08
Disease	disease_16949	5.3340413315793036e-08
Disease	disease_6112	5.3334295437705504e-08
Disease	disease_16218	5.331418164206913e-08
Disease	disease_43257	5.3290761161612884e-08
Disease	disease_10152	5.3289672943913853e-08
Disease	disease_15033	5.3255381060536394e-08
Disease	disease_44332	5.322002238322667e-08
Disease	disease_9451	5.321276688186348e-08
Disease	disease_7512	5.320045779308533e-08
Disease	disease_1114	5.3197827085665364e-08
Disease	disease_15062	5.3193549012735774e-08
Disease	disease_20706	5.319196050910424e-08
Disease	disease_43135	5.3188724032655084e-08
Disease	disease_2913	5.317497535172728e-08
Disease	disease_9908	5.314906212345711e-08
Disease	disease_3433	5.3140624747983335e-08
Disease	disease_3431	5.3140624747983335e-08
Disease	disease_6307	5.3140624747983335e-08
Disease	disease_5179	5.3140624747983335e-08
Disease	disease_10069	5.309945237146232e-08
Disease	disease_12126	5.308748151570065e-08
Disease	disease_32601	5.3079975974996794e-08
Disease	disease_6621	5.307844441225549e-08
Disease	disease_21300	5.3054369331893755e-08
Disease	disease_7182	5.304675064718736e-08
Disease	disease_9645	5.3044417313717775e-08
Disease	disease_3442	5.304003475171601e-08
Disease	disease_13717	5.301530392232133e-08
Disease	disease_17452	5.301254886111884e-08
Disease	disease_8704	5.3009286736404026e-08
Disease	disease_9540	5.2996476754889454e-08
Disease	disease_9534	5.2996476754889454e-08
Disease	disease_9536	5.2996476754889454e-08
Disease	disease_13945	5.298547366949773e-08
Disease	disease_2806	5.297975304443267e-08
Disease	disease_13480	5.297086400982347e-08
Disease	disease_13686	5.296304315336241e-08
Disease	disease_2532	5.295680505544287e-08
Disease	disease_8328	5.29551006619855e-08
Disease	disease_13368	5.294525052694234e-08
Disease	disease_13213	5.292204685627195e-08
Disease	disease_15010	5.2913404171359214e-08
Disease	disease_19766	5.2897968881860445e-08
Disease	disease_7880	5.2882255154872366e-08
Disease	disease_6486	5.28786417496626e-08
Disease	disease_19769	5.286387818571814e-08
Disease	disease_18298	5.2853681158684276e-08
Disease	disease_30051	5.284256996236852e-08
Disease	disease_15102	5.284181999709076e-08
Disease	disease_5106	5.283564361661829e-08
Disease	disease_17217	5.282534329843143e-08
Disease	disease_21720	5.280883015744219e-08
Disease	disease_15221	5.2787636172863945e-08
Disease	disease_18459	5.278389979920988e-08
Disease	disease_10361	5.278217133290072e-08
Disease	disease_10032	5.277703607052422e-08
Disease	disease_33810	5.2772230812076227e-08
Disease	disease_14219	5.276921094378898e-08
Disease	disease_17764	5.275901159338275e-08
Disease	disease_12357	5.2725912479607515e-08
Disease	disease_5176	5.2716336483658025e-08
Disease	disease_5175	5.2716336483658025e-08
Disease	disease_3439	5.2692971609012535e-08
Disease	disease_15198	5.2685374465557913e-08
Disease	disease_13712	5.2681681031486057e-08
Disease	disease_5644	5.267869121589639e-08
Disease	disease_6678	5.266328531698628e-08
Disease	disease_1521	5.266269567609921e-08
Disease	disease_44991	5.265633151131886e-08
Disease	disease_6250	5.265194233050466e-08
Disease	disease_11826	5.26271947712809e-08
Disease	disease_19386	5.262186814165268e-08
Disease	disease_2013	5.260712556119822e-08
Disease	disease_12381	5.259937792807669e-08
Disease	disease_21018	5.259607193810878e-08
Disease	disease_13563	5.2591450694603216e-08
Disease	disease_20295	5.255603161594515e-08
Disease	disease_17274	5.255303439289244e-08
Disease	disease_15504	5.255063816087271e-08
Disease	disease_10038	5.2530727344374934e-08
Disease	disease_10053	5.25065201634266e-08
Disease	disease_6952	5.247634313157762e-08
Disease	disease_3503	5.243428320215447e-08
Disease	disease_18747	5.241387630941722e-08
Disease	disease_15068	5.2406338341192416e-08
Disease	disease_14462	5.239604642991483e-08
Disease	disease_5736	5.23620131110259e-08
Disease	disease_32803	5.230041591094963e-08
Disease	disease_10243	5.230010781235357e-08
Disease	disease_13134	5.2298600152864634e-08
Disease	disease_60763	5.2266249348251114e-08
Disease	disease_1733	5.2260588719558176e-08
Disease	disease_7798	5.222815890535111e-08
Disease	disease_13580	5.2215319699623566e-08
Disease	disease_10327	5.219985744521422e-08
Disease	disease_7776	5.218164731085861e-08
Disease	disease_16738	5.216054185085377e-08
Disease	disease_8694	5.215100372157102e-08
Disease	disease_44319	5.213833803420701e-08
Disease	disease_13633	5.2114262858530814e-08
Disease	disease_7549	5.210935871599729e-08
Disease	disease_12939	5.209588055761384e-08
Disease	disease_3482	5.2095789937674844e-08
Disease	disease_32935	5.208571985763054e-08
Disease	disease_13256	5.208108209661708e-08
Disease	disease_6111	5.207652031782055e-08
Disease	disease_32591	5.2068159038927994e-08
Disease	disease_12735	5.2066118567036084e-08
Disease	disease_66	5.2065354996125023e-08
Disease	disease_8954	5.2062111378018164e-08
Disease	disease_12978	5.2048027704407074e-08
Disease	disease_5785	5.204249506739748e-08
Disease	disease_7172	5.2042416822343264e-08
Disease	disease_100150	5.202841214783488e-08
Disease	disease_3107	5.202629330404246e-08
Disease	disease_20714	5.200001310661093e-08
Disease	disease_11882	5.1995574309101574e-08
Disease	disease_9733	5.1943904577265395e-08
Disease	disease_9809	5.194209027169633e-08
Disease	disease_12337	5.1930518155413104e-08
Disease	disease_12646	5.1930518155413104e-08
Disease	disease_2654	5.190624584716205e-08
Disease	disease_18296	5.1887999928990794e-08
Disease	disease_13932	5.1862224113962225e-08
Disease	disease_12845	5.184228741664583e-08
Disease	disease_6142	5.183151951088274e-08
Disease	disease_2363	5.1804522966445084e-08
Disease	disease_16546	5.180276304415376e-08
Disease	disease_14031	5.178038261113033e-08
Disease	disease_21323	5.177339702856698e-08
Disease	disease_1332	5.176816970010165e-08
Disease	disease_40677	5.175402379456295e-08
Disease	disease_8386	5.170562265580695e-08
Disease	disease_10292	5.1702577704416644e-08
Disease	disease_16145	5.1699553107027754e-08
Disease	disease_2765	5.166828278621536e-08
Disease	disease_2061	5.165442949164453e-08
Disease	disease_21133	5.1630617196166333e-08
Disease	disease_3184	5.160983213218806e-08
Disease	disease_7160	5.1546636762235805e-08
Disease	disease_12783	5.153942459381801e-08
Disease	disease_19308	5.153431647515767e-08
Disease	disease_6708	5.1503043054198626e-08
Disease	disease_6781	5.1503043054198626e-08
Disease	disease_12120	5.147922142603668e-08
Disease	disease_152	5.147728651692231e-08
Disease	disease_10752	5.145833189233233e-08
Disease	disease_10800	5.1450416133392404e-08
Disease	disease_13345	5.1444388288441855e-08
Disease	disease_11973	5.141852180359194e-08
Disease	disease_100006	5.1406039017591974e-08
Disease	disease_100005	5.1406039017591974e-08
Disease	disease_100051	5.1406039017591974e-08
Disease	disease_1732	5.140556651150248e-08
Disease	disease_15944	5.140296774010288e-08
Disease	disease_43579	5.139499569241915e-08
Disease	disease_6304	5.139403232979855e-08
Disease	disease_32884	5.1379832799141685e-08
Disease	disease_12391	5.137128900538922e-08
Disease	disease_100175	5.136249049956846e-08
Disease	disease_10246	5.134465668889703e-08
Disease	disease_10185	5.12844567780711e-08
Disease	disease_18379	5.1220450978315076e-08
Disease	disease_100091	5.121501226529549e-08
Disease	disease_19064	5.1202435004181544e-08
Disease	disease_19478	5.119687364856318e-08
Disease	disease_56798	5.112788985081759e-08
Disease	disease_17272	5.110235415118098e-08
Disease	disease_20165	5.109698808621185e-08
Disease	disease_16799	5.109650118044904e-08
Disease	disease_13885	5.10891253603944e-08
Disease	disease_8254	5.107345602771521e-08
Disease	disease_12832	5.1051371689704096e-08
Disease	disease_5960	5.1013924320657655e-08
Disease	disease_15738	5.1008741976338036e-08
Disease	disease_17238	5.0984863781208795e-08
Disease	disease_17737	5.0977203471488604e-08
Disease	disease_14861	5.097343563116304e-08
Disease	disease_14608	5.0958740712214395e-08
Disease	disease_17920	5.0941242907556274e-08
Disease	disease_33560	5.0940225811734094e-08
Disease	disease_8767	5.093909175165933e-08
Disease	disease_2505	5.0919266966415034e-08
Disease	disease_7380	5.091540303168137e-08
Disease	disease_12840	5.0911243594390653e-08
Disease	disease_955	5.0886256225927767e-08
Disease	disease_16719	5.0882057905544825e-08
Disease	disease_5443	5.085374456602017e-08
Disease	disease_19828	5.085365440008302e-08
Disease	disease_21156	5.08302332039177e-08
Disease	disease_10955	5.0815484542562115e-08
Disease	disease_15094	5.081011367561835e-08
Disease	disease_34189	5.0807682203251053e-08
Disease	disease_4741	5.0797988159547985e-08
Disease	disease_19661	5.0778201021744e-08
Disease	disease_12610	5.07746185531425e-08
Disease	disease_8824	5.072749601560927e-08
Disease	disease_20077	5.071870533397989e-08
Disease	disease_20048	5.0712173446683774e-08
Disease	disease_13836	5.068883573833518e-08
Disease	disease_13759	5.0663576428872223e-08
Disease	disease_5696	5.066344829448276e-08
Disease	disease_54835	5.0622935740687476e-08
Disease	disease_4903	5.060701399545576e-08
Disease	disease_3112	5.058095693372473e-08
Disease	disease_16853	5.057596358213631e-08
Disease	disease_12040	5.056708536203811e-08
Disease	disease_13012	5.056708536203811e-08
Disease	disease_15176	5.056708536203811e-08
Disease	disease_12841	5.056708536203811e-08
Disease	disease_11700	5.056708536203811e-08
Disease	disease_12940	5.056708536203811e-08
Disease	disease_12973	5.056708536203811e-08
Disease	disease_12886	5.056708536203811e-08
Disease	disease_12829	5.056708536203811e-08
Disease	disease_12838	5.056708536203811e-08
Disease	disease_12852	5.056708536203811e-08
Disease	disease_12837	5.056708536203811e-08
Disease	disease_11521	5.056708536203811e-08
Disease	disease_11087	5.056708536203811e-08
Disease	disease_11701	5.056708536203811e-08
Disease	disease_12887	5.056708536203811e-08
Disease	disease_11661	5.056708536203811e-08
Disease	disease_11699	5.056708536203811e-08
Disease	disease_4485	5.055235521391674e-08
Disease	disease_1113	5.055235521391674e-08
Disease	disease_8719	5.054886706460127e-08
Disease	disease_8438	5.053881073426674e-08
Disease	disease_2874	5.05334076940508e-08
Disease	disease_1620	5.053231040239636e-08
Disease	disease_20237	5.049325714228167e-08
Disease	disease_16094	5.0491148750307694e-08
Disease	disease_8337	5.047745219262112e-08
Disease	disease_14473	5.0477246462037284e-08
Disease	disease_3037	5.046866717416279e-08
Disease	disease_6815	5.046809672326979e-08
Disease	disease_32759	5.0464616893166066e-08
Disease	disease_44634	5.0426561682723314e-08
Disease	disease_24582	5.041763868354998e-08
Disease	disease_43156	5.0413330461014763e-08
Disease	disease_21134	5.040459216331063e-08
Disease	disease_20022	5.039787863995413e-08
Disease	disease_8588	5.039604171281848e-08
Disease	disease_2064	5.0386176042584034e-08
Disease	disease_14453	5.0351802341199505e-08
Disease	disease_20716	5.0351393925389326e-08
Disease	disease_2433	5.0340834491403836e-08
Disease	disease_13017	5.0339817800354726e-08
Disease	disease_23180	5.0336860874807996e-08
Disease	disease_23178	5.0336860874807996e-08
Disease	disease_23179	5.0336860874807996e-08
Disease	disease_9297	5.028152173290863e-08
Disease	disease_14175	5.0274107806569576e-08
Disease	disease_19346	5.02471352960731e-08
Disease	disease_10590	5.023033014991634e-08
Disease	disease_10172	5.021248774828277e-08
Disease	disease_2216	5.020537628642034e-08
Disease	disease_3603	5.019459026456997e-08
Disease	disease_2056	5.019155315379498e-08
Disease	disease_337	5.017768219345847e-08
Disease	disease_11812	5.016066487900584e-08
Disease	disease_24429	5.014433102041695e-08
Disease	disease_2665	5.013127590809112e-08
Disease	disease_12638	5.0095805570643e-08
Disease	disease_8214	5.00794410142778e-08
Disease	disease_1094	5.0078063337374934e-08
Disease	disease_1221	5.0070614325490206e-08
Disease	disease_17397	5.006631325820971e-08
Disease	disease_8771	5.005913970028246e-08
Disease	disease_863	5.0037817452497804e-08
Disease	disease_11097	5.000000334375975e-08
Disease	disease_13189	4.998291417129883e-08
Disease	disease_8044	4.9970486944135255e-08
Disease	disease_14600	4.995161160490909e-08
Disease	disease_8962	4.994127201422794e-08
Disease	disease_14217	4.9934741876257434e-08
Disease	disease_1889	4.9929570345938135e-08
Disease	disease_25420	4.9894407582623054e-08
Disease	disease_44721	4.98660263918359e-08
Disease	disease_4573	4.9845160100836194e-08
Disease	disease_8732	4.984025001429298e-08
Disease	disease_13605	4.9766364176356284e-08
Disease	disease_11107	4.976246140503537e-08
Disease	disease_14288	4.9711954405752804e-08
Disease	disease_2692	4.9658024534861107e-08
Disease	disease_13452	4.961857086560366e-08
Disease	disease_7899	4.961464788081458e-08
Disease	disease_13583	4.959682547365457e-08
Disease	disease_19660	4.958155623713838e-08
Disease	disease_16492	4.955303642427663e-08
Disease	disease_7592	4.955034064573314e-08
Disease	disease_44974	4.954891888734233e-08
Disease	disease_1204	4.949794728765372e-08
Disease	disease_8237	4.94843375722675e-08
Disease	disease_6481	4.947719306788019e-08
Disease	disease_17630	4.947127224673529e-08
Disease	disease_13460	4.94664362305016e-08
Disease	disease_18737	4.9454293272755896e-08
Disease	disease_32883	4.9453180315233447e-08
Disease	disease_54636	4.944747694872665e-08
Disease	disease_21312	4.941954632418249e-08
Disease	disease_17354	4.940303714635931e-08
Disease	disease_9112	4.93989526427916e-08
Disease	disease_24297	4.9393829501414336e-08
Disease	disease_19102	4.938120585451174e-08
Disease	disease_8787	4.937196835981438e-08
Disease	disease_13655	4.936198962931209e-08
Disease	disease_15359	4.933900546007614e-08
Disease	disease_6412	4.933826820782692e-08
Disease	disease_16518	4.9328134482852084e-08
Disease	disease_9390	4.932750879245838e-08
Disease	disease_45048	4.9316755540115034e-08
Disease	disease_2875	4.929497035748588e-08
Disease	disease_12690	4.9288240397761016e-08
Disease	disease_9170	4.9276803704627596e-08
Disease	disease_21440	4.922424179669545e-08
Disease	disease_15823	4.918835912526166e-08
Disease	disease_9740	4.918477582275267e-08
Disease	disease_6607	4.91637909148565e-08
Disease	disease_100152	4.9154195478188894e-08
Disease	disease_3277	4.915055012811078e-08
Disease	disease_19563	4.9124648249938537e-08
Disease	disease_13362	4.9113191392959035e-08
Disease	disease_13566	4.9107739074435665e-08
Disease	disease_13408	4.91061188775386e-08
Disease	disease_13908	4.909927576407232e-08
Disease	disease_3622	4.908444141683936e-08
Disease	disease_9855	4.906821569419229e-08
Disease	disease_44210	4.902967390782635e-08
Disease	disease_17353	4.9014435983114906e-08
Disease	disease_100188	4.900697715225087e-08
Disease	disease_9269	4.899479634096728e-08
Disease	disease_5842	4.894549497325241e-08
Disease	disease_19358	4.893842911381849e-08
Disease	disease_1063	4.8937313880932404e-08
Disease	disease_2214	4.8914598990016214e-08
Disease	disease_8740	4.8902990480488606e-08
Disease	disease_16171	4.888504068260668e-08
Disease	disease_13302	4.886677957318353e-08
Disease	disease_19702	4.8866139890656187e-08
Disease	disease_21057	4.8862576270272864e-08
Disease	disease_7082	4.884814305131675e-08
Disease	disease_14589	4.882416837586899e-08
Disease	disease_19791	4.881555121833386e-08
Disease	disease_21317	4.881431466460678e-08
Disease	disease_12411	4.881167122080332e-08
Disease	disease_12627	4.880850672268392e-08
Disease	disease_3606	4.880352333728561e-08
Disease	disease_20645	4.879632626360173e-08
Disease	disease_14656	4.878885036959074e-08
Disease	disease_14278	4.875585659943775e-08
Disease	disease_44310	4.8746233776534206e-08
Disease	disease_9598	4.86952351728878e-08
Disease	disease_10816	4.8691215445009427e-08
Disease	disease_32670	4.8683338342746094e-08
Disease	disease_12937	4.8681738401807556e-08
Disease	disease_9689	4.8677425089976326e-08
Disease	disease_21311	4.8672812079354806e-08
Disease	disease_18926	4.8648189937297255e-08
Disease	disease_7681	4.858600855561335e-08
Disease	disease_18861	4.8581158359345576e-08
Disease	disease_7442	4.857747686948538e-08
Disease	disease_11439	4.8570404599350535e-08
Disease	disease_10956	4.856776285118711e-08
Disease	disease_16349	4.851170141113087e-08
Disease	disease_3113	4.850085796714232e-08
Disease	disease_33655	4.847800249762518e-08
Disease	disease_44306	4.8475830873912494e-08
Disease	disease_24711	4.844402432951973e-08
Disease	disease_2603	4.8436491952898016e-08
Disease	disease_13731	4.843431046935895e-08
Disease	disease_7698	4.841391977509178e-08
Disease	disease_2876	4.840567516202402e-08
Disease	disease_3382	4.840361010257278e-08
Disease	disease_16991	4.8401414905474837e-08
Disease	disease_2564	4.839180506108032e-08
Disease	disease_10823	4.8380776292513276e-08
Disease	disease_24500	4.8377431943426295e-08
Disease	disease_21232	4.8377292763980365e-08
Disease	disease_2883	4.8360806644200886e-08
Disease	disease_16724	4.8353744994853486e-08
Disease	disease_9919	4.8344479961180454e-08
Disease	disease_15137	4.833408990942184e-08
Disease	disease_19893	4.832125671020194e-08
Disease	disease_6167	4.831776924097152e-08
Disease	disease_21952	4.8309135743271755e-08
Disease	disease_16097	4.830504731069233e-08
Disease	disease_8322	4.830403607743934e-08
Disease	disease_44206	4.8291451697383276e-08
Disease	disease_15071	4.8287686063249e-08
Disease	disease_17809	4.820291556372759e-08
Disease	disease_7267	4.8200207855944215e-08
Disease	disease_14573	4.81566000664738e-08
Disease	disease_32890	4.815588948089412e-08
Disease	disease_1992	4.8136080357712225e-08
Disease	disease_17625	4.812643309906225e-08
Disease	disease_2402	4.81149660860865e-08
Disease	disease_14689	4.808169519677759e-08
Disease	disease_100308	4.805179597606036e-08
Disease	disease_7244	4.8000993536624444e-08
Disease	disease_13216	4.79760604440631e-08
Disease	disease_18289	4.797231877142785e-08
Disease	disease_9507	4.797007796648418e-08
Disease	disease_9155	4.795886456387989e-08
Disease	disease_17313	4.795708402261636e-08
Disease	disease_21235	4.7944022222611974e-08
Disease	disease_4263	4.7941766345365453e-08
Disease	disease_18385	4.792970721945355e-08
Disease	disease_13721	4.792468810665018e-08
Disease	disease_54817	4.792318432265254e-08
Disease	disease_20096	4.7909472321360066e-08
Disease	disease_16794	4.78987763808105e-08
Disease	disease_4069	4.7888396947748016e-08
Disease	disease_27451	4.787881907331486e-08
Disease	disease_43310	4.786179545154953e-08
Disease	disease_9843	4.7839354323806617e-08
Disease	disease_24303	4.783772204278385e-08
Disease	disease_13223	4.782156421570673e-08
Disease	disease_7201	4.781357686258733e-08
Disease	disease_16807	4.779824498684764e-08
Disease	disease_3983	4.7763039765528014e-08
Disease	disease_7738	4.7751855527470623e-08
Disease	disease_429	4.7751383243937086e-08
Disease	disease_19113	4.7718950424730195e-08
Disease	disease_11946	4.770609073936496e-08
Disease	disease_5308	4.7702689320455716e-08
Disease	disease_1061	4.7660620724982544e-08
Disease	disease_60779	4.765742263358201e-08
Disease	disease_9234	4.764503900528578e-08
Disease	disease_5568	4.7615282893377287e-08
Disease	disease_1185	4.7600515146901895e-08
Disease	disease_100284	4.753562538497298e-08
Disease	disease_9964	4.748588272406853e-08
Disease	disease_44309	4.7465777674000244e-08
Disease	disease_5918	4.744175790507212e-08
Disease	disease_11717	4.7437072625605855e-08
Disease	disease_20670	4.7430276777580604e-08
Disease	disease_1007	4.741222013168927e-08
Disease	disease_3504	4.740358091195906e-08
Disease	disease_1993	4.7352596223736425e-08
Disease	disease_11584	4.734134559980468e-08
Disease	disease_12833	4.733099143287749e-08
Disease	disease_9798	4.7326703456578074e-08
Disease	disease_21045	4.728755846388923e-08
Disease	disease_16109	4.723566466766502e-08
Disease	disease_16851	4.7223189337304226e-08
Disease	disease_24645	4.719766282076587e-08
Disease	disease_10920	4.716396117652022e-08
Disease	disease_6599	4.715746449820309e-08
Disease	disease_2730	4.715246161514542e-08
Disease	disease_3990	4.711865141414048e-08
Disease	disease_16663	4.710736054476384e-08
Disease	disease_100040	4.710311654877834e-08
Disease	disease_14736	4.708383891677103e-08
Disease	disease_8149	4.7071257803002544e-08
Disease	disease_13938	4.705015081260896e-08
Disease	disease_13430	4.7046079223298795e-08
Disease	disease_14915	4.7041148191519395e-08
Disease	disease_10765	4.7034195094106004e-08
Disease	disease_14343	4.702265772345097e-08
Disease	disease_4378	4.698621923870179e-08
Disease	disease_17825	4.697739655967587e-08
Disease	disease_17826	4.697739655967587e-08
Disease	disease_16293	4.69429994515106e-08
Disease	disease_11923	4.692262157959411e-08
Disease	disease_8211	4.6903652620869925e-08
Disease	disease_3759	4.68887522198977e-08
Disease	disease_14907	4.687718792421741e-08
Disease	disease_3813	4.6848377321915435e-08
Disease	disease_20558	4.68320725635749e-08
Disease	disease_9429	4.6808434301233765e-08
Disease	disease_17720	4.6794249372638466e-08
Disease	disease_2204	4.678692812816447e-08
Disease	disease_17834	4.677077124205333e-08
Disease	disease_9583	4.675024060252706e-08
Disease	disease_19915	4.6743229981146414e-08
Disease	disease_10871	4.67302998682209e-08
Disease	disease_8746	4.672749230588643e-08
Disease	disease_3401	4.669605668551244e-08
Disease	disease_15207	4.668944109257315e-08
Disease	disease_33006	4.667588911775171e-08
Disease	disease_24309	4.6665781616090396e-08
Disease	disease_21315	4.665565821409573e-08
Disease	disease_21327	4.664086167817209e-08
Disease	disease_12853	4.6634503138163896e-08
Disease	disease_14778	4.661579947611625e-08
Disease	disease_20083	4.661077414082763e-08
Disease	disease_24969	4.6606778810978716e-08
Disease	disease_44618	4.659800293318911e-08
Disease	disease_10698	4.658247450244355e-08
Disease	disease_3273	4.6537039118413596e-08
Disease	disease_17323	4.653625568501543e-08
Disease	disease_13159	4.6529465625114655e-08
Disease	disease_60778	4.650269959005077e-08
Disease	disease_3940	4.648269807507431e-08
Disease	disease_5183	4.646504108475427e-08
Disease	disease_17379	4.646178649225095e-08
Disease	disease_9206	4.646127399435655e-08
Disease	disease_2746	4.6446982575802145e-08
Disease	disease_14225	4.641069728227271e-08
Disease	disease_18348	4.6407827374644786e-08
Disease	disease_32569	4.640656603938477e-08
Disease	disease_25445	4.6401047724248796e-08
Disease	disease_44660	4.6400040172545645e-08
Disease	disease_4748	4.639237425917354e-08
Disease	disease_10295	4.63747500638432e-08
Disease	disease_15459	4.636937670338347e-08
Disease	disease_10339	4.635532118831771e-08
Disease	disease_19234	4.6350980013081606e-08
Disease	disease_21022	4.635010310822959e-08
Disease	disease_24686	4.634414956323599e-08
Disease	disease_12868	4.634066832880619e-08
Disease	disease_18036	4.633499879930948e-08
Disease	disease_40502	4.631321798188714e-08
Disease	disease_16025	4.630922229853285e-08
Disease	disease_1640	4.628516008587198e-08
Disease	disease_20197	4.6284149125337865e-08
Disease	disease_16071	4.628356090642137e-08
Disease	disease_11830	4.627923866639246e-08
Disease	disease_16230	4.6246784769818034e-08
Disease	disease_36696	4.624384504414537e-08
Disease	disease_4586	4.623746471142819e-08
Disease	disease_33008	4.6218974795365867e-08
Disease	disease_3130	4.6218972583695965e-08
Disease	disease_5321	4.621536802677027e-08
Disease	disease_13956	4.621210215514754e-08
Disease	disease_5566	4.619805672639775e-08
Disease	disease_8079	4.61708673276087e-08
Disease	disease_8976	4.616514193701046e-08
Disease	disease_60712	4.612874984371025e-08
Disease	disease_18476	4.611441931345032e-08
Disease	disease_14695	4.6103501852346766e-08
Disease	disease_32850	4.6084295832299414e-08
Disease	disease_14218	4.6070271411779884e-08
Disease	disease_637	4.604366012748984e-08
Disease	disease_10365	4.6030038984439474e-08
Disease	disease_16235	4.602940968122282e-08
Disease	disease_15867	4.6017673491679737e-08
Disease	disease_13325	4.6003058093373203e-08
Disease	disease_5426	4.59805648257271e-08
Disease	disease_14555	4.596755106856525e-08
Disease	disease_15487	4.595702170678245e-08
Disease	disease_11243	4.59209675983187e-08
Disease	disease_60764	4.591813813741385e-08
Disease	disease_5859	4.591636625102765e-08
Disease	disease_18597	4.591437211352095e-08
Disease	disease_16538	4.591377960278156e-08
Disease	disease_4032	4.5864207710761515e-08
Disease	disease_6203	4.583042186135047e-08
Disease	disease_2814	4.582940046916663e-08
Disease	disease_11457	4.582835612728817e-08
Disease	disease_10408	4.58235706492097e-08
Disease	disease_1631	4.582090684159744e-08
Disease	disease_12214	4.581284947428107e-08
Disease	disease_17761	4.580830871655428e-08
Disease	disease_10555	4.579926847530918e-08
Disease	disease_4107	4.579578699349706e-08
Disease	disease_32679	4.577966932889942e-08
Disease	disease_3046	4.575329573674812e-08
Disease	disease_20585	4.5748292212816645e-08
Disease	disease_1492	4.573420092694932e-08
Disease	disease_21381	4.572446694830943e-08
Disease	disease_5215	4.572297096572163e-08
Disease	disease_32698	4.5719677837842807e-08
Disease	disease_15877	4.5709917884524684e-08
Disease	disease_1719	4.5682668960019366e-08
Disease	disease_7041	4.568083029269788e-08
Disease	disease_9695	4.568050902848224e-08
Disease	disease_44321	4.567939402948406e-08
Disease	disease_32598	4.567469520862665e-08
Disease	disease_16488	4.567319721320953e-08
Disease	disease_20604	4.567097627557363e-08
Disease	disease_6840	4.566915152036931e-08
Disease	disease_44764	4.563036740318593e-08
Disease	disease_3834	4.561894694527725e-08
Disease	disease_12020	4.560613753772409e-08
Disease	disease_291	4.55819529867224e-08
Disease	disease_1476	4.555755480763924e-08
Disease	disease_15149	4.555560289753438e-08
Disease	disease_24618	4.555233429935283e-08
Disease	disease_17134	4.554820865253233e-08
Disease	disease_11744	4.5546735257748654e-08
Disease	disease_13284	4.5528777001340815e-08
Disease	disease_12191	4.5525242981564964e-08
Disease	disease_20247	4.551214153063013e-08
Disease	disease_1502	4.5463042182393333e-08
Disease	disease_8735	4.540500691254768e-08
Disease	disease_7559	4.539983038126721e-08
Disease	disease_14752	4.539665718591251e-08
Disease	disease_24912	4.537833773775522e-08
Disease	disease_2472	4.533529432323365e-08
Disease	disease_20635	4.533511629034934e-08
Disease	disease_5774	4.530502494981374e-08
Disease	disease_100014	4.528246166489316e-08
Disease	disease_10205	4.5281169377940104e-08
Disease	disease_4933	4.5276531369419796e-08
Disease	disease_33365	4.527570242486622e-08
Disease	disease_19897	4.527069201927693e-08
Disease	disease_60662	4.526364025184069e-08
Disease	disease_16597	4.5252581811630944e-08
Disease	disease_20596	4.523195955750362e-08
Disease	disease_17196	4.52172259213984e-08
Disease	disease_12269	4.51135960172215e-08
Disease	disease_20673	4.5103060810242134e-08
Disease	disease_24252	4.5100374163802825e-08
Disease	disease_20540	4.5099710248807974e-08
Disease	disease_3758	4.509189969908462e-08
Disease	disease_16755	4.509125384127992e-08
Disease	disease_17683	4.5056565688277375e-08
Disease	disease_33485	4.504463645500778e-08
Disease	disease_4259	4.504031290967978e-08
Disease	disease_14269	4.500809579258098e-08
Disease	disease_11600	4.500752181691371e-08
Disease	disease_9342	4.50005532972605e-08
Disease	disease_1372	4.4989771163449974e-08
Disease	disease_21081	4.498866308870654e-08
Disease	disease_3528	4.497119275958121e-08
Disease	disease_20712	4.4967628787201494e-08
Disease	disease_4969	4.4951773336754004e-08
Disease	disease_20488	4.4919595551759804e-08
Disease	disease_19115	4.4913150645798686e-08
Disease	disease_19146	4.486097604821613e-08
Disease	disease_15347	4.482551092675736e-08
Disease	disease_14875	4.4819227062905764e-08
Disease	disease_20266	4.4818567689500274e-08
Disease	disease_10533	4.478642323861839e-08
Disease	disease_14027	4.4786064800801474e-08
Disease	disease_8258	4.472312534430172e-08
Disease	disease_3570	4.4721358056490946e-08
Disease	disease_10466	4.4707482747956165e-08
Disease	disease_1940	4.470161901938198e-08
Disease	disease_18687	4.469839807957703e-08
Disease	disease_18702	4.466834398807679e-08
Disease	disease_100059	4.466608614265222e-08
Disease	disease_17833	4.466608614265222e-08
Disease	disease_25193	4.4649335478109655e-08
Disease	disease_44725	4.463648851620929e-08
Disease	disease_18658	4.461200613346288e-08
Disease	disease_13791	4.460821056271081e-08
Disease	disease_14704	4.460110702819501e-08
Disease	disease_17049	4.456972262719237e-08
Disease	disease_10174	4.455921210096045e-08
Disease	disease_25389	4.4532561865774334e-08
Disease	disease_12536	4.4519193401933904e-08
Disease	disease_14429	4.4517423407574156e-08
Disease	disease_13681	4.4508416863365824e-08
Disease	disease_16825	4.4491963091049124e-08
Disease	disease_9207	4.4490171898982214e-08
Disease	disease_32691	4.4474272186870244e-08
Disease	disease_20162	4.443926344256172e-08
Disease	disease_5826	4.443920867665389e-08
Disease	disease_902	4.443251468811232e-08
Disease	disease_3354	4.441776581180024e-08
Disease	disease_14631	4.439647582028833e-08
Disease	disease_5748	4.437945508059729e-08
Disease	disease_6767	4.437807886175917e-08
Disease	disease_15947	4.437495175353443e-08
Disease	disease_15023	4.436679019297994e-08
Disease	disease_8934	4.43514711369689e-08
Disease	disease_9796	4.431999945848253e-08
Disease	disease_100212	4.431646782370661e-08
Disease	disease_10918	4.4314518719222295e-08
Disease	disease_22846	4.4312696298235526e-08
Disease	disease_33569	4.43078678692855e-08
Disease	disease_14276	4.425351235348147e-08
Disease	disease_44919	4.423945453479146e-08
Disease	disease_7428	4.42363533074333e-08
Disease	disease_31009	4.423252114644973e-08
Disease	disease_22948	4.422639293271181e-08
Disease	disease_21340	4.4222429842098065e-08
Disease	disease_6586	4.4222429842098065e-08
Disease	disease_6601	4.4222429842098065e-08
Disease	disease_6555	4.4222429842098065e-08
Disease	disease_2987	4.4222429842098065e-08
Disease	disease_12839	4.418862172063824e-08
Disease	disease_2848	4.4157337983869314e-08
Disease	disease_3690	4.4114324481986785e-08
Disease	disease_2540	4.4105212184535794e-08
Disease	disease_14006	4.409115952655158e-08
Disease	disease_10220	4.4090210607396494e-08
Disease	disease_12266	4.4079965400105026e-08
Disease	disease_4749	4.407937885540687e-08
Disease	disease_16842	4.4073366934228224e-08
Disease	disease_2786	4.4062434462065096e-08
Disease	disease_2687	4.405203014599188e-08
Disease	disease_1188	4.404001125030897e-08
Disease	disease_19356	4.4027656013608794e-08
Disease	disease_22113	4.4023016227094875e-08
Disease	disease_7452	4.4009829588991616e-08
Disease	disease_10976	4.400438850927565e-08
Disease	disease_44336	4.3996466514184834e-08
Disease	disease_11843	4.3991333848053804e-08
Disease	disease_9909	4.398078784564004e-08
Disease	disease_8793	4.397190052169861e-08
Disease	disease_24422	4.3968388053821345e-08
Disease	disease_2468	4.3953392738631096e-08
Disease	disease_10310	4.391770467231882e-08
Disease	disease_10076	4.391547739555033e-08
Disease	disease_7413	4.3912747845226656e-08
Disease	disease_11067	4.39094428920104e-08
Disease	disease_17735	4.3887045958271805e-08
Disease	disease_23149	4.38745793668765e-08
Disease	disease_13779	4.38640130682929e-08
Disease	disease_15739	4.385931670663632e-08
Disease	disease_10475	4.385504691177585e-08
Disease	disease_1564	4.3818194093053846e-08
Disease	disease_13758	4.378479248447447e-08
Disease	disease_30017	4.377739780074125e-08
Disease	disease_17037	4.377635314938694e-08
Disease	disease_3158	4.3755273709397625e-08
Disease	disease_2601	4.372926485503371e-08
Disease	disease_37829	4.372906983275119e-08
Disease	disease_18034	4.3703527833495445e-08
Disease	disease_5333	4.370132902514944e-08
Disease	disease_32927	4.3700093658627555e-08
Disease	disease_18939	4.368144786640578e-08
Disease	disease_904	4.3675099876351564e-08
Disease	disease_19942	4.3669730587048803e-08
Disease	disease_6000	4.3667939525385945e-08
Disease	disease_7152	4.366483525569035e-08
Disease	disease_6938	4.3649515932156845e-08
Disease	disease_7368	4.364679068008226e-08
Disease	disease_24292	4.362635842310585e-08
Disease	disease_4148	4.360400743807055e-08
Disease	disease_13515	4.35888345816775e-08
Disease	disease_12222	4.3582402254825205e-08
Disease	disease_19243	4.358081340334512e-08
Disease	disease_15853	4.357246927138355e-08
Disease	disease_17830	4.356435124479651e-08
Disease	disease_7828	4.3563114633988075e-08
Disease	disease_241	4.356252700107112e-08
Disease	disease_2544	4.352948190958693e-08
Disease	disease_2650	4.351120897139709e-08
Disease	disease_1857	4.347662082145878e-08
Disease	disease_1972	4.347662082145878e-08
Disease	disease_1973	4.347662082145878e-08
Disease	disease_1190	4.347662082145878e-08
Disease	disease_17052	4.347085865617081e-08
Disease	disease_6532	4.3461567419218794e-08
Disease	disease_32573	4.3461099650945663e-08
Disease	disease_18716	4.343076820277388e-08
Disease	disease_20250	4.337768146534322e-08
Disease	disease_17939	4.3373932655273734e-08
Disease	disease_11512	4.3324624713774745e-08
Disease	disease_7011	4.332066200697489e-08
Disease	disease_12889	4.332066200697489e-08
Disease	disease_1709	4.332066200697489e-08
Disease	disease_20666	4.332066200697489e-08
Disease	disease_11714	4.3316991110100006e-08
Disease	disease_12581	4.3302368326341047e-08
Disease	disease_9466	4.3298875716232815e-08
Disease	disease_7983	4.3273416255323093e-08
Disease	disease_14190	4.325590608152021e-08
Disease	disease_20391	4.325092121169718e-08
Disease	disease_16784	4.324631846593979e-08
Disease	disease_16782	4.3245673782251226e-08
Disease	disease_8355	4.3239930023693536e-08
Disease	disease_18884	4.323311115294165e-08
Disease	disease_7589	4.322141805867977e-08
Disease	disease_5947	4.321320290735355e-08
Disease	disease_26731	4.317129483695256e-08
Disease	disease_7964	4.3161061339684175e-08
Disease	disease_5031	4.3145822382866996e-08
Disease	disease_2386	4.3134260250818127e-08
Disease	disease_6298	4.3100643783837386e-08
Disease	disease_7878	4.310037361763601e-08
Disease	disease_3389	4.302552817392309e-08
Disease	disease_13924	4.2978563220685296e-08
Disease	disease_17131	4.2955920478005136e-08
Disease	disease_16085	4.2948023050417227e-08
Disease	disease_7119	4.293951702312176e-08
Disease	disease_32645	4.292368154553343e-08
Disease	disease_20503	4.29197131983284e-08
Disease	disease_15380	4.29041415627864e-08
Disease	disease_8901	4.288706672868432e-08
Disease	disease_16386	4.285188273510991e-08
Disease	disease_9063	4.2845395034798874e-08
Disease	disease_6577	4.284477364502491e-08
Disease	disease_10524	4.2831917777668896e-08
Disease	disease_14734	4.282856165151818e-08
Disease	disease_17241	4.28055013228548e-08
Disease	disease_20794	4.2788829625426346e-08
Disease	disease_23305	4.2782899592721e-08
Disease	disease_32567	4.275633299619848e-08
Disease	disease_20012	4.2755401489579756e-08
Disease	disease_9955	4.2731332738867793e-08
Disease	disease_14856	4.271793368149433e-08
Disease	disease_32633	4.268570304872442e-08
Disease	disease_6447	4.268329691435889e-08
Disease	disease_14857	4.268326487984493e-08
Disease	disease_13163	4.266405821026284e-08
Disease	disease_16285	4.2628678092572066e-08
Disease	disease_13873	4.262287318900212e-08
Disease	disease_11287	4.2611516340114495e-08
Disease	disease_54581	4.260703447564258e-08
Disease	disease_40925	4.2603853765680176e-08
Disease	disease_42452	4.2603853765680176e-08
Disease	disease_16299	4.256317724491049e-08
Disease	disease_15994	4.255797545879139e-08
Disease	disease_3789	4.2551880585205386e-08
Disease	disease_19288	4.2539645061686873e-08
Disease	disease_2988	4.2538905551764145e-08
Disease	disease_32699	4.2536486838594164e-08
Disease	disease_14620	4.251070504432466e-08
Disease	disease_5142	4.24711237547105e-08
Disease	disease_5143	4.24711237547105e-08
Disease	disease_1803	4.246258092438954e-08
Disease	disease_13270	4.244809985352044e-08
Disease	disease_11975	4.241473025347447e-08
Disease	disease_20702	4.239389405544349e-08
Disease	disease_6029	4.238492040316745e-08
Disease	disease_167	4.237663278513218e-08
Disease	disease_24888	4.236347812755823e-08
Disease	disease_18279	4.233881886420553e-08
Disease	disease_18191	4.233594550868925e-08
Disease	disease_6249	4.233330500992783e-08
Disease	disease_9006	4.231343461292666e-08
Disease	disease_18047	4.2303835615886844e-08
Disease	disease_119	4.228201902187798e-08
Disease	disease_44013	4.2273410941731154e-08
Disease	disease_25484	4.224723768437303e-08
Disease	disease_1482	4.22463302930239e-08
Disease	disease_24913	4.2237663655683916e-08
Disease	disease_19248	4.2232622750370696e-08
Disease	disease_14882	4.2231023282145424e-08
Disease	disease_10134	4.2228099666320375e-08
Disease	disease_13817	4.222006261524815e-08
Disease	disease_13691	4.2219175187543837e-08
Disease	disease_12374	4.2206406723487386e-08
Disease	disease_14922	4.219643948751365e-08
Disease	disease_44971	4.218543752006857e-08
Disease	disease_12938	4.216296322277876e-08
Disease	disease_10623	4.212556230330326e-08
Disease	disease_9405	4.21246817453106e-08
Disease	disease_37937	4.211668916477683e-08
Disease	disease_11385	4.2099818278480254e-08
Disease	disease_13591	4.2066575204981175e-08
Disease	disease_11743	4.205219092496742e-08
Disease	disease_3719	4.2046165188729013e-08
Disease	disease_1352	4.203801314396849e-08
Disease	disease_20727	4.201893786331081e-08
Disease	disease_8785	4.201641632390064e-08
Disease	disease_17053	4.19720533387927e-08
Disease	disease_17051	4.19720533387927e-08
Disease	disease_17054	4.19720533387927e-08
Disease	disease_15928	4.197173977342489e-08
Disease	disease_6702	4.195994426903467e-08
Disease	disease_45014	4.195940582891784e-08
Disease	disease_13643	4.1922212797032266e-08
Disease	disease_307	4.1899027029442285e-08
Disease	disease_24336	4.1892705323047406e-08
Disease	disease_13341	4.1888206601380764e-08
Disease	disease_2570	4.188747893841023e-08
Disease	disease_15921	4.187188478158283e-08
Disease	disease_15146	4.1828145622594606e-08
Disease	disease_16785	4.1818354187739934e-08
Disease	disease_12103	4.1814183231250253e-08
Disease	disease_15237	4.181223868988646e-08
Disease	disease_16044	4.178888841422974e-08
Disease	disease_3059	4.178131628897446e-08
Disease	disease_18453	4.177824587317065e-08
Disease	disease_1374	4.177667726114786e-08
Disease	disease_4411	4.176753543055857e-08
Disease	disease_3212	4.174553208083585e-08
Disease	disease_14286	4.173486028576987e-08
Disease	disease_10140	4.1724534644534126e-08
Disease	disease_45023	4.1721589449275115e-08
Disease	disease_19537	4.171174745104653e-08
Disease	disease_16243	4.171174745104653e-08
Disease	disease_16242	4.171174745104653e-08
Disease	disease_10494	4.1693277978414666e-08
Disease	disease_8790	4.1684136785137505e-08
Disease	disease_17786	4.1656274065380085e-08
Disease	disease_11705	4.160425847369414e-08
Disease	disease_19586	4.1586921861923064e-08
Disease	disease_19848	4.1586640741131546e-08
Disease	disease_2380	4.154566475595694e-08
Disease	disease_21162	4.153897423416412e-08
Disease	disease_721	4.153897423416412e-08
Disease	disease_13103	4.1486176319468477e-08
Disease	disease_17038	4.146513979716625e-08
Disease	disease_4484	4.14534420223612e-08
Disease	disease_7718	4.14182003337232e-08
Disease	disease_10622	4.1413971944101775e-08
Disease	disease_20459	4.140233283965317e-08
Disease	disease_32782	4.138643237045821e-08
Disease	disease_32658	4.137859902232586e-08
Disease	disease_2335	4.1372844297328634e-08
Disease	disease_13822	4.1356533573849355e-08
Disease	disease_33542	4.1342976726009046e-08
Disease	disease_32855	4.1336927303285336e-08
Disease	disease_2920	4.1308023890705224e-08
Disease	disease_21116	4.130555341814544e-08
Disease	disease_21115	4.130555341814544e-08
Disease	disease_44312	4.128246955686969e-08
Disease	disease_43523	4.1271714938843605e-08
Disease	disease_10250	4.126546975711741e-08
Disease	disease_10274	4.12646606575455e-08
Disease	disease_9299	4.1258425151571336e-08
Disease	disease_32764	4.125623110278153e-08
Disease	disease_10714	4.124417573679012e-08
Disease	disease_20805	4.122767136044794e-08
Disease	disease_24280	4.121089098306831e-08
Disease	disease_5996	4.1209307249238264e-08
Disease	disease_6613	4.117325371389233e-08
Disease	disease_19388	4.115619338470733e-08
Disease	disease_11549	4.1154309135748976e-08
Disease	disease_13949	4.1143652315072363e-08
Disease	disease_4622	4.113158816609479e-08
Disease	disease_12265	4.112603587679518e-08
Disease	disease_12264	4.112603587679518e-08
Disease	disease_7885	4.109706681610349e-08
Disease	disease_514	4.106622118542295e-08
Disease	disease_9398	4.1057684226765114e-08
Disease	disease_43786	4.1026909079267026e-08
Disease	disease_14647	4.100735513117033e-08
Disease	disease_6257	4.100733154320443e-08
Disease	disease_14790	4.0989000307454633e-08
Disease	disease_236	4.0980373881162615e-08
Disease	disease_8923	4.097017514233027e-08
Disease	disease_6576	4.096676330894476e-08
Disease	disease_9620	4.09344117132975e-08
Disease	disease_17782	4.092669770189811e-08
Disease	disease_4236	4.091192511996947e-08
Disease	disease_16797	4.089735433132339e-08
Disease	disease_16072	4.089390871871684e-08
Disease	disease_10971	4.088916747061139e-08
Disease	disease_15427	4.087154519700705e-08
Disease	disease_33559	4.080564004405597e-08
Disease	disease_32913	4.07842965938758e-08
Disease	disease_9928	4.078050259113931e-08
Disease	disease_2167	4.074537447240219e-08
Disease	disease_14437	4.074441704830806e-08
Disease	disease_20044	4.073900773628539e-08
Disease	disease_2493	4.073059886613582e-08
Disease	disease_12113	4.0724703540622064e-08
Disease	disease_32617	4.06966766291041e-08
Disease	disease_12368	4.0696402337158876e-08
Disease	disease_5682	4.0684336849911506e-08
Disease	disease_5716	4.0684336849911506e-08
Disease	disease_56821	4.0684336849911506e-08
Disease	disease_5632	4.0680170141766103e-08
Disease	disease_15275	4.067730021303077e-08
Disease	disease_44651	4.067412527123429e-08
Disease	disease_15067	4.066210171716572e-08
Disease	disease_30918	4.063414043732504e-08
Disease	disease_18825	4.063269087555091e-08
Disease	disease_14194	4.0621398080523324e-08
Disease	disease_16697	4.061391459786954e-08
Disease	disease_13886	4.060262458779177e-08
Disease	disease_10100	4.058833463419363e-08
Disease	disease_21098	4.058488117000861e-08
Disease	disease_1192	4.0575059443370866e-08
Disease	disease_6044	4.0535184109417854e-08
Disease	disease_11754	4.052097421424559e-08
Disease	disease_6163	4.05105323876836e-08
Disease	disease_9633	4.0484083949571113e-08
Disease	disease_310	4.048348982020609e-08
Disease	disease_12565	4.048306147548779e-08
Disease	disease_2419	4.046541497451929e-08
Disease	disease_24240	4.045189531995463e-08
Disease	disease_7361	4.044651287053202e-08
Disease	disease_24290	4.0444494877328914e-08
Disease	disease_22993	4.043092999360615e-08
Disease	disease_11688	4.042022230396178e-08
Disease	disease_8666	4.041618741695573e-08
Disease	disease_1215	4.0413140624358075e-08
Disease	disease_21005	4.037591242632831e-08
Disease	disease_14526	4.037303455949292e-08
Disease	disease_21021	4.0356897178149464e-08
Disease	disease_400000	4.0351368900859204e-08
Disease	disease_18851	4.0295571393191627e-08
Disease	disease_9359	4.029388477690675e-08
Disease	disease_3147	4.0226581206913144e-08
Disease	disease_3017	4.019712452792324e-08
Disease	disease_8018	4.018661210010647e-08
Disease	disease_8630	4.017384909853108e-08
Disease	disease_12772	4.0157142731491134e-08
Disease	disease_11369	4.015458422438025e-08
Disease	disease_20111	4.0145457021760505e-08
Disease	disease_10535	4.010567772934681e-08
Disease	disease_9744	4.0097342719451146e-08
Disease	disease_18575	4.00856054931716e-08
Disease	disease_4582	4.007751268208182e-08
Disease	disease_14384	4.0067320544778213e-08
Disease	disease_24982	4.005969312939197e-08
Disease	disease_8833	4.005583323270879e-08
Disease	disease_10088	4.004831869416376e-08
Disease	disease_17914	4.0028640139142034e-08
Disease	disease_15675	4.001357302156115e-08
Disease	disease_3486	4.001036272548844e-08
Disease	disease_43327	4.0002541569044404e-08
Disease	disease_24304	3.9989370631182006e-08
Disease	disease_44322	3.998579202515626e-08
Disease	disease_24339	3.998365859802214e-08
Disease	disease_7621	3.997321871856052e-08
Disease	disease_45055	3.9966172282713536e-08
Disease	disease_16718	3.9929436730861233e-08
Disease	disease_14751	3.9916384008772464e-08
Disease	disease_14701	3.991410713796638e-08
Disease	disease_9189	3.9911789573164586e-08
Disease	disease_8244	3.989568678312302e-08
Disease	disease_18363	3.988770494713542e-08
Disease	disease_32819	3.988094272232024e-08
Disease	disease_18931	3.98522153670952e-08
Disease	disease_15873	3.9836242813650483e-08
Disease	disease_4310	3.983591148735398e-08
Disease	disease_6450	3.982703140573414e-08
Disease	disease_14213	3.981155207465693e-08
Disease	disease_2981	3.980987915491445e-08
Disease	disease_9565	3.9787604055222536e-08
Disease	disease_6414	3.9777917256735306e-08
Disease	disease_2529	3.9773597652244615e-08
Disease	disease_7327	3.976541712961284e-08
Disease	disease_12984	3.976215107727072e-08
Disease	disease_9344	3.973738406004594e-08
Disease	disease_30007	3.973057606054835e-08
Disease	disease_17609	3.971230389729482e-08
Disease	disease_9483	3.970674886028318e-08
Disease	disease_9368	3.9696525190519765e-08
Disease	disease_18521	3.9668013844390055e-08
Disease	disease_11043	3.965846835026701e-08
Disease	disease_16001	3.965610298803341e-08
Disease	disease_37858	3.9654156785104816e-08
Disease	disease_60532	3.963584804564006e-08
Disease	disease_54748	3.962627868721587e-08
Disease	disease_16254	3.962405993048552e-08
Disease	disease_16073	3.961515276878912e-08
Disease	disease_11452	3.9587198302485775e-08
Disease	disease_5714	3.958273429055681e-08
Disease	disease_2861	3.958248193504305e-08
Disease	disease_16058	3.957311479509267e-08
Disease	disease_18092	3.9564540239517865e-08
Disease	disease_13311	3.953188343917185e-08
Disease	disease_10003	3.953083864101687e-08
Disease	disease_11633	3.949774765705181e-08
Disease	disease_14066	3.948011932110182e-08
Disease	disease_20751	3.946886599952961e-08
Disease	disease_14611	3.9463900897415966e-08
Disease	disease_7999	3.945029610919015e-08
Disease	disease_9737	3.944531868441497e-08
Disease	disease_24648	3.943113173695568e-08
Disease	disease_9757	3.942982249585557e-08
Disease	disease_2982	3.942116483170119e-08
Disease	disease_2865	3.9400058979943965e-08
Disease	disease_587	3.9386361109494995e-08
Disease	disease_9646	3.936573171549936e-08
Disease	disease_2365	3.935825774549792e-08
Disease	disease_8115	3.935403269749997e-08
Disease	disease_20782	3.934100585637116e-08
Disease	disease_13093	3.9324966471340734e-08
Disease	disease_24322	3.932102151277068e-08
Disease	disease_40673	3.9314249573937e-08
Disease	disease_32526	3.930629899665807e-08
Disease	disease_13179	3.9280472902593613e-08
Disease	disease_20530	3.927613962321517e-08
Disease	disease_1777	3.927349668016549e-08
Disease	disease_14162	3.925994414873375e-08
Disease	disease_2166	3.925356110719089e-08
Disease	disease_18682	3.924482085928004e-08
Disease	disease_7459	3.9244168071400236e-08
Disease	disease_36870	3.921786486949046e-08
Disease	disease_10506	3.9197752509336844e-08
Disease	disease_32766	3.919276208191004e-08
Disease	disease_14732	3.9172422525985474e-08
Disease	disease_659	3.913368403082118e-08
Disease	disease_24285	3.913368403082118e-08
Disease	disease_8522	3.912035632824469e-08
Disease	disease_60752	3.91076652083541e-08
Disease	disease_6219	3.9100873243078646e-08
Disease	disease_42982	3.909950523877422e-08
Disease	disease_18961	3.9075855283825576e-08
Disease	disease_19131	3.9060229951503474e-08
Disease	disease_1907	3.904746226414133e-08
Disease	disease_6138	3.904519333060879e-08
Disease	disease_32566	3.9032863617493546e-08
Disease	disease_45002	3.902046253698062e-08
Disease	disease_8596	3.900610476441446e-08
Disease	disease_10756	3.900488572279019e-08
Disease	disease_8387	3.896978336741565e-08
Disease	disease_9923	3.894278467518668e-08
Disease	disease_11010	3.893172610680032e-08
Disease	disease_7741	3.8927907361759794e-08
Disease	disease_12429	3.890834133243133e-08
Disease	disease_9506	3.889229998973908e-08
Disease	disease_6102	3.887970988716011e-08
Disease	disease_11481	3.886052101099363e-08
Disease	disease_8705	3.884941012109639e-08
Disease	disease_30034	3.8836508350164043e-08
Disease	disease_11892	3.883021150426937e-08
Disease	disease_9492	3.882462870348656e-08
Disease	disease_18237	3.880610535505545e-08
Disease	disease_11188	3.879081974262575e-08
Disease	disease_1407	3.8754910906063484e-08
Disease	disease_16838	3.870916073205524e-08
Disease	disease_9608	3.8693843508384445e-08
Disease	disease_6909	3.8690143273889136e-08
Disease	disease_16289	3.8681180459412405e-08
Disease	disease_10097	3.8667496798294e-08
Disease	disease_3493	3.8659638967802085e-08
Disease	disease_12206	3.8659366056742055e-08
Disease	disease_30936	3.861162047914727e-08
Disease	disease_1218	3.86069639998093e-08
Disease	disease_17194	3.859546903342268e-08
Disease	disease_11346	3.858513506334181e-08
Disease	disease_2014	3.857976438908923e-08
Disease	disease_2812	3.856634840215364e-08
Disease	disease_9396	3.855112489796984e-08
Disease	disease_17266	3.855105089327207e-08
Disease	disease_6231	3.8540189694288816e-08
Disease	disease_44878	3.853661398147601e-08
Disease	disease_14936	3.8518418876812285e-08
Disease	disease_9990	3.8509475892752616e-08
Disease	disease_20129	3.850412325428631e-08
Disease	disease_631	3.8501204150246295e-08
Disease	disease_11537	3.8500823307170346e-08
Disease	disease_19859	3.846949155622552e-08
Disease	disease_8198	3.8448338856573804e-08
Disease	disease_11963	3.8415043029383143e-08
Disease	disease_15692	3.837845732127103e-08
Disease	disease_12291	3.837481336418489e-08
Disease	disease_6155	3.8368659915858806e-08
Disease	disease_9962	3.836465167355143e-08
Disease	disease_24637	3.835112879653952e-08
Disease	disease_19212	3.8339263313638054e-08
Disease	disease_19843	3.832580579707153e-08
Disease	disease_17161	3.828251352580922e-08
Disease	disease_9708	3.8271795103087607e-08
Disease	disease_12183	3.826084138478411e-08
Disease	disease_13032	3.822865561007926e-08
Disease	disease_13601	3.822680646547835e-08
Disease	disease_11185	3.822628333209086e-08
Disease	disease_10258	3.822297697386439e-08
Disease	disease_8624	3.821540397107383e-08
Disease	disease_3739	3.82141864065482e-08
Disease	disease_24635	3.820480557778341e-08
Disease	disease_1067	3.816385179694788e-08
Disease	disease_14672	3.8151269057357456e-08
Disease	disease_41752	3.810692767064282e-08
Disease	disease_20069	3.8092916861953686e-08
Disease	disease_6709	3.807725687682498e-08
Disease	disease_14554	3.8061136525969684e-08
Disease	disease_60758	3.8049041376622336e-08
Disease	disease_17406	3.804166848066685e-08
Disease	disease_8905	3.802972407521978e-08
Disease	disease_24905	3.802671083745227e-08
Disease	disease_11835	3.801249733172939e-08
Disease	disease_4409	3.7965145840284834e-08
Disease	disease_2455	3.795851388113612e-08
Disease	disease_6132	3.795851388113612e-08
Disease	disease_5497	3.7939663987856174e-08
Disease	disease_10330	3.79365935089968e-08
Disease	disease_10803	3.7931264130177875e-08
Disease	disease_1322	3.790801834214615e-08
Disease	disease_19853	3.789868800665813e-08
Disease	disease_981	3.789019224697013e-08
Disease	disease_20395	3.788283651618143e-08
Disease	disease_12863	3.787417305488279e-08
Disease	disease_12149	3.787417305488279e-08
Disease	disease_12150	3.787417305488279e-08
Disease	disease_12862	3.787417305488279e-08
Disease	disease_12151	3.787417305488279e-08
Disease	disease_12152	3.787417305488279e-08
Disease	disease_7533	3.787238055160603e-08
Disease	disease_8786	3.7865726376113514e-08
Disease	disease_10472	3.7851879522496884e-08
Disease	disease_16524	3.7830757882491985e-08
Disease	disease_13161	3.781521074731141e-08
Disease	disease_4752	3.7814977465927665e-08
Disease	disease_1812	3.7808661520384583e-08
Disease	disease_8308	3.7807915081902256e-08
Disease	disease_2563	3.780691125729682e-08
Disease	disease_18358	3.780224936061332e-08
Disease	disease_17269	3.778669762517033e-08
Disease	disease_17013	3.7780953976143434e-08
Disease	disease_10768	3.776609844375648e-08
Disease	disease_7548	3.774912682197297e-08
Disease	disease_32610	3.7724090737965765e-08
Disease	disease_16832	3.771757816949925e-08
Disease	disease_16424	3.771699062868199e-08
Disease	disease_6061	3.77134223040141e-08
Disease	disease_20508	3.7707881400037826e-08
Disease	disease_16892	3.770752166266794e-08
Disease	disease_6291	3.7687365557344806e-08
Disease	disease_13541	3.7632938678066177e-08
Disease	disease_16011	3.7629666790844864e-08
Disease	disease_100286	3.762454804878835e-08
Disease	disease_8209	3.761877567558268e-08
Disease	disease_7292	3.757176612534787e-08
Disease	disease_11756	3.756677344004346e-08
Disease	disease_21659	3.756628012393697e-08
Disease	disease_14438	3.75655838107569e-08
Disease	disease_17219	3.7552776550101855e-08
Disease	disease_41261	3.7550801525258964e-08
Disease	disease_21179	3.7550801525258964e-08
Disease	disease_400003	3.7550801525258964e-08
Disease	disease_6625	3.754751991459485e-08
Disease	disease_17742	3.7535501717002235e-08
Disease	disease_26721	3.7532966496379616e-08
Disease	disease_14156	3.7529893393137394e-08
Disease	disease_18314	3.752963207891621e-08
Disease	disease_19700	3.752961333809399e-08
Disease	disease_16860	3.751905027897305e-08
Disease	disease_9191	3.7503717373194056e-08
Disease	disease_1991	3.749995408769971e-08
Disease	disease_8627	3.748908257642286e-08
Disease	disease_13905	3.748861130103223e-08
Disease	disease_21011	3.748018858887039e-08
Disease	disease_10268	3.747445395963915e-08
Disease	disease_12775	3.746296654988688e-08
Disease	disease_19512	3.7460208599704785e-08
Disease	disease_3145	3.743038958025383e-08
Disease	disease_11913	3.7422756863250484e-08
Disease	disease_3190	3.742109194178411e-08
Disease	disease_14997	3.740849246871608e-08
Disease	disease_21638	3.739710518654889e-08
Disease	disease_18231	3.7392859452603586e-08
Disease	disease_54780	3.738779542433174e-08
Disease	disease_21326	3.7377394228958866e-08
Disease	disease_21325	3.7377394228958866e-08
Disease	disease_21324	3.7377394228958866e-08
Disease	disease_4117	3.7377060554473224e-08
Disease	disease_2090	3.737346987385555e-08
Disease	disease_3970	3.736351929126677e-08
Disease	disease_3972	3.736351929126677e-08
Disease	disease_17847	3.7356577700233074e-08
Disease	disease_710	3.734807657303037e-08
Disease	disease_2721	3.734779664649861e-08
Disease	disease_43075	3.7340087771765084e-08
Disease	disease_16112	3.732866600445943e-08
Disease	disease_648	3.7320882798274014e-08
Disease	disease_21241	3.730874104036543e-08
Disease	disease_2217	3.729152043746564e-08
Disease	disease_12728	3.727078476630515e-08
Disease	disease_3839	3.727017973241796e-08
Disease	disease_5832	3.7253692203520635e-08
Disease	disease_1042	3.724819662080472e-08
Disease	disease_18764	3.7237658374186726e-08
Disease	disease_4603	3.720973029145749e-08
Disease	disease_35117	3.720770801220828e-08
Disease	disease_11629	3.717679871333207e-08
Disease	disease_14946	3.7145188477815514e-08
Disease	disease_100248	3.7145043533108994e-08
Disease	disease_100038	3.714285908404083e-08
Disease	disease_17922	3.7133951012036975e-08
Disease	disease_24985	3.712491160339363e-08
Disease	disease_14529	3.712063944529494e-08
Disease	disease_17784	3.711969894735034e-08
Disease	disease_4663	3.7099435579077955e-08
Disease	disease_4871	3.707431233063452e-08
Disease	disease_4873	3.707431233063452e-08
Disease	disease_3687	3.700806650142856e-08
Disease	disease_9698	3.6998077661554536e-08
Disease	disease_11672	3.699254099291743e-08
Disease	disease_13919	3.697067347974184e-08
Disease	disease_13455	3.6956183634896165e-08
Disease	disease_43077	3.694782354714849e-08
Disease	disease_10537	3.694461297264904e-08
Disease	disease_7850	3.693635494204676e-08
Disease	disease_9752	3.692216067420404e-08
Disease	disease_23119	3.692172536487315e-08
Disease	disease_43168	3.688087934963141e-08
Disease	disease_18536	3.687941098413685e-08
Disease	disease_16083	3.687222832192477e-08
Disease	disease_21301	3.685097146323265e-08
Disease	disease_19687	3.6834333063404275e-08
Disease	disease_13224	3.682365495011145e-08
Disease	disease_18627	3.682119968895974e-08
Disease	disease_3368	3.6821157444308945e-08
Disease	disease_2870	3.6792036773459025e-08
Disease	disease_3820	3.67800146902264e-08
Disease	disease_19347	3.6774382783921626e-08
Disease	disease_9122	3.676686957745828e-08
Disease	disease_6284	3.6748670672564483e-08
Disease	disease_1500	3.672922169803649e-08
Disease	disease_1380	3.672903462501356e-08
Disease	disease_1488	3.672248965262861e-08
Disease	disease_19983	3.6713019969759765e-08
Disease	disease_8151	3.671008558809572e-08
Disease	disease_14446	3.6708268226604726e-08
Disease	disease_54559	3.6688429453872346e-08
Disease	disease_10143	3.668582945852176e-08
Disease	disease_209	3.667183277532452e-08
Disease	disease_14447	3.6671110657839185e-08
Disease	disease_16294	3.666563765633502e-08
Disease	disease_16578	3.6642580027498194e-08
Disease	disease_32594	3.662984738787513e-08
Disease	disease_12791	3.6621032508154796e-08
Disease	disease_11491	3.661513812842481e-08
Disease	disease_2457	3.6607169799255805e-08
Disease	disease_32609	3.6587595999872866e-08
Disease	disease_19794	3.658272082363948e-08
Disease	disease_32827	3.657512977857722e-08
Disease	disease_4917	3.656015256912515e-08
Disease	disease_6824	3.6550668042476883e-08
Disease	disease_3575	3.6550668042476883e-08
Disease	disease_20764	3.6550668042476883e-08
Disease	disease_15212	3.6539803458657086e-08
Disease	disease_13943	3.6532508318851864e-08
Disease	disease_3297	3.650834268381965e-08
Disease	disease_583	3.649455019805324e-08
Disease	disease_14506	3.647293237499323e-08
Disease	disease_16570	3.647097915327411e-08
Disease	disease_21207	3.64617061131847e-08
Disease	disease_16607	3.6442668880791284e-08
Disease	disease_19688	3.643562125663354e-08
Disease	disease_5167	3.642562889035511e-08
Disease	disease_5165	3.642185933378248e-08
Disease	disease_10753	3.641969941867259e-08
Disease	disease_14777	3.641105035700714e-08
Disease	disease_6643	3.6405957123434364e-08
Disease	disease_342	3.638201082290093e-08
Disease	disease_344	3.638201082290093e-08
Disease	disease_19251	3.6362181880114606e-08
Disease	disease_3964	3.635648703974649e-08
Disease	disease_44335	3.634300118325251e-08
Disease	disease_9586	3.631547844506105e-08
Disease	disease_15800	3.6309097063748665e-08
Disease	disease_21360	3.629876772238126e-08
Disease	disease_43009	3.6284816292911806e-08
Disease	disease_13576	3.628257581950318e-08
Disease	disease_16606	3.6277458872305606e-08
Disease	disease_17328	3.6242041094471534e-08
Disease	disease_11037	3.623458141364767e-08
Disease	disease_10313	3.622947832782966e-08
Disease	disease_6980	3.622576236191955e-08
Disease	disease_10341	3.6224338269746704e-08
Disease	disease_4660	3.618426853833822e-08
Disease	disease_16895	3.618326459714131e-08
Disease	disease_5523	3.618186297787591e-08
Disease	disease_18761	3.617697626099144e-08
Disease	disease_19262	3.617207052396354e-08
Disease	disease_21158	3.6167000067512624e-08
Disease	disease_2103	3.615232405886045e-08
Disease	disease_16236	3.615156839527518e-08
Disease	disease_10870	3.6145328143186204e-08
Disease	disease_15150	3.613506644594709e-08
Disease	disease_18503	3.606586318627429e-08
Disease	disease_3971	3.606586318627429e-08
Disease	disease_12302	3.605601217908197e-08
Disease	disease_16667	3.6049587625415173e-08
Disease	disease_12309	3.6048251600766334e-08
Disease	disease_13690	3.60458103171692e-08
Disease	disease_2647	3.6045768733203805e-08
Disease	disease_2262	3.6043535285088595e-08
Disease	disease_100106	3.602784886980703e-08
Disease	disease_12338	3.602784886980703e-08
Disease	disease_12760	3.602784886980703e-08
Disease	disease_11753	3.602784886980703e-08
Disease	disease_16567	3.5987455576700754e-08
Disease	disease_60642	3.59801201582086e-08
Disease	disease_13321	3.596218018994366e-08
Disease	disease_11985	3.5953672551576487e-08
Disease	disease_3922	3.593424350434312e-08
Disease	disease_9356	3.591675044436992e-08
Disease	disease_2878	3.5906821249724534e-08
Disease	disease_13125	3.5892562396381616e-08
Disease	disease_21573	3.581927917845547e-08
Disease	disease_24611	3.581613909116201e-08
Disease	disease_9119	3.580721438034569e-08
Disease	disease_1546	3.580561717019467e-08
Disease	disease_40964	3.580414240248322e-08
Disease	disease_12107	3.580036695558055e-08
Disease	disease_7228	3.5798560229590034e-08
Disease	disease_4463	3.576380884674448e-08
Disease	disease_16163	3.5755402020293944e-08
Disease	disease_13946	3.575315693829488e-08
Disease	disease_13307	3.574668701481071e-08
Disease	disease_7622	3.573755094546924e-08
Disease	disease_19068	3.5728125178569935e-08
Disease	disease_2722	3.57279381757698e-08
Disease	disease_20749	3.572332168419972e-08
Disease	disease_100082	3.572147655967703e-08
Disease	disease_6444	3.5690150546231e-08
Disease	disease_14245	3.5686623385588644e-08
Disease	disease_7486	3.565621638950915e-08
Disease	disease_218	3.565564295898328e-08
Disease	disease_15672	3.56490752435438e-08
Disease	disease_15345	3.564495854907772e-08
Disease	disease_16385	3.5639840558293864e-08
Disease	disease_5355	3.563541021945807e-08
Disease	disease_13875	3.562963859578162e-08
Disease	disease_7614	3.561559570155643e-08
Disease	disease_14896	3.5597316556187455e-08
Disease	disease_54833	3.55731168020958e-08
Disease	disease_19912	3.5568167239117714e-08
Disease	disease_18938	3.5555894235499925e-08
Disease	disease_18951	3.5545503665332624e-08
Disease	disease_7888	3.554016271582949e-08
Disease	disease_12397	3.5525959408557144e-08
Disease	disease_4124	3.552225198311001e-08
Disease	disease_100161	3.550932857285083e-08
Disease	disease_19910	3.548145979769539e-08
Disease	disease_1378	3.545257242471163e-08
Disease	disease_2322	3.543126123794703e-08
Disease	disease_17626	3.5400970453082745e-08
Disease	disease_21633	3.538950878789224e-08
Disease	disease_43240	3.5383241853118595e-08
Disease	disease_43152	3.5383241853118595e-08
Disease	disease_4769	3.537055839629296e-08
Disease	disease_24655	3.536790957683658e-08
Disease	disease_14292	3.5365443149415075e-08
Disease	disease_100135	3.535819603633711e-08
Disease	disease_20552	3.535643771406165e-08
Disease	disease_18143	3.5346219689561976e-08
Disease	disease_18141	3.5346219689561976e-08
Disease	disease_18142	3.5346219689561976e-08
Disease	disease_2272	3.532469523447772e-08
Disease	disease_42967	3.529227892220512e-08
Disease	disease_9476	3.528336191629628e-08
Disease	disease_6389	3.526433943597205e-08
Disease	disease_15761	3.5250366811860135e-08
Disease	disease_2585	3.524716487460595e-08
Disease	disease_11566	3.5236964806601995e-08
Disease	disease_14391	3.5207062420772655e-08
Disease	disease_19443	3.519386051021478e-08
Disease	disease_4031	3.5177502307979696e-08
Disease	disease_3481	3.5176809579222444e-08
Disease	disease_18952	3.5171732745985344e-08
Disease	disease_18735	3.515435661090887e-08
Disease	disease_3710	3.514297950712659e-08
Disease	disease_6933	3.511230205419371e-08
Disease	disease_17992	3.508956536859407e-08
Disease	disease_13330	3.5078674964058193e-08
Disease	disease_19799	3.507212736243158e-08
Disease	disease_11752	3.506876299609811e-08
Disease	disease_15025	3.506781517370746e-08
Disease	disease_16295	3.5058697809722664e-08
Disease	disease_17151	3.50457477238473e-08
Disease	disease_3587	3.5039229522425044e-08
Disease	disease_13397	3.5031289028006225e-08
Disease	disease_7094	3.5028878943709486e-08
Disease	disease_9406	3.5008028069697385e-08
Disease	disease_21533	3.500592404329761e-08
Disease	disease_16897	3.497355607338253e-08
Disease	disease_9389	3.4953894878244506e-08
Disease	disease_11466	3.49516373890767e-08
Disease	disease_12575	3.493086734830002e-08
Disease	disease_17034	3.491710663903703e-08
Disease	disease_4928	3.490696432978569e-08
Disease	disease_2979	3.489881500801837e-08
Disease	disease_100116	3.4897503373762085e-08
Disease	disease_17031	3.4889525438036836e-08
Disease	disease_14892	3.488081343385588e-08
Disease	disease_2327	3.486590529760416e-08
Disease	disease_491	3.4863363552912204e-08
Disease	disease_12755	3.486045373204742e-08
Disease	disease_13987	3.484859439579549e-08
Disease	disease_1902	3.484776691641784e-08
Disease	disease_19856	3.484640824305414e-08
Disease	disease_43230	3.4840328539155905e-08
Disease	disease_20282	3.4827995360519676e-08
Disease	disease_15483	3.4825803147423196e-08
Disease	disease_1376	3.480630699899112e-08
Disease	disease_1373	3.480630699899112e-08
Disease	disease_1319	3.480630699899112e-08
Disease	disease_17405	3.479996943874231e-08
Disease	disease_18253	3.478613639731672e-08
Disease	disease_2541	3.478192163330102e-08
Disease	disease_7626	3.47537891924288e-08
Disease	disease_24567	3.4750613059885326e-08
Disease	disease_4881	3.4740974609787e-08
Disease	disease_2644	3.4740974609787e-08
Disease	disease_2517	3.4733557007925634e-08
Disease	disease_1905	3.4733557007925634e-08
Disease	disease_4693	3.471231867477175e-08
Disease	disease_16139	3.4707695402987056e-08
Disease	disease_43555	3.469732131472286e-08
Disease	disease_21053	3.468778563929468e-08
Disease	disease_7107	3.467231288538639e-08
Disease	disease_13398	3.4658582713056785e-08
Disease	disease_14347	3.463209583782574e-08
Disease	disease_18746	3.461850079912756e-08
Disease	disease_30920	3.45981124543458e-08
Disease	disease_9761	3.455668212154969e-08
Disease	disease_1557	3.455063823903789e-08
Disease	disease_13957	3.453847544084851e-08
Disease	disease_214	3.4537406302723974e-08
Disease	disease_34212	3.4526766441319287e-08
Disease	disease_18173	3.4526766441319287e-08
Disease	disease_18547	3.4526766441319287e-08
Disease	disease_16312	3.4526766441319287e-08
Disease	disease_18548	3.4526766441319287e-08
Disease	disease_43339	3.4526766441319287e-08
Disease	disease_23176	3.4526766441319287e-08
Disease	disease_19545	3.4526766441319287e-08
Disease	disease_19140	3.4526766441319287e-08
Disease	disease_16421	3.4526766441319287e-08
Disease	disease_17862	3.4526766441319287e-08
Disease	disease_3708	3.452443288604535e-08
Disease	disease_7085	3.448760273653501e-08
Disease	disease_19235	3.4480545826424986e-08
Disease	disease_13708	3.4438483845856484e-08
Disease	disease_2463	3.4437293550612355e-08
Disease	disease_320	3.443089870816457e-08
Disease	disease_3218	3.4429142336292094e-08
Disease	disease_11476	3.441327844393876e-08
Disease	disease_17011	3.440307269440756e-08
Disease	disease_17042	3.438223503013144e-08
Disease	disease_642	3.435765388327822e-08
Disease	disease_11716	3.435261862718617e-08
Disease	disease_9903	3.433978372534598e-08
Disease	disease_8953	3.430146929532802e-08
Disease	disease_8782	3.429912515068143e-08
Disease	disease_20574	3.429685077889556e-08
Disease	disease_18924	3.4263128651714106e-08
Disease	disease_21036	3.425795607476264e-08
Disease	disease_18509	3.4249330647959536e-08
Disease	disease_1606	3.424171999602227e-08
Disease	disease_10109	3.422193910074695e-08
Disease	disease_13319	3.416123402523946e-08
Disease	disease_3390	3.4155035126214386e-08
Disease	disease_5145	3.412394381852496e-08
Disease	disease_16653	3.4108680282750326e-08
Disease	disease_16223	3.409392802452425e-08
Disease	disease_20757	3.4092259891431706e-08
Disease	disease_20091	3.408608511214633e-08
Disease	disease_100185	3.406245867242204e-08
Disease	disease_2297	3.40591404495685e-08
Disease	disease_6046	3.4048913267739615e-08
Disease	disease_19270	3.403901837171267e-08
Disease	disease_13422	3.403165817547222e-08
Disease	disease_11615	3.4030836703385e-08
Disease	disease_20663	3.4016121321658856e-08
Disease	disease_20098	3.401018558199099e-08
Disease	disease_7270	3.3966366939359365e-08
Disease	disease_6161	3.396318354117073e-08
Disease	disease_19246	3.3953552083582515e-08
Disease	disease_25449	3.395177905933229e-08
Disease	disease_44873	3.3949385305346353e-08
Disease	disease_23076	3.393469711545452e-08
Disease	disease_10557	3.3915253685349565e-08
Disease	disease_5779	3.391321341679655e-08
Disease	disease_12814	3.3909854401593226e-08
Disease	disease_12253	3.387309408231495e-08
Disease	disease_33548	3.385469598038349e-08
Disease	disease_8039	3.38477130223689e-08
Disease	disease_9649	3.383177348896486e-08
Disease	disease_490	3.3815040177654164e-08
Disease	disease_18686	3.3780235010032405e-08
Disease	disease_21777	3.37763471111946e-08
Disease	disease_12383	3.376778078142296e-08
Disease	disease_8871	3.373371603229369e-08
Disease	disease_4376	3.3706154318657064e-08
Disease	disease_4268	3.3706154318657064e-08
Disease	disease_3033	3.36774464665223e-08
Disease	disease_19016	3.367535124910675e-08
Disease	disease_5862	3.367436528343581e-08
Disease	disease_4441	3.366208298527161e-08
Disease	disease_6832	3.366139184804233e-08
Disease	disease_13424	3.3649412019854986e-08
Disease	disease_13907	3.363435416318025e-08
Disease	disease_10036	3.3626067231353065e-08
Disease	disease_1651	3.361898181088904e-08
Disease	disease_12410	3.361768434294978e-08
Disease	disease_8251	3.3615579618448946e-08
Disease	disease_16786	3.361531351068008e-08
Disease	disease_6596	3.360350451349724e-08
Disease	disease_14808	3.358869160722365e-08
Disease	disease_5611	3.3583680369191435e-08
Disease	disease_20297	3.357806057473885e-08
Disease	disease_11166	3.3567859449444256e-08
Disease	disease_3079	3.35631200176794e-08
Disease	disease_12941	3.3529971138098985e-08
Disease	disease_12320	3.352740872377611e-08
Disease	disease_1299	3.352367509724287e-08
Disease	disease_10851	3.3523247082422756e-08
Disease	disease_19729	3.351160000946669e-08
Disease	disease_19730	3.351160000946669e-08
Disease	disease_19728	3.351160000946669e-08
Disease	disease_2634	3.348491708621792e-08
Disease	disease_11636	3.34492681935754e-08
Disease	disease_9133	3.342133764938761e-08
Disease	disease_4184	3.3419739307347517e-08
Disease	disease_13038	3.3403647577282185e-08
Disease	disease_44350	3.3397715387316453e-08
Disease	disease_32728	3.337410770397887e-08
Disease	disease_17069	3.337117869412849e-08
Disease	disease_24462	3.3360390962052326e-08
Disease	disease_14674	3.335436232671001e-08
Disease	disease_32	3.334635640277938e-08
Disease	disease_12127	3.3337246179541784e-08
Disease	disease_3999	3.333358208579032e-08
Disease	disease_24609	3.331626114202162e-08
Disease	disease_13014	3.3315092122252583e-08
Disease	disease_9877	3.330443979908178e-08
Disease	disease_21374	3.328630066757958e-08
Disease	disease_4617	3.326625259633859e-08
Disease	disease_15397	3.3265368471150654e-08
Disease	disease_2246	3.325492632613226e-08
Disease	disease_1419	3.325489583139554e-08
Disease	disease_19133	3.322998811379451e-08
Disease	disease_1616	3.318454163992856e-08
Disease	disease_13166	3.318281498284293e-08
Disease	disease_15003	3.31360721642215e-08
Disease	disease_32810	3.313060886533055e-08
Disease	disease_17748	3.311788249076058e-08
Disease	disease_14018	3.311537101411939e-08
Disease	disease_13745	3.3110843752872395e-08
Disease	disease_6056	3.3088701203917875e-08
Disease	disease_10080	3.3074255460369025e-08
Disease	disease_44635	3.307379807394706e-08
Disease	disease_32667	3.304593314692688e-08
Disease	disease_32696	3.3040001793162373e-08
Disease	disease_33375	3.303447036241147e-08
Disease	disease_2991	3.30326482410577e-08
Disease	disease_15523	3.3024330311925664e-08
Disease	disease_30925	3.302106272746401e-08
Disease	disease_19902	3.301444727593168e-08
Disease	disease_100337	3.3011606618366416e-08
Disease	disease_18359	3.300423192216005e-08
Disease	disease_30069	3.2996642358255046e-08
Disease	disease_33850	3.299080403062044e-08
Disease	disease_15902	3.297438296103827e-08
Disease	disease_8887	3.297411230148029e-08
Disease	disease_3811	3.29656726522052e-08
Disease	disease_17729	3.295118057012501e-08
Disease	disease_14834	3.294055158722322e-08
Disease	disease_18338	3.293929663676135e-08
Disease	disease_1720	3.293121188021771e-08
Disease	disease_14960	3.2927512494384715e-08
Disease	disease_7276	3.2901364378533e-08
Disease	disease_17307	3.2892239656406165e-08
Disease	disease_6490	3.2884414067878175e-08
Disease	disease_5078	3.287198055815085e-08
Disease	disease_100320	3.28646638424141e-08
Disease	disease_5407	3.2859381646361606e-08
Disease	disease_54785	3.284192107045855e-08
Disease	disease_2543	3.283213201379891e-08
Disease	disease_15539	3.282989741796973e-08
Disease	disease_509	3.282815169332537e-08
Disease	disease_14642	3.2818713667673954e-08
Disease	disease_56802	3.2786453590420546e-08
Disease	disease_12110	3.2784057725173135e-08
Disease	disease_3371	3.278014585284226e-08
Disease	disease_12861	3.277830132790049e-08
Disease	disease_4262	3.2770483863484604e-08
Disease	disease_6220	3.276607447981816e-08
Disease	disease_11722	3.275387037464598e-08
Disease	disease_9997	3.275275433241491e-08
Disease	disease_12513	3.271653567483073e-08
Disease	disease_20718	3.269170699296307e-08
Disease	disease_16683	3.2665251511226225e-08
Disease	disease_15257	3.266308400040968e-08
Disease	disease_466	3.266308400040968e-08
Disease	disease_13317	3.266308400040968e-08
Disease	disease_5893	3.2627991534033805e-08
Disease	disease_20341	3.262354684837391e-08
Disease	disease_11933	3.262026428728679e-08
Disease	disease_11668	3.262025226725227e-08
Disease	disease_5819	3.261402699985834e-08
Disease	disease_13148	3.260676974315093e-08
Disease	disease_11371	3.259643612762125e-08
Disease	disease_9422	3.258539322552129e-08
Disease	disease_9225	3.258328948461167e-08
Disease	disease_7617	3.2576533242956705e-08
Disease	disease_10255	3.25668144470481e-08
Disease	disease_2836	3.254798248172778e-08
Disease	disease_12396	3.253138901575823e-08
Disease	disease_10596	3.25226136374649e-08
Disease	disease_20657	3.2520922216126815e-08
Disease	disease_12924	3.251082902279328e-08
Disease	disease_115	3.2503090744506516e-08
Disease	disease_13145	3.2501873004568166e-08
Disease	disease_21309	3.248360367848122e-08
Disease	disease_44201	3.2473277121437434e-08
Disease	disease_2066	3.246646819081244e-08
Disease	disease_32575	3.2459868473922006e-08
Disease	disease_11828	3.244969995510923e-08
Disease	disease_3737	3.2446694669687126e-08
Disease	disease_14212	3.244522246275234e-08
Disease	disease_16805	3.244485999111335e-08
Disease	disease_15786	3.242881447053401e-08
Disease	disease_17156	3.240669772776034e-08
Disease	disease_17154	3.240669772776034e-08
Disease	disease_17155	3.240669772776034e-08
Disease	disease_17153	3.240669772776034e-08
Disease	disease_5847	3.238221471098382e-08
Disease	disease_22736	3.238221471098382e-08
Disease	disease_23011	3.238221471098382e-08
Disease	disease_2929	3.238221471098382e-08
Disease	disease_6972	3.238221471098382e-08
Disease	disease_6931	3.238221471098382e-08
Disease	disease_32857	3.23805815086375e-08
Disease	disease_20516	3.237098541534679e-08
Disease	disease_21650	3.2365839382250046e-08
Disease	disease_23227	3.236214431729299e-08
Disease	disease_12743	3.235641682782437e-08
Disease	disease_4965	3.2350695435969686e-08
Disease	disease_9914	3.2336277867366216e-08
Disease	disease_4675	3.231248051741945e-08
Disease	disease_3848	3.230921656713172e-08
Disease	disease_4195	3.230921656713172e-08
Disease	disease_8362	3.2303143369656366e-08
Disease	disease_45046	3.229675994137465e-08
Disease	disease_44907	3.2294832879758335e-08
Disease	disease_11667	3.2294178363600415e-08
Disease	disease_17043	3.229359673478724e-08
Disease	disease_6055	3.228581619883442e-08
Disease	disease_32747	3.2279792754731795e-08
Disease	disease_16121	3.2279495911427194e-08
Disease	disease_7453	3.226932639817734e-08
Disease	disease_44645	3.2269125113498523e-08
Disease	disease_45010	3.2266781523102885e-08
Disease	disease_33856	3.223918738431593e-08
Disease	disease_15797	3.2234757118445364e-08
Disease	disease_18958	3.223438059844435e-08
Disease	disease_240	3.222979875079933e-08
Disease	disease_12918	3.2228960532060435e-08
Disease	disease_14300	3.220434849870677e-08
Disease	disease_5056	3.2198156792705106e-08
Disease	disease_14840	3.218566548901981e-08
Disease	disease_13796	3.216014656988617e-08
Disease	disease_10865	3.215163019073108e-08
Disease	disease_379	3.213915093692201e-08
Disease	disease_5556	3.213841580748845e-08
Disease	disease_946	3.2116168448834614e-08
Disease	disease_937	3.211062653889536e-08
Disease	disease_8008	3.2089242899358594e-08
Disease	disease_4404	3.208353492501041e-08
Disease	disease_33282	3.207388819074463e-08
Disease	disease_14783	3.20607076415151e-08
Disease	disease_1074	3.2059421077978304e-08
Disease	disease_5899	3.2048965288471036e-08
Disease	disease_6744	3.203300470552752e-08
Disease	disease_18671	3.1996553384026995e-08
Disease	disease_596	3.199269894080939e-08
Disease	disease_2764	3.194791841837705e-08
Disease	disease_7424	3.193401186994558e-08
Disease	disease_11460	3.19301030692372e-08
Disease	disease_20103	3.191200866546906e-08
Disease	disease_9223	3.1907976154644866e-08
Disease	disease_54831	3.18942541672802e-08
Disease	disease_12276	3.187183977936002e-08
Disease	disease_4922	3.186259429838046e-08
Disease	disease_8642	3.185942881953521e-08
Disease	disease_14976	3.1855499923246106e-08
Disease	disease_21123	3.184637327190097e-08
Disease	disease_15375	3.182747069411654e-08
Disease	disease_20233	3.182239749872514e-08
Disease	disease_12818	3.181603696813991e-08
Disease	disease_1665	3.181287644524868e-08
Disease	disease_1916	3.181287644524868e-08
Disease	disease_1413	3.181287644524868e-08
Disease	disease_2212	3.181287644524868e-08
Disease	disease_321	3.181287644524868e-08
Disease	disease_15465	3.181180588881005e-08
Disease	disease_14083	3.1785999931149176e-08
Disease	disease_13087	3.175210787523499e-08
Disease	disease_54654	3.1751848278630664e-08
Disease	disease_100186	3.17506901867588e-08
Disease	disease_16630	3.1740537163789366e-08
Disease	disease_2175	3.1739490362416355e-08
Disease	disease_20469	3.1733387161976567e-08
Disease	disease_20242	3.173251999144623e-08
Disease	disease_13287	3.17082283216186e-08
Disease	disease_11513	3.16854435953587e-08
Disease	disease_15934	3.168363401586433e-08
Disease	disease_1737	3.167964573769011e-08
Disease	disease_9273	3.167508173979076e-08
Disease	disease_2881	3.167308419411914e-08
Disease	disease_20581	3.164009397098377e-08
Disease	disease_8277	3.163160561214784e-08
Disease	disease_15998	3.1608895775816904e-08
Disease	disease_5505	3.160018816073013e-08
Disease	disease_10471	3.159187727623026e-08
Disease	disease_45070	3.1573737742262596e-08
Disease	disease_17709	3.154504847846447e-08
Disease	disease_9921	3.1541959482594516e-08
Disease	disease_16539	3.1494396063319694e-08
Disease	disease_3612	3.1467604934732165e-08
Disease	disease_172	3.146254953859665e-08
Disease	disease_1434	3.144190651229387e-08
Disease	disease_13112	3.1427369060125683e-08
Disease	disease_1472	3.142463774608737e-08
Disease	disease_1480	3.142463774608737e-08
Disease	disease_15609	3.14142583175066e-08
Disease	disease_11698	3.1412746879962964e-08
Disease	disease_17874	3.1408077622530544e-08
Disease	disease_17875	3.1408077622530544e-08
Disease	disease_17876	3.1408077622530544e-08
Disease	disease_5991	3.13427643406846e-08
Disease	disease_20713	3.131738330290412e-08
Disease	disease_5988	3.129048692526925e-08
Disease	disease_15824	3.127657064061433e-08
Disease	disease_15170	3.12736052127372e-08
Disease	disease_6884	3.126115075552045e-08
Disease	disease_16828	3.126095914387644e-08
Disease	disease_3502	3.120246746273382e-08
Disease	disease_15518	3.117978037484719e-08
Disease	disease_2145	3.114365494849305e-08
Disease	disease_20549	3.114040950159231e-08
Disease	disease_7389	3.112148703534923e-08
Disease	disease_9306	3.1101480138710965e-08
Disease	disease_30006	3.10970403412865e-08
Disease	disease_2159	3.109298547307009e-08
Disease	disease_32767	3.1091730172230516e-08
Disease	disease_15929	3.1081178867523855e-08
Disease	disease_21389	3.1066102932312874e-08
Disease	disease_15449	3.103138877515809e-08
Disease	disease_15361	3.1025594448848515e-08
Disease	disease_3819	3.1019008911796025e-08
Disease	disease_1127	3.10099440781565e-08
Disease	disease_4685	3.100620806504771e-08
Disease	disease_7693	3.1006011714277215e-08
Disease	disease_4153	3.099445334211798e-08
Disease	disease_10206	3.099394391814732e-08
Disease	disease_2425	3.0992477302643264e-08
Disease	disease_3495	3.098535512357155e-08
Disease	disease_634	3.097898199509809e-08
Disease	disease_33646	3.096562704997947e-08
Disease	disease_2191	3.0932927760494936e-08
Disease	disease_24501	3.0918758139348086e-08
Disease	disease_15751	3.09186737751693e-08
Disease	disease_9253	3.091260784235917e-08
Disease	disease_1784	3.090711827038143e-08
Disease	disease_8812	3.0899707479137416e-08
Disease	disease_7043	3.0898859681818485e-08
Disease	disease_100096	3.0892820414738624e-08
Disease	disease_3633	3.0861190931880167e-08
Disease	disease_19339	3.084853644292596e-08
Disease	disease_8857	3.084623801685968e-08
Disease	disease_16909	3.084136160937661e-08
Disease	disease_10784	3.081737782223392e-08
Disease	disease_54838	3.079935834915715e-08
Disease	disease_54845	3.078871426834795e-08
Disease	disease_7546	3.077255069038247e-08
Disease	disease_7108	3.076727068097789e-08
Disease	disease_14832	3.0767068393731283e-08
Disease	disease_12529	3.0750008799356086e-08
Disease	disease_777	3.073986174322756e-08
Disease	disease_30720	3.073955711130906e-08
Disease	disease_5879	3.068798873534209e-08
Disease	disease_11125	3.068710557832503e-08
Disease	disease_14284	3.068498540873535e-08
Disease	disease_9461	3.067794496744443e-08
Disease	disease_1888	3.067790665192531e-08
Disease	disease_24572	3.067063530389788e-08
Disease	disease_4554	3.0665247341440886e-08
Disease	disease_16581	3.0662558806638594e-08
Disease	disease_20475	3.0648480424807886e-08
Disease	disease_21013	3.0647767515436224e-08
Disease	disease_18166	3.064480435041488e-08
Disease	disease_5019	3.062795539790718e-08
Disease	disease_13671	3.0626318868451566e-08
Disease	disease_6742	3.059359747569249e-08
Disease	disease_20705	3.05896408675282e-08
Disease	disease_1874	3.056846368145727e-08
Disease	disease_100148	3.0524268405463795e-08
Disease	disease_13154	3.05175188057621e-08
Disease	disease_9196	3.0502720892587175e-08
Disease	disease_40700	3.050054738674144e-08
Disease	disease_13164	3.048663951686855e-08
Disease	disease_19223	3.047685889214311e-08
Disease	disease_19219	3.047421295559474e-08
Disease	disease_33665	3.0468310845457716e-08
Disease	disease_18323	3.045205915210123e-08
Disease	disease_3497	3.043661866170861e-08
Disease	disease_8834	3.041105648752338e-08
Disease	disease_2760	3.0403152277024144e-08
Disease	disease_44912	3.040164598230395e-08
Disease	disease_3532	3.039154963095964e-08
Disease	disease_12414	3.037908364941136e-08
Disease	disease_16661	3.037045171868922e-08
Disease	disease_17907	3.036315620499245e-08
Disease	disease_44916	3.0361669389304675e-08
Disease	disease_6198	3.034899186097697e-08
Disease	disease_12766	3.033595907842551e-08
Disease	disease_18696	3.0325609792165654e-08
Disease	disease_2183	3.028680165715571e-08
Disease	disease_6785	3.0271869809981386e-08
Disease	disease_24337	3.0265116511691145e-08
Disease	disease_21176	3.025263621267275e-08
Disease	disease_21177	3.025263621267275e-08
Disease	disease_54776	3.0235978051650626e-08
Disease	disease_21630	3.0190422966256676e-08
Disease	disease_9121	3.0185618330412624e-08
Disease	disease_18783	3.0183705626802266e-08
Disease	disease_44355	3.0183705626802266e-08
Disease	disease_20631	3.017976106328052e-08
Disease	disease_4360	3.017163618989513e-08
Disease	disease_17901	3.01338515650432e-08
Disease	disease_10297	3.012103423214682e-08
Disease	disease_18341	3.0095523473693895e-08
Disease	disease_44877	3.0087094838045074e-08
Disease	disease_9653	3.00572354021731e-08
Disease	disease_17332	3.004539963593047e-08
Disease	disease_19538	3.0007715692426364e-08
Disease	disease_6006	3.000127922763478e-08
Disease	disease_17965	2.9981102693736106e-08
Disease	disease_10102	2.995715888811959e-08
Disease	disease_14270	2.9945475418905925e-08
Disease	disease_100012	2.994421707803777e-08
Disease	disease_21400	2.993617150288932e-08
Disease	disease_44137	2.992670491580051e-08
Disease	disease_14983	2.9908480527152986e-08
Disease	disease_21039	2.990790532181329e-08
Disease	disease_16412	2.9898087731351076e-08
Disease	disease_14702	2.98929609010197e-08
Disease	disease_8917	2.9869218440316754e-08
Disease	disease_5286	2.986448365265232e-08
Disease	disease_5276	2.984614784877702e-08
Disease	disease_3541	2.9845070506125753e-08
Disease	disease_10842	2.9832920855862936e-08
Disease	disease_24335	2.9819966874986974e-08
Disease	disease_290	2.981024056410941e-08
Disease	disease_19159	2.9798749967425972e-08
Disease	disease_20278	2.979521972552121e-08
Disease	disease_17610	2.9783956541096727e-08
Disease	disease_14621	2.9748799987530077e-08
Disease	disease_14619	2.9731994750494716e-08
Disease	disease_7350	2.9715946439773046e-08
Disease	disease_9880	2.9653197030208928e-08
Disease	disease_14358	2.9648678587773033e-08
Disease	disease_7595	2.964782519648709e-08
Disease	disease_20669	2.964746499484617e-08
Disease	disease_11873	2.9639298306089276e-08
Disease	disease_3728	2.9636434875055677e-08
Disease	disease_3024	2.9636434875055677e-08
Disease	disease_6027	2.9636434875055677e-08
Disease	disease_2859	2.9636434875055677e-08
Disease	disease_15369	2.96297268944069e-08
Disease	disease_45069	2.9628973821604176e-08
Disease	disease_43543	2.9628136944930953e-08
Disease	disease_15088	2.9622713772380408e-08
Disease	disease_4155	2.9617299928464504e-08
Disease	disease_32851	2.961667783088773e-08
Disease	disease_12359	2.9614078719014467e-08
Disease	disease_21534	2.957876742717992e-08
Disease	disease_10296	2.956765193445069e-08
Disease	disease_18748	2.956514800988523e-08
Disease	disease_14357	2.956042295199979e-08
Disease	disease_19123	2.9529156605155568e-08
Disease	disease_17352	2.9528631024374227e-08
Disease	disease_1053	2.9503536772452035e-08
Disease	disease_341	2.9492263325430665e-08
Disease	disease_3589	2.9482557079333342e-08
Disease	disease_43797	2.9461626823305552e-08
Disease	disease_10176	2.94598735894273e-08
Disease	disease_14364	2.944822727564979e-08
Disease	disease_6827	2.943430060906346e-08
Disease	disease_18606	2.9427664135467464e-08
Disease	disease_16717	2.942145673378757e-08
Disease	disease_2010	2.9407868142459413e-08
Disease	disease_14897	2.938970218852983e-08
Disease	disease_11721	2.9385124661717118e-08
Disease	disease_3487	2.9347073036820107e-08
Disease	disease_6467	2.9347073036820107e-08
Disease	disease_17006	2.9340159916231576e-08
Disease	disease_10493	2.93208609798984e-08
Disease	disease_34099	2.9318479491131185e-08
Disease	disease_15736	2.931842410248394e-08
Disease	disease_17173	2.931427043795692e-08
Disease	disease_33281	2.9312920271770392e-08
Disease	disease_12622	2.930766154744879e-08
Disease	disease_14248	2.9295991725903315e-08
Disease	disease_16919	2.92944743339229e-08
Disease	disease_5593	2.9292779281331083e-08
Disease	disease_10355	2.9273961325884917e-08
Disease	disease_4058	2.926714149083868e-08
Disease	disease_20337	2.920861973490291e-08
Disease	disease_17212	2.9198716269898857e-08
Disease	disease_4076	2.9187480758896892e-08
Disease	disease_8165	2.916068603008407e-08
Disease	disease_20132	2.9158742711402766e-08
Disease	disease_20276	2.911285799731874e-08
Disease	disease_13481	2.9110807323987015e-08
Disease	disease_10162	2.910177555342568e-08
Disease	disease_15558	2.9095053874064522e-08
Disease	disease_15557	2.9095053874064522e-08
Disease	disease_20047	2.909320245807076e-08
Disease	disease_4166	2.9077089855382824e-08
Disease	disease_12137	2.9072806371275534e-08
Disease	disease_284	2.90116260281714e-08
Disease	disease_283	2.90116260281714e-08
Disease	disease_346	2.90116260281714e-08
Disease	disease_8029	2.90020219469654e-08
Disease	disease_21228	2.900073515999139e-08
Disease	disease_16034	2.8992499158302622e-08
Disease	disease_5057	2.8978108947322745e-08
Disease	disease_105	2.8932519960430102e-08
Disease	disease_36501	2.8922238959890203e-08
Disease	disease_649	2.8919247302815362e-08
Disease	disease_3340	2.8917388641497287e-08
Disease	disease_9711	2.891171050350346e-08
Disease	disease_10514	2.8891632529433742e-08
Disease	disease_21913	2.8886667595205743e-08
Disease	disease_16958	2.888516413929835e-08
Disease	disease_4351	2.8884068338488415e-08
Disease	disease_17205	2.8884068338488415e-08
Disease	disease_6135	2.887081539667451e-08
Disease	disease_18995	2.8864321913829707e-08
Disease	disease_18698	2.885212331765195e-08
Disease	disease_20517	2.8842766880558707e-08
Disease	disease_5756	2.8840486185242745e-08
Disease	disease_5964	2.8840486185242745e-08
Disease	disease_19715	2.883525245516343e-08
Disease	disease_18327	2.8830563477350514e-08
Disease	disease_17436	2.882504312697503e-08
Disease	disease_21390	2.8813661155790588e-08
Disease	disease_20740	2.8782511084363324e-08
Disease	disease_13921	2.8750903100528245e-08
Disease	disease_2370	2.8745353668949796e-08
Disease	disease_3550	2.8744661374055726e-08
Disease	disease_499	2.8744125097334137e-08
Disease	disease_9562	2.8731975670299845e-08
Disease	disease_10215	2.872729319862529e-08
Disease	disease_2138	2.8709790285291423e-08
Disease	disease_5634	2.868168673117365e-08
Disease	disease_9942	2.8678554554610415e-08
Disease	disease_2352	2.867576401949505e-08
Disease	disease_18118	2.8665060704235863e-08
Disease	disease_10089	2.865514992138802e-08
Disease	disease_44913	2.860687854442218e-08
Disease	disease_1903	2.8596726777366648e-08
Disease	disease_16489	2.8591209315214402e-08
Disease	disease_16490	2.8564769773474234e-08
Disease	disease_16920	2.8550172725054296e-08
Disease	disease_42962	2.8540139327183043e-08
Disease	disease_20518	2.8537205975823187e-08
Disease	disease_16759	2.8537140552957426e-08
Disease	disease_17160	2.85279890922932e-08
Disease	disease_10924	2.8499334487434344e-08
Disease	disease_14918	2.8499264850067963e-08
Disease	disease_18656	2.8465682905429003e-08
Disease	disease_16946	2.8464940881389015e-08
Disease	disease_11422	2.8451064315658834e-08
Disease	disease_11500	2.8449267197080557e-08
Disease	disease_8105	2.8443106768150545e-08
Disease	disease_17090	2.8429377000882728e-08
Disease	disease_11502	2.842893523358818e-08
Disease	disease_8931	2.842701424017214e-08
Disease	disease_4243	2.8423292611122336e-08
Disease	disease_16556	2.8416975890910896e-08
Disease	disease_936	2.8406106893284348e-08
Disease	disease_19141	2.8400056144129635e-08
Disease	disease_4621	2.8393368024309025e-08
Disease	disease_6191	2.8390872404794936e-08
Disease	disease_2681	2.8389883279305654e-08
Disease	disease_30996	2.8379321753319533e-08
Disease	disease_12806	2.8372748357939604e-08
Disease	disease_15070	2.836525894913077e-08
Disease	disease_23035	2.835788996232668e-08
Disease	disease_100094	2.835788996232668e-08
Disease	disease_17813	2.8338649885487684e-08
Disease	disease_11683	2.832606088870183e-08
Disease	disease_17312	2.8322606432787794e-08
Disease	disease_8125	2.831301790821981e-08
Disease	disease_12063	2.830402116229836e-08
Disease	disease_14137	2.830027961303914e-08
Disease	disease_44328	2.829170052464226e-08
Disease	disease_11144	2.8262375062124724e-08
Disease	disease_4615	2.8247660282560212e-08
Disease	disease_18665	2.8247320589571437e-08
Disease	disease_9371	2.8244349915180507e-08
Disease	disease_4235	2.8216358467210755e-08
Disease	disease_11909	2.8216137412977802e-08
Disease	disease_24626	2.820881488089208e-08
Disease	disease_16189	2.820187657850363e-08
Disease	disease_7259	2.8198710190316538e-08
Disease	disease_9862	2.8195430960847176e-08
Disease	disease_44202	2.8194550525093728e-08
Disease	disease_41996	2.8189535153263518e-08
Disease	disease_16255	2.8188256626555528e-08
Disease	disease_18079	2.8174017875047483e-08
Disease	disease_2872	2.8150562398871343e-08
Disease	disease_20548	2.8146081441505828e-08
Disease	disease_43878	2.8129710612789534e-08
Disease	disease_2824	2.810868368682283e-08
Disease	disease_14986	2.8107400825099982e-08
Disease	disease_60627	2.8086683674619752e-08
Disease	disease_7993	2.8081599548966564e-08
Disease	disease_15879	2.8066236120758417e-08
Disease	disease_1121	2.8050781585216827e-08
Disease	disease_9272	2.804539801400996e-08
Disease	disease_630	2.803132913981239e-08
Disease	disease_11201	2.8024842987695673e-08
Disease	disease_6755	2.8019934653237273e-08
Disease	disease_70	2.7990180121179285e-08
Disease	disease_16276	2.7979573101826846e-08
Disease	disease_20568	2.7965601660341786e-08
Disease	disease_2300	2.796066854566622e-08
Disease	disease_11842	2.7958329522943415e-08
Disease	disease_4093	2.7951225235899624e-08
Disease	disease_4792	2.7949274495283506e-08
Disease	disease_17059	2.7940289186221067e-08
Disease	disease_7118	2.7939186471121495e-08
Disease	disease_12220	2.791892565998456e-08
Disease	disease_12948	2.7916239875150934e-08
Disease	disease_24556	2.786898536559503e-08
Disease	disease_20563	2.785767633953199e-08
Disease	disease_100124	2.7854106393542664e-08
Disease	disease_12186	2.7830719452554513e-08
Disease	disease_54737	2.7806109759620596e-08
Disease	disease_20539	2.779248599900428e-08
Disease	disease_30913	2.7776154844435957e-08
Disease	disease_8272	2.7757054307438105e-08
Disease	disease_7653	2.7713622989717323e-08
Disease	disease_15267	2.7687958259355314e-08
Disease	disease_17743	2.7685666466008556e-08
Disease	disease_6817	2.7683919375081947e-08
Disease	disease_12996	2.7677980925166428e-08
Disease	disease_1705	2.7657427446389537e-08
Disease	disease_8365	2.763271277853384e-08
Disease	disease_18947	2.7615039676085187e-08
Disease	disease_18011	2.7602870656944034e-08
Disease	disease_15993	2.7596837660122286e-08
Disease	disease_15846	2.7592635008239235e-08
Disease	disease_33363	2.758199669974536e-08
Disease	disease_628	2.7574177987950847e-08
Disease	disease_10725	2.756994355998517e-08
Disease	disease_8302	2.756934899539746e-08
Disease	disease_14746	2.755969397047814e-08
Disease	disease_2287	2.753555399797517e-08
Disease	disease_7620	2.7517427753682963e-08
Disease	disease_12041	2.751553219348845e-08
Disease	disease_10690	2.7514584585095547e-08
Disease	disease_3586	2.7478494967390438e-08
Disease	disease_24528	2.7476680908868568e-08
Disease	disease_20697	2.747627111051528e-08
Disease	disease_9926	2.7466016351765816e-08
Disease	disease_4048	2.7458762570819045e-08
Disease	disease_20848	2.7457685437146778e-08
Disease	disease_23152	2.7454990118680817e-08
Disease	disease_11445	2.7446987413851365e-08
Disease	disease_2762	2.743576247328287e-08
Disease	disease_20562	2.7399035475836217e-08
Disease	disease_18978	2.7389679788471997e-08
Disease	disease_10239	2.738582085613101e-08
Disease	disease_1682	2.7385145038812254e-08
Disease	disease_17864	2.7362653528066277e-08
Disease	disease_16907	2.734625426037377e-08
Disease	disease_3760	2.734040034079645e-08
Disease	disease_2239	2.733992663100449e-08
Disease	disease_1962	2.733992663100449e-08
Disease	disease_10066	2.7335087709951247e-08
Disease	disease_3802	2.729748906180806e-08
Disease	disease_4742	2.7283928103424723e-08
Disease	disease_17745	2.7251847810859584e-08
Disease	disease_7810	2.7249426285073936e-08
Disease	disease_7443	2.7237069824364807e-08
Disease	disease_16787	2.7216085577459985e-08
Disease	disease_10830	2.7208852150590264e-08
Disease	disease_20293	2.7201775555844208e-08
Disease	disease_12392	2.7200478048889563e-08
Disease	disease_20292	2.7195005391127715e-08
Disease	disease_44925	2.719463358938094e-08
Disease	disease_25270	2.7182242451878564e-08
Disease	disease_25425	2.717048910807143e-08
Disease	disease_2772	2.7170064454651815e-08
Disease	disease_6799	2.716711268968232e-08
Disease	disease_9947	2.7147507770803857e-08
Disease	disease_14507	2.713281486366602e-08
Disease	disease_10648	2.712896492146486e-08
Disease	disease_20520	2.7126148933463053e-08
Disease	disease_3396	2.7108580382373304e-08
Disease	disease_16170	2.7104760393002336e-08
Disease	disease_13843	2.7085272501481163e-08
Disease	disease_7843	2.705867667085451e-08
Disease	disease_9727	2.7057336226826056e-08
Disease	disease_22394	2.704502730642181e-08
Disease	disease_21112	2.7039287648585906e-08
Disease	disease_17774	2.7008623849304633e-08
Disease	disease_15714	2.7004857296459434e-08
Disease	disease_12252	2.6997810606117885e-08
Disease	disease_4489	2.699026221600454e-08
Disease	disease_34092	2.698662250309939e-08
Disease	disease_41008	2.6975241041176746e-08
Disease	disease_10639	2.69475787376011e-08
Disease	disease_15801	2.692932310323955e-08
Disease	disease_18852	2.690541084614462e-08
Disease	disease_5582	2.6900829422053124e-08
Disease	disease_2553	2.689565706079585e-08
Disease	disease_4725	2.6891945742108662e-08
Disease	disease_14404	2.6887068983470956e-08
Disease	disease_6246	2.6883757417627937e-08
Disease	disease_3895	2.6883757417627937e-08
Disease	disease_20653	2.6869625934458845e-08
Disease	disease_16643	2.6864710330670882e-08
Disease	disease_16405	2.6855653278191293e-08
Disease	disease_1684	2.685366388745074e-08
Disease	disease_40675	2.6851837718141223e-08
Disease	disease_10516	2.6844513977539595e-08
Disease	disease_100253	2.684312262843804e-08
Disease	disease_17909	2.6815353703295078e-08
Disease	disease_3214	2.679676775142337e-08
Disease	disease_8676	2.6777877565889557e-08
Disease	disease_10498	2.677488789235792e-08
Disease	disease_18439	2.6757221481911448e-08
Disease	disease_2751	2.6748988607264594e-08
Disease	disease_2486	2.671559783547123e-08
Disease	disease_17946	2.671066393832284e-08
Disease	disease_4597	2.6709536028361065e-08
Disease	disease_19261	2.6704110359557774e-08
Disease	disease_6616	2.6653991195363016e-08
Disease	disease_22323	2.6653991195363016e-08
Disease	disease_18394	2.6645646559883675e-08
Disease	disease_9683	2.660935517250648e-08
Disease	disease_4935	2.658781594526167e-08
Disease	disease_21180	2.658781594526167e-08
Disease	disease_5852	2.6581012015876113e-08
Disease	disease_3686	2.657883751483353e-08
Disease	disease_6541	2.6576079829729025e-08
Disease	disease_1016	2.6568197929477116e-08
Disease	disease_6276	2.6565908267983058e-08
Disease	disease_2933	2.6563639744829968e-08
Disease	disease_13934	2.6561547360651737e-08
Disease	disease_2640	2.6550684540486813e-08
Disease	disease_2568	2.654802427752828e-08
Disease	disease_3231	2.6543658209579552e-08
Disease	disease_14585	2.65300701414109e-08
Disease	disease_14399	2.6512345199808055e-08
Disease	disease_18857	2.6512254991308765e-08
Disease	disease_17936	2.6494089712760676e-08
Disease	disease_100081	2.6473843535530723e-08
Disease	disease_6245	2.6456829471345e-08
Disease	disease_33187	2.644902075584937e-08
Disease	disease_10671	2.6437081644984798e-08
Disease	disease_25514	2.643137794522996e-08
Disease	disease_19947	2.642414104575778e-08
Disease	disease_13396	2.642109823895713e-08
Disease	disease_13170	2.6412288859071798e-08
Disease	disease_24521	2.6409769721195207e-08
Disease	disease_43959	2.6397276802833362e-08
Disease	disease_2968	2.6397276802833362e-08
Disease	disease_20312	2.638121417167153e-08
Disease	disease_24653	2.6380124752896324e-08
Disease	disease_30961	2.6370596460254405e-08
Disease	disease_18801	2.636040423600905e-08
Disease	disease_18932	2.6359648298564515e-08
Disease	disease_8270	2.6359247091834644e-08
Disease	disease_8019	2.6333815337456983e-08
Disease	disease_20628	2.6319488712802348e-08
Disease	disease_24271	2.6306187688196175e-08
Disease	disease_24483	2.627497644459397e-08
Disease	disease_2078	2.6260560100213766e-08
Disease	disease_9995	2.624030392235488e-08
Disease	disease_12893	2.6226012844559022e-08
Disease	disease_382	2.621605875453828e-08
Disease	disease_1786	2.6215016645557223e-08
Disease	disease_20863	2.6166912483531746e-08
Disease	disease_20698	2.6164756779926406e-08
Disease	disease_24387	2.6152382635361052e-08
Disease	disease_11041	2.6145086256332602e-08
Disease	disease_2944	2.614174219332981e-08
Disease	disease_44742	2.611834162803593e-08
Disease	disease_8426	2.6115705476344783e-08
Disease	disease_1328	2.6089772304355287e-08
Disease	disease_4420	2.6088352408029616e-08
Disease	disease_14394	2.6080498874807345e-08
Disease	disease_1324	2.6066649976034525e-08
Disease	disease_56819	2.6057877927117207e-08
Disease	disease_19927	2.604949046255616e-08
Disease	disease_20710	2.604162268868067e-08
Disease	disease_18390	2.604093459960925e-08
Disease	disease_6082	2.6003594617622993e-08
Disease	disease_24676	2.599187584334485e-08
Disease	disease_17076	2.5968437049362792e-08
Disease	disease_19076	2.5965282242202585e-08
Disease	disease_56799	2.596050983514982e-08
Disease	disease_18222	2.595790850064443e-08
Disease	disease_3591	2.5938926808103728e-08
Disease	disease_42968	2.5926502539436712e-08
Disease	disease_21370	2.591426467949376e-08
Disease	disease_13835	2.5894092440381574e-08
Disease	disease_14563	2.5891320722206793e-08
Disease	disease_8488	2.5874078603587055e-08
Disease	disease_16721	2.5863795696206522e-08
Disease	disease_44652	2.584997171180331e-08
Disease	disease_17023	2.584551141281705e-08
Disease	disease_8076	2.583881699870358e-08
Disease	disease_25114	2.582816704691533e-08
Disease	disease_17998	2.582805428722094e-08
Disease	disease_15262	2.580819418292809e-08
Disease	disease_16534	2.5804199361663763e-08
Disease	disease_11899	2.5794733396544868e-08
Disease	disease_10898	2.5786265558811543e-08
Disease	disease_20781	2.5764071684310822e-08
Disease	disease_9546	2.5754851368877776e-08
Disease	disease_11525	2.5742538349529723e-08
Disease	disease_15007	2.57348654189287e-08
Disease	disease_211	2.572918145271255e-08
Disease	disease_2475	2.571709924556808e-08
Disease	disease_1402	2.5694291550233494e-08
Disease	disease_10884	2.5692561787259456e-08
Disease	disease_5168	2.568253016041864e-08
Disease	disease_6847	2.568253016041864e-08
Disease	disease_12677	2.5682212337804484e-08
Disease	disease_19605	2.5663792237047974e-08
Disease	disease_237	2.5634126470068177e-08
Disease	disease_14559	2.5627566255999155e-08
Disease	disease_1465	2.5609676557392905e-08
Disease	disease_21385	2.5556285134737814e-08
Disease	disease_10683	2.554152208876286e-08
Disease	disease_10587	2.553523813863792e-08
Disease	disease_16175	2.5530514641488444e-08
Disease	disease_19901	2.55050221515477e-08
Disease	disease_34217	2.5500288867142968e-08
Disease	disease_37736	2.549720052131475e-08
Disease	disease_18710	2.549025654971177e-08
Disease	disease_4580	2.548866777083043e-08
Disease	disease_17899	2.548549891402108e-08
Disease	disease_60568	2.5484970247445836e-08
Disease	disease_2360	2.5482968259848966e-08
Disease	disease_9513	2.5472482472625928e-08
Disease	disease_3600	2.5470916729897366e-08
Disease	disease_6359	2.5460012568524578e-08
Disease	disease_11398	2.5454712770971456e-08
Disease	disease_9224	2.5430177549892076e-08
Disease	disease_15214	2.542289250444518e-08
Disease	disease_19277	2.541488208729156e-08
Disease	disease_8174	2.5390009238225072e-08
Disease	disease_100328	2.537979372515249e-08
Disease	disease_8829	2.5379250854211918e-08
Disease	disease_16351	2.5376409852653424e-08
Disease	disease_21334	2.5376409852653424e-08
Disease	disease_5697	2.5376409852653424e-08
Disease	disease_19726	2.5363906172676568e-08
Disease	disease_19727	2.5363906172676568e-08
Disease	disease_494	2.5363815494708258e-08
Disease	disease_14176	2.5356921318913984e-08
Disease	disease_100138	2.5349874213284966e-08
Disease	disease_42494	2.5343406098851578e-08
Disease	disease_3907	2.5335044989247773e-08
Disease	disease_3905	2.5335044989247773e-08
Disease	disease_3906	2.5335044989247773e-08
Disease	disease_20210	2.5333708652487975e-08
Disease	disease_15988	2.5322178310561646e-08
Disease	disease_23273	2.5318868024150988e-08
Disease	disease_908	2.5307335618116044e-08
Disease	disease_18812	2.530682092490109e-08
Disease	disease_14369	2.5299496960372106e-08
Disease	disease_5491	2.528098692427088e-08
Disease	disease_6849	2.526893228380563e-08
Disease	disease_6405	2.5259908777128175e-08
Disease	disease_5699	2.5256680546929078e-08
Disease	disease_11293	2.5253240866107522e-08
Disease	disease_23147	2.5252804298653333e-08
Disease	disease_9736	2.525050952717676e-08
Disease	disease_8640	2.5242230587318437e-08
Disease	disease_8864	2.5236336784385732e-08
Disease	disease_5350	2.5235084862390754e-08
Disease	disease_32758	2.5233844595494906e-08
Disease	disease_21723	2.5229188630584332e-08
Disease	disease_19281	2.522897340422211e-08
Disease	disease_18550	2.521991440027615e-08
Disease	disease_17766	2.5198039205880444e-08
Disease	disease_37251	2.5180708519089125e-08
Disease	disease_19516	2.5169662112368064e-08
Disease	disease_9766	2.515582455049584e-08
Disease	disease_16491	2.5122772258109163e-08
Disease	disease_17614	2.511146321338329e-08
Disease	disease_20648	2.509817627518163e-08
Disease	disease_6963	2.509797903225096e-08
Disease	disease_11846	2.5077377151053114e-08
Disease	disease_60664	2.5074816430323335e-08
Disease	disease_16451	2.5062686881384838e-08
Disease	disease_16452	2.5062686881384838e-08
Disease	disease_16292	2.5043421859011707e-08
Disease	disease_14431	2.5042520790201924e-08
Disease	disease_10261	2.5019208535253997e-08
Disease	disease_17580	2.5017808991684507e-08
Disease	disease_7087	2.500471091699744e-08
Disease	disease_41535	2.499893531861392e-08
Disease	disease_17333	2.4997415461902156e-08
Disease	disease_7299	2.4997138204834593e-08
Disease	disease_13098	2.4993540860920282e-08
Disease	disease_17175	2.4960273264176974e-08
Disease	disease_17174	2.4960273264176974e-08
Disease	disease_87	2.4955899324847312e-08
Disease	disease_4519	2.4947990173707634e-08
Disease	disease_5977	2.493243497242959e-08
Disease	disease_12360	2.4908349082233395e-08
Disease	disease_15326	2.489640963203663e-08
Disease	disease_7209	2.4891271916539916e-08
Disease	disease_19176	2.488777065967944e-08
Disease	disease_4308	2.4882098121695982e-08
Disease	disease_8769	2.487654740271131e-08
Disease	disease_16290	2.4872746057702262e-08
Disease	disease_9138	2.4865308955347117e-08
Disease	disease_12064	2.4857077276083676e-08
Disease	disease_18996	2.4854919651190616e-08
Disease	disease_6654	2.4841035890413996e-08
Disease	disease_6653	2.4841035890413996e-08
Disease	disease_7231	2.4837282054929418e-08
Disease	disease_20054	2.4832707438886165e-08
Disease	disease_18291	2.4825918489116238e-08
Disease	disease_12721	2.4819621432254983e-08
Disease	disease_13387	2.4813466709227213e-08
Disease	disease_16918	2.48120104812132e-08
Disease	disease_14637	2.478085909986324e-08
Disease	disease_14723	2.4777165762594817e-08
Disease	disease_17634	2.47724213921321e-08
Disease	disease_7068	2.476504821404729e-08
Disease	disease_100234	2.475975571759399e-08
Disease	disease_11930	2.4745946189003148e-08
Disease	disease_12280	2.4731715620554023e-08
Disease	disease_2401	2.4706573207654425e-08
Disease	disease_18451	2.470385412263253e-08
Disease	disease_1092	2.4695809825297215e-08
Disease	disease_13290	2.4681808117935452e-08
Disease	disease_7615	2.467966800761811e-08
Disease	disease_3209	2.4676729130075054e-08
Disease	disease_3588	2.4676669719004778e-08
Disease	disease_9585	2.4658153098588938e-08
Disease	disease_10403	2.4657700051337934e-08
Disease	disease_7706	2.4653738631521653e-08
Disease	disease_3454	2.4651466628044033e-08
Disease	disease_12621	2.465082045456957e-08
Disease	disease_2813	2.4638945940000238e-08
Disease	disease_10940	2.4633091032845647e-08
Disease	disease_1027	2.4632260167121545e-08
Disease	disease_18085	2.46296327866978e-08
Disease	disease_18159	2.462777137470284e-08
Disease	disease_21578	2.462533677067589e-08
Disease	disease_14707	2.4625262780182028e-08
Disease	disease_17236	2.46027681455178e-08
Disease	disease_3887	2.4594692913308154e-08
Disease	disease_10354	2.4569885811683384e-08
Disease	disease_3934	2.4565274503762188e-08
Disease	disease_21765	2.4544443228689536e-08
Disease	disease_19208	2.4525227181053963e-08
Disease	disease_20478	2.4515717728682114e-08
Disease	disease_20654	2.4509454132971355e-08
Disease	disease_12719	2.4472380002835196e-08
Disease	disease_3599	2.4470358955114634e-08
Disease	disease_19079	2.4448620746491206e-08
Disease	disease_17040	2.4426570333306756e-08
Disease	disease_19189	2.442598321099266e-08
Disease	disease_14510	2.4413150548104373e-08
Disease	disease_13090	2.4408810156474146e-08
Disease	disease_1371	2.440566119695422e-08
Disease	disease_18121	2.4355472835413254e-08
Disease	disease_45028	2.434389942767137e-08
Disease	disease_6804	2.433155510241118e-08
Disease	disease_15496	2.4327362994255833e-08
Disease	disease_60659	2.4317809827013904e-08
Disease	disease_8116	2.430324988623805e-08
Disease	disease_20843	2.4302634064281835e-08
Disease	disease_14820	2.4292942942091715e-08
Disease	disease_13182	2.4232089606933157e-08
Disease	disease_6215	2.4206169365341003e-08
Disease	disease_15360	2.419099426017246e-08
Disease	disease_10092	2.4190137860726764e-08
Disease	disease_224	2.419012831792331e-08
Disease	disease_6407	2.418550685609534e-08
Disease	disease_19256	2.417339124192886e-08
Disease	disease_3601	2.4169507244286882e-08
Disease	disease_5663	2.4156349839703264e-08
Disease	disease_1979	2.415381398215511e-08
Disease	disease_3608	2.414914481261135e-08
Disease	disease_11801	2.4148549249206257e-08
Disease	disease_539	2.4147621264001423e-08
Disease	disease_20784	2.4142714210938863e-08
Disease	disease_44278	2.4142714210938863e-08
Disease	disease_24531	2.4138770428754696e-08
Disease	disease_19260	2.4130608390078383e-08
Disease	disease_19396	2.412396890624268e-08
Disease	disease_16956	2.410800866078408e-08
Disease	disease_763	2.4103857942757937e-08
Disease	disease_19012	2.4098977959748305e-08
Disease	disease_7568	2.4090324893515985e-08
Disease	disease_2134	2.4086102296280168e-08
Disease	disease_24308	2.4085916909315774e-08
Disease	disease_8290	2.4069659058293638e-08
Disease	disease_16649	2.4068896900402798e-08
Disease	disease_5871	2.4066766805115005e-08
Disease	disease_37253	2.40525663743135e-08
Disease	disease_3650	2.4049731558778838e-08
Disease	disease_3651	2.4049731558778838e-08
Disease	disease_42963	2.4047577805223708e-08
Disease	disease_1366	2.4047577805223708e-08
Disease	disease_3874	2.4046904163080957e-08
Disease	disease_19322	2.4029625596676945e-08
Disease	disease_32807	2.4018723572591343e-08
Disease	disease_10633	2.4016179004634192e-08
Disease	disease_25087	2.4013753686000354e-08
Disease	disease_3632	2.400563629413882e-08
Disease	disease_4562	2.400302319027562e-08
Disease	disease_6184	2.400302319027562e-08
Disease	disease_4311	2.3999241535496833e-08
Disease	disease_7363	2.3995168369442398e-08
Disease	disease_16187	2.3994493361027258e-08
Disease	disease_2411	2.3985821006945944e-08
Disease	disease_100095	2.398564143614958e-08
Disease	disease_17667	2.3967506390824898e-08
Disease	disease_18201	2.396463861461208e-08
Disease	disease_15749	2.395354126288581e-08
Disease	disease_13592	2.3941322989809548e-08
Disease	disease_9209	2.3935401696622022e-08
Disease	disease_17850	2.3928043071670176e-08
Disease	disease_14267	2.392772317270372e-08
Disease	disease_3836	2.390915898708614e-08
Disease	disease_10923	2.38947665063751e-08
Disease	disease_7604	2.3891203563436646e-08
Disease	disease_15852	2.3878965531374794e-08
Disease	disease_41536	2.3873988763520513e-08
Disease	disease_17947	2.3871591586996518e-08
Disease	disease_3363	2.3853573188127532e-08
Disease	disease_24934	2.3841495556879032e-08
Disease	disease_8796	2.38375034016929e-08
Disease	disease_16195	2.3837307326562233e-08
Disease	disease_3077	2.3835330220632238e-08
Disease	disease_3078	2.3835330220632238e-08
Disease	disease_24608	2.381155524217904e-08
Disease	disease_10495	2.381004135342123e-08
Disease	disease_10733	2.38042319021588e-08
Disease	disease_14544	2.3803372287451094e-08
Disease	disease_2171	2.3801907715211718e-08
Disease	disease_17829	2.3791650189330382e-08
Disease	disease_17756	2.3785763559635376e-08
Disease	disease_21161	2.3781793262041316e-08
Disease	disease_3585	2.376614935168811e-08
Disease	disease_3602	2.376614935168811e-08
Disease	disease_3594	2.376614935168811e-08
Disease	disease_3590	2.376614935168811e-08
Disease	disease_10114	2.3765790884148775e-08
Disease	disease_11640	2.374166760436175e-08
Disease	disease_15469	2.372367306402821e-08
Disease	disease_14220	2.3720919445817215e-08
Disease	disease_4703	2.371571128588517e-08
Disease	disease_21468	2.3714844829987403e-08
Disease	disease_45039	2.371078341232857e-08
Disease	disease_60745	2.370571378171928e-08
Disease	disease_4863	2.369873173993449e-08
Disease	disease_21075	2.3696181464608425e-08
Disease	disease_7966	2.3665465604814082e-08
Disease	disease_17176	2.3659615361258958e-08
Disease	disease_5878	2.3651532987213557e-08
Disease	disease_10824	2.3635865994764212e-08
Disease	disease_21121	2.3621408090892172e-08
Disease	disease_30937	2.361843506164464e-08
Disease	disease_5599	2.3615693627028288e-08
Disease	disease_14733	2.3587746830183623e-08
Disease	disease_11014	2.3569282445314375e-08
Disease	disease_9041	2.3561624336105816e-08
Disease	disease_19783	2.3553708381810616e-08
Disease	disease_9678	2.355296495124922e-08
Disease	disease_15499	2.3540161364495793e-08
Disease	disease_3249	2.3534267913054864e-08
Disease	disease_17093	2.3504902666669232e-08
Disease	disease_2857	2.349226340261931e-08
Disease	disease_6844	2.3484960094156145e-08
Disease	disease_2671	2.347436345320399e-08
Disease	disease_44724	2.3470054410741892e-08
Disease	disease_18765	2.3469376770840253e-08
Disease	disease_16599	2.3454322447272892e-08
Disease	disease_1654	2.3416773453218525e-08
Disease	disease_12588	2.3415570581821176e-08
Disease	disease_14712	2.3413557589555735e-08
Disease	disease_10610	2.340481257660387e-08
Disease	disease_5250	2.3402448983385036e-08
Disease	disease_6853	2.3393050993946424e-08
Disease	disease_3665	2.339032506245614e-08
Disease	disease_18240	2.337032631091678e-08
Disease	disease_3942	2.33645946393377e-08
Disease	disease_3941	2.33645946393377e-08
Disease	disease_8467	2.3332901691360947e-08
Disease	disease_20386	2.3327578678286577e-08
Disease	disease_1296	2.332141794874021e-08
Disease	disease_173	2.330083837868354e-08
Disease	disease_8422	2.3295804186997256e-08
Disease	disease_19513	2.329515715695497e-08
Disease	disease_4450	2.328970044967466e-08
Disease	disease_4189	2.3268466409700288e-08
Disease	disease_2923	2.3259313785157926e-08
Disease	disease_4698	2.3249529462058284e-08
Disease	disease_7357	2.323815720502741e-08
Disease	disease_16561	2.320996930111725e-08
Disease	disease_7168	2.3199463071575446e-08
Disease	disease_5418	2.319387910510185e-08
Disease	disease_18008	2.319387910510185e-08
Disease	disease_22653	2.319387910510185e-08
Disease	disease_23006	2.319387910510185e-08
Disease	disease_5110	2.319387910510185e-08
Disease	disease_4984	2.31936441027226e-08
Disease	disease_16900	2.319094991260406e-08
Disease	disease_4295	2.3173719240151148e-08
Disease	disease_17339	2.3158390650460704e-08
Disease	disease_4338	2.3147240708400133e-08
Disease	disease_12570	2.3139415821032734e-08
Disease	disease_8503	2.3138482646844085e-08
Disease	disease_14097	2.3125806383193367e-08
Disease	disease_32707	2.3124327100930978e-08
Disease	disease_15363	2.310704079486775e-08
Disease	disease_13169	2.3099453551621614e-08
Disease	disease_18537	2.308895866904907e-08
Disease	disease_15961	2.3086955657043843e-08
Disease	disease_5668	2.306011105551046e-08
Disease	disease_1240	2.3050000194241286e-08
Disease	disease_3315	2.303939977004449e-08
Disease	disease_6238	2.303508093669885e-08
Disease	disease_16541	2.3013220590274956e-08
Disease	disease_9135	2.300980259842158e-08
Disease	disease_22792	2.2990220064872308e-08
Disease	disease_14238	2.2984575273863947e-08
Disease	disease_9447	2.296479538409395e-08
Disease	disease_20779	2.2961013613308688e-08
Disease	disease_15204	2.2951207449066268e-08
Disease	disease_11803	2.2924121997004967e-08
Disease	disease_2016	2.290444639663359e-08
Disease	disease_527	2.2902023076164213e-08
Disease	disease_11330	2.28794160668204e-08
Disease	disease_6979	2.2873844425166242e-08
Disease	disease_60781	2.2873535338019106e-08
Disease	disease_4743	2.2855797044715254e-08
Disease	disease_4306	2.2847450430776688e-08
Disease	disease_4914	2.2841559802851257e-08
Disease	disease_24183	2.2837724829116404e-08
Disease	disease_18745	2.2830673962039487e-08
Disease	disease_11099	2.2829620251721838e-08
Disease	disease_15606	2.282958431419468e-08
Disease	disease_17579	2.280017958259233e-08
Disease	disease_14361	2.27922943453688e-08
Disease	disease_3073	2.278497355899752e-08
Disease	disease_16013	2.275965022021275e-08
Disease	disease_43317	2.2757868361279552e-08
Disease	disease_3303	2.2748926601129357e-08
Disease	disease_14368	2.2747769833122068e-08
Disease	disease_12740	2.272560599900278e-08
Disease	disease_21378	2.2724067356829848e-08
Disease	disease_60491	2.2689933005009388e-08
Disease	disease_128	2.2678882354293387e-08
Disease	disease_601	2.267377668319097e-08
Disease	disease_8714	2.266823801844595e-08
Disease	disease_19685	2.266699440046485e-08
Disease	disease_12801	2.2663712774962078e-08
Disease	disease_18989	2.2659779234931455e-08
Disease	disease_2994	2.26318339392979e-08
Disease	disease_44748	2.2621984883601732e-08
Disease	disease_16819	2.260198908389884e-08
Disease	disease_210	2.2599221527859763e-08
Disease	disease_22723	2.259272675514612e-08
Disease	disease_18823	2.258295371899437e-08
Disease	disease_15148	2.2568159304760305e-08
Disease	disease_17335	2.254498104531877e-08
Disease	disease_60765	2.2542342844372616e-08
Disease	disease_1052	2.253338956294031e-08
Disease	disease_18135	2.2531450615225496e-08
Disease	disease_16375	2.2529779001307153e-08
Disease	disease_17317	2.252613132468517e-08
Disease	disease_18790	2.250977258636392e-08
Disease	disease_8853	2.2508095792937803e-08
Disease	disease_18204	2.2505656336058276e-08
Disease	disease_23820	2.2488411763703326e-08
Disease	disease_10636	2.248103092920001e-08
Disease	disease_14645	2.24742268562333e-08
Disease	disease_4230	2.2465896915391485e-08
Disease	disease_1876	2.246394286783034e-08
Disease	disease_10486	2.2461468437909164e-08
Disease	disease_1752	2.2450988234378513e-08
Disease	disease_16971	2.243855693269875e-08
Disease	disease_20148	2.2434781775863262e-08
Disease	disease_4125	2.243413729250364e-08
Disease	disease_100087	2.2433624749871717e-08
Disease	disease_4285	2.2424184113188118e-08
Disease	disease_16795	2.241295238635156e-08
Disease	disease_7338	2.2412127165052354e-08
Disease	disease_17629	2.241209456282771e-08
Disease	disease_530	2.2406945058847795e-08
Disease	disease_44872	2.240134247333857e-08
Disease	disease_6077	2.239303189480549e-08
Disease	disease_1186	2.2379249424315154e-08
Disease	disease_9567	2.237628843855936e-08
Disease	disease_13306	2.2368280865799014e-08
Disease	disease_10277	2.2358019012847865e-08
Disease	disease_19692	2.234268383080085e-08
Disease	disease_16364	2.231411303733238e-08
Disease	disease_15179	2.2309263205262992e-08
Disease	disease_21145	2.2308688263963135e-08
Disease	disease_8980	2.2307164032002184e-08
Disease	disease_3028	2.229886349683498e-08
Disease	disease_16841	2.2291435697260757e-08
Disease	disease_42966	2.2285866717550606e-08
Disease	disease_727	2.228539592907756e-08
Disease	disease_10985	2.2283894080782553e-08
Disease	disease_44325	2.227563903600538e-08
Disease	disease_3087	2.2275637008346336e-08
Disease	disease_4804	2.226696848215633e-08
Disease	disease_3360	2.22472617555594e-08
Disease	disease_11782	2.224558208670039e-08
Disease	disease_54573	2.2244701279660245e-08
Disease	disease_12073	2.224425673481636e-08
Disease	disease_10988	2.2234212211110522e-08
Disease	disease_9108	2.2222605417514153e-08
Disease	disease_21462	2.2216127673155678e-08
Disease	disease_19394	2.2212748106888346e-08
Disease	disease_13616	2.2204227267936636e-08
Disease	disease_14168	2.219563300023225e-08
Disease	disease_24950	2.2194804656666612e-08
Disease	disease_16906	2.2191266231659596e-08
Disease	disease_8379	2.2190343586357174e-08
Disease	disease_18712	2.2188398804912888e-08
Disease	disease_18713	2.2188398804912888e-08
Disease	disease_18714	2.2188398804912888e-08
Disease	disease_11038	2.2178296858333962e-08
Disease	disease_24662	2.21697629174596e-08
Disease	disease_44014	2.215898668986419e-08
Disease	disease_13063	2.2158335508282105e-08
Disease	disease_44300	2.2149800753164103e-08
Disease	disease_6740	2.2139047785946935e-08
Disease	disease_16540	2.212618996399357e-08
Disease	disease_17357	2.212209991129409e-08
Disease	disease_12729	2.2115277925838235e-08
Disease	disease_12866	2.2057122177188625e-08
Disease	disease_20572	2.2050669699368278e-08
Disease	disease_21722	2.2041683107682046e-08
Disease	disease_21283	2.200375679198716e-08
Disease	disease_17435	2.198146718080158e-08
Disease	disease_10193	2.1976200229600326e-08
Disease	disease_3935	2.1972982516384384e-08
Disease	disease_6265	2.1970535281956383e-08
Disease	disease_9437	2.1947879033436867e-08
Disease	disease_17228	2.192629164715498e-08
Disease	disease_13315	2.1922124092657972e-08
Disease	disease_8305	2.1921610023162537e-08
Disease	disease_11810	2.192157375601e-08
Disease	disease_11246	2.191826768017189e-08
Disease	disease_17897	2.191133957700381e-08
Disease	disease_13454	2.189389814124196e-08
Disease	disease_18724	2.1878172863837308e-08
Disease	disease_7868	2.187806182550697e-08
Disease	disease_13971	2.1877402504749362e-08
Disease	disease_14523	2.1873582268428662e-08
Disease	disease_10927	2.1872265977175725e-08
Disease	disease_13646	2.1859534943579588e-08
Disease	disease_1029	2.1858047469129838e-08
Disease	disease_11154	2.1855755540765724e-08
Disease	disease_8879	2.1847997138117927e-08
Disease	disease_4245	2.184225710458981e-08
Disease	disease_16990	2.1824048727004116e-08
Disease	disease_16113	2.1815447040771617e-08
Disease	disease_13518	2.1809417412756284e-08
Disease	disease_100210	2.1804268008509773e-08
Disease	disease_15607	2.180270615795229e-08
Disease	disease_20195	2.180268080065773e-08
Disease	disease_25129	2.1801006551080403e-08
Disease	disease_14924	2.179228668695444e-08
Disease	disease_5519	2.1790919140737274e-08
Disease	disease_17177	2.1782035890473992e-08
Disease	disease_380	2.177806660436951e-08
Disease	disease_15545	2.177331110612445e-08
Disease	disease_33558	2.1769291149323694e-08
Disease	disease_12098	2.1765905539860192e-08
Disease	disease_19486	2.1765078416185763e-08
Disease	disease_14925	2.1764527425332467e-08
Disease	disease_13214	2.1753951120357117e-08
Disease	disease_18496	2.1750770138870767e-08
Disease	disease_60729	2.1735218687726404e-08
Disease	disease_60711	2.1734501243284107e-08
Disease	disease_19063	2.1732240873831458e-08
Disease	disease_11533	2.1714334529112603e-08
Disease	disease_60457	2.171060965842169e-08
Disease	disease_1964	2.1710179868958863e-08
Disease	disease_8408	2.1709301000317038e-08
Disease	disease_6375	2.1708652120841655e-08
Disease	disease_15765	2.1704168928926684e-08
Disease	disease_2627	2.166560519492027e-08
Disease	disease_4301	2.166560519492027e-08
Disease	disease_20660	2.166560519492027e-08
Disease	disease_11861	2.1645458232375174e-08
Disease	disease_19258	2.162593011981581e-08
Disease	disease_17389	2.162593011981581e-08
Disease	disease_19335	2.162593011981581e-08
Disease	disease_35133	2.1620090796419678e-08
Disease	disease_12748	2.161412284783689e-08
Disease	disease_3075	2.1608070379630677e-08
Disease	disease_3076	2.1608070379630677e-08
Disease	disease_1200	2.1602355995581408e-08
Disease	disease_20535	2.1598744962345926e-08
Disease	disease_14889	2.159085783708299e-08
Disease	disease_3649	2.1586389153117177e-08
Disease	disease_19498	2.1585253551825275e-08
Disease	disease_23538	2.1575724500509332e-08
Disease	disease_2366	2.1573581292191096e-08
Disease	disease_4474	2.1573398828394704e-08
Disease	disease_13917	2.1564017940592136e-08
Disease	disease_13950	2.154119763981365e-08
Disease	disease_374	2.1535443888298327e-08
Disease	disease_6432	2.153022020409034e-08
Disease	disease_3320	2.153022020409034e-08
Disease	disease_3322	2.153022020409034e-08
Disease	disease_3318	2.153022020409034e-08
Disease	disease_3317	2.153022020409034e-08
Disease	disease_3316	2.153022020409034e-08
Disease	disease_24675	2.153022020409034e-08
Disease	disease_486	2.152621983193289e-08
Disease	disease_5552	2.1510309279103866e-08
Disease	disease_13110	2.1500767276315905e-08
Disease	disease_18402	2.1500465298265407e-08
Disease	disease_24300	2.1472927314003878e-08
Disease	disease_6520	2.1459700674535328e-08
Disease	disease_14823	2.1449173774473952e-08
Disease	disease_16222	2.143533636706669e-08
Disease	disease_15856	2.143101540113853e-08
Disease	disease_10656	2.142285561072335e-08
Disease	disease_60596	2.142225420346738e-08
Disease	disease_18709	2.1422249944893795e-08
Disease	disease_15587	2.1412416291458105e-08
Disease	disease_12512	2.1410003457313345e-08
Disease	disease_43330	2.140871549288272e-08
Disease	disease_21944	2.1408278183188846e-08
Disease	disease_14755	2.1406987355458988e-08
Disease	disease_10460	2.140420065562754e-08
Disease	disease_14821	2.139979758635127e-08
Disease	disease_14196	2.1394306725870877e-08
Disease	disease_18652	2.1388211073603623e-08
Disease	disease_24649	2.138082035260148e-08
Disease	disease_32943	2.137963749633426e-08
Disease	disease_18511	2.1372596283863176e-08
Disease	disease_4751	2.1370547191365304e-08
Disease	disease_17163	2.1366453809201018e-08
Disease	disease_15441	2.1358241546366955e-08
Disease	disease_13025	2.135716343409167e-08
Disease	disease_18071	2.1356594573168786e-08
Disease	disease_15320	2.1341383186644843e-08
Disease	disease_7909	2.1335957771128306e-08
Disease	disease_5037	2.133360011196059e-08
Disease	disease_20001	2.1330309339659728e-08
Disease	disease_43127	2.132507792894446e-08
Disease	disease_15700	2.1300850193984596e-08
Disease	disease_11936	2.129509300791152e-08
Disease	disease_4234	2.129099615372141e-08
Disease	disease_10758	2.1286500035593807e-08
Disease	disease_19250	2.127769011164848e-08
Disease	disease_16409	2.1265939520701147e-08
Disease	disease_2729	2.126136667498343e-08
Disease	disease_8799	2.1233466943347385e-08
Disease	disease_6877	2.1225022038647516e-08
Disease	disease_1746	2.1224563108020192e-08
Disease	disease_9663	2.1221240179176812e-08
Disease	disease_9538	2.1220434451733993e-08
Disease	disease_10877	2.121997769612511e-08
Disease	disease_23644	2.121553484516451e-08
Disease	disease_11749	2.120684543829888e-08
Disease	disease_15746	2.120122132225092e-08
Disease	disease_7356	2.1191470729827065e-08
Disease	disease_18072	2.118499473265003e-08
Disease	disease_14527	2.1183212839179612e-08
Disease	disease_7473	2.1178366829322035e-08
Disease	disease_32796	2.117830167352632e-08
Disease	disease_9601	2.1177081346982118e-08
Disease	disease_14160	2.1174671358434956e-08
Disease	disease_6666	2.1148589866325077e-08
Disease	disease_19487	2.113211020558751e-08
Disease	disease_15795	2.1104921159135594e-08
Disease	disease_15049	2.1104921159135594e-08
Disease	disease_14056	2.1099630289303443e-08
Disease	disease_15458	2.1098835127516978e-08
Disease	disease_8013	2.106467744535336e-08
Disease	disease_19594	2.10540030972388e-08
Disease	disease_2802	2.1048527282279338e-08
Disease	disease_8924	2.10435691918281e-08
Disease	disease_20021	2.1025297575138706e-08
Disease	disease_7819	2.1014097481796307e-08
Disease	disease_44209	2.101305103632107e-08
Disease	disease_20043	2.1011985347085165e-08
Disease	disease_4497	2.1010708443210047e-08
Disease	disease_4574	2.100061152989308e-08
Disease	disease_20137	2.0999367658559527e-08
Disease	disease_4026	2.099886788648657e-08
Disease	disease_32712	2.0981469543216316e-08
Disease	disease_12249	2.0963144043492326e-08
Disease	disease_9566	2.0962771892971968e-08
Disease	disease_43707	2.0962513898895472e-08
Disease	disease_639	2.0941679472192585e-08
Disease	disease_21065	2.0923460834725316e-08
Disease	disease_4902	2.0923454354334314e-08
Disease	disease_11145	2.091922637804946e-08
Disease	disease_33664	2.0912209914824828e-08
Disease	disease_5822	2.0911665416120418e-08
Disease	disease_708	2.0910767445266264e-08
Disease	disease_4020	2.09093226764199e-08
Disease	disease_34054	2.089786957085998e-08
Disease	disease_17144	2.0892856600267875e-08
Disease	disease_4280	2.088183446425468e-08
Disease	disease_6031	2.0879738043231905e-08
Disease	disease_16439	2.085371086140155e-08
Disease	disease_19302	2.085294544552392e-08
Disease	disease_32826	2.0848300016631276e-08
Disease	disease_4944	2.0837981894826644e-08
Disease	disease_44926	2.083443043645389e-08
Disease	disease_12999	2.083079853105926e-08
Disease	disease_19973	2.082326521358915e-08
Disease	disease_6192	2.081976170120638e-08
Disease	disease_17593	2.0794986119710697e-08
Disease	disease_8670	2.0762003761054804e-08
Disease	disease_9099	2.0757008759419427e-08
Disease	disease_19152	2.0739841658375008e-08
Disease	disease_19155	2.073269497604976e-08
Disease	disease_14557	2.0708560627212938e-08
Disease	disease_21060	2.0703081147102342e-08
Disease	disease_7154	2.069209809965056e-08
Disease	disease_19943	2.0666953203774174e-08
Disease	disease_9742	2.0665348767395037e-08
Disease	disease_100239	2.065699485859507e-08
Disease	disease_20229	2.065194381734187e-08
Disease	disease_54696	2.0643311437737298e-08
Disease	disease_7378	2.062422523815106e-08
Disease	disease_2894	2.062221805025663e-08
Disease	disease_8392	2.061755008816122e-08
Disease	disease_21966	2.0610269380050446e-08
Disease	disease_17221	2.060574474768296e-08
Disease	disease_21402	2.0572053385151646e-08
Disease	disease_14718	2.0564434599264776e-08
Disease	disease_20841	2.056162203395598e-08
Disease	disease_1931	2.0555045990578346e-08
Disease	disease_4786	2.0555045990578346e-08
Disease	disease_19009	2.0554387935900823e-08
Disease	disease_11504	2.054877152858953e-08
Disease	disease_212	2.053264928712459e-08
Disease	disease_32914	2.0519472140463455e-08
Disease	disease_32760	2.0519056790891668e-08
Disease	disease_9435	2.05152598928507e-08
Disease	disease_15222	2.0513234865169592e-08
Disease	disease_100039	2.0508342209953634e-08
Disease	disease_19876	2.0503910648083262e-08
Disease	disease_21386	2.0474925009748898e-08
Disease	disease_19690	2.047073808205791e-08
Disease	disease_5805	2.0469989558713507e-08
Disease	disease_22812	2.0464620344240625e-08
Disease	disease_19664	2.0458332544212356e-08
Disease	disease_33551	2.045691955403343e-08
Disease	disease_9168	2.0453593728986083e-08
Disease	disease_14602	2.0450981246664077e-08
Disease	disease_632	2.04502896520911e-08
Disease	disease_3198	2.0449025495631934e-08
Disease	disease_5994	2.04432475532461e-08
Disease	disease_13483	2.044087067036502e-08
Disease	disease_19689	2.043869600546182e-08
Disease	disease_19092	2.043674813085238e-08
Disease	disease_5678	2.043674813085238e-08
Disease	disease_13762	2.0426404042678652e-08
Disease	disease_30962	2.0420663113842548e-08
Disease	disease_16240	2.040981276141688e-08
Disease	disease_4017	2.040698045757579e-08
Disease	disease_7031	2.0406178181210796e-08
Disease	disease_4139	2.040496381380273e-08
Disease	disease_21559	2.040496381380273e-08
Disease	disease_4343	2.0399680369573784e-08
Disease	disease_32784	2.0397610082623928e-08
Disease	disease_43320	2.0390888757416734e-08
Disease	disease_11058	2.0386548646139672e-08
Disease	disease_8707	2.0365278035082027e-08
Disease	disease_15634	2.036126804687488e-08
Disease	disease_5798	2.0353141215832984e-08
Disease	disease_2283	2.03417691491242e-08
Disease	disease_17121	2.0333701192917378e-08
Disease	disease_15445	2.0333546816475532e-08
Disease	disease_43237	2.0333408682397054e-08
Disease	disease_12142	2.0332844210246783e-08
Disease	disease_12756	2.0315648047636503e-08
Disease	disease_15215	2.0312854156554586e-08
Disease	disease_9702	2.030925249584454e-08
Disease	disease_20138	2.030845455525242e-08
Disease	disease_17224	2.02820371215379e-08
Disease	disease_16263	2.0278848355805656e-08
Disease	disease_15769	2.0274538194591678e-08
Disease	disease_230	2.0272304964756126e-08
Disease	disease_24473	2.0272304964756126e-08
Disease	disease_229	2.0272304964756126e-08
Disease	disease_3386	2.025495950673305e-08
Disease	disease_7917	2.025177485244024e-08
Disease	disease_23206	2.02247594636249e-08
Disease	disease_3200	2.0199755708802005e-08
Disease	disease_18117	2.017910529962905e-08
Disease	disease_14703	2.0178702554804806e-08
Disease	disease_3387	2.0178085273755762e-08
Disease	disease_3525	2.0171381962333674e-08
Disease	disease_20699	2.0170565406726378e-08
Disease	disease_4081	2.0161474493761928e-08
Disease	disease_3383	2.0148694697843746e-08
Disease	disease_8269	2.0147075256436236e-08
Disease	disease_1118	2.0137866192358027e-08
Disease	disease_331	2.0137866192358027e-08
Disease	disease_12699	2.0125690466987457e-08
Disease	disease_21396	2.0105543058163074e-08
Disease	disease_32648	2.0095844233521028e-08
Disease	disease_16740	2.0073394428038872e-08
Disease	disease_14029	2.007027678815469e-08
Disease	disease_13146	2.0064941159486016e-08
Disease	disease_17309	2.0064743177677346e-08
Disease	disease_21345	2.0062323620087137e-08
Disease	disease_18197	2.0059334634996684e-08
Disease	disease_629	2.0053955148397705e-08
Disease	disease_7420	2.0052857365595714e-08
Disease	disease_17719	2.0040473495225576e-08
Disease	disease_8882	2.0028354913983622e-08
Disease	disease_2943	2.0016321040177713e-08
Disease	disease_2831	2.001567278627843e-08
Disease	disease_4687	2.0010075400981707e-08
Disease	disease_16657	1.9999932007540805e-08
Disease	disease_12242	1.999248998572835e-08
Disease	disease_20326	1.9985429096703784e-08
Disease	disease_10857	1.9974439187207783e-08
Disease	disease_21080	1.9968831754919554e-08
Disease	disease_10957	1.9968556569240997e-08
Disease	disease_9850	1.9967396750055953e-08
Disease	disease_6754	1.9962585135253872e-08
Disease	disease_27767	1.994189256680758e-08
Disease	disease_16666	1.9939741102951904e-08
Disease	disease_7725	1.993470918426157e-08
Disease	disease_9590	1.9927304269870975e-08
Disease	disease_764	1.9917988115213864e-08
Disease	disease_18389	1.991685401869909e-08
Disease	disease_1643	1.9916741953915468e-08
Disease	disease_20752	1.990716611934633e-08
Disease	disease_21420	1.9898977536185955e-08
Disease	disease_19507	1.989616003217003e-08
Disease	disease_2798	1.9877708353245678e-08
Disease	disease_3506	1.9865316989439486e-08
Disease	disease_4334	1.9838308069504874e-08
Disease	disease_9629	1.9834550217425497e-08
Disease	disease_24857	1.98291082670119e-08
Disease	disease_811	1.9826772342961946e-08
Disease	disease_1712	1.9820308320213464e-08
Disease	disease_19332	1.980737976011356e-08
Disease	disease_24522	1.9803573691256858e-08
Disease	disease_100225	1.9801325628565072e-08
Disease	disease_30902	1.9791644774997025e-08
Disease	disease_13802	1.9788412587064216e-08
Disease	disease_18495	1.9787280070801638e-08
Disease	disease_7046	1.9780740270475957e-08
Disease	disease_17320	1.977089166054236e-08
Disease	disease_18276	1.976992905345454e-08
Disease	disease_14004	1.9752107537643583e-08
Disease	disease_13970	1.9742781776417647e-08
Disease	disease_14601	1.9741668077627687e-08
Disease	disease_17670	1.9739023615141984e-08
Disease	disease_8656	1.973146596124871e-08
Disease	disease_18162	1.9722176982818866e-08
Disease	disease_4564	1.972197922245492e-08
Disease	disease_1525	1.972197922245492e-08
Disease	disease_18316	1.972100068106744e-08
Disease	disease_9347	1.971765424390715e-08
Disease	disease_17856	1.9715969039462838e-08
Disease	disease_18017	1.9713867125071036e-08
Disease	disease_9779	1.9710706443896913e-08
Disease	disease_1825	1.970331900421068e-08
Disease	disease_2414	1.97012413991427e-08
Disease	disease_22655	1.9698696543430335e-08
Disease	disease_11140	1.9690570946982712e-08
Disease	disease_17711	1.9687259901355664e-08
Disease	disease_5874	1.9682903683375512e-08
Disease	disease_14505	1.967679076468135e-08
Disease	disease_104	1.9666047208377468e-08
Disease	disease_13664	1.9658697138376305e-08
Disease	disease_4701	1.9647548726259826e-08
Disease	disease_10868	1.9636781300730226e-08
Disease	disease_9952	1.9635203011317315e-08
Disease	disease_5624	1.962258133907538e-08
Disease	disease_32936	1.9620737924894654e-08
Disease	disease_9177	1.9615927023881288e-08
Disease	disease_16012	1.9600507569914448e-08
Disease	disease_41259	1.9596086609580727e-08
Disease	disease_2939	1.9575645318356485e-08
Disease	disease_11069	1.956517251950091e-08
Disease	disease_44663	1.956454722914199e-08
Disease	disease_6752	1.9563226665990835e-08
Disease	disease_9618	1.9560499404970636e-08
Disease	disease_14086	1.955849892269348e-08
Disease	disease_5954	1.9548839492367487e-08
Disease	disease_15623	1.9548839492367487e-08
Disease	disease_8708	1.9547052667368113e-08
Disease	disease_15689	1.9527080286209223e-08
Disease	disease_11002	1.9518776681380046e-08
Disease	disease_3604	1.9518546414046336e-08
Disease	disease_17849	1.951709531068763e-08
Disease	disease_11323	1.950933350238867e-08
Disease	disease_1688	1.950805814278284e-08
Disease	disease_1431	1.950805814278284e-08
Disease	disease_5975	1.9506593340253836e-08
Disease	disease_15642	1.9501248935659176e-08
Disease	disease_7313	1.9489996602982618e-08
Disease	disease_14119	1.9488642720655488e-08
Disease	disease_12153	1.9487722757649097e-08
Disease	disease_14822	1.9485867813732804e-08
Disease	disease_16478	1.9458875859836815e-08
Disease	disease_9035	1.945387204413717e-08
Disease	disease_18639	1.9446652518723904e-08
Disease	disease_7051	1.943864790134202e-08
Disease	disease_15153	1.9429913723668307e-08
Disease	disease_14841	1.9427005024689337e-08
Disease	disease_14948	1.9422543412304333e-08
Disease	disease_6960	1.9420044704432597e-08
Disease	disease_17986	1.9417702352074303e-08
Disease	disease_14864	1.9414440824797875e-08
Disease	disease_7712	1.9412772004208963e-08
Disease	disease_2597	1.9399242707900316e-08
Disease	disease_11713	1.939414332204082e-08
Disease	disease_18187	1.9392573216982736e-08
Disease	disease_2653	1.939178849288452e-08
Disease	disease_18247	1.9385082335744194e-08
Disease	disease_16259	1.9380553317231242e-08
Disease	disease_7127	1.9361709458573455e-08
Disease	disease_9866	1.9359174526120603e-08
Disease	disease_17915	1.935399780267891e-08
Disease	disease_7397	1.9348666639402973e-08
Disease	disease_32833	1.9344374713520485e-08
Disease	disease_9675	1.9342485766932894e-08
Disease	disease_13382	1.9332875403824554e-08
Disease	disease_4341	1.933203425476544e-08
Disease	disease_14034	1.9329075779139903e-08
Disease	disease_12466	1.9318526844506175e-08
Disease	disease_1498	1.9316604444116708e-08
Disease	disease_7764	1.931398813090648e-08
Disease	disease_3276	1.930909422987286e-08
Disease	disease_16877	1.930654003010701e-08
Disease	disease_33546	1.9304268219085976e-08
Disease	disease_2742	1.9303057038625066e-08
Disease	disease_9959	1.9300611973178544e-08
Disease	disease_24416	1.9297194128694708e-08
Disease	disease_2726	1.926238949164933e-08
Disease	disease_10126	1.9252531151512568e-08
Disease	disease_7526	1.9238916991179834e-08
Disease	disease_16983	1.923355517199301e-08
Disease	disease_12089	1.9221452363360067e-08
Disease	disease_18572	1.920683398502523e-08
Disease	disease_14035	1.9206357493419374e-08
Disease	disease_21535	1.920416306240808e-08
Disease	disease_17493	1.9187064194960067e-08
Disease	disease_17492	1.9187064194960067e-08
Disease	disease_6919	1.9178726194480516e-08
Disease	disease_4575	1.9178726194480516e-08
Disease	disease_3280	1.9178726194480516e-08
Disease	disease_14942	1.917514070975808e-08
Disease	disease_21240	1.917104216145752e-08
Disease	disease_24478	1.9168379066389385e-08
Disease	disease_16528	1.9164584178884597e-08
Disease	disease_7190	1.9154779073947403e-08
Disease	disease_9857	1.9152921776033495e-08
Disease	disease_17425	1.914933742301566e-08
Disease	disease_2840	1.9146424750913125e-08
Disease	disease_13726	1.9134498247966742e-08
Disease	disease_45019	1.913108695561211e-08
Disease	disease_18273	1.911159175079613e-08
Disease	disease_9624	1.9110241228245172e-08
Disease	disease_12825	1.9098333052464255e-08
Disease	disease_13862	1.90780363678329e-08
Disease	disease_33043	1.907540637600618e-08
Disease	disease_3726	1.9069377967942954e-08
Disease	disease_3723	1.9069377967942954e-08
Disease	disease_12085	1.9057883927107144e-08
Disease	disease_12060	1.9042979393364407e-08
Disease	disease_355	1.904075839582264e-08
Disease	disease_20203	1.902831127311782e-08
Disease	disease_10989	1.9022531753321127e-08
Disease	disease_8809	1.9020545487708895e-08
Disease	disease_7275	1.8992412404473632e-08
Disease	disease_21388	1.899054274797356e-08
Disease	disease_100031	1.8980527949350637e-08
Disease	disease_29136	1.8965670351842696e-08
Disease	disease_20023	1.8964387080556762e-08
Disease	disease_19482	1.8957375684264948e-08
Disease	disease_13070	1.8948847809303136e-08
Disease	disease_14552	1.8948286889966338e-08
Disease	disease_16747	1.8938147482107104e-08
Disease	disease_60551	1.8936440039870545e-08
Disease	disease_44747	1.892686665291602e-08
Disease	disease_22998	1.8921305753480824e-08
Disease	disease_4267	1.8917679101948086e-08
Disease	disease_13237	1.8909104296949678e-08
Disease	disease_9604	1.8907908469193877e-08
Disease	disease_7105	1.8900540630400824e-08
Disease	disease_1258	1.888886426029687e-08
Disease	disease_12165	1.8885395182064835e-08
Disease	disease_21097	1.8874505688273128e-08
Disease	disease_10133	1.8852231556323173e-08
Disease	disease_18805	1.8844801875280696e-08
Disease	disease_10485	1.8838033336070986e-08
Disease	disease_15505	1.8830541663476538e-08
Disease	disease_9199	1.881735919293026e-08
Disease	disease_24553	1.8802047311210655e-08
Disease	disease_15208	1.8798625002466852e-08
Disease	disease_9130	1.8797565998923303e-08
Disease	disease_4056	1.8786229821556053e-08
Disease	disease_54691	1.8775624167836155e-08
Disease	disease_11510	1.8766984493295107e-08
Disease	disease_34021	1.8763663079861585e-08
Disease	disease_21019	1.875962143015497e-08
Disease	disease_10565	1.873829137757082e-08
Disease	disease_33533	1.8733791237847553e-08
Disease	disease_14521	1.8726366797422667e-08
Disease	disease_2648	1.8710977856333657e-08
Disease	disease_497	1.870860463760471e-08
Disease	disease_41366	1.8703802730439553e-08
Disease	disease_18750	1.869783933207077e-08
Disease	disease_12427	1.8697294526380906e-08
Disease	disease_16980	1.867284737495874e-08
Disease	disease_16136	1.866076755135682e-08
Disease	disease_10334	1.864739527255129e-08
Disease	disease_14098	1.8639162643225128e-08
Disease	disease_21368	1.8628753733129695e-08
Disease	disease_9103	1.862493173436504e-08
Disease	disease_3688	1.861111661621269e-08
Disease	disease_10216	1.8608742090060495e-08
Disease	disease_3455	1.8598585194200504e-08
Disease	disease_22880	1.859673520832608e-08
Disease	disease_21486	1.8596376120949767e-08
Disease	disease_10107	1.859454981628257e-08
Disease	disease_4923	1.8585814763708813e-08
Disease	disease_17916	1.857394941847061e-08
Disease	disease_44701	1.8564786458367637e-08
Disease	disease_43762	1.8562897391622165e-08
Disease	disease_11775	1.8561736467187083e-08
Disease	disease_2685	1.8555178324610227e-08
Disease	disease_11335	1.855213734125994e-08
Disease	disease_4330	1.855120049423387e-08
Disease	disease_15337	1.8536942792778803e-08
Disease	disease_32644	1.8532106373340486e-08
Disease	disease_30063	1.8518014490481292e-08
Disease	disease_20858	1.851139071932198e-08
Disease	disease_15705	1.8488050919746324e-08
Disease	disease_13296	1.8468896369519015e-08
Disease	disease_33631	1.8465527820081434e-08
Disease	disease_18021	1.846505665822358e-08
Disease	disease_10895	1.8452200356677914e-08
Disease	disease_21394	1.8450802444566808e-08
Disease	disease_12657	1.8440269751634033e-08
Disease	disease_32824	1.843847380797328e-08
Disease	disease_43243	1.8437619827091142e-08
Disease	disease_2888	1.8431839894379933e-08
Disease	disease_3997	1.8427158442682335e-08
Disease	disease_19323	1.8414672003408657e-08
Disease	disease_2233	1.8395154023249516e-08
Disease	disease_2707	1.837960686615222e-08
Disease	disease_19416	1.8373162824383416e-08
Disease	disease_4727	1.8372760981158604e-08
Disease	disease_16494	1.8371953309369062e-08
Disease	disease_2240	1.8358251110359633e-08
Disease	disease_16363	1.8350397311174884e-08
Disease	disease_5476	1.8340854061841963e-08
Disease	disease_14491	1.833877524820952e-08
Disease	disease_18569	1.8332413485120996e-08
Disease	disease_17167	1.8329265775683832e-08
Disease	disease_10323	1.8328320631712593e-08
Disease	disease_44301	1.8307016698226905e-08
Disease	disease_32596	1.8301474111843215e-08
Disease	disease_16520	1.8296140169236973e-08
Disease	disease_11534	1.8292581544180985e-08
Disease	disease_18591	1.828534972550157e-08
Disease	disease_9748	1.8275164619927584e-08
Disease	disease_3030	1.826814460351793e-08
Disease	disease_1473	1.826540203808106e-08
Disease	disease_11904	1.8264924400505845e-08
Disease	disease_19923	1.8263020422960042e-08
Disease	disease_9694	1.8252446136498877e-08
Disease	disease_32876	1.825093102762394e-08
Disease	disease_11200	1.8243400726385507e-08
Disease	disease_60650	1.824119812271971e-08
Disease	disease_11061	1.822659160649627e-08
Disease	disease_18347	1.8221718434866406e-08
Disease	disease_743	1.8217202359272997e-08
Disease	disease_25667	1.8216922018363944e-08
Disease	disease_17831	1.8213540327371477e-08
Disease	disease_17780	1.819979295884485e-08
Disease	disease_2897	1.819806688309895e-08
Disease	disease_1714	1.819806688309895e-08
Disease	disease_6580	1.8192200893393144e-08
Disease	disease_16332	1.818191112012319e-08
Disease	disease_7022	1.8180690215469627e-08
Disease	disease_12786	1.817337822278655e-08
Disease	disease_4223	1.8168572995780176e-08
Disease	disease_10570	1.816665927656603e-08
Disease	disease_14371	1.815140380534088e-08
Disease	disease_12855	1.814802916838418e-08
Disease	disease_17010	1.812655137095044e-08
Disease	disease_7301	1.8120040825908616e-08
Disease	disease_54738	1.811710998509951e-08
Disease	disease_54550	1.8116527318667543e-08
Disease	disease_25491	1.8103111060487783e-08
Disease	disease_17345	1.80851917860003e-08
Disease	disease_4249	1.8078317710409272e-08
Disease	disease_15566	1.8070803680124672e-08
Disease	disease_44969	1.8069214736206974e-08
Disease	disease_13324	1.806792518454171e-08
Disease	disease_3090	1.805258330959743e-08
Disease	disease_32897	1.8041606072926834e-08
Disease	disease_17827	1.8034208980060207e-08
Disease	disease_21260	1.80209994741574e-08
Disease	disease_10381	1.8016827083837713e-08
Disease	disease_8293	1.8014654322434803e-08
Disease	disease_16393	1.7999573890409626e-08
Disease	disease_9448	1.799009283215565e-08
Disease	disease_14851	1.7985244515961273e-08
Disease	disease_3189	1.798073059051772e-08
Disease	disease_8014	1.796936603662923e-08
Disease	disease_21662	1.7957507464492006e-08
Disease	disease_6618	1.795401579254021e-08
Disease	disease_9954	1.7922459108398387e-08
Disease	disease_19778	1.791489958579382e-08
Disease	disease_2453	1.7912499417604487e-08
Disease	disease_6164	1.790960789688149e-08
Disease	disease_17590	1.790724335276073e-08
Disease	disease_13728	1.7906574271711992e-08
Disease	disease_2633	1.789051562013539e-08
Disease	disease_3159	1.7868912205794673e-08
Disease	disease_4273	1.7863512333143078e-08
Disease	disease_16346	1.7862177860048156e-08
Disease	disease_1532	1.7854525601742533e-08
Disease	disease_1041	1.7843300142300297e-08
Disease	disease_14502	1.784185519059588e-08
Disease	disease_4613	1.7839239237842102e-08
Disease	disease_14277	1.7831912704408566e-08
Disease	disease_1017	1.7830968486146132e-08
Disease	disease_17569	1.7818239125777406e-08
Disease	disease_16726	1.7815524039848317e-08
Disease	disease_17738	1.780067102060729e-08
Disease	disease_9185	1.7799943454286116e-08
Disease	disease_15497	1.7788571971623477e-08
Disease	disease_6856	1.7773617731143836e-08
Disease	disease_100105	1.7770546450868972e-08
Disease	disease_14134	1.7769545941249885e-08
Disease	disease_20052	1.7760335970165924e-08
Disease	disease_10742	1.7757635229983473e-08
Disease	disease_30928	1.7755367986102953e-08
Disease	disease_8745	1.7741909607234742e-08
Disease	disease_21159	1.7740641661802255e-08
Disease	disease_14753	1.772599184740825e-08
Disease	disease_7529	1.7723687101024716e-08
Disease	disease_13976	1.771989265915852e-08
Disease	disease_19429	1.7718908074380685e-08
Disease	disease_4544	1.771803372179468e-08
Disease	disease_2918	1.771803372179468e-08
Disease	disease_9871	1.771619179506485e-08
Disease	disease_12703	1.7713673563659144e-08
Disease	disease_14108	1.7710559004545282e-08
Disease	disease_15688	1.770508711439454e-08
Disease	disease_12431	1.7697147150550425e-08
Disease	disease_4001	1.7694280975074034e-08
Disease	disease_17050	1.7687239095383912e-08
Disease	disease_20286	1.7686320798610757e-08
Disease	disease_6254	1.768130717895743e-08
Disease	disease_9946	1.7678742997164203e-08
Disease	disease_10606	1.7674115086069026e-08
Disease	disease_32724	1.7671401369461897e-08
Disease	disease_19078	1.767126515013392e-08
Disease	disease_18189	1.766570026649182e-08
Disease	disease_3947	1.7662170065255915e-08
Disease	disease_18977	1.7653947808254505e-08
Disease	disease_3774	1.765182625269076e-08
Disease	disease_4531	1.764940074184218e-08
Disease	disease_2747	1.7644652162141345e-08
Disease	disease_44324	1.764250186502229e-08
Disease	disease_12634	1.7637882583708206e-08
Disease	disease_13464	1.7632355169920136e-08
Disease	disease_16910	1.762744214505034e-08
Disease	disease_17004	1.76249615962666e-08
Disease	disease_4905	1.7619698231347026e-08
Disease	disease_151	1.760594279868247e-08
Disease	disease_7767	1.76034220661821e-08
Disease	disease_6325	1.760033996850032e-08
Disease	disease_1341	1.75996941351737e-08
Disease	disease_1285	1.7596693639803028e-08
Disease	disease_10930	1.7582826713787816e-08
Disease	disease_4446	1.7575462426015795e-08
Disease	disease_21225	1.7573659411023634e-08
Disease	disease_13118	1.7572498736519834e-08
Disease	disease_4041	1.756979982733427e-08
Disease	disease_13222	1.7565240814202783e-08
Disease	disease_15099	1.7564663630374328e-08
Disease	disease_13761	1.756084237719645e-08
Disease	disease_13162	1.755526710199169e-08
Disease	disease_19548	1.755381830942179e-08
Disease	disease_17226	1.753639664821566e-08
Disease	disease_5908	1.7525656096896702e-08
Disease	disease_18241	1.7519629391242955e-08
Disease	disease_7325	1.751505180374236e-08
Disease	disease_24559	1.7505776105514368e-08
Disease	disease_1511	1.7490086808216988e-08
Disease	disease_8232	1.748046473203721e-08
Disease	disease_13248	1.747414869797722e-08
Disease	disease_14949	1.746641158764534e-08
Disease	disease_18705	1.7455874369464714e-08
Disease	disease_19596	1.7440650515121788e-08
Disease	disease_6349	1.7433149762927564e-08
Disease	disease_8591	1.7409435796197742e-08
Disease	disease_3062	1.7409384178535997e-08
Disease	disease_10413	1.7402435762476857e-08
Disease	disease_25457	1.7401643807575226e-08
Disease	disease_7101	1.739986088919151e-08
Disease	disease_21196	1.739558311157104e-08
Disease	disease_1642	1.7393684982487063e-08
Disease	disease_2720	1.7392648421797238e-08
Disease	disease_9522	1.7390895526344824e-08
Disease	disease_4009	1.7382203745815827e-08
Disease	disease_54865	1.7381970306734953e-08
Disease	disease_9494	1.7381120187655104e-08
Disease	disease_2643	1.7375800036321668e-08
Disease	disease_3281	1.7372119796168814e-08
Disease	disease_10129	1.735524204918875e-08
Disease	disease_14304	1.7355013437490247e-08
Disease	disease_13056	1.7342230492566515e-08
Disease	disease_5486	1.7334371368251313e-08
Disease	disease_32614	1.7332699011834612e-08
Disease	disease_9227	1.7324886427356158e-08
Disease	disease_16874	1.7321112424328017e-08
Disease	disease_30858	1.7315390690311588e-08
Disease	disease_10899	1.731333879886747e-08
Disease	disease_3350	1.7312707666210723e-08
Disease	disease_11110	1.7304907355749532e-08
Disease	disease_8823	1.7297051643321916e-08
Disease	disease_12095	1.729382276524138e-08
Disease	disease_15864	1.727070663648958e-08
Disease	disease_31230	1.7270454489407594e-08
Disease	disease_3211	1.726142513523514e-08
Disease	disease_14222	1.7254087864039445e-08
Disease	disease_23601	1.725367738208859e-08
Disease	disease_21851	1.7231274086075735e-08
Disease	disease_9072	1.7228717761669335e-08
Disease	disease_3637	1.7216779605000986e-08
Disease	disease_14947	1.7208864973570642e-08
Disease	disease_14987	1.72045108692704e-08
Disease	disease_32710	1.7201954290581465e-08
Disease	disease_32885	1.7192176247968117e-08
Disease	disease_26730	1.719050939795505e-08
Disease	disease_1984	1.7186870810517223e-08
Disease	disease_23415	1.7186870810517223e-08
Disease	disease_22636	1.7186870810517223e-08
Disease	disease_4824	1.7186870810517223e-08
Disease	disease_14859	1.717512397441075e-08
Disease	disease_2969	1.7170168309192438e-08
Disease	disease_6076	1.7167661860613598e-08
Disease	disease_100057	1.7167348791017328e-08
Disease	disease_2635	1.7164549703355735e-08
Disease	disease_14615	1.716160108150429e-08
Disease	disease_7284	1.7156245632990934e-08
Disease	disease_32657	1.7148142010266497e-08
Disease	disease_24278	1.7143245239393562e-08
Disease	disease_21088	1.7140310179441524e-08
Disease	disease_18846	1.713783458361592e-08
Disease	disease_1387	1.7121324979862403e-08
Disease	disease_6650	1.7117408605204814e-08
Disease	disease_13298	1.7114450251929798e-08
Disease	disease_4278	1.711033236128192e-08
Disease	disease_21194	1.7098850911687225e-08
Disease	disease_540	1.709319471640076e-08
Disease	disease_16010	1.7090676495446693e-08
Disease	disease_1762	1.7090537589650305e-08
Disease	disease_9579	1.7088363211148565e-08
Disease	disease_18232	1.7086687182043956e-08
Disease	disease_16258	1.708469613738674e-08
Disease	disease_32741	1.7074904213043955e-08
Disease	disease_18894	1.707197839014958e-08
Disease	disease_21512	1.7059850677850134e-08
Disease	disease_5051	1.7055585616796456e-08
Disease	disease_29144	1.704347042627043e-08
Disease	disease_10110	1.704290620155138e-08
Disease	disease_16615	1.7039060541670688e-08
Disease	disease_16616	1.7039060541670688e-08
Disease	disease_9820	1.7037518692970616e-08
Disease	disease_3216	1.7029543097626964e-08
Disease	disease_60582	1.7027784512910398e-08
Disease	disease_13526	1.70245258492215e-08
Disease	disease_14246	1.7022310705865127e-08
Disease	disease_9996	1.7019892523829694e-08
Disease	disease_20241	1.7018524042640855e-08
Disease	disease_2996	1.7016231121236212e-08
Disease	disease_8128	1.7006158947597448e-08
Disease	disease_15324	1.7001084111347872e-08
Disease	disease_32865	1.699657796178471e-08
Disease	disease_44749	1.6995578426467745e-08
Disease	disease_9972	1.6981170121966818e-08
Disease	disease_1211	1.697149368756074e-08
Disease	disease_4429	1.695553401335023e-08
Disease	disease_8984	1.6947354526145728e-08
Disease	disease_4022	1.6936928256234923e-08
Disease	disease_10858	1.693377529442983e-08
Disease	disease_16070	1.6929994733301153e-08
Disease	disease_1304	1.6921451896723547e-08
Disease	disease_343	1.690939405324379e-08
Disease	disease_14494	1.6905068536307702e-08
Disease	disease_11499	1.6905014697962483e-08
Disease	disease_7848	1.69029539158947e-08
Disease	disease_20384	1.6895248610055475e-08
Disease	disease_6329	1.6893378435844118e-08
Disease	disease_2343	1.6885816420756563e-08
Disease	disease_30028	1.688330958694026e-08
Disease	disease_15432	1.6878482812550787e-08
Disease	disease_10647	1.6875325439085927e-08
Disease	disease_3054	1.685479536437608e-08
Disease	disease_12399	1.6852203280848586e-08
Disease	disease_21664	1.6830969261503092e-08
Disease	disease_3204	1.6830874689566293e-08
Disease	disease_44098	1.6828436634950912e-08
Disease	disease_10203	1.6828033290028423e-08
Disease	disease_2329	1.6826549705231262e-08
Disease	disease_14748	1.681628374493177e-08
Disease	disease_18444	1.6807446172047763e-08
Disease	disease_15041	1.6805866762686275e-08
Disease	disease_15040	1.6805866762686275e-08
Disease	disease_1275	1.6785100820536397e-08
Disease	disease_25431	1.678252757614123e-08
Disease	disease_7593	1.6772622289204404e-08
Disease	disease_43247	1.6766034068888846e-08
Disease	disease_5613	1.6765797005631463e-08
Disease	disease_23158	1.6740506858446033e-08
Disease	disease_20338	1.6707446050227418e-08
Disease	disease_8177	1.670664347491061e-08
Disease	disease_37737	1.6697806753502867e-08
Disease	disease_3445	1.6697599892244035e-08
Disease	disease_9401	1.6695610908734934e-08
Disease	disease_18510	1.6687987044747794e-08
Disease	disease_17398	1.668644310175644e-08
Disease	disease_7528	1.6684581326785538e-08
Disease	disease_3403	1.6680182254109225e-08
Disease	disease_6401	1.6679062032291245e-08
Disease	disease_6091	1.6675328281157265e-08
Disease	disease_14785	1.6675015633397097e-08
Disease	disease_100310	1.6665608013872936e-08
Disease	disease_10728	1.666183772097919e-08
Disease	disease_252	1.6654540346647597e-08
Disease	disease_18567	1.6650865483300742e-08
Disease	disease_20785	1.6634160803070534e-08
Disease	disease_14210	1.6630760716963496e-08
Disease	disease_9036	1.6628017558036447e-08
Disease	disease_11727	1.6622976085136686e-08
Disease	disease_2065	1.6622077225608936e-08
Disease	disease_54637	1.660691635402088e-08
Disease	disease_14002	1.66066095344814e-08
Disease	disease_9053	1.6590083566829017e-08
Disease	disease_11860	1.6578739597992805e-08
Disease	disease_7056	1.6573872130442123e-08
Disease	disease_4532	1.65725018644289e-08
Disease	disease_15586	1.6560510485073932e-08
Disease	disease_19696	1.6555155797986313e-08
Disease	disease_20672	1.655052301193207e-08
Disease	disease_845	1.6549182346670505e-08
Disease	disease_15362	1.6542714098004716e-08
Disease	disease_1528	1.653041757362077e-08
Disease	disease_44207	1.6529231880297446e-08
Disease	disease_11431	1.652881297993124e-08
Disease	disease_13981	1.652575213167282e-08
Disease	disease_7814	1.6509225078190486e-08
Disease	disease_7266	1.6505164515089507e-08
Disease	disease_32867	1.6490665499408916e-08
Disease	disease_18675	1.6483941790564065e-08
Disease	disease_13674	1.6483713801133405e-08
Disease	disease_297	1.6475434027854334e-08
Disease	disease_41403	1.6465886229746808e-08
Disease	disease_10058	1.6445668652083878e-08
Disease	disease_5214	1.6431567568641966e-08
Disease	disease_21101	1.6429564422068026e-08
Disease	disease_10532	1.642786682789423e-08
Disease	disease_7379	1.6424722079568955e-08
Disease	disease_43287	1.6416395486231312e-08
Disease	disease_13476	1.6406474432665594e-08
Disease	disease_13197	1.6400714889971053e-08
Disease	disease_26763	1.638841395161436e-08
Disease	disease_736	1.6386127143641948e-08
Disease	disease_14827	1.6385118357287826e-08
Disease	disease_14826	1.638312214165832e-08
Disease	disease_5125	1.638291596421793e-08
Disease	disease_13257	1.638291596421793e-08
Disease	disease_1391	1.638291596421793e-08
Disease	disease_5126	1.638291596421793e-08
Disease	disease_5127	1.638291596421793e-08
Disease	disease_12358	1.638291596421793e-08
Disease	disease_13412	1.6374740383949453e-08
Disease	disease_14963	1.636414860237094e-08
Disease	disease_14787	1.6362106924495283e-08
Disease	disease_12187	1.63548435641901e-08
Disease	disease_11489	1.6352164672390846e-08
Disease	disease_25130	1.634498318661708e-08
Disease	disease_25062	1.634498318661708e-08
Disease	disease_20704	1.6343470908783132e-08
Disease	disease_7955	1.6339195919632453e-08
Disease	disease_1898	1.633885202607851e-08
Disease	disease_16225	1.6334443638442883e-08
Disease	disease_11593	1.6334264758205546e-08
Disease	disease_2237	1.632131128564575e-08
Disease	disease_19422	1.6320949259927754e-08
Disease	disease_7631	1.6315666409741234e-08
Disease	disease_54591	1.6313213038370255e-08
Disease	disease_15358	1.6306695577264085e-08
Disease	disease_11979	1.6304312646103284e-08
Disease	disease_3988	1.6295647753918843e-08
Disease	disease_8437	1.6293722840117192e-08
Disease	disease_1138	1.628674030902548e-08
Disease	disease_9491	1.6283486798522732e-08
Disease	disease_4143	1.6282872728682268e-08
Disease	disease_3055	1.6282872728682268e-08
Disease	disease_4145	1.6282872728682268e-08
Disease	disease_3918	1.6282872728682268e-08
Disease	disease_4144	1.6282872728682268e-08
Disease	disease_4146	1.6282872728682268e-08
Disease	disease_3056	1.6282872728682268e-08
Disease	disease_3058	1.6282872728682268e-08
Disease	disease_11365	1.626667413342429e-08
Disease	disease_15690	1.626299368451821e-08
Disease	disease_32755	1.626119324828856e-08
Disease	disease_20491	1.6258853637841604e-08
Disease	disease_10483	1.6256158766752128e-08
Disease	disease_60783	1.6253320467310022e-08
Disease	disease_21826	1.6244529335125217e-08
Disease	disease_8873	1.623697216742496e-08
Disease	disease_16843	1.623072226675995e-08
Disease	disease_12927	1.622864351596589e-08
Disease	disease_6825	1.6221891517527555e-08
Disease	disease_19691	1.6215260993989534e-08
Disease	disease_9768	1.6213583447910597e-08
Disease	disease_1524	1.6213319440868738e-08
Disease	disease_4394	1.6213077040600776e-08
Disease	disease_485	1.6212415035669454e-08
Disease	disease_4714	1.620803945487302e-08
Disease	disease_15735	1.6207378829371108e-08
Disease	disease_13543	1.6203555807796913e-08
Disease	disease_9803	1.6189436157588455e-08
Disease	disease_9320	1.6185882131090166e-08
Disease	disease_14628	1.6180249330812665e-08
Disease	disease_5200	1.6169128649804527e-08
Disease	disease_11988	1.6150649221380876e-08
Disease	disease_14685	1.6146434270382668e-08
Disease	disease_17417	1.6143038208955084e-08
Disease	disease_18549	1.613677392744879e-08
Disease	disease_16790	1.6128982700373606e-08
Disease	disease_20157	1.6120184913938303e-08
Disease	disease_2788	1.6112764286411268e-08
Disease	disease_2787	1.6112764286411268e-08
Disease	disease_9349	1.6105669644400143e-08
Disease	disease_32806	1.6104911605742893e-08
Disease	disease_12828	1.6097843412600524e-08
Disease	disease_43123	1.609574366623884e-08
Disease	disease_4286	1.6090776420970173e-08
Disease	disease_19237	1.608913370099922e-08
Disease	disease_144	1.6088901467902162e-08
Disease	disease_10664	1.608397896488314e-08
Disease	disease_30047	1.6079409375757847e-08
Disease	disease_2176	1.6075388646386924e-08
Disease	disease_11684	1.607187800867215e-08
Disease	disease_9621	1.6067244536561672e-08
Disease	disease_11897	1.6066774333616954e-08
Disease	disease_13635	1.606484425619495e-08
Disease	disease_13742	1.6060628127389452e-08
Disease	disease_14632	1.6058566769068705e-08
Disease	disease_15015	1.6058131269973907e-08
Disease	disease_13711	1.6057103362341328e-08
Disease	disease_9610	1.6056102771243497e-08
Disease	disease_32815	1.6053569371696167e-08
Disease	disease_21313	1.6048258203135506e-08
Disease	disease_17033	1.6044052604608867e-08
Disease	disease_11595	1.603343310094928e-08
Disease	disease_8306	1.6030490144538687e-08
Disease	disease_1351	1.6027620067556967e-08
Disease	disease_11755	1.6027305517343977e-08
Disease	disease_44737	1.600593301063387e-08
Disease	disease_6834	1.600569886890714e-08
Disease	disease_17193	1.6004608313514254e-08
Disease	disease_8123	1.6002783179727102e-08
Disease	disease_13668	1.600120502509177e-08
Disease	disease_5551	1.599272513268456e-08
Disease	disease_1543	1.598985143871009e-08
Disease	disease_7236	1.5983516682517163e-08
Disease	disease_3011	1.597976247139641e-08
Disease	disease_1653	1.5977373690574505e-08
Disease	disease_20783	1.596794923990624e-08
Disease	disease_30070	1.5966912931852132e-08
Disease	disease_8836	1.595921344142897e-08
Disease	disease_44871	1.5958219816222352e-08
Disease	disease_32607	1.59528212577186e-08
Disease	disease_5638	1.5946435606089604e-08
Disease	disease_14374	1.5945109828674352e-08
Disease	disease_20061	1.5944190495711204e-08
Disease	disease_16215	1.5936851083437865e-08
Disease	disease_16360	1.593647554764271e-08
Disease	disease_4442	1.5934164552449716e-08
Disease	disease_18218	1.59317468693721e-08
Disease	disease_9094	1.5930306839985993e-08
Disease	disease_18016	1.5929521112748298e-08
Disease	disease_12238	1.592645958922038e-08
Disease	disease_3410	1.5916484949698953e-08
Disease	disease_33371	1.5914619919515156e-08
Disease	disease_25155	1.5910705370848684e-08
Disease	disease_22330	1.5910697787920793e-08
Disease	disease_6306	1.59071785340801e-08
Disease	disease_14905	1.5903430142541148e-08
Disease	disease_4314	1.589774509365285e-08
Disease	disease_5959	1.58881084130803e-08
Disease	disease_10996	1.58863011105716e-08
Disease	disease_100032	1.588617642396023e-08
Disease	disease_10019	1.5874259164647767e-08
Disease	disease_18633	1.5871404732330912e-08
Disease	disease_16658	1.5866037501696483e-08
Disease	disease_24321	1.586549431607406e-08
Disease	disease_14489	1.586323547399417e-08
Disease	disease_15768	1.5862644813030577e-08
Disease	disease_1255	1.586003276175396e-08
Disease	disease_5865	1.586003276175396e-08
Disease	disease_4549	1.586003276175396e-08
Disease	disease_17297	1.5858394408920913e-08
Disease	disease_17170	1.5858394408920913e-08
Disease	disease_15315	1.5858394408920913e-08
Disease	disease_18211	1.5858394408920913e-08
Disease	disease_43280	1.5858394408920913e-08
Disease	disease_18362	1.5858394408920913e-08
Disease	disease_5773	1.5858394408920913e-08
Disease	disease_4618	1.5858394408920913e-08
Disease	disease_10539	1.5858370527301916e-08
Disease	disease_14539	1.585762378398659e-08
Disease	disease_11679	1.5848427138803006e-08
Disease	disease_9771	1.584062531097655e-08
Disease	disease_60592	1.5833987877073176e-08
Disease	disease_12514	1.581268144647686e-08
Disease	disease_60555	1.5803866737547944e-08
Disease	disease_11610	1.579427859248289e-08
Disease	disease_13819	1.579425082589322e-08
Disease	disease_8797	1.5782473474148398e-08
Disease	disease_17578	1.5771363693336327e-08
Disease	disease_25404	1.5771304680620146e-08
Disease	disease_2623	1.5757915644592785e-08
Disease	disease_24570	1.575489735142168e-08
Disease	disease_14605	1.573286901753152e-08
Disease	disease_6482	1.5728400055660314e-08
Disease	disease_706	1.5724922351452838e-08
Disease	disease_25136	1.5720752691478575e-08
Disease	disease_13931	1.571215697620053e-08
Disease	disease_5953	1.5709994389283675e-08
Disease	disease_11045	1.5706594212437103e-08
Disease	disease_13909	1.5706083947415416e-08
Disease	disease_15553	1.5705131285978228e-08
Disease	disease_24315	1.5700030935666377e-08
Disease	disease_1101	1.5697071454420614e-08
Disease	disease_749	1.5697071454420614e-08
Disease	disease_18104	1.569577104106789e-08
Disease	disease_3036	1.5693224426007474e-08
Disease	disease_20694	1.5689455017745736e-08
Disease	disease_6465	1.5689165523886958e-08
Disease	disease_19571	1.5687733772331986e-08
Disease	disease_15643	1.5682268595991933e-08
Disease	disease_18460	1.5679415264601136e-08
Disease	disease_44627	1.5679415264601136e-08
Disease	disease_23868	1.5679415264601136e-08
Disease	disease_6843	1.5679415264601136e-08
Disease	disease_18616	1.5679415264601136e-08
Disease	disease_1855	1.5679415264601136e-08
Disease	disease_2558	1.5677960840647133e-08
Disease	disease_4079	1.5674634627781227e-08
Disease	disease_10375	1.5668067073838836e-08
Disease	disease_9415	1.5663262118573495e-08
Disease	disease_18096	1.5657098899689095e-08
Disease	disease_6682	1.5656922585212404e-08
Disease	disease_4612	1.5652249705129835e-08
Disease	disease_16066	1.5648426542094177e-08
Disease	disease_19774	1.564810432425581e-08
Disease	disease_6348	1.5634916869360528e-08
Disease	disease_11540	1.5619726956870968e-08
Disease	disease_11738	1.5616790537498054e-08
Disease	disease_7656	1.561198509771499e-08
Disease	disease_60707	1.561017916818673e-08
Disease	disease_13531	1.5607293096034216e-08
Disease	disease_7588	1.5594339826296204e-08
Disease	disease_9033	1.559426400498259e-08
Disease	disease_6629	1.559291644947074e-08
Disease	disease_32942	1.5592914492999515e-08
Disease	disease_11285	1.5587441131788567e-08
Disease	disease_1553	1.55844789036134e-08
Disease	disease_12193	1.5583373032951942e-08
Disease	disease_8800	1.5580366061318143e-08
Disease	disease_1398	1.557522400280975e-08
Disease	disease_11004	1.5575038775004132e-08
Disease	disease_13803	1.557205085744877e-08
Disease	disease_24622	1.5569868511882637e-08
Disease	disease_6780	1.556810669831434e-08
Disease	disease_22953	1.5564376670058582e-08
Disease	disease_1470	1.5556385843878925e-08
Disease	disease_22754	1.5551471264706104e-08
Disease	disease_6435	1.55331525466281e-08
Disease	disease_5671	1.5521187595166636e-08
Disease	disease_13539	1.5504225167349788e-08
Disease	disease_19351	1.5499036842849025e-08
Disease	disease_32736	1.5493556987645158e-08
Disease	disease_18581	1.5492987779432764e-08
Disease	disease_18625	1.5492987779432764e-08
Disease	disease_18629	1.5492987779432764e-08
Disease	disease_7045	1.548662838894673e-08
Disease	disease_21282	1.548615533209844e-08
Disease	disease_60761	1.5485171516571646e-08
Disease	disease_2418	1.547142660815581e-08
Disease	disease_4328	1.5463220486157487e-08
Disease	disease_44643	1.5451266972025423e-08
Disease	disease_17791	1.5450257000623064e-08
Disease	disease_2912	1.544965366064397e-08
Disease	disease_7200	1.5448364147439065e-08
Disease	disease_1309	1.5445933817372633e-08
Disease	disease_21218	1.5445398153876748e-08
Disease	disease_54736	1.543236880482403e-08
Disease	disease_6518	1.540727083896085e-08
Disease	disease_11028	1.538995134552339e-08
Disease	disease_21470	1.538893344131856e-08
Disease	disease_2057	1.5380956501326707e-08
Disease	disease_19530	1.5380440915969115e-08
Disease	disease_552	1.5377396032774173e-08
Disease	disease_15196	1.5377272947740695e-08
Disease	disease_16262	1.5372951464805934e-08
Disease	disease_3562	1.537294531822561e-08
Disease	disease_10090	1.5364990590376514e-08
Disease	disease_9334	1.536282781832455e-08
Disease	disease_8023	1.535505273941491e-08
Disease	disease_7766	1.5343424870386483e-08
Disease	disease_18946	1.5341230842784675e-08
Disease	disease_2034	1.533581468814401e-08
Disease	disease_19375	1.5335368967056222e-08
Disease	disease_8163	1.5329307639382158e-08
Disease	disease_16942	1.531864981775228e-08
Disease	disease_21588	1.53180655586693e-08
Disease	disease_21035	1.5315171968396017e-08
Disease	disease_7060	1.5312420138801234e-08
Disease	disease_1678	1.530618132529869e-08
Disease	disease_3826	1.5301078322225558e-08
Disease	disease_100297	1.5295794605661635e-08
Disease	disease_7476	1.5295645344506606e-08
Disease	disease_18653	1.528963511574554e-08
Disease	disease_14281	1.5282703492265287e-08
Disease	disease_9577	1.526563080002489e-08
Disease	disease_3772	1.526131801369619e-08
Disease	disease_13440	1.524231458441257e-08
Disease	disease_6548	1.5220904844899467e-08
Disease	disease_14939	1.520890206288411e-08
Disease	disease_16749	1.5207706472517236e-08
Disease	disease_1334	1.5202011547323018e-08
Disease	disease_12759	1.5199677689192967e-08
Disease	disease_17222	1.519299628177091e-08
Disease	disease_21645	1.5185836681186333e-08
Disease	disease_3219	1.5174148671713246e-08
Disease	disease_6302	1.5174148671713246e-08
Disease	disease_2822	1.5174148671713246e-08
Disease	disease_6382	1.5174148671713246e-08
Disease	disease_6214	1.5174148671713246e-08
Disease	disease_25377	1.5146480352596244e-08
Disease	disease_7084	1.5142958048089497e-08
Disease	disease_16395	1.514035312318524e-08
Disease	disease_8844	1.5126577528059352e-08
Disease	disease_408	1.5111226142348997e-08
Disease	disease_7439	1.511104643736192e-08
Disease	disease_8078	1.5109908454228788e-08
Disease	disease_20305	1.51074092999816e-08
Disease	disease_11785	1.5103305469856046e-08
Disease	disease_5006	1.5099140369610715e-08
Disease	disease_32681	1.5098674421233207e-08
Disease	disease_43099	1.5096850911902e-08
Disease	disease_3351	1.5094604855611207e-08
Disease	disease_9070	1.5094304297613295e-08
Disease	disease_2045	1.50936082189401e-08
Disease	disease_10270	1.5091188281366335e-08
Disease	disease_12450	1.5087353657990064e-08
Disease	disease_18642	1.5083223869881802e-08
Disease	disease_60591	1.5080305326525677e-08
Disease	disease_10284	1.5076672773028242e-08
Disease	disease_2911	1.5074108813130177e-08
Disease	disease_10832	1.50716346266514e-08
Disease	disease_30923	1.50569855427667e-08
Disease	disease_11106	1.5048550490910898e-08
Disease	disease_17898	1.5030813370233394e-08
Disease	disease_1873	1.5029228353596562e-08
Disease	disease_18091	1.501986279302859e-08
Disease	disease_18822	1.5016953091045334e-08
Disease	disease_12561	1.5015390424931023e-08
Disease	disease_44329	1.500804334981744e-08
Disease	disease_15976	1.500037436377505e-08
Disease	disease_20304	1.4996486158795838e-08
Disease	disease_32615	1.4989562640370695e-08
Disease	disease_11035	1.4980200747337282e-08
Disease	disease_12487	1.4979586329313638e-08
Disease	disease_4671	1.4977463087406694e-08
Disease	disease_10992	1.497739754176895e-08
Disease	disease_18774	1.497287520071361e-08
Disease	disease_13492	1.4969268234929246e-08
Disease	disease_2536	1.496862817099895e-08
Disease	disease_14295	1.4967080818161475e-08
Disease	disease_4122	1.496552610926077e-08
Disease	disease_19604	1.496159775258954e-08
Disease	disease_15084	1.4955868983804948e-08
Disease	disease_12423	1.4951638946221496e-08
Disease	disease_21071	1.4945253895092373e-08
Disease	disease_15350	1.4938422870933874e-08
Disease	disease_18114	1.4938376580547295e-08
Disease	disease_17995	1.4938311685815473e-08
Disease	disease_7401	1.4933366634139047e-08
Disease	disease_36779	1.491411968410154e-08
Disease	disease_32738	1.490751560413804e-08
Disease	disease_60663	1.4905888486592372e-08
Disease	disease_8894	1.4889081139201538e-08
Disease	disease_359	1.4884243945812858e-08
Disease	disease_625	1.4874196537483982e-08
Disease	disease_12555	1.4871938563380695e-08
Disease	disease_14261	1.4871833649987165e-08
Disease	disease_6358	1.4861428314434094e-08
Disease	disease_6134	1.485949936432254e-08
Disease	disease_18426	1.4855302049335808e-08
Disease	disease_18205	1.4854961329268658e-08
Disease	disease_1560	1.4849517431124306e-08
Disease	disease_4045	1.4848377335761532e-08
Disease	disease_4350	1.4848377335761532e-08
Disease	disease_17792	1.484567600656102e-08
Disease	disease_20971	1.4843253573578014e-08
Disease	disease_11732	1.4839783568019932e-08
Disease	disease_11772	1.4836903605374801e-08
Disease	disease_6008	1.4829962253973043e-08
Disease	disease_30846	1.482587241739174e-08
Disease	disease_37742	1.482239709955455e-08
Disease	disease_30057	1.4797984139275003e-08
Disease	disease_12382	1.4797014161989548e-08
Disease	disease_5845	1.4792658629447866e-08
Disease	disease_18349	1.4790968039431256e-08
Disease	disease_60629	1.4782731517151158e-08
Disease	disease_10233	1.4774850164209602e-08
Disease	disease_21250	1.4773531712509663e-08
Disease	disease_6270	1.477142711534748e-08
Disease	disease_17005	1.4769764222166895e-08
Disease	disease_332	1.4767569204616778e-08
Disease	disease_30869	1.4766345088529412e-08
Disease	disease_5821	1.4765187384038037e-08
Disease	disease_11650	1.475607895812182e-08
Disease	disease_8227	1.475222737314148e-08
Disease	disease_3666	1.4750411706887809e-08
Disease	disease_10662	1.4749283947196613e-08
Disease	disease_894	1.4745436226059054e-08
Disease	disease_10896	1.4741251174342341e-08
Disease	disease_15542	1.4729551193834564e-08
Disease	disease_554	1.4728386031631972e-08
Disease	disease_8759	1.4724175553359413e-08
Disease	disease_8166	1.4721437934559787e-08
Disease	disease_14537	1.470988922489125e-08
Disease	disease_6590	1.4700289117582573e-08
Disease	disease_18971	1.4700019247363677e-08
Disease	disease_11011	1.4699205148616163e-08
Disease	disease_12953	1.4698630680054265e-08
Disease	disease_8610	1.4690108324869773e-08
Disease	disease_16100	1.468396741933413e-08
Disease	disease_54701	1.4670433838905041e-08
Disease	disease_8545	1.4662576823570135e-08
Disease	disease_32878	1.466208809994458e-08
Disease	disease_30035	1.4655921846940035e-08
Disease	disease_2695	1.465471067796237e-08
Disease	disease_10479	1.4653368447003042e-08
Disease	disease_21010	1.4652066143621129e-08
Disease	disease_7702	1.4652050440489426e-08
Disease	disease_7167	1.4651212179984323e-08
Disease	disease_19164	1.4646612511969263e-08
Disease	disease_16893	1.4641776949445204e-08
Disease	disease_20763	1.4635812631965871e-08
Disease	disease_10370	1.4630184167530718e-08
Disease	disease_7812	1.462115327044008e-08
Disease	disease_18490	1.4621096759007793e-08
Disease	disease_10476	1.4613385371678903e-08
Disease	disease_13918	1.4606266611132669e-08
Disease	disease_18165	1.4602251595505817e-08
Disease	disease_18164	1.4602251595505817e-08
Disease	disease_19806	1.4597221044987343e-08
Disease	disease_25397	1.4594723974755084e-08
Disease	disease_1743	1.4584217624985283e-08
Disease	disease_13392	1.4578738530534033e-08
Disease	disease_22316	1.4578062047951104e-08
Disease	disease_33532	1.4570249236960128e-08
Disease	disease_14828	1.4566433793805675e-08
Disease	disease_30938	1.4565939066785059e-08
Disease	disease_18810	1.4563038311790475e-08
Disease	disease_100218	1.4550818104566458e-08
Disease	disease_7785	1.454737235165321e-08
Disease	disease_11052	1.4539489803070133e-08
Disease	disease_17395	1.4527440601620685e-08
Disease	disease_44719	1.4527440601620685e-08
Disease	disease_19108	1.4514602831423429e-08
Disease	disease_12171	1.4509697731154244e-08
Disease	disease_10659	1.4509373307874325e-08
Disease	disease_100184	1.450726986933884e-08
Disease	disease_14205	1.4502569576300269e-08
Disease	disease_44704	1.4496532632395828e-08
Disease	disease_44696	1.4490191008101371e-08
Disease	disease_10772	1.44732128647268e-08
Disease	disease_16008	1.4472800523850066e-08
Disease	disease_12705	1.4466152547992851e-08
Disease	disease_19817	1.445854569969972e-08
Disease	disease_7619	1.4457193526566795e-08
Disease	disease_7565	1.4451137747507655e-08
Disease	disease_7036	1.4439612110968586e-08
Disease	disease_4120	1.4431511260207502e-08
Disease	disease_2114	1.4428935807191337e-08
Disease	disease_10417	1.4418858409911799e-08
Disease	disease_1262	1.4402879970432664e-08
Disease	disease_9634	1.4398984897165066e-08
Disease	disease_6403	1.4397807969643908e-08
Disease	disease_9571	1.4387988977331368e-08
Disease	disease_22471	1.4378050996648418e-08
Disease	disease_9045	1.4371333764717098e-08
Disease	disease_9154	1.4370480092821295e-08
Disease	disease_15420	1.4359458718155731e-08
Disease	disease_15601	1.4353629310868766e-08
Disease	disease_10224	1.4350811528867426e-08
Disease	disease_10652	1.4344232419897635e-08
Disease	disease_60724	1.4344049516926461e-08
Disease	disease_45044	1.4342329680884443e-08
Disease	disease_44921	1.4325387090965477e-08
Disease	disease_65	1.4325275392229354e-08
Disease	disease_17892	1.4325270356062572e-08
Disease	disease_21627	1.4318424468187316e-08
Disease	disease_22020	1.4313257463227679e-08
Disease	disease_32937	1.4305727581576726e-08
Disease	disease_9660	1.4302871368821969e-08
Disease	disease_5425	1.4300278371301528e-08
Disease	disease_15764	1.4299812974602391e-08
Disease	disease_921	1.4288368203591478e-08
Disease	disease_13699	1.4281941677129877e-08
Disease	disease_8795	1.4280018374669257e-08
Disease	disease_14829	1.427866842224396e-08
Disease	disease_32829	1.427571212235637e-08
Disease	disease_10814	1.4272697143174207e-08
Disease	disease_2621	1.4272051604317526e-08
Disease	disease_8089	1.4269314010650004e-08
Disease	disease_14060	1.4269096341592156e-08
Disease	disease_20796	1.4256286193293008e-08
Disease	disease_6683	1.424633743855577e-08
Disease	disease_2178	1.4242623056289316e-08
Disease	disease_13967	1.4239801157186569e-08
Disease	disease_13755	1.4238851788184838e-08
Disease	disease_6170	1.4220734860036051e-08
Disease	disease_1403	1.4220515864351847e-08
Disease	disease_1526	1.4220515864351847e-08
Disease	disease_4387	1.4220423002661197e-08
Disease	disease_20092	1.4219663052318583e-08
Disease	disease_23171	1.4212432382898043e-08
Disease	disease_44304	1.4212217052558027e-08
Disease	disease_18605	1.42121760599124e-08
Disease	disease_18829	1.4204379132260187e-08
Disease	disease_13598	1.4202400386995433e-08
Disease	disease_4732	1.4200560061224547e-08
Disease	disease_18069	1.4187980154883114e-08
Disease	disease_14499	1.4181125995319258e-08
Disease	disease_3235	1.4176430241210104e-08
Disease	disease_11020	1.4162403208656924e-08
Disease	disease_16281	1.415688083842109e-08
Disease	disease_17867	1.4155119258975627e-08
Disease	disease_20606	1.4153271315713325e-08
Disease	disease_232	1.4150375199228942e-08
Disease	disease_231	1.4150375199228942e-08
Disease	disease_1154	1.4150375199228942e-08
Disease	disease_234	1.4150375199228942e-08
Disease	disease_19364	1.4150375199228942e-08
Disease	disease_227	1.4150375199228942e-08
Disease	disease_34204	1.4148416419623119e-08
Disease	disease_44637	1.4142478023846893e-08
Disease	disease_734	1.4137880723436064e-08
Disease	disease_12530	1.4134242589749982e-08
Disease	disease_17757	1.412923884632286e-08
Disease	disease_14532	1.4121006563612141e-08
Disease	disease_18330	1.4117442149426365e-08
Disease	disease_45030	1.4116023437984125e-08
Disease	disease_8565	1.4111196201346775e-08
Disease	disease_15294	1.4104967465234883e-08
Disease	disease_7779	1.4100660712987359e-08
Disease	disease_9714	1.410023845322272e-08
Disease	disease_8030	1.4097630834285741e-08
Disease	disease_10749	1.4093537831543967e-08
Disease	disease_9328	1.4092856332100651e-08
Disease	disease_8621	1.4084567214797332e-08
Disease	disease_32830	1.4074451893279221e-08
Disease	disease_3607	1.4073426983679604e-08
Disease	disease_17712	1.4071963366991556e-08
Disease	disease_15636	1.4070935169195766e-08
Disease	disease_5957	1.4070935169195766e-08
Disease	disease_5731	1.4070935169195766e-08
Disease	disease_13569	1.4070915356878847e-08
Disease	disease_10340	1.4067282576561642e-08
Disease	disease_32895	1.4055353032899976e-08
Disease	disease_8582	1.4054684712653744e-08
Disease	disease_17344	1.4051156243553377e-08
Disease	disease_30038	1.4050875896842228e-08
Disease	disease_13710	1.4046859547814374e-08
Disease	disease_8494	1.4045382418501708e-08
Disease	disease_5887	1.4040003803683488e-08
Disease	disease_10424	1.4036486343472237e-08
Disease	disease_1987	1.403588190318991e-08
Disease	disease_9459	1.4031866160051203e-08
Disease	disease_43923	1.4031734157412633e-08
Disease	disease_12998	1.4028476876657054e-08
Disease	disease_8499	1.4027879614976358e-08
Disease	disease_10222	1.4019936107237781e-08
Disease	disease_5413	1.4018147520351461e-08
Disease	disease_6043	1.401370877561453e-08
Disease	disease_483	1.4008850070305702e-08
Disease	disease_481	1.4008850070305702e-08
Disease	disease_12033	1.4006649181559e-08
Disease	disease_4605	1.4001854374904795e-08
Disease	disease_13132	1.3997884685450391e-08
Disease	disease_7188	1.3996706472334005e-08
Disease	disease_12964	1.3990626098396917e-08
Disease	disease_12761	1.3986536161943373e-08
Disease	disease_33622	1.3981010722706505e-08
Disease	disease_8182	1.3980801342338875e-08
Disease	disease_15047	1.3978132923989256e-08
Disease	disease_15301	1.3976929150604967e-08
Disease	disease_12190	1.3967287677552538e-08
Disease	disease_13066	1.3962948164887952e-08
Disease	disease_14671	1.3955195094218879e-08
Disease	disease_17415	1.3947014006867274e-08
Disease	disease_9961	1.3938750518867373e-08
Disease	disease_15238	1.3936184036820974e-08
Disease	disease_9822	1.3935270255087839e-08
Disease	disease_17002	1.3919250388305523e-08
Disease	disease_6656	1.3918414713710352e-08
Disease	disease_17525	1.3914961516471294e-08
Disease	disease_17526	1.3914961516471294e-08
Disease	disease_11528	1.3912855688947025e-08
Disease	disease_9905	1.3909159652175149e-08
Disease	disease_32748	1.3908526429054357e-08
Disease	disease_545	1.3906350923547858e-08
Disease	disease_18577	1.3900369201177548e-08
Disease	disease_18429	1.389964708654155e-08
Disease	disease_44638	1.389755130609261e-08
Disease	disease_14622	1.3894236907472875e-08
Disease	disease_12830	1.3890627580116134e-08
Disease	disease_16157	1.3884109033613269e-08
Disease	disease_4202	1.388149061365609e-08
Disease	disease_9233	1.3878834720188805e-08
Disease	disease_2121	1.387522815764978e-08
Disease	disease_6197	1.387300562974664e-08
Disease	disease_16647	1.3859602223253022e-08
Disease	disease_25512	1.3855250000444443e-08
Disease	disease_1629	1.3855250000444443e-08
Disease	disease_18756	1.3855250000444443e-08
Disease	disease_12027	1.3855250000444443e-08
Disease	disease_12028	1.3855250000444443e-08
Disease	disease_12263	1.3855250000444443e-08
Disease	disease_5435	1.3855250000444443e-08
Disease	disease_32653	1.3849780055336978e-08
Disease	disease_8253	1.3846425777488153e-08
Disease	disease_17734	1.3841310816762204e-08
Disease	disease_20852	1.3828179372112258e-08
Disease	disease_15592	1.3827203079539293e-08
Disease	disease_4840	1.3824695132634084e-08
Disease	disease_8207	1.382306196466384e-08
Disease	disease_3716	1.3820204344784192e-08
Disease	disease_7180	1.3816573674608145e-08
Disease	disease_12034	1.3813995764771381e-08
Disease	disease_4201	1.3812992143815382e-08
Disease	disease_19505	1.3812885084134364e-08
Disease	disease_19192	1.3812856453606684e-08
Disease	disease_17270	1.3810606807160146e-08
Disease	disease_6436	1.3809398026331393e-08
Disease	disease_32845	1.3807567872546858e-08
Disease	disease_1520	1.3806035796648131e-08
Disease	disease_32859	1.3804494114723133e-08
Disease	disease_30844	1.379769476559079e-08
Disease	disease_19668	1.3795270071766867e-08
Disease	disease_32863	1.3793661323873988e-08
Disease	disease_32739	1.3774073324742908e-08
Disease	disease_10337	1.3770018829743987e-08
Disease	disease_10890	1.3766635337261621e-08
Disease	disease_17356	1.3765215724719497e-08
Disease	disease_10332	1.3762045606341321e-08
Disease	disease_6356	1.3759874565225023e-08
Disease	disease_12535	1.3754500166633411e-08
Disease	disease_1859	1.37527142685859e-08
Disease	disease_18391	1.374846499942513e-08
Disease	disease_11887	1.374549508308826e-08
Disease	disease_33673	1.3744926931446452e-08
Disease	disease_9659	1.3740354066965227e-08
Disease	disease_14417	1.37393467590624e-08
Disease	disease_30868	1.373886151000156e-08
Disease	disease_14547	1.3731886986368418e-08
Disease	disease_32896	1.3726128447901954e-08
Disease	disease_5085	1.3720810500336707e-08
Disease	disease_33671	1.371854839074285e-08
Disease	disease_24279	1.37160337491625e-08
Disease	disease_32898	1.3714827364854299e-08
Disease	disease_2235	1.3710271217729594e-08
Disease	disease_17790	1.3708475701476528e-08
Disease	disease_2782	1.3697225480354073e-08
Disease	disease_10008	1.3693381858647641e-08
Disease	disease_20830	1.3693084042932268e-08
Disease	disease_14201	1.3692664313278591e-08
Disease	disease_1234	1.3692158270191809e-08
Disease	disease_988	1.3692158270191809e-08
Disease	disease_1199	1.3692158270191809e-08
Disease	disease_10505	1.3689853843077154e-08
Disease	disease_14720	1.3680365665167828e-08
Disease	disease_19232	1.367485963938254e-08
Disease	disease_32930	1.3673746539014582e-08
Disease	disease_19427	1.3671568595135139e-08
Disease	disease_7846	1.3668190044431229e-08
Disease	disease_926	1.3662441464626712e-08
Disease	disease_21052	1.3659809892485888e-08
Disease	disease_4049	1.3655482494484729e-08
Disease	disease_9607	1.3649393538926857e-08
Disease	disease_19420	1.3648304358649609e-08
Disease	disease_33639	1.3647320075868576e-08
Disease	disease_10625	1.3646756605965749e-08
Disease	disease_23581	1.3635206514890443e-08
Disease	disease_4880	1.362939574341318e-08
Disease	disease_1671	1.362939574341318e-08
Disease	disease_34846	1.362939574341318e-08
Disease	disease_17418	1.362939574341318e-08
Disease	disease_6868	1.362939574341318e-08
Disease	disease_18766	1.362939574341318e-08
Disease	disease_1284	1.362939574341318e-08
Disease	disease_6912	1.362939574341318e-08
Disease	disease_16208	1.362939574341318e-08
Disease	disease_20730	1.3621792734633612e-08
Disease	disease_2117	1.3621773089081171e-08
Disease	disease_14873	1.3616084279408142e-08
Disease	disease_1239	1.3603062810294911e-08
Disease	disease_9060	1.3602836041756549e-08
Disease	disease_2547	1.3602650637650201e-08
Disease	disease_18098	1.3601983347708096e-08
Disease	disease_22538	1.3593103412693812e-08
Disease	disease_7775	1.359037253477034e-08
Disease	disease_3691	1.3587667705039633e-08
Disease	disease_26732	1.3575700580500563e-08
Disease	disease_12208	1.3574667625817833e-08
Disease	disease_32931	1.3571226847492122e-08
Disease	disease_20040	1.3570036307385993e-08
Disease	disease_1776	1.3564389968834645e-08
Disease	disease_13277	1.3558784113976255e-08
Disease	disease_14688	1.3554872051787067e-08
Disease	disease_14397	1.3551402460643381e-08
Disease	disease_56817	1.3546542543289603e-08
Disease	disease_14800	1.3537143633786834e-08
Disease	disease_60641	1.3535212782187159e-08
Disease	disease_15412	1.3534783982023186e-08
Disease	disease_30013	1.353118911368254e-08
Disease	disease_3083	1.3528511429703051e-08
Disease	disease_11662	1.3526678490881514e-08
Disease	disease_21458	1.3526643216394488e-08
Disease	disease_18144	1.3526384679747824e-08
Disease	disease_10658	1.3519257857752954e-08
Disease	disease_16305	1.351345113310681e-08
Disease	disease_7986	1.350610029975031e-08
Disease	disease_9542	1.3505717028021634e-08
Disease	disease_32703	1.3504471920891685e-08
Disease	disease_13050	1.3500272504601117e-08
Disease	disease_9360	1.3494613719292286e-08
Disease	disease_13977	1.3494580611569973e-08
Disease	disease_14898	1.3491817947606743e-08
Disease	disease_2451	1.348679208565357e-08
Disease	disease_13393	1.3477183304873288e-08
Disease	disease_8827	1.3471620327671474e-08
Disease	disease_22573	1.3466122260838028e-08
Disease	disease_22574	1.3466122260838028e-08
Disease	disease_14178	1.3464082717959198e-08
Disease	disease_32938	1.344679996280746e-08
Disease	disease_11281	1.3446622192957844e-08
Disease	disease_13582	1.3445640765159669e-08
Disease	disease_4024	1.3442406201662993e-08
Disease	disease_13722	1.3442020387071607e-08
Disease	disease_30856	1.3431887503830256e-08
Disease	disease_15753	1.3428479880737187e-08
Disease	disease_2666	1.3421525179760682e-08
Disease	disease_17524	1.3417987815800555e-08
Disease	disease_17523	1.3417987815800555e-08
Disease	disease_18239	1.3417781844846586e-08
Disease	disease_1710	1.3412862845613206e-08
Disease	disease_60496	1.341086225389435e-08
Disease	disease_23224	1.3408917934251706e-08
Disease	disease_32908	1.33876938133601e-08
Disease	disease_4885	1.3382771024415445e-08
Disease	disease_16196	1.3382270466120165e-08
Disease	disease_6798	1.3382132790378943e-08
Disease	disease_9671	1.3379332121225104e-08
Disease	disease_3041	1.3378454355673831e-08
Disease	disease_20774	1.3376224076026071e-08
Disease	disease_33613	1.3372383507140931e-08
Disease	disease_18523	1.3372048851236996e-08
Disease	disease_8880	1.335927893145543e-08
Disease	disease_7892	1.3350887744695423e-08
Disease	disease_13380	1.3350249697894622e-08
Disease	disease_32572	1.3344439511080661e-08
Disease	disease_9845	1.331768647551559e-08
Disease	disease_18564	1.3306976429042196e-08
Disease	disease_32907	1.3298677150938102e-08
Disease	disease_9302	1.3288991470588245e-08
Disease	disease_2187	1.3283649342717843e-08
Disease	disease_3313	1.3281796305818341e-08
Disease	disease_2926	1.3278951003027908e-08
Disease	disease_32714	1.3278204408058612e-08
Disease	disease_16477	1.3275543734689368e-08
Disease	disease_10269	1.326797442555138e-08
Disease	disease_517	1.326490404193617e-08
Disease	disease_8425	1.3262070984543107e-08
Disease	disease_32570	1.3261347608541385e-08
Disease	disease_20798	1.3261233645569804e-08
Disease	disease_2293	1.3260257198751187e-08
Disease	disease_24275	1.3258662166038467e-08
Disease	disease_14803	1.3254417202159871e-08
Disease	disease_6700	1.3245601843373993e-08
Disease	disease_10170	1.3238933569662586e-08
Disease	disease_12967	1.3235087585220247e-08
Disease	disease_21234	1.3233233696907546e-08
Disease	disease_15446	1.3224534304585669e-08
Disease	disease_15775	1.3220812045999163e-08
Disease	disease_927	1.3218603204661484e-08
Disease	disease_9777	1.3218561969217159e-08
Disease	disease_10697	1.3215821886304005e-08
Disease	disease_9501	1.3208824834783785e-08
Disease	disease_20787	1.320215101693132e-08
Disease	disease_12878	1.3198511075115791e-08
Disease	disease_7704	1.3195445319587931e-08
Disease	disease_30025	1.3192971191723113e-08
Disease	disease_14681	1.3187596460666884e-08
Disease	disease_10812	1.3179491965532783e-08
Disease	disease_9140	1.317729748729477e-08
Disease	disease_27029	1.3176173390747206e-08
Disease	disease_13573	1.3174839920929612e-08
Disease	disease_1726	1.3173980667931615e-08
Disease	disease_10398	1.3173964276732034e-08
Disease	disease_32659	1.3170500918035579e-08
Disease	disease_14979	1.316824857715722e-08
Disease	disease_22907	1.3161745243752908e-08
Disease	disease_18302	1.3161745243752908e-08
Disease	disease_6792	1.3161745243752908e-08
Disease	disease_22749	1.3161745243752908e-08
Disease	disease_6546	1.3161745243752908e-08
Disease	disease_43783	1.3161745243752908e-08
Disease	disease_18139	1.3161745243752908e-08
Disease	disease_23388	1.3161745243752908e-08
Disease	disease_26045	1.3161745243752908e-08
Disease	disease_23679	1.3161745243752908e-08
Disease	disease_6569	1.3161745243752908e-08
Disease	disease_1647	1.3153730873817828e-08
Disease	disease_3730	1.3151955945635978e-08
Disease	disease_11032	1.3149899826008342e-08
Disease	disease_4307	1.314795809315203e-08
Disease	disease_15346	1.3142836770205209e-08
Disease	disease_21964	1.313996282861925e-08
Disease	disease_20476	1.313943090170308e-08
Disease	disease_17329	1.3136133062557905e-08
Disease	disease_16831	1.3131664958698533e-08
Disease	disease_10545	1.3128463912960146e-08
Disease	disease_6010	1.3126112281138883e-08
Disease	disease_3631	1.312530357087808e-08
Disease	disease_13509	1.3124650362159243e-08
Disease	disease_32838	1.312400049766076e-08
Disease	disease_32817	1.3123676484195088e-08
Disease	disease_33618	1.311930683420234e-08
Disease	disease_7260	1.3115398548903391e-08
Disease	disease_8212	1.3115398548903391e-08
Disease	disease_7752	1.3115398548903391e-08
Disease	disease_8255	1.3115398548903391e-08
Disease	disease_1219	1.31086827609939e-08
Disease	disease_1228	1.31086827609939e-08
Disease	disease_1224	1.31086827609939e-08
Disease	disease_7755	1.3102421447700954e-08
Disease	disease_14662	1.3100814706928063e-08
Disease	disease_12141	1.309962308884232e-08
Disease	disease_3378	1.3099256664497313e-08
Disease	disease_13820	1.3095190807502074e-08
Disease	disease_14903	1.3089709251744842e-08
Disease	disease_1317	1.3087409345455528e-08
Disease	disease_1440	1.3087409345455528e-08
Disease	disease_12161	1.3067626507183883e-08
Disease	disease_11151	1.3062454564263772e-08
Disease	disease_10046	1.3058179682242669e-08
Disease	disease_16591	1.3052507751707702e-08
Disease	disease_15860	1.3050050252137307e-08
Disease	disease_2914	1.3044275635996623e-08
Disease	disease_8802	1.3042438791650402e-08
Disease	disease_15210	1.303850869891719e-08
Disease	disease_17225	1.3032508076213138e-08
Disease	disease_13394	1.3026931509409108e-08
Disease	disease_20039	1.302651594587135e-08
Disease	disease_23563	1.302541054783803e-08
Disease	disease_10661	1.302512053504903e-08
Disease	disease_16576	1.3024277790930734e-08
Disease	disease_1558	1.3018890145078373e-08
Disease	disease_2999	1.3015266708922061e-08
Disease	disease_4337	1.3010911099688305e-08
Disease	disease_4345	1.301087929834848e-08
Disease	disease_6619	1.3005775068438944e-08
Disease	disease_11970	1.3004898872011602e-08
Disease	disease_13660	1.3004412343307578e-08
Disease	disease_18065	1.3003603089732552e-08
Disease	disease_9089	1.3003445125052206e-08
Disease	disease_10201	1.3001162484358887e-08
Disease	disease_10936	1.2997930873106566e-08
Disease	disease_14835	1.2993733687266856e-08
Disease	disease_43164	1.2993679272344476e-08
Disease	disease_30912	1.2992811497873038e-08
Disease	disease_15239	1.2987240284168868e-08
Disease	disease_11910	1.2984191324656302e-08
Disease	disease_11420	1.2979446172670298e-08
Disease	disease_840	1.2978876917067858e-08
Disease	disease_12444	1.2978797088815747e-08
Disease	disease_14091	1.297819476205475e-08
Disease	disease_14895	1.2976286495024828e-08
Disease	disease_8595	1.2968395622844607e-08
Disease	disease_30073	1.2965825002530511e-08
Disease	disease_8768	1.296021066590066e-08
Disease	disease_3991	1.2956836591756858e-08
Disease	disease_16198	1.2956557222355325e-08
Disease	disease_2705	1.2950097685020383e-08
Disease	disease_3648	1.2949168981833873e-08
Disease	disease_21915	1.2939429364254497e-08
Disease	disease_24461	1.2930038723663513e-08
Disease	disease_14516	1.2927351445031982e-08
Disease	disease_18206	1.2924545056882346e-08
Disease	disease_3828	1.2923065599755873e-08
Disease	disease_18831	1.2914805233671726e-08
Disease	disease_13297	1.2910724647121848e-08
Disease	disease_15011	1.2909909142590853e-08
Disease	disease_21008	1.2907468807269907e-08
Disease	disease_19506	1.2893101886839362e-08
Disease	disease_9120	1.2891923509225442e-08
Disease	disease_17062	1.2883109096504414e-08
Disease	disease_12549	1.288217617367774e-08
Disease	disease_18112	1.287949796369946e-08
Disease	disease_14328	1.2876722777470837e-08
Disease	disease_14392	1.287434361001903e-08
Disease	disease_7509	1.2863614436268515e-08
Disease	disease_21809	1.2862744533738158e-08
Disease	disease_2624	1.2862478712316387e-08
Disease	disease_15108	1.285879527610296e-08
Disease	disease_12432	1.2846410443568481e-08
Disease	disease_19418	1.2843595507589247e-08
Disease	disease_12076	1.2842092068396e-08
Disease	disease_17805	1.2840502974038254e-08
Disease	disease_21459	1.2839305949857353e-08
Disease	disease_10441	1.2835715291556703e-08
Disease	disease_10464	1.2835414873720295e-08
Disease	disease_16833	1.2819906390759554e-08
Disease	disease_25082	1.281302009826472e-08
Disease	disease_4410	1.2809359242138745e-08
Disease	disease_17651	1.2807714611460537e-08
Disease	disease_8162	1.2802582557760424e-08
Disease	disease_17933	1.280190365117764e-08
Disease	disease_9430	1.2801074791540868e-08
Disease	disease_14007	1.2798443982692443e-08
Disease	disease_3443	1.279816607777648e-08
Disease	disease_16950	1.2794777251571422e-08
Disease	disease_3960	1.279325116726249e-08
Disease	disease_30914	1.27863027254472e-08
Disease	disease_6729	1.2784014830027333e-08
Disease	disease_17687	1.278326989746655e-08
Disease	disease_7297	1.2783263439504615e-08
Disease	disease_9966	1.2782501547519792e-08
Disease	disease_18278	1.2777434008667905e-08
Disease	disease_7715	1.2771856756946398e-08
Disease	disease_60624	1.2771345514976373e-08
Disease	disease_17424	1.2765514006045058e-08
Disease	disease_4962	1.2759827263521893e-08
Disease	disease_4961	1.2759827263521893e-08
Disease	disease_15021	1.2755601513466122e-08
Disease	disease_12931	1.2753966994330298e-08
Disease	disease_13308	1.275354028848038e-08
Disease	disease_21546	1.2747526953025349e-08
Disease	disease_10807	1.2734727660852755e-08
Disease	disease_10182	1.2733792451187589e-08
Disease	disease_8712	1.2731131563528706e-08
Disease	disease_32880	1.2722932739189798e-08
Disease	disease_19202	1.272200780540521e-08
Disease	disease_20769	1.2721024163048038e-08
Disease	disease_12784	1.2718600902066055e-08
Disease	disease_10192	1.2716292777015538e-08
Disease	disease_60554	1.2715285697327552e-08
Disease	disease_7362	1.2713092282248376e-08
Disease	disease_11007	1.2712375546006866e-08
Disease	disease_16442	1.2711099795565161e-08
Disease	disease_16880	1.2706728808683125e-08
Disease	disease_7302	1.2705704895751405e-08
Disease	disease_16147	1.270561479266699e-08
Disease	disease_21245	1.270286273840448e-08
Disease	disease_43166	1.2700589142561262e-08
Disease	disease_13821	1.2700427067782108e-08
Disease	disease_21303	1.2699223591142147e-08
Disease	disease_1818	1.2693493156732667e-08
Disease	disease_2630	1.2681769426276529e-08
Disease	disease_14163	1.2679622239063388e-08
Disease	disease_16149	1.2676623590554538e-08
Disease	disease_3523	1.2675719891630848e-08
Disease	disease_13685	1.2666017438075699e-08
Disease	disease_14863	1.2665421954291017e-08
Disease	disease_14682	1.2662369467255976e-08
Disease	disease_10343	1.2657743468738243e-08
Disease	disease_6713	1.2650451579358494e-08
Disease	disease_11493	1.2647365770324629e-08
Disease	disease_7304	1.2645373024749603e-08
Disease	disease_2783	1.2643306533304357e-08
Disease	disease_16533	1.2642732878587514e-08
Disease	disease_19732	1.2642732878587514e-08
Disease	disease_19731	1.2642732878587514e-08
Disease	disease_19733	1.2642732878587514e-08
Disease	disease_3359	1.2638256413613179e-08
Disease	disease_3356	1.2638256413613179e-08
Disease	disease_8473	1.2635492120827298e-08
Disease	disease_10763	1.263270651137772e-08
Disease	disease_18565	1.2626827888305103e-08
Disease	disease_9851	1.2624917418488402e-08
Disease	disease_10689	1.2621929888352503e-08
Disease	disease_13292	1.2621448151761285e-08
Disease	disease_12905	1.2620162514281216e-08
Disease	disease_21119	1.2615339458135737e-08
Disease	disease_11034	1.2613255541055259e-08
Disease	disease_21049	1.261182811447207e-08
Disease	disease_14646	1.2611574987729892e-08
Disease	disease_10390	1.260901882731202e-08
Disease	disease_22557	1.260183223802893e-08
Disease	disease_20835	1.2587062997064448e-08
Disease	disease_45004	1.2586592997329786e-08
Disease	disease_20296	1.2583318871275998e-08
Disease	disease_7148	1.258294521977467e-08
Disease	disease_18692	1.2580228471052776e-08
Disease	disease_15986	1.2576406087817084e-08
Disease	disease_14545	1.2575041090594932e-08
Disease	disease_11814	1.2572980607028241e-08
Disease	disease_17928	1.2572047924363305e-08
Disease	disease_12212	1.2571757303531398e-08
Disease	disease_18758	1.2565313173513211e-08
Disease	disease_8568	1.2558076426666545e-08
Disease	disease_8985	1.2556848778586657e-08
Disease	disease_14147	1.2555793254179123e-08
Disease	disease_14038	1.2548112221764475e-08
Disease	disease_11263	1.2543294272712052e-08
Disease	disease_1463	1.2539223999123413e-08
Disease	disease_2357	1.2539223999123413e-08
Disease	disease_21164	1.2538980469563366e-08
Disease	disease_18084	1.2534131602667218e-08
Disease	disease_16811	1.2528827394566936e-08
Disease	disease_19393	1.2525729783195737e-08
Disease	disease_10907	1.2517435638111601e-08
Disease	disease_11206	1.2516734465474577e-08
Disease	disease_6887	1.2512445959540123e-08
Disease	disease_5978	1.250466322472947e-08
Disease	disease_11545	1.250458656186604e-08
Disease	disease_17686	1.2499896808697011e-08
Disease	disease_60622	1.2497881526254237e-08
Disease	disease_3093	1.2496404747095053e-08
Disease	disease_17223	1.2496073451184656e-08
Disease	disease_23069	1.2492916384205657e-08
Disease	disease_17658	1.2484281878902884e-08
Disease	disease_2328	1.2483713729391536e-08
Disease	disease_9330	1.248335750143975e-08
Disease	disease_13269	1.247345125489832e-08
Disease	disease_8477	1.2465590150999904e-08
Disease	disease_18067	1.2461206221849522e-08
Disease	disease_32608	1.2461147279707723e-08
Disease	disease_12717	1.2461071825642567e-08
Disease	disease_2871	1.2459697709350172e-08
Disease	disease_11271	1.245818862089535e-08
Disease	disease_9743	1.2457950454973747e-08
Disease	disease_32790	1.2454838552680578e-08
Disease	disease_11653	1.2452544581312792e-08
Disease	disease_7625	1.2451899542097823e-08
Disease	disease_24284	1.245173401690772e-08
Disease	disease_16017	1.2447394021591717e-08
Disease	disease_19114	1.2439869814235486e-08
Disease	disease_21562	1.2425860618382666e-08
Disease	disease_20679	1.2425081592654831e-08
Disease	disease_19789	1.2423873425012676e-08
Disease	disease_33483	1.241292395070354e-08
Disease	disease_9679	1.240863298283345e-08
Disease	disease_18491	1.2402510557867074e-08
Disease	disease_3766	1.2401718983308083e-08
Disease	disease_19875	1.2397121709069538e-08
Disease	disease_10325	1.2392742752073426e-08
Disease	disease_4882	1.2392391142675171e-08
Disease	disease_18889	1.2386170623436023e-08
Disease	disease_20707	1.2385142013244146e-08
Disease	disease_43765	1.2385142013244146e-08
Disease	disease_44001	1.2385142013244146e-08
Disease	disease_14811	1.2379831751199292e-08
Disease	disease_8578	1.2374960819780834e-08
Disease	disease_4181	1.236232577861137e-08
Disease	disease_4534	1.236232577861137e-08
Disease	disease_14471	1.2355488375703276e-08
Disease	disease_17045	1.2355139755998602e-08
Disease	disease_9464	1.2354541365041104e-08
Disease	disease_6098	1.2354334561001124e-08
Disease	disease_12087	1.2351235706285697e-08
Disease	disease_12844	1.2351235706285697e-08
Disease	disease_18697	1.2349013121405313e-08
Disease	disease_17263	1.2348419588754703e-08
Disease	disease_5518	1.2342122901569815e-08
Disease	disease_14833	1.2340321225644341e-08
Disease	disease_14908	1.2336645669843934e-08
Disease	disease_33968	1.2331747502148087e-08
Disease	disease_32763	1.2330805586272541e-08
Disease	disease_7399	1.232233341943033e-08
Disease	disease_17138	1.2320129777465617e-08
Disease	disease_7861	1.231926849849465e-08
Disease	disease_44655	1.2316881354545936e-08
Disease	disease_37740	1.2316171353334011e-08
Disease	disease_13776	1.2311941194758768e-08
Disease	disease_1618	1.230817646503925e-08
Disease	disease_5981	1.2307651672045726e-08
Disease	disease_4207	1.2307420609640662e-08
Disease	disease_40500	1.2303236739608929e-08
Disease	disease_44337	1.2298709121352387e-08
Disease	disease_17573	1.2289875867819913e-08
Disease	disease_11332	1.2289546483932108e-08
Disease	disease_9581	1.2289474781554232e-08
Disease	disease_417	1.2286050530915127e-08
Disease	disease_32816	1.2281605440067003e-08
Disease	disease_3479	1.2280667426575848e-08
Disease	disease_5555	1.2280174206070962e-08
Disease	disease_6183	1.2279860986351581e-08
Disease	disease_32901	1.2278706351729691e-08
Disease	disease_11819	1.2275457190144387e-08
Disease	disease_6309	1.2272452908927206e-08
Disease	disease_11956	1.226945439680322e-08
Disease	disease_33838	1.2262993890399082e-08
Disease	disease_8456	1.2261842592392763e-08
Disease	disease_8084	1.2260885677167517e-08
Disease	disease_19074	1.225735587531498e-08
Disease	disease_6347	1.2255444826034392e-08
Disease	disease_10131	1.2235821910657523e-08
Disease	disease_16789	1.2233432160266134e-08
Disease	disease_17094	1.2229262541371194e-08
Disease	disease_17846	1.2228585600827402e-08
Disease	disease_10835	1.22247156944171e-08
Disease	disease_17794	1.2224474963486656e-08
Disease	disease_5576	1.2224408208574725e-08
Disease	disease_14490	1.2216943014500671e-08
Disease	disease_13895	1.2215408669962238e-08
Disease	disease_18370	1.2212372456220063e-08
Disease	disease_6527	1.220375569609031e-08
Disease	disease_13787	1.2203182071581006e-08
Disease	disease_2617	1.2199146997809559e-08
Disease	disease_4405	1.2193750255133116e-08
Disease	disease_3992	1.2191640900941501e-08
Disease	disease_13236	1.2190811856404691e-08
Disease	disease_11088	1.2189636878361497e-08
Disease	disease_9054	1.21895308398173e-08
Disease	disease_15018	1.2185743779904603e-08
Disease	disease_18357	1.2182484468966096e-08
Disease	disease_100134	1.21824316756017e-08
Disease	disease_7989	1.2182286423322402e-08
Disease	disease_15706	1.2172845291187427e-08
Disease	disease_60759	1.2163082615799268e-08
Disease	disease_3286	1.2154558549695928e-08
Disease	disease_33662	1.2146871412333887e-08
Disease	disease_10972	1.214608469383614e-08
Disease	disease_2448	1.2140277989033229e-08
Disease	disease_12324	1.2138988356855116e-08
Disease	disease_8915	1.213665189002787e-08
Disease	disease_8083	1.2132241789769528e-08
Disease	disease_60760	1.2129905125126612e-08
Disease	disease_4248	1.212963722152961e-08
Disease	disease_14514	1.2125685644530697e-08
Disease	disease_6287	1.2124516060213214e-08
Disease	disease_6239	1.212391259604345e-08
Disease	disease_60640	1.2121171372258251e-08
Disease	disease_29131	1.2117682770726946e-08
Disease	disease_13922	1.2116440464443533e-08
Disease	disease_4140	1.2104002328777123e-08
Disease	disease_2852	1.2100755426578114e-08
Disease	disease_18403	1.2099096742222978e-08
Disease	disease_18395	1.2090985468172864e-08
Disease	disease_17969	1.2090803585263585e-08
Disease	disease_12792	1.2086133930311093e-08
Disease	disease_18207	1.2081801394318472e-08
Disease	disease_9080	1.2079702020890995e-08
Disease	disease_11368	1.2075794205213303e-08
Disease	disease_11312	1.2075794205213303e-08
Disease	disease_4491	1.2073924633314144e-08
Disease	disease_13695	1.2073029527395138e-08
Disease	disease_8416	1.2072322288531696e-08
Disease	disease_6469	1.2057931276109423e-08
Disease	disease_10067	1.2050859551288058e-08
Disease	disease_8635	1.2040823746891243e-08
Disease	disease_19264	1.2035687454407364e-08
Disease	disease_19272	1.2034510128499735e-08
Disease	disease_44995	1.2030239987336513e-08
Disease	disease_7757	1.2030208592362899e-08
Disease	disease_14816	1.2020526892002233e-08
Disease	disease_14917	1.2018248835818309e-08
Disease	disease_4535	1.2013150401757868e-08
Disease	disease_21499	1.2012302217868293e-08
Disease	disease_5684	1.201079767379332e-08
Disease	disease_9093	1.2004477081663276e-08
Disease	disease_10786	1.1999773632238157e-08
Disease	disease_2862	1.1995904824531998e-08
Disease	disease_9248	1.1993615593846828e-08
Disease	disease_12406	1.1991290101121458e-08
Disease	disease_100144	1.1984989670236325e-08
Disease	disease_11089	1.197508247488053e-08
Disease	disease_15330	1.1974690327875653e-08
Disease	disease_100226	1.197129011846105e-08
Disease	disease_15704	1.1967930648164468e-08
Disease	disease_14320	1.1964977432235004e-08
Disease	disease_18680	1.1959290378958047e-08
Disease	disease_18679	1.1959290378958047e-08
Disease	disease_14129	1.1958751027422243e-08
Disease	disease_32870	1.1956508111941046e-08
Disease	disease_1501	1.1950620398912441e-08
Disease	disease_3398	1.194175470167466e-08
Disease	disease_11937	1.1935917596232636e-08
Disease	disease_17877	1.1935460852873512e-08
Disease	disease_17878	1.1935460852873512e-08
Disease	disease_8500	1.1933132945343253e-08
Disease	disease_25135	1.1932725465865654e-08
Disease	disease_5574	1.1922638357115636e-08
Disease	disease_17803	1.1922638357115636e-08
Disease	disease_22308	1.1922638357115636e-08
Disease	disease_20708	1.1922638357115636e-08
Disease	disease_2017	1.1922638357115636e-08
Disease	disease_4340	1.1920144242941121e-08
Disease	disease_4287	1.1920144242941121e-08
Disease	disease_32568	1.191624509181176e-08
Disease	disease_18061	1.1914226352826086e-08
Disease	disease_3830	1.191101270468338e-08
Disease	disease_3831	1.191101270468338e-08
Disease	disease_118	1.190880837241173e-08
Disease	disease_2889	1.1908167969523216e-08
Disease	disease_18560	1.190663987547594e-08
Disease	disease_15090	1.1904376087165753e-08
Disease	disease_24291	1.1899818430067518e-08
Disease	disease_5721	1.1899221536473688e-08
Disease	disease_2029	1.1896052167610641e-08
Disease	disease_29130	1.1890536195372816e-08
Disease	disease_8206	1.1878821374788942e-08
Disease	disease_1683	1.1878816829746389e-08
Disease	disease_1079	1.1878816829746389e-08
Disease	disease_16952	1.1876669965226371e-08
Disease	disease_11915	1.1875330647733243e-08
Disease	disease_24310	1.1874060192401685e-08
Disease	disease_13554	1.1872145065739033e-08
Disease	disease_18984	1.187014757102755e-08
Disease	disease_14900	1.186924220466926e-08
Disease	disease_8321	1.186882719781047e-08
Disease	disease_1236	1.1859998696266187e-08
Disease	disease_15252	1.1854072610465587e-08
Disease	disease_8543	1.185279949429988e-08
Disease	disease_15097	1.184948929652935e-08
Disease	disease_10941	1.1847818207631272e-08
Disease	disease_8928	1.1844699587639615e-08
Disease	disease_23597	1.1838440145048522e-08
Disease	disease_12569	1.1836112803333297e-08
Disease	disease_10056	1.1832645996247477e-08
Disease	disease_1781	1.1829549741993633e-08
Disease	disease_21541	1.182528717685324e-08
Disease	disease_20287	1.1824881757902881e-08
Disease	disease_162	1.1823747372087425e-08
Disease	disease_13764	1.1822551021682318e-08
Disease	disease_16780	1.1817614975711588e-08
Disease	disease_2678	1.181300701613416e-08
Disease	disease_10271	1.1811516822215881e-08
Disease	disease_9521	1.1811310843785924e-08
Disease	disease_13534	1.1809582168230327e-08
Disease	disease_13837	1.179917514252153e-08
Disease	disease_37256	1.1798907753562566e-08
Disease	disease_7977	1.1790055997572057e-08
Disease	disease_32900	1.1789001335192825e-08
Disease	disease_44302	1.1788775977972932e-08
Disease	disease_21009	1.1780748467876225e-08
Disease	disease_4707	1.178018083026554e-08
Disease	disease_660	1.1778823027748605e-08
Disease	disease_32919	1.1769758695998014e-08
Disease	disease_14593	1.1766449247662905e-08
Disease	disease_8291	1.1761823602006447e-08
Disease	disease_11529	1.1755543754347523e-08
Disease	disease_13741	1.1754674588949443e-08
Disease	disease_24954	1.175195581758727e-08
Disease	disease_17643	1.1743116296099377e-08
Disease	disease_14577	1.173449289818627e-08
Disease	disease_32877	1.1733516700155266e-08
Disease	disease_3328	1.1731503565902556e-08
Disease	disease_13720	1.1728890316725068e-08
Disease	disease_30012	1.1719033850138792e-08
Disease	disease_16291	1.1718336619245299e-08
Disease	disease_14968	1.1717611925499063e-08
Disease	disease_13533	1.1716985968653096e-08
Disease	disease_16199	1.1714955411334077e-08
Disease	disease_24266	1.1698951983514842e-08
Disease	disease_6075	1.1698289511448904e-08
Disease	disease_8619	1.1696471546844799e-08
Disease	disease_18640	1.1695790332589954e-08
Disease	disease_9446	1.1691788631206891e-08
Disease	disease_4227	1.1686923713501035e-08
Disease	disease_16469	1.1685227678362485e-08
Disease	disease_11824	1.1675135705778569e-08
Disease	disease_24326	1.1674839894630252e-08
Disease	disease_16710	1.1669500128470413e-08
Disease	disease_14333	1.1666164584283206e-08
Disease	disease_6838	1.1664166241984772e-08
Disease	disease_13672	1.1652881084428559e-08
Disease	disease_26727	1.1650636735328579e-08
Disease	disease_9912	1.1649207737222839e-08
Disease	disease_13900	1.164869372138539e-08
Disease	disease_32813	1.16485642536344e-08
Disease	disease_24523	1.1648504748517005e-08
Disease	disease_11690	1.1647114468018569e-08
Disease	disease_13680	1.1644768426981976e-08
Disease	disease_14995	1.1643537636514784e-08
Disease	disease_3241	1.1643226745770264e-08
Disease	disease_13133	1.1642696467230719e-08
Disease	disease_43254	1.163735178007361e-08
Disease	disease_17836	1.1636616780582826e-08
Disease	disease_13679	1.1632568554389328e-08
Disease	disease_10704	1.1631855550642455e-08
Disease	disease_334	1.1620138110648036e-08
Disease	disease_24673	1.1619946405836084e-08
Disease	disease_10638	1.1619753026874755e-08
Disease	disease_3624	1.161953371655426e-08
Disease	disease_20647	1.1618442691449809e-08
Disease	disease_400002	1.161644640965983e-08
Disease	disease_10527	1.1615099358791282e-08
Disease	disease_33482	1.1609826550457566e-08
Disease	disease_10321	1.1602205116037281e-08
Disease	disease_60562	1.1595721567316331e-08
Disease	disease_5050	1.1592717091706142e-08
Disease	disease_60577	1.159200135201752e-08
Disease	disease_11170	1.158967023863819e-08
Disease	disease_9497	1.1583034111275932e-08
Disease	disease_2768	1.1577702163840172e-08
Disease	disease_45003	1.1570180478564233e-08
Disease	disease_11203	1.1565773839828184e-08
Disease	disease_5007	1.156530815453423e-08
Disease	disease_3898	1.1545080332877765e-08
Disease	disease_4233	1.1545080332877765e-08
Disease	disease_4225	1.154295677495974e-08
Disease	disease_13510	1.1542924259733306e-08
Disease	disease_19969	1.1541557824044729e-08
Disease	disease_8547	1.1541465103186773e-08
Disease	disease_21487	1.1532489401775921e-08
Disease	disease_1554	1.1528192880439325e-08
Disease	disease_2792	1.1524860247160572e-08
Disease	disease_2791	1.1524860247160572e-08
Disease	disease_2799	1.1524860247160572e-08
Disease	disease_16712	1.1524860247160572e-08
Disease	disease_16709	1.1524860247160572e-08
Disease	disease_7560	1.1524269049664125e-08
Disease	disease_8883	1.1519319300980988e-08
Disease	disease_9097	1.1518189605672947e-08
Disease	disease_248	1.1511398851889512e-08
Disease	disease_5902	1.1498762386206971e-08
Disease	disease_32697	1.1498453968705185e-08
Disease	disease_7181	1.149815358789552e-08
Disease	disease_16493	1.1496309088018934e-08
Disease	disease_11391	1.1487699429026939e-08
Disease	disease_3293	1.1487203185657066e-08
Disease	disease_6255	1.1480279571170093e-08
Disease	disease_18929	1.1475139340969452e-08
Disease	disease_32887	1.1474882765968131e-08
Disease	disease_10047	1.146400888701578e-08
Disease	disease_7437	1.146299942085982e-08
Disease	disease_32773	1.1462884592552375e-08
Disease	disease_19412	1.1453629450592723e-08
Disease	disease_7075	1.1453195243389519e-08
Disease	disease_18129	1.1452848378868192e-08
Disease	disease_60490	1.1448684476620384e-08
Disease	disease_7728	1.1447578018436223e-08
Disease	disease_21155	1.1446009992635502e-08
Disease	disease_16260	1.1440679427785037e-08
Disease	disease_10583	1.1433811456711616e-08
Disease	disease_33046	1.1431636298608726e-08
Disease	disease_9769	1.1426597559533591e-08
Disease	disease_8132	1.1423473272715017e-08
Disease	disease_11278	1.1421818719715967e-08
Disease	disease_10364	1.1417651847535007e-08
Disease	disease_6986	1.1414871281212007e-08
Disease	disease_10275	1.1414706009414438e-08
Disease	disease_32888	1.1412595648229812e-08
Disease	disease_13391	1.1408115469896999e-08
Disease	disease_13876	1.1403516213192211e-08
Disease	disease_16967	1.1401849254319856e-08
Disease	disease_22481	1.1400741112647923e-08
Disease	disease_22949	1.1400741112647923e-08
Disease	disease_22333	1.1400741112647923e-08
Disease	disease_22795	1.1400741112647923e-08
Disease	disease_15967	1.1400741112647923e-08
Disease	disease_22468	1.1400741112647923e-08
Disease	disease_10043	1.1390805619677724e-08
Disease	disease_6228	1.138289816407449e-08
Disease	disease_16911	1.1381906951010514e-08
Disease	disease_10738	1.1380638202497946e-08
Disease	disease_14878	1.136755955392453e-08
Disease	disease_20146	1.1367244723765887e-08
Disease	disease_13069	1.1363955041279882e-08
Disease	disease_43683	1.1359954743805478e-08
Disease	disease_60621	1.1358617019986501e-08
Disease	disease_11359	1.135545454804949e-08
Disease	disease_5074	1.1355379099511712e-08
Disease	disease_5544	1.135198522027909e-08
Disease	disease_21424	1.135179641905797e-08
Disease	disease_32842	1.1351639911735591e-08
Disease	disease_13549	1.1348315308290083e-08
Disease	disease_16040	1.1347249834831557e-08
Disease	disease_1295	1.1347249834831557e-08
Disease	disease_18617	1.1347249834831557e-08
Disease	disease_13389	1.1347243689560137e-08
Disease	disease_11928	1.1340978884517942e-08
Disease	disease_15136	1.1337824326734951e-08
Disease	disease_40678	1.1336480152058839e-08
Disease	disease_43116	1.1335252488562463e-08
Disease	disease_16151	1.1334341276850357e-08
Disease	disease_16015	1.1332263859657645e-08
Disease	disease_32690	1.132947947570883e-08
Disease	disease_19227	1.1324980436491586e-08
Disease	disease_9568	1.132368685206926e-08
Disease	disease_100000	1.1322640167643809e-08
Disease	disease_8703	1.1319971481984047e-08
Disease	disease_8736	1.1319199166709482e-08
Disease	disease_6479	1.1317923975911463e-08
Disease	disease_20656	1.131422705391475e-08
Disease	disease_9436	1.1314148014514391e-08
Disease	disease_19775	1.1309465420340252e-08
Disease	disease_8944	1.1308836639501327e-08
Disease	disease_15000	1.130632120512386e-08
Disease	disease_10025	1.1301934118268988e-08
Disease	disease_9847	1.1296581844825936e-08
Disease	disease_24560	1.1294599796671572e-08
Disease	disease_3165	1.1293645360576542e-08
Disease	disease_7769	1.128687136441028e-08
Disease	disease_13172	1.1277470522331891e-08
Disease	disease_2188	1.1277452511367435e-08
Disease	disease_4174	1.1273749659403913e-08
Disease	disease_4175	1.1273749659403913e-08
Disease	disease_4220	1.1273749659403913e-08
Disease	disease_4019	1.1273749659403913e-08
Disease	disease_3022	1.1273080170736856e-08
Disease	disease_12843	1.127192243019229e-08
Disease	disease_13612	1.1271669288777782e-08
Disease	disease_13530	1.1265211610759284e-08
Disease	disease_17942	1.1263504135801489e-08
Disease	disease_11919	1.1263097727412707e-08
Disease	disease_100232	1.1261696743531734e-08
Disease	disease_410	1.1257861397942762e-08
Disease	disease_15191	1.1257728208283686e-08
Disease	disease_18725	1.1257366112863711e-08
Disease	disease_32779	1.1256658322115434e-08
Disease	disease_1633	1.1255860208306296e-08
Disease	disease_11833	1.1255085610493345e-08
Disease	disease_14902	1.1251930667964562e-08
Disease	disease_10219	1.1251121758531184e-08
Disease	disease_1035	1.1249934508141552e-08
Disease	disease_7487	1.1243356610360081e-08
Disease	disease_16742	1.1240292839813545e-08
Disease	disease_10588	1.1238314834039623e-08
Disease	disease_15005	1.1237870792346435e-08
Disease	disease_1441	1.1234344953212824e-08
Disease	disease_1301	1.1234344953212824e-08
Disease	disease_13725	1.1228878929169446e-08
Disease	disease_6222	1.1219374824734313e-08
Disease	disease_32702	1.1217259674667063e-08
Disease	disease_7472	1.1215509599698786e-08
Disease	disease_3337	1.1212149265444764e-08
Disease	disease_8655	1.1204987542371036e-08
Disease	disease_3796	1.1202025053007277e-08
Disease	disease_44874	1.12017402082745e-08
Disease	disease_14045	1.1200119701469085e-08
Disease	disease_4156	1.1196737341313038e-08
Disease	disease_13233	1.1182489454106414e-08
Disease	disease_17857	1.1182327161790548e-08
Disease	disease_10754	1.1176832561850489e-08
Disease	disease_2748	1.1175927697759143e-08
Disease	disease_8900	1.1174736800461907e-08
Disease	disease_10363	1.1169194737588447e-08
Disease	disease_11115	1.1168448951330893e-08
Disease	disease_17865	1.116824394129868e-08
Disease	disease_16945	1.1139662563959374e-08
Disease	disease_8161	1.1136537210300975e-08
Disease	disease_8412	1.1133970882607209e-08
Disease	disease_16783	1.112610126998279e-08
Disease	disease_14445	1.112497344536759e-08
Disease	disease_20775	1.1121726835564424e-08
Disease	disease_14565	1.1120588644430447e-08
Disease	disease_13076	1.1120283513281904e-08
Disease	disease_17758	1.1118733646733507e-08
Disease	disease_14227	1.1114997399007323e-08
Disease	disease_2063	1.1114333814384317e-08
Disease	disease_8990	1.1110353419894723e-08
Disease	disease_10342	1.1109940950046468e-08
Disease	disease_12820	1.1107811402107926e-08
Disease	disease_11412	1.110403496336062e-08
Disease	disease_2062	1.1100750501554505e-08
Disease	disease_20490	1.109667474033556e-08
Disease	disease_584	1.1092833191792461e-08
Disease	disease_9758	1.1092537369448428e-08
Disease	disease_5900	1.1089722259279122e-08
Disease	disease_13303	1.108901991341e-08
Disease	disease_10141	1.108507636122935e-08
Disease	disease_12734	1.1083324804353506e-08
Disease	disease_12916	1.1080689927821266e-08
Disease	disease_5204	1.1080097919896358e-08
Disease	disease_14020	1.107671289161007e-08
Disease	disease_100247	1.1075356566478854e-08
Disease	disease_11040	1.1075330832763029e-08
Disease	disease_9674	1.1075277743042418e-08
Disease	disease_12965	1.1073138599802806e-08
Disease	disease_42970	1.1072637136186403e-08
Disease	disease_636	1.1070345618584806e-08
Disease	disease_12490	1.1070297702887795e-08
Disease	disease_44342	1.1069961184602097e-08
Disease	disease_54801	1.1068597654183424e-08
Disease	disease_16846	1.1064374228335372e-08
Disease	disease_14476	1.1057520529159142e-08
Disease	disease_10993	1.104435916252714e-08
Disease	disease_13196	1.1044257118498912e-08
Disease	disease_12835	1.1044097310944508e-08
Disease	disease_11569	1.1043622856380887e-08
Disease	disease_2131	1.1042408147438606e-08
Disease	disease_14975	1.1035472302808195e-08
Disease	disease_2915	1.1035061735185938e-08
Disease	disease_33368	1.1032354410871118e-08
Disease	disease_12449	1.1029579695934867e-08
Disease	disease_14232	1.1029300226260454e-08
Disease	disease_2592	1.1028847588172027e-08
Disease	disease_10605	1.1028517928291588e-08
Disease	disease_14579	1.1000831103099209e-08
Disease	disease_13176	1.0993443074189636e-08
Disease	disease_13936	1.0989638044799357e-08
Disease	disease_36915	1.0985560289840662e-08
Disease	disease_10241	1.0984671683099032e-08
Disease	disease_12213	1.0983046048925741e-08
Disease	disease_7390	1.0978914696339333e-08
Disease	disease_10459	1.0976211997228367e-08
Disease	disease_13696	1.0974267584297639e-08
Disease	disease_4667	1.0955574790007293e-08
Disease	disease_14766	1.0954031225514919e-08
Disease	disease_17077	1.0953917332110174e-08
Disease	disease_21208	1.094837457072839e-08
Disease	disease_3021	1.0946243997078258e-08
Disease	disease_14567	1.0940320796173612e-08
Disease	disease_22904	1.0939189849567037e-08
Disease	disease_4700	1.0938885868904365e-08
Disease	disease_7876	1.0933423035859307e-08
Disease	disease_13235	1.0920899979404492e-08
Disease	disease_26771	1.091717299626184e-08
Disease	disease_56806	1.0914848831539299e-08
Disease	disease_20593	1.091045315374882e-08
Disease	disease_5507	1.0909621885182188e-08
Disease	disease_20485	1.0905395278254852e-08
Disease	disease_938	1.0901896005728633e-08
Disease	disease_33547	1.0899029862745405e-08
Disease	disease_7862	1.0896324812416818e-08
Disease	disease_11546	1.0889912219953486e-08
Disease	disease_23134	1.0888328531892031e-08
Disease	disease_17771	1.0887354382177433e-08
Disease	disease_14533	1.0880085756932168e-08
Disease	disease_14124	1.0876954534913556e-08
Disease	disease_1815	1.0873751428514465e-08
Disease	disease_2085	1.0873751428514465e-08
Disease	disease_15538	1.0872647937121203e-08
Disease	disease_9873	1.087087480179582e-08
Disease	disease_32646	1.0866961993810391e-08
Disease	disease_100219	1.086487442149388e-08
Disease	disease_16665	1.0856415400687306e-08
Disease	disease_15883	1.0855953258625329e-08
Disease	disease_15083	1.0846331025435674e-08
Disease	disease_21028	1.0845676273091991e-08
Disease	disease_9574	1.0844352661643558e-08
Disease	disease_13568	1.0837296243455358e-08
Disease	disease_1109	1.0837192844258183e-08
Disease	disease_15589	1.0836592580538615e-08
Disease	disease_10608	1.083608139127113e-08
Disease	disease_7634	1.083532143664058e-08
Disease	disease_14639	1.083371227364756e-08
Disease	disease_3291	1.0831139080807013e-08
Disease	disease_14950	1.0829194776227142e-08
Disease	disease_2031	1.082739944236762e-08
Disease	disease_3806	1.0822759585392262e-08
Disease	disease_7657	1.081847486030355e-08
Disease	disease_7898	1.081847486030355e-08
Disease	disease_11637	1.0814285986578591e-08
Disease	disease_3956	1.0812410020843351e-08
Disease	disease_8569	1.0808602770357154e-08
Disease	disease_18731	1.0806889695507873e-08
Disease	disease_11378	1.0806736221197465e-08
Disease	disease_7370	1.0804207911082323e-08
Disease	disease_33544	1.0800830466054854e-08
Disease	disease_8909	1.0799718884211915e-08
Disease	disease_13788	1.0794351695276562e-08
Disease	disease_1598	1.0793865139251747e-08
Disease	disease_10977	1.0792163283008781e-08
Disease	disease_12078	1.0790900702428485e-08
Disease	disease_11739	1.0788869190405366e-08
Disease	disease_8613	1.0787440802309315e-08
Disease	disease_7651	1.078136139342413e-08
Disease	disease_15230	1.0776421422446651e-08
Disease	disease_9969	1.0775855763107224e-08
Disease	disease_14043	1.0775180904625568e-08
Disease	disease_8419	1.0773614144775447e-08
Disease	disease_16018	1.0771942969736625e-08
Disease	disease_9471	1.076912357817272e-08
Disease	disease_20506	1.0765482620708057e-08
Disease	disease_12115	1.0763827016332323e-08
Disease	disease_12132	1.076185666826979e-08
Disease	disease_14904	1.0757996820632308e-08
Disease	disease_6493	1.075649403991665e-08
Disease	disease_7429	1.0755997808254402e-08
Disease	disease_13461	1.0755436138365103e-08
Disease	disease_21076	1.0749459409437128e-08
Disease	disease_54802	1.0748647001185544e-08
Disease	disease_12054	1.0740604195348548e-08
Disease	disease_32672	1.0740469257074848e-08
Disease	disease_3470	1.0739163746073085e-08
Disease	disease_3474	1.0739163746073085e-08
Disease	disease_60677	1.0727549208906396e-08
Disease	disease_2112	1.072574989950127e-08
Disease	disease_9789	1.0725198743088552e-08
Disease	disease_10040	1.0724219182544364e-08
Disease	disease_8806	1.0722657124167969e-08
Disease	disease_30024	1.0721189085006602e-08
Disease	disease_14410	1.0720492961732032e-08
Disease	disease_1383	1.0716855503564918e-08
Disease	disease_33545	1.071001768187945e-08
Disease	disease_11105	1.0706756591630472e-08
Disease	disease_9231	1.0703230216285415e-08
Disease	disease_2766	1.0702445276781821e-08
Disease	disease_32705	1.069919092735566e-08
Disease	disease_9832	1.0698668922678583e-08
Disease	disease_12178	1.0693702593140465e-08
Disease	disease_10878	1.068293662731589e-08
Disease	disease_15495	1.0682423545270323e-08
Disease	disease_9284	1.0681873636522494e-08
Disease	disease_32820	1.066921055085482e-08
Disease	disease_17923	1.0668840703337358e-08
Disease	disease_14596	1.0668266392506e-08
Disease	disease_6687	1.066600816758718e-08
Disease	disease_32849	1.0665340957535935e-08
Disease	disease_12712	1.0661746444760209e-08
Disease	disease_9096	1.0657038373341641e-08
Disease	disease_8866	1.0654743459490066e-08
Disease	disease_10791	1.0652816819896002e-08
Disease	disease_11778	1.0651635675475484e-08
Disease	disease_3164	1.0649785984315748e-08
Disease	disease_9846	1.0647912516272074e-08
Disease	disease_33641	1.0645032940749507e-08
Disease	disease_9074	1.0640548613128145e-08
Disease	disease_2984	1.063891102359139e-08
Disease	disease_22338	1.063891102359139e-08
Disease	disease_14802	1.06377608452522e-08
Disease	disease_18056	1.0635489199550518e-08
Disease	disease_12461	1.0633096395088244e-08
Disease	disease_12827	1.0633096395088244e-08
Disease	disease_11820	1.0633096395088244e-08
Disease	disease_12585	1.0633096395088244e-08
Disease	disease_12826	1.0633096395088244e-08
Disease	disease_12934	1.0633096395088244e-08
Disease	disease_12318	1.0633096395088244e-08
Disease	disease_12584	1.0633096395088244e-08
Disease	disease_12036	1.0633096395088244e-08
Disease	disease_13765	1.0633096395088244e-08
Disease	disease_12834	1.0633096395088244e-08
Disease	disease_10433	1.0633096395088244e-08
Disease	disease_12836	1.0633096395088244e-08
Disease	disease_11622	1.0633096395088244e-08
Disease	disease_12147	1.0633096395088244e-08
Disease	disease_12339	1.0633096395088244e-08
Disease	disease_42489	1.0633096395088244e-08
Disease	disease_13152	1.0633096395088244e-08
Disease	disease_11560	1.0633096395088244e-08
Disease	disease_12039	1.0633096395088244e-08
Disease	disease_12935	1.0633096395088244e-08
Disease	disease_11807	1.0633096395088244e-08
Disease	disease_11520	1.0633096395088244e-08
Disease	disease_12404	1.0633096395088244e-08
Disease	disease_12403	1.0633096395088244e-08
Disease	disease_12936	1.0633096395088244e-08
Disease	disease_12884	1.0633096395088244e-08
Disease	disease_11944	1.0633096395088244e-08
Disease	disease_12763	1.0633096395088244e-08
Disease	disease_12341	1.0633096395088244e-08
Disease	disease_11943	1.0633096395088244e-08
Disease	disease_11942	1.0633096395088244e-08
Disease	disease_14151	1.0633096395088244e-08
Disease	disease_11693	1.0633096395088244e-08
Disease	disease_12361	1.0633096395088244e-08
Disease	disease_20715	1.0633096395088244e-08
Disease	disease_11138	1.0633096395088244e-08
Disease	disease_1666	1.063029867384107e-08
Disease	disease_16099	1.0622221690167632e-08
Disease	disease_16609	1.0622221690167632e-08
Disease	disease_16610	1.0622221690167632e-08
Disease	disease_12709	1.062035586444169e-08
Disease	disease_8196	1.0617738608997269e-08
Disease	disease_13071	1.0611902044406234e-08
Disease	disease_21321	1.0610608336391765e-08
Disease	disease_21398	1.060800663291593e-08
Disease	disease_7198	1.0605426970814138e-08
Disease	disease_20049	1.0599030584362694e-08
Disease	disease_11735	1.0597581783395624e-08
Disease	disease_8945	1.0596931098749657e-08
Disease	disease_3263	1.0595793607264194e-08
Disease	disease_13402	1.0594226708778153e-08
Disease	disease_21377	1.0591961100125026e-08
Disease	disease_13034	1.0591324374345428e-08
Disease	disease_19517	1.0579045234399084e-08
Disease	disease_4526	1.0575278021616337e-08
Disease	disease_7585	1.0572900535896993e-08
Disease	disease_10828	1.0571005298526744e-08
Disease	disease_8339	1.0567020581373049e-08
Disease	disease_14788	1.0566028111736206e-08
Disease	disease_33672	1.0565382886361306e-08
Disease	disease_19271	1.0564816146193175e-08
Disease	disease_13998	1.0557260247553543e-08
Disease	disease_3222	1.0556809120791337e-08
Disease	disease_11059	1.0554052095363735e-08
Disease	disease_14174	1.0549929946617035e-08
Disease	disease_17984	1.0549492017186774e-08
Disease	disease_40870	1.0546889092770348e-08
Disease	disease_23513	1.0546176926614762e-08
Disease	disease_11604	1.0543465118920478e-08
Disease	disease_8970	1.0535775670491973e-08
Disease	disease_16061	1.0534085084100643e-08
Disease	disease_9385	1.0530369575739639e-08
Disease	disease_8267	1.053005801867755e-08
Disease	disease_11248	1.0527507476818955e-08
Disease	disease_5962	1.052454844412854e-08
Disease	disease_30037	1.0524055729257473e-08
Disease	disease_4433	1.0517886032732629e-08
Disease	disease_3272	1.051225311723681e-08
Disease	disease_10314	1.0511005339402016e-08
Disease	disease_9543	1.0508993372465379e-08
Disease	disease_13219	1.0507898119901363e-08
Disease	disease_9020	1.050762200244731e-08
Disease	disease_23153	1.0506723599245221e-08
Disease	disease_21943	1.0506723599245221e-08
Disease	disease_40753	1.0506723599245221e-08
Disease	disease_12907	1.0503716775150282e-08
Disease	disease_19017	1.0496709561185176e-08
Disease	disease_16914	1.049560088542595e-08
Disease	disease_10741	1.0490857545354193e-08
Disease	disease_21343	1.0489920276878692e-08
Disease	disease_6096	1.0484705391188908e-08
Disease	disease_13354	1.0482953607319677e-08
Disease	disease_1828	1.0479192443944125e-08
Disease	disease_8650	1.047495466844102e-08
Disease	disease_3208	1.047329637608535e-08
Disease	disease_31446	1.0473013210503213e-08
Disease	disease_23521	1.047046091428362e-08
Disease	disease_11797	1.0466855166740727e-08
Disease	disease_13624	1.0466521281401808e-08
Disease	disease_10467	1.0465816602545852e-08
Disease	disease_12849	1.0462407547589418e-08
Disease	disease_10492	1.0457946363708327e-08
Disease	disease_12596	1.0447054017524003e-08
Disease	disease_54551	1.0445751220955411e-08
Disease	disease_24621	1.0440545394935078e-08
Disease	disease_6068	1.0439327534816272e-08
Disease	disease_11112	1.0438836057789591e-08
Disease	disease_14838	1.0438674319017123e-08
Disease	disease_2452	1.0437692079225187e-08
Disease	disease_16436	1.0430895985723514e-08
Disease	disease_21583	1.043064078976998e-08
Disease	disease_8747	1.042910257811139e-08
Disease	disease_8673	1.0428756456001494e-08
Disease	disease_3128	1.0416053092063714e-08
Disease	disease_3129	1.0416053092063714e-08
Disease	disease_33373	1.0406761965176788e-08
Disease	disease_11663	1.0399657263690709e-08
Disease	disease_10118	1.0398832211711869e-08
Disease	disease_19425	1.0396639105737845e-08
Disease	disease_30033	1.0396336139052685e-08
Disease	disease_11077	1.0395524393935816e-08
Disease	disease_9013	1.0393064589891825e-08
Disease	disease_9941	1.0391589773808323e-08
Disease	disease_12306	1.0382746616215901e-08
Disease	disease_8956	1.0380995238740424e-08
Disease	disease_2140	1.037933604711153e-08
Disease	disease_15228	1.0378557481587225e-08
Disease	disease_32862	1.037836625913063e-08
Disease	disease_407	1.0378312784119407e-08
Disease	disease_12296	1.0377779778151324e-08
Disease	disease_4504	1.0376866474140717e-08
Disease	disease_44101	1.0373602917837731e-08
Disease	disease_4587	1.0373025534801862e-08
Disease	disease_21233	1.036843748637738e-08
Disease	disease_21489	1.0362840258354797e-08
Disease	disease_54549	1.0355182799135222e-08
Disease	disease_8448	1.0354740809231016e-08
Disease	disease_3904	1.0350197949602839e-08
Disease	disease_19428	1.0348745838409878e-08
Disease	disease_15091	1.0343937367345463e-08
Disease	disease_14607	1.0334730851882877e-08
Disease	disease_17325	1.0334726024504407e-08
Disease	disease_32818	1.0331600418473988e-08
Disease	disease_15318	1.0327910412000299e-08
Disease	disease_10928	1.0326989400765106e-08
Disease	disease_11577	1.0326953477815475e-08
Disease	disease_4193	1.0320042960426825e-08
Disease	disease_18392	1.0305941814954854e-08
Disease	disease_8701	1.0305149132097721e-08
Disease	disease_20632	1.0304510764483602e-08
Disease	disease_8401	1.0301837121610586e-08
Disease	disease_11881	1.0300015430477138e-08
Disease	disease_2423	1.0297089158609354e-08
Disease	disease_7513	1.0294236791031819e-08
Disease	disease_3478	1.028980601258755e-08
Disease	disease_32894	1.0281395943339362e-08
Disease	disease_20853	1.0277532494769271e-08
Disease	disease_3866	1.0275392314044083e-08
Disease	disease_10333	1.0270165864613647e-08
Disease	disease_12720	1.0265524824023467e-08
Disease	disease_14933	1.0264589733538746e-08
Disease	disease_15941	1.0259901494360538e-08
Disease	disease_4492	1.0258237026246816e-08
Disease	disease_6154	1.0258070334095434e-08
Disease	disease_16652	1.0253405470036735e-08
Disease	disease_8794	1.0253390730200686e-08
Disease	disease_22293	1.0249534304576563e-08
Disease	disease_18361	1.0246363560880494e-08
Disease	disease_34022	1.0235197666564452e-08
Disease	disease_10190	1.0235057486601228e-08
Disease	disease_1353	1.0232951214397347e-08
Disease	disease_4321	1.0232762150317051e-08
Disease	disease_10462	1.0229732163775149e-08
Disease	disease_30029	1.0227284633154576e-08
Disease	disease_6139	1.0224355454977552e-08
Disease	disease_6137	1.0224355454977552e-08
Disease	disease_4530	1.0224355454977552e-08
Disease	disease_12750	1.0223264028807799e-08
Disease	disease_16191	1.022283943479653e-08
Disease	disease_9976	1.0218347018432981e-08
Disease	disease_33954	1.0200602879475666e-08
Disease	disease_8697	1.0199982046951808e-08
Disease	disease_54764	1.0198548704902475e-08
Disease	disease_24919	1.0189155655865794e-08
Disease	disease_17117	1.0185464255823163e-08
Disease	disease_978	1.0181169483527776e-08
Disease	disease_15752	1.0177845427973537e-08
Disease	disease_14713	1.0167537275784683e-08
Disease	disease_3098	1.016156084856822e-08
Disease	disease_11580	1.015952186041224e-08
Disease	disease_16548	1.0157605476165149e-08
Disease	disease_6053	1.0156694467895818e-08
Disease	disease_20767	1.0156422784699922e-08
Disease	disease_24466	1.0156083103879782e-08
Disease	disease_11642	1.0153515247459111e-08
Disease	disease_19527	1.0152792782739998e-08
Disease	disease_7965	1.0152335341259795e-08
Disease	disease_9667	1.0151506585613265e-08
Disease	disease_1388	1.0150954717705644e-08
Disease	disease_7668	1.0148711856940178e-08
Disease	disease_7673	1.0144709393176533e-08
Disease	disease_6202	1.0143131785921885e-08
Disease	disease_34142	1.0143041536161147e-08
Disease	disease_7790	1.0139058877909231e-08
Disease	disease_15468	1.0136595745814786e-08
Disease	disease_8439	1.0136501638144728e-08
Disease	disease_10077	1.0135618900066805e-08
Disease	disease_6388	1.0135483049050314e-08
Disease	disease_21383	1.0135182777854361e-08
Disease	disease_3680	1.0135154701795502e-08
Disease	disease_3684	1.0135154701795502e-08
Disease	disease_5013	1.0135154701795502e-08
Disease	disease_6634	1.013335260226173e-08
Disease	disease_11971	1.0129769146327522e-08
Disease	disease_9780	1.0122183452424186e-08
Disease	disease_8959	1.0121826002320035e-08
Disease	disease_6674	1.0118645873025472e-08
Disease	disease_11634	1.0118086118001099e-08
Disease	disease_10839	1.0115147836042141e-08
Disease	disease_7729	1.0108054412344486e-08
Disease	disease_16051	1.0107567070387633e-08
Disease	disease_15199	1.0103730176051514e-08
Disease	disease_22559	1.0102511975021673e-08
Disease	disease_14179	1.010053549860784e-08
Disease	disease_4608	1.0100063207899136e-08
Disease	disease_11396	1.009558650810106e-08
Disease	disease_13206	1.0091658694307393e-08
Disease	disease_17741	1.008671621310122e-08
Disease	disease_18320	1.0086167371492686e-08
Disease	disease_44331	1.0083361577257448e-08
Disease	disease_56804	1.007253559529443e-08
Disease	disease_16123	1.0072200466307868e-08
Disease	disease_2645	1.0069360428864077e-08
Disease	disease_2739	1.0066800038593889e-08
Disease	disease_9968	1.0066154603681836e-08
Disease	disease_32787	1.0064273567659842e-08
Disease	disease_12246	1.0057141860927542e-08
Disease	disease_100196	1.0056533870483167e-08
Disease	disease_30027	1.0052461371369174e-08
Disease	disease_1634	1.005033584703367e-08
Disease	disease_16433	1.0046217971347793e-08
Disease	disease_12694	1.0045687833283337e-08
Disease	disease_27462	1.0045474858691944e-08
Disease	disease_9022	1.004065530550602e-08
Disease	disease_30700	1.0037797177319017e-08
Disease	disease_1969	1.003303810744749e-08
Disease	disease_14046	1.0030993990569804e-08
Disease	disease_54601	1.0029551113247576e-08
Disease	disease_10547	1.0027038374349516e-08
Disease	disease_12216	1.0019972955102998e-08
Disease	disease_8137	1.001665631957221e-08
Disease	disease_20275	1.0016529935994932e-08
Disease	disease_6050	1.0001999788958812e-08
Disease	disease_4288	1.0001999788958812e-08
Disease	disease_5063	1.0001999788958812e-08
Disease	disease_18138	9.994700457360808e-09
Disease	disease_14951	9.984546927124828e-09
Disease	disease_24419	9.984054371575307e-09
Disease	disease_858	9.976761731556319e-09
Disease	disease_10640	9.973236764383352e-09
Disease	disease_14052	9.968343349626313e-09
Disease	disease_20791	9.965833436698681e-09
Disease	disease_19525	9.965363350813138e-09
Disease	disease_31439	9.959658992326897e-09
Disease	disease_40566	9.959605362305764e-09
Disease	disease_8983	9.954729806667478e-09
Disease	disease_12511	9.950767855663484e-09
Disease	disease_14143	9.945313315270786e-09
Disease	disease_11211	9.944085969804743e-09
Disease	disease_8680	9.943629548895265e-09
Disease	disease_14432	9.937968547530469e-09
Disease	disease_17571	9.936360831012814e-09
Disease	disease_7226	9.933000365501708e-09
Disease	disease_10197	9.931454645079236e-09
Disease	disease_14625	9.929236552044642e-09
Disease	disease_13353	9.926267441900301e-09
Disease	disease_13993	9.922939460174446e-09
Disease	disease_11297	9.921096095789673e-09
Disease	disease_16557	9.91904896915197e-09
Disease	disease_8384	9.918309221275152e-09
Disease	disease_2839	9.917257293269388e-09
Disease	disease_3307	9.916827003172936e-09
Disease	disease_15989	9.912252205192359e-09
Disease	disease_2849	9.910627904864488e-09
Disease	disease_8486	9.908983440312382e-09
Disease	disease_21041	9.908903473992138e-09
Disease	disease_11101	9.908260534627078e-09
Disease	disease_10574	9.905296094009427e-09
Disease	disease_3295	9.904631887009294e-09
Disease	disease_820	9.903342327628131e-09
Disease	disease_11048	9.90255049706567e-09
Disease	disease_10075	9.887335531826564e-09
Disease	disease_6657	9.885849229306521e-09
Disease	disease_54794	9.883969720115904e-09
Disease	disease_10013	9.88302308872769e-09
Disease	disease_32620	9.882534372302607e-09
Disease	disease_14340	9.880667920839235e-09
Disease	disease_1418	9.876988718031908e-09
Disease	disease_20055	9.86631148299419e-09
Disease	disease_44727	9.850107826044525e-09
Disease	disease_19926	9.848089804896097e-09
Disease	disease_8699	9.843527587638928e-09
Disease	disease_33657	9.843096239572888e-09
Disease	disease_11234	9.843060058625852e-09
Disease	disease_19796	9.838632156493122e-09
Disease	disease_44988	9.835666747259809e-09
Disease	disease_12534	9.834283161429271e-09
Disease	disease_11811	9.833866221199642e-09
Disease	disease_23148	9.828462848467836e-09
Disease	disease_2960	9.828389229408687e-09
Disease	disease_22768	9.828389229408687e-09
Disease	disease_22919	9.823292904323e-09
Disease	disease_13467	9.817970537582572e-09
Disease	disease_7474	9.817061565896037e-09
Disease	disease_14235	9.803421631006556e-09
Disease	disease_7475	9.802866890944448e-09
Disease	disease_20387	9.79367670222739e-09
Disease	disease_18498	9.79367670222739e-09
Disease	disease_20388	9.79367670222739e-09
Disease	disease_9370	9.791777813965925e-09
Disease	disease_10007	9.791301167605731e-09
Disease	disease_2744	9.77914742195376e-09
Disease	disease_10573	9.777222933041126e-09
Disease	disease_32606	9.763657921708122e-09
Disease	disease_12651	9.761353103255059e-09
Disease	disease_8637	9.758361363560725e-09
Disease	disease_3260	9.740701902414152e-09
Disease	disease_5102	9.740190999204644e-09
Disease	disease_4435	9.740190999204644e-09
Disease	disease_11805	9.737695864591212e-09
Disease	disease_7799	9.732885961860697e-09
Disease	disease_624	9.73157841950823e-09
Disease	disease_16947	9.731083398546061e-09
Disease	disease_14287	9.725966355637958e-09
Disease	disease_14420	9.725751545567627e-09
Disease	disease_13342	9.725712457212676e-09
Disease	disease_13719	9.723118259967615e-09
Disease	disease_11070	9.72269605464101e-09
Disease	disease_11654	9.721943161183082e-09
Disease	disease_2619	9.718767734529728e-09
Disease	disease_2618	9.718767734529728e-09
Disease	disease_4192	9.718482970002679e-09
Disease	disease_13617	9.699035634662004e-09
Disease	disease_20291	9.695294782990235e-09
Disease	disease_3611	9.692420724612213e-09
Disease	disease_16323	9.690775943873159e-09
Disease	disease_18603	9.690775943873159e-09
Disease	disease_8943	9.690159304060116e-09
Disease	disease_12174	9.68867415896236e-09
Disease	disease_9642	9.684653427372514e-09
Disease	disease_10286	9.683999866597535e-09
Disease	disease_7384	9.673759207651623e-09
Disease	disease_15600	9.671071862849352e-09
Disease	disease_4291	9.670461885490408e-09
Disease	disease_16197	9.66898403747286e-09
Disease	disease_2658	9.667504543273784e-09
Disease	disease_11274	9.666865931858304e-09
Disease	disease_1686	9.665877709202099e-09
Disease	disease_1996	9.665877709202099e-09
Disease	disease_56795	9.657259291697244e-09
Disease	disease_20059	9.65560729352212e-09
Disease	disease_11557	9.651640252203344e-09
Disease	disease_8257	9.647214210804596e-09
Disease	disease_11078	9.64194072656449e-09
Disease	disease_23182	9.641335895759447e-09
Disease	disease_16475	9.641335895759447e-09
Disease	disease_9316	9.638667223533784e-09
Disease	disease_13232	9.636817470613562e-09
Disease	disease_11331	9.636465936337289e-09
Disease	disease_13763	9.634636048084252e-09
Disease	disease_43071	9.631548075699797e-09
Disease	disease_19430	9.630282250068046e-09
Disease	disease_1906	9.62697547924993e-09
Disease	disease_14187	9.625031058536384e-09
Disease	disease_43206	9.621195364150722e-09
Disease	disease_15174	9.62086108013145e-09
Disease	disease_33862	9.62086108013145e-09
Disease	disease_14242	9.620817645888895e-09
Disease	disease_10933	9.618681113510339e-09
Disease	disease_32812	9.616572639983589e-09
Disease	disease_14972	9.614319024175875e-09
Disease	disease_17726	9.611322467915094e-09
Disease	disease_17725	9.611322467915094e-09
Disease	disease_17728	9.611322467915094e-09
Disease	disease_17724	9.611322467915094e-09
Disease	disease_16791	9.606418552369008e-09
Disease	disease_4080	9.606372865369667e-09
Disease	disease_14299	9.605899345899418e-09
Disease	disease_4293	9.60558422257074e-09
Disease	disease_19109	9.595513246884383e-09
Disease	disease_9886	9.59542521838251e-09
Disease	disease_16210	9.591536530752671e-09
Disease	disease_4892	9.587632993278537e-09
Disease	disease_32921	9.586546889584252e-09
Disease	disease_1760	9.586278382875302e-09
Disease	disease_16461	9.5781374163157e-09
Disease	disease_8481	9.567954481990358e-09
Disease	disease_7894	9.564481335253791e-09
Disease	disease_44702	9.56318787109505e-09
Disease	disease_17905	9.561646872589772e-09
Disease	disease_9313	9.55961888625949e-09
Disease	disease_20156	9.55616726231916e-09
Disease	disease_44345	9.555600297772396e-09
Disease	disease_24607	9.554925635699034e-09
Disease	disease_13322	9.54983676628164e-09
Disease	disease_44981	9.549244536790393e-09
Disease	disease_12275	9.541830582771935e-09
Disease	disease_14356	9.539600598164501e-09
Disease	disease_22529	9.539009258514335e-09
Disease	disease_12691	9.537076417774461e-09
Disease	disease_3125	9.535755441397676e-09
Disease	disease_21460	9.530163255907317e-09
Disease	disease_17385	9.52937234690959e-09
Disease	disease_8939	9.526777289250897e-09
Disease	disease_16839	9.526573393411094e-09
Disease	disease_7164	9.521739563090103e-09
Disease	disease_14077	9.518652861029021e-09
Disease	disease_10378	9.518512174016593e-09
Disease	disease_22761	9.513361783955677e-09
Disease	disease_2376	9.511275425751178e-09
Disease	disease_12562	9.509211235788588e-09
Disease	disease_5907	9.508093070157676e-09
Disease	disease_37002	9.507073677675402e-09
Disease	disease_10795	9.505004965499233e-09
Disease	disease_1420	9.49621568907502e-09
Disease	disease_22608	9.494728077135387e-09
Disease	disease_8842	9.491232010541292e-09
Disease	disease_12225	9.490593463268388e-09
Disease	disease_18623	9.477602128501224e-09
Disease	disease_23573	9.476774660595528e-09
Disease	disease_14398	9.473757370405825e-09
Disease	disease_30060	9.472195028955029e-09
Disease	disease_9764	9.471757903342537e-09
Disease	disease_2407	9.470421165097165e-09
Disease	disease_16220	9.46911889021305e-09
Disease	disease_17962	9.465770583263186e-09
Disease	disease_21366	9.46322489208982e-09
Disease	disease_6108	9.454904140482075e-09
Disease	disease_8982	9.453498340575795e-09
Disease	disease_12247	9.452513076008337e-09
Disease	disease_14249	9.44929028954494e-09
Disease	disease_11261	9.448634062714157e-09
Disease	disease_6067	9.448419851494846e-09
Disease	disease_32655	9.446001942085242e-09
Disease	disease_24652	9.438413140420398e-09
Disease	disease_32774	9.429067081474932e-09
Disease	disease_32624	9.427463450829934e-09
Disease	disease_12664	9.427323972727612e-09
Disease	disease_13867	9.426484750089078e-09
Disease	disease_21246	9.424382151568681e-09
Disease	disease_32805	9.42372236818768e-09
Disease	disease_10469	9.421401600335466e-09
Disease	disease_44617	9.41896933224763e-09
Disease	disease_9098	9.407744592153105e-09
Disease	disease_9088	9.40727372478552e-09
Disease	disease_18525	9.4068541369479e-09
Disease	disease_18527	9.4068541369479e-09
Disease	disease_18711	9.406036015112792e-09
Disease	disease_32616	9.40172272963226e-09
Disease	disease_12678	9.395688879102344e-09
Disease	disease_9720	9.394861137103694e-09
Disease	disease_14931	9.391213642128623e-09
Disease	disease_19278	9.377596158851833e-09
Disease	disease_21485	9.376408242733056e-09
Disease	disease_22417	9.374332018257579e-09
Disease	disease_13278	9.368578764332448e-09
Disease	disease_9948	9.365910818489934e-09
Disease	disease_13272	9.354460364701652e-09
Disease	disease_6953	9.353949084023358e-09
Disease	disease_21439	9.351427375943809e-09
Disease	disease_10781	9.350972767982218e-09
Disease	disease_6090	9.350900928783813e-09
Disease	disease_19930	9.346944195186743e-09
Disease	disease_19931	9.346944195186743e-09
Disease	disease_14000	9.341231198084643e-09
Disease	disease_11834	9.341001227251589e-09
Disease	disease_14003	9.339358498315918e-09
Disease	disease_13036	9.335223554664997e-09
Disease	disease_32656	9.332195745315424e-09
Disease	disease_11054	9.329986743167612e-09
Disease	disease_22587	9.32814964443416e-09
Disease	disease_20214	9.323951211789018e-09
Disease	disease_19935	9.323865198091515e-09
Disease	disease_7077	9.321665152799292e-09
Disease	disease_13437	9.320182091969026e-09
Disease	disease_3853	9.31914249883789e-09
Disease	disease_14940	9.313752835728997e-09
Disease	disease_8397	9.310561664275734e-09
Disease	disease_6149	9.308906431290452e-09
Disease	disease_11133	9.303351031334027e-09
Disease	disease_10061	9.301843312388543e-09
Disease	disease_19786	9.299414987736155e-09
Disease	disease_21120	9.298860446345172e-09
Disease	disease_43904	9.297700759053675e-09
Disease	disease_16184	9.296213982919079e-09
Disease	disease_54761	9.295898675953799e-09
Disease	disease_8590	9.29279429991643e-09
Disease	disease_4826	9.292230795992894e-09
Disease	disease_3414	9.288369658414144e-09
Disease	disease_13360	9.2831688293234e-09
Disease	disease_19421	9.28088513253858e-09
Disease	disease_6771	9.277556025420393e-09
Disease	disease_13116	9.272437026739616e-09
Disease	disease_34150	9.269354822617668e-09
Disease	disease_18009	9.269354822617668e-09
Disease	disease_44624	9.269354822617668e-09
Disease	disease_43209	9.267887501298188e-09
Disease	disease_8378	9.2673345945786e-09
Disease	disease_6759	9.266048691974287e-09
Disease	disease_29138	9.261067111805203e-09
Disease	disease_3343	9.258879754225572e-09
Disease	disease_3335	9.253971438907597e-09
Disease	disease_16869	9.24542587559326e-09
Disease	disease_11823	9.245246300974612e-09
Disease	disease_7644	9.244182174644018e-09
Disease	disease_12629	9.241977927331084e-09
Disease	disease_9787	9.23963698592634e-09
Disease	disease_22357	9.23609968407508e-09
Disease	disease_21896	9.235028258407913e-09
Disease	disease_8245	9.231935679889491e-09
Disease	disease_14126	9.228945048419136e-09
Disease	disease_100327	9.22686704610187e-09
Disease	disease_8173	9.2263271134501e-09
Disease	disease_455	9.223159391600926e-09
Disease	disease_9600	9.220911652733982e-09
Disease	disease_1427	9.216715626789398e-09
Disease	disease_2976	9.216715626789398e-09
Disease	disease_2569	9.216715626789398e-09
Disease	disease_1428	9.216715626789398e-09
Disease	disease_1469	9.216715626789398e-09
Disease	disease_8776	9.20870777203364e-09
Disease	disease_6186	9.204501033191276e-09
Disease	disease_17393	9.203897580919611e-09
Disease	disease_21257	9.202660757344712e-09
Disease	disease_33309	9.200934472405777e-09
Disease	disease_7012	9.200741979648612e-09
Disease	disease_8338	9.194370260192146e-09
Disease	disease_18674	9.185462718910338e-09
Disease	disease_18676	9.185462718910338e-09
Disease	disease_44699	9.181484910314498e-09
Disease	disease_21050	9.179374828048298e-09
Disease	disease_33367	9.178805438154121e-09
Disease	disease_32822	9.175994329350835e-09
Disease	disease_17681	9.170088708420678e-09
Disease	disease_14055	9.169590200181112e-09
Disease	disease_716	9.167826506239892e-09
Disease	disease_3542	9.164831938379985e-09
Disease	disease_14781	9.164473522178556e-09
Disease	disease_9030	9.163296351980052e-09
Disease	disease_60713	9.161597478571602e-09
Disease	disease_5776	9.16024352364292e-09
Disease	disease_43735	9.159781539292658e-09
Disease	disease_25061	9.158989359467172e-09
Disease	disease_25066	9.158989359467172e-09
Disease	disease_13326	9.151113558484955e-09
Disease	disease_1830	9.147726277112866e-09
Disease	disease_7982	9.144592404564527e-09
Disease	disease_13772	9.140984700330942e-09
Disease	disease_4642	9.140177949081968e-09
Disease	disease_19621	9.129734807050045e-09
Disease	disease_11308	9.129260718088088e-09
Disease	disease_12539	9.12538220411558e-09
Disease	disease_3751	9.11817248392786e-09
Disease	disease_9907	9.117398756066442e-09
Disease	disease_1011	9.112597555506174e-09
Disease	disease_7901	9.110563973588055e-09
Disease	disease_2198	9.10581901152223e-09
Disease	disease_881	9.103148108850677e-09
Disease	disease_1000	9.100661463627794e-09
Disease	disease_16944	9.099221300968912e-09
Disease	disease_10611	9.098062049285593e-09
Disease	disease_7165	9.097243864754577e-09
Disease	disease_17852	9.092290834071281e-09
Disease	disease_8240	9.091728591614396e-09
Disease	disease_13410	9.091576604462636e-09
Disease	disease_15742	9.088961410943597e-09
Disease	disease_11818	9.087571508817569e-09
Disease	disease_11184	9.085030641694045e-09
Disease	disease_766	9.08159601574896e-09
Disease	disease_30908	9.07896430392359e-09
Disease	disease_8649	9.075204318249097e-09
Disease	disease_12991	9.07336848948141e-09
Disease	disease_9024	9.072724415229644e-09
Disease	disease_21950	9.056228746911527e-09
Disease	disease_8521	9.054336655189427e-09
Disease	disease_14636	9.053367556866673e-09
Disease	disease_12662	9.050966787294402e-09
Disease	disease_9110	9.047017374258737e-09
Disease	disease_2403	9.046662257101002e-09
Disease	disease_3754	9.04482401042735e-09
Disease	disease_9402	9.042230392551068e-09
Disease	disease_10285	9.038854649215355e-09
Disease	disease_10821	9.037998923847072e-09
Disease	disease_22057	9.03457790261892e-09
Disease	disease_21605	9.027076947209883e-09
Disease	disease_9247	9.02612873218959e-09
Disease	disease_1170	9.025621339433112e-09
Disease	disease_9812	9.024963648206789e-09
Disease	disease_14460	9.01850283775883e-09
Disease	disease_54782	9.01583899576014e-09
Disease	disease_1250	9.015566162365744e-09
Disease	disease_1282	9.013686981620004e-09
Disease	disease_7328	9.01289687695018e-09
Disease	disease_14360	9.01256054418091e-09
Disease	disease_3072	9.007916243459047e-09
Disease	disease_21029	8.995576485269724e-09
Disease	disease_20235	8.991159734374022e-09
Disease	disease_181	8.987466146119583e-09
Disease	disease_20404	8.984106093527388e-09
Disease	disease_15342	8.98262447360222e-09
Disease	disease_14141	8.982537021442776e-09
Disease	disease_10465	8.980420663448757e-09
Disease	disease_14825	8.979846441450544e-09
Disease	disease_2416	8.977146555765807e-09
Disease	disease_22311	8.976407599314518e-09
Disease	disease_22552	8.976407599314518e-09
Disease	disease_20630	8.967478115168656e-09
Disease	disease_3962	8.960966759594536e-09
Disease	disease_11252	8.956339695774462e-09
Disease	disease_18983	8.949619050855263e-09
Disease	disease_14015	8.945201051686435e-09
Disease	disease_9489	8.935276714369753e-09
Disease	disease_18169	8.932572046072096e-09
Disease	disease_21142	8.931158767842176e-09
Disease	disease_15737	8.930131752488183e-09
Disease	disease_6041	8.928424909601089e-09
Disease	disease_54665	8.92839010100004e-09
Disease	disease_2559	8.926363176335367e-09
Disease	disease_2548	8.926363176335367e-09
Disease	disease_1778	8.915106332356073e-09
Disease	disease_32843	8.90765601861331e-09
Disease	disease_2172	8.90733143560353e-09
Disease	disease_14087	8.906318909267693e-09
Disease	disease_6994	8.904001084361348e-09
Disease	disease_16202	8.901955750127742e-09
Disease	disease_23569	8.90039444100663e-09
Disease	disease_32597	8.893952289117294e-09
Disease	disease_9927	8.893660573979281e-09
Disease	disease_16972	8.891838799319853e-09
Disease	disease_16162	8.890168757946902e-09
Disease	disease_9107	8.886671624818663e-09
Disease	disease_1995	8.884444881249779e-09
Disease	disease_10904	8.878373635806955e-09
Disease	disease_2301	8.876499089396347e-09
Disease	disease_970	8.875747266101027e-09
Disease	disease_32916	8.87467874371383e-09
Disease	disease_12669	8.866119388796996e-09
Disease	disease_13687	8.865523394343584e-09
Disease	disease_21351	8.853289924877256e-09
Disease	disease_1862	8.85157735186555e-09
Disease	disease_1861	8.85157735186555e-09
Disease	disease_14684	8.851266695289292e-09
Disease	disease_42499	8.850393947397775e-09
Disease	disease_60	8.846760022964199e-09
Disease	disease_19222	8.84660940529654e-09
Disease	disease_114	8.845692641721496e-09
Disease	disease_23201	8.844608533943737e-09
Disease	disease_13930	8.843245508176765e-09
Disease	disease_14318	8.842987076720377e-09
Disease	disease_32841	8.842552001877753e-09
Disease	disease_5616	8.842519504449137e-09
Disease	disease_4876	8.841233911428069e-09
Disease	disease_2150	8.840166743608775e-09
Disease	disease_44685	8.839546335725058e-09
Disease	disease_20167	8.837183279377137e-09
Disease	disease_7346	8.833922144674511e-09
Disease	disease_19511	8.831874751916824e-09
Disease	disease_14033	8.828732731572615e-09
Disease	disease_21273	8.825028115979945e-09
Disease	disease_7877	8.820437580279173e-09
Disease	disease_43187	8.819453174422394e-09
Disease	disease_5490	8.819453174422394e-09
Disease	disease_2641	8.819453174422394e-09
Disease	disease_21727	8.819453174422394e-09
Disease	disease_1856	8.819453174422394e-09
Disease	disease_10567	8.818444231479496e-09
Disease	disease_14962	8.816034705324832e-09
Disease	disease_9791	8.814959508848627e-09
Disease	disease_16896	8.812519532804567e-09
Disease	disease_10646	8.80976149840182e-09
Disease	disease_14311	8.80921126723241e-09
Disease	disease_23682	8.807521120976051e-09
Disease	disease_10748	8.80628852480228e-09
Disease	disease_3126	8.803412110962423e-09
Disease	disease_4258	8.80207922256083e-09
Disease	disease_3522	8.80207922256083e-09
Disease	disease_9252	8.801950736368634e-09
Disease	disease_6034	8.800414048809636e-09
Disease	disease_3134	8.799421401004173e-09
Disease	disease_3137	8.799421401004173e-09
Disease	disease_11083	8.799343422370412e-09
Disease	disease_7637	8.799152058761664e-09
Disease	disease_16172	8.795771497753533e-09
Disease	disease_12809	8.793702074614527e-09
Disease	disease_3397	8.792291991442002e-09
Disease	disease_9920	8.789162821428531e-09
Disease	disease_100064	8.788021769015458e-09
Disease	disease_10909	8.778415330818256e-09
Disease	disease_75	8.774785279116797e-09
Disease	disease_12730	8.773773493837525e-09
Disease	disease_7748	8.772278467390979e-09
Disease	disease_32904	8.769750308578583e-09
Disease	disease_18690	8.752526625142658e-09
Disease	disease_21143	8.750493652818418e-09
Disease	disease_13842	8.74806891819922e-09
Disease	disease_21192	8.747196878929786e-09
Disease	disease_13438	8.746735061237903e-09
Disease	disease_7500	8.745275426259768e-09
Disease	disease_9782	8.74392689503076e-09
Disease	disease_10999	8.74084287046187e-09
Disease	disease_16902	8.740286646547082e-09
Disease	disease_15725	8.735547027654012e-09
Disease	disease_20589	8.734423211649538e-09
Disease	disease_32879	8.733324162694959e-09
Disease	disease_32821	8.731729026605607e-09
Disease	disease_100086	8.731587836364239e-09
Disease	disease_1269	8.726702228432089e-09
Disease	disease_4390	8.726702228432089e-09
Disease	disease_11894	8.726285299961792e-09
Disease	disease_3447	8.718971720712428e-09
Disease	disease_18264	8.718517839226941e-09
Disease	disease_7463	8.717303298161517e-09
Disease	disease_9814	8.713385962052223e-09
Disease	disease_6557	8.709075499105225e-09
Disease	disease_19423	8.707467302741556e-09
Disease	disease_4134	8.706558643319741e-09
Disease	disease_4920	8.705249166677247e-09
Disease	disease_20860	8.701894900264242e-09
Disease	disease_11995	8.697861008005862e-09
Disease	disease_30909	8.695176240789162e-09
Disease	disease_20285	8.692467151240852e-09
Disease	disease_22745	8.691131671621374e-09
Disease	disease_1001	8.691131671621374e-09
Disease	disease_5690	8.691131671621374e-09
Disease	disease_1003	8.691131671621374e-09
Disease	disease_1004	8.691131671621374e-09
Disease	disease_12856	8.690357855941605e-09
Disease	disease_24507	8.689822172408504e-09
Disease	disease_8284	8.68929547945045e-09
Disease	disease_22825	8.688957180491283e-09
Disease	disease_16993	8.68170801589724e-09
Disease	disease_10135	8.676679320392855e-09
Disease	disease_4231	8.675413018622012e-09
Disease	disease_32634	8.672398101558558e-09
Disease	disease_15826	8.667734673630632e-09
Disease	disease_8835	8.664399680967056e-09
Disease	disease_24471	8.664297967590421e-09
Disease	disease_32925	8.661193830419768e-09
Disease	disease_10962	8.660909944962605e-09
Disease	disease_7586	8.66041382868963e-09
Disease	disease_32619	8.660020010096766e-09
Disease	disease_17676	8.657298402408442e-09
Disease	disease_2055	8.656980474095433e-09
Disease	disease_30020	8.655959930669204e-09
Disease	disease_9455	8.653462947284572e-09
Disease	disease_14297	8.652813571996318e-09
Disease	disease_13638	8.652710049781662e-09
Disease	disease_30929	8.652451838806684e-09
Disease	disease_21292	8.651048110893082e-09
Disease	disease_21291	8.651048110893082e-09
Disease	disease_60510	8.65101437545459e-09
Disease	disease_12012	8.635398089301718e-09
Disease	disease_11131	8.6321111379465e-09
Disease	disease_8773	8.631572709626662e-09
Disease	disease_5739	8.624896988844169e-09
Disease	disease_21427	8.623926388788255e-09
Disease	disease_4067	8.6221976414273e-09
Disease	disease_20847	8.621589768049137e-09
Disease	disease_1093	8.613694541241985e-09
Disease	disease_3630	8.613157006843331e-09
Disease	disease_11523	8.611791023349822e-09
Disease	disease_14349	8.610834606608735e-09
Disease	disease_13856	8.60835735671741e-09
Disease	disease_13880	8.605163646450505e-09
Disease	disease_13634	8.602453653225327e-09
Disease	disease_16912	8.601355170876615e-09
Disease	disease_37871	8.593931045473776e-09
Disease	disease_544	8.585760000178811e-09
Disease	disease_6553	8.584414049105113e-09
Disease	disease_6484	8.579522425410093e-09
Disease	disease_13527	8.577218386155724e-09
Disease	disease_10497	8.576020386017117e-09
Disease	disease_16861	8.575964095533e-09
Disease	disease_10368	8.575735524274656e-09
Disease	disease_7134	8.571981158804888e-09
Disease	disease_16776	8.569595829432441e-09
Disease	disease_12082	8.565756075312448e-09
Disease	disease_9986	8.565097641816915e-09
Disease	disease_14258	8.563711204125446e-09
Disease	disease_17868	8.561336518686565e-09
Disease	disease_8994	8.561066672333387e-09
Disease	disease_8093	8.560971254132607e-09
Disease	disease_10551	8.551850754472207e-09
Disease	disease_9132	8.550575852347305e-09
Disease	disease_10873	8.54702169677851e-09
Disease	disease_3476	8.54197083487041e-09
Disease	disease_3475	8.54197083487041e-09
Disease	disease_16564	8.539961281829974e-09
Disease	disease_20065	8.53743992618168e-09
Disease	disease_32798	8.534341888212725e-09
Disease	disease_10068	8.533413476863631e-09
Disease	disease_14433	8.532436850234687e-09
Disease	disease_13947	8.532248578690325e-09
Disease	disease_2616	8.529602869800134e-09
Disease	disease_9034	8.525421213597543e-09
Disease	disease_12816	8.525031882428924e-09
Disease	disease_18483	8.523353854061355e-09
Disease	disease_20470	8.520519075122065e-09
Disease	disease_5838	8.515866231585285e-09
Disease	disease_3535	8.512919710337446e-09
Disease	disease_18375	8.511361548250241e-09
Disease	disease_14640	8.494143897177613e-09
Disease	disease_4006	8.493630084172026e-09
Disease	disease_7253	8.492183731922078e-09
Disease	disease_13933	8.490776019706304e-09
Disease	disease_33649	8.485880640632821e-09
Disease	disease_13485	8.474390687860971e-09
Disease	disease_8286	8.463738800992453e-09
Disease	disease_16137	8.460356352211383e-09
Disease	disease_7150	8.460174797614453e-09
Disease	disease_3976	8.457184977778546e-09
Disease	disease_16545	8.457065369840585e-09
Disease	disease_11223	8.454273427291862e-09
Disease	disease_4100	8.452471393075348e-09
Disease	disease_17288	8.451919619742185e-09
Disease	disease_147	8.451712101358467e-09
Disease	disease_10569	8.450005166216972e-09
Disease	disease_6701	8.448083574697775e-09
Disease	disease_4133	8.448083574697775e-09
Disease	disease_16499	8.447821671049804e-09
Disease	disease_16498	8.447821671049804e-09
Disease	disease_16500	8.447821671049804e-09
Disease	disease_6267	8.447478131893007e-09
Disease	disease_32932	8.443664746549063e-09
Disease	disease_4940	8.442551427663632e-09
Disease	disease_56797	8.43851357080176e-09
Disease	disease_17736	8.437513321140602e-09
Disease	disease_8875	8.435725384079902e-09
Disease	disease_13882	8.429954681846321e-09
Disease	disease_7962	8.429615974879817e-09
Disease	disease_7449	8.427700773958869e-09
Disease	disease_12613	8.424712786643843e-09
Disease	disease_12683	8.420654284206613e-09
Disease	disease_13954	8.419492170099312e-09
Disease	disease_15535	8.418659192268822e-09
Disease	disease_19239	8.418575379663642e-09
Disease	disease_14014	8.415586783409564e-09
Disease	disease_22972	8.415566320883777e-09
Disease	disease_15872	8.415566320883777e-09
Disease	disease_21528	8.415566320883777e-09
Disease	disease_8788	8.413787985384452e-09
Disease	disease_8572	8.413275768125579e-09
Disease	disease_54765	8.407665348244498e-09
Disease	disease_7498	8.405608797599805e-09
Disease	disease_9307	8.404571075307537e-09
Disease	disease_14779	8.403365796287225e-09
Disease	disease_14958	8.402496032975232e-09
Disease	disease_32939	8.39958062282119e-09
Disease	disease_14454	8.395142496773222e-09
Disease	disease_10964	8.394466969578576e-09
Disease	disease_549	8.392973427279658e-09
Disease	disease_17529	8.39198131501968e-09
Disease	disease_17530	8.39198131501968e-09
Disease	disease_8710	8.391438320950297e-09
Disease	disease_23419	8.388426272739618e-09
Disease	disease_14413	8.38259423645836e-09
Disease	disease_44984	8.3818317893765e-09
Disease	disease_15855	8.381322230600912e-09
Disease	disease_44303	8.38092657153906e-09
Disease	disease_12668	8.379977500506138e-09
Disease	disease_33362	8.37495203149704e-09
Disease	disease_3531	8.374397742776087e-09
Disease	disease_11155	8.374218201213634e-09
Disease	disease_3534	8.373089646783379e-09
Disease	disease_4851	8.369791278263326e-09
Disease	disease_23232	8.369791278263326e-09
Disease	disease_15388	8.363460791484017e-09
Disease	disease_9584	8.362546849222171e-09
Disease	disease_12573	8.361906825196627e-09
Disease	disease_8904	8.352335355206329e-09
Disease	disease_14714	8.350871358346134e-09
Disease	disease_3379	8.349310545068718e-09
Disease	disease_6079	8.348199569070091e-09
Disease	disease_4645	8.347361275242123e-09
Disease	disease_100249	8.346474915873947e-09
Disease	disease_24544	8.345677442246965e-09
Disease	disease_10564	8.345462762018478e-09
Disease	disease_13866	8.343393026586424e-09
Disease	disease_11179	8.339883063997284e-09
Disease	disease_8118	8.339374406224808e-09
Disease	disease_18655	8.337289698280376e-09
Disease	disease_19880	8.33709610062652e-09
Disease	disease_8515	8.332217264261628e-09
Disease	disease_14482	8.33170618744669e-09
Disease	disease_13659	8.331678403978176e-09
Disease	disease_10410	8.325881088846022e-09
Disease	disease_12899	8.325881088846022e-09
Disease	disease_10208	8.321739901717389e-09
Disease	disease_18155	8.320917170265324e-09
Disease	disease_12497	8.319689905004783e-09
Disease	disease_44314	8.318813646701309e-09
Disease	disease_9407	8.31517107167828e-09
Disease	disease_1496	8.313515397484671e-09
Disease	disease_6977	8.313515397484671e-09
Disease	disease_1495	8.313515397484671e-09
Disease	disease_1497	8.313515397484671e-09
Disease	disease_20748	8.309761185620055e-09
Disease	disease_8683	8.304327763755672e-09
Disease	disease_11056	8.304327763755672e-09
Disease	disease_13948	8.30404614269966e-09
Disease	disease_2604	8.300676941954876e-09
Disease	disease_14084	8.300477848262438e-09
Disease	disease_3757	8.298539917448365e-09
Disease	disease_33364	8.298497083973437e-09
Disease	disease_22941	8.297955430782368e-09
Disease	disease_22942	8.297955430782368e-09
Disease	disease_22938	8.297955430782368e-09
Disease	disease_22945	8.297955430782368e-09
Disease	disease_22946	8.297955430782368e-09
Disease	disease_22960	8.297955430782368e-09
Disease	disease_22968	8.297955430782368e-09
Disease	disease_22978	8.297955430782368e-09
Disease	disease_22971	8.297955430782368e-09
Disease	disease_22937	8.297955430782368e-09
Disease	disease_22977	8.297955430782368e-09
Disease	disease_22981	8.297955430782368e-09
Disease	disease_22982	8.297955430782368e-09
Disease	disease_22989	8.297955430782368e-09
Disease	disease_16818	8.297955430782368e-09
Disease	disease_22990	8.297955430782368e-09
Disease	disease_22999	8.297955430782368e-09
Disease	disease_23000	8.297955430782368e-09
Disease	disease_23002	8.297955430782368e-09
Disease	disease_23005	8.297955430782368e-09
Disease	disease_23013	8.297955430782368e-09
Disease	disease_22975	8.297955430782368e-09
Disease	disease_3157	8.297955430782368e-09
Disease	disease_22936	8.297955430782368e-09
Disease	disease_22866	8.297955430782368e-09
Disease	disease_22823	8.297955430782368e-09
Disease	disease_22824	8.297955430782368e-09
Disease	disease_22831	8.297955430782368e-09
Disease	disease_22832	8.297955430782368e-09
Disease	disease_22849	8.297955430782368e-09
Disease	disease_22851	8.297955430782368e-09
Disease	disease_22854	8.297955430782368e-09
Disease	disease_22855	8.297955430782368e-09
Disease	disease_22858	8.297955430782368e-09
Disease	disease_22862	8.297955430782368e-09
Disease	disease_22863	8.297955430782368e-09
Disease	disease_22865	8.297955430782368e-09
Disease	disease_22869	8.297955430782368e-09
Disease	disease_23016	8.297955430782368e-09
Disease	disease_22875	8.297955430782368e-09
Disease	disease_22876	8.297955430782368e-09
Disease	disease_22883	8.297955430782368e-09
Disease	disease_22884	8.297955430782368e-09
Disease	disease_22887	8.297955430782368e-09
Disease	disease_22889	8.297955430782368e-09
Disease	disease_22899	8.297955430782368e-09
Disease	disease_22908	8.297955430782368e-09
Disease	disease_22909	8.297955430782368e-09
Disease	disease_22913	8.297955430782368e-09
Disease	disease_22916	8.297955430782368e-09
Disease	disease_22926	8.297955430782368e-09
Disease	disease_23015	8.297955430782368e-09
Disease	disease_23020	8.297955430782368e-09
Disease	disease_23017	8.297955430782368e-09
Disease	disease_23018	8.297955430782368e-09
Disease	disease_23138	8.297955430782368e-09
Disease	disease_23140	8.297955430782368e-09
Disease	disease_23142	8.297955430782368e-09
Disease	disease_23154	8.297955430782368e-09
Disease	disease_23155	8.297955430782368e-09
Disease	disease_23157	8.297955430782368e-09
Disease	disease_23167	8.297955430782368e-09
Disease	disease_23170	8.297955430782368e-09
Disease	disease_100071	8.297955430782368e-09
Disease	disease_23175	8.297955430782368e-09
Disease	disease_23186	8.297955430782368e-09
Disease	disease_23193	8.297955430782368e-09
Disease	disease_23194	8.297955430782368e-09
Disease	disease_23196	8.297955430782368e-09
Disease	disease_23197	8.297955430782368e-09
Disease	disease_23199	8.297955430782368e-09
Disease	disease_23200	8.297955430782368e-09
Disease	disease_23203	8.297955430782368e-09
Disease	disease_23208	8.297955430782368e-09
Disease	disease_23212	8.297955430782368e-09
Disease	disease_23214	8.297955430782368e-09
Disease	disease_43199	8.297955430782368e-09
Disease	disease_23221	8.297955430782368e-09
Disease	disease_43197	8.297955430782368e-09
Disease	disease_23226	8.297955430782368e-09
Disease	disease_23137	8.297955430782368e-09
Disease	disease_3963	8.297955430782368e-09
Disease	disease_23133	8.297955430782368e-09
Disease	disease_23062	8.297955430782368e-09
Disease	disease_23019	8.297955430782368e-09
Disease	disease_43358	8.297955430782368e-09
Disease	disease_22821	8.297955430782368e-09
Disease	disease_23021	8.297955430782368e-09
Disease	disease_23022	8.297955430782368e-09
Disease	disease_23030	8.297955430782368e-09
Disease	disease_23031	8.297955430782368e-09
Disease	disease_23038	8.297955430782368e-09
Disease	disease_23050	8.297955430782368e-09
Disease	disease_23052	8.297955430782368e-09
Disease	disease_23061	8.297955430782368e-09
Disease	disease_23066	8.297955430782368e-09
Disease	disease_23124	8.297955430782368e-09
Disease	disease_23068	8.297955430782368e-09
Disease	disease_23079	8.297955430782368e-09
Disease	disease_23083	8.297955430782368e-09
Disease	disease_23084	8.297955430782368e-09
Disease	disease_23091	8.297955430782368e-09
Disease	disease_23098	8.297955430782368e-09
Disease	disease_23100	8.297955430782368e-09
Disease	disease_23101	8.297955430782368e-09
Disease	disease_23102	8.297955430782368e-09
Disease	disease_23111	8.297955430782368e-09
Disease	disease_44876	8.297955430782368e-09
Disease	disease_22822	8.297955430782368e-09
Disease	disease_22818	8.297955430782368e-09
Disease	disease_22820	8.297955430782368e-09
Disease	disease_22071	8.297955430782368e-09
Disease	disease_22551	8.297955430782368e-09
Disease	disease_22070	8.297955430782368e-09
Disease	disease_22553	8.297955430782368e-09
Disease	disease_22555	8.297955430782368e-09
Disease	disease_22556	8.297955430782368e-09
Disease	disease_22013	8.297955430782368e-09
Disease	disease_22568	8.297955430782368e-09
Disease	disease_22575	8.297955430782368e-09
Disease	disease_22011	8.297955430782368e-09
Disease	disease_22576	8.297955430782368e-09
Disease	disease_22577	8.297955430782368e-09
Disease	disease_22580	8.297955430782368e-09
Disease	disease_21969	8.297955430782368e-09
Disease	disease_21962	8.297955430782368e-09
Disease	disease_22598	8.297955430782368e-09
Disease	disease_22599	8.297955430782368e-09
Disease	disease_22602	8.297955430782368e-09
Disease	disease_22603	8.297955430782368e-09
Disease	disease_22605	8.297955430782368e-09
Disease	disease_22610	8.297955430782368e-09
Disease	disease_22612	8.297955430782368e-09
Disease	disease_22613	8.297955430782368e-09
Disease	disease_22615	8.297955430782368e-09
Disease	disease_22633	8.297955430782368e-09
Disease	disease_22634	8.297955430782368e-09
Disease	disease_22546	8.297955430782368e-09
Disease	disease_22089	8.297955430782368e-09
Disease	disease_22819	8.297955430782368e-09
Disease	disease_22545	8.297955430782368e-09
Disease	disease_22398	8.297955430782368e-09
Disease	disease_22337	8.297955430782368e-09
Disease	disease_22401	8.297955430782368e-09
Disease	disease_22402	8.297955430782368e-09
Disease	disease_22403	8.297955430782368e-09
Disease	disease_22413	8.297955430782368e-09
Disease	disease_22414	8.297955430782368e-09
Disease	disease_22425	8.297955430782368e-09
Disease	disease_22428	8.297955430782368e-09
Disease	disease_22435	8.297955430782368e-09
Disease	disease_22456	8.297955430782368e-09
Disease	disease_22457	8.297955430782368e-09
Disease	disease_22458	8.297955430782368e-09
Disease	disease_22461	8.297955430782368e-09
Disease	disease_22462	8.297955430782368e-09
Disease	disease_22220	8.297955430782368e-09
Disease	disease_22465	8.297955430782368e-09
Disease	disease_22470	8.297955430782368e-09
Disease	disease_22496	8.297955430782368e-09
Disease	disease_22500	8.297955430782368e-09
Disease	disease_22504	8.297955430782368e-09
Disease	disease_22509	8.297955430782368e-09
Disease	disease_22510	8.297955430782368e-09
Disease	disease_22140	8.297955430782368e-09
Disease	disease_22513	8.297955430782368e-09
Disease	disease_22639	8.297955430782368e-09
Disease	disease_22644	8.297955430782368e-09
Disease	disease_21918	8.297955430782368e-09
Disease	disease_21905	8.297955430782368e-09
Disease	disease_22771	8.297955430782368e-09
Disease	disease_22775	8.297955430782368e-09
Disease	disease_21752	8.297955430782368e-09
Disease	disease_22776	8.297955430782368e-09
Disease	disease_22777	8.297955430782368e-09
Disease	disease_22778	8.297955430782368e-09
Disease	disease_22779	8.297955430782368e-09
Disease	disease_22780	8.297955430782368e-09
Disease	disease_22781	8.297955430782368e-09
Disease	disease_22782	8.297955430782368e-09
Disease	disease_22785	8.297955430782368e-09
Disease	disease_22786	8.297955430782368e-09
Disease	disease_22787	8.297955430782368e-09
Disease	disease_22790	8.297955430782368e-09
Disease	disease_22791	8.297955430782368e-09
Disease	disease_22798	8.297955430782368e-09
Disease	disease_22802	8.297955430782368e-09
Disease	disease_22803	8.297955430782368e-09
Disease	disease_22804	8.297955430782368e-09
Disease	disease_22805	8.297955430782368e-09
Disease	disease_22809	8.297955430782368e-09
Disease	disease_22810	8.297955430782368e-09
Disease	disease_22815	8.297955430782368e-09
Disease	disease_22817	8.297955430782368e-09
Disease	disease_23240	8.297955430782368e-09
Disease	disease_22770	8.297955430782368e-09
Disease	disease_22769	8.297955430782368e-09
Disease	disease_22765	8.297955430782368e-09
Disease	disease_22682	8.297955430782368e-09
Disease	disease_22645	8.297955430782368e-09
Disease	disease_22646	8.297955430782368e-09
Disease	disease_22647	8.297955430782368e-09
Disease	disease_22648	8.297955430782368e-09
Disease	disease_22650	8.297955430782368e-09
Disease	disease_22654	8.297955430782368e-09
Disease	disease_22656	8.297955430782368e-09
Disease	disease_15311	8.297955430782368e-09
Disease	disease_22662	8.297955430782368e-09
Disease	disease_22666	8.297955430782368e-09
Disease	disease_22675	8.297955430782368e-09
Disease	disease_21849	8.297955430782368e-09
Disease	disease_21761	8.297955430782368e-09
Disease	disease_22685	8.297955430782368e-09
Disease	disease_21836	8.297955430782368e-09
Disease	disease_22691	8.297955430782368e-09
Disease	disease_22693	8.297955430782368e-09
Disease	disease_22694	8.297955430782368e-09
Disease	disease_21829	8.297955430782368e-09
Disease	disease_22712	8.297955430782368e-09
Disease	disease_22733	8.297955430782368e-09
Disease	disease_22734	8.297955430782368e-09
Disease	disease_22739	8.297955430782368e-09
Disease	disease_22740	8.297955430782368e-09
Disease	disease_23230	8.297955430782368e-09
Disease	disease_22380	8.297955430782368e-09
Disease	disease_42915	8.297955430782368e-09
Disease	disease_23696	8.297955430782368e-09
Disease	disease_23605	8.297955430782368e-09
Disease	disease_23607	8.297955430782368e-09
Disease	disease_43129	8.297955430782368e-09
Disease	disease_23609	8.297955430782368e-09
Disease	disease_24418	8.297955430782368e-09
Disease	disease_849	8.297955430782368e-09
Disease	disease_43185	8.297955430782368e-09
Disease	disease_42604	8.297955430782368e-09
Disease	disease_23809	8.297955430782368e-09
Disease	disease_42600	8.297955430782368e-09
Disease	disease_42601	8.297955430782368e-09
Disease	disease_23267	8.297955430782368e-09
Disease	disease_42602	8.297955430782368e-09
Disease	disease_42603	8.297955430782368e-09
Disease	disease_42924	8.297955430782368e-09
Disease	disease_24421	8.297955430782368e-09
Disease	disease_23579	8.297955430782368e-09
Disease	disease_43193	8.297955430782368e-09
Disease	disease_23577	8.297955430782368e-09
Disease	disease_23575	8.297955430782368e-09
Disease	disease_23272	8.297955430782368e-09
Disease	disease_43073	8.297955430782368e-09
Disease	disease_23567	8.297955430782368e-09
Disease	disease_23541	8.297955430782368e-09
Disease	disease_23540	8.297955430782368e-09
Disease	disease_23510	8.297955430782368e-09
Disease	disease_43087	8.297955430782368e-09
Disease	disease_43108	8.297955430782368e-09
Disease	disease_23368	8.297955430782368e-09
Disease	disease_43114	8.297955430782368e-09
Disease	disease_23290	8.297955430782368e-09
Disease	disease_24171	8.297955430782368e-09
Disease	disease_4771	8.297955430782368e-09
Disease	disease_23288	8.297955430782368e-09
Disease	disease_42913	8.297955430782368e-09
Disease	disease_43172	8.297955430782368e-09
Disease	disease_42911	8.297955430782368e-09
Disease	disease_19103	8.297955430782368e-09
Disease	disease_42908	8.297955430782368e-09
Disease	disease_43179	8.297955430782368e-09
Disease	disease_42902	8.297955430782368e-09
Disease	disease_42912	8.297955430782368e-09
Disease	disease_43170	8.297955430782368e-09
Disease	disease_42726	8.297955430782368e-09
Disease	disease_42724	8.297955430782368e-09
Disease	disease_42956	8.297955430782368e-09
Disease	disease_24234	8.297955430782368e-09
Disease	disease_42717	8.297955430782368e-09
Disease	disease_43195	8.297955430782368e-09
Disease	disease_23255	8.297955430782368e-09
Disease	disease_43183	8.297955430782368e-09
Disease	disease_42960	8.297955430782368e-09
Disease	disease_42705	8.297955430782368e-09
Disease	disease_16678	8.296573639370212e-09
Disease	disease_20381	8.296346496370843e-09
Disease	disease_12462	8.293289588474118e-09
Disease	disease_7754	8.29093118804869e-09
Disease	disease_19768	8.290712277619299e-09
Disease	disease_11564	8.290233836594988e-09
Disease	disease_4593	8.289888262973263e-09
Disease	disease_12035	8.28815630323215e-09
Disease	disease_18445	8.28406940892212e-09
Disease	disease_15781	8.28396465179877e-09
Disease	disease_24889	8.283498842423585e-09
Disease	disease_14439	8.283334884364895e-09
Disease	disease_3835	8.28198405797411e-09
Disease	disease_13149	8.277838188043405e-09
Disease	disease_3355	8.277786693110194e-09
Disease	disease_9806	8.265694890474504e-09
Disease	disease_836	8.261989469363705e-09
Disease	disease_9048	8.257234936068965e-09
Disease	disease_1739	8.254634216556186e-09
Disease	disease_2006	8.254634216556186e-09
Disease	disease_1820	8.254634216556186e-09
Disease	disease_8792	8.253883730834932e-09
Disease	disease_11313	8.252717769893465e-09
Disease	disease_32675	8.250811970307836e-09
Disease	disease_4510	8.250749719242645e-09
Disease	disease_14534	8.25047673953363e-09
Disease	disease_15482	8.250286878397412e-09
Disease	disease_11858	8.245009313484503e-09
Disease	disease_2503	8.244602467412958e-09
Disease	disease_2638	8.244240668483974e-09
Disease	disease_32846	8.242891491595574e-09
Disease	disease_9336	8.242357676112334e-09
Disease	disease_7684	8.241373510683725e-09
Disease	disease_32663	8.240643660471525e-09
Disease	disease_12199	8.240399587267023e-09
Disease	disease_11235	8.240200516782281e-09
Disease	disease_2478	8.238196714436326e-09
Disease	disease_19407	8.23817605792456e-09
Disease	disease_5870	8.23677824893603e-09
Disease	disease_5802	8.23677824893603e-09
Disease	disease_4672	8.23677824893603e-09
Disease	disease_4755	8.23677824893603e-09
Disease	disease_4662	8.23677824893603e-09
Disease	disease_295	8.23677824893603e-09
Disease	disease_5759	8.23677824893603e-09
Disease	disease_4666	8.23677824893603e-09
Disease	disease_5705	8.23677824893603e-09
Disease	disease_5895	8.23677824893603e-09
Disease	disease_5729	8.23677824893603e-09
Disease	disease_9001	8.235883903113482e-09
Disease	disease_170	8.232700247283752e-09
Disease	disease_7219	8.232299177203733e-09
Disease	disease_9884	8.229916806124002e-09
Disease	disease_10226	8.221834101897039e-09
Disease	disease_32485	8.215778322277095e-09
Disease	disease_21454	8.215443242844377e-09
Disease	disease_32592	8.214816970257282e-09
Disease	disease_7112	8.213898480654665e-09
Disease	disease_12777	8.213661565649078e-09
Disease	disease_11793	8.213661565649078e-09
Disease	disease_12702	8.213661565649078e-09
Disease	disease_12781	8.213661565649078e-09
Disease	disease_12776	8.213661565649078e-09
Disease	disease_12782	8.213661565649078e-09
Disease	disease_12778	8.213661565649078e-09
Disease	disease_12779	8.213661565649078e-09
Disease	disease_12780	8.213661565649078e-09
Disease	disease_12340	8.213661565649078e-09
Disease	disease_8454	8.212415654787551e-09
Disease	disease_18190	8.208460609693946e-09
Disease	disease_1165	8.204240324743995e-09
Disease	disease_14101	8.203596598542757e-09
Disease	disease_17299	8.203101027447265e-09
Disease	disease_950	8.203101027447265e-09
Disease	disease_18486	8.203101027447265e-09
Disease	disease_4861	8.203101027447265e-09
Disease	disease_17789	8.203101027447265e-09
Disease	disease_17204	8.203101027447265e-09
Disease	disease_8715	8.19780890513021e-09
Disease	disease_15443	8.193538911171995e-09
Disease	disease_2195	8.193490547978767e-09
Disease	disease_12732	8.19049596910246e-09
Disease	disease_2781	8.184288312160741e-09
Disease	disease_2795	8.17954357469086e-09
Disease	disease_7050	8.179387894927372e-09
Disease	disease_24358	8.17918178619093e-09
Disease	disease_17952	8.177737178441317e-09
Disease	disease_12790	8.176553408272216e-09
Disease	disease_2805	8.173355108652244e-09
Disease	disease_33352	8.172699012121266e-09
Disease	disease_12079	8.171725521929763e-09
Disease	disease_18791	8.166172122967294e-09
Disease	disease_11435	8.158892324055333e-09
Disease	disease_18257	8.1550195218633e-09
Disease	disease_54832	8.154353216673152e-09
Disease	disease_18119	8.15432802733392e-09
Disease	disease_16371	8.152413202511746e-09
Disease	disease_14209	8.150353920539348e-09
Disease	disease_17315	8.148439228723376e-09
Disease	disease_7841	8.147707676984294e-09
Disease	disease_21759	8.145776983194978e-09
Disease	disease_1890	8.140419916816213e-09
Disease	disease_100230	8.134129772603543e-09
Disease	disease_14767	8.133254148513578e-09
Disease	disease_7662	8.132389233281155e-09
Disease	disease_24520	8.131637806918348e-09
Disease	disease_40654	8.13081542200923e-09
Disease	disease_16844	8.129729067188741e-09
Disease	disease_3031	8.12929005778529e-09
Disease	disease_20820	8.128888643583265e-09
Disease	disease_10751	8.127954746326466e-09
Disease	disease_3574	8.123424216642107e-09
Disease	disease_24363	8.122279778316623e-09
Disease	disease_8088	8.119216531305227e-09
Disease	disease_12682	8.118857374340691e-09
Disease	disease_3405	8.117499446469668e-09
Disease	disease_14709	8.114771110726527e-09
Disease	disease_16396	8.114445744480506e-09
Disease	disease_14171	8.11335966870904e-09
Disease	disease_16086	8.11131890351805e-09
Disease	disease_2580	8.105051504130237e-09
Disease	disease_11264	8.102223352046085e-09
Disease	disease_650	8.09472858026384e-09
Disease	disease_6635	8.089479597312227e-09
Disease	disease_8898	8.087641126780195e-09
Disease	disease_15728	8.085823027130916e-09
Disease	disease_9240	8.084635606272334e-09
Disease	disease_8288	8.079733394208784e-09
Disease	disease_21431	8.07887176130947e-09
Disease	disease_22535	8.076173213251102e-09
Disease	disease_4763	8.076173213251102e-09
Disease	disease_13497	8.073323343625813e-09
Disease	disease_11407	8.073006504460577e-09
Disease	disease_40871	8.06878567631317e-09
Disease	disease_2200	8.0675010017249e-09
Disease	disease_7905	8.065541802315946e-09
Disease	disease_21538	8.062351837726006e-09
Disease	disease_18574	8.059096147323137e-09
Disease	disease_14337	8.058207933127907e-09
Disease	disease_54749	8.05376856065732e-09
Disease	disease_10402	8.05354141172435e-09
Disease	disease_13927	8.053148714077734e-09
Disease	disease_13048	8.043470348530093e-09
Disease	disease_7826	8.039300924120658e-09
Disease	disease_15405	8.039132922118935e-09
Disease	disease_20959	8.038173747235841e-09
Disease	disease_9463	8.037882705186854e-09
Disease	disease_21429	8.030880191462134e-09
Disease	disease_21027	8.026950057691573e-09
Disease	disease_111	8.025899957604183e-09
Disease	disease_14634	8.025540136626773e-09
Disease	disease_17281	8.020257086210984e-09
Disease	disease_15702	8.01850587653274e-09
Disease	disease_10908	8.01740071215258e-09
Disease	disease_11411	8.011952761314355e-09
Disease	disease_30019	8.009192609352902e-09
Disease	disease_2250	8.008717832245059e-09
Disease	disease_17355	8.008116381739298e-09
Disease	disease_8403	8.006344202427346e-09
Disease	disease_12554	8.00603188763215e-09
Disease	disease_32886	8.005063228344689e-09
Disease	disease_238	8.000424550442303e-09
Disease	disease_19776	7.999882676742205e-09
Disease	disease_7895	7.995861675223297e-09
Disease	disease_16889	7.995679677152848e-09
Disease	disease_7793	7.98663298793203e-09
Disease	disease_13845	7.985759029478216e-09
Disease	disease_17116	7.985054106081413e-09
Disease	disease_11375	7.978487738208522e-09
Disease	disease_54742	7.975265438813446e-09
Disease	disease_2220	7.97299599263438e-09
Disease	disease_3170	7.96656502716583e-09
Disease	disease_14679	7.964522295015087e-09
Disease	disease_3392	7.963320491074777e-09
Disease	disease_5216	7.963169867746758e-09
Disease	disease_14325	7.961550133525515e-09
Disease	disease_20937	7.960688493113456e-09
Disease	disease_16562	7.955036892802684e-09
Disease	disease_9386	7.951676901958213e-09
Disease	disease_13532	7.95085616983163e-09
Disease	disease_3413	7.949754537985712e-09
Disease	disease_7830	7.940971534739998e-09
Disease	disease_10105	7.937703422729166e-09
Disease	disease_21745	7.937219025117858e-09
Disease	disease_6888	7.934465344685997e-09
Disease	disease_9163	7.930853373287088e-09
Disease	disease_12413	7.930059484207191e-09
Disease	disease_15353	7.926208253326987e-09
Disease	disease_4475	7.923606348701526e-09
Disease	disease_4297	7.923606348701526e-09
Disease	disease_3596	7.920917916800219e-09
Disease	disease_8351	7.917911678338418e-09
Disease	disease_8037	7.917911678338418e-09
Disease	disease_13254	7.914296615052503e-09
Disease	disease_32618	7.914273563956396e-09
Disease	disease_15476	7.911826508669294e-09
Disease	disease_100132	7.91106635077668e-09
Disease	disease_6524	7.910781801282407e-09
Disease	disease_7330	7.909869326800158e-09
Disease	disease_14180	7.907985261475237e-09
Disease	disease_8955	7.907587125017827e-09
Disease	disease_30861	7.906857750596147e-09
Disease	disease_12125	7.904534196587113e-09
Disease	disease_1399	7.899903323368334e-09
Disease	disease_23571	7.89795821470694e-09
Disease	disease_9488	7.89631400486592e-09
Disease	disease_6948	7.891738718689769e-09
Disease	disease_7237	7.889057888907012e-09
Disease	disease_10534	7.886809338389059e-09
Disease	disease_1535	7.886430764910208e-09
Disease	disease_9243	7.88141103760927e-09
Disease	disease_9075	7.879642543794376e-09
Disease	disease_20453	7.876872267389517e-09
Disease	disease_20786	7.87525379814096e-09
Disease	disease_13140	7.873878746090538e-09
Disease	disease_9015	7.873452380808886e-09
Disease	disease_7300	7.8731007472796e-09
Disease	disease_18672	7.872584477784364e-09
Disease	disease_16544	7.872584477784364e-09
Disease	disease_8070	7.869630020730997e-09
Disease	disease_14551	7.867942920510855e-09
Disease	disease_18694	7.863713434240794e-09
Disease	disease_14966	7.860091120031469e-09
Disease	disease_54847	7.856717566299772e-09
Disease	disease_17058	7.855076272113263e-09
Disease	disease_478	7.851849123016394e-09
Disease	disease_519	7.851124894364014e-09
Disease	disease_24351	7.849374862196827e-09
Disease	disease_12890	7.847249340585062e-09
Disease	disease_12787	7.846168218512056e-09
Disease	disease_16283	7.845065542989592e-09
Disease	disease_14836	7.84390314849991e-09
Disease	disease_14393	7.837701131947917e-09
Disease	disease_33361	7.833480252057296e-09
Disease	disease_19129	7.831631441548472e-09
Disease	disease_4925	7.825201257701175e-09
Disease	disease_6178	7.824900135185875e-09
Disease	disease_2550	7.824298461903853e-09
Disease	disease_14314	7.823332818340424e-09
Disease	disease_7605	7.819661628863574e-09
Disease	disease_1433	7.818447766053737e-09
Disease	disease_9040	7.818238348535548e-09
Disease	disease_20801	7.81517883442079e-09
Disease	disease_30921	7.808992959980388e-09
Disease	disease_13990	7.80613708276094e-09
Disease	disease_13418	7.804056298518475e-09
Disease	disease_11585	7.799544730858726e-09
Disease	disease_15002	7.798907871764424e-09
Disease	disease_14440	7.797686163844821e-09
Disease	disease_10515	7.797248626153676e-09
Disease	disease_13937	7.794216732202313e-09
Disease	disease_12680	7.791006991317521e-09
Disease	disease_15571	7.790838848558807e-09
Disease	disease_32918	7.788791104721217e-09
Disease	disease_8916	7.786946478840763e-09
Disease	disease_7717	7.784953574593303e-09
Disease	disease_14641	7.784425038534781e-09
Disease	disease_12468	7.784073982869046e-09
Disease	disease_13280	7.782989384584635e-09
Disease	disease_12200	7.782813278376535e-09
Disease	disease_16190	7.782155207083473e-09
Disease	disease_15092	7.781268306984521e-09
Disease	disease_5998	7.776802156121356e-09
Disease	disease_45015	7.775073216958586e-09
Disease	disease_9582	7.769580331924556e-09
Disease	disease_10684	7.768644815498953e-09
Disease	disease_30706	7.7682613450509e-09
Disease	disease_7241	7.767000479076848e-09
Disease	disease_32926	7.764132881083632e-09
Disease	disease_18499	7.763855115606765e-09
Disease	disease_3251	7.76059582898668e-09
Disease	disease_10952	7.759761263670005e-09
Disease	disease_19283	7.759543453243445e-09
Disease	disease_9311	7.753236839679706e-09
Disease	disease_30077	7.746893094745619e-09
Disease	disease_8453	7.74684121152782e-09
Disease	disease_32678	7.745611656990551e-09
Disease	disease_15448	7.744457532435502e-09
Disease	disease_18930	7.743765015056165e-09
Disease	disease_8541	7.741967971754214e-09
Disease	disease_14745	7.741563797285907e-09
Disease	disease_21746	7.740852949609066e-09
Disease	disease_30071	7.73362447945154e-09
Disease	disease_17795	7.732976739735323e-09
Disease	disease_44330	7.731512020317985e-09
Disease	disease_34109	7.730002852933426e-09
Disease	disease_9127	7.726343697044351e-09
Disease	disease_9951	7.725677601646611e-09
Disease	disease_60704	7.722128872538083e-09
Disease	disease_60589	7.721311566061858e-09
Disease	disease_4401	7.720488851412213e-09
Disease	disease_8506	7.718242972871587e-09
Disease	disease_12802	7.71759080400342e-09
Disease	disease_3287	7.717412700850753e-09
Disease	disease_9470	7.717312140153288e-09
Disease	disease_13544	7.717032987456055e-09
Disease	disease_654	7.714747564447556e-09
Disease	disease_32621	7.71316716169429e-09
Disease	disease_14572	7.712818193768545e-09
Disease	disease_9327	7.709255332889965e-09
Disease	disease_8130	7.708394570868263e-09
Disease	disease_4461	7.701478103099412e-09
Disease	disease_14016	7.699095912194777e-09
Disease	disease_8508	7.698557879200414e-09
Disease	disease_24542	7.695061442489555e-09
Disease	disease_7480	7.692419886105341e-09
Disease	disease_11947	7.689822691028633e-09
Disease	disease_12706	7.687914674240233e-09
Disease	disease_18976	7.687395040919028e-09
Disease	disease_100121	7.686719147450183e-09
Disease	disease_10799	7.68558191776405e-09
Disease	disease_32673	7.685474134392513e-09
Disease	disease_32613	7.683458760912011e-09
Disease	disease_9751	7.681657796415797e-09
Disease	disease_10628	7.680459944491305e-09
Disease	disease_9166	7.677857540977707e-09
Disease	disease_18026	7.676677369919681e-09
Disease	disease_14747	7.676364755670803e-09
Disease	disease_18688	7.676362399452622e-09
Disease	disease_34127	7.676362399452622e-09
Disease	disease_7314	7.676157603113237e-09
Disease	disease_14434	7.67590149819267e-09
Disease	disease_7048	7.674686092730499e-09
Disease	disease_18303	7.67321204103058e-09
Disease	disease_21629	7.670297662073601e-09
Disease	disease_60527	7.668013616069825e-09
Disease	disease_7092	7.667360052918622e-09
Disease	disease_21249	7.66716613878314e-09
Disease	disease_10463	7.66286706437751e-09
Disease	disease_21509	7.662016622398037e-09
Disease	disease_8101	7.661289515137042e-09
Disease	disease_30046	7.658370854967504e-09
Disease	disease_16905	7.654671002187179e-09
Disease	disease_6828	7.65332122663843e-09
Disease	disease_26767	7.64840486206396e-09
Disease	disease_16898	7.648178576238844e-09
Disease	disease_14597	7.647737814716123e-09
Disease	disease_8366	7.643814515622109e-09
Disease	disease_13649	7.64258506045983e-09
Disease	disease_3644	7.642486351281281e-09
Disease	disease_33374	7.624693204833063e-09
Disease	disease_8042	7.620540056842693e-09
Disease	disease_18628	7.619508551323093e-09
Disease	disease_9118	7.618822290687334e-09
Disease	disease_3791	7.612791216947051e-09
Disease	disease_704	7.610796730998295e-09
Disease	disease_9244	7.610692774580413e-09
Disease	disease_16115	7.609533922046293e-09
Disease	disease_2137	7.6088232371475e-09
Disease	disease_54560	7.608627330695421e-09
Disease	disease_11524	7.605792545897609e-09
Disease	disease_7102	7.602977737442623e-09
Disease	disease_13401	7.60064762178063e-09
Disease	disease_8363	7.59908471646856e-09
Disease	disease_14042	7.59899167063384e-09
Disease	disease_26722	7.598768625779302e-09
Disease	disease_9203	7.597707503517417e-09
Disease	disease_1816	7.596167781707987e-09
Disease	disease_3082	7.596167781707987e-09
Disease	disease_1395	7.596167781707987e-09
Disease	disease_54852	7.594975143761945e-09
Disease	disease_33652	7.594807592731269e-09
Disease	disease_20584	7.594757648965516e-09
Disease	disease_3998	7.592435443746285e-09
Disease	disease_30973	7.589588934813881e-09
Disease	disease_30898	7.589588934813881e-09
Disease	disease_30971	7.589588934813881e-09
Disease	disease_30981	7.589588934813881e-09
Disease	disease_20427	7.575666254507128e-09
Disease	disease_14492	7.567271188580116e-09
Disease	disease_9298	7.565675066487653e-09
Disease	disease_5483	7.565206135754134e-09
Disease	disease_1758	7.564317170784569e-09
Disease	disease_14980	7.563978897421803e-09
Disease	disease_14614	7.563307187945472e-09
Disease	disease_17135	7.560372896541147e-09
Disease	disease_12398	7.560257414187194e-09
Disease	disease_4611	7.560230892558025e-09
Disease	disease_9725	7.557370213784935e-09
Disease	disease_7492	7.552205852122295e-09
Disease	disease_1326	7.550106240508261e-09
Disease	disease_20818	7.550106240508261e-09
Disease	disease_20812	7.550106240508261e-09
Disease	disease_1216	7.550106240508261e-09
Disease	disease_13252	7.545972113619403e-09
Disease	disease_4832	7.543158432501912e-09
Disease	disease_11191	7.53952511293237e-09
Disease	disease_2790	7.538102944330183e-09
Disease	disease_8400	7.534105595481409e-09
Disease	disease_32750	7.532715437052478e-09
Disease	disease_25263	7.526008050820291e-09
Disease	disease_6089	7.523054174130573e-09
Disease	disease_40653	7.522040166701359e-09
Disease	disease_1487	7.520831183949532e-09
Disease	disease_7777	7.519787434707664e-09
Disease	disease_6195	7.51829826802708e-09
Disease	disease_21580	7.516700128552866e-09
Disease	disease_18763	7.513069370203761e-09
Disease	disease_8489	7.512786245071734e-09
Disease	disease_13444	7.512312230985861e-09
Disease	disease_17008	7.511824763757264e-09
Disease	disease_32751	7.510598796975467e-09
Disease	disease_9687	7.509347053574828e-09
Disease	disease_21507	7.50873633886486e-09
Disease	disease_19067	7.508128218183057e-09
Disease	disease_9141	7.505279235446947e-09
Disease	disease_8122	7.504608030856895e-09
Disease	disease_17818	7.504337622546921e-09
Disease	disease_5399	7.504337622546921e-09
Disease	disease_3595	7.502535595630774e-09
Disease	disease_14994	7.50079659217532e-09
Disease	disease_14522	7.498006340887126e-09
Disease	disease_32687	7.49473462340103e-09
Disease	disease_4430	7.489187090231207e-09
Disease	disease_2935	7.489187090231207e-09
Disease	disease_14436	7.484427914071997e-09
Disease	disease_7833	7.478661118323912e-09
Disease	disease_8382	7.474725699516593e-09
Disease	disease_32875	7.471352686824625e-09
Disease	disease_14127	7.467701797615007e-09
Disease	disease_32642	7.45905796706233e-09
Disease	disease_13962	7.458515433080372e-09
Disease	disease_6126	7.458077823364666e-09
Disease	disease_40923	7.456629325536612e-09
Disease	disease_44311	7.456450331145187e-09
Disease	disease_16760	7.455299150901256e-09
Disease	disease_13916	7.454309144801021e-09
Disease	disease_30939	7.454083453405949e-09
Disease	disease_60671	7.453039500331532e-09
Disease	disease_33092	7.451559694452336e-09
Disease	disease_32600	7.447365107063967e-09
Disease	disease_11886	7.446362757108599e-09
Disease	disease_10700	7.444641109678914e-09
Disease	disease_9296	7.441833309129033e-09
Disease	disease_11694	7.437909541369212e-09
Disease	disease_11260	7.432772301940481e-09
Disease	disease_14569	7.431265577309039e-09
Disease	disease_21258	7.43077392873946e-09
Disease	disease_14855	7.4254238464160685e-09
Disease	disease_15619	7.42536188408328e-09
Disease	disease_14120	7.420328227133885e-09
Disease	disease_44203	7.416193730027248e-09
Disease	disease_19211	7.40993628566704e-09
Disease	disease_32934	7.402199420792493e-09
Disease	disease_14224	7.399414234880248e-09
Disease	disease_33667	7.394253604373904e-09
Disease	disease_20766	7.393197592721923e-09
Disease	disease_16961	7.39240893371212e-09
Disease	disease_19669	7.387676505818744e-09
Disease	disease_15598	7.386468169830135e-09
Disease	disease_33366	7.38526570111878e-09
Disease	disease_7153	7.383847405201294e-09
Disease	disease_32577	7.3816715801487695e-09
Disease	disease_9788	7.380461849509863e-09
Disease	disease_7426	7.379286147617636e-09
Disease	disease_16866	7.378357417503302e-09
Disease	disease_10978	7.377856525934623e-09
Disease	disease_33658	7.3752918675447285e-09
Disease	disease_14627	7.374539874919069e-09
Disease	disease_892	7.373494264220923e-09
Disease	disease_26733	7.373194600447015e-09
Disease	disease_2741	7.371752909601868e-09
Disease	disease_9375	7.369922135521612e-09
Disease	disease_3000	7.367930041615971e-09
Disease	disease_32635	7.366211358237394e-09
Disease	disease_11239	7.365736315859338e-09
Disease	disease_10856	7.359640054364742e-09
Disease	disease_4508	7.358492260131901e-09
Disease	disease_16887	7.357927201710813e-09
Disease	disease_14699	7.3575902120645315e-09
Disease	disease_8791	7.351294349981951e-09
Disease	disease_10380	7.3508591015512496e-09
Disease	disease_10970	7.348065266151051e-09
Disease	disease_23554	7.344202341196787e-09
Disease	disease_1877	7.344202341196787e-09
Disease	disease_42605	7.344202341196787e-09
Disease	disease_14926	7.3437147421642086e-09
Disease	disease_33570	7.340509941095948e-09
Disease	disease_7770	7.336577964838899e-09
Disease	disease_8066	7.336577964838899e-09
Disease	disease_15227	7.334085463850927e-09
Disease	disease_9365	7.333966827348334e-09
Disease	disease_2092	7.331567345628573e-09
Disease	disease_49223	7.33150799950942e-09
Disease	disease_19867	7.330372835667752e-09
Disease	disease_8845	7.328009820883395e-09
Disease	disease_17103	7.325844348141593e-09
Disease	disease_3825	7.325161735002054e-09
Disease	disease_17602	7.325151334452787e-09
Disease	disease_2222	7.324187901907093e-09
Disease	disease_11798	7.322139027905315e-09
Disease	disease_10371	7.321942840070908e-09
Disease	disease_9932	7.320973636596415e-09
Disease	disease_10688	7.317872159668162e-09
Disease	disease_16311	7.316614465359659e-09
Disease	disease_16201	7.316518755418534e-09
Disease	disease_33621	7.315422881430844e-09
Disease	disease_18050	7.312901876351922e-09
Disease	disease_13442	7.3116900773175976e-09
Disease	disease_54669	7.310873006811807e-09
Disease	disease_14839	7.3097352069263304e-09
Disease	disease_13828	7.3084917130345975e-09
Disease	disease_32808	7.3074396765186635e-09
Disease	disease_30072	7.306439303644613e-09
Disease	disease_60456	7.305865320815092e-09
Disease	disease_3490	7.30444575462451e-09
Disease	disease_18856	7.300151387687148e-09
Disease	disease_13068	7.298927792834461e-09
Disease	disease_12910	7.298927792834461e-09
Disease	disease_3288	7.2936018990434495e-09
Disease	disease_3296	7.2936018990434495e-09
Disease	disease_30059	7.290472794226384e-09
Disease	disease_17430	7.285225470676283e-09
Disease	disease_2775	7.27922622494874e-09
Disease	disease_25956	7.27922622494874e-09
Disease	disease_4194	7.27922622494874e-09
Disease	disease_17087	7.27921775919145e-09
Disease	disease_17088	7.27921775919145e-09
Disease	disease_8313	7.2778671308345335e-09
Disease	disease_7096	7.276692988458839e-09
Disease	disease_11042	7.275172667995932e-09
Disease	disease_8743	7.2722956871537e-09
Disease	disease_6106	7.271912787619727e-09
Disease	disease_10767	7.268472406844612e-09
Disease	disease_2193	7.2667552451760195e-09
Disease	disease_12504	7.2640776461298664e-09
Disease	disease_13058	7.2618788281621764e-09
Disease	disease_17934	7.26174354474986e-09
Disease	disease_17165	7.2599768691878525e-09
Disease	disease_21525	7.259030748973942e-09
Disease	disease_14296	7.258895378876368e-09
Disease	disease_13493	7.257044188032759e-09
Disease	disease_2761	7.254774252279334e-09
Disease	disease_17904	7.253198823760504e-09
Disease	disease_33486	7.250138530557893e-09
Disease	disease_23243	7.247562644654475e-09
Disease	disease_8160	7.246823324681095e-09
Disease	disease_8534	7.242859907057909e-09
Disease	disease_1400	7.240845356880063e-09
Disease	disease_3256	7.239567218710518e-09
Disease	disease_3285	7.230294797477293e-09
Disease	disease_19809	7.229756537644203e-09
Disease	disease_7907	7.2279873016904176e-09
Disease	disease_3294	7.227753417381274e-09
Disease	disease_15536	7.227549248211387e-09
Disease	disease_10279	7.226785753947743e-09
Disease	disease_16573	7.225453544483061e-09
Disease	disease_9226	7.2243757596245414e-09
Disease	disease_13805	7.222722636062114e-09
Disease	disease_32832	7.2221624753473e-09
Disease	disease_21331	7.221251670602163e-09
Disease	disease_12464	7.219228963208059e-09
Disease	disease_12188	7.2185410561928466e-09
Disease	disease_9232	7.218265227339992e-09
Disease	disease_7261	7.217011662999558e-09
Disease	disease_724	7.214907155180737e-09
Disease	disease_34987	7.214459308262114e-09
Disease	disease_4206	7.212925289753081e-09
Disease	disease_33967	7.2126290208971646e-09
Disease	disease_19401	7.2122784509924105e-09
Disease	disease_4172	7.206761128810071e-09
Disease	disease_12329	7.201882983579393e-09
Disease	disease_43069	7.201035834098261e-09
Disease	disease_2318	7.196710954864018e-09
Disease	disease_9418	7.19293137855406e-09
Disease	disease_7342	7.192323266661685e-09
Disease	disease_12019	7.191845326205128e-09
Disease	disease_10078	7.188218991005398e-09
Disease	disease_5740	7.1859938271498944e-09
Disease	disease_23071	7.1859938271498944e-09
Disease	disease_5751	7.1859938271498944e-09
Disease	disease_30922	7.184743807283075e-09
Disease	disease_12614	7.1832395726993845e-09
Disease	disease_33370	7.180580454741802e-09
Disease	disease_16065	7.180263142334875e-09
Disease	disease_19940	7.179710203993643e-09
Disease	disease_16798	7.178487032965701e-09
Disease	disease_13502	7.1784120255235524e-09
Disease	disease_3284	7.1774142089358345e-09
Disease	disease_4177	7.17596886324587e-09
Disease	disease_7343	7.175408689816125e-09
Disease	disease_8691	7.17456804068218e-09
Disease	disease_14435	7.1728380886347944e-09
Disease	disease_14327	7.171176520031807e-09
Disease	disease_17682	7.170465273254449e-09
Disease	disease_8350	7.1697743448889055e-09
Disease	disease_54561	7.168363972271943e-09
Disease	disease_9956	7.166489570113039e-09
Disease	disease_182	7.165000257733103e-09
Disease	disease_16752	7.157847136843987e-09
Disease	disease_15580	7.156915864287686e-09
Disease	disease_13801	7.154251931646558e-09
Disease	disease_9361	7.150372105696401e-09
Disease	disease_17966	7.150310194260337e-09
Disease	disease_1062	7.149092833442919e-09
Disease	disease_10388	7.1475212623602035e-09
Disease	disease_9784	7.147128639191897e-09
Disease	disease_9545	7.146925568684381e-09
Disease	disease_6187	7.146903033676815e-09
Disease	disease_5905	7.146678916056124e-09
Disease	disease_8821	7.142985139984699e-09
Disease	disease_60507	7.139476389900403e-09
Disease	disease_3196	7.139433422022747e-09
Disease	disease_13618	7.1392199645337686e-09
Disease	disease_4241	7.135802160177654e-09
Disease	disease_9128	7.134704969501905e-09
Disease	disease_20664	7.133468226668778e-09
Disease	disease_30941	7.131554871670454e-09
Disease	disease_10509	7.124807231556675e-09
Disease	disease_15985	7.124176759880185e-09
Disease	disease_18337	7.121058279161346e-09
Disease	disease_16186	7.120990715401469e-09
Disease	disease_33372	7.1196445845414885e-09
Disease	disease_11558	7.115948450110515e-09
Disease	disease_13535	7.11585747898617e-09
Disease	disease_31010	7.115052788582377e-09
Disease	disease_14480	7.112604352232964e-09
Disease	disease_1015	7.111834301395479e-09
Disease	disease_54791	7.109353722307708e-09
Disease	disease_7162	7.107721502759442e-09
Disease	disease_13939	7.1048617324605545e-09
Disease	disease_18776	7.102807026719536e-09
Disease	disease_16320	7.101513600145473e-09
Disease	disease_32716	7.095349819022448e-09
Disease	disease_8343	7.09157424027407e-09
Disease	disease_43303	7.0864886871375235e-09
Disease	disease_934	7.085853503310766e-09
Disease	disease_9028	7.085638804842188e-09
Disease	disease_18443	7.08482645146201e-09
Disease	disease_32910	7.081725759369187e-09
Disease	disease_8236	7.081007186168763e-09
Disease	disease_1614	7.080013095029992e-09
Disease	disease_5438	7.080013095029992e-09
Disease	disease_156	7.077888934294652e-09
Disease	disease_33015	7.076311854568683e-09
Disease	disease_3298	7.0735936452487975e-09
Disease	disease_7353	7.066568825255011e-09
Disease	disease_1365	7.065784989192417e-09
Disease	disease_9686	7.0649469063422696e-09
Disease	disease_44343	7.0643530454628544e-09
Disease	disease_12373	7.060810013833589e-09
Disease	disease_4398	7.059746813723328e-09
Disease	disease_1536	7.0592793982141736e-09
Disease	disease_13650	7.0591671303974995e-09
Disease	disease_14441	7.058226295382916e-09
Disease	disease_3878	7.056128277789844e-09
Disease	disease_21114	7.053706890773889e-09
Disease	disease_43373	7.052384854522628e-09
Disease	disease_8035	7.0520986133877925e-09
Disease	disease_16038	7.051108555682587e-09
Disease	disease_9508	7.049193378186405e-09
Disease	disease_33369	7.04611094140853e-09
Disease	disease_16193	7.045602835610415e-09
Disease	disease_32836	7.0453266471271e-09
Disease	disease_10980	7.0440709292355005e-09
Disease	disease_7584	7.0425425611890186e-09
Disease	disease_9707	7.041070870060196e-09
Disease	disease_10136	7.038926148297019e-09
Disease	disease_7091	7.037393053662398e-09
Disease	disease_15160	7.0316686657067734e-09
Disease	disease_14575	7.031303742028345e-09
Disease	disease_15644	7.030804772721263e-09
Disease	disease_2340	7.030804772721263e-09
Disease	disease_15645	7.030804772721263e-09
Disease	disease_15646	7.030804772721263e-09
Disease	disease_15647	7.030804772721263e-09
Disease	disease_15648	7.030804772721263e-09
Disease	disease_15649	7.030804772721263e-09
Disease	disease_10169	7.030618076345057e-09
Disease	disease_13899	7.030197012613686e-09
Disease	disease_15594	7.029846785153801e-09
Disease	disease_10813	7.027949708252975e-09
Disease	disease_3477	7.022806572810973e-09
Disease	disease_15428	7.0204920711486085e-09
Disease	disease_18568	7.019557067955644e-09
Disease	disease_11770	7.017849050716279e-09
Disease	disease_32565	7.01688873255186e-09
Disease	disease_3750	7.016594997745502e-09
Disease	disease_17835	7.015616071357445e-09
Disease	disease_32828	7.014091644855668e-09
Disease	disease_9888	7.013662795534882e-09
Disease	disease_8914	7.013545678148179e-09
Disease	disease_21498	7.013240034271702e-09
Disease	disease_12005	7.011623217291698e-09
Disease	disease_7991	7.0112432998870755e-09
Disease	disease_14556	7.009062013564636e-09
Disease	disease_13812	7.0079738459853274e-09
Disease	disease_4719	7.004356263022772e-09
Disease	disease_9701	7.001509296577806e-09
Disease	disease_12824	6.999083699676391e-09
Disease	disease_13815	6.995428562098707e-09
Disease	disease_5221	6.9923996902896266e-09
Disease	disease_1270	6.988839392319205e-09
Disease	disease_18095	6.988634396070743e-09
Disease	disease_7577	6.987047703018863e-09
Disease	disease_15562	6.986448201289581e-09
Disease	disease_9765	6.985412505710704e-09
Disease	disease_33980	6.9826218702243325e-09
Disease	disease_14795	6.981288488451449e-09
Disease	disease_24182	6.979330420195536e-09
Disease	disease_20840	6.977385826140191e-09
Disease	disease_33619	6.973817539069889e-09
Disease	disease_6863	6.970370262156753e-09
Disease	disease_20661	6.970370262156753e-09
Disease	disease_7073	6.96880926524408e-09
Disease	disease_18431	6.966003360742672e-09
Disease	disease_3289	6.965390180442928e-09
Disease	disease_22560	6.965390180442928e-09
Disease	disease_12008	6.963959539992917e-09
Disease	disease_32768	6.958854188166562e-09
Disease	disease_10166	6.957124947476073e-09
Disease	disease_2626	6.955649783766451e-09
Disease	disease_16750	6.952048832525722e-09
Disease	disease_7815	6.946341575212766e-09
Disease	disease_8709	6.943827471922862e-09
Disease	disease_13736	6.943019537392416e-09
Disease	disease_1976	6.941196777712452e-09
Disease	disease_6737	6.941196777712452e-09
Disease	disease_17330	6.941196777712452e-09
Disease	disease_16743	6.94020469304298e-09
Disease	disease_32797	6.940169570703698e-09
Disease	disease_16194	6.939453143003558e-09
Disease	disease_29143	6.939432954084405e-09
Disease	disease_16890	6.939181465030645e-09
Disease	disease_10175	6.9360885977859115e-09
Disease	disease_2680	6.934282978267139e-09
Disease	disease_10838	6.933666112535147e-09
Disease	disease_7973	6.933048054455701e-09
Disease	disease_3473	6.932750173372225e-09
Disease	disease_10267	6.927436077073801e-09
Disease	disease_14442	6.924019543645451e-09
Disease	disease_9524	6.922458332499016e-09
Disease	disease_33644	6.920696341805066e-09
Disease	disease_32650	6.91991676861181e-09
Disease	disease_27353	6.919397472238595e-09
Disease	disease_8121	6.917661369024975e-09
Disease	disease_15022	6.9160398837579025e-09
Disease	disease_10335	6.914550821102284e-09
Disease	disease_21239	6.9126595905783684e-09
Disease	disease_32730	6.9126479043464824e-09
Disease	disease_8820	6.911723396072092e-09
Disease	disease_14457	6.909369560603354e-09
Disease	disease_45008	6.9058996089732646e-09
Disease	disease_11116	6.905844788341595e-09
Disease	disease_4064	6.901524969261679e-09
Disease	disease_7938	6.899786469852495e-09
Disease	disease_16985	6.893381878266624e-09
Disease	disease_7199	6.892934068776839e-09
Disease	disease_21979	6.891523948034169e-09
Disease	disease_16854	6.8914135831224986e-09
Disease	disease_9827	6.889477049010168e-09
Disease	disease_40676	6.885139470360774e-09
Disease	disease_14293	6.882960811477986e-09
Disease	disease_9031	6.881069133743078e-09
Disease	disease_10929	6.878595823917685e-09
Disease	disease_893	6.874628137410256e-09
Disease	disease_895	6.874628137410256e-09
Disease	disease_8838	6.868022496799749e-09
Disease	disease_15004	6.867027157993582e-09
Disease	disease_19932	6.8659936842785305e-09
Disease	disease_26762	6.865671455828943e-09
Disease	disease_14974	6.864688835514256e-09
Disease	disease_32804	6.863014788530858e-09
Disease	disease_9573	6.861632271559918e-09
Disease	disease_10179	6.8609303269871e-09
Disease	disease_6940	6.860139593419553e-09
Disease	disease_60666	6.856828375816001e-09
Disease	disease_15048	6.856792459124139e-09
Disease	disease_3365	6.856056593488896e-09
Disease	disease_9913	6.8559302691489545e-09
Disease	disease_13551	6.846497313996954e-09
Disease	disease_13271	6.842426094094322e-09
Disease	disease_6660	6.838007294285473e-09
Disease	disease_20161	6.837740002446598e-09
Disease	disease_13266	6.836464330372631e-09
Disease	disease_4336	6.836030407886719e-09
Disease	disease_14661	6.83559441050913e-09
Disease	disease_13538	6.8333321237346456e-09
Disease	disease_8299	6.831890479109646e-09
Disease	disease_21077	6.825483916875351e-09
Disease	disease_34147	6.8248640579197196e-09
Disease	disease_3364	6.824623536913104e-09
Disease	disease_7375	6.824025402295089e-09
Disease	disease_54844	6.823614394821983e-09
Disease	disease_8282	6.821646915541333e-09
Disease	disease_13548	6.82144904579153e-09
Disease	disease_14070	6.820470103314077e-09
Disease	disease_17563	6.818711937019011e-09
Disease	disease_17562	6.818711937019011e-09
Disease	disease_9167	6.813817031208247e-09
Disease	disease_11538	6.811019557409492e-09
Disease	disease_34186	6.810902893194479e-09
Disease	disease_8020	6.810672454494583e-09
Disease	disease_8335	6.8062270674885845e-09
Disease	disease_32636	6.805794432298012e-09
Disease	disease_8865	6.803492224860479e-09
Disease	disease_33211	6.80320632429514e-09
Disease	disease_5434	6.800725843635661e-09
Disease	disease_14914	6.799992565224246e-09
Disease	disease_32864	6.797598733477739e-09
Disease	disease_16181	6.795768351993766e-09
Disease	disease_9619	6.790463798339358e-09
Disease	disease_21497	6.788349346085109e-09
Disease	disease_9425	6.786876343277675e-09
Disease	disease_14678	6.78412786510721e-09
Disease	disease_32662	6.782840748680061e-09
Disease	disease_14484	6.780966605025958e-09
Disease	disease_6562	6.77925424045193e-09
Disease	disease_12476	6.777875702975414e-09
Disease	disease_22983	6.775034413543621e-09
Disease	disease_18382	6.775034413543621e-09
Disease	disease_18635	6.775034413543621e-09
Disease	disease_10367	6.77476008440329e-09
Disease	disease_10695	6.7745381431200885e-09
Disease	disease_8937	6.774249029620466e-09
Disease	disease_32788	6.773282813013385e-09
Disease	disease_1096	6.772667826826157e-09
Disease	disease_7583	6.7674175378504094e-09
Disease	disease_9142	6.765184156572805e-09
Disease	disease_100197	6.765001544127788e-09
Disease	disease_1490	6.764904218971802e-09
Disease	disease_11867	6.762225451119114e-09
Disease	disease_7682	6.761708497221076e-09
Disease	disease_299	6.760794299155861e-09
Disease	disease_8052	6.757648241488698e-09
Disease	disease_21379	6.757134919792653e-09
Disease	disease_9982	6.754691793369909e-09
Disease	disease_8441	6.7512912804342815e-09
Disease	disease_9358	6.751028200729404e-09
Disease	disease_9355	6.750368902920325e-09
Disease	disease_14617	6.74909922815092e-09
Disease	disease_12960	6.748431587227737e-09
Disease	disease_21838	6.747931941725936e-09
Disease	disease_16353	6.747763031518849e-09
Disease	disease_43141	6.744837465546002e-09
Disease	disease_12164	6.743562188723072e-09
Disease	disease_10452	6.743008607728701e-09
Disease	disease_10073	6.742892261719628e-09
Disease	disease_17961	6.741183956373897e-09
Disease	disease_10649	6.740004518990983e-09
Disease	disease_14064	6.739465034042779e-09
Disease	disease_13274	6.737796134845048e-09
Disease	disease_7371	6.736458962988006e-09
Disease	disease_11733	6.735595822465546e-09
Disease	disease_15313	6.7327986045669925e-09
Disease	disease_15312	6.7327986045669925e-09
Disease	disease_3743	6.730992683824051e-09
Disease	disease_200000	6.728623262193511e-09
Disease	disease_12080	6.725798186551651e-09
Disease	disease_10552	6.725381955796643e-09
Disease	disease_3788	6.725323580038655e-09
Disease	disease_12909	6.723873736342546e-09
Disease	disease_8672	6.7227310262016344e-09
Disease	disease_17089	6.720744751394042e-09
Disease	disease_8780	6.718771759403778e-09
Disease	disease_15093	6.718628604093544e-09
Disease	disease_10844	6.717733522015252e-09
Disease	disease_4753	6.717471479913982e-09
Disease	disease_14089	6.715850976393323e-09
Disease	disease_14376	6.715609745460926e-09
Disease	disease_18775	6.713184249123971e-09
Disease	disease_16559	6.710544657533032e-09
Disease	disease_1611	6.710052944081087e-09
Disease	disease_23023	6.710052944081087e-09
Disease	disease_24463	6.70640905010363e-09
Disease	disease_17747	6.705111480641559e-09
Disease	disease_16378	6.704979415213326e-09
Disease	disease_32889	6.702757947101256e-09
Disease	disease_20343	6.7018511406480895e-09
Disease	disease_32622	6.7011521675730894e-09
Disease	disease_10260	6.698300699274235e-09
Disease	disease_7373	6.697536361865588e-09
Disease	disease_3827	6.694476107490895e-09
Disease	disease_54602	6.690502156270605e-09
Disease	disease_9632	6.686282931678064e-09
Disease	disease_7557	6.684823655819551e-09
Disease	disease_10189	6.6846534844649264e-09
Disease	disease_8951	6.6799196562325e-09
Disease	disease_3556	6.679462825684382e-09
Disease	disease_2652	6.67821157717562e-09
Disease	disease_9896	6.677706343927408e-09
Disease	disease_11135	6.677010674077838e-09
Disease	disease_9790	6.67476340458968e-09
Disease	disease_13334	6.6744369453105975e-09
Disease	disease_16583	6.67417849507507e-09
Disease	disease_12371	6.669513234231725e-09
Disease	disease_32893	6.6675311485331896e-09
Disease	disease_11853	6.667283446226157e-09
Disease	disease_7433	6.6655245151044095e-09
Disease	disease_10456	6.66469358824663e-09
Disease	disease_9616	6.6637995508119174e-09
Disease	disease_424	6.6637151849139374e-09
Disease	disease_30026	6.663380368296894e-09
Disease	disease_12558	6.6622576284288566e-09
Disease	disease_10746	6.661084131997679e-09
Disease	disease_24341	6.657971699307462e-09
Disease	disease_33308	6.657512127351181e-09
Disease	disease_10872	6.657384833039805e-09
Disease	disease_8920	6.6559337057539764e-09
Disease	disease_10673	6.651980787933479e-09
Disease	disease_12311	6.651898588463963e-09
Disease	disease_8281	6.648998274651312e-09
Disease	disease_14495	6.647514269436628e-09
Disease	disease_14877	6.647249799910227e-09
Disease	disease_13173	6.645551697351195e-09
Disease	disease_9017	6.644919707140375e-09
Disease	disease_14290	6.642464223292164e-09
Disease	disease_7335	6.642243256479802e-09
Disease	disease_7062	6.640624755714432e-09
Disease	disease_17003	6.640269245794391e-09
Disease	disease_31386	6.638298066641879e-09
Disease	disease_8431	6.636688718654914e-09
Disease	disease_8593	6.63587487080672e-09
Disease	disease_4087	6.635764057376761e-09
Disease	disease_8563	6.635113899118907e-09
Disease	disease_32661	6.634234228204619e-09
Disease	disease_16589	6.633879076467403e-09
Disease	disease_10157	6.632566430657901e-09
Disease	disease_14085	6.632386608763326e-09
Disease	disease_19368	6.628866475051259e-09
Disease	disease_19029	6.628866475051259e-09
Disease	disease_4900	6.628151717537714e-09
Disease	disease_16387	6.626853852545428e-09
Disease	disease_13037	6.625112942721956e-09
Disease	disease_32814	6.623674632609434e-09
Disease	disease_11651	6.617130161389999e-09
Disease	disease_9201	6.616833531535908e-09
Disease	disease_10034	6.615058975019023e-09
Disease	disease_9474	6.615058975019023e-09
Disease	disease_155	6.614527628760678e-09
Disease	disease_9881	6.614286598864365e-09
Disease	disease_15201	6.612513508530309e-09
Disease	disease_20379	6.611254203785918e-09
Disease	disease_7234	6.609830599133143e-09
Disease	disease_7865	6.607575641647074e-09
Disease	disease_7975	6.607083034364394e-09
Disease	disease_11994	6.6026287318463605e-09
Disease	disease_12867	6.601529081818794e-09
Disease	disease_9587	6.5950780700822435e-09
Disease	disease_10137	6.592395322485059e-09
Disease	disease_7090	6.58596452972446e-09
Disease	disease_8109	6.5855283578392275e-09
Disease	disease_60766	6.5844596461539565e-09
Disease	disease_14729	6.583658080638332e-09
Disease	disease_10853	6.5825325681707005e-09
Disease	disease_11209	6.581503883107581e-09
Disease	disease_9077	6.580084159259475e-09
Disease	disease_10145	6.578830510704534e-09
Disease	disease_21464	6.5764552025033744e-09
Disease	disease_7516	6.574961473905013e-09
Disease	disease_32882	6.573985975243047e-09
Disease	disease_10039	6.5731880749938825e-09
Disease	disease_1565	6.572729409589913e-09
Disease	disease_7393	6.572348667583692e-09
Disease	disease_9434	6.571704386184057e-09
Disease	disease_7808	6.57164855188256e-09
Disease	disease_30049	6.571636977398759e-09
Disease	disease_60533	6.5685526460223205e-09
Disease	disease_7038	6.567483330507486e-09
Disease	disease_10563	6.566691290012011e-09
Disease	disease_7049	6.5664905914177074e-09
Disease	disease_698	6.566349995532462e-09
Disease	disease_3275	6.56589466488333e-09
Disease	disease_18918	6.564725775131765e-09
Disease	disease_12135	6.56386331452196e-09
Disease	disease_14079	6.56386331452196e-09
Disease	disease_12493	6.56386331452196e-09
Disease	disease_12636	6.56386331452196e-09
Disease	disease_12641	6.56386331452196e-09
Disease	disease_13022	6.56386331452196e-09
Disease	disease_12492	6.56386331452196e-09
Disease	disease_100103	6.562586448310001e-09
Disease	disease_15325	6.562567312652355e-09
Disease	disease_8027	6.560455399559524e-09
Disease	disease_8285	6.55962199630437e-09
Disease	disease_8129	6.5584378773976294e-09
Disease	disease_10719	6.557480450147013e-09
Disease	disease_21450	6.554947972656364e-09
Disease	disease_11496	6.553148348285376e-09
Disease	disease_16614	6.552371613288833e-09
Disease	disease_32647	6.552255489740909e-09
Disease	disease_11009	6.550156782715165e-09
Disease	disease_4151	6.54998158685191e-09
Disease	disease_13864	6.5483631575530615e-09
Disease	disease_9505	6.548297101460311e-09
Disease	disease_14706	6.5482412820382355e-09
Disease	disease_10084	6.5460194046666485e-09
Disease	disease_7647	6.543236303028995e-09
Disease	disease_30074	6.541214118008984e-09
Disease	disease_9690	6.539810835009044e-09
Disease	disease_8886	6.539766697569456e-09
Disease	disease_10470	6.539145034352857e-09
Disease	disease_10256	6.53597116809447e-09
Disease	disease_7121	6.530969158311028e-09
Disease	disease_11884	6.530238433218223e-09
Disease	disease_7912	6.527347356098258e-09
Disease	disease_54740	6.526654989180697e-09
Disease	disease_16298	6.52663019627965e-09
Disease	disease_7870	6.523646379087878e-09
Disease	disease_30055	6.522611666235599e-09
Disease	disease_9391	6.522422118363496e-09
Disease	disease_5940	6.5214663090426275e-09
Disease	disease_8216	6.520963813948586e-09
Disease	disease_6646	6.51962732227183e-09
Disease	disease_10599	6.51949072462048e-09
Disease	disease_2027	6.51464593310324e-09
Disease	disease_1157	6.51464593310324e-09
Disease	disease_18122	6.51107401610026e-09
Disease	disease_13564	6.510940720136788e-09
Disease	disease_8933	6.508733340434857e-09
Disease	disease_9178	6.501553502305361e-09
Disease	disease_11784	6.500756937835403e-09
Disease	disease_30910	6.498097304826773e-09
Disease	disease_19353	6.496885662833482e-09
Disease	disease_24475	6.4942340042834144e-09
Disease	disease_723	6.489564959938574e-09
Disease	disease_32853	6.488654692738489e-09
Disease	disease_7178	6.484769078506384e-09
Disease	disease_3824	6.484328033327934e-09
Disease	disease_10147	6.484218557332828e-09
Disease	disease_22900	6.4840388969484095e-09
Disease	disease_12292	6.482363537383953e-09
Disease	disease_15014	6.479028034518135e-09
Disease	disease_20154	6.479019293541655e-09
Disease	disease_3957	6.47711271773989e-09
Disease	disease_2554	6.476924016812304e-09
Disease	disease_30005	6.469157405039793e-09
Disease	disease_9980	6.467978016089313e-09
Disease	disease_21294	6.467941060296485e-09
Disease	disease_9890	6.4637850064209284e-09
Disease	disease_4331	6.462654810843481e-09
Disease	disease_7957	6.461105720359178e-09
Disease	disease_1715	6.461036495048522e-09
Disease	disease_9027	6.46027693613914e-09
Disease	disease_19426	6.460175623318257e-09
Disease	disease_13077	6.459753409182714e-09
Disease	disease_9792	6.458798616451189e-09
Disease	disease_9496	6.457537720807127e-09
Disease	disease_16174	6.456245197007542e-09
Disease	disease_9811	6.4560972459098355e-09
Disease	disease_1046	6.456078921683984e-09
Disease	disease_7066	6.45449493882005e-09
Disease	disease_32685	6.4541193484703985e-09
Disease	disease_24262	6.453774484538524e-09
Disease	disease_24630	6.452988912778981e-09
Disease	disease_24632	6.452988912778981e-09
Disease	disease_10559	6.450185312494291e-09
Disease	disease_24890	6.447216454494797e-09
Disease	disease_8022	6.445906991393878e-09
Disease	disease_14477	6.443591144114765e-09
Disease	disease_4820	6.4427690863287784e-09
Disease	disease_8589	6.441938822292679e-09
Disease	disease_7460	6.441937719945433e-09
Disease	disease_8229	6.441937719945433e-09
Disease	disease_16646	6.441309168118536e-09
Disease	disease_6762	6.4404577537141985e-09
Disease	disease_15519	6.437796927890505e-09
Disease	disease_20507	6.437796927890505e-09
Disease	disease_15521	6.437796927890505e-09
Disease	disease_15520	6.437796927890505e-09
Disease	disease_9462	6.434917460941775e-09
Disease	disease_7210	6.431582419150586e-09
Disease	disease_14762	6.428964673206151e-09
Disease	disease_7694	6.427589811012167e-09
Disease	disease_12217	6.425912222592985e-09
Disease	disease_10984	6.424809395236869e-09
Disease	disease_32892	6.423869954331367e-09
Disease	disease_7246	6.4236909564134465e-09
Disease	disease_8188	6.423333939585577e-09
Disease	disease_2785	6.423284232347848e-09
Disease	disease_7125	6.422570570833627e-09
Disease	disease_7143	6.420583646469539e-09
Disease	disease_9854	6.41990151434811e-09
Disease	disease_100282	6.418548536326589e-09
Disease	disease_9802	6.418529749156388e-09
Disease	disease_10707	6.418175611161316e-09
Disease	disease_13351	6.41717141872675e-09
Disease	disease_14067	6.4167899378042316e-09
Disease	disease_8801	6.416471230106834e-09
Disease	disease_8584	6.412381197969322e-09
Disease	disease_3876	6.410960538386141e-09
Disease	disease_15233	6.4106106951937285e-09
Disease	disease_20777	6.410499497517206e-09
Disease	disease_7914	6.405736014257139e-09
Disease	disease_2077	6.404635483618059e-09
Disease	disease_13273	6.403748586487115e-09
Disease	disease_16357	6.403159364200414e-09
Disease	disease_13055	6.401029174317151e-09
Disease	disease_14959	6.398890774539493e-09
Disease	disease_30911	6.397570024162415e-09
Disease	disease_10436	6.396897212579759e-09
Disease	disease_8615	6.396490408621574e-09
Disease	disease_2495	6.394345837686847e-09
Disease	disease_7006	6.393586796718494e-09
Disease	disease_11044	6.3914133003622515e-09
Disease	disease_12168	6.391195536921821e-09
Disease	disease_7133	6.390075652011784e-09
Disease	disease_10022	6.388909323475753e-09
Disease	disease_9460	6.387872960193685e-09
Disease	disease_24286	6.387051453026206e-09
Disease	disease_9778	6.386031883320365e-09
Disease	disease_3561	6.384841617681791e-09
Disease	disease_12001	6.3841400540584255e-09
Disease	disease_8581	6.38315093833424e-09
Disease	disease_8444	6.3817165894491635e-09
Disease	disease_12218	6.38046086919996e-09
Disease	disease_8526	6.380153664950899e-09
Disease	disease_10158	6.3796540176965536e-09
Disease	disease_14170	6.379621149286553e-09
Disease	disease_13656	6.378886802351023e-09
Disease	disease_8127	6.378439945947549e-09
Disease	disease_32783	6.37824050868016e-09
Disease	disease_6845	6.376717296527522e-09
Disease	disease_9559	6.374751556079345e-09
Disease	disease_16143	6.374388972221578e-09
Disease	disease_16080	6.373926850385602e-09
Disease	disease_9864	6.372787999911856e-09
Disease	disease_11221	6.371354320316324e-09
Disease	disease_7479	6.370412092920212e-09
Disease	disease_10050	6.368977962692464e-09
Disease	disease_9481	6.368977962692464e-09
Disease	disease_8946	6.368977962692464e-09
Disease	disease_7633	6.367713852928495e-09
Disease	disease_14759	6.3672754965745005e-09
Disease	disease_9190	6.365928044438002e-09
Disease	disease_8342	6.3645517679493714e-09
Disease	disease_8405	6.3645517679493714e-09
Disease	disease_8576	6.3645517679493714e-09
Disease	disease_8577	6.3645517679493714e-09
Disease	disease_8579	6.3645517679493714e-09
Disease	disease_8012	6.3645517679493714e-09
Disease	disease_10875	6.3645517679493714e-09
Disease	disease_8181	6.3645517679493714e-09
Disease	disease_7274	6.3645517679493714e-09
Disease	disease_8839	6.3639573200406006e-09
Disease	disease_20062	6.363955252341099e-09
Disease	disease_100209	6.362376036005599e-09
Disease	disease_10318	6.362361857802011e-09
Disease	disease_6409	6.3619438339225e-09
Disease	disease_8573	6.3608562445574456e-09
Disease	disease_8989	6.358723697448442e-09
Disease	disease_10732	6.358109035664509e-09
Disease	disease_7530	6.356341145892024e-09
Disease	disease_7531	6.356341145892024e-09
Disease	disease_8462	6.355976477346713e-09
Disease	disease_7997	6.355423733752058e-09
Disease	disease_10729	6.354759369063131e-09
Disease	disease_30045	6.353873608517669e-09
Disease	disease_7599	6.350860986417456e-09
Disease	disease_7816	6.3474373821589535e-09
Disease	disease_10982	6.34727856172836e-09
Disease	disease_15793	6.346773704211937e-09
Disease	disease_15439	6.346652367901989e-09
Disease	disease_8352	6.3463504952192404e-09
Disease	disease_10696	6.3461666674228014e-09
Disease	disease_12235	6.343820678182855e-09
Disease	disease_10817	6.342587584002806e-09
Disease	disease_9208	6.3425600126332545e-09
Disease	disease_17377	6.340532657188855e-09
Disease	disease_10734	6.34000156079935e-09
Disease	disease_12865	6.339535925593675e-09
Disease	disease_7151	6.338175340328355e-09
Disease	disease_15354	6.337821427248099e-09
Disease	disease_3517	6.3340004821693e-09
Disease	disease_11746	6.332523068154793e-09
Disease	disease_10546	6.331285036018506e-09
Disease	disease_10629	6.330173024063352e-09
Disease	disease_11421	6.324569349856596e-09
Disease	disease_10883	6.32341847278165e-09
Disease	disease_8605	6.323000874072186e-09
Disease	disease_7423	6.322646268525174e-09
Disease	disease_40922	6.322051444727545e-09
Disease	disease_14730	6.320748837904745e-09
Disease	disease_10244	6.32041683977356e-09
Disease	disease_9184	6.3177258207258665e-09
Disease	disease_14862	6.317091091870665e-09
Disease	disease_8981	6.31702429394335e-09
Disease	disease_11172	6.316464279276065e-09
Disease	disease_7427	6.3126035893781376e-09
Disease	disease_7144	6.311466434537534e-09
Disease	disease_10777	6.311147519121684e-09
Disease	disease_377	6.309920161767439e-09
Disease	disease_15217	6.308534693620907e-09
Disease	disease_5831	6.30690800851693e-09
Disease	disease_8064	6.303557845817074e-09
Disease	disease_7882	6.303137284561283e-09
Disease	disease_20182	6.300048080456499e-09
Disease	disease_5293	6.2998079886947226e-09
Disease	disease_9894	6.296879732540396e-09
Disease	disease_8451	6.296481014006505e-09
Disease	disease_8391	6.296445374295621e-09
Disease	disease_9384	6.296297281419733e-09
Disease	disease_1849	6.295858693749959e-09
Disease	disease_8261	6.295065727346103e-09
Disease	disease_18234	6.294677839315426e-09
Disease	disease_375	6.289953930495494e-09
Disease	disease_9343	6.289119580678032e-09
Disease	disease_9285	6.288850453960914e-09
Disease	disease_11948	6.2884393997359094e-09
Disease	disease_15632	6.288160885704076e-09
Disease	disease_60733	6.286393589492846e-09
Disease	disease_12869	6.2862292340410385e-09
Disease	disease_11736	6.285764956844224e-09
Disease	disease_5946	6.284854868206596e-09
Disease	disease_20797	6.283121047043561e-09
Disease	disease_7996	6.28236735911167e-09
Disease	disease_11352	6.28194368339119e-09
Disease	disease_8600	6.2817592259238964e-09
Disease	disease_7643	6.280525963584891e-09
Disease	disease_24617	6.280265888169384e-09
Disease	disease_11978	6.280106617168734e-09
Disease	disease_21482	6.277121301087772e-09
Disease	disease_13858	6.2763281129125026e-09
Disease	disease_9457	6.274477624905992e-09
Disease	disease_8625	6.271840406256099e-09
Disease	disease_8326	6.271840406256099e-09
Disease	disease_7773	6.271840406256099e-09
Disease	disease_8549	6.270570258869935e-09
Disease	disease_13332	6.2702568246567155e-09
Disease	disease_7695	6.2702553780903914e-09
Disease	disease_11005	6.269057751758833e-09
Disease	disease_32770	6.267838975238519e-09
Disease	disease_44700	6.263550698223037e-09
Disease	disease_8307	6.260635574199329e-09
Disease	disease_12895	6.260332241381875e-09
Disease	disease_10852	6.260262952897157e-09
Disease	disease_15430	6.259239071696267e-09
Disease	disease_8314	6.256740167897976e-09
Disease	disease_11148	6.255135933073227e-09
Disease	disease_8932	6.25309983685204e-09
Disease	disease_7396	6.247906534212934e-09
Disease	disease_2811	6.247788663882581e-09
Disease	disease_13114	6.247040469358265e-09
Disease	disease_9056	6.2469006163133055e-09
Disease	disease_56822	6.245968495029066e-09
Disease	disease_10660	6.2454629587083e-09
Disease	disease_10430	6.245234974624194e-09
Disease	disease_7553	6.243967332633896e-09
Disease	disease_8065	6.243964374584781e-09
Disease	disease_8063	6.243964374584781e-09
Disease	disease_8356	6.2424849603845955e-09
Disease	disease_11120	6.242001232373971e-09
Disease	disease_7132	6.237010763578704e-09
Disease	disease_9403	6.2340083145383775e-09
Disease	disease_19577	6.232322615706125e-09
Disease	disease_7636	6.231509394247494e-09
Disease	disease_7410	6.227176613105018e-09
Disease	disease_8202	6.226109201605186e-09
Disease	disease_11198	6.225753877252577e-09
Disease	disease_8136	6.222734907398602e-09
Disease	disease_9944	6.222642975135157e-09
Disease	disease_10919	6.2206921348585915e-09
Disease	disease_9922	6.219810969251244e-09
Disease	disease_10579	6.2158050478360665e-09
Disease	disease_14044	6.215061295664246e-09
Disease	disease_12547	6.211902284593444e-09
Disease	disease_10740	6.2105950756440376e-09
Disease	disease_20792	6.210374492862213e-09
Disease	disease_7616	6.208462534761872e-09
Disease	disease_8651	6.207914472673594e-09
Disease	disease_9596	6.204519471554929e-09
Disease	disease_12473	6.203190173201357e-09
Disease	disease_7976	6.20282990850512e-09
Disease	disease_8124	6.202648439998187e-09
Disease	disease_10508	6.2025218469712476e-09
Disease	disease_8687	6.200333879023387e-09
Disease	disease_7597	6.199860516456874e-09
Disease	disease_2496	6.199851698518964e-09
Disease	disease_15440	6.199805265571538e-09
Disease	disease_8775	6.198880649003147e-09
Disease	disease_10037	6.198880649003147e-09
Disease	disease_9125	6.198880649003147e-09
Disease	disease_9551	6.198880649003147e-09
Disease	disease_11329	6.19783912017712e-09
Disease	disease_10454	6.193933477768969e-09
Disease	disease_32574	6.19299109879162e-09
Disease	disease_11748	6.191651895876598e-09
Disease	disease_14080	6.18963027531003e-09
Disease	disease_9826	6.188966761229959e-09
Disease	disease_8430	6.188803860755292e-09
Disease	disease_7497	6.186290196317034e-09
Disease	disease_7581	6.186290196317034e-09
Disease	disease_7499	6.186290196317034e-09
Disease	disease_7418	6.186290196317034e-09
Disease	disease_8140	6.186290196317034e-09
Disease	disease_8324	6.185818167786429e-09
Disease	disease_20846	6.1853078410073715e-09
Disease	disease_9029	6.18122224828281e-09
Disease	disease_7945	6.177644233669754e-09
Disease	disease_11051	6.177126359039139e-09
Disease	disease_14008	6.1757816107338985e-09
Disease	disease_30919	6.17547781271573e-09
Disease	disease_8001	6.174615936772862e-09
Disease	disease_8304	6.172736269358112e-09
Disease	disease_13813	6.172341224582699e-09
Disease	disease_23757	6.171795280879012e-09
Disease	disease_13366	6.17163997378194e-09
Disease	disease_17886	6.171243491871456e-09
Disease	disease_8860	6.170484962935672e-09
Disease	disease_7322	6.170329128968466e-09
Disease	disease_7431	6.169974732814515e-09
Disease	disease_11949	6.169551043493611e-09
Disease	disease_7430	6.169358530453322e-09
Disease	disease_32680	6.168266586466553e-09
Disease	disease_14273	6.167983412524756e-09
Disease	disease_7258	6.1674932741651485e-09
Disease	disease_8194	6.1674932741651485e-09
Disease	disease_8530	6.1674932741651485e-09
Disease	disease_8957	6.167356357260952e-09
Disease	disease_7951	6.1660524992425985e-09
Disease	disease_9860	6.1649140419242225e-09
Disease	disease_8096	6.164099771390151e-09
Disease	disease_9828	6.16368144911973e-09
Disease	disease_13251	6.1622226289865674e-09
Disease	disease_30031	6.161094630256525e-09
Disease	disease_3946	6.158432631097242e-09
Disease	disease_10106	6.1577190322569595e-09
Disease	disease_7408	6.157509299093665e-09
Disease	disease_3100	6.157157140226058e-09
Disease	disease_8210	6.1566715695628675e-09
Disease	disease_11117	6.154849790643612e-09
Disease	disease_8141	6.1505408500700035e-09
Disease	disease_18587	6.150144645290881e-09
Disease	disease_10042	6.1465650406950055e-09
Disease	disease_32677	6.1463721796373946e-09
Disease	disease_24235	6.145441651864659e-09
Disease	disease_21500	6.145092202284591e-09
Disease	disease_3610	6.143720966062961e-09
Disease	disease_8385	6.142916547844816e-09
Disease	disease_19777	6.142121739099609e-09
Disease	disease_7952	6.141710118568745e-09
Disease	disease_8336	6.141415682144319e-09
Disease	disease_20376	6.140126319469888e-09
Disease	disease_10093	6.139735778370264e-09
Disease	disease_18659	6.139720662539703e-09
Disease	disease_8936	6.139134485365831e-09
Disease	disease_10489	6.138200513466381e-09
Disease	disease_7840	6.137650906093119e-09
Disease	disease_13431	6.137551975067913e-09
Disease	disease_13575	6.13685339580831e-09
Disease	disease_21289	6.1366748759038395e-09
Disease	disease_9186	6.133876401811674e-09
Disease	disease_7923	6.1323895672462005e-09
Disease	disease_2555	6.1321302946449155e-09
Disease	disease_5916	6.130798557832281e-09
Disease	disease_8463	6.12870701197939e-09
Disease	disease_12486	6.128689994481346e-09
Disease	disease_8208	6.1244589156405476e-09
Disease	disease_13853	6.1238612167783756e-09
Disease	disease_7720	6.123706222934872e-09
Disease	disease_11021	6.121753080007516e-09
Disease	disease_7505	6.12132584804912e-09
Disease	disease_8533	6.120807225515788e-09
Disease	disease_8609	6.1203012730876346e-09
Disease	disease_8459	6.119902292120788e-09
Disease	disease_8626	6.119871764620008e-09
Disease	disease_7687	6.11970722330727e-09
Disease	disease_7824	6.1195143403724385e-09
Disease	disease_8623	6.119304674347849e-09
Disease	disease_7359	6.118927768886745e-09
Disease	disease_8469	6.1187399883560704e-09
Disease	disease_4304	6.117469334942516e-09
Disease	disease_20307	6.117429658169409e-09
Disease	disease_7789	6.1167963814330005e-09
Disease	disease_8604	6.116392509962783e-09
Disease	disease_11180	6.115822032286783e-09
Disease	disease_7491	6.1156003896685025e-09
Disease	disease_23543	6.115594675648083e-09
Disease	disease_7654	6.1155938999458656e-09
Disease	disease_7825	6.115591886380237e-09
Disease	disease_8527	6.115460567735342e-09
Disease	disease_7502	6.115313262993924e-09
Disease	disease_7229	6.114794593600465e-09
Disease	disease_7457	6.114463768436525e-09
Disease	disease_7941	6.114313716144828e-09
Disease	disease_8424	6.1138489464968455e-09
Disease	disease_8580	6.113772515137622e-09
Disease	disease_8100	6.113729694697429e-09
Disease	disease_7501	6.1133655538002156e-09
Disease	disease_7985	6.113277167952603e-09
Disease	disease_1459	6.1132528417716335e-09
Disease	disease_16800	6.111395830359625e-09
Disease	disease_13513	6.110765955789796e-09
Disease	disease_7025	6.10471431357767e-09
Disease	disease_2896	6.10471431357767e-09
Disease	disease_6992	6.10471431357767e-09
Disease	disease_21501	6.102964028718125e-09
Disease	disease_32733	6.101523917729619e-09
Disease	disease_32588	6.101131609200829e-09
Disease	disease_12209	6.09964404280309e-09
Disease	disease_16049	6.096153500737059e-09
Disease	disease_10054	6.096101894354115e-09
Disease	disease_10103	6.094533516912181e-09
Disease	disease_5614	6.09391544613805e-09
Disease	disease_37870	6.0912938259196085e-09
Disease	disease_8912	6.090681682982161e-09
Disease	disease_9087	6.089806248705624e-09
Disease	disease_11432	6.0888339139575826e-09
Disease	disease_19357	6.088226384965238e-09
Disease	disease_19529	6.088226384965238e-09
Disease	disease_13201	6.087349242641148e-09
Disease	disease_9286	6.0859069295586275e-09
Disease	disease_19922	6.085609473917624e-09
Disease	disease_20468	6.085609473917624e-09
Disease	disease_19925	6.085609473917624e-09
Disease	disease_19924	6.085609473917624e-09
Disease	disease_10055	6.08536673949296e-09
Disease	disease_13935	6.085062936911511e-09
Disease	disease_17403	6.084420325137291e-09
Disease	disease_17401	6.084420325137291e-09
Disease	disease_17402	6.084420325137291e-09
Disease	disease_9037	6.083841966353385e-09
Disease	disease_10018	6.083481028620256e-09
Disease	disease_8738	6.082947314353128e-09
Disease	disease_8739	6.0827914095779535e-09
Disease	disease_24557	6.080677425246406e-09
Disease	disease_13740	6.0804738739359585e-09
Disease	disease_6655	6.0800955658660185e-09
Disease	disease_14467	6.078854395624873e-09
Disease	disease_14351	6.073664164983688e-09
Disease	disease_9038	6.071784866556136e-09
Disease	disease_7740	6.071272133414965e-09
Disease	disease_9059	6.070438861119174e-09
Disease	disease_16870	6.0690904011605355e-09
Disease	disease_10124	6.065833064607208e-09
Disease	disease_10769	6.064769316145179e-09
Disease	disease_13293	6.062906392849912e-09
Disease	disease_19392	6.060508598427204e-09
Disease	disease_9957	6.060264816248462e-09
Disease	disease_3336	6.059254319389974e-09
Disease	disease_28618	6.05533669446665e-09
Disease	disease_9898	6.054012872749181e-09
Disease	disease_6899	6.049465203737913e-09
Disease	disease_11092	6.049431908935043e-09
Disease	disease_13857	6.04918408662739e-09
Disease	disease_1146	6.049052366411946e-09
Disease	disease_9129	6.048395238001984e-09
Disease	disease_7805	6.047635750914246e-09
Disease	disease_10431	6.0463473143749e-09
Disease	disease_10163	6.044090636594375e-09
Disease	disease_8498	6.042716628078662e-09
Disease	disease_9899	6.042495855923561e-09
Disease	disease_15310	6.041634827008299e-09
Disease	disease_9392	6.041288403649592e-09
Disease	disease_8361	6.038194582892827e-09
Disease	disease_11605	6.036470213965055e-09
Disease	disease_17588	6.0351089514168354e-09
Disease	disease_20308	6.034505369973336e-09
Disease	disease_21824	6.0342831006219204e-09
Disease	disease_14013	6.027158251925046e-09
Disease	disease_15473	6.025923585753361e-09
Disease	disease_18137	6.021535728096608e-09
Disease	disease_18136	6.021535728096608e-09
Disease	disease_13688	6.02077983082889e-09
Disease	disease_11171	6.018723762275621e-09
Disease	disease_13388	6.016719482991277e-09
Disease	disease_7944	6.014645612327606e-09
Disease	disease_5864	6.012002911525697e-09
Disease	disease_18113	6.0102161419019845e-09
Disease	disease_13955	6.0099793960504985e-09
Disease	disease_11632	6.006272703439232e-09
Disease	disease_5660	6.004431120041867e-09
Disease	disease_12654	6.004114057147072e-09
Disease	disease_8479	6.003982903688759e-09
Disease	disease_14874	6.000283227007087e-09
Disease	disease_9570	5.997967280588306e-09
Disease	disease_15537	5.997654949365829e-09
Disease	disease_8551	5.996019385504542e-09
Disease	disease_10115	5.994535293831633e-09
Disease	disease_18080	5.99320528462544e-09
Disease	disease_11854	5.989879690048441e-09
Disease	disease_12428	5.989879690048441e-09
Disease	disease_7192	5.989879690048441e-09
Disease	disease_11617	5.989879690048441e-09
Disease	disease_11618	5.989879690048441e-09
Disease	disease_12207	5.989879690048441e-09
Disease	disease_7242	5.989879690048441e-09
Disease	disease_11619	5.989879690048441e-09
Disease	disease_12722	5.989879690048441e-09
Disease	disease_7061	5.989879690048441e-09
Disease	disease_11848	5.989879690048441e-09
Disease	disease_7189	5.989879690048441e-09
Disease	disease_12259	5.989879690048441e-09
Disease	disease_11863	5.989879690048441e-09
Disease	disease_7175	5.989879690048441e-09
Disease	disease_12182	5.989879690048441e-09
Disease	disease_11763	5.989879690048441e-09
Disease	disease_33552	5.989879690048441e-09
Disease	disease_11779	5.989879690048441e-09
Disease	disease_12711	5.989879690048441e-09
Disease	disease_11796	5.989879690048441e-09
Disease	disease_9432	5.989879690048441e-09
Disease	disease_12283	5.989879690048441e-09
Disease	disease_7317	5.989879690048441e-09
Disease	disease_12288	5.989879690048441e-09
Disease	disease_12501	5.989879690048441e-09
Disease	disease_9750	5.989879690048441e-09
Disease	disease_12223	5.989879690048441e-09
Disease	disease_12499	5.989879690048441e-09
Disease	disease_12488	5.989879690048441e-09
Disease	disease_12298	5.989879690048441e-09
Disease	disease_11685	5.989879690048441e-09
Disease	disease_7323	5.989879690048441e-09
Disease	disease_9840	5.989879690048441e-09
Disease	disease_11641	5.989879690048441e-09
Disease	disease_9487	5.989879690048441e-09
Disease	disease_11958	5.989879690048441e-09
Disease	disease_33572	5.989879690048441e-09
Disease	disease_11677	5.989879690048441e-09
Disease	disease_23121	5.989879690048441e-09
Disease	disease_7331	5.989879690048441e-09
Disease	disease_11645	5.989879690048441e-09
Disease	disease_9829	5.989879690048441e-09
Disease	disease_12243	5.989879690048441e-09
Disease	disease_12284	5.989879690048441e-09
Disease	disease_9555	5.989879690048441e-09
Disease	disease_7141	5.989879690048441e-09
Disease	disease_11745	5.989879690048441e-09
Disease	disease_12749	5.989879690048441e-09
Disease	disease_12007	5.989879690048441e-09
Disease	disease_12133	5.989879690048441e-09
Disease	disease_7139	5.989879690048441e-09
Disease	disease_12572	5.989879690048441e-09
Disease	disease_11729	5.989879690048441e-09
Disease	disease_12564	5.989879690048441e-09
Disease	disease_12131	5.989879690048441e-09
Disease	disease_11726	5.989879690048441e-09
Disease	disease_11626	5.989879690048441e-09
Disease	disease_11993	5.989879690048441e-09
Disease	disease_12416	5.989879690048441e-09
Disease	disease_12255	5.989879690048441e-09
Disease	disease_9939	5.989879690048441e-09
Disease	disease_9442	5.989879690048441e-09
Disease	disease_12550	5.989879690048441e-09
Disease	disease_11825	5.989879690048441e-09
Disease	disease_11319	5.989879690048441e-09
Disease	disease_7910	5.989879690048441e-09
Disease	disease_11492	5.989879690048441e-09
Disease	disease_7832	5.989879690048441e-09
Disease	disease_10705	5.989879690048441e-09
Disease	disease_10048	5.989879690048441e-09
Disease	disease_8658	5.989879690048441e-09
Disease	disease_10692	5.989879690048441e-09
Disease	disease_8643	5.989879690048441e-09
Disease	disease_8639	5.989879690048441e-09
Disease	disease_11419	5.989879690048441e-09
Disease	disease_8110	5.989879690048441e-09
Disease	disease_14616	5.989879690048441e-09
Disease	disease_8616	5.989879690048441e-09
Disease	disease_11333	5.989879690048441e-09
Disease	disease_8614	5.989879690048441e-09
Disease	disease_11483	5.989879690048441e-09
Disease	disease_8091	5.989879690048441e-09
Disease	disease_11212	5.989879690048441e-09
Disease	disease_10112	5.989879690048441e-09
Disease	disease_10113	5.989879690048441e-09
Disease	disease_12385	5.989879690048441e-09
Disease	disease_8085	5.989879690048441e-09
Disease	disease_11210	5.989879690048441e-09
Disease	disease_8074	5.989879690048441e-09
Disease	disease_8068	5.989879690048441e-09
Disease	disease_11478	5.989879690048441e-09
Disease	disease_13846	5.989879690048441e-09
Disease	disease_12058	5.989879690048441e-09
Disease	disease_11427	5.989879690048441e-09
Disease	disease_11341	5.989879690048441e-09
Disease	disease_11343	5.989879690048441e-09
Disease	disease_11228	5.989879690048441e-09
Disease	disease_11000	5.989879690048441e-09
Disease	disease_8252	5.989879690048441e-09
Disease	disease_11494	5.989879690048441e-09
Disease	disease_11511	5.989879690048441e-09
Disease	disease_11241	5.989879690048441e-09
Disease	disease_8902	5.989879690048441e-09
Disease	disease_8256	5.989879690048441e-09
Disease	disease_7742	5.989879690048441e-09
Disease	disease_7466	5.989879690048441e-09
Disease	disease_10000	5.989879690048441e-09
Disease	disease_13318	5.989879690048441e-09
Disease	disease_7675	5.989879690048441e-09
Disease	disease_14763	5.989879690048441e-09
Disease	disease_7467	5.989879690048441e-09
Disease	disease_10739	5.989879690048441e-09
Disease	disease_11509	5.989879690048441e-09
Disease	disease_11507	5.989879690048441e-09
Disease	disease_11404	5.989879690048441e-09
Disease	disease_7807	5.989879690048441e-09
Disease	disease_10990	5.989879690048441e-09
Disease	disease_12386	5.989879690048441e-09
Disease	disease_7821	5.989879690048441e-09
Disease	disease_12402	5.989879690048441e-09
Disease	disease_7822	5.989879690048441e-09
Disease	disease_7823	5.989879690048441e-09
Disease	disease_14053	5.989879690048441e-09
Disease	disease_7638	5.989879690048441e-09
Disease	disease_13586	5.989879690048441e-09
Disease	disease_100176	5.989879690048441e-09
Disease	disease_26768	5.989879690048441e-09
Disease	disease_12325	5.989879690048441e-09
Disease	disease_11410	5.989879690048441e-09
Disease	disease_12068	5.989879690048441e-09
Disease	disease_11358	5.989879690048441e-09
Disease	disease_7532	5.989879690048441e-09
Disease	disease_8317	5.989879690048441e-09
Disease	disease_8507	5.989879690048441e-09
Disease	disease_11455	5.989879690048441e-09
Disease	disease_8505	5.989879690048441e-09
Disease	disease_11100	5.989879690048441e-09
Disease	disease_7578	5.989879690048441e-09
Disease	disease_11353	5.989879690048441e-09
Disease	disease_7579	5.989879690048441e-09
Disease	disease_8446	5.989879690048441e-09
Disease	disease_7580	5.989879690048441e-09
Disease	disease_60688	5.989879690048441e-09
Disease	disease_11453	5.989879690048441e-09
Disease	disease_7980	5.989879690048441e-09
Disease	disease_60690	5.989879690048441e-09
Disease	disease_12038	5.989879690048441e-09
Disease	disease_11356	5.989879690048441e-09
Disease	disease_10439	5.989879690048441e-09
Disease	disease_11446	5.989879690048441e-09
Disease	disease_8435	5.989879690048441e-09
Disease	disease_11433	5.989879690048441e-09
Disease	disease_13799	5.989879690048441e-09
Disease	disease_8432	5.989879690048441e-09
Disease	disease_8427	5.989879690048441e-09
Disease	disease_8010	5.989879690048441e-09
Disease	disease_13814	5.989879690048441e-09
Disease	disease_8011	5.989879690048441e-09
Disease	disease_10536	5.989879690048441e-09
Disease	disease_8398	5.989879690048441e-09
Disease	disease_12047	5.989879690048441e-09
Disease	disease_11357	5.989879690048441e-09
Disease	disease_60593	5.989879690048441e-09
Disease	disease_11111	5.989879690048441e-09
Disease	disease_7968	5.989879690048441e-09
Disease	disease_11030	5.989879690048441e-09
Disease	disease_14519	5.989879690048441e-09
Disease	disease_11344	5.989879690048441e-09
Disease	disease_7543	5.989879690048441e-09
Disease	disease_7911	5.989879690048441e-09
Disease	disease_7913	5.989879690048441e-09
Disease	disease_10630	5.989879690048441e-09
Disease	disease_7629	5.989879690048441e-09
Disease	disease_8330	5.989879690048441e-09
Disease	disease_10262	5.989879690048441e-09
Disease	disease_11029	5.989879690048441e-09
Disease	disease_14415	5.989879690048441e-09
Disease	disease_11345	5.989879690048441e-09
Disease	disease_10276	5.989879690048441e-09
Disease	disease_8548	5.989879690048441e-09
Disease	disease_11126	5.989879690048441e-09
Disease	disease_7676	5.989879690048441e-09
Disease	disease_8536	5.989879690048441e-09
Disease	disease_7942	5.989879690048441e-09
Disease	disease_11161	5.989879690048441e-09
Disease	disease_14362	5.989879690048441e-09
Disease	disease_8529	5.989879690048441e-09
Disease	disease_8528	5.989879690048441e-09
Disease	disease_11349	5.989879690048441e-09
Disease	disease_10597	5.989879690048441e-09
Disease	disease_10312	5.989879690048441e-09
Disease	disease_13732	5.989879690048441e-09
Disease	disease_13733	5.989879690048441e-09
Disease	disease_11141	5.989879690048441e-09
Disease	disease_10760	5.989879690048441e-09
Disease	disease_11406	5.989879690048441e-09
Disease	disease_7692	5.989879690048441e-09
Disease	disease_9250	5.989879690048441e-09
Disease	disease_7674	5.989879690048441e-09
Disease	disease_10776	5.989879690048441e-09
Disease	disease_8230	5.989879690048441e-09
Disease	disease_10937	5.989879690048441e-09
Disease	disease_10793	5.989879690048441e-09
Disease	disease_9171	5.989879690048441e-09
Disease	disease_11256	5.989879690048441e-09
Disease	disease_7736	5.989879690048441e-09
Disease	disease_11254	5.989879690048441e-09
Disease	disease_11322	5.989879690048441e-09
Disease	disease_11251	5.989879690048441e-09
Disease	disease_11282	5.989879690048441e-09
Disease	disease_11318	5.989879690048441e-09
Disease	disease_10770	5.989879690048441e-09
Disease	disease_11554	5.989879690048441e-09
Disease	disease_10960	5.989879690048441e-09
Disease	disease_11315	5.989879690048441e-09
Disease	disease_11373	5.989879690048441e-09
Disease	disease_11267	5.989879690048441e-09
Disease	disease_13374	5.989879690048441e-09
Disease	disease_9193	5.989879690048441e-09
Disease	disease_11594	5.989879690048441e-09
Disease	disease_13009	5.989879690048441e-09
Disease	disease_11590	5.989879690048441e-09
Disease	disease_7730	5.989879690048441e-09
Disease	disease_10944	5.989879690048441e-09
Disease	disease_12352	5.989879690048441e-09
Disease	disease_13335	5.989879690048441e-09
Disease	disease_13004	5.989879690048441e-09
Disease	disease_13462	5.989879690048441e-09
Disease	disease_11310	5.989879690048441e-09
Disease	disease_30032	5.989879690048441e-09
Disease	disease_11550	5.989879690048441e-09
Disease	disease_30036	5.989879690048441e-09
Disease	disease_8238	5.989879690048441e-09
Disease	disease_9004	5.989879690048441e-09
Disease	disease_12390	5.989879690048441e-09
Disease	disease_7689	5.989879690048441e-09
Disease	disease_11288	5.989879690048441e-09
Disease	disease_11289	5.989879690048441e-09
Disease	disease_11290	5.989879690048441e-09
Disease	disease_11317	5.989879690048441e-09
Disease	disease_11611	5.989879690048441e-09
Disease	disease_11321	5.989879690048441e-09
Disease	disease_11574	5.989879690048441e-09
Disease	disease_7645	5.989879690048441e-09
Disease	disease_11367	5.989879690048441e-09
Disease	disease_8241	5.989879690048441e-09
Disease	disease_7456	5.989879690048441e-09
Disease	disease_11516	5.989879690048441e-09
Disease	disease_8949	5.989879690048441e-09
Disease	disease_7649	5.989879690048441e-09
Disease	disease_11247	5.989879690048441e-09
Disease	disease_8239	5.989879690048441e-09
Disease	disease_11306	5.989879690048441e-09
Disease	disease_7697	5.989879690048441e-09
Disease	disease_11250	5.989879690048441e-09
Disease	disease_11316	5.989879690048441e-09
Disease	disease_24884	5.987039372217672e-09
Disease	disease_3319	5.986251560817696e-09
Disease	disease_7858	5.986126206623811e-09
Disease	disease_4724	5.983418924661262e-09
Disease	disease_16445	5.982525009110205e-09
Disease	disease_17211	5.982492770498105e-09
Disease	disease_17209	5.982492770498105e-09
Disease	disease_13514	5.978430557885156e-09
Disease	disease_32860	5.977744872411374e-09
Disease	disease_1235	5.976718510831295e-09
Disease	disease_13547	5.976384689292946e-09
Disease	disease_9204	5.974750034383709e-09
Disease	disease_13415	5.97289182685083e-09
Disease	disease_8602	5.970037476806652e-09
Disease	disease_8005	5.969550474660551e-09
Disease	disease_2549	5.9649386412865475e-09
Disease	disease_2649	5.964761984983414e-09
Disease	disease_14568	5.962688585573143e-09
Disease	disease_37250	5.9602485195824975e-09
Disease	disease_4305	5.959179365987563e-09
Disease	disease_1590	5.958715463909114e-09
Disease	disease_12106	5.9582082200590865e-09
Disease	disease_14590	5.955290457308545e-09
Disease	disease_18718	5.952980192849137e-09
Disease	disease_11966	5.9497132932109895e-09
Disease	disease_4682	5.949031488406845e-09
Disease	disease_16155	5.943738299328519e-09
Disease	disease_34146	5.940348206113655e-09
Disease	disease_15435	5.93785789241065e-09
Disease	disease_15434	5.93785789241065e-09
Disease	disease_15433	5.93785789241065e-09
Disease	disease_19909	5.93785789241065e-09
Disease	disease_19905	5.93785789241065e-09
Disease	disease_19903	5.93785789241065e-09
Disease	disease_19906	5.93785789241065e-09
Disease	disease_19904	5.93785789241065e-09
Disease	disease_19908	5.93785789241065e-09
Disease	disease_16654	5.93785789241065e-09
Disease	disease_32611	5.934999541816637e-09
Disease	disease_16891	5.934224339972241e-09
Disease	disease_14001	5.932654827752323e-09
Disease	disease_4035	5.932636676389181e-09
Disease	disease_1132	5.924367121374575e-09
Disease	disease_1139	5.924367121374575e-09
Disease	disease_2847	5.921433878041142e-09
Disease	disease_9433	5.920226765296983e-09
Disease	disease_3141	5.919145650016455e-09
Disease	disease_17019	5.915832675871386e-09
Disease	disease_16297	5.911783945333061e-09
Disease	disease_14842	5.90831905564221e-09
Disease	disease_3223	5.9072799875294105e-09
Disease	disease_9617	5.906949023182025e-09
Disease	disease_2325	5.903150797183477e-09
Disease	disease_8706	5.90215445630761e-09
Disease	disease_4106	5.894741257986313e-09
Disease	disease_4547	5.894741257986313e-09
Disease	disease_4543	5.894741257986313e-09
Disease	disease_4219	5.894741257986313e-09
Disease	disease_4493	5.894741257986313e-09
Disease	disease_4453	5.894741257986313e-09
Disease	disease_4198	5.894741257986313e-09
Disease	disease_4178	5.894741257986313e-09
Disease	disease_4402	5.894741257986313e-09
Disease	disease_4494	5.894741257986313e-09
Disease	disease_18344	5.8946690802886884e-09
Disease	disease_13490	5.893831245626819e-09
Disease	disease_3762	5.8878882014429226e-09
Disease	disease_16879	5.887791077995444e-09
Disease	disease_9493	5.887215430204368e-09
Disease	disease_10014	5.8869122470493965e-09
Disease	disease_15494	5.886909246624269e-09
Disease	disease_12160	5.882218552334608e-09
Disease	disease_15321	5.881520841576492e-09
Disease	disease_954	5.877225321154002e-09
Disease	disease_20522	5.877219177658844e-09
Disease	disease_20521	5.877219177658844e-09
Disease	disease_13202	5.876230628804887e-09
Disease	disease_17925	5.875854799800664e-09
Disease	disease_14155	5.874658838980733e-09
Disease	disease_14373	5.873702787714393e-09
Disease	disease_14012	5.8713973782930985e-09
Disease	disease_10125	5.871168180543524e-09
Disease	disease_2934	5.869911215911624e-09
Disease	disease_60486	5.869363718099939e-09
Disease	disease_4252	5.867272394878851e-09
Disease	disease_14623	5.866946903015806e-09
Disease	disease_16029	5.862568834331591e-09
Disease	disease_19643	5.861683080590065e-09
Disease	disease_100052	5.861333116306236e-09
Disease	disease_4216	5.855612933562213e-09
Disease	disease_17187	5.855394751522748e-09
Disease	disease_19333	5.855394751522748e-09
Disease	disease_12257	5.850447189820906e-09
Disease	disease_3173	5.849639032955003e-09
Disease	disease_20771	5.846564964394594e-09
Disease	disease_15200	5.846386322793959e-09
Disease	disease_7033	5.845272252453536e-09
Disease	disease_13588	5.839483981040145e-09
Disease	disease_16727	5.838591900388485e-09
Disease	disease_10440	5.838296507827844e-09
Disease	disease_7974	5.837780085267105e-09
Disease	disease_21024	5.836085263876196e-09
Disease	disease_18778	5.835283535105497e-09
Disease	disease_11802	5.83366141016444e-09
Disease	disease_14419	5.831462121504791e-09
Disease	disease_2578	5.831347186803331e-09
Disease	disease_24555	5.828426302438111e-09
Disease	disease_6133	5.8272554393666935e-09
Disease	disease_43251	5.8253915845266875e-09
Disease	disease_3975	5.824692222471437e-09
Disease	disease_4837	5.823506735594439e-09
Disease	disease_10774	5.823249368192495e-09
Disease	disease_19670	5.820970007427522e-09
Disease	disease_14894	5.819341347882922e-09
Disease	disease_15271	5.8179344490818305e-09
Disease	disease_18654	5.8179344490818305e-09
Disease	disease_13790	5.817843891906491e-09
Disease	disease_14992	5.8153404665057e-09
Disease	disease_11977	5.812728061616116e-09
Disease	disease_15234	5.810898070006926e-09
Disease	disease_3353	5.808776383089986e-09
Disease	disease_10289	5.806517451751975e-09
Disease	disease_11911	5.8044869018745095e-09
Disease	disease_6366	5.8010378420554735e-09
Disease	disease_13092	5.797976192220195e-09
Disease	disease_14504	5.7968511136750444e-09
Disease	disease_11464	5.794814330026174e-09
Disease	disease_14570	5.792112041325159e-09
Disease	disease_20761	5.792107510858153e-09
Disease	disease_22171	5.791766345956054e-09
Disease	disease_6491	5.790955747539341e-09
Disease	disease_1704	5.79094799054755e-09
Disease	disease_19603	5.789189914294728e-09
Disease	disease_32578	5.788664013905419e-09
Disease	disease_1837	5.786066494958926e-09
Disease	disease_13545	5.7852961499528005e-09
Disease	disease_11792	5.784221196948865e-09
Disease	disease_17516	5.78279022429791e-09
Disease	disease_17515	5.78279022429791e-09
Disease	disease_1748	5.7814488657942145e-09
Disease	disease_15774	5.767947022864366e-09
Disease	disease_100222	5.763076272281943e-09
Disease	disease_4447	5.752839020080434e-09
Disease	disease_6398	5.752072857942996e-09
Disease	disease_1806	5.748652871748535e-09
Disease	disease_44715	5.746473629261994e-09
Disease	disease_24530	5.7411802988270425e-09
Disease	disease_16434	5.73852097960301e-09
Disease	disease_15295	5.738254820112709e-09
Disease	disease_5464	5.734586183516974e-09
Disease	disease_4165	5.732129994787183e-09
Disease	disease_12075	5.728061051186139e-09
Disease	disease_2435	5.723784273500085e-09
Disease	disease_21527	5.7192280356259225e-09
Disease	disease_9672	5.7138088573353006e-09
Disease	disease_9669	5.7093338629224295e-09
Disease	disease_33259	5.708886007345084e-09
Disease	disease_21222	5.704017551615093e-09
Disease	disease_2655	5.6998314831127924e-09
Disease	disease_12029	5.697651798717495e-09
Disease	disease_20159	5.694238056536318e-09
Disease	disease_100021	5.694001336303759e-09
Disease	disease_15585	5.694001336303759e-09
Disease	disease_100020	5.694001336303759e-09
Disease	disease_15352	5.691036290780089e-09
Disease	disease_271	5.69038418760815e-09
Disease	disease_13095	5.68940081639637e-09
Disease	disease_13096	5.68940081639637e-09
Disease	disease_13097	5.68940081639637e-09
Disease	disease_13094	5.68940081639637e-09
Disease	disease_11800	5.68940081639637e-09
Disease	disease_14348	5.687475319912945e-09
Disease	disease_2141	5.683860670207508e-09
Disease	disease_11085	5.683768447971464e-09
Disease	disease_20216	5.682563922393032e-09
Disease	disease_13570	5.680772487279984e-09
Disease	disease_7483	5.673784371828995e-09
Disease	disease_13051	5.672246590453991e-09
Disease	disease_18262	5.671237025830009e-09
Disease	disease_13785	5.670844885508791e-09
Disease	disease_14468	5.66866220010892e-09
Disease	disease_11262	5.661298985540999e-09
Disease	disease_14594	5.660627875046029e-09
Disease	disease_19840	5.656393350545221e-09
Disease	disease_15300	5.655092771058122e-09
Disease	disease_7308	5.650319399262659e-09
Disease	disease_11703	5.644573372894865e-09
Disease	disease_10779	5.6442676252458195e-09
Disease	disease_3425	5.6442108157373686e-09
Disease	disease_12377	5.642831546474629e-09
Disease	disease_12119	5.642831546474629e-09
Disease	disease_10846	5.641686384416752e-09
Disease	disease_14660	5.632716309460714e-09
Disease	disease_4052	5.626077742680222e-09
Disease	disease_18566	5.623554129809619e-09
Disease	disease_23528	5.62085778553576e-09
Disease	disease_43275	5.62085778553576e-09
Disease	disease_16847	5.619803876886783e-09
Disease	disease_10550	5.617229499134635e-09
Disease	disease_19628	5.616287056423644e-09
Disease	disease_21354	5.615859779288511e-09
Disease	disease_17949	5.611547639815351e-09
Disease	disease_9516	5.611372831991068e-09
Disease	disease_4843	5.606155821851071e-09
Disease	disease_20174	5.6059180407169004e-09
Disease	disease_32789	5.600192973560771e-09
Disease	disease_13609	5.600012224829615e-09
Disease	disease_10336	5.5962912592122115e-09
Disease	disease_21130	5.594268281726565e-09
Disease	disease_15109	5.590524109780752e-09
Disease	disease_2398	5.5873944102982305e-09
Disease	disease_14185	5.5861013438275175e-09
Disease	disease_56816	5.585057984628538e-09
Disease	disease_14133	5.583267014413183e-09
Disease	disease_16943	5.582736330059291e-09
Disease	disease_15259	5.581807936914985e-09
Disease	disease_208	5.579216185355105e-09
Disease	disease_14116	5.578274501946122e-09
Disease	disease_6028	5.575630073619175e-09
Disease	disease_15367	5.5723665393749655e-09
Disease	disease_11687	5.570897159879747e-09
Disease	disease_12484	5.555807715759951e-09
Disease	disease_4414	5.553543142837531e-09
Disease	disease_515	5.551850941952221e-09
Disease	disease_14057	5.551130735307763e-09
Disease	disease_100290	5.550007559071466e-09
Disease	disease_10902	5.549429090553266e-09
Disease	disease_11575	5.54924734030714e-09
Disease	disease_2718	5.5477268213623075e-09
Disease	disease_5725	5.544605111379574e-09
Disease	disease_6097	5.54232886945511e-09
Disease	disease_16618	5.541617547369123e-09
Disease	disease_16617	5.541617547369123e-09
Disease	disease_15020	5.540426373849436e-09
Disease	disease_54805	5.539224645411806e-09
Disease	disease_9793	5.536078057483317e-09
Disease	disease_32903	5.533948882051575e-09
Disease	disease_10764	5.5335116417449045e-09
Disease	disease_14599	5.532253760741386e-09
Disease	disease_9709	5.5309380504689206e-09
Disease	disease_13642	5.527903586590196e-09
Disease	disease_17032	5.5239450044070986e-09
Disease	disease_11579	5.521876495653747e-09
Disease	disease_20294	5.5185075918431e-09
Disease	disease_17413	5.5142104107534016e-09
Disease	disease_12723	5.507688448420732e-09
Disease	disease_44720	5.505949834368138e-09
Disease	disease_12157	5.505550486106701e-09
Disease	disease_33304	5.501287041093691e-09
Disease	disease_13678	5.501024280553679e-09
Disease	disease_611	5.4936672210328505e-09
Disease	disease_11075	5.4933465445849965e-09
Disease	disease_6426	5.492096605309787e-09
Disease	disease_19042	5.490415062120811e-09
Disease	disease_17971	5.48940537479809e-09
Disease	disease_13593	5.4891912399494116e-09
Disease	disease_15668	5.487639979517864e-09
Disease	disease_11627	5.486866036610416e-09
Disease	disease_16381	5.484578484135094e-09
Disease	disease_18268	5.483327216132685e-09
Disease	disease_18269	5.483327216132685e-09
Disease	disease_10404	5.482630775630788e-09
Disease	disease_14945	5.480329407465788e-09
Disease	disease_42975	5.480195317430367e-09
Disease	disease_15463	5.479789661082867e-09
Disease	disease_21453	5.476607285884554e-09
Disease	disease_44273	5.47496303182824e-09
Disease	disease_12661	5.4744068244998876e-09
Disease	disease_21012	5.4744068244998876e-09
Disease	disease_12660	5.4744068244998876e-09
Disease	disease_1379	5.4723785248942495e-09
Disease	disease_10843	5.46911658743805e-09
Disease	disease_12544	5.464427567433673e-09
Disease	disease_18826	5.459319154081601e-09
Disease	disease_12166	5.453648124601403e-09
Disease	disease_12946	5.45346493468512e-09
Disease	disease_12453	5.4534025442700845e-09
Disease	disease_32771	5.453028017511705e-09
Disease	disease_33615	5.452688345083709e-09
Disease	disease_13770	5.449824430918074e-09
Disease	disease_21364	5.448456894417573e-09
Disease	disease_12812	5.439304488699966e-09
Disease	disease_14377	5.437692931999583e-09
Disease	disease_45016	5.433961338975136e-09
Disease	disease_8877	5.4337479004563646e-09
Disease	disease_10912	5.433693289377538e-09
Disease	disease_16875	5.432679151047957e-09
Disease	disease_9146	5.430296465507019e-09
Disease	disease_9749	5.425128144684446e-09
Disease	disease_19677	5.4228874951393185e-09
Disease	disease_597	5.42284738334638e-09
Disease	disease_3333	5.4148755061233526e-09
Disease	disease_3890	5.414666429868272e-09
Disease	disease_3717	5.4126979623717755e-09
Disease	disease_18720	5.4101614400272304e-09
Disease	disease_4661	5.408228545078941e-09
Disease	disease_14230	5.405329530728602e-09
Disease	disease_6217	5.403721509512462e-09
Disease	disease_11708	5.40340198171081e-09
Disease	disease_11238	5.400361945170453e-09
Disease	disease_18979	5.397760757614189e-09
Disease	disease_21579	5.394209938527001e-09
Disease	disease_19864	5.388560013373368e-09
Disease	disease_1202	5.386149750528168e-09
Disease	disease_13994	5.386130061705079e-09
Disease	disease_11907	5.384022761823822e-09
Disease	disease_14387	5.384008189815516e-09
Disease	disease_11389	5.37869619509853e-09
Disease	disease_60720	5.376993515867702e-09
Disease	disease_13632	5.376443962233485e-09
Disease	disease_9858	5.371424466013598e-09
Disease	disease_12030	5.370911620509579e-09
Disease	disease_21545	5.370388950361929e-09
Disease	disease_9673	5.36525476779525e-09
Disease	disease_2291	5.3607103443960154e-09
Disease	disease_8049	5.360030885494638e-09
Disease	disease_8183	5.358924601639298e-09
Disease	disease_10511	5.3584001185038434e-09
Disease	disease_9205	5.3573100849784936e-09
Disease	disease_32800	5.3515593086929815e-09
Disease	disease_22752	5.3500336070852824e-09
Disease	disease_18185	5.3480699170575454e-09
Disease	disease_1884	5.3472788498619645e-09
Disease	disease_14868	5.34551996749676e-09
Disease	disease_6156	5.343540470138721e-09
Disease	disease_8445	5.341534789885334e-09
Disease	disease_13615	5.3360481786538295e-09
Disease	disease_3654	5.334436949271309e-09
Disease	disease_2642	5.333306035856516e-09
Disease	disease_37743	5.333245940590003e-09
Disease	disease_15024	5.333028616128514e-09
Disease	disease_687	5.3306693460636265e-09
Disease	disease_32627	5.329062662684534e-09
Disease	disease_13795	5.3288786918493844e-09
Disease	disease_13506	5.326928581105523e-09
Disease	disease_11747	5.326928581105523e-09
Disease	disease_11418	5.326928581105523e-09
Disease	disease_10348	5.326928581105523e-09
Disease	disease_11689	5.326928581105523e-09
Disease	disease_18127	5.3258879085233284e-09
Disease	disease_17316	5.3253618588823896e-09
Disease	disease_2957	5.320172151907552e-09
Disease	disease_100126	5.317456228392761e-09
Disease	disease_3373	5.3164884342022685e-09
Disease	disease_2396	5.316265225590532e-09
Disease	disease_11413	5.306803175844332e-09
Disease	disease_15225	5.306396502363346e-09
Disease	disease_18611	5.30619306277072e-09
Disease	disease_6394	5.305215245948429e-09
Disease	disease_2133	5.305178106457428e-09
Disease	disease_13581	5.304694567636214e-09
Disease	disease_12405	5.30412963289471e-09
Disease	disease_8899	5.302483356268794e-09
Disease	disease_14195	5.300627951929989e-09
Disease	disease_778	5.300260715673792e-09
Disease	disease_10117	5.299657484972894e-09
Disease	disease_645	5.29810611724064e-09
Disease	disease_14407	5.296960775528053e-09
Disease	disease_14819	5.296416393768109e-09
Disease	disease_18903	5.2950985241891454e-09
Disease	disease_18769	5.2950985241891454e-09
Disease	disease_5796	5.2942254512444254e-09
Disease	disease_2479	5.292695188814323e-09
Disease	disease_21204	5.291180963055742e-09
Disease	disease_2574	5.289652972267284e-09
Disease	disease_10427	5.28655400617376e-09
Disease	disease_37746	5.2837285100308204e-09
Disease	disease_32665	5.282198916633951e-09
Disease	disease_8942	5.278629419940234e-09
Disease	disease_11036	5.2720725538536764e-09
Disease	disease_6073	5.270093062926452e-09
Disease	disease_33534	5.268756470169026e-09
Disease	disease_23250	5.2637538146900785e-09
Disease	disease_21082	5.2573397210461675e-09
Disease	disease_4730	5.2569590881728415e-09
Disease	disease_33479	5.256161972417528e-09
Disease	disease_16827	5.254888351025981e-09
Disease	disease_15726	5.252524987441381e-09
Disease	disease_13834	5.2522597283124375e-09
Disease	disease_18419	5.248415657980106e-09
Disease	disease_5238	5.2371548568056415e-09
Disease	disease_1829	5.232037959096066e-09
Disease	disease_17047	5.229256021874665e-09
Disease	disease_44622	5.229256021874665e-09
Disease	disease_6275	5.225164298246684e-09
Disease	disease_10171	5.224510528867238e-09
Disease	disease_5509	5.218998280238134e-09
Disease	disease_32590	5.21897295206931e-09
Disease	disease_12287	5.218736876978756e-09
Disease	disease_20050	5.21620385596327e-09
Disease	disease_400005	5.214161501104173e-09
Disease	disease_19424	5.211980348420369e-09
Disease	disease_4363	5.21054242900437e-09
Disease	disease_7296	5.207463679143721e-09
Disease	disease_19659	5.206271236452602e-09
Disease	disease_16580	5.201141160322338e-09
Disease	disease_12446	5.197855623052832e-09
Disease	disease_8059	5.197544269303716e-09
Disease	disease_2853	5.19729899711305e-09
Disease	disease_10429	5.195740577287409e-09
Disease	disease_18643	5.192625266678069e-09
Disease	disease_7230	5.1923680403752185e-09
Disease	disease_14234	5.191085785348342e-09
Disease	disease_54869	5.184167065355166e-09
Disease	disease_10352	5.183409008286341e-09
Disease	disease_2556	5.182509272646075e-09
Disease	disease_33047	5.177037634918431e-09
Disease	disease_476	5.1768321323128735e-09
Disease	disease_3067	5.174913774040881e-09
Disease	disease_8696	5.174585445278359e-09
Disease	disease_11430	5.173687288099864e-09
Disease	disease_13627	5.172811430344975e-09
Disease	disease_15794	5.169578705775436e-09
Disease	disease_6935	5.168445082034435e-09
Disease	disease_2670	5.167796541887118e-09
Disease	disease_13657	5.1666699699003524e-09
Disease	disease_7627	5.166138532285171e-09
Disease	disease_10063	5.165567049197255e-09
Disease	disease_12438	5.164141427070677e-09
Disease	disease_6105	5.162753551732062e-09
Disease	disease_12412	5.161111338972202e-09
Disease	disease_14807	5.158954937718233e-09
Disease	disease_100112	5.157965658341559e-09
Disease	disease_6266	5.157548622183681e-09
Disease	disease_20760	5.154277393978504e-09
Disease	disease_100084	5.1521282570484365e-09
Disease	disease_12928	5.14628860335833e-09
Disease	disease_3035	5.13407571532356e-09
Disease	disease_2858	5.13407571532356e-09
Disease	disease_24455	5.130855258655874e-09
Disease	disease_6258	5.130626469752733e-09
Disease	disease_4527	5.1285296068348476e-09
Disease	disease_14240	5.127062543681517e-09
Disease	disease_10236	5.125135414470751e-09
Disease	disease_2659	5.124961422161414e-09
Disease	disease_14409	5.121204912865854e-09
Disease	disease_33481	5.117859974969271e-09
Disease	disease_4490	5.116891474666711e-09
Disease	disease_21202	5.11656029965509e-09
Disease	disease_7956	5.107867340227349e-09
Disease	disease_20081	5.10470590514093e-09
Disease	disease_6561	5.104212334799448e-09
Disease	disease_16733	5.1039123954156045e-09
Disease	disease_9654	5.102839539771405e-09
Disease	disease_15528	5.099469177096329e-09
Disease	disease_14663	5.09713718926233e-09
Disease	disease_3885	5.095946916506629e-09
Disease	disease_17967	5.095541210474708e-09
Disease	disease_17336	5.088163875329363e-09
Disease	disease_19934	5.08477757883637e-09
Disease	disease_10049	5.0827875037863084e-09
Disease	disease_6734	5.079798828838507e-09
Disease	disease_3171	5.079121960057109e-09
Disease	disease_20637	5.07893192387248e-09
Disease	disease_10782	5.076675197906328e-09
Disease	disease_11890	5.075325803885547e-09
Disease	disease_17668	5.072365591705118e-09
Disease	disease_19022	5.0711902558683996e-09
Disease	disease_11938	5.0689194566558945e-09
Disease	disease_21811	5.068915164147431e-09
Disease	disease_14815	5.068401490754239e-09
Disease	disease_29137	5.0645549625867365e-09
Disease	disease_100163	5.061160836182543e-09
Disease	disease_18834	5.050476325534779e-09
Disease	disease_13039	5.046815194054066e-09
Disease	disease_27750	5.045369180526901e-09
Disease	disease_27751	5.045369180526901e-09
Disease	disease_32854	5.04523416873153e-09
Disease	disease_30847	5.043219307517832e-09
Disease	disease_19713	5.040205120554304e-09
Disease	disease_16676	5.04017754398561e-09
Disease	disease_7490	5.038712288484059e-09
Disease	disease_11839	5.036982509041224e-09
Disease	disease_21358	5.035145105337415e-09
Disease	disease_21467	5.032486437676297e-09
Disease	disease_15522	5.0319739729427286e-09
Disease	disease_2226	5.030757508842719e-09
Disease	disease_9869	5.030239703410936e-09
Disease	disease_4211	5.029045580829446e-09
Disease	disease_10488	5.0276210091896494e-09
Disease	disease_3551	5.02658686749506e-09
Disease	disease_6081	5.021593602880944e-09
Disease	disease_7438	5.019851295611678e-09
Disease	disease_10005	5.019127529326792e-09
Disease	disease_8031	5.015704676132162e-09
Disease	disease_14818	5.015696764907915e-09
Disease	disease_18414	5.013085538778633e-09
Disease	disease_8142	5.0128664068636225e-09
Disease	disease_14847	5.012638956106644e-09
Disease	disease_14496	5.009081285580176e-09
Disease	disease_3412	5.00512160584925e-09
Disease	disease_14065	5.001512264840538e-09
Disease	disease_4210	5.0004423512287335e-09
Disease	disease_6278	4.999974640633541e-09
Disease	disease_1257	4.993546715784447e-09
Disease	disease_42495	4.993546715784447e-09
Disease	disease_1946	4.992956763440173e-09
Disease	disease_4015	4.992952318924659e-09
Disease	disease_16560	4.990435210791115e-09
Disease	disease_13011	4.987056636271465e-09
Disease	disease_11869	4.983180997835676e-09
Disease	disease_12605	4.980777420253463e-09
Disease	disease_14344	4.973040626922966e-09
Disease	disease_21337	4.970049012297201e-09
Disease	disease_8478	4.9698213335435454e-09
Disease	disease_19286	4.9696171365271076e-09
Disease	disease_16582	4.967739765316549e-09
Disease	disease_18001	4.967214312641219e-09
Disease	disease_21879	4.96657874842604e-09
Disease	disease_17603	4.96657874842604e-09
Disease	disease_37807	4.965657071993084e-09
Disease	disease_13567	4.961089517532393e-09
Disease	disease_32858	4.9575949669450905e-09
Disease	disease_1763	4.954643798116404e-09
Disease	disease_14906	4.954269581099174e-09
Disease	disease_1921	4.948800673394402e-09
Disease	disease_14	4.948552110834449e-09
Disease	disease_11055	4.948382967260661e-09
Disease	disease_7734	4.948342684682432e-09
Disease	disease_44344	4.9431970902402365e-09
Disease	disease_44351	4.9431970902402365e-09
Disease	disease_30707	4.9408866613358325e-09
Disease	disease_3395	4.940219988013756e-09
Disease	disease_3261	4.939919686096453e-09
Disease	disease_12904	4.9378083724243596e-09
Disease	disease_32823	4.937794039562914e-09
Disease	disease_15464	4.936477104146752e-09
Disease	disease_1539	4.9334104289988044e-09
Disease	disease_15322	4.933209529102179e-09
Disease	disease_1754	4.931674887020464e-09
Disease	disease_6169	4.9311622483513844e-09
Disease	disease_6410	4.9311622483513844e-09
Disease	disease_9680	4.929805487918085e-09
Disease	disease_6422	4.92887057125763e-09
Disease	disease_13177	4.928505809723081e-09
Disease	disease_10595	4.927132890434603e-09
Disease	disease_12475	4.92622427706347e-09
Disease	disease_21221	4.926019419421669e-09
Disease	disease_14934	4.924431418591084e-09
Disease	disease_43723	4.924180688754804e-09
Disease	disease_43589	4.924180688754804e-09
Disease	disease_19551	4.9239370305857564e-09
Disease	disease_13035	4.922927844893979e-09
Disease	disease_18250	4.92248763085293e-09
Disease	disease_12767	4.922087661471444e-09
Disease	disease_33717	4.921767965529053e-09
Disease	disease_2182	4.920833735702297e-09
Disease	disease_14530	4.919426545493937e-09
Disease	disease_807	4.918645319079974e-09
Disease	disease_769	4.918645319079974e-09
Disease	disease_770	4.918645319079974e-09
Disease	disease_5849	4.918645319079974e-09
Disease	disease_775	4.918645319079974e-09
Disease	disease_100001	4.918645319079974e-09
Disease	disease_5202	4.918645319079974e-09
Disease	disease_14208	4.916827092779494e-09
Disease	disease_910	4.916102998054531e-09
Disease	disease_9518	4.9131616629787295e-09
Disease	disease_2073	4.912917115015628e-09
Disease	disease_15915	4.9104252801519705e-09
Disease	disease_21929	4.908128249646203e-09
Disease	disease_1957	4.907865098766056e-09
Disease	disease_3901	4.9035445432182266e-09
Disease	disease_2101	4.898889857794709e-09
Disease	disease_37254	4.89626231224123e-09
Disease	disease_17765	4.895325395095332e-09
Disease	disease_14566	4.893152844175805e-09
Disease	disease_14756	4.881234091493908e-09
Disease	disease_12603	4.8792575021032825e-09
Disease	disease_3685	4.876033511479533e-09
Disease	disease_16481	4.874505789215482e-09
Disease	disease_3933	4.8740319347001594e-09
Disease	disease_6442	4.872078126712758e-09
Disease	disease_13894	4.868364926352989e-09
Disease	disease_1060	4.860562897102935e-09
Disease	disease_10064	4.859676297187085e-09
Disease	disease_19970	4.85917386762719e-09
Disease	disease_4078	4.84911655825753e-09
Disease	disease_13750	4.848236184254115e-09
Disease	disease_9148	4.848036544433715e-09
Disease	disease_18644	4.847150532228221e-09
Disease	disease_108	4.846387139380566e-09
Disease	disease_17383	4.842124118000594e-09
Disease	disease_12317	4.84211688622338e-09
Disease	disease_15192	4.84211688622338e-09
Disease	disease_22151	4.842007397836851e-09
Disease	disease_14365	4.83837423350189e-09
Disease	disease_7640	4.836836664691981e-09
Disease	disease_17472	4.836225145506879e-09
Disease	disease_17473	4.836225145506879e-09
Disease	disease_13579	4.831655067844727e-09
Disease	disease_18146	4.828834631188783e-09
Disease	disease_18147	4.828834631188783e-09
Disease	disease_18148	4.828834631188783e-09
Disease	disease_10317	4.825856244483082e-09
Disease	disease_32902	4.823059176124066e-09
Disease	disease_13127	4.820730333474103e-09
Disease	disease_6421	4.81982791190449e-09
Disease	disease_37252	4.8174713212869636e-09
Disease	disease_13889	4.817065195750985e-09
Disease	disease_12980	4.813075533488169e-09
Disease	disease_7115	4.813068328671517e-09
Disease	disease_396	4.812317648525248e-09
Disease	disease_14122	4.811891211808747e-09
Disease	disease_11916	4.811300029525329e-09
Disease	disease_10994	4.8103501620795175e-09
Disease	disease_10391	4.809385554788674e-09
Disease	disease_18423	4.807718168665095e-09
Disease	disease_13239	4.806124910814033e-09
Disease	disease_14633	4.804050735672816e-09
Disease	disease_3873	4.798597034863585e-09
Disease	disease_10384	4.797909910058592e-09
Disease	disease_7277	4.79637650437112e-09
Disease	disease_25370	4.7925838383794326e-09
Disease	disease_2469	4.7863539255674895e-09
Disease	disease_1129	4.785179306375068e-09
Disease	disease_13403	4.785031016534036e-09
Disease	disease_45056	4.783867915047274e-09
Disease	disease_13629	4.7831340577387844e-09
Disease	disease_4315	4.780955410681535e-09
Disease	disease_24566	4.779853960926509e-09
Disease	disease_390	4.779597105389747e-09
Disease	disease_11114	4.779449391688204e-09
Disease	disease_8520	4.776864977421714e-09
Disease	disease_12618	4.776718345620673e-09
Disease	disease_17913	4.775802321214478e-09
Disease	disease_13644	4.773166030946838e-09
Disease	disease_93	4.7702660353001215e-09
Disease	disease_3283	4.767805934740061e-09
Disease	disease_16226	4.760500194694327e-09
Disease	disease_8512	4.758480218768145e-09
Disease	disease_383	4.755004844014733e-09
Disease	disease_373	4.753928607674106e-09
Disease	disease_3902	4.753495433982524e-09
Disease	disease_1773	4.752954504495147e-09
Disease	disease_14366	4.746784491767777e-09
Disease	disease_7481	4.740019862138498e-09
Disease	disease_20245	4.738069013028381e-09
Disease	disease_1171	4.735137510775252e-09
Disease	disease_16867	4.734199764714282e-09
Disease	disease_6374	4.7300652862825456e-09
Disease	disease_298	4.723642037140459e-09
Disease	disease_6391	4.719477414536242e-09
Disease	disease_19916	4.716674457843491e-09
Disease	disease_21238	4.716641399850336e-09
Disease	disease_6534	4.715746786674385e-09
Disease	disease_13384	4.71491752768834e-09
Disease	disease_22109	4.712448283180096e-09
Disease	disease_16156	4.712189492159404e-09
Disease	disease_20778	4.708651664067771e-09
Disease	disease_19999	4.707990732556187e-09
Disease	disease_11889	4.706568292925485e-09
Disease	disease_16284	4.701354565202944e-09
Disease	disease_3003	4.701354565202944e-09
Disease	disease_16282	4.701354565202944e-09
Disease	disease_16322	4.69984223399927e-09
Disease	disease_3671	4.6983121328075724e-09
Disease	disease_13552	4.6926276521177294e-09
Disease	disease_9445	4.690802106428642e-09
Disease	disease_13228	4.6879912212354295e-09
Disease	disease_11532	4.686096050748789e-09
Disease	disease_20369	4.683895823294226e-09
Disease	disease_7333	4.678318084992637e-09
Disease	disease_25102	4.678003496954229e-09
Disease	disease_44776	4.6753172766894224e-09
Disease	disease_11832	4.6715064880488526e-09
Disease	disease_19662	4.670049498705873e-09
Disease	disease_4428	4.663686167579642e-09
Disease	disease_18134	4.653748797299961e-09
Disease	disease_7842	4.651924879505914e-09
Disease	disease_12267	4.650543482217383e-09
Disease	disease_11616	4.650543482217383e-09
Disease	disease_20160	4.649350918269412e-09
Disease	disease_1702	4.643468120958241e-09
Disease	disease_1602	4.643468120958241e-09
Disease	disease_7195	4.642122977018517e-09
Disease	disease_18418	4.6407786394031395e-09
Disease	disease_6208	4.63936576031484e-09
Disease	disease_7744	4.6372418330631525e-09
Disease	disease_10052	4.637208704959008e-09
Disease	disease_30118	4.636158894604921e-09
Disease	disease_11712	4.634177368029145e-09
Disease	disease_19764	4.633928454085659e-09
Disease	disease_16764	4.633759014587134e-09
Disease	disease_6839	4.6263614672494295e-09
Disease	disease_16142	4.626181156351286e-09
Disease	disease_32630	4.6247937079677276e-09
Disease	disease_22424	4.624547672593832e-09
Disease	disease_17188	4.6242912946897924e-09
Disease	disease_19334	4.6242912946897924e-09
Disease	disease_8442	4.62148386636101e-09
Disease	disease_3349	4.620092505649907e-09
Disease	disease_3466	4.618726016401241e-09
Disease	disease_819	4.618422558820261e-09
Disease	disease_4579	4.6182445139753246e-09
Disease	disease_3032	4.609919491569126e-09
Disease	disease_7055	4.603812536994354e-09
Disease	disease_30004	4.602079172684709e-09
Disease	disease_17168	4.601464411646936e-09
Disease	disease_15236	4.599064987360975e-09
Disease	disease_8927	4.5988034954830245e-09
Disease	disease_7946	4.598715983829453e-09
Disease	disease_15727	4.593561339680733e-09
Disease	disease_10667	4.58697227603679e-09
Disease	disease_20793	4.584996717090472e-09
Disease	disease_13753	4.582788261070207e-09
Disease	disease_17845	4.573605840673377e-09
Disease	disease_21131	4.573092761235321e-09
Disease	disease_3068	4.572149243071627e-09
Disease	disease_43137	4.572149243071627e-09
Disease	disease_5482	4.572149243071627e-09
Disease	disease_6537	4.570306471939878e-09
Disease	disease_19683	4.5697090004198e-09
Disease	disease_7298	4.5685918825122786e-09
Disease	disease_24965	4.565159216420576e-09
Disease	disease_21532	4.565070385523082e-09
Disease	disease_18780	4.5614919331048574e-09
Disease	disease_16840	4.5601503418555515e-09
Disease	disease_21070	4.559588599739865e-09
Disease	disease_14843	4.558850771138848e-09
Disease	disease_54739	4.557243969230913e-09
Disease	disease_15807	4.557178183571471e-09
Disease	disease_7123	4.556817971258511e-09
Disease	disease_12057	4.5556039708682025e-09
Disease	disease_4951	4.5556039708682025e-09
Disease	disease_13562	4.5556039708682025e-09
Disease	disease_13713	4.5556039708682025e-09
Disease	disease_13185	4.5556039708682025e-09
Disease	disease_14251	4.5556039708682025e-09
Disease	disease_12595	4.5556039708682025e-09
Disease	disease_15273	4.555005332541941e-09
Disease	disease_13620	4.541479534566893e-09
Disease	disease_4346	4.539667810043807e-09
Disease	disease_14644	4.538787506966706e-09
Disease	disease_3818	4.5332266799357e-09
Disease	disease_25013	4.5327994568442915e-09
Disease	disease_1458	4.53173410350287e-09
Disease	disease_30872	4.529564582857372e-09
Disease	disease_13824	4.5291222846040914e-09
Disease	disease_12330	4.52651028688648e-09
Disease	disease_4659	4.52490771000258e-09
Disease	disease_15082	4.522316088726092e-09
Disease	disease_14726	4.522314259330585e-09
Disease	disease_14370	4.5186736794352395e-09
Disease	disease_11965	4.515927712292546e-09
Disease	disease_3822	4.514166315832395e-09
Disease	disease_12219	4.514135960034093e-09
Disease	disease_13504	4.51398674185587e-09
Disease	disease_13013	4.513361588559316e-09
Disease	disease_4349	4.511338520745278e-09
Disease	disease_15493	4.510946152590592e-09
Disease	disease_44092	4.509956675272888e-09
Disease	disease_2581	4.5099093090133425e-09
Disease	disease_10541	4.503386833011021e-09
Disease	disease_22963	4.50242833220283e-09
Disease	disease_16731	4.50242833220283e-09
Disease	disease_16736	4.50242833220283e-09
Disease	disease_22965	4.50242833220283e-09
Disease	disease_16735	4.50242833220283e-09
Disease	disease_8158	4.494894343057037e-09
Disease	disease_21243	4.494389565447746e-09
Disease	disease_100013	4.4916312301449585e-09
Disease	disease_20133	4.488756498596878e-09
Disease	disease_10833	4.486269545717928e-09
Disease	disease_15393	4.483683146656562e-09
Disease	disease_21271	4.483151389552542e-09
Disease	disease_31012	4.478041094412893e-09
Disease	disease_4467	4.477420895519443e-09
Disease	disease_13714	4.4753054784462236e-09
Disease	disease_18878	4.470874855954338e-09
Disease	disease_14919	4.467876473601075e-09
Disease	disease_4112	4.467138804927213e-09
Disease	disease_23073	4.467138804927213e-09
Disease	disease_1506	4.467138804927213e-09
Disease	disease_496	4.467138804927213e-09
Disease	disease_1681	4.467138804927213e-09
Disease	disease_4118	4.467138804927213e-09
Disease	disease_17731	4.4656415179642205e-09
Disease	disease_42486	4.464689510061307e-09
Disease	disease_11990	4.463679042248162e-09
Disease	disease_20795	4.461860200520755e-09
Disease	disease_14866	4.461768940745477e-09
Disease	disease_531	4.4603854444435775e-09
Disease	disease_16020	4.460110975156255e-09
Disease	disease_8455	4.459598268619379e-09
Disease	disease_18579	4.455909653943629e-09
Disease	disease_4008	4.451892568685595e-09
Disease	disease_665	4.451866310546159e-09
Disease	disease_815	4.447707847171262e-09
Disease	disease_2265	4.447707847171262e-09
Disease	disease_14503	4.4471516337625864e-09
Disease	disease_16213	4.44688243771418e-09
Disease	disease_3120	4.445627512671634e-09
Disease	disease_18973	4.4436144556007526e-09
Disease	disease_24338	4.4416419632367065e-09
Disease	disease_10144	4.436885958998317e-09
Disease	disease_20734	4.436859744027206e-09
Disease	disease_14511	4.430847378781712e-09
Disease	disease_667	4.425392196572874e-09
Disease	disease_14024	4.422258722519249e-09
Disease	disease_7618	4.421244440654085e-09
Disease	disease_45020	4.417456472255302e-09
Disease	disease_10178	4.415593286686721e-09
Disease	disease_9622	4.414370583072151e-09
Disease	disease_7204	4.406826024267223e-09
Disease	disease_13585	4.404066956722073e-09
Disease	disease_42961	4.4039690849847e-09
Disease	disease_10477	4.403731571300609e-09
Disease	disease_7208	4.40324629805156e-09
Disease	disease_16641	4.399750852953396e-09
Disease	disease_21437	4.396686770502952e-09
Disease	disease_488	4.3960378345378385e-09
Disease	disease_19714	4.39513922536208e-09
Disease	disease_14794	4.392482934078079e-09
Disease	disease_10995	4.390837242754217e-09
Disease	disease_7306	4.387764814155867e-09
Disease	disease_20219	4.38627259245359e-09
Disease	disease_19404	4.385563554684719e-09
Disease	disease_11486	4.38503281152604e-09
Disease	disease_16568	4.384363026778452e-09
Disease	disease_293	4.3824761254004646e-09
Disease	disease_6961	4.380419465590069e-09
Disease	disease_11844	4.378318575808727e-09
Disease	disease_17257	4.377847314011112e-09
Disease	disease_18152	4.377847314011112e-09
Disease	disease_24561	4.373046341064729e-09
Disease	disease_21514	4.37272971517973e-09
Disease	disease_7587	4.368451694827994e-09
Disease	disease_6201	4.366313743529441e-09
Disease	disease_10449	4.365819407306545e-09
Disease	disease_14214	4.365569041454117e-09
Disease	disease_13887	4.364152163471479e-09
Disease	disease_14670	4.3628694838416625e-09
Disease	disease_3194	4.361323988116678e-09
Disease	disease_3909	4.361104964171352e-09
Disease	disease_1584	4.359184151791054e-09
Disease	disease_16496	4.359161053816253e-09
Disease	disease_15161	4.358409590289732e-09
Disease	disease_6297	4.358107621531124e-09
Disease	disease_11143	4.355824207924212e-09
Disease	disease_14955	4.353473975196479e-09
Disease	disease_10783	4.351728504830735e-09
Disease	disease_7157	4.350701097679274e-09
Disease	disease_5880	4.345552219882612e-09
Disease	disease_10153	4.343667689651635e-09
Disease	disease_16007	4.340105923055723e-09
Disease	disease_3370	4.338772751665648e-09
Disease	disease_12285	4.337413300203111e-09
Disease	disease_44317	4.336174965899103e-09
Disease	disease_14112	4.331862013349462e-09
Disease	disease_10612	4.330819012930574e-09
Disease	disease_33650	4.329385910755294e-09
Disease	disease_1813	4.326972873009473e-09
Disease	disease_4799	4.326972873009473e-09
Disease	disease_19330	4.325156642314827e-09
Disease	disease_12279	4.323416804757533e-09
Disease	disease_19914	4.3177721820476946e-09
Disease	disease_18058	4.3108802840855186e-09
Disease	disease_3787	4.310695889022813e-09
Disease	disease_7931	4.30917158004431e-09
Disease	disease_14395	4.307306926718343e-09
Disease	disease_7161	4.306870020525314e-09
Disease	disease_21577	4.3053794559640935e-09
Disease	disease_26724	4.304659126481128e-09
Disease	disease_21475	4.303161970458675e-09
Disease	disease_13265	4.3016442626647996e-09
Disease	disease_3104	4.297586097907185e-09
Disease	disease_25149	4.295105791896901e-09
Disease	disease_13258	4.293643996600255e-09
Disease	disease_3234	4.289736909051762e-09
Disease	disease_14312	4.288538141118259e-09
Disease	disease_6301	4.2866320272691065e-09
Disease	disease_644	4.286276016043707e-09
Disease	disease_44718	4.286169865574484e-09
Disease	disease_1883	4.285375821114928e-09
Disease	disease_3859	4.28486795257179e-09
Disease	disease_15903	4.278998595941257e-09
Disease	disease_16141	4.276971596248432e-09
Disease	disease_17018	4.276328906000903e-09
Disease	disease_14693	4.273933558719333e-09
Disease	disease_5987	4.268015737959126e-09
Disease	disease_8371	4.261733971500614e-09
Disease	disease_14993	4.257158243418952e-09
Disease	disease_54781	4.255217485460877e-09
Disease	disease_33645	4.253806315516428e-09
Disease	disease_14691	4.25329702600643e-09
Disease	disease_8259	4.252527850065307e-09
Disease	disease_3518	4.252262755465269e-09
Disease	disease_33638	4.246714821837551e-09
Disease	disease_4451	4.245109693111088e-09
Disease	disease_44788	4.245109693111088e-09
Disease	disease_100147	4.2433695818085975e-09
Disease	disease_54862	4.242815330108834e-09
Disease	disease_8292	4.241696726155024e-09
Disease	disease_14650	4.241125108612166e-09
Disease	disease_7562	4.236159555348176e-09
Disease	disease_3143	4.235239848375505e-09
Disease	disease_12765	4.235054343347471e-09
Disease	disease_18192	4.233594228782372e-09
Disease	disease_4092	4.233150729339037e-09
Disease	disease_8622	4.2329191956795625e-09
Disease	disease_3784	4.232761216985678e-09
Disease	disease_9081	4.232070774657536e-09
Disease	disease_16639	4.231708237802402e-09
Disease	disease_4641	4.229373607902507e-09
Disease	disease_12114	4.224134816082279e-09
Disease	disease_45054	4.221694587391608e-09
Disease	disease_7795	4.2216904787837606e-09
Disease	disease_7900	4.220839554940791e-09
Disease	disease_20193	4.217337316551385e-09
Disease	disease_15260	4.215361202444308e-09
Disease	disease_5963	4.215361202444308e-09
Disease	disease_294	4.215361202444308e-09
Disease	disease_11128	4.2146767722836025e-09
Disease	disease_24415	4.212546886228321e-09
Disease	disease_7726	4.2118329376411354e-09
Disease	disease_24744	4.210716424683206e-09
Disease	disease_2372	4.210695076416943e-09
Disease	disease_19653	4.209289410361449e-09
Disease	disease_19654	4.209289410361449e-09
Disease	disease_19652	4.209289410361449e-09
Disease	disease_14520	4.2090992976258e-09
Disease	disease_4028	4.206445819003962e-09
Disease	disease_13165	4.206017423369841e-09
Disease	disease_19631	4.204944441108917e-09
Disease	disease_9300	4.20431829313898e-09
Disease	disease_8396	4.200447811954247e-09
Disease	disease_6233	4.1974130354163116e-09
Disease	disease_3452	4.194960953423288e-09
Disease	disease_8024	4.194620818426948e-09
Disease	disease_18988	4.193627900989664e-09
Disease	disease_14591	4.193494342872399e-09
Disease	disease_19327	4.19294652746549e-09
Disease	disease_2256	4.192470672076822e-09
Disease	disease_14041	4.1901447076797454e-09
Disease	disease_12600	4.1901447076797454e-09
Disease	disease_12533	4.1901447076797454e-09
Disease	disease_12601	4.1901447076797454e-09
Disease	disease_12261	4.1901447076797454e-09
Disease	disease_12566	4.1901447076797454e-09
Disease	disease_12567	4.1901447076797454e-09
Disease	disease_12578	4.1901447076797454e-09
Disease	disease_1122	4.1895156246689976e-09
Disease	disease_9085	4.189051870191825e-09
Disease	disease_13329	4.186744420367826e-09
Disease	disease_19575	4.186158638971501e-09
Disease	disease_20505	4.175803413414396e-09
Disease	disease_1203	4.175461319954027e-09
Disease	disease_2378	4.170970768433378e-09
Disease	disease_12716	4.167418005472113e-09
Disease	disease_11339	4.167025531769636e-09
Disease	disease_17461	4.166840368438067e-09
Disease	disease_9560	4.164470063442492e-09
Disease	disease_7222	4.164009711475457e-09
Disease	disease_7713	4.163891079622464e-09
Disease	disease_12043	4.162115985827963e-09
Disease	disease_15730	4.16082580437805e-09
Disease	disease_19865	4.16082580437805e-09
Disease	disease_19866	4.16082580437805e-09
Disease	disease_19868	4.16082580437805e-09
Disease	disease_15771	4.16082580437805e-09
Disease	disease_15718	4.16082580437805e-09
Disease	disease_15060	4.16082580437805e-09
Disease	disease_19869	4.16082580437805e-09
Disease	disease_15763	4.16082580437805e-09
Disease	disease_14475	4.157002902209733e-09
Disease	disease_14223	4.156416570186663e-09
Disease	disease_1894	4.1485127304886645e-09
Disease	disease_1772	4.148340989122607e-09
Disease	disease_18421	4.147049702136818e-09
Disease	disease_21285	4.144378773986501e-09
Disease	disease_1396	4.142691754259724e-09
Disease	disease_6717	4.136232569302291e-09
Disease	disease_11018	4.134950160601069e-09
Disease	disease_19500	4.133780736609399e-09
Disease	disease_1646	4.133288689623286e-09
Disease	disease_14149	4.1306324804973826e-09
Disease	disease_13487	4.1281791266650974e-09
Disease	disease_18416	4.127924759949492e-09
Disease	disease_6193	4.127629856724482e-09
Disease	disease_6166	4.127629856724482e-09
Disease	disease_25478	4.126450254556242e-09
Disease	disease_23595	4.122170744087213e-09
Disease	disease_15391	4.1215030914161475e-09
Disease	disease_13542	4.118912806990892e-09
Disease	disease_19224	4.117936382144663e-09
Disease	disease_44906	4.114749077211843e-09
Disease	disease_7400	4.112931816781988e-09
Disease	disease_9755	4.111677479156593e-09
Disease	disease_16350	4.109052803818754e-09
Disease	disease_13989	4.098436204931332e-09
Disease	disease_9544	4.096905324106705e-09
Disease	disease_18839	4.091436410560557e-09
Disease	disease_19521	4.091413021361376e-09
Disease	disease_16526	4.08732016180664e-09
Disease	disease_17943	4.08670590117368e-09
Disease	disease_19494	4.085754908085842e-09
Disease	disease_19493	4.085754908085842e-09
Disease	disease_9264	4.083891713952447e-09
Disease	disease_9139	4.083521959102205e-09
Disease	disease_19191	4.082568210591779e-09
Disease	disease_4690	4.081145903648315e-09
Disease	disease_43283	4.081112440574421e-09
Disease	disease_21443	4.080898973025486e-09
Disease	disease_516	4.075564187874351e-09
Disease	disease_13428	4.073193521058768e-09
Disease	disease_7853	4.072920211447855e-09
Disease	disease_15255	4.069349156533598e-09
Disease	disease_44326	4.068355965820438e-09
Disease	disease_8026	4.067952212382913e-09
Disease	disease_10418	4.0662902201525794e-09
Disease	disease_16878	4.065195415935085e-09
Disease	disease_9007	4.0643999031095615e-09
Disease	disease_9931	4.0620659952208695e-09
Disease	disease_1120	4.05786541295065e-09
Disease	disease_16004	4.0575390967370365e-09
Disease	disease_16781	4.057320845368686e-09
Disease	disease_12156	4.0560330229209885e-09
Disease	disease_21067	4.0551211887819555e-09
Disease	disease_3374	4.054231345103277e-09
Disease	disease_16140	4.053049365477491e-09
Disease	disease_10094	4.052862901233805e-09
Disease	disease_16009	4.049876064668749e-09
Disease	disease_54695	4.048311361052951e-09
Disease	disease_16592	4.047713410992403e-09
Disease	disease_9810	4.047416836393258e-09
Disease	disease_1159	4.047208100830154e-09
Disease	disease_32786	4.043588979143501e-09
Disease	disease_12656	4.0429854046985105e-09
Disease	disease_563	4.041039718006604e-09
Disease	disease_13029	4.041039718006604e-09
Disease	disease_6997	4.040311337991156e-09
Disease	disease_9003	4.038677629417013e-09
Disease	disease_13181	4.032905333384773e-09
Disease	disease_12507	4.0258759021149884e-09
Disease	disease_14923	4.023094073401145e-09
Disease	disease_100002	4.019812121213529e-09
Disease	disease_11527	4.015706551295184e-09
Disease	disease_2763	4.013006368296289e-09
Disease	disease_5673	4.012828447036804e-09
Disease	disease_16746	4.01267741101673e-09
Disease	disease_13715	4.011143967275543e-09
Disease	disease_15471	4.008636863141072e-09
Disease	disease_10242	4.008350346588712e-09
Disease	disease_4495	4.008139878083645e-09
Disease	disease_54763	4.002236903474236e-09
Disease	disease_21284	4.0008791793774966e-09
Disease	disease_1893	3.998119137483504e-09
Disease	disease_21463	3.997924925512827e-09
Disease	disease_15219	3.996870586259972e-09
Disease	disease_44816	3.994175184993102e-09
Disease	disease_44781	3.9925192136642755e-09
Disease	disease_24746	3.990706212084512e-09
Disease	disease_11539	3.990499596600955e-09
Disease	disease_24868	3.988871685431155e-09
Disease	disease_13501	3.985539778986601e-09
Disease	disease_13421	3.9841990826533435e-09
Disease	disease_43836	3.9827399718513455e-09
Disease	disease_16417	3.981075388799582e-09
Disease	disease_14683	3.980379317447825e-09
Disease	disease_17912	3.979900198326833e-09
Disease	disease_6480	3.9790932919982985e-09
Disease	disease_21469	3.977659321317476e-09
Disease	disease_9366	3.976116120132041e-09
Disease	disease_17518	3.975950434028778e-09
Disease	disease_17517	3.975950434028778e-09
Disease	disease_30899	3.975663455687082e-09
Disease	disease_2703	3.974786806266456e-09
Disease	disease_14666	3.972886772521789e-09
Disease	disease_43003	3.964945317095217e-09
Disease	disease_9594	3.964152480120531e-09
Disease	disease_12013	3.9604643104103306e-09
Disease	disease_5980	3.958782635773221e-09
Disease	disease_2860	3.9582481819949e-09
Disease	disease_9795	3.9544845361354975e-09
Disease	disease_13432	3.954466228816111e-09
Disease	disease_2139	3.954460194914425e-09
Disease	disease_43343	3.954460194914425e-09
Disease	disease_1272	3.954460194914425e-09
Disease	disease_6151	3.954460194914425e-09
Disease	disease_2552	3.952260142171988e-09
Disease	disease_13155	3.9506870579268665e-09
Disease	disease_3930	3.947932370667913e-09
Disease	disease_3786	3.947921420494703e-09
Disease	disease_33839	3.946367945961622e-09
Disease	disease_8067	3.945749103160096e-09
Disease	disease_14322	3.937040720638742e-09
Disease	disease_20270	3.9336514502450916e-09
Disease	disease_11091	3.9331016164951516e-09
Disease	disease_3842	3.933073671957205e-09
Disease	disease_32795	3.9309895791428855e-09
Disease	disease_22985	3.929333560929097e-09
Disease	disease_24359	3.929150955638155e-09
Disease	disease_24357	3.929150955638155e-09
Disease	disease_24356	3.929150955638155e-09
Disease	disease_24360	3.929150955638155e-09
Disease	disease_2664	3.927457148544655e-09
Disease	disease_3516	3.926226962975029e-09
Disease	disease_1952	3.926055131837667e-09
Disease	disease_8764	3.9248617760412556e-09
Disease	disease_20147	3.921459417383686e-09
Disease	disease_3331	3.920793807857788e-09
Disease	disease_13119	3.920296713667859e-09
Disease	disease_8811	3.918907421855811e-09
Disease	disease_9775	3.912217803048358e-09
Disease	disease_3124	3.910661910465344e-09
Disease	disease_20204	3.909918970000688e-09
Disease	disease_33116	3.909875102287783e-09
Disease	disease_14308	3.909454695578471e-09
Disease	disease_25113	3.908961348745501e-09
Disease	disease_14159	3.90610093976061e-09
Disease	disease_13888	3.905948344436636e-09
Disease	disease_4283	3.9024638824899966e-09
Disease	disease_12540	3.891066431019026e-09
Disease	disease_9638	3.8879850057230286e-09
Disease	disease_10194	3.887504553157372e-09
Disease	disease_1965	3.887106697427409e-09
Disease	disease_16095	3.887041738166134e-09
Disease	disease_23692	3.886784239603306e-09
Disease	disease_33656	3.886518738252863e-09
Disease	disease_4217	3.88561190171598e-09
Disease	disease_4436	3.882213823694844e-09
Disease	disease_11771	3.881368907539928e-09
Disease	disease_20682	3.878666866503105e-09
Disease	disease_11883	3.875590959593445e-09
Disease	disease_35124	3.875590959593445e-09
Disease	disease_18062	3.875590959593445e-09
Disease	disease_12482	3.872823797784632e-09
Disease	disease_273	3.872823797784632e-09
Disease	disease_14303	3.8716397118075756e-09
Disease	disease_6396	3.871212433299402e-09
Disease	disease_24981	3.8692320761448524e-09
Disease	disease_8390	3.8680292007131774e-09
Disease	disease_23043	3.866227460766578e-09
Disease	disease_16604	3.865896065792105e-09
Disease	disease_2759	3.858529807044348e-09
Disease	disease_6551	3.858408395775216e-09
Disease	disease_12077	3.858051474395241e-09
Disease	disease_16052	3.8501414651128555e-09
Disease	disease_2809	3.849799939636855e-09
Disease	disease_7202	3.848262233716138e-09
Disease	disease_3372	3.847920581213167e-09
Disease	disease_600	3.8473355455698604e-09
Disease	disease_2323	3.845879510654664e-09
Disease	disease_14096	3.845528974035332e-09
Disease	disease_18380	3.8415334161903994e-09
Disease	disease_8847	3.8412137237879655e-09
Disease	disease_8266	3.839084128006923e-09
Disease	disease_13505	3.838634753223914e-09
Disease	disease_27069	3.8376617308623286e-09
Disease	disease_22762	3.834540624713728e-09
Disease	disease_24545	3.834137833122103e-09
Disease	disease_10775	3.833626446579735e-09
Disease	disease_30708	3.833151693570692e-09
Disease	disease_30705	3.833151693570692e-09
Disease	disease_30906	3.833151693570692e-09
Disease	disease_12527	3.8329750914099624e-09
Disease	disease_13941	3.8279235328659454e-09
Disease	disease_20020	3.825746759413716e-09
Disease	disease_8025	3.820826088248599e-09
Disease	disease_11912	3.818229469999002e-09
Disease	disease_40503	3.818198070577173e-09
Disease	disease_20179	3.814105448028571e-09
Disease	disease_23282	3.812266262700654e-09
Disease	disease_250	3.811324388387455e-09
Disease	disease_1229	3.810742869326511e-09
Disease	disease_10051	3.809242955089056e-09
Disease	disease_13188	3.804248765987586e-09
Disease	disease_20313	3.803910189644087e-09
Disease	disease_16928	3.802611475855704e-09
Disease	disease_12239	3.802192139497483e-09
Disease	disease_8410	3.798783880424397e-09
Disease	disease_12162	3.796971261407114e-09
Disease	disease_24547	3.7932116114319885e-09
Disease	disease_8466	3.789241253514373e-09
Disease	disease_12018	3.78778050427475e-09
Disease	disease_6859	3.787528633946647e-09
Disease	disease_100195	3.785578550495907e-09
Disease	disease_30907	3.781973222717601e-09
Disease	disease_3548	3.781548737022441e-09
Disease	disease_21653	3.781174180183603e-09
Disease	disease_4696	3.77984375551896e-09
Disease	disease_17114	3.779550348524288e-09
Disease	disease_31014	3.779270734031374e-09
Disease	disease_3931	3.778754119094596e-09
Disease	disease_1367	3.777106701921407e-09
Disease	disease_18252	3.776371857356777e-09
Disease	disease_15605	3.7760686282539955e-09
Disease	disease_43131	3.775573214369656e-09
Disease	disease_2218	3.770242157596807e-09
Disease	disease_2745	3.766736898555895e-09
Disease	disease_3369	3.76647067596514e-09
Disease	disease_4197	3.765191707016033e-09
Disease	disease_4973	3.764340905725933e-09
Disease	disease_4030	3.7624025326298426e-09
Disease	disease_13156	3.762244143723788e-09
Disease	disease_13065	3.7579530557336326e-09
Disease	disease_9153	3.756485688071917e-09
Disease	disease_1091	3.755726851781721e-09
Disease	disease_24311	3.7540964036185125e-09
Disease	disease_1116	3.749846413833156e-09
Disease	disease_13798	3.748571937521983e-09
Disease	disease_33651	3.746735907875994e-09
Disease	disease_13383	3.742949485714525e-09
Disease	disease_6830	3.740827630294827e-09
Disease	disease_16552	3.73825265280351e-09
Disease	disease_16551	3.73825265280351e-09
Disease	disease_16550	3.73825265280351e-09
Disease	disease_16549	3.73825265280351e-09
Disease	disease_20306	3.733274700272303e-09
Disease	disease_23691	3.732838785173775e-09
Disease	disease_23693	3.732838785173775e-09
Disease	disease_20256	3.732747212925116e-09
Disease	disease_13136	3.730148728524783e-09
Disease	disease_11570	3.729382066263374e-09
Disease	disease_1172	3.728260264547874e-09
Disease	disease_15240	3.728149815261e-09
Disease	disease_13482	3.72648267587727e-09
Disease	disease_9076	3.724005730956536e-09
Disease	disease_18014	3.7190759365085894e-09
Disease	disease_13129	3.718775696328543e-09
Disease	disease_17785	3.717254623741876e-09
Disease	disease_12908	3.7160153013030203e-09
Disease	disease_8043	3.7153978063048636e-09
Disease	disease_8513	3.710589916465214e-09
Disease	disease_24281	3.7089802796332378e-09
Disease	disease_4797	3.7085389382265127e-09
Disease	disease_18788	3.699290313225957e-09
Disease	disease_44642	3.6987784513908896e-09
Disease	disease_19779	3.696879842371955e-09
Disease	disease_6104	3.695231242242421e-09
Disease	disease_25003	3.695118230685713e-09
Disease	disease_5679	3.695118230685713e-09
Disease	disease_25459	3.695118230685713e-09
Disease	disease_5675	3.695118230685713e-09
Disease	disease_25510	3.695118230685713e-09
Disease	disease_6747	3.695118230685713e-09
Disease	disease_6051	3.695118230685713e-09
Disease	disease_5809	3.695118230685713e-09
Disease	disease_5750	3.695118230685713e-09
Disease	disease_24953	3.695118230685713e-09
Disease	disease_5734	3.695118230685713e-09
Disease	disease_5581	3.695118230685713e-09
Disease	disease_24971	3.695118230685713e-09
Disease	disease_24935	3.695118230685713e-09
Disease	disease_5765	3.695118230685713e-09
Disease	disease_5811	3.695118230685713e-09
Disease	disease_11556	3.6951128820784858e-09
Disease	disease_33653	3.693439580756088e-09
Disease	disease_19630	3.692638401179465e-09
Disease	disease_19446	3.68923795653773e-09
Disease	disease_10834	3.689182865651303e-09
Disease	disease_5903	3.688885745600961e-09
Disease	disease_10981	3.6876817591015613e-09
Disease	disease_78	3.6875059413196483e-09
Disease	disease_15604	3.6871688073697146e-09
Disease	disease_3512	3.683281158012601e-09
Disease	disease_722	3.6830283821170944e-09
Disease	disease_4377	3.6812176805032656e-09
Disease	disease_100025	3.681088165463363e-09
Disease	disease_100026	3.681088165463363e-09
Disease	disease_100024	3.681088165463363e-09
Disease	disease_100023	3.681088165463363e-09
Disease	disease_100027	3.681088165463363e-09
Disease	disease_32584	3.6806085321804605e-09
Disease	disease_1312	3.6797434839178295e-09
Disease	disease_1635	3.6760448669903766e-09
Disease	disease_6641	3.6742585741029243e-09
Disease	disease_9682	3.6742123306298605e-09
Disease	disease_1153	3.672920515106048e-09
Disease	disease_1693	3.672920515106048e-09
Disease	disease_1375	3.6729030231628337e-09
Disease	disease_54588	3.671011583156314e-09
Disease	disease_12966	3.669646813337677e-09
Disease	disease_1901	3.666955290985195e-09
Disease	disease_100092	3.665808086249342e-09
Disease	disease_14326	3.6654361144256784e-09
Disease	disease_15932	3.6632567816824665e-09
Disease	disease_19447	3.6595688562817606e-09
Disease	disease_17948	3.6586978754979312e-09
Disease	disease_20838	3.658333029448149e-09
Disease	disease_17197	3.6562125194724203e-09
Disease	disease_18877	3.6521558094086164e-09
Disease	disease_14305	3.6510446775286445e-09
Disease	disease_19767	3.6504830369348594e-09
Disease	disease_8884	3.650404958292671e-09
Disease	disease_12096	3.6492744738937857e-09
Disease	disease_16221	3.6484304340187975e-09
Disease	disease_1939	3.6480394811555075e-09
Disease	disease_100311	3.646952187545866e-09
Disease	disease_2737	3.645890504605548e-09
Disease	disease_4865	3.645890504605548e-09
Disease	disease_2924	3.6444497674697804e-09
Disease	disease_16770	3.640330089141052e-09
Disease	disease_16774	3.640330089141052e-09
Disease	disease_16769	3.640330089141052e-09
Disease	disease_16772	3.640330089141052e-09
Disease	disease_16773	3.640330089141052e-09
Disease	disease_16771	3.640330089141052e-09
Disease	disease_15830	3.638664897511455e-09
Disease	disease_3065	3.633708134561557e-09
Disease	disease_5196	3.6334050785511367e-09
Disease	disease_2606	3.632736841376303e-09
Disease	disease_12698	3.6321770934050197e-09
Disease	disease_100250	3.629266965763993e-09
Disease	disease_12643	3.6278481461863416e-09
Disease	disease_4205	3.627827675294331e-09
Disease	disease_11195	3.6268866549647643e-09
Disease	disease_14479	3.625635166234449e-09
Disease	disease_12430	3.624957332192799e-09
Disease	disease_18052	3.620282742607548e-09
Disease	disease_1212	3.617769966919365e-09
Disease	disease_3572	3.6175994086702435e-09
Disease	disease_14982	3.6168618604033344e-09
Disease	disease_4778	3.616702815203842e-09
Disease	disease_54846	3.616539764541273e-09
Disease	disease_3748	3.6164992030839554e-09
Disease	disease_3727	3.6164992030839554e-09
Disease	disease_4255	3.613974509336603e-09
Disease	disease_7398	3.6126224120762515e-09
Disease	disease_643	3.6067945821689712e-09
Disease	disease_4208	3.6047024654548276e-09
Disease	disease_29141	3.6026009993583062e-09
Disease	disease_16159	3.5982042847567558e-09
Disease	disease_14199	3.5973017299095015e-09
Disease	disease_17110	3.594634678063731e-09
Disease	disease_17111	3.594634678063731e-09
Disease	disease_14401	3.59431398647932e-09
Disease	disease_42974	3.5833301605769826e-09
Disease	disease_21086	3.5829633311153587e-09
Disease	disease_14019	3.5824793693916803e-09
Disease	disease_525	3.5816576912626933e-09
Disease	disease_8516	3.581511535267909e-09
Disease	disease_10373	3.5813733043431046e-09
Disease	disease_17804	3.5798000614166864e-09
Disease	disease_1108	3.5783947767242153e-09
Disease	disease_43143	3.5773698312381764e-09
Disease	disease_7114	3.5736409445970006e-09
Disease	disease_3880	3.5684373651554403e-09
Disease	disease_20354	3.5659132719942907e-09
Disease	disease_8662	3.5647909877423897e-09
Disease	disease_11186	3.5627479556747168e-09
Disease	disease_13157	3.559675764932917e-09
Disease	disease_8180	3.559165886431876e-09
Disease	disease_7288	3.5552331147192548e-09
Disease	disease_32641	3.551237700598991e-09
Disease	disease_32632	3.5482081816674396e-09
Disease	disease_14138	3.547311005328635e-09
Disease	disease_3376	3.547068870385374e-09
Disease	disease_17970	3.5432017710919646e-09
Disease	disease_9597	3.537964425621915e-09
Disease	disease_2672	3.537910776490118e-09
Disease	disease_20457	3.536838955163385e-09
Disease	disease_17303	3.5357086801968346e-09
Disease	disease_12185	3.5342816592714576e-09
Disease	disease_6720	3.53311470797681e-09
Disease	disease_13299	3.532058329471889e-09
Disease	disease_13441	3.531846220352202e-09
Disease	disease_11219	3.5315274420253317e-09
Disease	disease_10409	3.5282893795335712e-09
Disease	disease_3255	3.521410766599e-09
Disease	disease_3951	3.5196510320858523e-09
Disease	disease_10670	3.5184221442561226e-09
Disease	disease_2072	3.5142218065304334e-09
Disease	disease_4539	3.511602724162257e-09
Disease	disease_32612	3.5083612397427954e-09
Disease	disease_4088	3.507369722517643e-09
Disease	disease_32869	3.505782186822212e-09
Disease	disease_18759	3.5024913786289054e-09
Disease	disease_11715	3.500144496904889e-09
Disease	disease_7503	3.4978873787197078e-09
Disease	disease_32626	3.4969114230631187e-09
Disease	disease_20084	3.4958077931562106e-09
Disease	disease_4091	3.4916822738619525e-09
Disease	disease_2997	3.4914784795203398e-09
Disease	disease_16593	3.490263539040593e-09
Disease	disease_13445	3.4888249536933638e-09
Disease	disease_10718	3.488026709554945e-09
Disease	disease_9301	3.4871306710844437e-09
Disease	disease_10759	3.485207002425354e-09
Disease	disease_21169	3.4840300534386804e-09
Disease	disease_8175	3.483738194734377e-09
Disease	disease_7514	3.483402621193121e-09
Disease	disease_11901	3.4826174887257865e-09
Disease	disease_13073	3.4792996272457334e-09
Disease	disease_2432	3.478690480970451e-09
Disease	disease_7395	3.478246758592575e-09
Disease	disease_14813	3.4756247013650485e-09
Disease	disease_372	3.4736445538354572e-09
Disease	disease_19419	3.470837135775555e-09
Disease	disease_19311	3.4707069730387942e-09
Disease	disease_10849	3.464804632609733e-09
Disease	disease_8443	3.4643924760832607e-09
Disease	disease_3278	3.4630738995052895e-09
Disease	disease_7365	3.4602098180943335e-09
Disease	disease_32625	3.456641111252104e-09
Disease	disease_17616	3.4498145061434265e-09
Disease	disease_19417	3.4498145061434265e-09
Disease	disease_4329	3.4492268879707437e-09
Disease	disease_626	3.447137148198249e-09
Disease	disease_44320	3.4451314969729827e-09
Disease	disease_12240	3.4451223976209807e-09
Disease	disease_14515	3.439558043288634e-09
Disease	disease_23704	3.4366136067842315e-09
Disease	disease_20196	3.435503043944568e-09
Disease	disease_18706	3.433379142832486e-09
Disease	disease_14321	3.433036906234256e-09
Disease	disease_973	3.4302952478537936e-09
Disease	disease_13026	3.4291495190585566e-09
Disease	disease_8594	3.4274524945863008e-09
Disease	disease_12014	3.42708985192087e-09
Disease	disease_21048	3.425366429361826e-09
Disease	disease_7612	3.425015762989353e-09
Disease	disease_14540	3.4220896123079214e-09
Disease	disease_11866	3.419551232106217e-09
Disease	disease_4757	3.4158227857296144e-09
Disease	disease_1123	3.4158227857296144e-09
Disease	disease_15316	3.415700393565782e-09
Disease	disease_12848	3.415455749592908e-09
Disease	disease_30061	3.4139905143573316e-09
Disease	disease_19849	3.4106221385857023e-09
Disease	disease_10045	3.4105978897615256e-09
Disease	disease_953	3.4042442768484426e-09
Disease	disease_534	3.3992437284108126e-09
Disease	disease_10713	3.398889377080198e-09
Disease	disease_14259	3.396654891015405e-09
Disease	disease_18494	3.395864283156271e-09
Disease	disease_11620	3.395336831941946e-09
Disease	disease_17930	3.395336831941946e-09
Disease	disease_21654	3.3953335100061855e-09
Disease	disease_6606	3.3953335100061855e-09
Disease	disease_12687	3.386030133048841e-09
Disease	disease_16046	3.380016273200843e-09
Disease	disease_17983	3.377642583002607e-09
Disease	disease_10207	3.377444140019462e-09
Disease	disease_10822	3.3768283329723565e-09
Disease	disease_21478	3.375664222369519e-09
Disease	disease_4142	3.375381102345848e-09
Disease	disease_11742	3.3729617074191273e-09
Disease	disease_11741	3.3729617074191273e-09
Disease	disease_12710	3.3729617074191273e-09
Disease	disease_12042	3.3729617074191273e-09
Disease	disease_3026	3.3719359399911855e-09
Disease	disease_32706	3.370085408712339e-09
Disease	disease_12433	3.3689744316277813e-09
Disease	disease_12122	3.367646233493898e-09
Disease	disease_16182	3.366787674534233e-09
Disease	disease_42491	3.3658272775965718e-09
Disease	disease_14501	3.3652060676514174e-09
Disease	disease_100088	3.365043228424071e-09
Disease	disease_11750	3.3639314185089053e-09
Disease	disease_44644	3.362700514644184e-09
Disease	disease_2936	3.3618982328363625e-09
Disease	disease_20636	3.361549035850186e-09
Disease	disease_16024	3.3567756664367024e-09
Disease	disease_22518	3.356695170059702e-09
Disease	disease_19917	3.3547982357938156e-09
Disease	disease_2694	3.3519168734607095e-09
Disease	disease_2693	3.3519168734607095e-09
Disease	disease_44789	3.3511935368612226e-09
Disease	disease_13316	3.350985307711184e-09
Disease	disease_82	3.3509510383994977e-09
Disease	disease_21651	3.350811226751084e-09
Disease	disease_11275	3.347915274534032e-09
Disease	disease_24988	3.3472669381063596e-09
Disease	disease_11081	3.3452154269932343e-09
Disease	disease_16016	3.34381202257838e-09
Disease	disease_11852	3.3432346346305314e-09
Disease	disease_45018	3.34022249671276e-09
Disease	disease_16031	3.3397837422956693e-09
Disease	disease_8665	3.3390517297337773e-09
Disease	disease_6395	3.337323658984557e-09
Disease	disease_17041	3.3361439885880166e-09
Disease	disease_17055	3.333255647131705e-09
Disease	disease_24638	3.3322800126070787e-09
Disease	disease_15395	3.3296496174813983e-09
Disease	disease_44323	3.328852963755024e-09
Disease	disease_12655	3.327997254981676e-09
Disease	disease_13868	3.327988241165866e-09
Disease	disease_1917	3.3254893902719305e-09
Disease	disease_24430	3.3251445455483147e-09
Disease	disease_100125	3.3251445455483147e-09
Disease	disease_12713	3.3247999778205473e-09
Disease	disease_4190	3.3206418942944386e-09
Disease	disease_8113	3.3205392092963433e-09
Disease	disease_16457	3.3196604166492323e-09
Disease	disease_10425	3.3194555413821444e-09
Disease	disease_16392	3.3192876431187264e-09
Disease	disease_33201	3.317076602399406e-09
Disease	disease_10566	3.3164976445716483e-09
Disease	disease_2219	3.315637821578102e-09
Disease	disease_20583	3.31485455586266e-09
Disease	disease_14478	3.311816743237147e-09
Disease	disease_8485	3.3113534449018836e-09
Disease	disease_10350	3.3091637989704275e-09
Disease	disease_17752	3.3077821421645414e-09
Disease	disease_12968	3.3073156664934644e-09
Disease	disease_14977	3.3062510639155752e-09
Disease	disease_9362	3.305244241260189e-09
Disease	disease_30875	3.3047891161268934e-09
Disease	disease_13309	3.302759596883925e-09
Disease	disease_12870	3.302759596883925e-09
Disease	disease_11249	3.3013730084355654e-09
Disease	disease_14071	3.3007376887824147e-09
Disease	disease_18663	3.3000486502285963e-09
Disease	disease_16531	3.2975525607668985e-09
Disease	disease_18962	3.2975525607668985e-09
Disease	disease_5437	3.2965052692593545e-09
Disease	disease_3250	3.2959708892447243e-09
Disease	disease_11878	3.29364243976324e-09
Disease	disease_4356	3.2931193943241916e-09
Disease	disease_12169	3.2906883141070986e-09
Disease	disease_32906	3.288320518393305e-09
Disease	disease_13574	3.2873300843649287e-09
Disease	disease_14485	3.2849988661247273e-09
Disease	disease_9084	3.282873652742622e-09
Disease	disease_10876	3.278614442763096e-09
Disease	disease_8664	3.2778755419900086e-09
Disease	disease_17126	3.2774239402278513e-09
Disease	disease_4449	3.277049951106156e-09
Disease	disease_4261	3.277049951106156e-09
Disease	disease_1541	3.2766689350788075e-09
Disease	disease_2410	3.27371414468184e-09
Disease	disease_19156	3.27241942339383e-09
Disease	disease_34216	3.2648232262167973e-09
Disease	disease_3857	3.2610459481735356e-09
Disease	disease_12977	3.2586081652459524e-09
Disease	disease_18837	3.2566861728363634e-09
Disease	disease_13061	3.2562195103925463e-09
Disease	disease_3384	3.2556691672448033e-09
Disease	disease_16955	3.2518883190468245e-09
Disease	disease_20213	3.25175190070008e-09
Disease	disease_7158	3.2505394541904127e-09
Disease	disease_4239	3.2469627571105465e-09
Disease	disease_17232	3.2450504475788707e-09
Disease	disease_13249	3.2397397061614936e-09
Disease	disease_17798	3.2395658036357464e-09
Disease	disease_17235	3.2395658036357464e-09
Disease	disease_13212	3.239119227118443e-09
Disease	disease_19674	3.238558835714749e-09
Disease	disease_10165	3.2358712814971446e-09
Disease	disease_9346	3.234965409326568e-09
Disease	disease_7927	3.2346648854011237e-09
Disease	disease_14580	3.234348150348525e-09
Disease	disease_15013	3.2264134872762537e-09
Disease	disease_13516	3.224404658678208e-09
Disease	disease_6774	3.223964322837727e-09
Disease	disease_17186	3.2230762762572753e-09
Disease	disease_10575	3.2214446166929686e-09
Disease	disease_3244	3.216599435130712e-09
Disease	disease_54565	3.2153751249927715e-09
Disease	disease_7421	3.2149522835757092e-09
Disease	disease_8002	3.2136907590225632e-09
Disease	disease_44406	3.213684295112368e-09
Disease	disease_2354	3.2123684969763315e-09
Disease	disease_24377	3.21223251168252e-09
Disease	disease_24378	3.21223251168252e-09
Disease	disease_56818	3.2118473839155237e-09
Disease	disease_12689	3.2115089778798313e-09
Disease	disease_32866	3.2114288221346166e-09
Disease	disease_7470	3.2107675484791595e-09
Disease	disease_100011	3.2092174053457583e-09
Disease	disease_20019	3.2074192434176754e-09
Disease	disease_4477	3.2071166189191978e-09
Disease	disease_17164	3.2049680825791984e-09
Disease	disease_2190	3.203051643285284e-09
Disease	disease_14469	3.2003231759383795e-09
Disease	disease_3358	3.1989354855067447e-09
Disease	disease_13395	3.19829960060734e-09
Disease	disease_17544	3.197618132220121e-09
Disease	disease_7771	3.192341594743369e-09
Disease	disease_11064	3.1917062931921443e-09
Disease	disease_16925	3.1886541487735085e-09
Disease	disease_36483	3.1882030424611226e-09
Disease	disease_13973	3.187496002115814e-09
Disease	disease_7867	3.1867518966704663e-09
Disease	disease_8016	3.1852561194228404e-09
Disease	disease_54729	3.185052169657723e-09
Disease	disease_13231	3.1850415879573216e-09
Disease	disease_3714	3.1819982537035075e-09
Disease	disease_14844	3.1769550184551905e-09
Disease	disease_2675	3.1732650524339837e-09
Disease	disease_44640	3.172228119833026e-09
Disease	disease_10614	3.1710439955873912e-09
Disease	disease_20980	3.166641642357132e-09
Disease	disease_9152	3.1665392125236504e-09
Disease	disease_3565	3.1656246623729166e-09
Disease	disease_12256	3.1623168772329093e-09
Disease	disease_10446	3.162060769170743e-09
Disease	disease_2804	3.160024155536704e-09
Disease	disease_6645	3.157267638856145e-09
Disease	disease_1073	3.157267638856145e-09
Disease	disease_1904	3.157267638856145e-09
Disease	disease_1765	3.157267638856145e-09
Disease	disease_4551	3.1564044588185437e-09
Disease	disease_16903	3.156144445700987e-09
Disease	disease_12181	3.1536463446916084e-09
Disease	disease_16153	3.1530271882069697e-09
Disease	disease_2104	3.153016164588776e-09
Disease	disease_1596	3.153016164588776e-09
Disease	disease_690	3.153016164588776e-09
Disease	disease_24316	3.153016164588776e-09
Disease	disease_4392	3.1523732344555815e-09
Disease	disease_1990	3.1519882805419536e-09
Disease	disease_8711	3.1519315474604835e-09
Disease	disease_3253	3.148476525207073e-09
Disease	disease_22606	3.14833272235141e-09
Disease	disease_4270	3.144817144575658e-09
Disease	disease_4271	3.144817144575658e-09
Disease	disease_3348	3.143710977786645e-09
Disease	disease_3347	3.143710977786645e-09
Disease	disease_2864	3.1435996429631953e-09
Disease	disease_32881	3.142228601410889e-09
Disease	disease_20851	3.138128807002e-09
Disease	disease_37745	3.136945367660307e-09
Disease	disease_3524	3.135333673449143e-09
Disease	disease_18607	3.1340387828791287e-09
Disease	disease_32629	3.132961707661763e-09
Disease	disease_371	3.132154190559693e-09
Disease	disease_20176	3.129462014703599e-09
Disease	disease_8961	3.1278082682091347e-09
Disease	disease_7351	3.1249550158972814e-09
Disease	disease_15567	3.1232388231840934e-09
Disease	disease_17220	3.1230047411679175e-09
Disease	disease_19763	3.1230047411679175e-09
Disease	disease_19761	3.1230047411679175e-09
Disease	disease_19762	3.1230047411679175e-09
Disease	disease_3314	3.1163985900195643e-09
Disease	disease_12353	3.1162878092233644e-09
Disease	disease_56820	3.1157207234602524e-09
Disease	disease_21447	3.112101945995018e-09
Disease	disease_7366	3.11138594948088e-09
Disease	disease_54732	3.1056197069630556e-09
Disease	disease_12394	3.1019622851631267e-09
Disease	disease_3327	3.1015127061961254e-09
Disease	disease_16420	3.0985579618761727e-09
Disease	disease_30054	3.0983916939440927e-09
Disease	disease_7067	3.0953243315634752e-09
Disease	disease_16026	3.094472122547519e-09
Disease	disease_19488	3.094472122547519e-09
Disease	disease_3420	3.094384800954455e-09
Disease	disease_13665	3.093815963560378e-09
Disease	disease_30604	3.093154564545248e-09
Disease	disease_1169	3.0908293440712925e-09
Disease	disease_11047	3.0895489047843308e-09
Disease	disease_14418	3.086886135829444e-09
Disease	disease_16881	3.086355357799489e-09
Disease	disease_12644	3.0843118276608124e-09
Disease	disease_8357	3.0829203829900387e-09
Disease	disease_12273	3.0813979729910503e-09
Disease	disease_32717	3.0791085817243755e-09
Disease	disease_11046	3.0780063063828084e-09
Disease	disease_2713	3.0774090498189146e-09
Disease	disease_30870	3.0771112075692286e-09
Disease	disease_9549	3.0753545782142563e-09
Disease	disease_12874	3.0753032302324845e-09
Disease	disease_301	3.070496031371594e-09
Disease	disease_13786	3.0672404892991623e-09
Disease	disease_36781	3.067048560527025e-09
Disease	disease_24973	3.065512069632534e-09
Disease	disease_20567	3.065512069632534e-09
Disease	disease_18246	3.062680597733089e-09
Disease	disease_1863	3.0619993130230767e-09
Disease	disease_6320	3.061583799269771e-09
Disease	disease_2789	3.0602707954049377e-09
Disease	disease_20634	3.0601199791970863e-09
Disease	disease_45058	3.0597524153191213e-09
Disease	disease_14668	3.057896023480877e-09
Disease	disease_19318	3.0568538096818242e-09
Disease	disease_19319	3.0568538096818242e-09
Disease	disease_13243	3.0563924677439258e-09
Disease	disease_15351	3.0549072288908993e-09
Disease	disease_7998	3.053993900806027e-09
Disease	disease_44305	3.0518668198891454e-09
Disease	disease_20650	3.051429780742283e-09
Disease	disease_14583	3.0507247959308854e-09
Disease	disease_13827	3.050131156631702e-09
Disease	disease_15740	3.0490989263934985e-09
Disease	disease_7461	3.048145533281624e-09
Disease	disease_3860	3.0479031202504625e-09
Disease	disease_44717	3.0446318288990364e-09
Disease	disease_54733	3.0442089881357066e-09
Disease	disease_18128	3.043954581140268e-09
Disease	disease_16951	3.0407658210584434e-09
Disease	disease_44783	3.039154403291179e-09
Disease	disease_7866	3.0344926109457e-09
Disease	disease_14466	3.0336152604800337e-09
Disease	disease_20205	3.033514173140805e-09
Disease	disease_11025	3.0315062121771115e-09
Disease	disease_7700	3.0307587613103883e-09
Disease	disease_12167	3.0291206477180417e-09
Disease	disease_13100	3.0291206477180417e-09
Disease	disease_44777	3.0229003555798185e-09
Disease	disease_7137	3.020151800176664e-09
Disease	disease_9373	3.0198601286950443e-09
Disease	disease_22572	3.018336921350529e-09
Disease	disease_8881	3.0164536784571056e-09
Disease	disease_20351	3.0163662090451985e-09
Disease	disease_19649	3.014319528334874e-09
Disease	disease_19651	3.014319528334874e-09
Disease	disease_19650	3.014319528334874e-09
Disease	disease_13221	3.009741228989345e-09
Disease	disease_13891	3.008990022244145e-09
Disease	disease_17675	3.0079584638190182e-09
Disease	disease_21644	3.004236703916586e-09
Disease	disease_45045	3.0037599533243263e-09
Disease	disease_44983	3.0036256172319036e-09
Disease	disease_16574	3.0012994552848447e-09
Disease	disease_9895	2.9999088678519178e-09
Disease	disease_18281	2.994180760276196e-09
Disease	disease_2153	2.9930568926825207e-09
Disease	disease_16953	2.99281296947658e-09
Disease	disease_12108	2.9886997956290298e-09
Disease	disease_16964	2.9878835703046583e-09
Disease	disease_393	2.9878138253495118e-09
Disease	disease_8298	2.9852874628246237e-09
Disease	disease_16431	2.983494600417958e-09
Disease	disease_11862	2.9832750558531533e-09
Disease	disease_3653	2.981099421594405e-09
Disease	disease_13613	2.9788751998923173e-09
Disease	disease_12375	2.978229103575031e-09
Disease	disease_12376	2.978229103575031e-09
Disease	disease_6313	2.9761738138041952e-09
Disease	disease_9073	2.975873989371018e-09
Disease	disease_18417	2.9751570966104163e-09
Disease	disease_18070	2.9738964381083203e-09
Disease	disease_3744	2.9710018748209426e-09
Disease	disease_11838	2.9693643286333535e-09
Disease	disease_7225	2.968307136729294e-09
Disease	disease_33480	2.9682697847294055e-09
Disease	disease_3609	2.9679621575817485e-09
Disease	disease_1167	2.965651019525946e-09
Disease	disease_16662	2.9647336578022143e-09
Disease	disease_17958	2.9647336578022143e-09
Disease	disease_3858	2.9573342293065122e-09
Disease	disease_4520	2.956180311757386e-09
Disease	disease_16659	2.9545861097289247e-09
Disease	disease_100108	2.9540129760986852e-09
Disease	disease_2460	2.952443536889598e-09
Disease	disease_21333	2.9511826179714163e-09
Disease	disease_24320	2.948703071662539e-09
Disease	disease_14302	2.9477951216669032e-09
Disease	disease_8765	2.945279959751158e-09
Disease	disease_12576	2.9426676695307374e-09
Disease	disease_18981	2.9422953457308127e-09
Disease	disease_15382	2.9417779904619954e-09
Disease	disease_12945	2.9392093637346604e-09
Disease	disease_6131	2.9314124753701988e-09
Disease	disease_2379	2.931127010823512e-09
Disease	disease_15424	2.9310416469633306e-09
Disease	disease_7434	2.929958240885131e-09
Disease	disease_16948	2.9294846068607993e-09
Disease	disease_14938	2.927214454502103e-09
Disease	disease_8464	2.9249372028794537e-09
Disease	disease_16200	2.92410475493792e-09
Disease	disease_11442	2.922818334674081e-09
Disease	disease_19994	2.922770170479582e-09
Disease	disease_19919	2.922770170479582e-09
Disease	disease_19918	2.922770170479582e-09
Disease	disease_14093	2.919163023495747e-09
Disease	disease_13241	2.9190394546741587e-09
Disease	disease_11856	2.9184849272390745e-09
Disease	disease_18255	2.9184849272390745e-09
Disease	disease_8750	2.9165245209353742e-09
Disease	disease_14872	2.9134246699071283e-09
Disease	disease_32725	2.911972966028617e-09
Disease	disease_6285	2.9078986167714168e-09
Disease	disease_3870	2.906681635037621e-09
Disease	disease_14115	2.9065448665249143e-09
Disease	disease_9915	2.9045270358671965e-09
Disease	disease_44334	2.8983592733311504e-09
Disease	disease_19406	2.8969401155546407e-09
Disease	disease_2651	2.894608137733178e-09
Disease	disease_3598	2.8940312236596843e-09
Disease	disease_21456	2.8939085272422186e-09
Disease	disease_4452	2.8935742577834326e-09
Disease	disease_15546	2.8921925352819358e-09
Disease	disease_24663	2.888230839365426e-09
Disease	disease_35892	2.887809104284313e-09
Disease	disease_15828	2.887652360993747e-09
Disease	disease_8611	2.8813301772575753e-09
Disease	disease_24504	2.880624159274367e-09
Disease	disease_16884	2.879669567859809e-09
Disease	disease_8858	2.8790459538227906e-09
Disease	disease_60768	2.8784824778259155e-09
Disease	disease_14117	2.878316405004341e-09
Disease	disease_6211	2.875259096854563e-09
Disease	disease_6904	2.8745506217685296e-09
Disease	disease_8544	2.874481363652217e-09
Disease	disease_54860	2.869627080224513e-09
Disease	disease_13102	2.8682214934507015e-09
Disease	disease_13104	2.8682214934507015e-09
Disease	disease_13101	2.8682214934507015e-09
Disease	disease_11465	2.8682214934507015e-09
Disease	disease_13105	2.8682214934507015e-09
Disease	disease_13106	2.8682214934507015e-09
Disease	disease_14059	2.866068551652931e-09
Disease	disease_3881	2.864587141820868e-09
Disease	disease_5752	2.8640896161772424e-09
Disease	disease_20765	2.863300757866766e-09
Disease	disease_13727	2.863219921211148e-09
Disease	disease_16626	2.8616460292033897e-09
Disease	disease_8407	2.8592639778610663e-09
Disease	disease_8850	2.858651044974564e-09
Disease	disease_13264	2.856434252316674e-09
Disease	disease_6620	2.8558932466176448e-09
Disease	disease_10806	2.8557399112921832e-09
Disease	disease_9351	2.8545793142385553e-09
Disease	disease_5396	2.852720385939525e-09
Disease	disease_3861	2.8524125406507254e-09
Disease	disease_11592	2.8515759440532e-09
Disease	disease_14705	2.8510200549391227e-09
Disease	disease_21452	2.8505092963045244e-09
Disease	disease_13443	2.850453106049827e-09
Disease	disease_6773	2.848130675966048e-09
Disease	disease_12282	2.8458736130698103e-09
Disease	disease_12044	2.8456819386519235e-09
Disease	disease_16554	2.8416986313231036e-09
Disease	disease_10869	2.8414572785903495e-09
Disease	disease_20110	2.8407321852114527e-09
Disease	disease_7159	2.8394066784244748e-09
Disease	disease_19228	2.8392405520479768e-09
Disease	disease_3764	2.8371279138069595e-09
Disease	disease_378	2.8353549673336496e-09
Disease	disease_32749	2.83102238945503e-09
Disease	disease_21299	2.8305118760852438e-09
Disease	disease_7879	2.82918401843326e-09
Disease	disease_20510	2.828090940757776e-09
Disease	disease_21521	2.8269943045211026e-09
Disease	disease_20737	2.8268100517586233e-09
Disease	disease_7971	2.8266973378106985e-09
Disease	disease_1099	2.8243676996495127e-09
Disease	disease_12688	2.8239328730354236e-09
Disease	disease_16930	2.8235367993288556e-09
Disease	disease_18132	2.818224618540912e-09
Disease	disease_14667	2.8163464085281008e-09
Disease	disease_24893	2.816143301847593e-09
Disease	disease_7852	2.8159257815769868e-09
Disease	disease_12733	2.81540254812519e-09
Disease	disease_13429	2.8143735334450665e-09
Disease	disease_12286	2.813526516362548e-09
Disease	disease_18484	2.811912336229327e-09
Disease	disease_15743	2.811912336229327e-09
Disease	disease_20115	2.8101241336646097e-09
Disease	disease_15235	2.8079217553952294e-09
Disease	disease_17770	2.8079217553952294e-09
Disease	disease_36688	2.8073235257846954e-09
Disease	disease_11181	2.805830378339154e-09
Disease	disease_12553	2.8037046714320073e-09
Disease	disease_8925	2.8001309485445524e-09
Disease	disease_12237	2.796192131023338e-09
Disease	disease_7609	2.7939570754190758e-09
Disease	disease_14584	2.793818379768223e-09
Disease	disease_6364	2.7916668596114946e-09
Disease	disease_7663	2.791356659175143e-09
Disease	disease_30883	2.791315414405515e-09
Disease	disease_17429	2.791162945621262e-09
Disease	disease_7992	2.7867654542646112e-09
Disease	disease_14252	2.785804581536191e-09
Disease	disease_16863	2.783163771790355e-09
Disease	disease_9016	2.7828396485093467e-09
Disease	disease_17932	2.782172157221617e-09
Disease	disease_3088	2.781636183492345e-09
Disease	disease_30916	2.7814720810732417e-09
Disease	disease_17843	2.7814492059555167e-09
Disease	disease_14571	2.7807251644839866e-09
Disease	disease_19820	2.7792439084217823e-09
Disease	disease_21457	2.776554432799893e-09
Disease	disease_12963	2.7707060701151645e-09
Disease	disease_33123	2.769765098341551e-09
Disease	disease_14128	2.7697374172464395e-09
Disease	disease_6351	2.7686786482475314e-09
Disease	disease_20220	2.7686712595094136e-09
Disease	disease_18450	2.761507068009514e-09
Disease	disease_4540	2.758363155678105e-09
Disease	disease_12894	2.7580422997496046e-09
Disease	disease_5416	2.7580422997496046e-09
Disease	disease_9221	2.755128231999256e-09
Disease	disease_6088	2.7514721850298094e-09
Disease	disease_24386	2.7477934140527588e-09
Disease	disease_6283	2.7477934140527588e-09
Disease	disease_4128	2.7477934140527588e-09
Disease	disease_4237	2.7477934140527588e-09
Disease	disease_16116	2.7467721671236647e-09
Disease	disease_17199	2.743167336573882e-09
Disease	disease_5844	2.742011629723762e-09
Disease	disease_14799	2.7404033760294366e-09
Disease	disease_12196	2.7384029458742358e-09
Disease	disease_10548	2.7361493353405825e-09
Disease	disease_14626	2.735009682763678e-09
Disease	disease_2434	2.729841992837965e-09
Disease	disease_4232	2.7277056334593244e-09
Disease	disease_3118	2.726375535221754e-09
Disease	disease_25488	2.7227029974133994e-09
Disease	disease_12902	2.722500790408802e-09
Disease	disease_8789	2.7220342139904424e-09
Disease	disease_19821	2.7201769187281498e-09
Disease	disease_2355	2.7190152480448574e-09
Disease	disease_6286	2.717570342786861e-09
Disease	disease_2464	2.715470909928993e-09
Disease	disease_20359	2.7138766384551613e-09
Disease	disease_20361	2.7138766384551613e-09
Disease	disease_20360	2.7138766384551613e-09
Disease	disease_14239	2.7138546442443916e-09
Disease	disease_2667	2.711688566422579e-09
Disease	disease_44786	2.711405209811873e-09
Disease	disease_2371	2.710344411570502e-09
Disease	disease_4150	2.710344411570502e-09
Disease	disease_2377	2.710344411570502e-09
Disease	disease_17139	2.7097035622969e-09
Disease	disease_18869	2.708971978460011e-09
Disease	disease_4357	2.7086572540642845e-09
Disease	disease_3721	2.7079787712550668e-09
Disease	disease_3663	2.7076199349782853e-09
Disease	disease_10021	2.7073451432265603e-09
Disease	disease_1597	2.7062339087347556e-09
Disease	disease_7666	2.705720924977792e-09
Disease	disease_2910	2.704711181795922e-09
Disease	disease_20927	2.703783871651068e-09
Disease	disease_14140	2.7029640800176883e-09
Disease	disease_34976	2.7024189214768876e-09
Disease	disease_16872	2.7024041993735283e-09
Disease	disease_30985	2.7023632847582075e-09
Disease	disease_32737	2.695675485617185e-09
Disease	disease_7564	2.693464555054835e-09
Disease	disease_9010	2.6930581626497526e-09
Disease	disease_60774	2.690419364471383e-09
Disease	disease_7933	2.6858204857021214e-09
Disease	disease_22732	2.685764654590595e-09
Disease	disease_3053	2.6838918910169866e-09
Disease	disease_11821	2.6795627805209494e-09
Disease	disease_22432	2.677737949318497e-09
Disease	disease_23042	2.677737949318497e-09
Disease	disease_23045	2.677737949318497e-09
Disease	disease_43110	2.677737949318497e-09
Disease	disease_23040	2.677737949318497e-09
Disease	disease_23041	2.677737949318497e-09
Disease	disease_22611	2.677737949318497e-09
Disease	disease_23046	2.677737949318497e-09
Disease	disease_19206	2.677737949318497e-09
Disease	disease_23048	2.677737949318497e-09
Disease	disease_10917	2.67397325443344e-09
Disease	disease_1522	2.672837833822805e-09
Disease	disease_333	2.671834814516789e-09
Disease	disease_4358	2.670537862552374e-09
Disease	disease_7995	2.668328480008118e-09
Disease	disease_20153	2.6676871743214367e-09
Disease	disease_7249	2.6674714613642384e-09
Disease	disease_6969	2.6666979150793934e-09
Disease	disease_3742	2.665065405303338e-09
Disease	disease_12625	2.6644237889396623e-09
Disease	disease_8099	2.6633037048687694e-09
Disease	disease_7221	2.6603664083071483e-09
Disease	disease_9918	2.660250867078676e-09
Disease	disease_16048	2.6550719996828207e-09
Disease	disease_43162	2.6529055355429363e-09
Disease	disease_22349	2.6529055355429363e-09
Disease	disease_12307	2.6527759597412743e-09
Disease	disease_54582	2.650506993524212e-09
Disease	disease_13158	2.6502450579904544e-09
Disease	disease_6196	2.6487813169489324e-09
Disease	disease_26729	2.6478535070335924e-09
Disease	disease_8603	2.6449739524093044e-09
Disease	disease_4440	2.6433052234410294e-09
Disease	disease_3292	2.6411789637796592e-09
Disease	disease_400	2.6408197956649436e-09
Disease	disease_20695	2.6408197956649436e-09
Disease	disease_22697	2.6408197956649436e-09
Disease	disease_6463	2.638134327340213e-09
Disease	disease_13314	2.6371621282531304e-09
Disease	disease_3300	2.6341567268219353e-09
Disease	disease_4130	2.6338561481265495e-09
Disease	disease_961	2.6288885431572046e-09
Disease	disease_3782	2.6285419853833384e-09
Disease	disease_3928	2.6285419853833384e-09
Disease	disease_23235	2.6284848049343593e-09
Disease	disease_12134	2.628068675656073e-09
Disease	disease_10415	2.6280368543170467e-09
Disease	disease_13183	2.6275217701973205e-09
Disease	disease_19765	2.627128717729e-09
Disease	disease_11139	2.625477316359876e-09
Disease	disease_524	2.6249379597832235e-09
Disease	disease_12671	2.6230508399713514e-09
Disease	disease_17351	2.622839118217445e-09
Disease	disease_3869	2.6162126330147105e-09
Disease	disease_16441	2.6147709255454404e-09
Disease	disease_12332	2.6142631718068535e-09
Disease	disease_16885	2.6123679171851255e-09
Disease	disease_12145	2.6106667358482548e-09
Disease	disease_29135	2.6057023201969238e-09
Disease	disease_6365	2.6044638270191478e-09
Disease	disease_32905	2.6032875269096243e-09
Disease	disease_7628	2.6029868664487112e-09
Disease	disease_19873	2.602198916449007e-09
Disease	disease_24892	2.6007912626953915e-09
Disease	disease_19971	2.6007912626953915e-09
Disease	disease_24665	2.600495396478972e-09
Disease	disease_20474	2.5960277534627425e-09
Disease	disease_14772	2.595549777531074e-09
Disease	disease_5806	2.594510493687024e-09
Disease	disease_16014	2.594262147579721e-09
Disease	disease_42969	2.592650240970763e-09
Disease	disease_13645	2.5925507482909546e-09
Disease	disease_20372	2.5900226186174208e-09
Disease	disease_12148	2.5897841206564334e-09
Disease	disease_54716	2.5897378779768947e-09
Disease	disease_18701	2.589735066677877e-09
Disease	disease_12541	2.5890014435561345e-09
Disease	disease_14653	2.5878274490213988e-09
Disease	disease_9512	2.587609658960451e-09
Disease	disease_18980	2.5869622200627134e-09
Disease	disease_3953	2.585334002636406e-09
Disease	disease_30917	2.5833670873300566e-09
Disease	disease_25353	2.5757540161549473e-09
Disease	disease_100107	2.5757540161549473e-09
Disease	disease_9345	2.5736962518424774e-09
Disease	disease_17044	2.573023249593054e-09
Disease	disease_13218	2.5683048584719956e-09
Disease	disease_12448	2.5672776271955097e-09
Disease	disease_19991	2.5663799178903623e-09
Disease	disease_19990	2.5663799178903623e-09
Disease	disease_8301	2.5661330057016826e-09
Disease	disease_3103	2.56363523037318e-09
Disease	disease_18916	2.561715980555003e-09
Disease	disease_10850	2.5610133758218257e-09
Disease	disease_1938	2.558973241492668e-09
Disease	disease_16934	2.5578482901975955e-09
Disease	disease_16938	2.557455003392956e-09
Disease	disease_14582	2.5556837662506906e-09
Disease	disease_19408	2.5529188005932497e-09
Disease	disease_4860	2.5504486668751855e-09
Disease	disease_14266	2.5485924553149226e-09
Disease	disease_13457	2.547298331423606e-09
Disease	disease_37938	2.5455106718627323e-09
Disease	disease_13472	2.543833172822376e-09
Disease	disease_9002	2.540071895895923e-09
Disease	disease_975	2.537668707248557e-09
Disease	disease_7538	2.53375556624349e-09
Disease	disease_44964	2.5337325080381918e-09
Disease	disease_11505	2.529812623765497e-09
Disease	disease_10750	2.5293399213423114e-09
Disease	disease_10369	2.527969859112634e-09
Disease	disease_7385	2.52656856181192e-09
Disease	disease_15829	2.5256354436988216e-09
Disease	disease_3399	2.51903650817451e-09
Disease	disease_20175	2.5188903244892886e-09
Disease	disease_11987	2.5187985225784225e-09
Disease	disease_16806	2.518735211090312e-09
Disease	disease_18586	2.516599183385968e-09
Disease	disease_400004	2.516599183385968e-09
Disease	disease_16503	2.516599183385968e-09
Disease	disease_19077	2.516599183385968e-09
Disease	disease_21493	2.515379943150172e-09
Disease	disease_21296	2.5096014964447684e-09
Disease	disease_3301	2.5078475948956846e-09
Disease	disease_12460	2.5047719197917462e-09
Disease	disease_3891	2.5044666228564043e-09
Disease	disease_9535	2.503032919077304e-09
Disease	disease_20473	2.501291042964228e-09
Disease	disease_13752	2.499879582962111e-09
Disease	disease_11951	2.499737494867627e-09
Disease	disease_7233	2.496867504427827e-09
Disease	disease_17918	2.4967148067349927e-09
Disease	disease_14603	2.494094030141353e-09
Disease	disease_14486	2.493474358054765e-09
Disease	disease_2060	2.4923715496457796e-09
Disease	disease_4537	2.4919944145315185e-09
Disease	disease_14586	2.4912747160283342e-09
Disease	disease_7058	2.4908386592617966e-09
Disease	disease_100115	2.4901804438279008e-09
Disease	disease_21553	2.4901804438279008e-09
Disease	disease_11350	2.4897835099173243e-09
Disease	disease_44791	2.4893589521205725e-09
Disease	disease_19619	2.483479836787099e-09
Disease	disease_8652	2.481190158732612e-09
Disease	disease_13348	2.4796508529643333e-09
Disease	disease_15724	2.478708096817696e-09
Disease	disease_9900	2.4774949243078986e-09
Disease	disease_16207	2.477241424660701e-09
Disease	disease_16989	2.477241424660701e-09
Disease	disease_10736	2.4706928566850094e-09
Disease	disease_3045	2.4706776882700248e-09
Disease	disease_2449	2.470295107566012e-09
Disease	disease_1983	2.470295107566012e-09
Disease	disease_1368	2.470295107566012e-09
Disease	disease_1019	2.4698818296750374e-09
Disease	disease_15232	2.469691561629818e-09
Disease	disease_15854	2.467011235538865e-09
Disease	disease_12538	2.4666266737768856e-09
Disease	disease_14677	2.465182433850346e-09
Disease	disease_11674	2.45667567400593e-09
Disease	disease_7683	2.456413404100228e-09
Disease	disease_1279	2.455403493080252e-09
Disease	disease_6970	2.45534627351916e-09
Disease	disease_1600	2.45534627351916e-09
Disease	disease_6864	2.45534627351916e-09
Disease	disease_11137	2.4551326283519377e-09
Disease	disease_14928	2.4550170650860195e-09
Disease	disease_17968	2.451877530726775e-09
Disease	disease_8597	2.446527519578695e-09
Disease	disease_11649	2.4459904264343778e-09
Disease	disease_7290	2.444334267019428e-09
Disease	disease_14692	2.443474837772551e-09
Disease	disease_14648	2.442734148674065e-09
Disease	disease_17039	2.4426541485964434e-09
Disease	disease_10349	2.442176877288349e-09
Disease	disease_17940	2.441099277155136e-09
Disease	disease_13561	2.4403257393938524e-09
Disease	disease_20494	2.438068020822197e-09
Disease	disease_14941	2.4373188901179446e-09
Disease	disease_19626	2.432695864684401e-09
Disease	disease_9363	2.4325776993614207e-09
Disease	disease_10882	2.432540069358604e-09
Disease	disease_1819	2.43232354039243e-09
Disease	disease_21524	2.4299900088647972e-09
Disease	disease_6854	2.4299637803461073e-09
Disease	disease_44625	2.428488776713974e-09
Disease	disease_44657	2.428488776713974e-09
Disease	disease_4424	2.426076145982454e-09
Disease	disease_9770	2.4240707727043663e-09
Disease	disease_9042	2.4234193403583812e-09
Disease	disease_4373	2.4229747495483327e-09
Disease	disease_20180	2.422337702900743e-09
Disease	disease_20355	2.420098631100858e-09
Disease	disease_14592	2.418486775213142e-09
Disease	disease_4891	2.4177600972833786e-09
Disease	disease_14814	2.4174598642279954e-09
Disease	disease_14350	2.414125746488113e-09
Disease	disease_15348	2.413784091380799e-09
Disease	disease_4482	2.413217300789762e-09
Disease	disease_44628	2.4115130887415593e-09
Disease	disease_3932	2.4112360561166164e-09
Disease	disease_9157	2.408681571613607e-09
Disease	disease_37738	2.408124958637341e-09
Disease	disease_6141	2.406951069393865e-09
Disease	disease_26720	2.4063356028692464e-09
Disease	disease_14654	2.399346357072731e-09
Disease	disease_1084	2.3972401747986935e-09
Disease	disease_9011	2.3965605404976436e-09
Disease	disease_16802	2.3960199187914306e-09
Disease	disease_19982	2.3952756352105114e-09
Disease	disease_13449	2.3930325891542596e-09
Disease	disease_16185	2.3929831265830557e-09
Disease	disease_2916	2.3919339575236325e-09
Disease	disease_4371	2.3919339575236325e-09
Disease	disease_21490	2.390843005876745e-09
Disease	disease_44619	2.390413709753104e-09
Disease	disease_16152	2.39000586650606e-09
Disease	disease_13425	2.388763209925415e-09
Disease	disease_17427	2.388572888683902e-09
Disease	disease_2207	2.3844787929839984e-09
Disease	disease_15411	2.383982033717196e-09
Disease	disease_3508	2.3837119224351144e-09
Disease	disease_4426	2.382996731681038e-09
Disease	disease_7809	2.3829684864665535e-09
Disease	disease_19985	2.3827381019603968e-09
Disease	disease_19984	2.3827381019603968e-09
Disease	disease_8653	2.3806981785550768e-09
Disease	disease_18282	2.3805673017637978e-09
Disease	disease_17423	2.379786588911549e-09
Disease	disease_23054	2.3791646061587047e-09
Disease	disease_7680	2.377718289706636e-09
Disease	disease_14581	2.374466990109903e-09
Disease	disease_8766	2.3741403733966084e-09
Disease	disease_7504	2.373905908398212e-09
Disease	disease_21479	2.370208063556178e-09
Disease	disease_11711	2.3696723641888574e-09
Disease	disease_11710	2.3647615066530026e-09
Disease	disease_14189	2.3626762189258903e-09
Disease	disease_11855	2.3617844022057894e-09
Disease	disease_100229	2.3597321461858466e-09
Disease	disease_4191	2.35696767901607e-09
Disease	disease_16873	2.3527436578316367e-09
Disease	disease_24508	2.351885481542143e-09
Disease	disease_8154	2.351485717564122e-09
Disease	disease_9859	2.350943602294957e-09
Disease	disease_22321	2.3487995178711187e-09
Disease	disease_8813	2.347509177672319e-09
Disease	disease_29145	2.345262011709307e-09
Disease	disease_8510	2.3424523508182068e-09
Disease	disease_15177	2.342219448476927e-09
Disease	disease_32940	2.3414638557953782e-09
Disease	disease_12518	2.3413259950900633e-09
Disease	disease_20377	2.3359105518371605e-09
Disease	disease_14061	2.3358530377743885e-09
Disease	disease_20639	2.3346594086714854e-09
Disease	disease_19620	2.334472061514164e-09
Disease	disease_4090	2.3331652874059744e-09
Disease	disease_14901	2.3299299962664753e-09
Disease	disease_8888	2.3294537657848246e-09
Disease	disease_3555	2.329449238316792e-09
Disease	disease_14853	2.3289118374526687e-09
Disease	disease_100231	2.3281573410602843e-09
Disease	disease_22022	2.325283100078682e-09
Disease	disease_633	2.324780373175674e-09
Disease	disease_7639	2.322707198451088e-09
Disease	disease_11458	2.3222636769391832e-09
Disease	disease_8007	2.321658991209373e-09
Disease	disease_20252	2.3179030541395408e-09
Disease	disease_17456	2.317737028666255e-09
Disease	disease_17457	2.317737028666255e-09
Disease	disease_19770	2.3165018068275907e-09
Disease	disease_1274	2.3160094672004056e-09
Disease	disease_1177	2.3160094672004056e-09
Disease	disease_24247	2.315799321520878e-09
Disease	disease_15697	2.31480237056059e-09
Disease	disease_3692	2.3145875343028127e-09
Disease	disease_15355	2.3106684179247253e-09
Disease	disease_12608	2.309911239668031e-09
Disease	disease_5177	2.3094240314297234e-09
Disease	disease_9083	2.3063229228819536e-09
Disease	disease_1592	2.304388268623501e-09
Disease	disease_8537	2.304022125706626e-09
Disease	disease_4432	2.301655090709803e-09
Disease	disease_8167	2.3001570879205024e-09
Disease	disease_4550	2.297861788531756e-09
Disease	disease_14854	2.2978520865484705e-09
Disease	disease_11950	2.297568339466829e-09
Disease	disease_10426	2.296663422307748e-09
Disease	disease_32660	2.2951286650496712e-09
Disease	disease_54593	2.2926998582469974e-09
Disease	disease_4257	2.2870602373689184e-09
Disease	disease_18022	2.2836593673599334e-09
Disease	disease_13358	2.2813492631876867e-09
Disease	disease_11437	2.2800800442470493e-09
Disease	disease_18742	2.279723362860058e-09
Disease	disease_24642	2.279723362860058e-09
Disease	disease_24639	2.279723362860058e-09
Disease	disease_6227	2.279723362860058e-09
Disease	disease_9875	2.2794679321358154e-09
Disease	disease_8770	2.2780561699610683e-09
Disease	disease_33115	2.277138606372157e-09
Disease	disease_8540	2.277005050069646e-09
Disease	disease_16287	2.276116037904688e-09
Disease	disease_3755	2.275585831278451e-09
Disease	disease_1736	2.27420387483182e-09
Disease	disease_11535	2.273544522081754e-09
Disease	disease_12367	2.271740734067115e-09
Disease	disease_54750	2.2716426302780627e-09
Disease	disease_16876	2.271018048327865e-09
Disease	disease_15387	2.2704947395666336e-09
Disease	disease_13229	2.2704812571267026e-09
Disease	disease_15032	2.2701765810291696e-09
Disease	disease_18420	2.265414813853921e-09
Disease	disease_19822	2.2649516752937193e-09
Disease	disease_11386	2.2631000488087054e-09
Disease	disease_7471	2.2611396748761423e-09
Disease	disease_8381	2.260989672532648e-09
Disease	disease_2972	2.2604928822303365e-09
Disease	disease_14937	2.260398143597198e-09
Disease	disease_14104	2.2578335601686646e-09
Disease	disease_14169	2.254052059467711e-09
Disease	disease_20155	2.253405268225647e-09
Disease	disease_33566	2.2520926156693107e-09
Disease	disease_17066	2.2516784519522217e-09
Disease	disease_12363	2.251662837744015e-09
Disease	disease_2295	2.250530463590701e-09
Disease	disease_45043	2.2464625514799065e-09
Disease	disease_30915	2.2450360178341884e-09
Disease	disease_14400	2.244144639845756e-09
Disease	disease_21529	2.2418428359272845e-09
Disease	disease_54770	2.2384025025069702e-09
Disease	disease_12477	2.2374285199240237e-09
Disease	disease_33563	2.2337893082121926e-09
Disease	disease_14664	2.2332229540359114e-09
Disease	disease_3092	2.2314364223713275e-09
Disease	disease_54804	2.2311208982270673e-09
Disease	disease_14470	2.230186517259038e-09
Disease	disease_3027	2.229886205046512e-09
Disease	disease_968	2.229878890493079e-09
Disease	disease_2892	2.2279028335025686e-09
Disease	disease_12483	2.227700474593903e-09
Disease	disease_25453	2.227495135861993e-09
Disease	disease_3768	2.225245073860514e-09
Disease	disease_8484	2.224986082638612e-09
Disease	disease_20770	2.223678361870204e-09
Disease	disease_24658	2.222019177086867e-09
Disease	disease_14483	2.221389909320411e-09
Disease	disease_3061	2.2200563450738193e-09
Disease	disease_32871	2.21987766761022e-09
Disease	disease_14513	2.218371407599263e-09
Disease	disease_14323	2.2164122951285937e-09
Disease	disease_13984	2.216259425056542e-09
Disease	disease_3388	2.2154747058076535e-09
Disease	disease_12929	2.2120029852854544e-09
Disease	disease_339	2.2119200296079204e-09
Disease	disease_340	2.2119200296079204e-09
Disease	disease_13160	2.2101211406614222e-09
Disease	disease_13614	2.207407707383855e-09
Disease	disease_3851	2.206800970516927e-09
Disease	disease_3852	2.206800970516927e-09
Disease	disease_15381	2.206309418439139e-09
Disease	disease_43862	2.203564965363753e-09
Disease	disease_20974	2.203564965363753e-09
Disease	disease_21473	2.203253293999214e-09
Disease	disease_3912	2.2024937434433776e-09
Disease	disease_12463	2.2015475239329066e-09
Disease	disease_10095	2.199982843788432e-09
Disease	disease_8341	2.19836308880858e-09
Disease	disease_54728	2.1974830179911372e-09
Disease	disease_9526	2.1971261238464506e-09
Disease	disease_6848	2.1965104212934016e-09
Disease	disease_6826	2.1965104212934016e-09
Disease	disease_12097	2.1949181227635658e-09
Disease	disease_20553	2.1937452792574096e-09
Disease	disease_23699	2.1926794401058964e-09
Disease	disease_5730	2.187569228973178e-09
Disease	disease_7411	2.185928970701933e-09
Disease	disease_2998	2.1852029261377455e-09
Disease	disease_11879	2.184604124815607e-09
Disease	disease_4089	2.182244072737507e-09
Disease	disease_3047	2.179199928986746e-09
Disease	disease_100102	2.1791183768849206e-09
Disease	disease_17426	2.178673800502119e-09
Disease	disease_14996	2.1773827343127784e-09
Disease	disease_10389	2.1766527295799803e-09
Disease	disease_20746	2.176569847973983e-09
Disease	disease_9222	2.1757202905601777e-09
Disease	disease_20687	2.174960147456581e-09
Disease	disease_4296	2.173691729008091e-09
Disease	disease_4552	2.173691729008091e-09
Disease	disease_4413	2.173691729008091e-09
Disease	disease_14207	2.1729280733371553e-09
Disease	disease_3720	2.1727774564156207e-09
Disease	disease_14319	2.1712548708344738e-09
Disease	disease_62	2.171066770882212e-09
Disease	disease_14587	2.1691857495987296e-09
Disease	disease_14687	2.168184660749198e-09
Disease	disease_12055	2.1670969971548424e-09
Disease	disease_9625	2.167059317094662e-09
Disease	disease_13658	2.166961894069294e-09
Disease	disease_32744	2.1667151110370298e-09
Disease	disease_6949	2.166342365269044e-09
Disease	disease_19034	2.163053122288271e-09
Disease	disease_18703	2.163053122288271e-09
Disease	disease_14929	2.162380735752548e-09
Disease	disease_1268	2.1615090167064014e-09
Disease	disease_16962	2.160608027314475e-09
Disease	disease_10723	2.1604446086911613e-09
Disease	disease_21083	2.159103962099128e-09
Disease	disease_8519	2.158731975704168e-09
Disease	disease_4469	2.1580042803524094e-09
Disease	disease_3499	2.1580042803524094e-09
Disease	disease_4523	2.1580042803524094e-09
Disease	disease_4316	2.1580042803524094e-09
Disease	disease_1608	2.1578844952460824e-09
Disease	disease_11196	2.1576387032115784e-09
Disease	disease_14543	2.155994547495051e-09
Disease	disease_13033	2.1547913824459872e-09
Disease	disease_1283	2.153868679569101e-09
Disease	disease_3377	2.1535440031089815e-09
Disease	disease_3086	2.1534088717737975e-09
Disease	disease_14408	2.1532460180055052e-09
Disease	disease_1887	2.1502324090375263e-09
Disease	disease_19938	2.1500002896855953e-09
Disease	disease_11272	2.148759978922659e-09
Disease	disease_10062	2.1482867100296998e-09
Disease	disease_952	2.1470513859644295e-09
Disease	disease_11475	2.1466685683816857e-09
Disease	disease_13453	2.146537597668108e-09
Disease	disease_14876	2.144771540020925e-09
Disease	disease_3617	2.143769565959979e-09
Disease	disease_35004	2.1427276491974993e-09
Disease	disease_14110	2.1399733956644783e-09
Disease	disease_2096	2.1391005888997606e-09
Disease	disease_16931	2.1348615298016886e-09
Disease	disease_33258	2.1343287939337527e-09
Disease	disease_12056	2.131311194681871e-09
Disease	disease_20339	2.131048979315628e-09
Disease	disease_24482	2.1305435619201696e-09
Disease	disease_7932	2.1259293844353003e-09
Disease	disease_11488	2.124360081040519e-09
Disease	disease_3775	2.1212383938087085e-09
Disease	disease_12739	2.1211026411926292e-09
Disease	disease_6423	2.1186698688748848e-09
Disease	disease_20058	2.1185257212715475e-09
Disease	disease_750	2.118506006303771e-09
Disease	disease_25354	2.1181539881181115e-09
Disease	disease_30926	2.1181539881181115e-09
Disease	disease_30989	2.1181539881181115e-09
Disease	disease_14845	2.115289364858233e-09
Disease	disease_19241	2.1122811698746893e-09
Disease	disease_9008	2.1078062854007093e-09
Disease	disease_16509	2.1063269104738303e-09
Disease	disease_10710	2.1062282794158503e-09
Disease	disease_6758	2.105409367555384e-09
Disease	disease_3042	2.1053741849369664e-09
Disease	disease_19387	2.1042555634164267e-09
Disease	disease_13465	2.1029310929894634e-09
Disease	disease_12336	2.0990336084465553e-09
Disease	disease_18941	2.097418411518344e-09
Disease	disease_15622	2.097418411518344e-09
Disease	disease_14871	2.097209570675184e-09
Disease	disease_11709	2.09652649705852e-09
Disease	disease_11974	2.0929833234899935e-09
Disease	disease_1694	2.092344950453642e-09
Disease	disease_4556	2.0872764635218842e-09
Disease	disease_21673	2.0871078191689975e-09
Disease	disease_1771	2.0871078191689975e-09
Disease	disease_7374	2.086122373375031e-09
Disease	disease_20041	2.0818448645895046e-09
Disease	disease_12380	2.08006880036036e-09
Disease	disease_16857	2.0763359528229766e-09
Disease	disease_8184	2.0729451467174744e-09
Disease	disease_21242	2.072917010236153e-09
Disease	disease_4199	2.0727583219988784e-09
Disease	disease_13436	2.07090660209906e-09
Disease	disease_14422	2.0679303050150736e-09
Disease	disease_14183	2.0638738648692976e-09
Disease	disease_21329	2.0632615772125558e-09
Disease	disease_9978	2.06177588813581e-09
Disease	disease_7364	2.0607516931889904e-09
Disease	disease_14771	2.059385489426384e-09
Disease	disease_30014	2.0571201995026954e-09
Disease	disease_12520	2.055253966222135e-09
Disease	disease_17927	2.0515542664449645e-09
Disease	disease_10406	2.0513911308149468e-09
Disease	disease_10889	2.0503137372941642e-09
Disease	disease_30134	2.049885177298651e-09
Disease	disease_32917	2.049003278934411e-09
Disease	disease_100104	2.0484850662874273e-09
Disease	disease_6880	2.0480737094684646e-09
Disease	disease_1994	2.0457699249175152e-09
Disease	disease_11982	2.045099998324766e-09
Disease	disease_4801	2.0438169289337367e-09
Disease	disease_2107	2.0438169289337367e-09
Disease	disease_1897	2.0438169289337367e-09
Disease	disease_3567	2.0438169289337367e-09
Disease	disease_2106	2.0438169289337367e-09
Disease	disease_1959	2.0438169289337367e-09
Disease	disease_21496	2.0401546977600752e-09
Disease	disease_19980	2.0396297910011053e-09
Disease	disease_9786	2.037882755547905e-09
Disease	disease_7214	2.0369856109789154e-09
Disease	disease_4164	2.0365298396705392e-09
Disease	disease_6066	2.0365298396705392e-09
Disease	disease_33549	2.0348519015512615e-09
Disease	disease_32605	2.03219602930947e-09
Disease	disease_20685	2.032050499988144e-09
Disease	disease_2261	2.0301108512008863e-09
Disease	disease_33809	2.029836759020817e-09
Disease	disease_20461	2.029836759020817e-09
Disease	disease_13204	2.028770657080508e-09
Disease	disease_100093	2.027256871246281e-09
Disease	disease_15409	2.0271264995903793e-09
Disease	disease_10827	2.0265565445004622e-09
Disease	disease_2583	2.0265030026805157e-09
Disease	disease_13215	2.0263668612784816e-09
Disease	disease_4339	2.0258749659495023e-09
Disease	disease_8958	2.022923242698867e-09
Disease	disease_33668	2.0225503996129476e-09
Disease	disease_5584	2.0193579659776632e-09
Disease	disease_13980	2.018044435880436e-09
Disease	disease_33556	2.0180090546655864e-09
Disease	disease_2551	2.0171738023908753e-09
Disease	disease_16859	2.0139920363870814e-09
Disease	disease_16858	2.0139920363870814e-09
Disease	disease_10081	2.011594117059509e-09
Disease	disease_4423	2.011582842702709e-09
Disease	disease_10266	2.0109433332655633e-09
Disease	disease_7215	2.0104511561158804e-09
Disease	disease_14111	2.008744471409193e-09
Disease	disease_7881	2.004136727353146e-09
Disease	disease_13978	2.001560358385501e-09
Disease	disease_3091	1.9999729029717917e-09
Disease	disease_8358	1.998939017902142e-09
Disease	disease_19177	1.9976122472389046e-09
Disease	disease_11935	1.9924601018127895e-09
Disease	disease_33135	1.992368997171029e-09
Disease	disease_16954	1.991702607681638e-09
Disease	disease_12943	1.989449533712922e-09
Disease	disease_13052	1.9885124997580606e-09
Disease	disease_43969	1.985538543311497e-09
Disease	disease_21505	1.9852311685501557e-09
Disease	disease_428	1.983242347843659e-09
Disease	disease_1237	1.9818336498614347e-09
Disease	disease_18987	1.981748576137751e-09
Disease	disease_1578	1.981748576137751e-09
Disease	disease_4169	1.981748576137751e-09
Disease	disease_2946	1.981748576137751e-09
Disease	disease_1251	1.97916728670609e-09
Disease	disease_10969	1.9787562199380876e-09
Disease	disease_32735	1.978371712403878e-09
Disease	disease_16975	1.976219741308149e-09
Disease	disease_12021	1.97339644433532e-09
Disease	disease_100233	1.9718800632249984e-09
Disease	disease_100319	1.9718800632249984e-09
Disease	disease_6212	1.970623006767712e-09
Disease	disease_24485	1.970623006767712e-09
Disease	disease_11160	1.969649063066296e-09
Disease	disease_18266	1.967222618743213e-09
Disease	disease_1756	1.9663124559237985e-09
Disease	disease_11587	1.963321137953723e-09
Disease	disease_14578	1.9618699489959268e-09
Disease	disease_6339	1.9614286634856785e-09
Disease	disease_6550	1.9593290298567204e-09
Disease	disease_27694	1.9588384724506647e-09
Disease	disease_7279	1.9585977710907795e-09
Disease	disease_4163	1.955202140272781e-09
Disease	disease_12708	1.9544341025608675e-09
Disease	disease_10116	1.9500725574864817e-09
Disease	disease_10499	1.946541146778207e-09
Disease	disease_19195	1.9460152891569125e-09
Disease	disease_6071	1.9425099190518742e-09
Disease	disease_15782	1.941956385498651e-09
Disease	disease_9531	1.9402466883511227e-09
Disease	disease_17684	1.93796170354105e-09
Disease	disease_10591	1.935223710111838e-09
Disease	disease_12349	1.933875540060147e-09
Disease	disease_13210	1.933808376196008e-09
Disease	disease_13747	1.932689359605069e-09
Disease	disease_7984	1.932593145842059e-09
Disease	disease_8247	1.931824221417042e-09
Disease	disease_14427	1.9303660311129625e-09
Disease	disease_16882	1.9284966353546633e-09
Disease	disease_44656	1.927552161942261e-09
Disease	disease_6355	1.9270143414038564e-09
Disease	disease_13447	1.923301787592546e-09
Disease	disease_30935	1.922410263612681e-09
Disease	disease_6087	1.922344488448819e-09
Disease	disease_15462	1.9216932425432067e-09
Disease	disease_6093	1.9184319821901308e-09
Disease	disease_19230	1.917048807876208e-09
Disease	disease_10819	1.916173087165159e-09
Disease	disease_13407	1.9126529414475556e-09
Disease	disease_32715	1.9119156832099756e-09
Disease	disease_4074	1.911512206774261e-09
Disease	disease_15935	1.9084373611103327e-09
Disease	disease_11473	1.907618678512289e-09
Disease	disease_4545	1.9069761145996733e-09
Disease	disease_42977	1.90638616112248e-09
Disease	disease_7283	1.9001255472910554e-09
Disease	disease_9202	1.89774944147053e-09
Disease	disease_14121	1.8970290283185764e-09
Disease	disease_15525	1.894956354126758e-09
Disease	disease_27068	1.894765367978067e-09
Disease	disease_8098	1.894752748728054e-09
Disease	disease_15625	1.894260474147017e-09
Disease	disease_19265	1.894260474147017e-09
Disease	disease_12543	1.8933506009727955e-09
Disease	disease_13807	1.89313970986294e-09
Disease	disease_11444	1.892918708212449e-09
Disease	disease_13829	1.892582156184011e-09
Disease	disease_14186	1.8922236927766112e-09
Disease	disease_18254	1.8918652348404497e-09
Disease	disease_8058	1.8895321964505606e-09
Disease	disease_3095	1.887559552872387e-09
Disease	disease_11193	1.8857358741758238e-09
Disease	disease_13175	1.8856837168529422e-09
Disease	disease_2130	1.885045950846179e-09
Disease	disease_13446	1.884591990753768e-09
Disease	disease_12138	1.8835317384234218e-09
Disease	disease_12891	1.883296755080439e-09
Disease	disease_1783	1.8828866554457312e-09
Disease	disease_12962	1.88152411949545e-09
Disease	disease_11443	1.879685633507574e-09
Disease	disease_647	1.8777960007129547e-09
Disease	disease_13463	1.8770703669741557e-09
Disease	disease_17448	1.8721636556072363e-09
Disease	disease_10447	1.8708423901838626e-09
Disease	disease_10151	1.86907860087245e-09
Disease	disease_19671	1.8687972124869584e-09
Disease	disease_19398	1.8673505306083027e-09
Disease	disease_13769	1.8669606334150487e-09
Disease	disease_1451	1.8643002769122624e-09
Disease	disease_6340	1.8615791325890763e-09
Disease	disease_30067	1.8612701342888348e-09
Disease	disease_3948	1.8608476737005008e-09
Disease	disease_16164	1.8582517153849926e-09
Disease	disease_535	1.85741242875526e-09
Disease	disease_32834	1.857271509843412e-09
Disease	disease_10948	1.8566194905961256e-09
Disease	disease_13648	1.8557868227562907e-09
Disease	disease_1978	1.8553944259137108e-09
Disease	disease_12659	1.8536585703287861e-09
Disease	disease_10173	1.852287631469779e-09
Disease	disease_32923	1.8518051693346712e-09
Disease	disease_1691	1.8512996193903708e-09
Disease	disease_13610	1.8503444847197848e-09
Disease	disease_12498	1.8498864221610065e-09
Disease	disease_3695	1.8483714623483734e-09
Disease	disease_20134	1.8480074059664477e-09
Disease	disease_4767	1.8474218493855828e-09
Disease	disease_1025	1.8474218493855828e-09
Disease	disease_16751	1.846211460984745e-09
Disease	disease_30010	1.8449425428469503e-09
Disease	disease_10544	1.8432128092487099e-09
Disease	disease_13972	1.842815453501508e-09
Disease	disease_3463	1.8407870400628265e-09
Disease	disease_10218	1.8401480717535592e-09
Disease	disease_4443	1.8395900710230133e-09
Disease	disease_6957	1.8395149129096133e-09
Disease	disease_15392	1.8388321585223387e-09
Disease	disease_20659	1.8382086662821361e-09
Disease	disease_19948	1.835441935139934e-09
Disease	disease_8106	1.8351965382925217e-09
Disease	disease_11082	1.8319505768230135e-09
Disease	disease_16114	1.8302681823943908e-09
Disease	disease_13300	1.8257172304211562e-09
Disease	disease_12250	1.8252521862142989e-09
Disease	disease_20374	1.8242165912713597e-09
Disease	disease_13883	1.8231062371190763e-09
Disease	disease_24381	1.8221155383827708e-09
Disease	disease_24382	1.8221155383827708e-09
Disease	disease_24379	1.8221155383827708e-09
Disease	disease_7820	1.8203585012622727e-09
Disease	disease_18039	1.8197635329893699e-09
Disease	disease_42964	1.818745437078049e-09
Disease	disease_42965	1.818745437078049e-09
Disease	disease_14694	1.8185440530290248e-09
Disease	disease_22716	1.8181468053721348e-09
Disease	disease_22715	1.8181468053721348e-09
Disease	disease_8465	1.8180056515093266e-09
Disease	disease_2758	1.8177025247891566e-09
Disease	disease_10991	1.8168355915922126e-09
Disease	disease_12913	1.8154621891111896e-09
Disease	disease_21372	1.8137705252255864e-09
Disease	disease_3057	1.8135267410649866e-09
Disease	disease_3681	1.8133699593596221e-09
Disease	disease_17386	1.8133699593596221e-09
Disease	disease_13871	1.8133407381109166e-09
Disease	disease_14724	1.8132643788056605e-09
Disease	disease_10320	1.8127030266146808e-09
Disease	disease_13263	1.812678668116863e-09
Disease	disease_15385	1.8126714768316384e-09
Disease	disease_24797	1.8121839280092014e-09
Disease	disease_13611	1.8092691376001563e-09
Disease	disease_3618	1.8057775262632398e-09
Disease	disease_13414	1.803238511206369e-09
Disease	disease_16671	1.8024781495296525e-09
Disease	disease_16672	1.8024781495296525e-09
Disease	disease_16670	1.8024781495296525e-09
Disease	disease_16668	1.8024781495296525e-09
Disease	disease_16669	1.8024781495296525e-09
Disease	disease_7285	1.802316783256516e-09
Disease	disease_1369	1.8022889118932852e-09
Disease	disease_16976	1.8001625007960493e-09
Disease	disease_16978	1.8001625007960493e-09
Disease	disease_16977	1.8001625007960493e-09
Disease	disease_6930	1.797921116271656e-09
Disease	disease_44138	1.7956021195867276e-09
Disease	disease_16092	1.7922994474349133e-09
Disease	disease_17800	1.7922994474349133e-09
Disease	disease_17801	1.7922994474349133e-09
Disease	disease_36484	1.7911395658766103e-09
Disease	disease_9554	1.7909858272786608e-09
Disease	disease_11080	1.790374608374047e-09
Disease	disease_20060	1.7895035796284976e-09
Disease	disease_10057	1.788561005591082e-09
Disease	disease_12670	1.7883521618483287e-09
Disease	disease_44785	1.7882565543672782e-09
Disease	disease_13466	1.786305197088836e-09
Disease	disease_17391	1.7862849037896362e-09
Disease	disease_20363	1.7862849037896362e-09
Disease	disease_2030	1.784406566581771e-09
Disease	disease_13259	1.7841789080188752e-09
Disease	disease_11162	1.7838613663118322e-09
Disease	disease_3097	1.7834991125692716e-09
Disease	disease_19981	1.780357122999363e-09
Disease	disease_1729	1.7786226870533647e-09
Disease	disease_1728	1.7786226870533647e-09
Disease	disease_1727	1.7786226870533647e-09
Disease	disease_11795	1.7783702703552469e-09
Disease	disease_1768	1.774744225516694e-09
Disease	disease_1767	1.774744225516694e-09
Disease	disease_20163	1.7734859460884318e-09
Disease	disease_21297	1.7733841163960186e-09
Disease	disease_18228	1.773140096699549e-09
Disease	disease_17349	1.7714211424692694e-09
Disease	disease_4866	1.7714101755502654e-09
Disease	disease_18738	1.7696979452758152e-09
Disease	disease_2385	1.7696979452758152e-09
Disease	disease_13067	1.7691392587304889e-09
Disease	disease_7904	1.7691263316975486e-09
Disease	disease_7120	1.7686561345461765e-09
Disease	disease_9592	1.7680090641805536e-09
Disease	disease_16571	1.7669119499243108e-09
Disease	disease_8452	1.7664916265512621e-09
Disease	disease_44970	1.765451291992463e-09
Disease	disease_1174	1.764642702093334e-09
Disease	disease_13406	1.7645088279988453e-09
Disease	disease_17095	1.7633773316889664e-09
Disease	disease_49222	1.759761070793685e-09
Disease	disease_13923	1.7573526956120399e-09
Disease	disease_13124	1.753534509783749e-09
Disease	disease_2696	1.7516858112639232e-09
Disease	disease_11788	1.7498461971377075e-09
Disease	disease_8312	1.7489695440050501e-09
Disease	disease_6712	1.7488653264172866e-09
Disease	disease_12969	1.7473354623506297e-09
Disease	disease_12419	1.7462947742422828e-09
Disease	disease_2716	1.7450006648497818e-09
Disease	disease_2201	1.7447717420117126e-09
Disease	disease_13729	1.7446649659288082e-09
Disease	disease_4455	1.743853612973728e-09
Disease	disease_4454	1.743853612973728e-09
Disease	disease_2989	1.7434173353962393e-09
Disease	disease_4136	1.7424389527262683e-09
Disease	disease_36482	1.73994371474784e-09
Disease	disease_13420	1.7384757362755627e-09
Disease	disease_15467	1.7377037084343714e-09
Disease	disease_18779	1.736852736526042e-09
Disease	disease_21808	1.736470271378693e-09
Disease	disease_13376	1.7356812014336468e-09
Disease	disease_100015	1.7348484861736918e-09
Disease	disease_44675	1.7337901036277756e-09
Disease	disease_18315	1.7337901036277756e-09
Disease	disease_8377	1.7321794859534257e-09
Disease	disease_16809	1.731767279207104e-09
Disease	disease_11066	1.728284227376587e-09
Disease	disease_19949	1.7280796173341512e-09
Disease	disease_10238	1.7256552209701681e-09
Disease	disease_6612	1.7252043417770516e-09
Disease	disease_6593	1.7252043417770516e-09
Disease	disease_6578	1.7252043417770516e-09
Disease	disease_6539	1.7252043417770516e-09
Disease	disease_22060	1.7206697304512908e-09
Disease	disease_18145	1.7200817532670665e-09
Disease	disease_19196	1.7200817532670665e-09
Disease	disease_19972	1.7200817532670665e-09
Disease	disease_16864	1.7197937126296259e-09
Disease	disease_11231	1.7195311929003104e-09
Disease	disease_941	1.7186635248973711e-09
Disease	disease_18850	1.7177748401442433e-09
Disease	disease_4176	1.7170465506958735e-09
Disease	disease_15516	1.7155101688879619e-09
Disease	disease_33045	1.7147660953116884e-09
Disease	disease_10227	1.7147272037718872e-09
Disease	disease_21736	1.714323150855091e-09
Disease	disease_10484	1.712138132247731e-09
Disease	disease_100069	1.7092984243318738e-09
Disease	disease_22932	1.7092984243318738e-09
Disease	disease_100072	1.7092984243318738e-09
Disease	disease_1430	1.7078109337306699e-09
Disease	disease_17511	1.7057984591119292e-09
Disease	disease_17512	1.7057984591119292e-09
Disease	disease_1421	1.705543469400792e-09
Disease	disease_3029	1.7047673782092015e-09
Disease	disease_2577	1.7043721772949417e-09
Disease	disease_13528	1.7029064106773538e-09
Disease	disease_32604	1.7027609878901556e-09
Disease	disease_12024	1.700483811496392e-09
Disease	disease_4831	1.7002906819660316e-09
Disease	disease_7409	1.6980782031823959e-09
Disease	disease_2993	1.697387212657669e-09
Disease	disease_4083	1.6973184110098314e-09
Disease	disease_22729	1.6944541319485508e-09
Disease	disease_23472	1.6944541319485508e-09
Disease	disease_300000	1.692763716730093e-09
Disease	disease_18472	1.6920194493897793e-09
Disease	disease_32778	1.6893953796806306e-09
Disease	disease_23650	1.6885821123459651e-09
Disease	disease_16655	1.6852115010267668e-09
Disease	disease_7367	1.685008564574055e-09
Disease	disease_12224	1.685008564574055e-09
Disease	disease_12226	1.685008564574055e-09
Disease	disease_14406	1.6845058507029177e-09
Disease	disease_13405	1.683790861235359e-09
Disease	disease_14652	1.6833519008388643e-09
Disease	disease_16319	1.681560689370312e-09
Disease	disease_3626	1.6811180785606795e-09
Disease	disease_44626	1.6807447947029784e-09
Disease	disease_4889	1.680729638382296e-09
Disease	disease_14428	1.678623526694193e-09
Disease	disease_14509	1.6780082980037375e-09
Disease	disease_17084	1.676417024794082e-09
Disease	disease_21099	1.6759331228098923e-09
Disease	disease_14669	1.6755271272772464e-09
Disease	disease_21539	1.6750503614212455e-09
Disease	disease_12003	1.6748168842143905e-09
Disease	disease_12658	1.6725103469870473e-09
Disease	disease_4039	1.6710429555086837e-09
Disease	disease_13641	1.6708796073676452e-09
Disease	disease_18046	1.670323224879202e-09
Disease	disease_17331	1.670323224879202e-09
Disease	disease_17981	1.670323224879202e-09
Disease	disease_1178	1.6700846851600354e-09
Disease	disease_8700	1.6666020672964474e-09
Disease	disease_20164	1.6659203468311444e-09
Disease	disease_7811	1.6640263452840795e-09
Disease	disease_8717	1.6634171579125363e-09
Disease	disease_13413	1.662842754830887e-09
Disease	disease_20284	1.662607955519946e-09
Disease	disease_2359	1.6623468870845965e-09
Disease	disease_18226	1.659973975096532e-09
Disease	disease_18267	1.659973975096532e-09
Disease	disease_16598	1.6594632957449364e-09
Disease	disease_24265	1.6575417138071552e-09
Disease	disease_11660	1.6573267411210554e-09
Disease	disease_3698	1.656756626038442e-09
Disease	disease_10223	1.65655857425919e-09
Disease	disease_12615	1.6555834498814508e-09
Disease	disease_19120	1.6551630059887831e-09
Disease	disease_14739	1.655109241960175e-09
Disease	disease_10967	1.654858174546261e-09
Disease	disease_4229	1.6544346053568697e-09
Disease	disease_4472	1.6541648912457587e-09
Disease	disease_32631	1.6491118533327387e-09
Disease	disease_21492	1.6473127911623356e-09
Disease	disease_21465	1.6457667063207923e-09
Disease	disease_9014	1.6445527576734168e-09
Disease	disease_12437	1.6444008747944745e-09
Disease	disease_21373	1.6408399233770982e-09
Disease	disease_14254	1.6384296211487231e-09
Disease	disease_18318	1.6382943845718616e-09
Disease	disease_20649	1.6374063328190057e-09
Disease	disease_34143	1.635689605909788e-09
Disease	disease_19397	1.635689605909788e-09
Disease	disease_15349	1.635689605909788e-09
Disease	disease_12665	1.6351659265826418e-09
Disease	disease_15591	1.6325047311891595e-09
Disease	disease_19780	1.6310071952384929e-09
Disease	disease_1006	1.6300668891600028e-09
Disease	disease_1086	1.6300668891600028e-09
Disease	disease_16146	1.6296111468998897e-09
Disease	disease_12037	1.623756419176845e-09
Disease	disease_15750	1.623192995919115e-09
Disease	disease_12022	1.6216240135754436e-09
Disease	disease_13023	1.6216240135754436e-09
Disease	disease_11276	1.6216240135754436e-09
Disease	disease_12478	1.6216240135754436e-09
Disease	disease_4221	1.6199061780695565e-09
Disease	disease_3761	1.6191070917309553e-09
Disease	disease_3995	1.618584429640246e-09
Disease	disease_6400	1.617533927595426e-09
Disease	disease_11675	1.6159682734742515e-09
Disease	disease_14443	1.615783456734805e-09
Disease	disease_10577	1.615501059427836e-09
Disease	disease_11630	1.6139204324986432e-09
Disease	disease_11998	1.6115747467539852e-09
Disease	disease_33044	1.610743242769839e-09
Disease	disease_15008	1.6095412692988874e-09
Disease	disease_3448	1.6094314739219524e-09
Disease	disease_4290	1.6091939479438973e-09
Disease	disease_100100	1.6091260158827203e-09
Disease	disease_1310	1.6082364654835316e-09
Disease	disease_1579	1.6082364654835316e-09
Disease	disease_33816	1.6082364654835316e-09
Disease	disease_15298	1.6082364654835316e-09
Disease	disease_1716	1.6082364654835316e-09
Disease	disease_1950	1.6082364654835316e-09
Disease	disease_33818	1.6082364654835316e-09
Disease	disease_21480	1.6073780909513355e-09
Disease	disease_21518	1.6073780909513355e-09
Disease	disease_21339	1.6069215144556838e-09
Disease	disease_14181	1.6056573569468545e-09
Disease	disease_18529	1.6053153348943368e-09
Disease	disease_19317	1.6042268646571811e-09
Disease	disease_24873	1.6035784740769232e-09
Disease	disease_15498	1.6035219140774684e-09
Disease	disease_4289	1.6027850553962849e-09
Disease	disease_4292	1.6027061307230682e-09
Disease	disease_4204	1.6014815584124374e-09
Disease	disease_32689	1.6013109331523271e-09
Disease	disease_12401	1.6002005093699213e-09
Disease	disease_19132	1.6001110485745342e-09
Disease	disease_983	1.5996302766758417e-09
Disease	disease_1692	1.5996302766758417e-09
Disease	disease_4759	1.5996302766758417e-09
Disease	disease_1504	1.5996302766758417e-09
Disease	disease_1135	1.5996302766758417e-09
Disease	disease_8618	1.59860518249289e-09
Disease	disease_17399	1.5979549204506185e-09
Disease	disease_32791	1.5964438451091237e-09
Disease	disease_24524	1.5963611586868742e-09
Disease	disease_964	1.5961247650001273e-09
Disease	disease_6189	1.5956316827934866e-09
Disease	disease_21244	1.593821685968756e-09
Disease	disease_8388	1.5921569253838307e-09
Disease	disease_24470	1.5915857766920802e-09
Disease	disease_30905	1.5913022919190794e-09
Disease	disease_32776	1.5913022919190794e-09
Disease	disease_32732	1.5913022919190794e-09
Disease	disease_32740	1.5913022919190794e-09
Disease	disease_14588	1.5908526496122057e-09
Disease	disease_24569	1.588796763547557e-09
Disease	disease_4047	1.5887561173894303e-09
Disease	disease_14173	1.5854298319450888e-09
Disease	disease_16154	1.585037807887435e-09
Disease	disease_13409	1.5849322161079936e-09
Disease	disease_9019	1.5840104456818487e-09
Disease	disease_14068	1.58344436676985e-09
Disease	disease_11062	1.5826411677092615e-09
Disease	disease_12051	1.5818094766946114e-09
Disease	disease_33311	1.5802239297844422e-09
Disease	disease_14508	1.5799651907599159e-09
Disease	disease_12006	1.5776402458264563e-09
Disease	disease_14673	1.5764849787718156e-09
Disease	disease_13120	1.576483166150285e-09
Disease	disease_100019	1.576473017626905e-09
Disease	disease_21441	1.576225189875175e-09
Disease	disease_16192	1.5759602498341665e-09
Disease	disease_10487	1.5746603036745542e-09
Disease	disease_12903	1.5744040024123396e-09
Disease	disease_12695	1.5733866901442332e-09
Disease	disease_4269	1.5709952731078717e-09
Disease	disease_10451	1.5665537723472687e-09
Disease	disease_13416	1.5656432705787767e-09
Disease	disease_4254	1.5654162412061885e-09
Disease	disease_4226	1.5654162412061885e-09
Disease	disease_21522	1.5648895127187812e-09
Disease	disease_16057	1.5631793066426023e-09
Disease	disease_19772	1.563073619517146e-09
Disease	disease_16744	1.5630251022151955e-09
Disease	disease_3553	1.562141055375501e-09
Disease	disease_7994	1.5601342516318207e-09
Disease	disease_7280	1.5594524223728202e-09
Disease	disease_21474	1.5579020452064842e-09
Disease	disease_6975	1.555769841468108e-09
Disease	disease_10801	1.5544045641101165e-09
Disease	disease_16725	1.551827233271008e-09
Disease	disease_54708	1.5516873438136546e-09
Disease	disease_12128	1.5515899339900338e-09
Disease	disease_7377	1.5510270910027615e-09
Disease	disease_4862	1.5494465277498079e-09
Disease	disease_2299	1.5470029370985416e-09
Disease	disease_5514	1.545819432482502e-09
Disease	disease_12983	1.5445470650874802e-09
Disease	disease_17180	1.5435129217557787e-09
Disease	disease_21517	1.5421422548475376e-09
Disease	disease_14424	1.5404141506629666e-09
Disease	disease_11880	1.5403453541493403e-09
Disease	disease_8274	1.540117985743987e-09
Disease	disease_13469	1.5395343404155876e-09
Disease	disease_6086	1.5391087129311626e-09
Disease	disease_44784	1.5391087129311626e-09
Disease	disease_9979	1.5387623843424482e-09
Disease	disease_12674	1.5364770171177192e-09
Disease	disease_100114	1.5364770171177192e-09
Disease	disease_7216	1.535397441056128e-09
Disease	disease_7289	1.5349245184635037e-09
Disease	disease_10154	1.5324770187040034e-09
Disease	disease_8950	1.529397922974633e-09
Disease	disease_17903	1.5291293715657129e-09
Disease	disease_12701	1.52903971878456e-09
Disease	disease_17980	1.5286708949973801e-09
Disease	disease_19413	1.5286708949973801e-09
Disease	disease_16622	1.5286708949973801e-09
Disease	disease_4374	1.5262282908981265e-09
Disease	disease_12607	1.526005369280273e-09
Disease	disease_14184	1.525735921374093e-09
Disease	disease_11296	1.5256063999836098e-09
Disease	disease_16414	1.5254724943830254e-09
Disease	disease_13849	1.5253713826168363e-09
Disease	disease_7392	1.525016227373824e-09
Disease	disease_7376	1.5243660904499963e-09
Disease	disease_12753	1.5241352594107474e-09
Disease	disease_10104	1.5235839119290361e-09
Disease	disease_19449	1.5233502112247683e-09
Disease	disease_8973	1.52228244356736e-09
Disease	disease_21445	1.5220387983507614e-09
Disease	disease_43094	1.521426843478975e-09
Disease	disease_2734	1.518282763920027e-09
Disease	disease_24245	1.5169449626248876e-09
Disease	disease_23039	1.5169449626248876e-09
Disease	disease_4333	1.516856085801009e-09
Disease	disease_20790	1.5139157338016752e-09
Disease	disease_15635	1.5137934809696372e-09
Disease	disease_14999	1.5133695732495892e-09
Disease	disease_15241	1.512590371079342e-09
Disease	disease_17812	1.5110910575562708e-09
Disease	disease_12796	1.5103415881829338e-09
Disease	disease_20717	1.5093034154971217e-09
Disease	disease_12489	1.5074557090106556e-09
Disease	disease_3515	1.5054715791305124e-09
Disease	disease_44768	1.5049732539026973e-09
Disease	disease_8374	1.499682805068514e-09
Disease	disease_20172	1.4966850410037863e-09
Disease	disease_14164	1.4958653928191226e-09
Disease	disease_20130	1.4945396461329476e-09
Disease	disease_12626	1.4939868956512195e-09
Disease	disease_3884	1.4930009165126207e-09
Disease	disease_11015	1.4922801413948182e-09
Disease	disease_1575	1.4913267585735557e-09
Disease	disease_4044	1.4889435767708782e-09
Disease	disease_16935	1.4879922278753677e-09
Disease	disease_12139	1.485881596701363e-09
Disease	disease_1878	1.4849513840539707e-09
Disease	disease_14139	1.4844887428853558e-09
Disease	disease_10855	1.484120217290198e-09
Disease	disease_2163	1.4837713230648682e-09
Disease	disease_7218	1.4822310932458671e-09
Disease	disease_2368	1.4780859015538767e-09
Disease	disease_6182	1.4775162083901878e-09
Disease	disease_14425	1.4763283630101073e-09
Disease	disease_2684	1.4710725993435267e-09
Disease	disease_2683	1.4710725993435267e-09
Disease	disease_12067	1.4704435659523796e-09
Disease	disease_7238	1.4692794458314505e-09
Disease	disease_7696	1.4691485058244053e-09
Disease	disease_17277	1.46549542219146e-09
Disease	disease_20651	1.4649420347427369e-09
Disease	disease_928	1.4624253625437046e-09
Disease	disease_16577	1.461323630104758e-09
Disease	disease_5562	1.4597848811313597e-09
Disease	disease_16644	1.4597213958507934e-09
Disease	disease_3777	1.4576954861526374e-09
Disease	disease_10521	1.456620898468752e-09
Disease	disease_12640	1.4561333275325684e-09
Disease	disease_11898	1.4558762495495309e-09
Disease	disease_3248	1.4551071317676064e-09
Disease	disease_12813	1.452859564349855e-09
Disease	disease_10693	1.4491226902044071e-09
Disease	disease_13328	1.4472101236776863e-09
Disease	disease_16921	1.4419704165453496e-09
Disease	disease_12046	1.438206268646537e-09
Disease	disease_4462	1.4379834652703e-09
Disease	disease_20736	1.4365897767334846e-09
Disease	disease_21523	1.4357712243586944e-09
Disease	disease_12195	1.434911833536435e-09
Disease	disease_30877	1.4347369092526163e-09
Disease	disease_8993	1.4333914332564394e-09
Disease	disease_8744	1.4330189926207143e-09
Disease	disease_3926	1.4327380975403675e-09
Disease	disease_5312	1.432679301382926e-09
Disease	disease_44982	1.4323866790154652e-09
Disease	disease_18280	1.4316990439148988e-09
Disease	disease_17428	1.4305742160280288e-09
Disease	disease_10228	1.4299002039439013e-09
Disease	disease_11355	1.4285896092483396e-09
Disease	disease_19676	1.4275900050025506e-09
Disease	disease_44275	1.426271888143989e-09
Disease	disease_25167	1.4260018666204691e-09
Disease	disease_25417	1.4260018666204691e-09
Disease	disease_25381	1.4260018666204691e-09
Disease	disease_13702	1.4239951301036398e-09
Disease	disease_8107	1.4234603468056339e-09
Disease	disease_16219	1.423208981263195e-09
Disease	disease_8372	1.423125352332007e-09
Disease	disease_17203	1.421924766234527e-09
Disease	disease_20353	1.4216146169934403e-09
Disease	disease_16762	1.4216146169934403e-09
Disease	disease_11522	1.4214057375893254e-09
Disease	disease_11530	1.419433516690681e-09
Disease	disease_3715	1.4168448045944828e-09
Disease	disease_2965	1.4157628759252712e-09
Disease	disease_32794	1.4124071895447316e-09
Disease	disease_3894	1.4110161922048308e-09
Disease	disease_16929	1.410639920655963e-09
Disease	disease_4324	1.4106267272620694e-09
Disease	disease_18083	1.4096672551281183e-09
Disease	disease_2856	1.4095359343191487e-09
Disease	disease_7217	1.4089822617990247e-09
Disease	disease_13630	1.4085224551780724e-09
Disease	disease_2253	1.4069085372129644e-09
Disease	disease_22094	1.403146392467991e-09
Disease	disease_43174	1.403146392467991e-09
Disease	disease_42498	1.403146392467991e-09
Disease	disease_23059	1.403146392467991e-09
Disease	disease_35122	1.403146392467991e-09
Disease	disease_22067	1.403146392467991e-09
Disease	disease_23561	1.403146392467991e-09
Disease	disease_17642	1.403146392467991e-09
Disease	disease_16821	1.403146392467991e-09
Disease	disease_17613	1.403146392467991e-09
Disease	disease_22934	1.403146392467991e-09
Disease	disease_4274	1.4013706272582133e-09
Disease	disease_4601	1.400185944969673e-09
Disease	disease_4646	1.400185944969673e-09
Disease	disease_13045	1.3995082554184538e-09
Disease	disease_12606	1.3995082554184538e-09
Disease	disease_10282	1.3995082554184538e-09
Disease	disease_11941	1.3995082554184538e-09
Disease	disease_10252	1.3990182488958345e-09
Disease	disease_2810	1.3987877452779609e-09
Disease	disease_20850	1.3984451098400433e-09
Disease	disease_2189	1.3975100371990701e-09
Disease	disease_21275	1.397256673895136e-09
Disease	disease_13996	1.394943170538061e-09
Disease	disease_16888	1.3929843006741371e-09
Disease	disease_18618	1.3921132045043004e-09
Disease	disease_3896	1.3917433147807152e-09
Disease	disease_3432	1.3876618747131831e-09
Disease	disease_8671	1.387089147168045e-09
Disease	disease_20688	1.3852539477104488e-09
Disease	disease_1411	1.3832473370040398e-09
Disease	disease_13959	1.3830148044485286e-09
Disease	disease_11920	1.3818031887862804e-09
Disease	disease_12947	1.3804706762983904e-09
Disease	disease_20064	1.3759550425795298e-09
Disease	disease_11519	1.3731378933656043e-09
Disease	disease_12989	1.3723017658587758e-09
Disease	disease_3052	1.371602105127766e-09
Disease	disease_3051	1.371602105127766e-09
Disease	disease_5605	1.3713127386962634e-09
Disease	disease_10818	1.3689826861649567e-09
Disease	disease_7278	1.3678085791973882e-09
Disease	disease_14022	1.3665125426361328e-09
Disease	disease_14651	1.3661530940435777e-09
Disease	disease_14860	1.3661166776337625e-09
Disease	disease_14177	1.36588703940793e-09
Disease	disease_1005	1.3650966989586652e-09
Disease	disease_16611	1.3609055077635144e-09
Disease	disease_6353	1.36011181238666e-09
Disease	disease_4173	1.3599268803406425e-09
Disease	disease_21513	1.3573971339290441e-09
Disease	disease_22737	1.3566099390118578e-09
Disease	disease_7287	1.3556030145895309e-09
Disease	disease_17421	1.3553467424868931e-09
Disease	disease_11691	1.3552261318190965e-09
Disease	disease_17788	1.3547723864352573e-09
Disease	disease_16458	1.3537383347833813e-09
Disease	disease_44313	1.3534212024582474e-09
Disease	disease_11480	1.3532513495029046e-09
Disease	disease_16373	1.3517870361775095e-09
Disease	disease_60670	1.3506212383733429e-09
Disease	disease_4053	1.3489040634183343e-09
Disease	disease_12523	1.3486694110977865e-09
Disease	disease_22642	1.3480039798202068e-09
Disease	disease_4679	1.347460104753638e-09
Disease	disease_20780	1.3471761457438264e-09
Disease	disease_17237	1.345608804559025e-09
Disease	disease_21477	1.3450075089987005e-09
Disease	disease_14075	1.3437378558061003e-09
Disease	disease_1349	1.3430762289579851e-09
Disease	disease_5591	1.3430762289579851e-09
Disease	disease_5592	1.3430762289579851e-09
Disease	disease_14524	1.341259891355072e-09
Disease	disease_15250	1.3412062938231163e-09
Disease	disease_6549	1.3391728433191733e-09
Disease	disease_8654	1.3375057252887197e-09
Disease	disease_1330	1.3374784814750105e-09
Disease	disease_1426	1.3373199047435537e-09
Disease	disease_10722	1.336702942608086e-09
Disease	disease_1588	1.3360198811934713e-09
Disease	disease_4800	1.3360198811934713e-09
Disease	disease_3706	1.335321885450746e-09
Disease	disease_1335	1.3347749496484892e-09
Disease	disease_13904	1.3346401300460529e-09
Disease	disease_13491	1.3339494656643999e-09
Disease	disease_16656	1.331475146710727e-09
Disease	disease_14710	1.3313067016876747e-09
Disease	disease_15398	1.3308635867985612e-09
Disease	disease_10525	1.3289213408816053e-09
Disease	disease_3557	1.3275337232652757e-09
Disease	disease_3844	1.325669042256039e-09
Disease	disease_14345	1.3214937236504289e-09
Disease	disease_100016	1.320617408562369e-09
Disease	disease_1313	1.3194456550722772e-09
Disease	disease_14228	1.3190612498026388e-09
Disease	disease_14229	1.3186892414501471e-09
Disease	disease_10986	1.3152571410755496e-09
Disease	disease_14426	1.3151832568764796e-09
Disease	disease_11900	1.3144889345378602e-09
Disease	disease_12857	1.3144889345378602e-09
Disease	disease_3066	1.3135297161214286e-09
Disease	disease_12707	1.3115692075921058e-09
Disease	disease_13375	1.3097251079938053e-09
Disease	disease_12525	1.3095021610153675e-09
Disease	disease_9588	1.308171463109938e-09
Disease	disease_16970	1.3077299998293996e-09
Disease	disease_4919	1.3057881642964435e-09
Disease	disease_14635	1.3053769428218281e-09
Disease	disease_32912	1.3045735545249874e-09
Disease	disease_22826	1.3033436601738998e-09
Disease	disease_2362	1.3026364879843542e-09
Disease	disease_14542	1.3024782901699805e-09
Disease	disease_1789	1.2988214570240665e-09
Disease	disease_20390	1.2987237734181072e-09
Disease	disease_4764	1.2980055518066997e-09
Disease	disease_1747	1.2980055518066997e-09
Disease	disease_1533	1.2980055518066997e-09
Disease	disease_13064	1.2979576278678918e-09
Disease	disease_17997	1.2976730768749956e-09
Disease	disease_6483	1.2970761708540306e-09
Disease	disease_11395	1.2969919900932053e-09
Disease	disease_10329	1.2951063860760567e-09
Disease	disease_16758	1.2947756757122362e-09
Disease	disease_292	1.2937333327071824e-09
Disease	disease_43349	1.2930036472859144e-09
Disease	disease_10932	1.2921731040165668e-09
Disease	disease_18832	1.291480119381912e-09
Disease	disease_2170	1.2875743953194598e-09
Disease	disease_10259	1.287240547169677e-09
Disease	disease_14074	1.284773755537277e-09
Disease	disease_15272	1.2837224352711847e-09
Disease	disease_18651	1.283291841790788e-09
Disease	disease_14989	1.2817407070343828e-09
Disease	disease_12260	1.2804239133011606e-09
Disease	disease_13450	1.276557000042597e-09
Disease	disease_7630	1.273257789502826e-09
Disease	disease_13356	1.2729780171744689e-09
Disease	disease_30864	1.2697331375651646e-09
Disease	disease_21472	1.2689205380278818e-09
Disease	disease_11957	1.2684359592865574e-09
Disease	disease_21483	1.2662621941350248e-09
Disease	disease_21484	1.266247054032744e-09
Disease	disease_21515	1.263821005144189e-09
Disease	disease_32643	1.2636665381681702e-09
Disease	disease_14967	1.2632083797412379e-09
Disease	disease_15772	1.2625101757262618e-09
Disease	disease_10510	1.2618304034137859e-09
Disease	disease_7213	1.2611696775164373e-09
Disease	disease_16144	1.2596835610039672e-09
Disease	disease_16078	1.2583315351954608e-09
Disease	disease_19348	1.2555478829303408e-09
Disease	disease_13859	1.2547479860291682e-09
Disease	disease_20857	1.254244802125187e-09
Disease	disease_3735	1.2541642659714327e-09
Disease	disease_11320	1.2538809159209817e-09
Disease	disease_20357	1.2534345674327198e-09
Disease	disease_17929	1.2496603218566153e-09
Disease	disease_7286	1.2494590775206314e-09
Disease	disease_8131	1.249065249663672e-09
Disease	disease_17659	1.2484282015009164e-09
Disease	disease_4709	1.2482353550198673e-09
Disease	disease_14920	1.2481377678687263e-09
Disease	disease_9467	1.2475547401554257e-09
Disease	disease_14283	1.2465526088429386e-09
Disease	disease_421	1.2446957629836016e-09
Disease	disease_3809	1.2442469994651746e-09
Disease	disease_30997	1.242791337987433e-09
Disease	disease_15418	1.2417854855813398e-09
Disease	disease_8271	1.2399741543347433e-09
Disease	disease_32753	1.2397514938164784e-09
Disease	disease_13338	1.2380411980670234e-09
Disease	disease_2676	1.2369699167581712e-09
Disease	disease_8138	1.235641756648181e-09
Disease	disease_9647	1.2322824181852557e-09
Disease	disease_1514	1.2292090527781527e-09
Disease	disease_3994	1.2267214300156023e-09
Disease	disease_5778	1.2265936307418698e-09
Disease	disease_5891	1.2265936307418698e-09
Disease	disease_21476	1.2200050449617091e-09
Disease	disease_18847	1.218770830627474e-09
Disease	disease_60585	1.2183504429392948e-09
Disease	disease_1793	1.2171252114299762e-09
Disease	disease_43678	1.2154063531732879e-09
Disease	disease_43085	1.2154063531732879e-09
Disease	disease_22755	1.2154063531732879e-09
Disease	disease_22177	1.2154063531732879e-09
Disease	disease_22759	1.2154063531732879e-09
Disease	disease_22760	1.2154063531732879e-09
Disease	disease_22173	1.2154063531732879e-09
Disease	disease_22180	1.2154063531732879e-09
Disease	disease_22178	1.2154063531732879e-09
Disease	disease_22756	1.2154063531732879e-09
Disease	disease_22174	1.2154063531732879e-09
Disease	disease_22757	1.2154063531732879e-09
Disease	disease_23099	1.2154063531732879e-09
Disease	disease_22746	1.2154063531732879e-09
Disease	disease_22758	1.2154063531732879e-09
Disease	disease_3810	1.2152980208323118e-09
Disease	disease_4444	1.2152980208323118e-09
Disease	disease_4445	1.2152980208323118e-09
Disease	disease_32873	1.2142358362173374e-09
Disease	disease_21506	1.2132108498224435e-09
Disease	disease_4046	1.2120815415076323e-09
Disease	disease_520	1.2116893242257176e-09
Disease	disease_4149	1.2103076296030039e-09
Disease	disease_54806	1.2092371529526294e-09
Disease	disease_16979	1.2092107735201725e-09
Disease	disease_3154	1.2089924257293828e-09
Disease	disease_11415	1.2089225672005192e-09
Disease	disease_3952	1.2081805889828745e-09
Disease	disease_4381	1.2068083096086129e-09
Disease	disease_14256	1.2067110058645935e-09
Disease	disease_3153	1.20234756685283e-09
Disease	disease_54850	1.2022257874558641e-09
Disease	disease_8620	1.2019115034308884e-09
Disease	disease_8781	1.201595959599213e-09
Disease	disease_24323	1.2004882257289797e-09
Disease	disease_4561	1.2004874674413477e-09
Disease	disease_15256	1.1978530102749397e-09
Disease	disease_1331	1.1954327981718667e-09
Disease	disease_3897	1.193903285281557e-09
Disease	disease_1377	1.1927370128768474e-09
Disease	disease_24287	1.1899813629451082e-09
Disease	disease_5791	1.1899217014887118e-09
Disease	disease_19998	1.1890074855779479e-09
Disease	disease_4129	1.1867366381222627e-09
Disease	disease_1293	1.185865013638575e-09
Disease	disease_4557	1.181304515291319e-09
Disease	disease_22055	1.1803342618597247e-09
Disease	disease_13697	1.1757644239756198e-09
Disease	disease_23129	1.1753706030984182e-09
Disease	disease_4702	1.1753076957388155e-09
Disease	disease_4055	1.174131274483318e-09
Disease	disease_20711	1.1740396062717559e-09
Disease	disease_20385	1.1731282442742166e-09
Disease	disease_16302	1.1731282442742166e-09
Disease	disease_16303	1.1731282442742166e-09
Disease	disease_32694	1.1722766861845698e-09
Disease	disease_16937	1.171005867217963e-09
Disease	disease_16664	1.1695783536673672e-09
Disease	disease_4827	1.1688674524586024e-09
Disease	disease_22672	1.1678832411334069e-09
Disease	disease_22567	1.1678832411334069e-09
Disease	disease_22673	1.1678832411334069e-09
Disease	disease_14028	1.1678306062829716e-09
Disease	disease_6200	1.1674495806367662e-09
Disease	disease_4062	1.1672681632257148e-09
Disease	disease_13751	1.1661990000142751e-09
Disease	disease_21582	1.1661407465779585e-09
Disease	disease_11065	1.1641698783604832e-09
Disease	disease_54861	1.1637571013515069e-09
Disease	disease_17334	1.1583919714909348e-09
Disease	disease_19900	1.1583919714909348e-09
Disease	disease_20406	1.1573968191337833e-09
Disease	disease_20407	1.1573968191337833e-09
Disease	disease_20408	1.1573968191337833e-09
Disease	disease_11621	1.1570265736023622e-09
Disease	disease_18885	1.1558708243014732e-09
Disease	disease_12355	1.1538876470292235e-09
Disease	disease_8514	1.1537022721574242e-09
Disease	disease_446	1.1511297271372776e-09
Disease	disease_5610	1.1511297271372776e-09
Disease	disease_23106	1.1511297271372776e-09
Disease	disease_23599	1.1511297271372776e-09
Disease	disease_21834	1.1511297271372776e-09
Disease	disease_5572	1.1506608379196712e-09
Disease	disease_2440	1.1506608379196712e-09
Disease	disease_2437	1.1506608379196712e-09
Disease	disease_10761	1.1505172636178819e-09
Disease	disease_3910	1.1493967881999747e-09
Disease	disease_3944	1.1487200067715908e-09
Disease	disease_23165	1.1474719470657426e-09
Disease	disease_9631	1.146638638761294e-09
Disease	disease_14749	1.146147107059909e-09
Disease	disease_16917	1.1455083358186363e-09
Disease	disease_479	1.1451715754028344e-09
Disease	disease_12254	1.1446288114994471e-09
Disease	disease_24532	1.1431570857008399e-09
Disease	disease_7282	1.143070244596613e-09
Disease	disease_14649	1.1422267271667734e-09
Disease	disease_1542	1.1415908267304013e-09
Disease	disease_14390	1.1386788918509685e-09
Disease	disease_15907	1.137298199466057e-09
Disease	disease_11591	1.1365906402615684e-09
Disease	disease_21548	1.1365906402615684e-09
Disease	disease_363	1.1345778808090702e-09
Disease	disease_4911	1.1345778808090702e-09
Disease	disease_2194	1.1345025407504554e-09
Disease	disease_37739	1.13448427782083e-09
Disease	disease_13207	1.1343769739786427e-09
Disease	disease_13205	1.1343769739786427e-09
Disease	disease_5182	1.1330937293914963e-09
Disease	disease_13823	1.1294004757294968e-09
Disease	disease_9235	1.1272969140622992e-09
Disease	disease_15314	1.1260846521176526e-09
Disease	disease_15396	1.1260846521176526e-09
Disease	disease_16530	1.1260846521176526e-09
Disease	disease_10453	1.1252541367220423e-09
Disease	disease_336	1.1252506351401902e-09
Disease	disease_335	1.1252506351401902e-09
Disease	disease_3927	1.1250756560025654e-09
Disease	disease_4365	1.1236793071459585e-09
Disease	disease_2351	1.1229510415653093e-09
Disease	disease_1724	1.1223495427840808e-09
Disease	disease_7787	1.1219375520497089e-09
Disease	disease_957	1.1212959519808986e-09
Disease	disease_2511	1.1212959519808986e-09
Disease	disease_1766	1.1212959519808986e-09
Disease	disease_1851	1.1212959519808986e-09
Disease	disease_2124	1.1212959519808986e-09
Disease	disease_7341	1.1207805092672492e-09
Disease	disease_6393	1.1203472341604335e-09
Disease	disease_17931	1.11985959695304e-09
Disease	disease_33199	1.1197519679293941e-09
Disease	disease_14549	1.1193844415599496e-09
Disease	disease_21508	1.1187283304864977e-09
Disease	disease_20358	1.1182307202270262e-09
Disease	disease_1779	1.116136846714136e-09
Disease	disease_8518	1.1158923957146931e-09
Disease	disease_19679	1.1158885881345639e-09
Disease	disease_16103	1.1158813461757504e-09
Disease	disease_10755	1.1151539822685153e-09
Disease	disease_4927	1.1151483136200833e-09
Disease	disease_4542	1.1144621538426299e-09
Disease	disease_4909	1.1139905776864278e-09
Disease	disease_1730	1.1139905776864278e-09
Disease	disease_4760	1.1139905776864278e-09
Disease	disease_13244	1.1117952479929825e-09
Disease	disease_12421	1.1087941484326145e-09
Disease	disease_54666	1.1084222260315295e-09
Disease	disease_11079	1.107357189235931e-09
Disease	disease_6172	1.1071703817972553e-09
Disease	disease_4253	1.1051771912132353e-09
Disease	disease_13783	1.1048629225225746e-09
Disease	disease_32583	1.10451862260506e-09
Disease	disease_4108	1.1031544460803913e-09
Disease	disease_16572	1.1006334432025978e-09
Disease	disease_3464	1.0999027057560986e-09
Disease	disease_16188	1.09744349459289e-09
Disease	disease_13489	1.0951151704284858e-09
Disease	disease_9500	1.0949772946150433e-09
Disease	disease_4162	1.0940400473381155e-09
Disease	disease_1846	1.0940400473381155e-09
Disease	disease_2740	1.0924516352585767e-09
Disease	disease_6842	1.0911429797457467e-09
Disease	disease_11984	1.0910738688126305e-09
Disease	disease_3205	1.089545624888422e-09
Disease	disease_1663	1.0882109312715422e-09
Disease	disease_2174	1.0882109312715422e-09
Disease	disease_1919	1.0882109312715422e-09
Disease	disease_4904	1.0882109312715422e-09
Disease	disease_2534	1.0876818055395515e-09
Disease	disease_16927	1.0861257854537458e-09
Disease	disease_20762	1.0860508295472267e-09
Disease	disease_21812	1.0816863298211526e-09
Disease	disease_19892	1.079415312868318e-09
Disease	disease_6489	1.0786965856188926e-09
Disease	disease_13312	1.0779751303508311e-09
Disease	disease_9200	1.0775002131469186e-09
Disease	disease_13002	1.0761969998806367e-09
Disease	disease_11226	1.0741532180549354e-09
Disease	disease_11370	1.0722141560101668e-09
Disease	disease_13651	1.0705840321325585e-09
Disease	disease_10087	1.0685568591636333e-09
Disease	disease_10538	1.0682354239116628e-09
Disease	disease_22618	1.0666009369075535e-09
Disease	disease_21276	1.0657753779201089e-09
Disease	disease_1363	1.0652152513615704e-09
Disease	disease_13963	1.0650795232688746e-09
Disease	disease_19899	1.0633700591607257e-09
Disease	disease_35121	1.0623044763207456e-09
Disease	disease_14430	1.062223453972416e-09
Disease	disease_10905	1.0614185635236873e-09
Disease	disease_9988	1.0602764777527658e-09
Disease	disease_32649	1.0583943145488691e-09
Disease	disease_100203	1.0580490876978027e-09
Disease	disease_11695	1.0575723663508287e-09
Disease	disease_11696	1.0575723663508287e-09
Disease	disease_16850	1.0574975357731812e-09
Disease	disease_25163	1.0559410443154702e-09
Disease	disease_25100	1.0559410443154702e-09
Disease	disease_25489	1.0559410443154702e-09
Disease	disease_17348	1.0538357610761271e-09
Disease	disease_13137	1.05195380328843e-09
Disease	disease_2940	1.0500567046288547e-09
Disease	disease_21206	1.0482614068765002e-09
Disease	disease_24293	1.0482097971433086e-09
Disease	disease_18283	1.0477067091270717e-09
Disease	disease_3509	1.0445219359686224e-09
Disease	disease_12485	1.0441706505834917e-09
Disease	disease_20373	1.0424343917456106e-09
Disease	disease_17568	1.0423842897792188e-09
Disease	disease_4312	1.0419124587153107e-09
Disease	disease_13305	1.0410007564418173e-09
Disease	disease_10322	1.039549295294537e-09
Disease	disease_19608	1.0393486325608966e-09
Disease	disease_20742	1.0381529717581614e-09
Disease	disease_12262	1.037995789581709e-09
Disease	disease_963	1.0379491972762411e-09
Disease	disease_11568	1.0373026537379305e-09
Disease	disease_15637	1.037299592000708e-09
Disease	disease_4787	1.0370903924127374e-09
Disease	disease_12976	1.036551957924086e-09
Disease	disease_30974	1.0362279876123653e-09
Disease	disease_11893	1.0354684147179093e-09
Disease	disease_11657	1.0354684147179093e-09
Disease	disease_14291	1.0354684147179093e-09
Disease	disease_13896	1.03185491048695e-09
Disease	disease_9987	1.0316860448526285e-09
Disease	disease_1869	1.0314638206413478e-09
Disease	disease_22586	1.0301942136517676e-09
Disease	disease_21762	1.0301942136517676e-09
Disease	disease_24534	1.0291094332945224e-09
Disease	disease_513	1.0274163187650558e-09
Disease	disease_14069	1.0245452060772545e-09
Disease	disease_11372	1.0237939084534027e-09
Disease	disease_60732	1.0234221068158097e-09
Disease	disease_4738	1.022463306816795e-09
Disease	disease_11103	1.0218713629593379e-09
Disease	disease_15429	1.0211112246152934e-09
Disease	disease_10915	1.0196968188046099e-09
Disease	disease_19489	1.0192356858697087e-09
Disease	disease_30934	1.0177807299396823e-09
Disease	disease_10887	1.0168538210861944e-09
Disease	disease_16446	1.0139409089915639e-09
Disease	disease_11952	1.0132579492569927e-09
Disease	disease_21520	1.0127971479433444e-09
Disease	disease_32792	1.0123324986105975e-09
Disease	disease_12274	1.009174320198887e-09
Disease	disease_3993	1.0063795716747106e-09
Disease	disease_16871	1.004911162678235e-09
Disease	disease_13666	1.0047138671438624e-09
Disease	disease_33260	1.0044028932919644e-09
Disease	disease_15698	1.0041708039514446e-09
Disease	disease_33202	1.0035609610800213e-09
Disease	disease_8826	1.0034045422865727e-09
Disease	disease_3938	1.0030856860368302e-09
Disease	disease_2750	1.0030856860368302e-09
Disease	disease_4458	1.0030856860368302e-09
Disease	disease_10307	1.0021207341489334e-09
Disease	disease_11659	1.0015458019929453e-09
Disease	disease_19862	1.0015458019929453e-09
Disease	disease_12144	1.001422392117209e-09
Disease	disease_9984	1.0007546347435715e-09
Disease	disease_19678	1.0002616528834107e-09
Disease	disease_2955	9.99487293896425e-10
Disease	disease_4212	9.99487293896425e-10
Disease	disease_4213	9.99487293896425e-10
Disease	disease_14965	9.982570298348745e-10
Disease	disease_13689	9.97268583407196e-10
Disease	disease_5892	9.97240767509722e-10
Disease	disease_30953	9.959653076759052e-10
Disease	disease_3980	9.953373928411644e-10
Disease	disease_15543	9.942437948691445e-10
Disease	disease_15544	9.942437948691445e-10
Disease	disease_10366	9.92515310663251e-10
Disease	disease_10316	9.92515310663251e-10
Disease	disease_18818	9.920844827751914e-10
Disease	disease_4637	9.899977072706425e-10
Disease	disease_10290	9.89901863583833e-10
Disease	disease_16868	9.897636040268273e-10
Disease	disease_8268	9.891059659886165e-10
Disease	disease_13965	9.87834589957326e-10
Disease	disease_3702	9.8780744252294e-10
Disease	disease_11074	9.872510380691668e-10
Disease	disease_14932	9.862926376627117e-10
Disease	disease_14740	9.86221196765843e-10
Disease	disease_10435	9.860597993345836e-10
Disease	disease_10231	9.841992107007952e-10
Disease	disease_12990	9.836445658094863e-10
Disease	disease_12993	9.831675814378417e-10
Disease	disease_17628	9.823164892922091e-10
Disease	disease_14880	9.810968659030517e-10
Disease	disease_20979	9.806224775819775e-10
Disease	disease_10963	9.789045793021827e-10
Disease	disease_10251	9.777686080701525e-10
Disease	disease_7590	9.77616374098945e-10
Disease	disease_22622	9.769454589312877e-10
Disease	disease_6213	9.767728664762868e-10
Disease	disease_14560	9.758445753977808e-10
Disease	disease_7388	9.75164704230187e-10
Disease	disease_15640	9.750623381988697e-10
Disease	disease_15641	9.750623381988697e-10
Disease	disease_2310	9.727983378999587e-10
Disease	disease_1523	9.727983378999587e-10
Disease	disease_18447	9.722078179086452e-10
Disease	disease_17744	9.712327521818671e-10
Disease	disease_6841	9.712081899607234e-10
Disease	disease_15408	9.712081899607234e-10
Disease	disease_44682	9.675897652691313e-10
Disease	disease_30876	9.668169033145797e-10
Disease	disease_27048	9.643440332902593e-10
Disease	disease_2779	9.638887576088501e-10
Disease	disease_4038	9.637342372544012e-10
Disease	disease_4320	9.633716764787296e-10
Disease	disease_14990	9.606213524874183e-10
Disease	disease_15678	9.5754302608971e-10
Disease	disease_8135	9.549945382304342e-10
Disease	disease_10414	9.508483313023066e-10
Disease	disease_16150	9.504656284467836e-10
Disease	disease_11259	9.49613482077163e-10
Disease	disease_10374	9.49613482077163e-10
Disease	disease_15773	9.489075695488943e-10
Disease	disease_12395	9.488567754678655e-10
Disease	disease_18553	9.470114862985056e-10
Disease	disease_18552	9.470114862985056e-10
Disease	disease_21845	9.46948023915731e-10
Disease	disease_6321	9.461494087193438e-10
Disease	disease_20556	9.427724624309162e-10
Disease	disease_20557	9.427724624309162e-10
Disease	disease_17289	9.427724624309162e-10
Disease	disease_20555	9.427724624309162e-10
Disease	disease_3700	9.426003835140273e-10
Disease	disease_4385	9.420395967449242e-10
Disease	disease_12023	9.418854217878721e-10
Disease	disease_8517	9.416188175073793e-10
Disease	disease_11109	9.407398157463575e-10
Disease	disease_3808	9.385592074381777e-10
Disease	disease_21078	9.359608862556648e-10
Disease	disease_12975	9.337197475763793e-10
Disease	disease_4383	9.335792539129204e-10
Disease	disease_20582	9.299374276981417e-10
Disease	disease_4509	9.29928320619548e-10
Disease	disease_4353	9.29928320619548e-10
Disease	disease_8483	9.295649213468843e-10
Disease	disease_17583	9.291454188247184e-10
Disease	disease_16963	9.28769549820125e-10
Disease	disease_14738	9.277515601134495e-10
Disease	disease_8606	9.274416343940792e-10
Disease	disease_20690	9.260867433404866e-10
Disease	disease_8601	9.257774656015533e-10
Disease	disease_10443	9.253329336411845e-10
Disease	disease_43096	9.236096580663972e-10
Disease	disease_8607	9.227592786373509e-10
Disease	disease_31003	9.226851905654009e-10
Disease	disease_9580	9.21513966722108e-10
Disease	disease_8774	9.210694016049616e-10
Disease	disease_16077	9.198763600774555e-10
Disease	disease_21290	9.196414010195298e-10
Disease	disease_13716	9.18277797122486e-10
Disease	disease_12343	9.18277797122486e-10
Disease	disease_12751	9.18277797122486e-10
Disease	disease_3753	9.138358124488602e-10
Disease	disease_16317	9.138136071059396e-10
Disease	disease_14130	9.117589665408067e-10
Disease	disease_21298	9.115798620714883e-10
Disease	disease_1009	9.112593553519238e-10
Disease	disease_4406	9.099068237153912e-10
Disease	disease_11954	9.098278646450643e-10
Disease	disease_12842	9.098278646450643e-10
Disease	disease_10245	9.089486774406583e-10
Disease	disease_18064	9.087151148459409e-10
Disease	disease_15086	9.087151148459409e-10
Disease	disease_11253	9.087151148459409e-10
Disease	disease_7177	9.075506094700916e-10
Disease	disease_13774	9.073981663430271e-10
Disease	disease_15712	9.066667658914754e-10
Disease	disease_3089	9.066613571084005e-10
Disease	disease_2221	9.044608627233445e-10
Disease	disease_21547	9.040636605232084e-10
Disease	disease_44978	9.03460402193707e-10
Disease	disease_3305	9.018247719944878e-10
Disease	disease_2383	9.018247719944878e-10
Disease	disease_3306	9.018247719944878e-10
Disease	disease_3302	9.018247719944878e-10
Disease	disease_9321	8.992151986260605e-10
Disease	disease_20375	8.981773517520207e-10
Disease	disease_44956	8.966014005897626e-10
Disease	disease_9156	8.932820031807493e-10
Disease	disease_4942	8.931139920414998e-10
Disease	disease_976	8.922590916960812e-10
Disease	disease_12086	8.91245578070823e-10
Disease	disease_15414	8.902902760217511e-10
Disease	disease_13744	8.890373549410227e-10
Disease	disease_11031	8.884196938647045e-10
Disease	disease_7166	8.883811652222731e-10
Disease	disease_14765	8.882318365469267e-10
Disease	disease_962	8.881885813702007e-10
Disease	disease_10393	8.873877609891564e-10
Disease	disease_21281	8.868960827194072e-10
Disease	disease_19320	8.863871029853548e-10
Disease	disease_16675	8.862087763992552e-10
Disease	disease_60489	8.858584697215993e-10
Disease	disease_44794	8.85136910404901e-10
Disease	disease_11625	8.821740865369419e-10
Disease	disease_2537	8.787861101471294e-10
Disease	disease_11104	8.781374622891247e-10
Disease	disease_11960	8.773006257841458e-10
Disease	disease_13884	8.74920372600493e-10
Disease	disease_9117	8.748511894742535e-10
Disease	disease_6427	8.745052548006172e-10
Disease	disease_1503	8.726699427604387e-10
Disease	disease_1439	8.726699427604387e-10
Disease	disease_4170	8.726699427604387e-10
Disease	disease_1360	8.726699427604387e-10
Disease	disease_11635	8.715090948762457e-10
Disease	disease_7093	8.712711029916668e-10
Disease	disease_8417	8.711692206044376e-10
Disease	disease_32811	8.702977620550423e-10
Disease	disease_33310	8.702072586494369e-10
Disease	disease_14538	8.676255807808821e-10
Disease	disease_12617	8.67286874882556e-10
Disease	disease_16959	8.669578293306321e-10
Disease	disease_6533	8.66525352959622e-10
Disease	disease_17677	8.657295447480564e-10
Disease	disease_11808	8.653081028905377e-10
Disease	disease_1230	8.635727129768579e-10
Disease	disease_13704	8.635354000022949e-10
Disease	disease_16209	8.632381788446702e-10
Disease	disease_4896	8.629759321620871e-10
Disease	disease_15755	8.616350822274505e-10
Disease	disease_2850	8.605733554279391e-10
Disease	disease_3882	8.605733554279391e-10
Disease	disease_9236	8.599870999727984e-10
Disease	disease_12083	8.588153571406806e-10
Disease	disease_10326	8.583840909428658e-10
Disease	disease_13590	8.55012845776697e-10
Disease	disease_4546	8.541888185789473e-10
Disease	disease_13385	8.532402205207292e-10
Disease	disease_13707	8.516442564237308e-10
Disease	disease_14930	8.505010021955481e-10
Disease	disease_6905	8.49033130291182e-10
Disease	disease_16984	8.49033130291182e-10
Disease	disease_18258	8.49033130291182e-10
Disease	disease_6778	8.49033130291182e-10
Disease	disease_18259	8.49033130291182e-10
Disease	disease_6813	8.49033130291182e-10
Disease	disease_18260	8.49033130291182e-10
Disease	disease_18261	8.49033130291182e-10
Disease	disease_6680	8.49033130291182e-10
Disease	disease_12310	8.485583852652438e-10
Disease	disease_13734	8.484876072582952e-10
Disease	disease_21455	8.473503878775295e-10
Disease	disease_12304	8.468421057125317e-10
Disease	disease_12305	8.468421057125317e-10
Disease	disease_16102	8.460365779668068e-10
Disease	disease_37744	8.45458576942412e-10
Disease	disease_60777	8.453384521702898e-10
Disease	disease_11102	8.453351137081931e-10
Disease	disease_49221	8.452249015170672e-10
Disease	disease_2128	8.444044475882016e-10
Disease	disease_13386	8.436398694803287e-10
Disease	disease_3731	8.435637303331678e-10
Disease	disease_14450	8.43022574346199e-10
Disease	disease_4158	8.397550297369969e-10
Disease	disease_4159	8.397550297369969e-10
Disease	disease_12270	8.349119782006784e-10
Disease	disease_11159	8.346842839321172e-10
Disease	disease_12697	8.340245046690288e-10
Disease	disease_12681	8.336589931434101e-10
Disease	disease_12972	8.336589931434101e-10
Disease	disease_16212	8.316889478732421e-10
Disease	disease_20701	8.298343654418064e-10
Disease	disease_10522	8.294600512179463e-10
Disease	disease_14026	8.27952247029823e-10
Disease	disease_30058	8.268272049097435e-10
Disease	disease_949	8.246480254271684e-10
Disease	disease_1809	8.243925078355819e-10
Disease	disease_1808	8.243925078355819e-10
Disease	disease_4936	8.243925078355819e-10
Disease	disease_1753	8.243925078355819e-10
Disease	disease_4762	8.243925078355819e-10
Disease	disease_6782	8.243925078355819e-10
Disease	disease_4010	8.24282812522194e-10
Disease	disease_2535	8.227771885051926e-10
Disease	disease_1329	8.197464699257671e-10
Disease	disease_4352	8.19084755868481e-10
Disease	disease_1055	8.155816880973841e-10
Disease	disease_20173	8.153795450512803e-10
Disease	disease_11723	8.109116479904316e-10
Disease	disease_2978	8.105081227713613e-10
Disease	disease_2579	8.105081227713613e-10
Disease	disease_3428	8.10269502136194e-10
Disease	disease_15379	8.09447228933448e-10
Disease	disease_13537	8.091956824811351e-10
Disease	disease_17631	8.089277620034576e-10
Disease	disease_13608	8.088243535070247e-10
Disease	disease_21461	8.07149664933778e-10
Disease	disease_11258	8.063163080615074e-10
Disease	disease_4788	8.054124043071641e-10
Disease	disease_10965	8.051698562911928e-10
Disease	disease_8772	8.035073307272882e-10
Disease	disease_2736	8.033348648149711e-10
Disease	disease_12974	8.017440120549203e-10
Disease	disease_12090	8.017440120549203e-10
Disease	disease_11761	8.017440120549203e-10
Disease	disease_11673	8.017440120549203e-10
Disease	disease_1513	8.013961670097842e-10
Disease	disease_4929	8.013961670097842e-10
Disease	disease_1512	8.013961670097842e-10
Disease	disease_1510	8.013961670097842e-10
Disease	disease_4673	8.002835878435045e-10
Disease	disease_1323	8.000564006417364e-10
Disease	disease_4325	7.996053888419566e-10
Disease	disease_19549	7.992435341441158e-10
Disease	disease_7220	7.978562131246867e-10
Disease	disease_1551	7.970184889625265e-10
Disease	disease_7281	7.968509150566727e-10
Disease	disease_6392	7.95599159350896e-10
Disease	disease_2290	7.948045525938195e-10
Disease	disease_14354	7.946535614139083e-10
Disease	disease_8798	7.927743917417701e-10
Disease	disease_22405	7.92640432990273e-10
Disease	disease_22397	7.92640432990273e-10
Disease	disease_22399	7.92640432990273e-10
Disease	disease_22407	7.92640432990273e-10
Disease	disease_22404	7.92640432990273e-10
Disease	disease_22400	7.92640432990273e-10
Disease	disease_12442	7.923801670149268e-10
Disease	disease_40872	7.910163967266224e-10
Disease	disease_12202	7.878695456759296e-10
Disease	disease_3096	7.864307131783597e-10
Disease	disease_20342	7.862953009277178e-10
Disease	disease_487	7.851839218891528e-10
Disease	disease_10450	7.833760859019789e-10
Disease	disease_11967	7.829647817577268e-10
Disease	disease_13031	7.829647817577268e-10
Disease	disease_32911	7.807669721637739e-10
Disease	disease_16435	7.78486570381724e-10
Disease	disease_9018	7.781873773388315e-10
Disease	disease_32729	7.765573843606894e-10
Disease	disease_10973	7.752911327334594e-10
Disease	disease_10411	7.746368277273422e-10
Disease	disease_12922	7.746368277273422e-10
Disease	disease_12785	7.746368277273422e-10
Disease	disease_12457	7.746368277273422e-10
Disease	disease_11536	7.74140447912619e-10
Disease	disease_7185	7.737410445919538e-10
Disease	disease_15767	7.726633292918629e-10
Disease	disease_4096	7.719757100548234e-10
Disease	disease_18249	7.716437685087073e-10
Disease	disease_18777	7.716437685087073e-10
Disease	disease_17454	7.716437685087073e-10
Disease	disease_32802	7.706784906289753e-10
Disease	disease_2588	7.700129892394713e-10
Disease	disease_2382	7.691813684487266e-10
Disease	disease_9558	7.688500436101452e-10
Disease	disease_10841	7.673488089577476e-10
Disease	disease_974	7.668852022045282e-10
Disease	disease_19479	7.657028272616807e-10
Disease	disease_16522	7.647099181619515e-10
Disease	disease_15457	7.647099181619515e-10
Disease	disease_16161	7.647099181619515e-10
Disease	disease_25086	7.641861085440891e-10
Disease	disease_12015	7.627260148987479e-10
Disease	disease_3841	7.626138403309878e-10
Disease	disease_15394	7.618638304272476e-10
Disease	disease_8370	7.602889254190856e-10
Disease	disease_14145	7.602489358584701e-10
Disease	disease_14927	7.577779408502425e-10
Disease	disease_3505	7.541247683580954e-10
Disease	disease_21168	7.540683251176691e-10
Disease	disease_17870	7.538561131578423e-10
Disease	disease_17866	7.538561131578423e-10
Disease	disease_26723	7.535193624978025e-10
Disease	disease_7223	7.498599008264041e-10
Disease	disease_7129	7.481586975363527e-10
Disease	disease_17727	7.459273023404476e-10
Disease	disease_12970	7.455741992454816e-10
Disease	disease_19550	7.437393431190497e-10
Disease	disease_34041	7.437393431190497e-10
Disease	disease_16454	7.437393431190497e-10
Disease	disease_18507	7.437393431190497e-10
Disease	disease_11463	7.437393431190497e-10
Disease	disease_4512	7.4364269111043e-10
Disease	disease_44327	7.429561736091606e-10
Disease	disease_3614	7.424478534109354e-10
Disease	disease_1054	7.409236621181363e-10
Disease	disease_24616	7.402948715818362e-10
Disease	disease_12299	7.401870931850076e-10
Disease	disease_24861	7.401730288704191e-10
Disease	disease_2599	7.401730288704191e-10
Disease	disease_18007	7.399730466768574e-10
Disease	disease_14411	7.367164901596267e-10
Disease	disease_13985	7.356136877698163e-10
Disease	disease_12271	7.348313836439528e-10
Disease	disease_13670	7.332039684989751e-10
Disease	disease_3984	7.305760119087976e-10
Disease	disease_33493	7.302911697551511e-10
Disease	disease_1989	7.286019772002619e-10
Disease	disease_10344	7.280462123809543e-10
Disease	disease_17102	7.270053878507684e-10
Disease	disease_17101	7.270053878507684e-10
Disease	disease_966	7.268680924024435e-10
Disease	disease_5067	7.254561472576314e-10
Disease	disease_17974	7.254475891197705e-10
Disease	disease_44632	7.244076978934331e-10
Disease	disease_13906	7.242560436296844e-10
Disease	disease_4538	7.238641370409383e-10
Disease	disease_6140	7.238641370409383e-10
Disease	disease_12293	7.225131831959461e-10
Disease	disease_33969	7.212623740899798e-10
Disease	disease_16510	7.205064138385423e-10
Disease	disease_8921	7.204463253036876e-10
Disease	disease_15741	7.194457869241318e-10
Disease	disease_11409	7.155374160127576e-10
Disease	disease_12408	7.153505321741073e-10
Disease	disease_935	7.115625232674506e-10
Disease	disease_14770	7.107278723832941e-10
Disease	disease_13705	7.106166307180516e-10
Disease	disease_8246	7.100734689970349e-10
Disease	disease_11981	7.094247139875244e-10
Disease	disease_11983	7.094247139875244e-10
Disease	disease_11980	7.094247139875244e-10
Disease	disease_17793	7.093353507814362e-10
Disease	disease_17300	7.089118511005084e-10
Disease	disease_12612	7.066280123827267e-10
Disease	disease_6460	7.05559371484761e-10
Disease	disease_3391	7.042096034265244e-10
Disease	disease_5635	7.035355920511927e-10
Disease	disease_14237	7.007652905023666e-10
Disease	disease_10347	6.989262998898745e-10
Disease	disease_14154	6.968692637723415e-10
Disease	disease_7245	6.962494690805657e-10
Disease	disease_1880	6.958161041647408e-10
Disease	disease_15203	6.947443264733336e-10
Disease	disease_7135	6.937008898107028e-10
Disease	disease_4361	6.932747708947877e-10
Disease	disease_21542	6.919488829771426e-10
Disease	disease_13709	6.918012079784214e-10
Disease	disease_12623	6.908167677674034e-10
Disease	disease_7934	6.886512755955817e-10
Disease	disease_2971	6.883845473718832e-10
Disease	disease_1168	6.88302954077152e-10
Disease	disease_12420	6.871469092487412e-10
Disease	disease_971	6.843647809937536e-10
Disease	disease_1604	6.842382229962759e-10
Disease	disease_19874	6.824407579538578e-10
Disease	disease_6280	6.81952101085741e-10
Disease	disease_22841	6.813266761126938e-10
Disease	disease_4473	6.794559811082921e-10
Disease	disease_13703	6.786443693035379e-10
Disease	disease_17302	6.782847387238402e-10
Disease	disease_15569	6.774523192557069e-10
Disease	disease_15390	6.774523192557069e-10
Disease	disease_15568	6.774523192557069e-10
Disease	disease_18757	6.774523192557069e-10
Disease	disease_3707	6.769695849058633e-10
Disease	disease_22607	6.747047435687016e-10
Disease	disease_7458	6.745586506695147e-10
Disease	disease_21488	6.742637325008692e-10
Disease	disease_15343	6.736956196584968e-10
Disease	disease_15344	6.736956196584968e-10
Disease	disease_26404	6.726917279531241e-10
Disease	disease_3801	6.726513943032048e-10
Disease	disease_10300	6.722199835666756e-10
Disease	disease_10324	6.722199835666756e-10
Disease	disease_10230	6.722199835666756e-10
Disease	disease_13749	6.710972502722285e-10
Disease	disease_3886	6.691070113280452e-10
Disease	disease_969	6.684218909792894e-10
Disease	disease_16932	6.674269396868049e-10
Disease	disease_33198	6.673824816671094e-10
Disease	disease_21109	6.671377923461144e-10
Disease	disease_19889	6.668873132250575e-10
Disease	disease_3955	6.668597799758951e-10
Disease	disease_12379	6.650933427952427e-10
Disease	disease_13180	6.650933427952427e-10
Disease	disease_12771	6.650933427952427e-10
Disease	disease_12577	6.650933427952427e-10
Disease	disease_12666	6.650933427952427e-10
Disease	disease_7040	6.643059178805607e-10
Disease	disease_11757	6.63967405798734e-10
Disease	disease_43101	6.630113288121377e-10
Disease	disease_16941	6.612446143426465e-10
Disease	disease_20428	6.610621535270003e-10
Disease	disease_54743	6.605472565783873e-10
Disease	disease_7386	6.605437003732451e-10
Disease	disease_6326	6.600127223956425e-10
Disease	disease_13694	6.597097310991994e-10
Disease	disease_16173	6.596824415358077e-10
Disease	disease_13706	6.590918065158543e-10
Disease	disease_20177	6.590107074052008e-10
Disease	disease_21288	6.56030106270637e-10
Disease	disease_4713	6.545758460947169e-10
Disease	disease_3773	6.540555275526636e-10
Disease	disease_20465	6.534482735357962e-10
Disease	disease_24480	6.534482735357962e-10
Disease	disease_15590	6.501949822418024e-10
Disease	disease_3121	6.49932955858824e-10
Disease	disease_7707	6.47658197733445e-10
Disease	disease_1547	6.474579051885504e-10
Disease	disease_1443	6.474579051885504e-10
Disease	disease_3647	6.474579051885504e-10
Disease	disease_13826	6.474550701192419e-10
Disease	disease_12619	6.444371231427805e-10
Disease	disease_8663	6.426946716574515e-10
Disease	disease_15839	6.42136688536358e-10
Disease	disease_12452	6.403748083751541e-10
Disease	disease_6085	6.400894949304946e-10
Disease	disease_1833	6.391167453037715e-10
Disease	disease_1537	6.376717625839787e-10
Disease	disease_26426	6.362371932442589e-10
Disease	disease_2808	6.351471981602623e-10
Disease	disease_7936	6.346505565421117e-10
Disease	disease_7360	6.346176817265145e-10
Disease	disease_36918	6.33888568134374e-10
Disease	disease_3867	6.33408376659961e-10
Disease	disease_6092	6.333113740674755e-10
Disease	disease_8053	6.330936461788779e-10
Disease	disease_4628	6.318824098161779e-10
Disease	disease_10309	6.317049422927821e-10
Disease	disease_1136	6.30995450772022e-10
Disease	disease_3279	6.30995450772022e-10
Disease	disease_1415	6.30995450772022e-10
Disease	disease_1048	6.295837865059777e-10
Disease	disease_2388	6.291491589173327e-10
Disease	disease_4506	6.291491589173327e-10
Disease	disease_4421	6.291491589173327e-10
Disease	disease_4505	6.291491589173327e-10
Disease	disease_4507	6.291491589173327e-10
Disease	disease_11286	6.29132863440834e-10
Disease	disease_11392	6.29132863440834e-10
Disease	disease_15302	6.289614865500615e-10
Disease	disease_17906	6.289614865500615e-10
Disease	disease_15303	6.289614865500615e-10
Disease	disease_44315	6.252940149232696e-10
Disease	disease_7224	6.231962312185464e-10
Disease	disease_16924	6.229682721470703e-10
Disease	disease_1680	6.218054049783741e-10
Disease	disease_2919	6.207641727082394e-10
Disease	disease_14182	6.189122615295459e-10
Disease	disease_25139	6.162955633049373e-10
Disease	disease_11477	6.144245768226482e-10
Disease	disease_15845	6.132424215734515e-10
Disease	disease_15844	6.132424215734515e-10
Disease	disease_14050	6.120071448053774e-10
Disease	disease_13113	6.109405530326641e-10
Disease	disease_43120	6.106515299604967e-10
Disease	disease_18767	6.106493380846619e-10
Disease	disease_1804	6.105372726520399e-10
Disease	disease_3733	6.090112662411114e-10
Disease	disease_11774	6.088855520182216e-10
Disease	disease_3444	6.088391779160472e-10
Disease	disease_3771	6.087717915235583e-10
Disease	disease_7655	6.081218899124301e-10
Disease	disease_32785	6.071901323986555e-10
Disease	disease_3843	6.068713271579988e-10
Disease	disease_14301	6.044783962426619e-10
Disease	disease_15407	6.029346160638639e-10
Disease	disease_15406	6.029346160638639e-10
Disease	disease_11999	6.010081232955819e-10
Disease	disease_6357	6.002684564988988e-10
Disease	disease_54752	5.995831439097982e-10
Disease	disease_30998	5.97792174718844e-10
Disease	disease_7332	5.977304561836629e-10
Disease	disease_4464	5.94493949167862e-10
Disease	disease_3704	5.942774174892435e-10
Disease	disease_12602	5.907415285207304e-10
Disease	disease_44880	5.907380743082858e-10
Disease	disease_4427	5.892873220364316e-10
Disease	disease_3341	5.876595619191059e-10
Disease	disease_2353	5.875341723671126e-10
Disease	disease_19128	5.866804101985152e-10
Disease	disease_933	5.853969238470762e-10
Disease	disease_3453	5.851487072714713e-10
Disease	disease_17937	5.851267773991009e-10
Disease	disease_11300	5.83145631716813e-10
Disease	disease_12045	5.83145631716813e-10
Disease	disease_21764	5.820912600433316e-10
Disease	disease_17469	5.812669485015064e-10
Disease	disease_25487	5.803836419255156e-10
Disease	disease_1144	5.792222636770602e-10
Disease	disease_1145	5.792222636770602e-10
Disease	disease_11799	5.777674277025783e-10
Disease	disease_13738	5.777674277025783e-10
Disease	disease_4188	5.761020135350955e-10
Disease	disease_17382	5.75385426274352e-10
Disease	disease_12326	5.744588174390574e-10
Disease	disease_21665	5.742245200890664e-10
Disease	disease_16936	5.734707404816325e-10
Disease	disease_24539	5.734656273861972e-10
Disease	disease_3863	5.732200734813144e-10
Disease	disease_14971	5.721677834732367e-10
Disease	disease_1655	5.705741807944301e-10
Disease	disease_1361	5.705741807944301e-10
Disease	disease_19151	5.701100919212462e-10
Disease	disease_33200	5.657042409907569e-10
Disease	disease_44811	5.646209181041818e-10
Disease	disease_11767	5.641326364755856e-10
Disease	disease_21491	5.640071543585529e-10
Disease	disease_21279	5.628199135620951e-10
Disease	disease_44885	5.619852738306124e-10
Disease	disease_3856	5.617500982528952e-10
Disease	disease_3800	5.617500982528952e-10
Disease	disease_4344	5.617500982528952e-10
Disease	disease_17104	5.58029516086497e-10
Disease	disease_12327	5.560692454635899e-10
Disease	disease_4372	5.552404379339843e-10
Disease	disease_4224	5.552404379339843e-10
Disease	disease_5837	5.521201344494595e-10
Disease	disease_3446	5.517012497698319e-10
Disease	disease_4012	5.510166780948186e-10
Disease	disease_4883	5.491403674221945e-10
Disease	disease_36990	5.489699169953576e-10
Disease	disease_4864	5.468850580011225e-10
Disease	disease_2757	5.468850580011225e-10
Disease	disease_17468	5.463915544990765e-10
Disease	disease_884	5.461883400166079e-10
Disease	disease_883	5.461883400166079e-10
Disease	disease_882	5.461883400166079e-10
Disease	disease_20814	5.457657689130249e-10
Disease	disease_20816	5.457657689130249e-10
Disease	disease_20817	5.457657689130249e-10
Disease	disease_6581	5.457657689130249e-10
Disease	disease_24227	5.457657689130249e-10
Disease	disease_24228	5.457657689130249e-10
Disease	disease_24229	5.457657689130249e-10
Disease	disease_20823	5.457657689130249e-10
Disease	disease_18154	5.432004842172118e-10
Disease	disease_8979	5.431161016609724e-10
Disease	disease_12926	5.395122814384407e-10
Disease	disease_13746	5.376958384424582e-10
Disease	disease_12971	5.371978229753354e-10
Disease	disease_17585	5.368380299227542e-10
Disease	disease_4636	5.345539708092779e-10
Disease	disease_44688	5.303724293462686e-10
Disease	disease_44690	5.303724293462686e-10
Disease	disease_44689	5.303724293462686e-10
Disease	disease_44687	5.303724293462686e-10
Disease	disease_19818	5.284816105498133e-10
Disease	disease_6488	5.28372461135162e-10
Disease	disease_20652	5.281591564114178e-10
Disease	disease_15206	5.27374599859171e-10
Disease	disease_100065	5.27280710125088e-10
Disease	disease_100066	5.27280710125088e-10
Disease	disease_12604	5.26742103075682e-10
Disease	disease_6317	5.246732817019601e-10
Disease	disease_4281	5.245864951325282e-10
Disease	disease_17488	5.238867780451297e-10
Disease	disease_17489	5.238867780451297e-10
Disease	disease_14385	5.231877939990233e-10
Disease	disease_1390	5.177320115492425e-10
Disease	disease_309	5.177320115492425e-10
Disease	disease_4886	5.16192560822454e-10
Disease	disease_4879	5.16192560822454e-10
Disease	disease_11836	5.150168521737227e-10
Disease	disease_4099	5.143009697405224e-10
Disease	disease_7851	5.136651536323007e-10
Disease	disease_4063	5.136319591628431e-10
Disease	disease_21280	5.132964524557005e-10
Disease	disease_22096	5.114024794475668e-10
Disease	disease_16734	5.103909711606013e-10
Disease	disease_12598	5.078995647492852e-10
Disease	disease_12378	5.078995647492852e-10
Disease	disease_11563	5.078995647492852e-10
Disease	disease_14307	5.077212137261374e-10
Disease	disease_15413	5.075543570863394e-10
Disease	disease_16062	5.075543570863394e-10
Disease	disease_15419	5.075543570863394e-10
Disease	disease_54771	5.07270514581929e-10
Disease	disease_1769	5.029088932740744e-10
Disease	disease_381	5.019709514311605e-10
Disease	disease_13138	4.971112397741519e-10
Disease	disease_14032	4.96943372039994e-10
Disease	disease_17067	4.969197867267398e-10
Disease	disease_17063	4.969197867267398e-10
Disease	disease_17065	4.969197867267398e-10
Disease	disease_17064	4.969197867267398e-10
Disease	disease_17068	4.969197867267398e-10
Disease	disease_10669	4.967621498635253e-10
Disease	disease_12170	4.960208778830532e-10
Disease	disease_13471	4.957207718502788e-10
Disease	disease_11553	4.95599911928532e-10
Disease	disease_21287	4.945454517985496e-10
Disease	disease_2669	4.938861166012512e-10
Disease	disease_10987	4.902491167464483e-10
Disease	disease_11548	4.89337116151944e-10
Disease	disease_13151	4.878984518155857e-10
Disease	disease_16757	4.869228752386092e-10
Disease	disease_4559	4.869228752386092e-10
Disease	disease_24469	4.849227465383927e-10
Disease	disease_13723	4.846360196530087e-10
Disease	disease_13724	4.846360196530087e-10
Disease	disease_13698	4.840642480526822e-10
Disease	disease_10442	4.838867832474599e-10
Disease	disease_6369	4.835406517826556e-10
Disease	disease_20403	4.819508143779063e-10
Disease	disease_20401	4.819508143779063e-10
Disease	disease_20400	4.819508143779063e-10
Disease	disease_20399	4.819508143779063e-10
Disease	disease_20402	4.819508143779063e-10
Disease	disease_4569	4.808139228699243e-10
Disease	disease_13027	4.805333920788174e-10
Disease	disease_10860	4.803671135737708e-10
Disease	disease_12025	4.800548154727414e-10
Disease	disease_4075	4.796127839744104e-10
Disease	disease_7176	4.772684421964218e-10
Disease	disease_30933	4.743251533870802e-10
Disease	disease_1534	4.740242117646848e-10
Disease	disease_2931	4.740242117646848e-10
Disease	disease_1630	4.7350358203401e-10
Disease	disease_1985	4.7350358203401e-10
Disease	disease_4583	4.7350358203401e-10
Disease	disease_2903	4.731258885310377e-10
Disease	disease_20808	4.723824116224924e-10
Disease	disease_1227	4.708676823868736e-10
Disease	disease_22930	4.692388730493179e-10
Disease	disease_7250	4.680919236277602e-10
Disease	disease_14798	4.678356537845406e-10
Disease	disease_18599	4.6484191905047244e-10
Disease	disease_18600	4.6484191905047244e-10
Disease	disease_13929	4.643005906121251e-10
Disease	disease_16922	4.633942784355772e-10
Disease	disease_4098	4.606796269751592e-10
Disease	disease_18888	4.6064020145604094e-10
Disease	disease_977	4.6018094521726026e-10
Disease	disease_967	4.6018094521726026e-10
Disease	disease_20658	4.586672202849946e-10
Disease	disease_9090	4.585680065606827e-10
Disease	disease_4718	4.565273117451606e-10
Disease	disease_2136	4.565273117451606e-10
Disease	disease_4706	4.565273117451606e-10
Disease	disease_4607	4.5450291523003416e-10
Disease	disease_7891	4.540288832957531e-10
Disease	disease_15415	4.5374276882301077e-10
Disease	disease_4624	4.5361267520511073e-10
Disease	disease_25152	4.5327928073896594e-10
Disease	disease_17587	4.526290228777511e-10
Disease	disease_17586	4.526290228777511e-10
Disease	disease_18773	4.511645875558228e-10
Disease	disease_12409	4.5058767284750014e-10
Disease	disease_3745	4.5042453051752756e-10
Disease	disease_11192	4.501648713916903e-10
Disease	disease_44796	4.5002237312407875e-10
Disease	disease_12944	4.4977811380200916e-10
Disease	disease_20365	4.476778337692366e-10
Disease	disease_11762	4.473244996948741e-10
Disease	disease_16440	4.470381644389856e-10
Disease	disease_16438	4.470381644389856e-10
Disease	disease_16437	4.470381644389856e-10
Disease	disease_21805	4.4698885547832033e-10
Disease	disease_7961	4.464731534417692e-10
Disease	disease_10903	4.4464613432703895e-10
Disease	disease_16321	4.436859872814179e-10
Disease	disease_19884	4.435440305702067e-10
Disease	disease_4364	4.407165536762646e-10
Disease	disease_1474	4.403977743898823e-10
Disease	disease_13484	4.401961630353835e-10
Disease	disease_16923	4.3769999395237097e-10
Disease	disease_18156	4.370136258455446e-10
Disease	disease_21494	4.359143057674575e-10
Disease	disease_3458	4.3579436052371005e-10
Disease	disease_19655	4.3273642666331917e-10
Disease	disease_19986	4.3273642666331917e-10
Disease	disease_19656	4.3273642666331917e-10
Disease	disease_15384	4.317098598234637e-10
Disease	disease_6889	4.311817994175333e-10
Disease	disease_14153	4.298978838617945e-10
Disease	disease_4560	4.2928529104999244e-10
Disease	disease_5198	4.2897742865946105e-10
Disease	disease_45053	4.1963080404046247e-10
Disease	disease_169	4.19435068418413e-10
Disease	disease_3417	4.1882923942499984e-10
Disease	disease_17710	4.1796598522931283e-10
Disease	disease_22700	4.1726179215837956e-10
Disease	disease_4203	4.1650524257882023e-10
Disease	disease_4240	4.1650524257882023e-10
Disease	disease_4518	4.1650524257882023e-10
Disease	disease_16995	4.164114946388007e-10
Disease	disease_11265	4.1602467659750426e-10
Disease	disease_12583	4.1602467659750426e-10
Disease	disease_17460	4.1527168298995935e-10
Disease	disease_100063	4.150330196667249e-10
Disease	disease_3237	4.124623101859605e-10
Disease	disease_20463	4.1026418600141516e-10
Disease	disease_20464	4.1026418600141516e-10
Disease	disease_12797	4.088539885250166e-10
Disease	disease_6850	4.0876002691677595e-10
Disease	disease_11921	4.068666999698318e-10
Disease	disease_100205	4.0590130391943813e-10
Disease	disease_100204	4.0590130391943813e-10
Disease	disease_7136	4.0553912127418993e-10
Disease	disease_23246	4.0521479005085276e-10
Disease	disease_6121	4.046865569510758e-10
Disease	disease_12447	4.034969724316778e-10
Disease	disease_2851	4.0335789259873694e-10
Disease	disease_3034	4.0335789259873694e-10
Disease	disease_3467	4.0335789259873694e-10
Disease	disease_4185	4.0325901763682273e-10
Disease	disease_43191	4.0241877162833145e-10
Disease	disease_4266	4.0069124376123836e-10
Disease	disease_6766	4.006674908753926e-10
Disease	disease_6800	4.006674908753926e-10
Disease	disease_6989	3.9735781001147954e-10
Disease	disease_6897	3.9735781001147954e-10
Disease	disease_1338	3.9735781001147954e-10
Disease	disease_3108	3.9699668502957723e-10
Disease	disease_2719	3.9699668502957723e-10
Disease	disease_20007	3.9416224131352017e-10
Disease	disease_15664	3.9416224131352017e-10
Disease	disease_20420	3.9416224131352017e-10
Disease	disease_32639	3.9340757809566543e-10
Disease	disease_12445	3.9334682448868044e-10
Disease	disease_7347	3.9271086977579376e-10
Disease	disease_24454	3.92402357934841e-10
Disease	disease_25293	3.9089661754574546e-10
Disease	disease_24877	3.8904259865089436e-10
Disease	disease_4065	3.888914875446712e-10
Disease	disease_20597	3.885520061815187e-10
Disease	disease_29142	3.8828672400504596e-10
Disease	disease_11351	3.8763412669285935e-10
Disease	disease_18789	3.873587782420204e-10
Disease	disease_3913	3.8710422631551696e-10
Disease	disease_10685	3.8626703009789564e-10
Disease	disease_3740	3.847323489551208e-10
Disease	disease_3736	3.847323489551208e-10
Disease	disease_1764	3.8464498895406504e-10
Disease	disease_17487	3.8389373911360077e-10
Disease	disease_17486	3.8389373911360077e-10
Disease	disease_43982	3.8361389411426897e-10
Disease	disease_17239	3.8308099990730324e-10
Disease	disease_4109	3.8261278233312916e-10
Disease	disease_12800	3.8235580822691153e-10
Disease	disease_21203	3.8216821141706634e-10
Disease	disease_22991	3.813578607512896e-10
Disease	disease_11364	3.8090454900212994e-10
Disease	disease_12333	3.769832969167853e-10
Disease	disease_15422	3.73626416971693e-10
Disease	disease_12049	3.73626416971693e-10
Disease	disease_15421	3.73626416971693e-10
Disease	disease_10694	3.7153005328599155e-10
Disease	disease_4548	3.7051571679232727e-10
Disease	disease_3741	3.7051571679232727e-10
Disease	disease_11697	3.702665212481093e-10
Disease	disease_13130	3.698572968513143e-10
Disease	disease_19898	3.686290098220272e-10
Disease	disease_2770	3.684057961152601e-10
Disease	disease_54867	3.6754943230585145e-10
Disease	disease_3954	3.658789370078621e-10
Disease	disease_2712	3.653469784237276e-10
Disease	disease_18793	3.648424249346547e-10
Disease	disease_100312	3.646948926941517e-10
Disease	disease_15167	3.641970700001774e-10
Disease	disease_3262	3.6344594572830746e-10
Disease	disease_13377	3.6308131780120896e-10
Disease	disease_20813	3.628614607578013e-10
Disease	disease_9630	3.6223762089740466e-10
Disease	disease_45052	3.605116577583658e-10
Disease	disease_4085	3.597232735452984e-10
Disease	disease_15733	3.596825010086227e-10
Disease	disease_1652	3.591741260502767e-10
Disease	disease_7506	3.5755769211051546e-10
Disease	disease_20809	3.5535981101641336e-10
Disease	disease_44879	3.5510815990073864e-10
Disease	disease_17490	3.5495073329383655e-10
Disease	disease_17491	3.5495073329383655e-10
Disease	disease_4397	3.5298667797324293e-10
Disease	disease_14372	3.5234293436626e-10
Disease	disease_3023	3.511596600549982e-10
Disease	disease_14675	3.494110933085054e-10
Disease	disease_6381	3.47983624425936e-10
Disease	disease_6179	3.47983624425936e-10
Disease	disease_12370	3.4404302503958867e-10
Disease	disease_11360	3.4404302503958867e-10
Disease	disease_11279	3.4404302503958867e-10
Disease	disease_912	3.4404302503958867e-10
Disease	disease_11602	3.4404302503958867e-10
Disease	disease_20181	3.4275629792028174e-10
Disease	disease_20183	3.4275629792028174e-10
Disease	disease_4040	3.419624048846902e-10
Disease	disease_2951	3.414172250729488e-10
Disease	disease_4016	3.3611684814814465e-10
Disease	disease_3530	3.351175131796467e-10
Disease	disease_684	3.3190426328855017e-10
Disease	disease_670	3.3190426328855017e-10
Disease	disease_21957	3.3156713783329634e-10
Disease	disease_14363	3.309157452981474e-10
Disease	disease_20554	3.290592810451116e-10
Disease	disease_18648	3.280192592991566e-10
Disease	disease_20392	3.2750878983699633e-10
Disease	disease_100129	3.2705981586608287e-10
Disease	disease_44793	3.2614786272077016e-10
Disease	disease_19879	3.251884630675566e-10
Disease	disease_11780	3.2467049724688565e-10
Disease	disease_12917	3.2467049724688565e-10
Disease	disease_19328	3.2460782485341874e-10
Disease	disease_19329	3.2460782485341874e-10
Disease	disease_18717	3.2460782485341874e-10
Disease	disease_4890	3.241196993704412e-10
Disease	disease_19760	3.2353547884575577e-10
Disease	disease_3888	3.233014804798919e-10
Disease	disease_4214	3.232556832723641e-10
Disease	disease_1670	3.2062614784122034e-10
Disease	disease_783	3.180141874668822e-10
Disease	disease_782	3.180141874668822e-10
Disease	disease_781	3.180141874668822e-10
Disease	disease_784	3.180141874668822e-10
Disease	disease_33670	3.1692908414585203e-10
Disease	disease_4276	3.160015308883499e-10
Disease	disease_24325	3.151029163464499e-10
Disease	disease_20371	3.14521461821154e-10
Disease	disease_20370	3.14521461821154e-10
Disease	disease_3254	3.1431984724861867e-10
Disease	disease_3945	3.1356244994841185e-10
Disease	disease_20131	3.134304346423965e-10
Disease	disease_32761	3.1297750361364347e-10
Disease	disease_32762	3.1297750361364347e-10
Disease	disease_43452	3.1297184784740357e-10
Disease	disease_43277	3.1297184784740357e-10
Disease	disease_7170	3.1117422970775047e-10
Disease	disease_6738	3.1088481665391926e-10
Disease	disease_6787	3.1088481665391926e-10
Disease	disease_20362	3.1041309007225974e-10
Disease	disease_15101	3.1041309007225974e-10
Disease	disease_1180	3.0794213304275447e-10
Disease	disease_3545	3.0773965987575825e-10
Disease	disease_14125	3.072826727120008e-10
Disease	disease_18245	3.062675673007343e-10
Disease	disease_21495	3.061268685475105e-10
Disease	disease_12154	3.060369029128454e-10
Disease	disease_6069	3.0597493255452783e-10
Disease	disease_3461	3.055117127288023e-10
Disease	disease_3958	3.045593237406793e-10
Disease	disease_17548	3.0398797404696487e-10
Disease	disease_17549	3.0398797404696487e-10
Disease	disease_20178	3.0197385841473697e-10
Disease	disease_16960	3.003754010719916e-10
Disease	disease_4059	2.9898660781558037e-10
Disease	disease_6790	2.9898660781558037e-10
Disease	disease_2298	2.986897976319801e-10
Disease	disease_9762	2.97209719584876e-10
Disease	disease_13365	2.960792141069025e-10
Disease	disease_13010	2.960792141069025e-10
Disease	disease_13250	2.960792141069025e-10
Disease	disease_11991	2.960792141069025e-10
Disease	disease_12002	2.960792141069025e-10
Disease	disease_12418	2.960792141069025e-10
Disease	disease_19837	2.9589624471224114e-10
Disease	disease_13683	2.9556249345947786e-10
Disease	disease_13684	2.9556249345947786e-10
Disease	disease_14161	2.9556249345947786e-10
Disease	disease_13682	2.9556249345947786e-10
Disease	disease_12232	2.92029966271846e-10
Disease	disease_13841	2.92029966271846e-10
Disease	disease_13844	2.92029966271846e-10
Disease	disease_17533	2.9147008403450713e-10
Disease	disease_17534	2.9147008403450713e-10
Disease	disease_5841	2.9143185202483745e-10
Disease	disease_6928	2.8962423131221663e-10
Disease	disease_24886	2.8955170144484953e-10
Disease	disease_15450	2.889258422062033e-10
Disease	disease_3713	2.8587833805626483e-10
Disease	disease_3712	2.8587833805626483e-10
Disease	disease_20462	2.847115818502613e-10
Disease	disease_18263	2.835608995513476e-10
Disease	disease_4529	2.823249199939083e-10
Disease	disease_6330	2.823249199939083e-10
Disease	disease_17455	2.805395924310472e-10
Disease	disease_22893	2.7849487417984023e-10
Disease	disease_22892	2.7849487417984023e-10
Disease	disease_11347	2.7849487417984023e-10
Disease	disease_22895	2.7849487417984023e-10
Disease	disease_22891	2.7849487417984023e-10
Disease	disease_22897	2.7849487417984023e-10
Disease	disease_22898	2.7849487417984023e-10
Disease	disease_22896	2.7849487417984023e-10
Disease	disease_22894	2.7849487417984023e-10
Disease	disease_22890	2.7849487417984023e-10
Disease	disease_1544	2.781391924413476e-10
Disease	disease_3979	2.769896874628212e-10
Disease	disease_15570	2.7653716933779375e-10
Disease	disease_44709	2.7653716933779375e-10
Disease	disease_20438	2.7592487200100754e-10
Disease	disease_15666	2.7592487200100754e-10
Disease	disease_20733	2.7567803374651496e-10
Disease	disease_19585	2.744674829613965e-10
Disease	disease_19584	2.744674829613965e-10
Disease	disease_19583	2.744674829613965e-10
Disease	disease_3722	2.74410784535868e-10
Disease	disease_6777	2.7347415085278937e-10
Disease	disease_1689	2.7347415085278937e-10
Disease	disease_1757	2.7260551107401307e-10
Disease	disease_4513	2.7200016214093604e-10
Disease	disease_3899	2.7200016214093604e-10
Disease	disease_662	2.690957056831409e-10
Disease	disease_679	2.690957056831409e-10
Disease	disease_681	2.690957056831409e-10
Disease	disease_661	2.690957056831409e-10
Disease	disease_682	2.690957056831409e-10
Disease	disease_677	2.690957056831409e-10
Disease	disease_663	2.690957056831409e-10
Disease	disease_673	2.690957056831409e-10
Disease	disease_678	2.690957056831409e-10
Disease	disease_674	2.690957056831409e-10
Disease	disease_675	2.690957056831409e-10
Disease	disease_676	2.690957056831409e-10
Disease	disease_668	2.690957056831409e-10
Disease	disease_1350	2.6837927307030745e-10
Disease	disease_3460	2.6800086893870174e-10
Disease	disease_16966	2.678363536376306e-10
Disease	disease_27091	2.6666952396831493e-10
Disease	disease_18003	2.636186248641373e-10
Disease	disease_44683	2.636186248641373e-10
Disease	disease_15595	2.636186248641373e-10
Disease	disease_17179	2.636186248641373e-10
Disease	disease_15596	2.636186248641373e-10
Disease	disease_4422	2.6186037947393293e-10
Disease	disease_60550	2.60241729642798e-10
Disease	disease_17431	2.600728663912439e-10
Disease	disease_32603	2.5814501748763956e-10
Disease	disease_2717	2.574216783282407e-10
Disease	disease_20815	2.540561345555012e-10
Disease	disease_15478	2.527415470906589e-10
Disease	disease_15031	2.5193509070141965e-10
Disease	disease_16968	2.5159685255001845e-10
Disease	disease_9357	2.5137475138926105e-10
Disease	disease_12537	2.5072763831623313e-10
Disease	disease_15051	2.483468674895845e-10
Disease	disease_15050	2.483468674895845e-10
Disease	disease_56805	2.4719692473954273e-10
Disease	disease_3875	2.4703780672335424e-10
Disease	disease_20382	2.464249870112634e-10
Disease	disease_7372	2.442510612762257e-10
Disease	disease_14849	2.4411646638241867e-10
Disease	disease_13748	2.430510313733994e-10
Disease	disease_20383	2.3995497466290856e-10
Disease	disease_19895	2.3671007350380344e-10
Disease	disease_22794	2.334654349280703e-10
Disease	disease_17536	2.3177315675525698e-10
Disease	disease_17537	2.3177315675525698e-10
Disease	disease_17538	2.3177315675525698e-10
Disease	disease_17535	2.3177315675525698e-10
Disease	disease_17422	2.303292098379858e-10
Disease	disease_3849	2.281651106811675e-10
Disease	disease_44629	2.2741649535013532e-10
Disease	disease_12653	2.27066661785294e-10
Disease	disease_4516	2.259117564350594e-10
Disease	disease_54680	2.254001978093098e-10
Disease	disease_24312	2.252443292660718e-10
Disease	disease_100085	2.252443292660718e-10
Disease	disease_3911	2.2506365661779854e-10
Disease	disease_17412	2.2446046488265644e-10
Disease	disease_19877	2.2446046488265644e-10
Disease	disease_16835	2.2409055492672394e-10
Disease	disease_1580	2.2143286784703903e-10
Disease	disease_17080	2.1924057806283132e-10
Disease	disease_8761	2.1847107736391223e-10
Disease	disease_21481	2.1837281423636373e-10
Disease	disease_15451	2.182634949681845e-10
Disease	disease_4468	2.1709513240502246e-10
Disease	disease_19885	2.1606023374620188e-10
Disease	disease_13604	2.158803927085681e-10
Disease	disease_3064	2.1442656589203512e-10
Disease	disease_3459	2.1431320390754382e-10
Disease	disease_4218	2.1049755369783609e-10
Disease	disease_21446	2.0969431625859425e-10
Disease	disease_4400	2.079034566520289e-10
Disease	disease_1435	2.0782075232094862e-10
Disease	disease_4578	2.0782075232094862e-10
Disease	disease_17440	2.0681582815046261e-10
Disease	disease_16032	2.0681582815046261e-10
Disease	disease_13230	2.0434247471239122e-10
Disease	disease_13903	2.0413477597948002e-10
Disease	disease_22643	2.0392546558553546e-10
Disease	disease_501	2.029155619834297e-10
Disease	disease_17420	2.0264209157443683e-10
Disease	disease_17248	2.006150482632789e-10
Disease	disease_17249	2.006150482632789e-10
Disease	disease_17250	2.006150482632789e-10
Disease	disease_17251	2.006150482632789e-10
Disease	disease_17252	2.006150482632789e-10
Disease	disease_18573	1.998421427379194e-10
Disease	disease_4465	1.993279996685277e-10
Disease	disease_10836	1.992778742205721e-10
Disease	disease_19878	1.991697212549486e-10
Disease	disease_17546	1.9849506754391498e-10
Disease	disease_17547	1.9849506754391498e-10
Disease	disease_4086	1.9768270384757987e-10
Disease	disease_3694	1.9515730154041668e-10
Disease	disease_17545	1.9033907990128442e-10
Disease	disease_12351	1.9033907990128442e-10
Disease	disease_17543	1.9033907990128442e-10
Disease	disease_100289	1.8941363911322889e-10
Disease	disease_21170	1.8862758743148562e-10
Disease	disease_17508	1.8721707662871875e-10
Disease	disease_23642	1.8682170102239382e-10
Disease	disease_5208	1.8586393433285097e-10
Disease	disease_6470	1.8574142151506325e-10
Disease	disease_2868	1.8566328294173864e-10
Disease	disease_2677	1.8554054378979812e-10
Disease	disease_24549	1.8523564721455336e-10
Disease	disease_11589	1.8523564721455336e-10
Disease	disease_21530	1.845380840604031e-10
Disease	disease_19579	1.8446168243404664e-10
Disease	disease_19580	1.8446168243404664e-10
Disease	disease_19578	1.8446168243404664e-10
Disease	disease_19581	1.8446168243404664e-10
Disease	disease_19582	1.8446168243404664e-10
Disease	disease_3480	1.842338253984414e-10
Disease	disease_13833	1.836612925609631e-10
Disease	disease_13832	1.836612925609631e-10
Disease	disease_13831	1.836612925609631e-10
Disease	disease_13830	1.836612925609631e-10
Disease	disease_4043	1.822507443163708e-10
Disease	disease_3943	1.8133857865598554e-10
Disease	disease_5698	1.7967674747361256e-10
Disease	disease_2255	1.7967674747361256e-10
Disease	disease_2706	1.7967674747361256e-10
Disease	disease_6696	1.7967674747361256e-10
Disease	disease_21516	1.7921625551592422e-10
Disease	disease_3966	1.7877815221343317e-10
Disease	disease_2110	1.7831210544258634e-10
Disease	disease_16183	1.783118910156089e-10
Disease	disease_1508	1.771387626157439e-10
Disease	disease_6033	1.7659313727814132e-10
Disease	disease_4054	1.761191129148962e-10
Disease	disease_4013	1.746579608445826e-10
Disease	disease_1790	1.7053008319076034e-10
Disease	disease_2576	1.7043690565983492e-10
Disease	disease_20412	1.6987078870282217e-10
Disease	disease_19823	1.6987078870282217e-10
Disease	disease_3746	1.6773391829978455e-10
Disease	disease_17247	1.6688633863614612e-10
Disease	disease_17245	1.6688633863614612e-10
Disease	disease_17246	1.6688633863614612e-10
Disease	disease_3697	1.656763004984859e-10
Disease	disease_15593	1.632496642434084e-10
Disease	disease_15399	1.625817070727965e-10
Disease	disease_4066	1.6148682918068678e-10
Disease	disease_15734	1.61249473008904e-10
Disease	disease_3616	1.6078048626776914e-10
Disease	disease_3908	1.5990431068278714e-10
Disease	disease_15376	1.582357089706737e-10
Disease	disease_15377	1.582357089706737e-10
Disease	disease_15378	1.582357089706737e-10
Disease	disease_15477	1.582357089706737e-10
Disease	disease_15383	1.582357089706737e-10
Disease	disease_15410	1.582357089706737e-10
Disease	disease_6749	1.5811177136136805e-10
Disease	disease_2990	1.5690722810930073e-10
Disease	disease_12995	1.5663924108405461e-10
Disease	disease_17848	1.5590138918504624e-10
Disease	disease_17519	1.5440109626994328e-10
Disease	disease_17520	1.5440109626994328e-10
Disease	disease_17012	1.509906445164014e-10
Disease	disease_32941	1.4972297557782952e-10
Disease	disease_19782	1.4846376526846534e-10
Disease	disease_4416	1.4767199012588072e-10
Disease	disease_4415	1.4767199012588072e-10
Disease	disease_4417	1.4767199012588072e-10
Disease	disease_4418	1.4767199012588072e-10
Disease	disease_4419	1.4767199012588072e-10
Disease	disease_4299	1.4767199012588072e-10
Disease	disease_3889	1.4767199012588072e-10
Disease	disease_4057	1.4767199012588072e-10
Disease	disease_2192	1.4479096162253753e-10
Disease	disease_3734	1.44675145530239e-10
Disease	disease_12696	1.4414853934620254e-10
Disease	disease_3840	1.4338361774578088e-10
Disease	disease_3776	1.426831942910771e-10
Disease	disease_8164	1.4247044933091262e-10
Disease	disease_7802	1.4130723542754051e-10
Disease	disease_4327	1.4039959179209446e-10
Disease	disease_17467	1.39557247827846e-10
Disease	disease_20415	1.3797160517656732e-10
Disease	disease_20414	1.3797160517656732e-10
Disease	disease_20418	1.3797160517656732e-10
Disease	disease_20416	1.3797160517656732e-10
Disease	disease_20413	1.3797160517656732e-10
Disease	disease_1213	1.3594146357664784e-10
Disease	disease_13508	1.3564820015160715e-10
Disease	disease_3752	1.356028966954537e-10
Disease	disease_4457	1.3560199857978033e-10
Disease	disease_3923	1.3545420421019823e-10
Disease	disease_8204	1.345589782716953e-10
Disease	disease_17098	1.3225304565118008e-10
Disease	disease_17097	1.3225304565118008e-10
Disease	disease_17096	1.3225304565118008e-10
Disease	disease_397	1.3212092245363604e-10
Disease	disease_19888	1.3077255513063422e-10
Disease	disease_6531	1.2997789067064222e-10
Disease	disease_4733	1.2972506393896022e-10
Disease	disease_4635	1.2972506393896022e-10
Disease	disease_7464	1.2957873042872645e-10
Disease	disease_2710	1.2954865478122687e-10
Disease	disease_7017	1.275217615152769e-10
Disease	disease_17392	1.2565257291098687e-10
Disease	disease_19445	1.2562905705321217e-10
Disease	disease_11187	1.2527860456719602e-10
Disease	disease_15209	1.2450144749991529e-10
Disease	disease_4042	1.2380233475571323e-10
Disease	disease_14264	1.2376415012377176e-10
Disease	disease_16969	1.2261756085243087e-10
Disease	disease_3765	1.2143327339991604e-10
Disease	disease_10423	1.1998500421014857e-10
Disease	disease_1412	1.1954241067623645e-10
Disease	disease_4533	1.1796469126177475e-10
Disease	disease_16745	1.1722682256558428e-10
Disease	disease_15732	1.152768149374695e-10
Disease	disease_15731	1.152768149374695e-10
Disease	disease_1327	1.1521847509172731e-10
Disease	disease_1886	1.1521847509172731e-10
Disease	disease_1885	1.1521847509172731e-10
Disease	disease_1559	1.1521847509172731e-10
Disease	disease_16957	1.1372900880387467e-10
Disease	disease_24864	1.1250750773339523e-10
Disease	disease_24863	1.1250750773339523e-10
Disease	disease_17528	1.115975742497771e-10
Disease	disease_17527	1.115975742497771e-10
Disease	disease_4141	1.11546095678652e-10
Disease	disease_19953	1.1088009021288017e-10
Disease	disease_1792	1.0954083036701392e-10
Disease	disease_1918	1.0954083036701392e-10
Disease	disease_5771	1.0928916467680485e-10
Disease	disease_3469	1.0881670738790177e-10
Disease	disease_2199	1.0820346480587667e-10
Disease	disease_2075	1.0567494465762135e-10
Disease	disease_2778	1.0523140682454317e-10
Disease	disease_4256	1.0523140682454317e-10
Disease	disease_4498	1.0523140682454317e-10
Disease	disease_4317	1.0523140682454317e-10
Disease	disease_3770	1.0523140682454317e-10
Disease	disease_4396	1.0523140682454317e-10
Disease	disease_1181	1.0493146901989106e-10
Disease	disease_1183	1.0493146901989106e-10
Disease	disease_1182	1.0493146901989106e-10
Disease	disease_17963	1.0393380769366662e-10
Disease	disease_17964	1.0393380769366662e-10
Disease	disease_15639	1.0372891828725117e-10
Disease	disease_15638	1.0372891828725117e-10
Disease	disease_3693	1.0320999873918887e-10
Disease	disease_15103	1.0319606320251837e-10
Disease	disease_20389	1.0319606320251837e-10
Disease	disease_1622	1.0263531585066915e-10
Disease	disease_1731	9.831259818824982e-11
Disease	disease_15842	9.727213702240495e-11
Disease	disease_17107	9.539461758228356e-11
Disease	disease_15843	9.47104111249522e-11
Disease	disease_44797	9.392875825201376e-11
Disease	disease_22699	9.292069437652546e-11
Disease	disease_19886	9.28763379245469e-11
Disease	disease_1936	9.157969861031425e-11
Disease	disease_18610	9.009948830507691e-11
Disease	disease_16053	8.967193468255009e-11
Disease	disease_14090	8.902833517828359e-11
Disease	disease_2973	8.755849820757771e-11
Disease	disease_3732	8.715362851291427e-11
Disease	disease_1723	8.539995019979897e-11
Disease	disease_3929	8.508727340210694e-11
Disease	disease_44817	8.469255737092444e-11
Disease	disease_17082	8.441151117154125e-11
Disease	disease_17081	8.441151117154125e-11
Disease	disease_9713	8.367948383109289e-11
Disease	disease_43083	8.299446586775842e-11
Disease	disease_17466	8.121212180444259e-11
Disease	disease_17465	8.121212180444259e-11
Disease	disease_17464	8.121212180444259e-11
Disease	disease_17463	8.121212180444259e-11
Disease	disease_17462	8.121212180444259e-11
Disease	disease_1456	7.989832761879482e-11
Disease	disease_1457	7.989832761879482e-11
Disease	disease_1452	7.989832761879482e-11
Disease	disease_1453	7.989832761879482e-11
Disease	disease_1454	7.989832761879482e-11
Disease	disease_1455	7.989832761879482e-11
Disease	disease_4501	7.768863404516975e-11
Disease	disease_10280	7.762079349510214e-11
Disease	disease_11204	7.647810407159193e-11
Disease	disease_9893	7.514969943642056e-11
Disease	disease_1802	7.402899404615165e-11
Disease	disease_3462	7.284356739828515e-11
Disease	disease_3152	7.214013323364266e-11
Disease	disease_3705	7.214013323364266e-11
Disease	disease_6328	6.859512737098063e-11
Disease	disease_19882	6.502064148557657e-11
Disease	disease_6274	6.434625394141701e-11
Disease	disease_3109	6.339880300779567e-11
Disease	disease_15831	6.241075658826468e-11
Disease	disease_1179	6.184821967650525e-11
Disease	disease_12754	6.1832616160975e-11
Disease	disease_3845	6.068642205498856e-11
Disease	disease_4367	5.959596942309952e-11
Disease	disease_4368	5.959596942309952e-11
Disease	disease_4094	5.959596942309952e-11
Disease	disease_4370	5.959596942309952e-11
Disease	disease_997	5.825072755786386e-11
Disease	disease_4895	5.825072755786386e-11
Disease	disease_4913	5.825072755786386e-11
Disease	disease_17559	5.8126813520126024e-11
Disease	disease_17558	5.8126813520126024e-11
Disease	disease_18786	5.810319250215306e-11
Disease	disease_4326	5.7978643195661355e-11
Disease	disease_4448	5.7499011210352165e-11
Disease	disease_4384	5.749889086498008e-11
Disease	disease_3925	5.748413956904475e-11
Disease	disease_3862	5.73217343764221e-11
Disease	disease_19826	5.645910817909986e-11
Disease	disease_21543	5.6399887845660377e-11
Disease	disease_20393	5.5943937673904414e-11
Disease	disease_20394	5.5943937673904414e-11
Disease	disease_2769	5.526054398057515e-11
Disease	disease_4898	5.491317005347973e-11
Disease	disease_4888	5.491317005347973e-11
Disease	disease_20454	5.3167700798518035e-11
Disease	disease_20456	5.3167700798518035e-11
Disease	disease_20455	5.3167700798518035e-11
Disease	disease_19819	5.284753980953865e-11
Disease	disease_20405	5.284753980953865e-11
Disease	disease_18221	5.2733411251507425e-11
Disease	disease_16081	5.210535655792581e-11
Disease	disease_19825	5.210535655792581e-11
Disease	disease_1233	5.181337882957893e-11
Disease	disease_1231	5.181337882957893e-11
Disease	disease_6881	5.181337882957893e-11
Disease	disease_1232	5.181337882957893e-11
Disease	disease_3236	4.951151706053642e-11
Disease	disease_14265	4.929249898765076e-11
Disease	disease_4386	4.867261039289128e-11
Disease	disease_16939	4.8522212794850344e-11
Disease	disease_15840	4.816004983243189e-11
Disease	disease_15841	4.816004983243189e-11
Disease	disease_16940	4.583181958656923e-11
Disease	disease_3238	4.5265349253730835e-11
Disease	disease_20430	4.3338313931498406e-11
Disease	disease_17446	4.325770543017805e-11
Disease	disease_18563	4.325770543017805e-11
Disease	disease_17445	4.325770543017805e-11
Disease	disease_17444	4.325770543017805e-11
Disease	disease_17443	4.325770543017805e-11
Disease	disease_17105	4.1851769017264225e-11
Disease	disease_17556	4.0739994368652475e-11
Disease	disease_17557	4.0739994368652475e-11
Disease	disease_1286	4.025990295038304e-11
Disease	disease_19887	4.017499445108521e-11
Disease	disease_4014	3.8464319197020904e-11
Disease	disease_2152	3.784501960264123e-11
Disease	disease_4899	3.784501960264123e-11
Disease	disease_4897	3.784501960264123e-11
Disease	disease_4894	3.784501960264123e-11
Disease	disease_4893	3.784501960264123e-11
Disease	disease_1527	3.784501960264123e-11
Disease	disease_44800	3.610378011371855e-11
Disease	disease_3850	3.583626152250965e-11
Disease	disease_12228	3.511836091217892e-11
Disease	disease_12230	3.511836091217892e-11
Disease	disease_12227	3.511836091217892e-11
Disease	disease_12229	3.511836091217892e-11
Disease	disease_20409	3.273915132989526e-11
Disease	disease_17112	3.1342382389121196e-11
Disease	disease_17113	3.1342382389121196e-11
Disease	disease_19890	3.003689001106511e-11
Disease	disease_19883	3.003689001106511e-11
Disease	disease_3747	2.986912280018849e-11
Disease	disease_16443	2.919288294612823e-11
Disease	disease_16444	2.919288294612823e-11
Disease	disease_16447	2.919288294612823e-11
Disease	disease_16376	2.919288294612823e-11
Disease	disease_16448	2.919288294612823e-11
Disease	disease_16449	2.919288294612823e-11
Disease	disease_17522	2.8053645170450246e-11
Disease	disease_17521	2.8053645170450246e-11
Disease	disease_17476	2.6007082345566722e-11
Disease	disease_17477	2.6007082345566722e-11
Disease	disease_15029	2.519305186207108e-11
Disease	disease_15030	2.519305186207108e-11
Disease	disease_17447	2.45009330237517e-11
Disease	disease_1668	2.404704201382371e-11
Disease	disease_1988	2.404704201382371e-11
Disease	disease_1997	2.404704201382371e-11
Disease	disease_15416	2.268680931636958e-11
Disease	disease_15417	2.268680931636958e-11
Disease	disease_15481	2.268680931636958e-11
Disease	disease_15480	2.268680931636958e-11
Disease	disease_19870	2.2648096393139035e-11
Disease	disease_19829	2.2644104137893948e-11
Disease	disease_19830	2.2591703225953752e-11
Disease	disease_19831	2.2231509494820844e-11
Disease	disease_20431	2.2191731717458446e-11
Disease	disease_20433	2.2191731717458446e-11
Disease	disease_20432	2.2191731717458446e-11
Disease	disease_44795	2.2014736971137905e-11
Disease	disease_17442	2.1557169120420597e-11
Disease	disease_19836	2.0898088244665845e-11
Disease	disease_18811	2.0898088244665845e-11
Disease	disease_17484	2.068140224574375e-11
Disease	disease_17482	2.068140224574375e-11
Disease	disease_17485	2.068140224574375e-11
Disease	disease_17483	2.068140224574375e-11
Disease	disease_17441	2.0264066038178225e-11
Disease	disease_16041	1.8674833317112894e-11
Disease	disease_3115	1.845338146823125e-11
Disease	disease_15744	1.8392231216053094e-11
Disease	disease_19881	1.705930988750946e-11
Disease	disease_17229	1.558971090603504e-11
Disease	disease_17781	1.558971090603504e-11
Disease	disease_17552	1.484652521269375e-11
Disease	disease_17553	1.484652521269375e-11
Disease	disease_3903	1.4746551049481424e-11
Disease	disease_1722	1.2809806302742799e-11
Disease	disease_4503	1.1992381184680961e-11
Disease	disease_4511	1.1992381184680961e-11
Disease	disease_15834	1.0347523271947913e-11
Disease	disease_15837	1.0185157903585832e-11
Disease	disease_17108	9.539276961134563e-12
Disease	disease_17109	9.539276961134563e-12
Disease	disease_19871	7.27786763944078e-12
Disease	disease_19872	6.874326783943481e-12
Disease	disease_3921	6.3394065952825324e-12
Disease	disease_3868	6.3394065952825324e-12
Disease	disease_15832	6.240763540467026e-12
Disease	disease_15833	6.240763540467026e-12
Disease	disease_6145	5.37511489742483e-12
Disease	disease_17499	4.324572872661355e-12
Disease	disease_17510	4.324572872661355e-12
Disease	disease_17498	4.324572872661355e-12
Disease	disease_17509	4.324572872661355e-12
Disease	disease_17505	4.324572872661355e-12
Disease	disease_17504	4.324572872661355e-12
Disease	disease_17503	4.324572872661355e-12
Disease	disease_17502	4.324572872661355e-12
Disease	disease_17501	4.324572872661355e-12
Disease	disease_17500	4.324572872661355e-12
Disease	disease_1281	4.025777362206713e-12
Disease	disease_1392	4.025777362206713e-12
Disease	disease_4487	3.3947935548660725e-12
Disease	disease_4488	3.3947935548660725e-12
Disease	disease_4486	3.3947935548660725e-12
Disease	disease_17507	2.4505420548457175e-12
Disease	disease_17506	2.4505420548457175e-12
Disease	disease_20425	2.4195353434170904e-12
Disease	disease_20426	2.4195353434170904e-12
Disease	disease_20424	2.4195353434170904e-12
Disease	disease_20421	2.4195353434170904e-12
Disease	disease_20423	2.4195353434170904e-12
Disease	disease_20422	2.4195353434170904e-12
Disease	disease_20447	2.2229359323326894e-12
Disease	disease_20446	2.2229359323326894e-12
Disease	disease_17496	2.1555907181712227e-12
Disease	disease_17497	2.1555907181712227e-12
Disease	disease_15838	1.5273319912872523e-12
Disease	disease_20449	1.1294335793513313e-12
Disease	disease_20448	1.1294335793513313e-12
Disease	disease_20450	1.1294335793513313e-12
Disease	disease_20451	1.1294335793513313e-12
Disease	disease_20452	1.1294335793513313e-12
Disease	disease_15835	1.0343939061655848e-12
Disease	disease_15836	1.0343939061655848e-12
Disease	disease_20443	9.703250143510023e-13
Disease	disease_20440	9.703250143510023e-13
Disease	disease_20441	9.703250143510023e-13
Disease	disease_20445	9.703250143510023e-13
Disease	disease_20442	9.703250143510023e-13
Disease	disease_20444	9.703250143510023e-13
