multiplex	node	score
Disease	disease_2050	0.0008279075668154195
Disease	disease_19182	0.0006660113500076288
Disease	disease_5379	0.0006556193353522489
Disease	disease_5263	0.0006539903860928309
Disease	disease_5531	0.0006481667125384143
Disease	disease_19115	0.0006448408295578356
Disease	disease_1442	0.0006441029850290629
Disease	disease_4456	0.0006390332581322721
Disease	disease_5186	0.0006385752482159121
Disease	disease_5139	0.0006337673914995664
Disease	disease_5303	0.00019514666665264432
Disease	disease_2491	0.0001825675541541814
Disease	disease_5371	0.00017970042831981378
Disease	disease_5530	0.00016442772072801967
Disease	disease_15825	0.00016283912939525202
Disease	disease_5618	8.343457830465624e-05
Disease	disease_5146	7.870842548884374e-05
Disease	disease_20075	4.8057860623731356e-05
Disease	disease_3847	4.098274413933313e-05
Disease	disease_1821	3.8507447229094506e-05
Disease	disease_16565	3.6565634495747595e-05
Disease	disease_5151	3.612837167883478e-05
Disease	disease_41086	2.0931064512622647e-05
Disease	disease_2009	2.066288395716328e-05
Disease	disease_5267	2.055206979969425e-05
Disease	disease_1134	2.0087296087965855e-05
Disease	disease_24613	1.987857095424194e-05
Disease	disease_2444	1.955881764327562e-05
Disease	disease_24614	1.955881764327562e-05
Disease	disease_4995	1.9494442842479436e-05
Disease	disease_694	1.9360802151925847e-05
Disease	disease_5929	1.9353715033322586e-05
Disease	disease_5367	1.4218651114452002e-05
Disease	disease_4985	1.3349160112788954e-05
Disease	disease_13992	1.2568284061317705e-05
Disease	disease_5084	1.183715049621101e-05
Disease	disease_10961	1.159034767029822e-05
Disease	disease_12335	1.1564172353574751e-05
Disease	disease_2373	1.0599450607306334e-05
Disease	disease_5065	1.0341680680178012e-05
Disease	disease_947	9.642218232088847e-06
Disease	disease_8300	9.462894735497554e-06
Disease	disease_5912	9.283991865403637e-06
Disease	disease_4572	8.985021409879347e-06
Disease	disease_1485	8.985021409879347e-06
Disease	disease_8733	8.209574198107089e-06
Disease	disease_18997	6.769329741548161e-06
Disease	disease_2046	6.6015587025157846e-06
Disease	disease_7079	6.2916722078231686e-06
Disease	disease_2494	6.265013624513323e-06
Disease	disease_5048	5.950276740505756e-06
Disease	disease_10264	5.6034230214553674e-06
Disease	disease_7540	5.2257284065839205e-06
Disease	disease_24536	5.1892702028345855e-06
Disease	disease_11826	5.189147757417368e-06
Disease	disease_13991	5.179837430199809e-06
Disease	disease_3969	4.993532607322306e-06
Disease	disease_12552	4.929755094016817e-06
Disease	disease_4938	4.885875283340875e-06
Disease	disease_1225	4.881312421498354e-06
Disease	disease_1585	4.868468098106569e-06
Disease	disease_1345	4.868468098106569e-06
Disease	disease_4599	4.868468098106569e-06
Disease	disease_1423	4.824618380003811e-06
Disease	disease_5009	4.646284158745122e-06
Disease	disease_5433	4.614857189708491e-06
Disease	disease_5252	4.601994132182772e-06
Disease	disease_5689	4.447932884566188e-06
Disease	disease_15063	4.403249466231098e-06
Disease	disease_2347	4.390799996430126e-06
Disease	disease_5432	4.390799996430126e-06
Disease	disease_5419	4.390799996430126e-06
Disease	disease_4939	4.390799996430126e-06
Disease	disease_15517	4.3880607460529574e-06
Disease	disease_15064	4.289340150612867e-06
Disease	disease_19955	4.219262048693303e-06
Disease	disease_15065	4.210964853431694e-06
Disease	disease_6525	4.169053166858249e-06
Disease	disease_8383	4.163480319906763e-06
Disease	disease_3111	4.153304246970411e-06
Disease	disease_9564	4.082178622106144e-06
Disease	disease_7256	4.023172686639845e-06
Disease	disease_18244	4.009770499464395e-06
Disease	disease_5008	4.002813826501753e-06
Disease	disease_17994	4.002690904214784e-06
Disease	disease_18532	3.969760371352192e-06
Disease	disease_6210	3.779981890928471e-06
Disease	disease_18534	3.664893778087719e-06
Disease	disease_18533	3.624052575546591e-06
Disease	disease_16553	3.55282855835132e-06
Disease	disease_5549	3.3256298060318212e-06
Disease	disease_18982	3.313094767812577e-06
Disease	disease_5313	3.280404520835691e-06
Disease	disease_15977	3.2589690114672026e-06
Disease	disease_14309	3.2389408479570677e-06
Disease	disease_11468	3.221506503554612e-06
Disease	disease_16463	2.919071707670098e-06
Disease	disease_5231	2.9103355545837128e-06
Disease	disease_16462	2.8883642363143475e-06
Disease	disease_11864	2.7957192234581908e-06
Disease	disease_13286	2.7846536195926827e-06
Disease	disease_8763	2.772397906075418e-06
Disease	disease_5005	2.7570557043977735e-06
Disease	disease_2512	2.6147728222695295e-06
Disease	disease_2691	2.581821692221497e-06
Disease	disease_7763	2.572246609699288e-06
Disease	disease_19954	2.5625956627870363e-06
Disease	disease_17885	2.5536317691258025e-06
Disease	disease_21100	2.5453201121631925e-06
Disease	disease_17884	2.5347906012915377e-06
Disease	disease_9416	2.5082871128468314e-06
Disease	disease_18883	2.4782799275973338e-06
Disease	disease_3582	2.4556999952177986e-06
Disease	disease_18055	2.450130719266311e-06
Disease	disease_16216	2.4464295045709115e-06
Disease	disease_3012	2.4292702325101224e-06
Disease	disease_5206	2.3827701966329955e-06
Disease	disease_5220	2.3359205358606295e-06
Disease	disease_7254	2.3101699833863923e-06
Disease	disease_16419	2.286325888768472e-06
Disease	disease_18582	2.2505329031654238e-06
Disease	disease_10150	2.2262773870125073e-06
Disease	disease_16267	2.224283206191022e-06
Disease	disease_16266	2.2210930550494275e-06
Disease	disease_4989	2.1957583102699693e-06
Disease	disease_5096	2.160176887015752e-06
Disease	disease_19117	2.14434803237996e-06
Disease	disease_16584	2.0220872499267103e-06
Disease	disease_16464	1.959348166558634e-06
Disease	disease_12048	1.8689185095669718e-06
Disease	disease_3699	1.856437395442206e-06
Disease	disease_9874	1.7968134864861991e-06
Disease	disease_5383	1.7440427757618183e-06
Disease	disease_5148	1.740011292186187e-06
Disease	disease_5627	1.7398346175666724e-06
Disease	disease_2254	1.7373297734585205e-06
Disease	disease_20088	1.7233739890396795e-06
Disease	disease_7781	1.7150371042540188e-06
Disease	disease_500	1.7142299257769563e-06
Disease	disease_5155	1.713992661914596e-06
Disease	disease_4790	1.7053446171294075e-06
Disease	disease_8114	1.6850874016258709e-06
Disease	disease_12074	1.6741497143249361e-06
Disease	disease_9557	1.6713389432287301e-06
Disease	disease_3763	1.6678973232457392e-06
Disease	disease_19499	1.660960212745602e-06
Disease	disease_11918	1.659046875689904e-06
Disease	disease_19193	1.6581315091779226e-06
Disease	disease_7027	1.6547515031846563e-06
Disease	disease_7906	1.6524193436796525e-06
Disease	disease_21310	1.6436589974779126e-06
Disease	disease_1942	1.6435343256158265e-06
Disease	disease_11448	1.6396182447772061e-06
Disease	disease_12072	1.6394011946525243e-06
Disease	disease_1133	1.6269861019135512e-06
Disease	disease_5027	1.6226208660933456e-06
Disease	disease_1315	1.622282943302272e-06
Disease	disease_15999	1.6126867541463724e-06
Disease	disease_5398	1.6096846950103407e-06
Disease	disease_1151	1.6069836859160048e-06
Disease	disease_20301	1.601254038151017e-06
Disease	disease_12071	1.6012250013368122e-06
Disease	disease_10020	1.6009555949178566e-06
Disease	disease_18354	1.6004932108538574e-06
Disease	disease_13209	1.5941680270570857e-06
Disease	disease_1098	1.5936594576303923e-06
Disease	disease_5154	1.5500555894252778e-06
Disease	disease_8310	1.5274589717808535e-06
Disease	disease_5311	1.5204726421739587e-06
Disease	disease_12685	1.484510156202404e-06
Disease	disease_8056	1.4625250153733833e-06
Disease	disease_14402	1.4599386688502829e-06
Disease	disease_9517	1.457393371407958e-06
Disease	disease_8907	1.4546410412714765e-06
Disease	disease_9123	1.4536388131612973e-06
Disease	disease_13225	1.443969860026972e-06
Disease	disease_3193	1.4314731019776805e-06
Disease	disease_21698	1.4219486311057627e-06
Disease	disease_5496	1.4095722442576208e-06
Disease	disease_14541	1.403733677855672e-06
Disease	disease_1982	1.3945173116271658e-06
Disease	disease_16308	1.3891981426895026e-06
Disease	disease_16306	1.3891981426895026e-06
Disease	disease_16307	1.3891981426895026e-06
Disease	disease_16309	1.3891981426895026e-06
Disease	disease_16310	1.3891981426895026e-06
Disease	disease_18535	1.385106377742754e-06
Disease	disease_5683	1.3826907267097214e-06
Disease	disease_9757	1.3746215603346303e-06
Disease	disease_17581	1.3702322778609191e-06
Disease	disease_3210	1.3670026185142282e-06
Disease	disease_11719	1.3644469597102202e-06
Disease	disease_6658	1.3442671525640613e-06
Disease	disease_14359	1.3349046536950244e-06
Disease	disease_15229	1.3014908440311282e-06
Disease	disease_3425	1.2998569036437394e-06
Disease	disease_8728	1.2923460579294065e-06
Disease	disease_19087	1.2864579050773703e-06
Disease	disease_5072	1.275786580531779e-06
Disease	disease_5567	1.2528167187248336e-06
Disease	disease_2320	1.2429141760981723e-06
Disease	disease_2817	1.2424634816713832e-06
Disease	disease_19200	1.1962117926056653e-06
Disease	disease_15624	1.1837186811842287e-06
Disease	disease_6642	1.180693990385208e-06
Disease	disease_19321	1.1713936469145522e-06
Disease	disease_21199	1.1698882826718948e-06
Disease	disease_12911	1.169133953534252e-06
Disease	disease_7078	1.1658349311154693e-06
Disease	disease_14148	1.1614357868611998e-06
Disease	disease_14243	1.1542149992541387e-06
Disease	disease_17408	1.1454026814377256e-06
Disease	disease_18355	1.129386949376712e-06
Disease	disease_15892	1.12742303096817e-06
Disease	disease_12100	1.0864854503712497e-06
Disease	disease_12050	1.0864854503712497e-06
Disease	disease_15129	1.0836089096313139e-06
Disease	disease_9983	1.0681764593943938e-06
Disease	disease_20298	1.0656609013323983e-06
Disease	disease_508	1.0474731188862826e-06
Disease	disease_8903	1.0409797897876455e-06
Disease	disease_20302	1.032079694706206e-06
Disease	disease_18461	1.0242450451324604e-06
Disease	disease_15786	1.019793782292934e-06
Disease	disease_6730	1.0108453102795333e-06
Disease	disease_17405	1.0100598510338589e-06
Disease	disease_2995	9.954189120488283e-07
Disease	disease_15784	9.869361582617216e-07
Disease	disease_15783	9.869341702152824e-07
Disease	disease_12381	9.855312659404704e-07
Disease	disease_8394	9.777238243507648e-07
Disease	disease_18465	9.659211719345498e-07
Disease	disease_14431	9.542553487735324e-07
Disease	disease_20466	9.532090819673674e-07
Disease	disease_20467	9.488122772238284e-07
Disease	disease_20472	9.488122772238284e-07
Disease	disease_8874	9.479234609621323e-07
Disease	disease_18531	9.465898146570878e-07
Disease	disease_16988	9.426203477545035e-07
Disease	disease_17935	9.395856997244837e-07
Disease	disease_17189	9.290774448974051e-07
Disease	disease_12819	9.244177761799196e-07
Disease	disease_15749	9.221671127126431e-07
Disease	disease_9419	9.211527081943781e-07
Disease	disease_23122	9.067149490638282e-07
Disease	disease_8315	9.038440271075687e-07
Disease	disease_12593	8.988049005069607e-07
Disease	disease_5575	8.958318874655996e-07
Disease	disease_17185	8.908078097539539e-07
Disease	disease_17183	8.873693766077381e-07
Disease	disease_16603	8.869983464188453e-07
Disease	disease_17840	8.849548059767334e-07
Disease	disease_17839	8.849548059767334e-07
Disease	disease_24331	8.814014369276185e-07
Disease	disease_17184	8.79672396603185e-07
Disease	disease_12396	8.79355613557382e-07
Disease	disease_18907	8.731139817354523e-07
Disease	disease_19192	8.71627091658115e-07
Disease	disease_5159	8.715645779093387e-07
Disease	disease_14379	8.709634476329074e-07
Disease	disease_10026	8.690565722656819e-07
Disease	disease_8487	8.690410165794878e-07
Disease	disease_13478	8.668101044964097e-07
Disease	disease_12342	8.645257227814047e-07
Disease	disease_11929	8.645220712084312e-07
Disease	disease_9546	8.637756508041241e-07
Disease	disease_5281	8.631747561685162e-07
Disease	disease_18462	8.603340341947094e-07
Disease	disease_10246	8.5677772035008e-07
Disease	disease_34099	8.541445919801136e-07
Disease	disease_13483	8.531284361062402e-07
Disease	disease_14031	8.529788514779802e-07
Disease	disease_16650	8.508395645510611e-07
Disease	disease_19902	8.506578923723614e-07
Disease	disease_14791	8.474746400522314e-07
Disease	disease_13301	8.463337133092757e-07
Disease	disease_2251	8.445087869580899e-07
Disease	disease_10491	8.43549301662022e-07
Disease	disease_13842	8.429242542212789e-07
Disease	disease_8696	8.394687641046086e-07
Disease	disease_14420	8.378806151535781e-07
Disease	disease_5010	8.338963103205928e-07
Disease	disease_18336	8.310919446323262e-07
Disease	disease_54749	8.294799296266907e-07
Disease	disease_5420	8.233900448783164e-07
Disease	disease_5385	8.127648242023405e-07
Disease	disease_426	8.110134106611698e-07
Disease	disease_603	8.108117578384389e-07
Disease	disease_10138	8.081408574215782e-07
Disease	disease_24239	8.049285670133086e-07
Disease	disease_8876	8.044702999492722e-07
Disease	disease_16730	8.017598767318414e-07
Disease	disease_7113	7.925240775921325e-07
Disease	disease_24757	7.90348155267247e-07
Disease	disease_4230	7.835453296162906e-07
Disease	disease_8243	7.75587687864646e-07
Disease	disease_9965	7.684363184007223e-07
Disease	disease_14535	7.67087874900019e-07
Disease	disease_12923	7.670131587198983e-07
Disease	disease_15770	7.655174932800787e-07
Disease	disease_9255	7.630098983237116e-07
Disease	disease_11678	7.594267065423281e-07
Disease	disease_10196	7.58425442915838e-07
Disease	disease_19017	7.565905556582442e-07
Disease	disease_15159	7.562624591341346e-07
Disease	disease_5335	7.545945722059201e-07
Disease	disease_5617	7.534633906651992e-07
Disease	disease_19913	7.520157534437893e-07
Disease	disease_9904	7.517676543548555e-07
Disease	disease_7739	7.477631074504988e-07
Disease	disease_12104	7.379828600750785e-07
Disease	disease_12110	7.301739315734014e-07
Disease	disease_17230	7.269250207857169e-07
Disease	disease_14686	7.266294606787012e-07
Disease	disease_10857	7.251934207309843e-07
Disease	disease_4	7.238375634904832e-07
Disease	disease_14991	7.199888249505971e-07
Disease	disease_11669	7.158232382894688e-07
Disease	disease_11842	7.145659310198693e-07
Disease	disease_4596	7.13926086697993e-07
Disease	disease_18349	7.133115620555654e-07
Disease	disease_9100	7.119434023032017e-07
Disease	disease_16459	7.096563903553924e-07
Disease	disease_19802	7.094788038594903e-07
Disease	disease_33925	7.065245139142192e-07
Disease	disease_7908	7.061457451653824e-07
Disease	disease_15740	7.043695843301059e-07
Disease	disease_15333	7.036170268575623e-07
Disease	disease_7909	7.02786694673669e-07
Disease	disease_7863	6.986141500434724e-07
Disease	disease_9468	6.978293219680512e-07
Disease	disease_100192	6.965105702750642e-07
Disease	disease_8727	6.956857571970919e-07
Disease	disease_19599	6.95559617645497e-07
Disease	disease_9297	6.949139399194572e-07
Disease	disease_16653	6.942327498043111e-07
Disease	disease_11714	6.931847837830645e-07
Disease	disease_32908	6.930930578755127e-07
Disease	disease_19939	6.912175315415143e-07
Disease	disease_21040	6.911503603673209e-07
Disease	disease_7974	6.899182046604009e-07
Disease	disease_14157	6.894300400793625e-07
Disease	disease_14235	6.886034978246789e-07
Disease	disease_2025	6.877514857601816e-07
Disease	disease_5116	6.864711665435089e-07
Disease	disease_5919	6.863813193615606e-07
Disease	disease_18034	6.773679036477779e-07
Disease	disease_15126	6.766304627565799e-07
Disease	disease_21106	6.735055218548907e-07
Disease	disease_15327	6.601943814617111e-07
Disease	disease_43005	6.557892625259426e-07
Disease	disease_19052	6.549546273928834e-07
Disease	disease_3688	6.497390985244419e-07
Disease	disease_17169	6.408712665941642e-07
Disease	disease_19542	6.386470694356052e-07
Disease	disease_18398	6.348553980287001e-07
Disease	disease_5258	6.323681266775013e-07
Disease	disease_6856	6.205008402218805e-07
Disease	disease_9410	6.200838014369262e-07
Disease	disease_20643	6.136585422005275e-07
Disease	disease_15356	5.996791337948816e-07
Disease	disease_6810	5.816864357286027e-07
Disease	disease_5002	5.687638525050907e-07
Disease	disease_19012	5.645095347092972e-07
Disease	disease_21113	5.638769923420898e-07
Disease	disease_18612	5.620138803621616e-07
Disease	disease_20087	5.539652743785609e-07
Disease	disease_43007	5.508727266595863e-07
Disease	disease_21085	5.500193770454986e-07
Disease	disease_18619	5.414784797402837e-07
Disease	disease_2326	5.408178018902457e-07
Disease	disease_17182	5.39238531530162e-07
Disease	disease_14609	5.374135095614075e-07
Disease	disease_9718	5.365279041510543e-07
Disease	disease_5240	5.329025969215524e-07
Disease	disease_9341	5.304841770906151e-07
Disease	disease_24644	5.2954188172089e-07
Disease	disease_8731	5.280311741669192e-07
Disease	disease_8434	5.272757066089776e-07
Disease	disease_569	5.211392599169366e-07
Disease	disease_24612	5.205151241015559e-07
Disease	disease_13433	5.186799123918746e-07
Disease	disease_21117	5.167566356013816e-07
Disease	disease_15128	5.162325051732727e-07
Disease	disease_4982	5.07707730621656e-07
Disease	disease_21661	5.056963211031423e-07
Disease	disease_17337	5.019623012365275e-07
Disease	disease_11751	4.96957865453173e-07
Disease	disease_1343	4.942165908625314e-07
Disease	disease_4970	4.936988957341696e-07
Disease	disease_15007	4.906972940689679e-07
Disease	disease_8999	4.880405619100553e-07
Disease	disease_4993	4.858680182381809e-07
Disease	disease_16829	4.85101023535151e-07
Disease	disease_5495	4.825310201052719e-07
Disease	disease_10537	4.821439707295e-07
Disease	disease_19589	4.813612760885934e-07
Disease	disease_19847	4.797154530480327e-07
Disease	disease_10665	4.787895279049521e-07
Disease	disease_18458	4.7390462666567893e-07
Disease	disease_12912	4.7173630087680773e-07
Disease	disease_2803	4.7066278331351897e-07
Disease	disease_8681	4.704104359308377e-07
Disease	disease_20089	4.6591812184900605e-07
Disease	disease_100062	4.6342623545480446e-07
Disease	disease_18309	4.631088472475655e-07
Disease	disease_14944	4.599877443219257e-07
Disease	disease_13267	4.5983125411571693e-07
Disease	disease_5384	4.5820092472015025e-07
Disease	disease_10258	4.5796275898973603e-07
Disease	disease_9050	4.578046371613023e-07
Disease	disease_10558	4.571830062553964e-07
Disease	disease_18248	4.571054255041312e-07
Disease	disease_23603	4.559375865246577e-07
Disease	disease_11722	4.553706085013215e-07
Disease	disease_18123	4.5425449590880736e-07
Disease	disease_891	4.535978269905047e-07
Disease	disease_8008	4.5277450102674344e-07
Disease	disease_11145	4.5263418643683426e-07
Disease	disease_6406	4.511526931089966e-07
Disease	disease_16346	4.5065668200033015e-07
Disease	disease_1196	4.499997595478405e-07
Disease	disease_6874	4.4877382625356e-07
Disease	disease_595	4.474891199579822e-07
Disease	disease_596	4.4674375837098504e-07
Disease	disease_4868	4.4244146397985433e-07
Disease	disease_6322	4.421219099634432e-07
Disease	disease_40674	4.41147117683443e-07
Disease	disease_6025	4.4043392742321073e-07
Disease	disease_16855	4.402789485839891e-07
Disease	disease_3240	4.3841740425431093e-07
Disease	disease_2356	4.340414453563402e-07
Disease	disease_19188	4.3399801148048535e-07
Disease	disease_16856	4.3026251517017115e-07
Disease	disease_761	4.2409903283538135e-07
Disease	disease_5749	4.22973060918416e-07
Disease	disease_21667	4.21327437471918e-07
Disease	disease_5109	4.206850772757533e-07
Disease	disease_946	4.197966698700493e-07
Disease	disease_13082	4.1951449321022084e-07
Disease	disease_15514	4.195139101230645e-07
Disease	disease_9342	4.180196138286047e-07
Disease	disease_16294	4.172900189154139e-07
Disease	disease_9344	4.172859540103663e-07
Disease	disease_44751	4.113089795178306e-07
Disease	disease_5020	4.1102357917681564e-07
Disease	disease_4802	4.0985267426957045e-07
Disease	disease_4227	4.08894294479215e-07
Disease	disease_24326	4.0787387868300104e-07
Disease	disease_1781	4.068453214456302e-07
Disease	disease_3328	4.068314051897412e-07
Disease	disease_6003	4.0519018519481115e-07
Disease	disease_19716	4.028703089415371e-07
Disease	disease_2082	4.0174161570660953e-07
Disease	disease_5359	3.9399260110764694e-07
Disease	disease_3393	3.9227575742053193e-07
Disease	disease_6250	3.906958252127948e-07
Disease	disease_7749	3.899914899652845e-07
Disease	disease_6801	3.886599980705028e-07
Disease	disease_18575	3.8742414047427963e-07
Disease	disease_1223	3.8600665349631544e-07
Disease	disease_15127	3.854107642375712e-07
Disease	disease_100070	3.840629688583798e-07
Disease	disease_2259	3.825476743759156e-07
Disease	disease_17322	3.791383994611162e-07
Disease	disease_6743	3.7859070627861357e-07
Disease	disease_5165	3.785284365895751e-07
Disease	disease_17808	3.7703199598402106e-07
Disease	disease_18124	3.769858991938043e-07
Disease	disease_18620	3.7551551735679077e-07
Disease	disease_15663	3.753797254328876e-07
Disease	disease_5364	3.7295368513255747e-07
Disease	disease_5213	3.68510297228016e-07
Disease	disease_20119	3.658110367398519e-07
Disease	disease_2112	3.621957199934254e-07
Disease	disease_24503	3.613384840501275e-07
Disease	disease_1166	3.597528807370807e-07
Disease	disease_6674	3.577314584284628e-07
Disease	disease_15713	3.552640527916242e-07
Disease	disease_12423	3.5154345053322276e-07
Disease	disease_11717	3.50561015305241e-07
Disease	disease_6891	3.3884016174810435e-07
Disease	disease_9278	3.3882009537547524e-07
Disease	disease_5298	3.37855911088424e-07
Disease	disease_15785	3.3679568372029375e-07
Disease	disease_5560	3.345977442934109e-07
Disease	disease_8872	3.312530004642487e-07
Disease	disease_1386	3.3091099643584615e-07
Disease	disease_19165	3.3084433839237306e-07
Disease	disease_1336	3.263033516498501e-07
Disease	disease_16466	3.2588802229289884e-07
Disease	disease_5061	3.256703503254981e-07
Disease	disease_7534	3.237638998489426e-07
Disease	disease_4639	3.234893962957161e-07
Disease	disease_5249	3.2250344090962966e-07
Disease	disease_19915	3.2235002930189204e-07
Disease	disease_11236	3.2033235405515537e-07
Disease	disease_10383	3.1977941081541495e-07
Disease	disease_1922	3.1464226363628836e-07
Disease	disease_5354	3.145527995818171e-07
Disease	disease_8678	3.144496869812629e-07
Disease	disease_9688	3.1148272497986843e-07
Disease	disease_20056	3.1126068060638567e-07
Disease	disease_10561	3.075431092825721e-07
Disease	disease_2909	3.071935097971042e-07
Disease	disease_5147	3.064941376511874e-07
Disease	disease_24500	3.0386491005248136e-07
Disease	disease_15062	3.032268090217836e-07
Disease	disease_100172	3.0317513470194983e-07
Disease	disease_15330	3.020686791839018e-07
Disease	disease_4411	3.012434241672053e-07
Disease	disease_6257	3.012394485200304e-07
Disease	disease_35133	3.010172117445578e-07
Disease	disease_4950	3.0101179465338874e-07
Disease	disease_21124	3.0052805229046325e-07
Disease	disease_18067	3.001277353333843e-07
Disease	disease_4236	2.972193382192535e-07
Disease	disease_2564	2.961129538874445e-07
Disease	disease_19181	2.9478906808128686e-07
Disease	disease_15246	2.947656893896873e-07
Disease	disease_762	2.9475651448163043e-07
Disease	disease_16823	2.9279045559610153e-07
Disease	disease_16782	2.9158065462515284e-07
Disease	disease_2563	2.8953045878573354e-07
Disease	disease_11398	2.887592662171262e-07
Disease	disease_3500	2.8835217920988336e-07
Disease	disease_6229	2.8680582003173794e-07
Disease	disease_18923	2.841611537654776e-07
Disease	disease_43008	2.798778855532498e-07
Disease	disease_193	2.797231757459694e-07
Disease	disease_1751	2.770380345650058e-07
Disease	disease_19086	2.760550433170198e-07
Disease	disease_1056	2.7586679474900854e-07
Disease	disease_20158	2.7401360083356924e-07
Disease	disease_20240	2.738877542610422e-07
Disease	disease_19296	2.7385517116729255e-07
Disease	disease_19008	2.7218321644403284e-07
Disease	disease_20057	2.715178864827412e-07
Disease	disease_2125	2.709520633512199e-07
Disease	disease_18448	2.7035427932476995e-07
Disease	disease_2316	2.6883412778174587e-07
Disease	disease_6517	2.6867003639321446e-07
Disease	disease_1567	2.6743025701413273e-07
Disease	disease_2442	2.6725447407478554e-07
Disease	disease_6727	2.6685530046745567e-07
Disease	disease_5301	2.65833475447567e-07
Disease	disease_2319	2.6567217919691566e-07
Disease	disease_8159	2.6461074838257603e-07
Disease	disease_425	2.6438069350634286e-07
Disease	disease_15360	2.6426571429147345e-07
Disease	disease_16913	2.6416992900005307e-07
Disease	disease_5300	2.6217785644298043e-07
Disease	disease_43905	2.6117954677909027e-07
Disease	disease_16158	2.607841738681072e-07
Disease	disease_6011	2.6017119692526134e-07
Disease	disease_8171	2.5991339690497803e-07
Disease	disease_11096	2.590103304317461e-07
Disease	disease_18567	2.580473611332571e-07
Disease	disease_7648	2.5775511089823227e-07
Disease	disease_19897	2.5751754106911653e-07
Disease	disease_24237	2.546388311831417e-07
Disease	disease_19268	2.542099919522204e-07
Disease	disease_18184	2.539944714110516e-07
Disease	disease_4994	2.5392539211478536e-07
Disease	disease_10888	2.5174191425622626e-07
Disease	disease_19040	2.516871089600304e-07
Disease	disease_16365	2.502840338252409e-07
Disease	disease_4049	2.501846066390687e-07
Disease	disease_5480	2.493473767630023e-07
Disease	disease_20528	2.4878939716357167e-07
Disease	disease_13242	2.446445389646727e-07
Disease	disease_14918	2.4459489497598727e-07
Disease	disease_10296	2.428388688018151e-07
Disease	disease_15140	2.4274680231981303e-07
Disease	disease_16958	2.4260775150828115e-07
Disease	disease_20071	2.4163873409671454e-07
Disease	disease_5763	2.4156575074641597e-07
Disease	disease_9960	2.4119232481931323e-07
Disease	disease_992	2.4101735294739894e-07
Disease	disease_18800	2.405012411302718e-07
Disease	disease_396	2.3847329224772116e-07
Disease	disease_16561	2.3817914769605682e-07
Disease	disease_11441	2.3802499164334136e-07
Disease	disease_5917	2.3796752889629534e-07
Disease	disease_15945	2.3790237616526706e-07
Disease	disease_16035	2.378430822474925e-07
Disease	disease_10421	2.377266875765223e-07
Disease	disease_17950	2.3640728201043333e-07
Disease	disease_4980	2.3587635810024266e-07
Disease	disease_33363	2.3552612352674823e-07
Disease	disease_10306	2.353199683587013e-07
Disease	disease_15285	2.3407142524239985e-07
Disease	disease_21042	2.339209428570098e-07
Disease	disease_18538	2.3341476731180202e-07
Disease	disease_11559	2.317120649469493e-07
Disease	disease_15110	2.31102752149606e-07
Disease	disease_8393	2.3088723101741157e-07
Disease	disease_17290	2.3039785160980878e-07
Disease	disease_9469	2.3036004840201038e-07
Disease	disease_3942	2.2982685847861342e-07
Disease	disease_3941	2.2982685847861342e-07
Disease	disease_16729	2.295557247675492e-07
Disease	disease_6846	2.2938481190273922e-07
Disease	disease_15077	2.2932317874474372e-07
Disease	disease_4335	2.2880423342372382e-07
Disease	disease_20527	2.2868187665009777e-07
Disease	disease_5391	2.2809175001941134e-07
Disease	disease_1899	2.2801069909544553e-07
Disease	disease_16901	2.2739984505483911e-07
Disease	disease_17240	2.2470720123412355e-07
Disease	disease_693	2.2448582919079296e-07
Disease	disease_56815	2.2404939851956716e-07
Disease	disease_3117	2.231229547988978e-07
Disease	disease_6993	2.2302163946510662e-07
Disease	disease_24507	2.2298384577134756e-07
Disease	disease_12455	2.2251035213811688e-07
Disease	disease_18891	2.2213198166755607e-07
Disease	disease_1866	2.188415028872777e-07
Disease	disease_12881	2.1858576825275207e-07
Disease	disease_1152	2.1785341825695607e-07
Disease	disease_7440	2.1765846567795183e-07
Disease	disease_4784	2.1756874740080915e-07
Disease	disease_3652	2.1734143391748157e-07
Disease	disease_12642	2.1732432455052311e-07
Disease	disease_12686	2.1732432455052311e-07
Disease	disease_12882	2.1732432455052311e-07
Disease	disease_12319	2.1732432455052311e-07
Disease	disease_12877	2.1732432455052311e-07
Disease	disease_13874	2.1695270884965388e-07
Disease	disease_6337	2.1669257296838964e-07
Disease	disease_12214	2.158396382111366e-07
Disease	disease_40502	2.1577173593984515e-07
Disease	disease_8735	2.156545015891567e-07
Disease	disease_2492	2.1436909773262914e-07
Disease	disease_816	2.128892231956949e-07
Disease	disease_3406	2.1102224876941473e-07
Disease	disease_16780	2.1066489145344915e-07
Disease	disease_17143	2.0961548083979604e-07
Disease	disease_5045	2.093645935546815e-07
Disease	disease_18116	2.0915327060883055e-07
Disease	disease_11565	2.0898553127066603e-07
Disease	disease_12519	2.0868751732668413e-07
Disease	disease_4765	2.0850109432497972e-07
Disease	disease_5254	2.0727480166010127e-07
Disease	disease_16476	2.0621419624149753e-07
Disease	disease_16547	2.0613083935450712e-07
Disease	disease_18324	2.0611687818971473e-07
Disease	disease_18325	2.0611687818971473e-07
Disease	disease_8723	2.0550573072760645e-07
Disease	disease_11153	2.0536393479304162e-07
Disease	disease_6032	2.0535402556100264e-07
Disease	disease_20124	2.0504502458007344e-07
Disease	disease_12061	2.0495130010469443e-07
Disease	disease_13364	2.0479607174851422e-07
Disease	disease_10363	2.0435367171447523e-07
Disease	disease_11057	2.0428657906238976e-07
Disease	disease_8608	2.0394083291641743e-07
Disease	disease_1823	2.0370547286963007e-07
Disease	disease_10663	2.0327354613843358e-07
Disease	disease_15620	2.0244549995646264e-07
Disease	disease_5503	2.0194063168727793e-07
Disease	disease_15183	2.01427756273248e-07
Disease	disease_16022	2.012643841859994e-07
Disease	disease_20722	2.012390136076871e-07
Disease	disease_16241	2.0063313820209014e-07
Disease	disease_1185	1.9973300963042842e-07
Disease	disease_14416	1.9969841893598337e-07
Disease	disease_5937	1.9932736181829927e-07
Disease	disease_18912	1.9917834689941637e-07
Disease	disease_7669	1.9911329531137956e-07
Disease	disease_5393	1.988387874926051e-07
Disease	disease_3781	1.9821999683027347e-07
Disease	disease_5265	1.9727150053712769e-07
Disease	disease_8710	1.9684285354140489e-07
Disease	disease_2081	1.966689975076159e-07
Disease	disease_14098	1.9663377896491407e-07
Disease	disease_16830	1.9649624740147205e-07
Disease	disease_13998	1.9649271447524033e-07
Disease	disease_1071	1.9626944558632078e-07
Disease	disease_16951	1.9491284211916573e-07
Disease	disease_14741	1.9426675216100903e-07
Disease	disease_44079	1.9411767187617296e-07
Disease	disease_5817	1.9395285252953774e-07
Disease	disease_20573	1.9370046471333402e-07
Disease	disease_14382	1.9352813422927111e-07
Disease	disease_5253	1.9348899277502892e-07
Disease	disease_386	1.9275778251624526e-07
Disease	disease_3060	1.9252604873532526e-07
Disease	disease_3265	1.922956680218513e-07
Disease	disease_8564	1.9138564733782724e-07
Disease	disease_5467	1.9121550992652606e-07
Disease	disease_20336	1.9042058735586686e-07
Disease	disease_16110	1.895923664825296e-07
Disease	disease_24255	1.8957003617780394e-07
Disease	disease_10680	1.8942521397254978e-07
Disease	disease_8854	1.8898602098253176e-07
Disease	disease_100038	1.8777419179706703e-07
Disease	disease_32703	1.8723655898637745e-07
Disease	disease_9192	1.8685060974819198e-07
Disease	disease_5754	1.8590241732008319e-07
Disease	disease_19896	1.85630804124286e-07
Disease	disease_3789	1.8540727458896237e-07
Disease	disease_6716	1.8405887769704866e-07
Disease	disease_4781	1.8309432624180758e-07
Disease	disease_18097	1.830873439067366e-07
Disease	disease_16215	1.8174669050126063e-07
Disease	disease_18760	1.8060573704111405e-07
Disease	disease_1835	1.8052612323955752e-07
Disease	disease_19928	1.795995617907759e-07
Disease	disease_27407	1.7943330959409731e-07
Disease	disease_15218	1.7941238657226593e-07
Disease	disease_18473	1.7939040740367106e-07
Disease	disease_1169	1.7843978792604238e-07
Disease	disease_12855	1.7665895199557582e-07
Disease	disease_1170	1.764999424245274e-07
Disease	disease_4782	1.7646186796104157e-07
Disease	disease_7450	1.7620956207120287e-07
Disease	disease_10428	1.7620525031928906e-07
Disease	disease_33630	1.7615870308504903e-07
Disease	disease_5028	1.7586125793837115e-07
Disease	disease_4247	1.7544285912928977e-07
Disease	disease_6746	1.7527240805496088e-07
Disease	disease_19349	1.7454493086863177e-07
Disease	disease_12508	1.736896000540753e-07
Disease	disease_19618	1.7302321414969678e-07
Disease	disease_11301	1.728711419706314e-07
Disease	disease_3678	1.7271299041170966e-07
Disease	disease_19964	1.722427175425316e-07
Disease	disease_19201	1.722160362212033e-07
Disease	disease_16512	1.719967310485465e-07
Disease	disease_7037	1.7171877598810203e-07
Disease	disease_19721	1.7166686706886057e-07
Disease	disease_18823	1.7162817646672287e-07
Disease	disease_1167	1.7121297637017516e-07
Disease	disease_14298	1.7118947690722066e-07
Disease	disease_13256	1.7084713412343917e-07
Disease	disease_13822	1.7050693088782885e-07
Disease	disease_18474	1.700988812222272e-07
Disease	disease_44308	1.700036492042608e-07
Disease	disease_14432	1.6997397320616945e-07
Disease	disease_8406	1.699453900919783e-07
Disease	disease_11146	1.698216765992461e-07
Disease	disease_2098	1.6964693401305308e-07
Disease	disease_2138	1.6962918494315702e-07
Disease	disease_10886	1.6940014727145066e-07
Disease	disease_1318	1.6915523807028915e-07
Disease	disease_9514	1.6891704930154497e-07
Disease	disease_11578	1.6852831823009264e-07
Disease	disease_6596	1.6839716913123484e-07
Disease	disease_8732	1.6828315199160338e-07
Disease	disease_19960	1.681292062321996e-07
Disease	disease_5372	1.6775235193606623e-07
Disease	disease_14165	1.6760500911350544e-07
Disease	disease_7070	1.675370035363934e-07
Disease	disease_19164	1.6753462437764213e-07
Disease	disease_11523	1.67466748032661e-07
Disease	disease_11503	1.670386461102678e-07
Disease	disease_9312	1.6682253253225034e-07
Disease	disease_22323	1.667621267365635e-07
Disease	disease_6616	1.667621267365635e-07
Disease	disease_32837	1.6675521765000602e-07
Disease	disease_20232	1.6667615928350714e-07
Disease	disease_14433	1.6641594008739519e-07
Disease	disease_8311	1.6629259141702825e-07
Disease	disease_14606	1.662481934097181e-07
Disease	disease_14438	1.6614556282680404e-07
Disease	disease_14440	1.6603683269958714e-07
Disease	disease_16025	1.6602298876780433e-07
Disease	disease_12528	1.6600482508480704e-07
Disease	disease_100079	1.6593900264166766e-07
Disease	disease_14434	1.6575862533155687e-07
Disease	disease_14435	1.6563113187016654e-07
Disease	disease_14444	1.655902742723477e-07
Disease	disease_5665	1.655430089407465e-07
Disease	disease_12268	1.6551303565038083e-07
Disease	disease_8428	1.6544884531486862e-07
Disease	disease_2271	1.653781502861496e-07
Disease	disease_6987	1.653357854248256e-07
Disease	disease_14436	1.6529152327728014e-07
Disease	disease_10617	1.6519148929306775e-07
Disease	disease_14926	1.6512978283529093e-07
Disease	disease_10832	1.6512942788047615e-07
Disease	disease_16865	1.6508927988502244e-07
Disease	disease_3827	1.6505745749005063e-07
Disease	disease_18632	1.6489215378469706e-07
Disease	disease_2169	1.6478429417550754e-07
Disease	disease_14439	1.6474081252096212e-07
Disease	disease_15962	1.646876346804397e-07
Disease	disease_14446	1.6459785685117696e-07
Disease	disease_9323	1.6459111835147084e-07
Disease	disease_12126	1.6457727912793671e-07
Disease	disease_11506	1.645350509401242e-07
Disease	disease_14445	1.6450428087395897e-07
Disease	disease_14441	1.6442527152429896e-07
Disease	disease_43472	1.6440120004806383e-07
Disease	disease_7264	1.643397801857986e-07
Disease	disease_14437	1.643342692268895e-07
Disease	disease_13352	1.64223456945977e-07
Disease	disease_14447	1.6411893384132692e-07
Disease	disease_16386	1.6386759722273135e-07
Disease	disease_14442	1.6386012348032455e-07
Disease	disease_18920	1.6383505991684415e-07
Disease	disease_14284	1.638125917824737e-07
Disease	disease_12756	1.637440997122312e-07
Disease	disease_32935	1.6368426364423865e-07
Disease	disease_32780	1.6350351501186873e-07
Disease	disease_4855	1.6347055845968066e-07
Disease	disease_29131	1.6345280885970355e-07
Disease	disease_16889	1.6318510942777156e-07
Disease	disease_2367	1.631791220663674e-07
Disease	disease_5557	1.630694709411738e-07
Disease	disease_10319	1.6305786299910165e-07
Disease	disease_32745	1.6300488685143144e-07
Disease	disease_9763	1.6289007622744577e-07
Disease	disease_15028	1.627245261488832e-07
Disease	disease_60712	1.6264004377236085e-07
Disease	disease_32851	1.6260655772427638e-07
Disease	disease_9912	1.626023810581552e-07
Disease	disease_32755	1.6252857821301242e-07
Disease	disease_32883	1.625038665866745e-07
Disease	disease_12076	1.625014718000118e-07
Disease	disease_6243	1.6248117232409466e-07
Disease	disease_32936	1.623717575870597e-07
Disease	disease_10025	1.6231265244290375e-07
Disease	disease_19775	1.620110492908473e-07
Disease	disease_16203	1.6176226953196998e-07
Disease	disease_18101	1.617413187456855e-07
Disease	disease_13652	1.6173667955128246e-07
Disease	disease_7716	1.6169226276071504e-07
Disease	disease_15779	1.614475805507004e-07
Disease	disease_11652	1.6141954453660205e-07
Disease	disease_7319	1.613611663609745e-07
Disease	disease_20794	1.6130244471160958e-07
Disease	disease_13922	1.609991502723906e-07
Disease	disease_17128	1.6082932558153124e-07
Disease	disease_17580	1.6071560892162103e-07
Disease	disease_44336	1.605210190759859e-07
Disease	disease_10824	1.604157513203708e-07
Disease	disease_12761	1.6033837818922905e-07
Disease	disease_19846	1.6026656193622026e-07
Disease	disease_7983	1.6013594414570206e-07
Disease	disease_1732	1.6008693674352208e-07
Disease	disease_15247	1.6002304442851132e-07
Disease	disease_44278	1.6000604524121456e-07
Disease	disease_20784	1.6000604524121456e-07
Disease	disease_19018	1.5996926570693794e-07
Disease	disease_18699	1.5993570644199919e-07
Disease	disease_7688	1.5989732247658393e-07
Disease	disease_8411	1.598515275284809e-07
Disease	disease_43549	1.5953900670209405e-07
Disease	disease_14764	1.5947125256891352e-07
Disease	disease_17406	1.5945850448255893e-07
Disease	disease_100135	1.5914249852430163e-07
Disease	disease_14618	1.590507462987785e-07
Disease	disease_16290	1.5898305102669458e-07
Disease	disease_10277	1.587941385611333e-07
Disease	disease_476	1.5875878056431277e-07
Disease	disease_11537	1.5869757341665892e-07
Disease	disease_16658	1.5862194482460387e-07
Disease	disease_8602	1.5854260070462982e-07
Disease	disease_36688	1.5839619792540468e-07
Disease	disease_21189	1.5832934121774936e-07
Disease	disease_17614	1.5823145890696448e-07
Disease	disease_14522	1.581837470457774e-07
Disease	disease_16853	1.5818319962128434e-07
Disease	disease_16765	1.5813723369157983e-07
Disease	disease_19487	1.5808737324739096e-07
Disease	disease_19959	1.5808348766408018e-07
Disease	disease_13024	1.579891074489618e-07
Disease	disease_17335	1.5771271600843344e-07
Disease	disease_8019	1.5770858099812132e-07
Disease	disease_10407	1.576486460025784e-07
Disease	disease_8864	1.5763797052314012e-07
Disease	disease_7766	1.5755290377375075e-07
Disease	disease_10323	1.5753581380878583e-07
Disease	disease_19901	1.574534588713114e-07
Disease	disease_9599	1.5741233214861515e-07
Disease	disease_11778	1.571904575486582e-07
Disease	disease_18751	1.571698616432585e-07
Disease	disease_11445	1.5711867946056804e-07
Disease	disease_14678	1.571050233669495e-07
Disease	disease_19422	1.5704024854206687e-07
Disease	disease_10270	1.570350883716646e-07
Disease	disease_9629	1.5702664639834232e-07
Disease	disease_15768	1.569777010190793e-07
Disease	disease_14449	1.569046553378951e-07
Disease	disease_4958	1.568784870976874e-07
Disease	disease_14712	1.5679267946756139e-07
Disease	disease_14175	1.5676025884053593e-07
Disease	disease_14557	1.5671434947682513e-07
Disease	disease_15751	1.5671434403449466e-07
Disease	disease_17193	1.5666288575059736e-07
Disease	disease_10972	1.566455774094169e-07
Disease	disease_13917	1.5660188368813495e-07
Disease	disease_18572	1.5652243704703383e-07
Disease	disease_13050	1.565098289451608e-07
Disease	disease_10235	1.5647384275967684e-07
Disease	disease_10090	1.562702416125047e-07
Disease	disease_9905	1.5626463556382756e-07
Disease	disease_10082	1.5616153308571443e-07
Disease	disease_14287	1.5609787085980377e-07
Disease	disease_13987	1.560693256362998e-07
Disease	disease_16063	1.5591703180885173e-07
Disease	disease_32724	1.5589519578972365e-07
Disease	disease_16385	1.5589121543040615e-07
Disease	disease_13837	1.5588396742750826e-07
Disease	disease_19506	1.558244463575792e-07
Disease	disease_4976	1.5578246140846125e-07
Disease	disease_10430	1.5576837475582095e-07
Disease	disease_6976	1.5574917268166116e-07
Disease	disease_14126	1.555891998819517e-07
Disease	disease_9585	1.5546768980415033e-07
Disease	disease_30914	1.5544447169417258e-07
Disease	disease_10265	1.5525290236376543e-07
Disease	disease_7127	1.552458263014219e-07
Disease	disease_13624	1.5521608899252569e-07
Disease	disease_22697	1.5511602901784388e-07
Disease	disease_20695	1.5511602901784388e-07
Disease	disease_400	1.5511602901784388e-07
Disease	disease_33649	1.5509803226978707e-07
Disease	disease_10367	1.5492418914895028e-07
Disease	disease_8563	1.5471584078913242e-07
Disease	disease_56795	1.544755430877624e-07
Disease	disease_6163	1.5439424729884232e-07
Disease	disease_17663	1.541846064591043e-07
Disease	disease_20836	1.5417711168240206e-07
Disease	disease_5004	1.539577498457634e-07
Disease	disease_4425	1.5321589765578488e-07
Disease	disease_19957	1.5207008149702833e-07
Disease	disease_11429	1.5027657259242686e-07
Disease	disease_9049	1.4978530513863805e-07
Disease	disease_19058	1.4859162104795886e-07
Disease	disease_16905	1.4745748661087268e-07
Disease	disease_18506	1.467731892061996e-07
Disease	disease_18479	1.4617903737856896e-07
Disease	disease_5275	1.4533373487976633e-07
Disease	disease_19992	1.451889571196301e-07
Disease	disease_18492	1.449831109839346e-07
Disease	disease_24575	1.4469545988593565e-07
Disease	disease_2665	1.436902843684395e-07
Disease	disease_19502	1.435016658683696e-07
Disease	disease_5030	1.432839659826195e-07
Disease	disease_5306	1.4215849071841001e-07
Disease	disease_7959	1.418629039603268e-07
Disease	disease_5180	1.4084306455921595e-07
Disease	disease_4631	1.4025696592566398e-07
Disease	disease_5191	1.4000324685981404e-07
Disease	disease_5203	1.399934268759592e-07
Disease	disease_2898	1.3976413858963973e-07
Disease	disease_19171	1.394919491867056e-07
Disease	disease_5519	1.3803025046189115e-07
Disease	disease_18708	1.3713839402025075e-07
Disease	disease_5071	1.367198495214511e-07
Disease	disease_18284	1.3660431439538524e-07
Disease	disease_2531	1.3650989250026632e-07
Disease	disease_13341	1.3600049730619775e-07
Disease	disease_19725	1.3595686608690965e-07
Disease	disease_11348	1.357175107899079e-07
Disease	disease_652	1.3520572478975296e-07
Disease	disease_11975	1.3442589897006762e-07
Disease	disease_21069	1.334692356113879e-07
Disease	disease_43218	1.3318410192722545e-07
Disease	disease_5596	1.3296344366150628e-07
Disease	disease_7768	1.326252405606463e-07
Disease	disease_5036	1.3235217250987363e-07
Disease	disease_3010	1.323386737382336e-07
Disease	disease_4732	1.321132748074028e-07
Disease	disease_15278	1.31821108951236e-07
Disease	disease_5395	1.316271569969251e-07
Disease	disease_3008	1.3145837800357994e-07
Disease	disease_1187	1.3136684492259708e-07
Disease	disease_15059	1.3105497241676057e-07
Disease	disease_4681	1.3104139217213764e-07
Disease	disease_15919	1.2988572117671217e-07
Disease	disease_7963	1.295776416416538e-07
Disease	disease_19707	1.2922104147094842e-07
Disease	disease_17276	1.2889505077857343e-07
Disease	disease_24327	1.285779348479903e-07
Disease	disease_5087	1.2742972824229615e-07
Disease	disease_11849	1.2659781513909898e-07
Disease	disease_15329	1.2646218507619585e-07
Disease	disease_1868	1.2634522068833835e-07
Disease	disease_19695	1.2585272170137063e-07
Disease	disease_7329	1.2504515881874134e-07
Disease	disease_4849	1.2500935572426333e-07
Disease	disease_4955	1.248909403392509e-07
Disease	disease_18453	1.245537390114032e-07
Disease	disease_32920	1.2444105999655115e-07
Disease	disease_5453	1.2418028536833992e-07
Disease	disease_44976	1.2401478028495674e-07
Disease	disease_6496	1.2392320555776724e-07
Disease	disease_6510	1.2376044384508423e-07
Disease	disease_18665	1.2332090532568313e-07
Disease	disease_3538	1.2325432100411309e-07
Disease	disease_16911	1.229586602554145e-07
Disease	disease_19852	1.2247523969346983e-07
Disease	disease_20683	1.2225031785934794e-07
Disease	disease_2771	1.2215523129169548e-07
Disease	disease_18875	1.218352687284836e-07
Disease	disease_43377	1.216592825082519e-07
Disease	disease_17740	1.2134537262277153e-07
Disease	disease_7263	1.210772928864223e-07
Disease	disease_3709	1.204454695455032e-07
Disease	disease_24643	1.2019204677550753e-07
Disease	disease_15168	1.201549297092938e-07
Disease	disease_1247	1.1982476188096541e-07
Disease	disease_11873	1.195796617904375e-07
Disease	disease_17706	1.192480405852035e-07
Disease	disease_21209	1.191756258435775e-07
Disease	disease_19436	1.1912299747738561e-07
Disease	disease_1609	1.1823220607752786e-07
Disease	disease_5517	1.1816469863413046e-07
Disease	disease_5510	1.176342615274739e-07
Disease	disease_11266	1.1649486486686722e-07
Disease	disease_5580	1.1645829758509815e-07
Disease	disease_5401	1.1639241690581083e-07
Disease	disease_1475	1.1618673076942038e-07
Disease	disease_15331	1.1588436565742316e-07
Disease	disease_14352	1.1512309583327213e-07
Disease	disease_21351	1.1494675170721834e-07
Disease	disease_6291	1.1493408252979344e-07
Disease	disease_20804	1.1491581549050746e-07
Disease	disease_19342	1.1474409136936544e-07
Disease	disease_6962	1.1461609810057785e-07
Disease	disease_18975	1.1454262932466768e-07
Disease	disease_2206	1.1443926936976558e-07
Disease	disease_15501	1.1393708857562349e-07
Disease	disease_17891	1.1323784652417325e-07
Disease	disease_16248	1.1300368153412188e-07
Disease	disease_4375	1.1263186203575055e-07
Disease	disease_6644	1.1237874675286419e-07
Disease	disease_9831	1.122470414453711e-07
Disease	disease_20078	1.1214918677694897e-07
Disease	disease_9985	1.1212178807324581e-07
Disease	disease_5308	1.11759438354241e-07
Disease	disease_15131	1.1172223364982766e-07
Disease	disease_21074	1.1133316643945512e-07
Disease	disease_5192	1.1131294558236757e-07
Disease	disease_6955	1.1086799415466368e-07
Disease	disease_8965	1.1080651958120514e-07
Disease	disease_11199	1.1071849194461699e-07
Disease	disease_19434	1.1058611536179337e-07
Disease	disease_8661	1.1026264267775521e-07
Disease	disease_13797	1.0952729617281813e-07
Disease	disease_5554	1.0911795313146888e-07
Disease	disease_16337	1.0908975060649266e-07
Disease	disease_21166	1.0896258516426418e-07
Disease	disease_12505	1.0857386377612868e-07
Disease	disease_18874	1.0843943474588457e-07
Disease	disease_2939	1.0824407777817517e-07
Disease	disease_18961	1.0775808379660701e-07
Disease	disease_7834	1.0763793147536848e-07
Disease	disease_540	1.0759728371303816e-07
Disease	disease_1657	1.0730038859603495e-07
Disease	disease_3540	1.0720622409070335e-07
Disease	disease_21063	1.0714098645505713e-07
Disease	disease_19801	1.0667479091877138e-07
Disease	disease_16883	1.0657675582656547e-07
Disease	disease_12509	1.0645916039227631e-07
Disease	disease_12004	1.0593954077266382e-07
Disease	disease_19497	1.0457802092233622e-07
Disease	disease_17366	1.0456967445269097e-07
Disease	disease_8746	1.0375097013919107e-07
Disease	disease_12000	1.0353514059179848e-07
Disease	disease_15169	1.0344795376058739e-07
Disease	disease_5448	1.0329617103877039e-07
Disease	disease_13245	1.03014483580507e-07
Disease	disease_44792	1.0298571869141128e-07
Disease	disease_960	1.0295712311233949e-07
Disease	disease_7103	1.0285364896957245e-07
Disease	disease_25483	1.0251727172868719e-07
Disease	disease_18536	1.025059616804264e-07
Disease	disease_10467	1.0242951598920572e-07
Disease	disease_16072	1.0224049556581571e-07
Disease	disease_17279	1.0220624172110812e-07
Disease	disease_6816	1.0157866874952271e-07
Disease	disease_5259	1.0088887285785529e-07
Disease	disease_13133	1.002128376380877e-07
Disease	disease_19003	1.0015976524356861e-07
Disease	disease_15778	1.0010084213240639e-07
Disease	disease_30702	1.0009510759332783e-07
Disease	disease_21154	9.989392845285714e-08
Disease	disease_7924	9.976764204856914e-08
Disease	disease_32569	9.969898299870615e-08
Disease	disease_1106	9.958030788487106e-08
Disease	disease_3429	9.938707055591646e-08
Disease	disease_23235	9.919997246559747e-08
Disease	disease_16602	9.891935020193877e-08
Disease	disease_3014	9.84688106296633e-08
Disease	disease_18967	9.82807138604168e-08
Disease	disease_19010	9.787456878438074e-08
Disease	disease_5382	9.770327848890887e-08
Disease	disease_19336	9.770000212213567e-08
Disease	disease_5578	9.768390718828902e-08
Disease	disease_6364	9.746086696121404e-08
Disease	disease_12382	9.719817481369102e-08
Disease	disease_1531	9.686133991046115e-08
Disease	disease_32775	9.672540647994417e-08
Disease	disease_10911	9.655888460452085e-08
Disease	disease_18772	9.637432091139874e-08
Disease	disease_651	9.631867128631744e-08
Disease	disease_19810	9.626480663489384e-08
Disease	disease_1902	9.623501844613072e-08
Disease	disease_11326	9.607508583544715e-08
Disease	disease_21105	9.60233974329563e-08
Disease	disease_5097	9.58710698352541e-08
Disease	disease_13246	9.572158311614308e-08
Disease	disease_17823	9.566609518011162e-08
Disease	disease_4987	9.547084279260354e-08
Disease	disease_1627	9.544220715525661e-08
Disease	disease_9734	9.498457113756428e-08
Disease	disease_2516	9.486602288524034e-08
Disease	disease_21104	9.462560571467379e-08
Disease	disease_18338	9.450793202097834e-08
Disease	disease_5570	9.44715706554456e-08
Disease	disease_21227	9.435322617176103e-08
Disease	disease_2146	9.428506676887595e-08
Disease	disease_15132	9.428091679318494e-08
Disease	disease_7052	9.418927557371925e-08
Disease	disease_2330	9.41653278152168e-08
Disease	disease_1438	9.414708802551726e-08
Disease	disease_18466	9.40309211292065e-08
Disease	disease_16613	9.391795893146809e-08
Disease	disease_22687	9.386013882035958e-08
Disease	disease_18513	9.352232918391302e-08
Disease	disease_15253	9.35154156674074e-08
Disease	disease_5302	9.338661698053463e-08
Disease	disease_21056	9.301933356411796e-08
Disease	disease_6981	9.300317392318091e-08
Disease	disease_5815	9.293783204873647e-08
Disease	disease_19743	9.283444584615833e-08
Disease	disease_6736	9.274413945500185e-08
Disease	disease_15696	9.262931853108942e-08
Disease	disease_1643	9.249691579860435e-08
Disease	disease_9415	9.248996278522048e-08
Disease	disease_19075	9.242503955877582e-08
Disease	disease_21272	9.229124590325415e-08
Disease	disease_10288	9.226897123961985e-08
Disease	disease_19933	9.220324628368777e-08
Disease	disease_3274	9.210949042528791e-08
Disease	disease_16160	9.207484659275283e-08
Disease	disease_9220	9.182106344340697e-08
Disease	disease_2211	9.167382404980331e-08
Disease	disease_5487	9.152262793583951e-08
Disease	disease_1265	9.152262793583951e-08
Disease	disease_11257	9.129622109164734e-08
Disease	disease_100164	9.125840286260256e-08
Disease	disease_1584	9.102260982660878e-08
Disease	disease_16064	9.097869693645171e-08
Disease	disease_18203	9.080788300704251e-08
Disease	disease_1807	9.079952833611424e-08
Disease	disease_2049	9.079304529442016e-08
Disease	disease_589	9.049981185545427e-08
Disease	disease_13240	9.038709245097496e-08
Disease	disease_5299	9.022528746165764e-08
Disease	disease_14281	9.010199269897403e-08
Disease	disease_4617	9.009343820558679e-08
Disease	disease_17990	9.007379212452593e-08
Disease	disease_17842	9.006955865028768e-08
Disease	disease_16107	9.000618064470168e-08
Disease	disease_7603	8.993847964767456e-08
Disease	disease_19341	8.988487447336535e-08
Disease	disease_7794	8.979417856098099e-08
Disease	disease_7576	8.969698355318534e-08
Disease	disease_20693	8.955490183032303e-08
Disease	disease_7318	8.953248977969528e-08
Disease	disease_17570	8.943208078691757e-08
Disease	disease_17759	8.914812628079032e-08
Disease	disease_14996	8.912372836733547e-08
Disease	disease_15926	8.855954926778788e-08
Disease	disease_4992	8.844669040435381e-08
Disease	disease_19122	8.838220062409717e-08
Disease	disease_3417	8.823729045353211e-08
Disease	disease_18208	8.816820417761843e-08
Disease	disease_17646	8.815957990190112e-08
Disease	disease_6268	8.81276420312949e-08
Disease	disease_22410	8.810730794815286e-08
Disease	disease_5558	8.810649664105316e-08
Disease	disease_9394	8.800804925072234e-08
Disease	disease_584	8.799216336183771e-08
Disease	disease_21211	8.794798303488477e-08
Disease	disease_16894	8.780061382684814e-08
Disease	disease_24498	8.757480114128577e-08
Disease	disease_3059	8.743900980186105e-08
Disease	disease_14589	8.726749928885235e-08
Disease	disease_10200	8.710295295758184e-08
Disease	disease_4721	8.697092534614304e-08
Disease	disease_27767	8.67856290367349e-08
Disease	disease_18905	8.66019206722571e-08
Disease	disease_7718	8.644427450382777e-08
Disease	disease_12348	8.638822740890413e-08
Disease	disease_8919	8.63854609986428e-08
Disease	disease_7759	8.638034145256845e-08
Disease	disease_14674	8.634122122197038e-08
Disease	disease_1744	8.632590549383702e-08
Disease	disease_1966	8.632590549383702e-08
Disease	disease_5076	8.62860756318688e-08
Disease	disease_22409	8.623446831731059e-08
Disease	disease_7743	8.61424958167328e-08
Disease	disease_100148	8.613490066257393e-08
Disease	disease_12513	8.573491710784488e-08
Disease	disease_19593	8.566244165325709e-08
Disease	disease_7452	8.564711086463006e-08
Disease	disease_18666	8.56374538808451e-08
Disease	disease_12118	8.560631913533958e-08
Disease	disease_43267	8.54137809146812e-08
Disease	disease_10894	8.524943114643451e-08
Disease	disease_1555	8.517974587238566e-08
Disease	disease_9908	8.508620156670532e-08
Disease	disease_20529	8.496690427781704e-08
Disease	disease_7453	8.483099340699379e-08
Disease	disease_11668	8.481848931131343e-08
Disease	disease_11667	8.450108132842323e-08
Disease	disease_10221	8.44478990957349e-08
Disease	disease_21668	8.44133462390915e-08
Disease	disease_15072	8.425704884549838e-08
Disease	disease_2869	8.411892460836486e-08
Disease	disease_6757	8.404516914938468e-08
Disease	disease_3243	8.392750323698273e-08
Disease	disease_11142	8.376579963760193e-08
Disease	disease_2752	8.372490278636548e-08
Disease	disease_208	8.370051469242597e-08
Disease	disease_10155	8.366487890633747e-08
Disease	disease_12545	8.366227462755239e-08
Disease	disease_14497	8.360174178038442e-08
Disease	disease_15667	8.357981604561814e-08
Disease	disease_20524	8.350138779787586e-08
Disease	disease_5066	8.346353008795552e-08
Disease	disease_10711	8.343456318288595e-08
Disease	disease_5017	8.34029304161849e-08
Disease	disease_23249	8.326960641617143e-08
Disease	disease_5185	8.326960641617143e-08
Disease	disease_12818	8.320230901131892e-08
Disease	disease_18229	8.316940737460236e-08
Disease	disease_594	8.311520479535978e-08
Disease	disease_16756	8.277459160191181e-08
Disease	disease_5016	8.222271070294486e-08
Disease	disease_14881	8.208023974078643e-08
Disease	disease_4251	8.205691908440114e-08
Disease	disease_9511	8.196989797070432e-08
Disease	disease_13274	8.195880257576882e-08
Disease	disease_14300	8.194853364615799e-08
Disease	disease_8082	8.192872293929662e-08
Disease	disease_5942	8.175231578479162e-08
Disease	disease_8143	8.135894437133726e-08
Disease	disease_17432	8.118686932643204e-08
Disease	disease_3245	8.110972569235467e-08
Disease	disease_9856	8.093736588756507e-08
Disease	disease_3007	8.076683617473673e-08
Disease	disease_17160	8.075301902163074e-08
Disease	disease_45059	8.07050158462142e-08
Disease	disease_14263	8.066020029145936e-08
Disease	disease_1741	8.065318958399822e-08
Disease	disease_3246	8.046345382648796e-08
Disease	disease_5136	8.038584154800757e-08
Disease	disease_2908	8.032299571947249e-08
Disease	disease_17380	8.029352200387297e-08
Disease	disease_11566	8.003483976398163e-08
Disease	disease_10957	7.995724372497296e-08
Disease	disease_19066	7.989260316938097e-08
Disease	disease_2275	7.982481366331044e-08
Disease	disease_6694	7.982481366331044e-08
Disease	disease_17887	7.981511570172835e-08
Disease	disease_6397	7.981511570172835e-08
Disease	disease_17890	7.981511570172835e-08
Disease	disease_6475	7.981511570172835e-08
Disease	disease_15802	7.94433648342817e-08
Disease	disease_5387	7.941885040559706e-08
Disease	disease_16329	7.924903092343368e-08
Disease	disease_16264	7.919443213972878e-08
Disease	disease_24636	7.917712026988584e-08
Disease	disease_16362	7.913325545720122e-08
Disease	disease_14553	7.895514130051263e-08
Disease	disease_13616	7.883138301683216e-08
Disease	disease_18890	7.87354198387449e-08
Disease	disease_11479	7.87348797463299e-08
Disease	disease_2038	7.868398546215463e-08
Disease	disease_20479	7.830068778754041e-08
Disease	disease_14558	7.770097489556745e-08
Disease	disease_9109	7.768562105682972e-08
Disease	disease_20259	7.763401170705908e-08
Disease	disease_7791	7.75110341856327e-08
Disease	disease_20831	7.750535723360704e-08
Disease	disease_8908	7.743311448478756e-08
Disease	disease_8318	7.742945329602139e-08
Disease	disease_14773	7.73432407421047e-08
Disease	disease_44144	7.730163643329526e-08
Disease	disease_9162	7.725809888992801e-08
Disease	disease_19457	7.707923349615835e-08
Disease	disease_18305	7.707183666622599e-08
Disease	disease_16238	7.698918640622811e-08
Disease	disease_6574	7.697268242618359e-08
Disease	disease_18544	7.691964556417316e-08
Disease	disease_9866	7.688283554697215e-08
Disease	disease_4379	7.646792950425303e-08
Disease	disease_14531	7.640875594547491e-08
Disease	disease_12637	7.634901345625236e-08
Disease	disease_17608	7.627420766779738e-08
Disease	disease_19142	7.625840355602743e-08
Disease	disease_15656	7.605331473666725e-08
Disease	disease_14784	7.59536904196343e-08
Disease	disease_18771	7.59046566910358e-08
Disease	disease_10825	7.574046501333004e-08
Disease	disease_17133	7.571520236096396e-08
Disease	disease_6004	7.568882150501254e-08
Disease	disease_11676	7.55962440066633e-08
Disease	disease_5140	7.536310916608419e-08
Disease	disease_9864	7.535088852222396e-08
Disease	disease_8585	7.52352487385408e-08
Disease	disease_16460	7.516401339269234e-08
Disease	disease_44649	7.515984367979759e-08
Disease	disease_18770	7.51470825195314e-08
Disease	disease_45001	7.513869246591286e-08
Disease	disease_19153	7.503072539480343e-08
Disease	disease_470	7.486818953959402e-08
Disease	disease_16677	7.475590044640089e-08
Disease	disease_2975	7.470738861210902e-08
Disease	disease_5366	7.469526143807966e-08
Disease	disease_44807	7.4575201064452e-08
Disease	disease_18043	7.442731473883187e-08
Disease	disease_9159	7.436420647511854e-08
Disease	disease_474	7.421291797235716e-08
Disease	disease_2490	7.351311233006059e-08
Disease	disease_19471	7.349370057319088e-08
Disease	disease_13053	7.34670043432058e-08
Disease	disease_8667	7.345346147769738e-08
Disease	disease_8021	7.329996240320291e-08
Disease	disease_3090	7.3134237544176e-08
Disease	disease_16877	7.311048612963518e-08
Disease	disease_813	7.307887894770163e-08
Disease	disease_19313	7.295469637682802e-08
Disease	disease_11050	7.287790864087739e-08
Disease	disease_17623	7.284670866414737e-08
Disease	disease_7269	7.283703115705875e-08
Disease	disease_21699	7.283202971701747e-08
Disease	disease_10648	7.280400193594048e-08
Disease	disease_20231	7.278616708853761e-08
Disease	disease_6155	7.27839154990258e-08
Disease	disease_709	7.267936467763587e-08
Disease	disease_13640	7.263114674321677e-08
Disease	disease_11454	7.256254749262492e-08
Disease	disease_10199	7.254873055807255e-08
Disease	disease_2032	7.24722832746062e-08
Disease	disease_26733	7.23481406250986e-08
Disease	disease_7119	7.211033438111634e-08
Disease	disease_14276	7.205751352179293e-08
Disease	disease_44875	7.200937064125274e-08
Disease	disease_20732	7.200814593471179e-08
Disease	disease_43529	7.193224430859292e-08
Disease	disease_22859	7.193224430859292e-08
Disease	disease_6779	7.193224430859292e-08
Disease	disease_15296	7.193224430859292e-08
Disease	disease_20983	7.193224430859292e-08
Disease	disease_1302	7.193224430859292e-08
Disease	disease_19520	7.168549209389906e-08
Disease	disease_2489	7.160265198608435e-08
Disease	disease_6589	7.13515346706371e-08
Disease	disease_8104	7.132818867197753e-08
Disease	disease_18321	7.127702220422568e-08
Disease	disease_24355	7.125568919211097e-08
Disease	disease_14048	7.118114013450168e-08
Disease	disease_1160	7.099356106402425e-08
Disease	disease_14047	7.088830349985507e-08
Disease	disease_15338	7.080727161697325e-08
Disease	disease_12321	7.061056084772648e-08
Disease	disease_7186	7.058994098686082e-08
Disease	disease_7088	7.052568165238254e-08
Disease	disease_5011	7.051133434326118e-08
Disease	disease_3345	7.050142294495864e-08
Disease	disease_11194	7.047785605477881e-08
Disease	disease_3661	7.021085034702579e-08
Disease	disease_15134	7.01378435540542e-08
Disease	disease_7803	7.01036327102126e-08
Disease	disease_13863	7.005687595925928e-08
Disease	disease_10926	6.988563355783582e-08
Disease	disease_7792	6.987568073795743e-08
Disease	disease_374	6.968371286300815e-08
Disease	disease_13283	6.943008334175585e-08
Disease	disease_8234	6.936914590134225e-08
Disease	disease_16251	6.930509956040421e-08
Disease	disease_19790	6.921817911638863e-08
Disease	disease_1040	6.911267492966959e-08
Disease	disease_8567	6.869130630417136e-08
Disease	disease_21635	6.86472253171663e-08
Disease	disease_15073	6.852927734386534e-08
Disease	disease_2679	6.845441863839303e-08
Disease	disease_1713	6.832497030657486e-08
Disease	disease_11647	6.8304151102914e-08
Disease	disease_11777	6.8304151102914e-08
Disease	disease_12344	6.8304151102914e-08
Disease	disease_12631	6.8304151102914e-08
Disease	disease_11401	6.8304151102914e-08
Disease	disease_12609	6.8304151102914e-08
Disease	disease_11561	6.8304151102914e-08
Disease	disease_12630	6.8304151102914e-08
Disease	disease_14421	6.815204455405424e-08
Disease	disease_5812	6.800764544363952e-08
Disease	disease_14260	6.797455286293374e-08
Disease	disease_8433	6.796252728896568e-08
Disease	disease_5344	6.772039884220274e-08
Disease	disease_21702	6.768736140182494e-08
Disease	disease_13862	6.765484007449576e-08
Disease	disease_20497	6.760659896369539e-08
Disease	disease_9413	6.748345924064277e-08
Disease	disease_5342	6.739981219218564e-08
Disease	disease_7089	6.726304924665167e-08
Disease	disease_6165	6.722926019680083e-08
Disease	disease_14338	6.721284931190215e-08
Disease	disease_2974	6.720374422694966e-08
Disease	disease_4695	6.713981195966e-08
Disease	disease_4114	6.709987134880727e-08
Disease	disease_50	6.697197819250033e-08
Disease	disease_15950	6.687649228831742e-08
Disease	disease_14697	6.682148134959228e-08
Disease	disease_5827	6.666770557488719e-08
Disease	disease_14231	6.651457399476638e-08
Disease	disease_13285	6.650286255597329e-08
Disease	disease_13284	6.646958044142643e-08
Disease	disease_54691	6.636586387179697e-08
Disease	disease_15512	6.625998998537833e-08
Disease	disease_14810	6.620621155051575e-08
Disease	disease_9061	6.605568646844632e-08
Disease	disease_7814	6.588582465860457e-08
Disease	disease_19514	6.576669059716361e-08
Disease	disease_20297	6.564973808876259e-08
Disease	disease_21723	6.55873896746494e-08
Disease	disease_10461	6.53361001196088e-08
Disease	disease_24298	6.514305001351827e-08
Disease	disease_18510	6.491290620485098e-08
Disease	disease_21073	6.488246423374319e-08
Disease	disease_21178	6.482395050672232e-08
Disease	disease_18307	6.481195323668431e-08
Disease	disease_20671	6.476648520894598e-08
Disease	disease_18919	6.458666810546436e-08
Disease	disease_8353	6.453971662738653e-08
Disease	disease_5439	6.43923513702204e-08
Disease	disease_17009	6.437953209370165e-08
Disease	disease_24477	6.431363277575566e-08
Disease	disease_13692	6.429837261705296e-08
Disease	disease_18940	6.418488148945343e-08
Disease	disease_15079	6.414704027877577e-08
Disease	disease_19557	6.413381805197121e-08
Disease	disease_15509	6.396246976254941e-08
Disease	disease_13379	6.39209949994779e-08
Disease	disease_14596	6.381150917914871e-08
Disease	disease_2258	6.379087770377548e-08
Disease	disease_9830	6.371882585803043e-08
Disease	disease_13855	6.370840444792493e-08
Disease	disease_2397	6.366461574965346e-08
Disease	disease_5197	6.347767218526005e-08
Disease	disease_5709	6.341939151113709e-08
Disease	disease_19755	6.34159264992708e-08
Disease	disease_15130	6.341095315550384e-08
Disease	disease_402	6.337858152871029e-08
Disease	disease_5532	6.299998266572635e-08
Disease	disease_15691	6.291796193610362e-08
Disease	disease_8187	6.282970822963176e-08
Disease	disease_5144	6.281766535724225e-08
Disease	disease_19226	6.276259961105924e-08
Disease	disease_5294	6.275256995171879e-08
Disease	disease_11924	6.272554111471789e-08
Disease	disease_12384	6.272554111471789e-08
Disease	disease_10482	6.269914048020874e-08
Disease	disease_2048	6.240133364501606e-08
Disease	disease_13757	6.239939070144915e-08
Disease	disease_12795	6.234434248364548e-08
Disease	disease_1711	6.233552618229986e-08
Disease	disease_6710	6.231144730829636e-08
Disease	disease_5542	6.226583430566483e-08
Disease	disease_2118	6.220336981284175e-08
Disease	disease_18171	6.21967490804465e-08
Disease	disease_5500	6.211494297889997e-08
Disease	disease_10709	6.208241362795152e-08
Disease	disease_16900	6.185408735026917e-08
Disease	disease_2406	6.185210865587689e-08
Disease	disease_4691	6.17862035269362e-08
Disease	disease_16211	6.177644595263302e-08
Disease	disease_37939	6.169224632022971e-08
Disease	disease_15165	6.163307774787405e-08
Disease	disease_5357	6.15916066028632e-08
Disease	disease_44996	6.158995727973426e-08
Disease	disease_11562	6.158570079550893e-08
Disease	disease_5153	6.157795242618081e-08
Disease	disease_44	6.15740640229397e-08
Disease	disease_21107	6.145901962735073e-08
Disease	disease_5406	6.137060145639016e-08
Disease	disease_1493	6.129502999011825e-08
Disease	disease_7179	6.126800963567353e-08
Disease	disease_14109	6.109201956289114e-08
Disease	disease_44141	6.104149808510144e-08
Disease	disease_6502	6.096610124037217e-08
Disease	disease_37821	6.08149735295378e-08
Disease	disease_21350	6.07605739504384e-08
Disease	disease_5601	6.06586259417389e-08
Disease	disease_18172	6.056906128531421e-08
Disease	disease_21223	6.056825976650075e-08
Disease	disease_19824	6.051925612074832e-08
Disease	disease_20735	6.04358475965832e-08
Disease	disease_44937	6.042088738750288e-08
Disease	disease_3525	6.041500733503462e-08
Disease	disease_5566	6.03281557229209e-08
Disease	disease_6049	6.028918325992043e-08
Disease	disease_5106	6.027379063982257e-08
Disease	disease_6122	6.024250617885948e-08
Disease	disease_467	6.015822417393121e-08
Disease	disease_20167	6.00476547914089e-08
Disease	disease_4595	5.99090171320775e-08
Disease	disease_33669	5.981554695413556e-08
Disease	disease_14796	5.977882673600399e-08
Disease	disease_5223	5.973772152505932e-08
Disease	disease_5224	5.973772152505932e-08
Disease	disease_20320	5.973772152505932e-08
Disease	disease_12690	5.965679812940482e-08
Disease	disease_13186	5.964158980784293e-08
Disease	disease_9723	5.963599067338345e-08
Disease	disease_12547	5.963098784603034e-08
Disease	disease_3523	5.961608069244136e-08
Disease	disease_11531	5.961299300770913e-08
Disease	disease_18435	5.9596381644845937e-08
Disease	disease_32839	5.957227311704082e-08
Disease	disease_14143	5.9568618786132826e-08
Disease	disease_14691	5.953633105349741e-08
Disease	disease_650	5.95234867777235e-08
Disease	disease_14693	5.9438268450400914e-08
Disease	disease_12371	5.9431602818104024e-08
Disease	disease_18256	5.9398417317624376e-08
Disease	disease_8852	5.939205732137908e-08
Disease	disease_314	5.935504492796836e-08
Disease	disease_19806	5.9354965477483725e-08
Disease	disease_32786	5.932139566606466e-08
Disease	disease_18433	5.93120576209599e-08
Disease	disease_15166	5.93120576209599e-08
Disease	disease_18434	5.93120576209599e-08
Disease	disease_18437	5.93120576209599e-08
Disease	disease_17894	5.93120576209599e-08
Disease	disease_21095	5.930224937728525e-08
Disease	disease_5277	5.929690078642133e-08
Disease	disease_9804	5.928792750849422e-08
Disease	disease_17893	5.923367402241812e-08
Disease	disease_18293	5.919319431351161e-08
Disease	disease_9886	5.917114772424954e-08
Disease	disease_18364	5.9113354998907664e-08
Disease	disease_100130	5.901200491825523e-08
Disease	disease_100342	5.900477652100973e-08
Disease	disease_15898	5.898729842778076e-08
Disease	disease_5149	5.889318912513147e-08
Disease	disease_9877	5.8862848608598473e-08
Disease	disease_2602	5.874595881893946e-08
Disease	disease_6509	5.86781525215136e-08
Disease	disease_11023	5.8490401910202906e-08
Disease	disease_7960	5.8489965862206777e-08
Disease	disease_16702	5.8468378062267635e-08
Disease	disease_4983	5.84364617609968e-08
Disease	disease_16383	5.839483283849688e-08
Disease	disease_5074	5.837928374655216e-08
Disease	disease_6875	5.8335004801922216e-08
Disease	disease_2184	5.825939926807316e-08
Disease	disease_17636	5.8174986871413347e-08
Disease	disease_4901	5.816803411642425e-08
Disease	disease_17399	5.801547357253235e-08
Disease	disease_21058	5.800607481134599e-08
Disease	disease_17896	5.793296793557748e-08
Disease	disease_7435	5.774232424211759e-08
Disease	disease_11740	5.77049107707933e-08
Disease	disease_18908	5.768297804143346e-08
Disease	disease_7958	5.7673007720219895e-08
Disease	disease_18288	5.7641718707571894e-08
Disease	disease_1517	5.753720084254982e-08
Disease	disease_100193	5.746286760258336e-08
Disease	disease_8072	5.74592358950721e-08
Disease	disease_8586	5.74446816778084e-08
Disease	disease_9348	5.7345765905468815e-08
Disease	disease_10038	5.732671327465797e-08
Disease	disease_23206	5.726348277467731e-08
Disease	disease_43424	5.721147065253833e-08
Disease	disease_24238	5.708066440044852e-08
Disease	disease_19693	5.70689153148037e-08
Disease	disease_3268	5.706847097981334e-08
Disease	disease_18076	5.7062887066558155e-08
Disease	disease_19705	5.6964464356495325e-08
Disease	disease_13005	5.6961372139715996e-08
Disease	disease_7273	5.6929562256174904e-08
Disease	disease_20754	5.681249205732288e-08
Disease	disease_2994	5.611664570300949e-08
Disease	disease_20042	5.605407751137881e-08
Disease	disease_17278	5.5902482334602315e-08
Disease	disease_6896	5.589372380704858e-08
Disease	disease_4952	5.5859766136662576e-08
Disease	disease_20531	5.579255431366805e-08
Disease	disease_4334	5.5767810909179046e-08
Disease	disease_21535	5.5731039790828904e-08
Disease	disease_12454	5.571836670633677e-08
Disease	disease_7008	5.550466822131749e-08
Disease	disease_6228	5.5471908636219224e-08
Disease	disease_15653	5.546139771505238e-08
Disease	disease_5787	5.525380995178266e-08
Disease	disease_7020	5.520405579818309e-08
Disease	disease_1548	5.5002057025720705e-08
Disease	disease_16681	5.495381458980621e-08
Disease	disease_3532	5.476760137747423e-08
Disease	disease_3778	5.4740539688338865e-08
Disease	disease_7681	5.4624746441101215e-08
Disease	disease_3584	5.462292005567166e-08
Disease	disease_16621	5.4513516907632065e-08
Disease	disease_5328	5.437319377581997e-08
Disease	disease_15531	5.4355993855605505e-08
Disease	disease_17090	5.4327008100764174e-08
Disease	disease_6176	5.410081469794233e-08
Disease	disease_18454	5.3903651189201215e-08
Disease	disease_10731	5.381707053229012e-08
Disease	disease_5527	5.379961839967384e-08
Disease	disease_592	5.371930978401207e-08
Disease	disease_15426	5.3712488578585245e-08
Disease	disease_19072	5.3458893389653114e-08
Disease	disease_3874	5.336395803604323e-08
Disease	disease_12521	5.332389761965687e-08
Disease	disease_4148	5.3322299283955916e-08
Disease	disease_2657	5.330658711436876e-08
Disease	disease_8170	5.328542905985947e-08
Disease	disease_11871	5.323905506966566e-08
Disease	disease_21381	5.321572059013354e-08
Disease	disease_6504	5.31917947162818e-08
Disease	disease_18993	5.31110533862819e-08
Disease	disease_3531	5.3085573620405976e-08
Disease	disease_3534	5.30637444231607e-08
Disease	disease_13108	5.292560447035535e-08
Disease	disease_33885	5.285717353486977e-08
Disease	disease_3535	5.2762446429602256e-08
Disease	disease_4922	5.2748782977480814e-08
Disease	disease_11450	5.274820610695042e-08
Disease	disease_5047	5.272370502077623e-08
Disease	disease_2816	5.267964909858256e-08
Disease	disease_12586	5.2618459366532225e-08
Disease	disease_4971	5.255311285638337e-08
Disease	disease_5113	5.239703212226114e-08
Disease	disease_17824	5.236865596138604e-08
Disease	disease_2408	5.234094386039482e-08
Disease	disease_12933	5.22233338337854e-08
Disease	disease_5534	5.2005076624310735e-08
Disease	disease_705	5.195988016458385e-08
Disease	disease_19202	5.1913979797554564e-08
Disease	disease_43693	5.1866051180390326e-08
Disease	disease_1487	5.180098238516234e-08
Disease	disease_5244	5.168530868197638e-08
Disease	disease_13669	5.163949830456762e-08
Disease	disease_13253	5.1636963321854334e-08
Disease	disease_1208	5.157557265454556e-08
Disease	disease_21720	5.153171422518907e-08
Disease	disease_6793	5.150115666296415e-08
Disease	disease_19588	5.129264711728474e-08
Disease	disease_8752	5.1259216435111685e-08
Disease	disease_14544	5.125172828490652e-08
Disease	disease_21230	5.12133430347127e-08
Disease	disease_19625	5.1160226048678456e-08
Disease	disease_12883	5.105087686779649e-08
Disease	disease_5115	5.092354098626316e-08
Disease	disease_10655	5.0905918896814655e-08
Disease	disease_18149	5.087215607689776e-08
Disease	disease_5073	5.08330519783641e-08
Disease	disease_3621	5.077854713201393e-08
Disease	disease_5261	5.0589449945312934e-08
Disease	disease_6626	5.055077303342364e-08
Disease	disease_17895	5.028747718071316e-08
Disease	disease_9693	5.027083556937982e-08
Disease	disease_2485	5.019010054393555e-08
Disease	disease_8000	5.012967393658378e-08
Disease	disease_4739	4.987739144028449e-08
Disease	disease_15220	4.9856409071251645e-08
Disease	disease_8760	4.980994163528635e-08
Disease	disease_21360	4.97941471358964e-08
Disease	disease_9971	4.978243968885375e-08
Disease	disease_5890	4.9617139645237725e-08
Disease	disease_4729	4.959743288633404e-08
Disease	disease_15762	4.9583969998231256e-08
Disease	disease_10602	4.9526413281374206e-08
Disease	disease_5324	4.941167401344007e-08
Disease	disease_20493	4.938207347861804e-08
Disease	disease_1676	4.930298942578686e-08
Disease	disease_11612	4.921365015702603e-08
Disease	disease_16660	4.91424429720312e-08
Disease	disease_16343	4.90834598982931e-08
Disease	disease_6857	4.9028307313645517e-08
Disease	disease_19207	4.894351355781219e-08
Disease	disease_29000	4.88768304614852e-08
Disease	disease_3785	4.887532577305934e-08
Disease	disease_395	4.8719737562150834e-08
Disease	disease_20523	4.869947331226554e-08
Disease	disease_14006	4.8670223186145926e-08
Disease	disease_8319	4.862034950224318e-08
Disease	disease_25389	4.860495594276065e-08
Disease	disease_7039	4.8561245224634814e-08
Disease	disease_19615	4.854069058232119e-08
Disease	disease_4988	4.853898417629935e-08
Disease	disease_17975	4.8484193462523934e-08
Disease	disease_5053	4.8474773922367885e-08
Disease	disease_17312	4.847193931776988e-08
Disease	disease_4242	4.8468684456673844e-08
Disease	disease_5606	4.8444499065417986e-08
Disease	disease_1972	4.839417511299843e-08
Disease	disease_1973	4.839417511299843e-08
Disease	disease_1190	4.839417511299843e-08
Disease	disease_1857	4.839417511299843e-08
Disease	disease_20018	4.8383076994162664e-08
Disease	disease_19717	4.820927701758971e-08
Disease	disease_12773	4.8177558729207165e-08
Disease	disease_9857	4.816132352768329e-08
Disease	disease_18303	4.814383327138918e-08
Disease	disease_16918	4.8025595658475257e-08
Disease	disease_2887	4.797274654220477e-08
Disease	disease_3050	4.797261237028895e-08
Disease	disease_14488	4.796987906841499e-08
Disease	disease_4715	4.7963264804498634e-08
Disease	disease_6335	4.7959679307772936e-08
Disease	disease_226	4.7891750640569457e-08
Disease	disease_20051	4.787233204653499e-08
Disease	disease_16430	4.77989978919853e-08
Disease	disease_19921	4.7762352550163365e-08
Disease	disease_10789	4.776097847343705e-08
Disease	disease_5550	4.774473532329028e-08
Disease	disease_5130	4.766805878165949e-08
Disease	disease_15087	4.760782208195296e-08
Disease	disease_19832	4.752467967107655e-08
Disease	disease_60715	4.745738480682316e-08
Disease	disease_17338	4.7457163246348086e-08
Disease	disease_19595	4.740993031189768e-08
Disease	disease_5201	4.7332976738505385e-08
Disease	disease_2308	4.73113237169757e-08
Disease	disease_6732	4.7201804559451046e-08
Disease	disease_5046	4.720023734240136e-08
Disease	disease_11027	4.717688431051016e-08
Disease	disease_12192	4.716158758988986e-08
Disease	disease_4346	4.7071605961428455e-08
Disease	disease_1358	4.706657506969354e-08
Disease	disease_17979	4.7042210467975644e-08
Disease	disease_18158	4.700059871913619e-08
Disease	disease_5595	4.69817562071453e-08
Disease	disease_11955	4.69263298795621e-08
Disease	disease_11072	4.69263298795621e-08
Disease	disease_11363	4.69263298795621e-08
Disease	disease_4078	4.687079759563284e-08
Disease	disease_6045	4.686105411491224e-08
Disease	disease_20215	4.6827821719219044e-08
Disease	disease_20509	4.6629524105200514e-08
Disease	disease_1583	4.657669369933104e-08
Disease	disease_4315	4.639619827399014e-08
Disease	disease_19496	4.636618267461793e-08
Disease	disease_18814	4.634165234370044e-08
Disease	disease_5247	4.633473745480904e-08
Disease	disease_19353	4.623973627340891e-08
Disease	disease_6402	4.6161950188957014e-08
Disease	disease_44788	4.613633838581356e-08
Disease	disease_4451	4.613633838581356e-08
Disease	disease_6036	4.6093372821539175e-08
Disease	disease_9756	4.608655553761958e-08
Disease	disease_19255	4.607287805748962e-08
Disease	disease_2313	4.604588133007548e-08
Disease	disease_15583	4.602982148649781e-08
Disease	disease_3197	4.600154763555993e-08
Disease	disease_629	4.597943494131057e-08
Disease	disease_15052	4.5939639396259384e-08
Disease	disease_5515	4.591419781240686e-08
Disease	disease_20541	4.590328178136903e-08
Disease	disease_13099	4.5841337977870366e-08
Disease	disease_3549	4.583809148576793e-08
Disease	disease_16249	4.5835280920766785e-08
Disease	disease_2482	4.5810902374458596e-08
Disease	disease_8116	4.5750553770565536e-08
Disease	disease_15006	4.555980689447401e-08
Disease	disease_6908	4.5544676330526356e-08
Disease	disease_16538	4.551622440598472e-08
Disease	disease_18384	4.5455737098634637e-08
Disease	disease_9729	4.5436027673476706e-08
Disease	disease_21055	4.5408927362602595e-08
Disease	disease_14630	4.53967845711014e-08
Disease	disease_620	4.538499259569565e-08
Disease	disease_5586	4.5375139742099715e-08
Disease	disease_16033	4.52467645138261e-08
Disease	disease_31037	4.5236182288263206e-08
Disease	disease_3795	4.519928969105802e-08
Disease	disease_15470	4.506037415664939e-08
Disease	disease_19019	4.501434490555602e-08
Disease	disease_8057	4.501227486725421e-08
Disease	disease_45	4.4995424846834076e-08
Disease	disease_13074	4.498684427545125e-08
Disease	disease_16682	4.4983291471137966e-08
Disease	disease_44965	4.486177981143685e-08
Disease	disease_16011	4.481722486890189e-08
Disease	disease_18746	4.480167833814002e-08
Disease	disease_11240	4.477309488593316e-08
Disease	disease_19934	4.467733973439676e-08
Disease	disease_12233	4.460083811466644e-08
Disease	disease_19369	4.457343836025123e-08
Disease	disease_155	4.4572097961921014e-08
Disease	disease_8734	4.4552793298907285e-08
Disease	disease_468	4.4550830020297376e-08
Disease	disease_16897	4.450461523790383e-08
Disease	disease_9387	4.4399947741362504e-08
Disease	disease_33282	4.437014691613142e-08
Disease	disease_20345	4.4365443304022425e-08
Disease	disease_16920	4.428471053644172e-08
Disease	disease_18379	4.4277318302103144e-08
Disease	disease_16391	4.41842086917511e-08
Disease	disease_7903	4.414615504338316e-08
Disease	disease_1	4.407719630536233e-08
Disease	disease_20542	4.407139088971988e-08
Disease	disease_20061	4.405386173776426e-08
Disease	disease_5352	4.404954125742136e-08
Disease	disease_44738	4.401964273805107e-08
Disease	disease_9578	4.397146210119625e-08
Disease	disease_17635	4.390756801655741e-08
Disease	disease_11045	4.377946463417032e-08
Disease	disease_17574	4.376867666290662e-08
Disease	disease_43370	4.3739638911367505e-08
Disease	disease_3061	4.373558537154882e-08
Disease	disease_24296	4.364625688559094e-08
Disease	disease_8918	4.360607733977621e-08
Disease	disease_43775	4.3575693080792e-08
Disease	disease_7071	4.357187577556338e-08
Disease	disease_16096	4.35441420678138e-08
Disease	disease_11420	4.351787733606792e-08
Disease	disease_20543	4.331841915933555e-08
Disease	disease_3792	4.328100066346218e-08
Disease	disease_12937	4.327319552321839e-08
Disease	disease_8867	4.312101926319719e-08
Disease	disease_16539	4.2949394227268975e-08
Disease	disease_12105	4.29350378274356e-08
Disease	disease_6679	4.293236421330159e-08
Disease	disease_9070	4.291200605527789e-08
Disease	disease_8599	4.2851861123336544e-08
Disease	disease_1299	4.285139655128979e-08
Disease	disease_10508	4.284079756993353e-08
Disease	disease_4567	4.268184096496758e-08
Disease	disease_11789	4.264692726872754e-08
Disease	disease_18369	4.256561411565915e-08
Disease	disease_14405	4.2548763367905055e-08
Disease	disease_5271	4.250448319821626e-08
Disease	disease_1967	4.247860481519101e-08
Disease	disease_21046	4.246410279542173e-08
Disease	disease_16996	4.242713866113589e-08
Disease	disease_18151	4.24007107145062e-08
Disease	disease_2483	4.234637887427079e-08
Disease	disease_20384	4.2291125847568565e-08
Disease	disease_20538	4.227700665963393e-08
Disease	disease_17327	4.227700665963393e-08
Disease	disease_3175	4.22520345388792e-08
Disease	disease_18542	4.222995165266815e-08
Disease	disease_18546	4.2229149873450097e-08
Disease	disease_167	4.2220179585227733e-08
Disease	disease_2515	4.220378206043138e-08
Disease	disease_6118	4.2166633896882115e-08
Disease	disease_5486	4.213930339781593e-08
Disease	disease_13602	4.213506721801049e-08
Disease	disease_2488	4.21288277329591e-08
Disease	disease_19891	4.212606375902033e-08
Disease	disease_5744	4.2079636395634756e-08
Disease	disease_21525	4.2022851328568534e-08
Disease	disease_536	4.1986382609157805e-08
Disease	disease_12672	4.174552771026961e-08
Disease	disease_645	4.174452640830818e-08
Disease	disease_21457	4.172932949966013e-08
Disease	disease_11484	4.171559692510887e-08
Disease	disease_9799	4.170787659583167e-08
Disease	disease_14250	4.162855981388562e-08
Disease	disease_5100	4.161999278248604e-08
Disease	disease_6040	4.1601969518018594e-08
Disease	disease_8270	4.155186109282934e-08
Disease	disease_21473	4.150115497309898e-08
Disease	disease_8280	4.1496328992623665e-08
Disease	disease_2083	4.1459910872476434e-08
Disease	disease_8303	4.13982263933881e-08
Disease	disease_3411	4.137998622962694e-08
Disease	disease_12500	4.1339959602737e-08
Disease	disease_2487	4.132825776548033e-08
Disease	disease_16093	4.131850794252416e-08
Disease	disease_3381	4.131234389751277e-08
Disease	disease_2100	4.1269656714660684e-08
Disease	disease_14403	4.12613791866217e-08
Disease	disease_5003	4.1190766890252406e-08
Disease	disease_15027	4.114931438085735e-08
Disease	disease_15874	4.111670956947545e-08
Disease	disease_8080	4.110979660078817e-08
Disease	disease_17148	4.110467497249018e-08
Disease	disease_17688	4.10997099181637e-08
Disease	disease_43009	4.103051659334104e-08
Disease	disease_24517	4.1013890635933e-08
Disease	disease_16686	4.100000214370841e-08
Disease	disease_17323	4.082058894600563e-08
Disease	disease_16408	4.079562822921745e-08
Disease	disease_20127	4.066494482043848e-08
Disease	disease_430	4.060531142284471e-08
Disease	disease_13808	4.0595365787444736e-08
Disease	disease_19697	4.058979324442092e-08
Disease	disease_8566	4.044973939124548e-08
Disease	disease_17320	4.0419455190849006e-08
Disease	disease_44710	4.038874124443188e-08
Disease	disease_10813	4.0374677936872295e-08
Disease	disease_9550	4.027583558637362e-08
Disease	disease_11846	4.02707823573757e-08
Disease	disease_7745	4.014703174342087e-08
Disease	disease_4298	4.0077966230402477e-08
Disease	disease_20488	4.001260041017046e-08
Disease	disease_6060	3.999490821949313e-08
Disease	disease_5138	3.998788201946915e-08
Disease	disease_19100	3.9944418309959085e-08
Disease	disease_9479	3.9907385915237504e-08
Disease	disease_20512	3.986327032864558e-08
Disease	disease_10356	3.9786992987368176e-08
Disease	disease_5477	3.97645898473042e-08
Disease	disease_8109	3.971117723609023e-08
Disease	disease_4258	3.970323422902003e-08
Disease	disease_3522	3.970323422902003e-08
Disease	disease_732	3.967427354265621e-08
Disease	disease_21312	3.966116501800978e-08
Disease	disease_9910	3.9620647122737156e-08
Disease	disease_15811	3.955172821128776e-08
Disease	disease_15812	3.955172821128776e-08
Disease	disease_14092	3.950307059043292e-08
Disease	disease_19512	3.9286498930081006e-08
Disease	disease_4359	3.922074269477632e-08
Disease	disease_10920	3.9217073409410066e-08
Disease	disease_831	3.918057122497545e-08
Disease	disease_5062	3.917324037444551e-08
Disease	disease_18105	3.9124579352261696e-08
Disease	disease_19476	3.9033601352305844e-08
Disease	disease_100210	3.8974233269605e-08
Disease	disease_7336	3.892114498480429e-08
Disease	disease_24462	3.891582673793611e-08
Disease	disease_4187	3.884528261024752e-08
Disease	disease_15810	3.8833688423090133e-08
Disease	disease_1625	3.879402869587192e-08
Disease	disease_4964	3.8739414479356975e-08
Disease	disease_2532	3.864873073323949e-08
Disease	disease_5516	3.862376759070419e-08
Disease	disease_18353	3.862360055323175e-08
Disease	disease_16073	3.8613956742300735e-08
Disease	disease_995	3.860433819681956e-08
Disease	disease_100296	3.85565525613723e-08
Disease	disease_11121	3.8542186824394564e-08
Disease	disease_2801	3.854175458195205e-08
Disease	disease_18660	3.843352549426281e-08
Disease	disease_5039	3.8401234332201904e-08
Disease	disease_4252	3.839387137122186e-08
Disease	disease_870	3.8367198143060323e-08
Disease	disease_4822	3.83566336892469e-08
Disease	disease_44705	3.835121319836769e-08
Disease	disease_18895	3.8332087584972964e-08
Disease	disease_10604	3.832772305737311e-08
Disease	disease_2132	3.8289809887054516e-08
Disease	disease_6074	3.828882167792533e-08
Disease	disease_17794	3.8207800506293095e-08
Disease	disease_10802	3.812940144497449e-08
Disease	disease_3330	3.810013577513759e-08
Disease	disease_15263	3.809529444997442e-08
Disease	disease_4963	3.806965871565893e-08
Disease	disease_12774	3.8020044712369723e-08
Disease	disease_20072	3.8001399309909684e-08
Disease	disease_4948	3.798519892147557e-08
Disease	disease_20241	3.795367449261136e-08
Disease	disease_19371	3.794691640966624e-08
Disease	disease_4647	3.793407685197833e-08
Disease	disease_21147	3.7708481857258223e-08
Disease	disease_1484	3.768370824830502e-08
Disease	disease_11423	3.7578484334727307e-08
Disease	disease_14245	3.7576219126932253e-08
Disease	disease_8457	3.753135312571838e-08
Disease	disease_2051	3.7467094909275626e-08
Disease	disease_19287	3.744005728551389e-08
Disease	disease_5083	3.7379997198420886e-08
Disease	disease_44714	3.7359269055439193e-08
Disease	disease_6966	3.731680011684618e-08
Disease	disease_18209	3.72977276479323e-08
Disease	disease_18210	3.72977276479323e-08
Disease	disease_2039	3.7249623033948923e-08
Disease	disease_3501	3.712361346558417e-08
Disease	disease_44787	3.7119809456981613e-08
Disease	disease_20066	3.703965816651483e-08
Disease	disease_24547	3.69837111767385e-08
Disease	disease_17049	3.684519975547526e-08
Disease	disease_5459	3.679630720048276e-08
Disease	disease_6564	3.6795903465033475e-08
Disease	disease_18378	3.67536089258854e-08
Disease	disease_7988	3.67494714265758e-08
Disease	disease_19004	3.668732973608833e-08
Disease	disease_7617	3.666203745413293e-08
Disease	disease_8742	3.6636118185561595e-08
Disease	disease_28226	3.659139489502539e-08
Disease	disease_24288	3.64964493993226e-08
Disease	disease_1740	3.629210035003115e-08
Disease	disease_6173	3.628165917009596e-08
Disease	disease_10560	3.6244041794076494e-08
Disease	disease_6303	3.616228293167715e-08
Disease	disease_6059	3.605768892384808e-08
Disease	disease_12587	3.601578056060517e-08
Disease	disease_12459	3.601578056060517e-08
Disease	disease_11384	3.601578056060517e-08
Disease	disease_11440	3.601578056060517e-08
Disease	disease_12599	3.601578056060517e-08
Disease	disease_11815	3.601578056060517e-08
Disease	disease_12458	3.601578056060517e-08
Disease	disease_12109	3.601578056060517e-08
Disease	disease_18868	3.599232905393134e-08
Disease	disease_3492	3.598618930994441e-08
Disease	disease_8797	3.598573359791482e-08
Disease	disease_7029	3.597284531307187e-08
Disease	disease_20010	3.5888366963271935e-08
Disease	disease_16056	3.584122908624361e-08
Disease	disease_1162	3.582750727268193e-08
Disease	disease_10496	3.5813910786184956e-08
Disease	disease_6796	3.581232595647626e-08
Disease	disease_8944	3.579032994752873e-08
Disease	disease_18614	3.5787827283436696e-08
Disease	disease_2520	3.574311365538484e-08
Disease	disease_15479	3.5690978651037145e-08
Disease	disease_19033	3.568159141490387e-08
Disease	disease_6385	3.562043818881792e-08
Disease	disease_13276	3.5539738626892004e-08
Disease	disease_5941	3.5392074074193397e-08
Disease	disease_9798	3.536022330099501e-08
Disease	disease_1220	3.531216922665221e-08
Disease	disease_6802	3.5297802163983976e-08
Disease	disease_20705	3.5224022063226164e-08
Disease	disease_20548	3.520149908635197e-08
Disease	disease_15791	3.518806784700308e-08
Disease	disease_5583	3.510429774853938e-08
Disease	disease_4907	3.510158009151877e-08
Disease	disease_12762	3.502481522582431e-08
Disease	disease_3950	3.494724852150312e-08
Disease	disease_19285	3.490292006801584e-08
Disease	disease_15817	3.484480350643495e-08
Disease	disease_21163	3.484149740649617e-08
Disease	disease_11118	3.483433124173455e-08
Disease	disease_6256	3.4792887058794806e-08
Disease	disease_6116	3.476913213119224e-08
Disease	disease_4650	3.4711756013947504e-08
Disease	disease_14323	3.468508468023625e-08
Disease	disease_15758	3.466669704195024e-08
Disease	disease_13966	3.4658199242651446e-08
Disease	disease_36976	3.465788733344507e-08
Disease	disease_60551	3.463281100809915e-08
Disease	disease_17962	3.460982311685895e-08
Disease	disease_5388	3.459979168653442e-08
Disease	disease_9332	3.452004755839983e-08
Disease	disease_16862	3.449478179300788e-08
Disease	disease_12460	3.448883401344582e-08
Disease	disease_2236	3.44475588099804e-08
Disease	disease_3606	3.4429962845308215e-08
Disease	disease_21320	3.4428536075398176e-08
Disease	disease_24563	3.4407214239559076e-08
Disease	disease_10863	3.4404546115305275e-08
Disease	disease_1128	3.4385100829434784e-08
Disease	disease_2814	3.435848239263683e-08
Disease	disease_14191	3.435141794991428e-08
Disease	disease_5711	3.428913370564255e-08
Disease	disease_17284	3.426974449455668e-08
Disease	disease_10913	3.418098388803623e-08
Disease	disease_9928	3.41571497665092e-08
Disease	disease_543	3.4151778341300235e-08
Disease	disease_34142	3.414095890267381e-08
Disease	disease_11790	3.410314695768231e-08
Disease	disease_18649	3.4100052756177306e-08
Disease	disease_6659	3.4043329909667955e-08
Disease	disease_20054	3.398009363305683e-08
Disease	disease_8641	3.394617565882035e-08
Disease	disease_15175	3.393559318724937e-08
Disease	disease_11805	3.388630101103536e-08
Disease	disease_3127	3.386677985563889e-08
Disease	disease_18075	3.3863155333647294e-08
Disease	disease_13529	3.386043074547774e-08
Disease	disease_4806	3.383784496720432e-08
Disease	disease_5184	3.380672869724449e-08
Disease	disease_21068	3.375849473308138e-08
Disease	disease_16691	3.367646644171214e-08
Disease	disease_14725	3.3641818561363316e-08
Disease	disease_2715	3.356994407923769e-08
Disease	disease_2405	3.3554310167187314e-08
Disease	disease_14570	3.354650108953001e-08
Disease	disease_9397	3.352066598581267e-08
Disease	disease_7607	3.351432200342143e-08
Disease	disease_5336	3.348538057875762e-08
Disease	disease_6507	3.347160355899206e-08
Disease	disease_10763	3.345435551224958e-08
Disease	disease_10427	3.3446433938795894e-08
Disease	disease_16006	3.342850961716272e-08
Disease	disease_21232	3.333243434838435e-08
Disease	disease_20165	3.333007449820339e-08
Disease	disease_5082	3.3315631708735956e-08
Disease	disease_3996	3.331184303559749e-08
Disease	disease_7474	3.3303113628809047e-08
Disease	disease_13760	3.33022609463506e-08
Disease	disease_5835	3.3290793357420786e-08
Disease	disease_7475	3.3269171809785405e-08
Disease	disease_3277	3.325880521704904e-08
Disease	disease_2571	3.325544153004699e-08
Disease	disease_9549	3.320302398230185e-08
Disease	disease_2433	3.317992909534647e-08
Disease	disease_12548	3.3177891283565186e-08
Disease	disease_30703	3.312625628294642e-08
Disease	disease_18906	3.308867759585494e-08
Disease	disease_11576	3.304158313278182e-08
Disease	disease_18580	3.3015374419491586e-08
Disease	disease_16354	3.299979545054642e-08
Disease	disease_4949	3.2993746503216175e-08
Disease	disease_5607	3.29723628712524e-08
Disease	disease_6513	3.296987036928613e-08
Disease	disease_6373	3.2947812112805894e-08
Disease	disease_9986	3.2947406215996235e-08
Disease	disease_15074	3.292062146622213e-08
Disease	disease_5628	3.2917575181432106e-08
Disease	disease_4658	3.291622155665682e-08
Disease	disease_9271	3.288148243441522e-08
Disease	disease_993	3.2859051661457984e-08
Disease	disease_20578	3.285826015961518e-08
Disease	disease_16575	3.284209191236528e-08
Disease	disease_18685	3.2803021643846164e-08
Disease	disease_4627	3.277454531842335e-08
Disease	disease_5363	3.275079898581625e-08
Disease	disease_24573	3.27400213133036e-08
Disease	disease_5623	3.272313948707825e-08
Disease	disease_15796	3.269132567455668e-08
Disease	disease_6058	3.268115215984711e-08
Disease	disease_5276	3.26553773076276e-08
Disease	disease_5334	3.260620143460784e-08
Disease	disease_4638	3.257766392707782e-08
Disease	disease_24305	3.255830036481835e-08
Disease	disease_3982	3.252874235626289e-08
Disease	disease_21259	3.2524171438746456e-08
Disease	disease_22454	3.2504919066694285e-08
Disease	disease_16999	3.245601574586262e-08
Disease	disease_916	3.2440511918899106e-08
Disease	disease_7574	3.240523557026011e-08
Disease	disease_5543	3.2316002212587525e-08
Disease	disease_10819	3.2208187410987284e-08
Disease	disease_10397	3.210168145002306e-08
Disease	disease_6664	3.195982627236799e-08
Disease	disease_13572	3.190839147996603e-08
Disease	disease_5525	3.184086005940527e-08
Disease	disease_11424	3.179640184008587e-08
Disease	disease_8575	3.176786795692563e-08
Disease	disease_5269	3.1753052830823486e-08
Disease	disease_15660	3.168556825245873e-08
Disease	disease_19391	3.162794874824149e-08
Disease	disease_22430	3.1618826059517204e-08
Disease	disease_10294	3.154717373990454e-08
Disease	disease_4438	3.154551568897734e-08
Disease	disease_19781	3.154128997998537e-08
Disease	disease_11827	3.1502294199348345e-08
Disease	disease_5287	3.1499379007681154e-08
Disease	disease_20323	3.144902059151443e-08
Disease	disease_15777	3.143190713366635e-08
Disease	disease_24291	3.142120559991741e-08
Disease	disease_5559	3.135990341226992e-08
Disease	disease_17190	3.135734456314904e-08
Disease	disease_20296	3.1345225423633936e-08
Disease	disease_1926	3.131218513973171e-08
Disease	disease_100133	3.124389164732802e-08
Disease	disease_19611	3.1212051745613426e-08
Disease	disease_20253	3.118666461090056e-08
Disease	disease_955	3.11428734128554e-08
Disease	disease_19037	3.1082067267218214e-08
Disease	disease_19797	3.107483738251865e-08
Disease	disease_11098	3.106937607622955e-08
Disease	disease_23369	3.10672351672845e-08
Disease	disease_17045	3.1066552310785294e-08
Disease	disease_8090	3.1010040994922416e-08
Disease	disease_56813	3.099894081690821e-08
Disease	disease_6512	3.099894081690821e-08
Disease	disease_6739	3.099894081690821e-08
Disease	disease_2185	3.095994627130767e-08
Disease	disease_100224	3.0950267355975375e-08
Disease	disease_5338	3.0846093294767e-08
Disease	disease_12851	3.080631485215795e-08
Disease	disease_4095	3.072900661806472e-08
Disease	disease_16912	3.067082965686431e-08
Disease	disease_12878	3.0631744893696724e-08
Disease	disease_18402	3.0624840548568765e-08
Disease	disease_5093	3.055135709780466e-08
Disease	disease_18902	3.054141421108248e-08
Disease	disease_7488	3.047447960166125e-08
Disease	disease_8966	3.0466123744167684e-08
Disease	disease_6815	3.045581134107439e-08
Disease	disease_15905	3.045461240327432e-08
Disease	disease_11156	3.0419236470085616e-08
Disease	disease_3083	3.032049497518088e-08
Disease	disease_21082	3.0298358505323166e-08
Disease	disease_18794	3.02686762741184e-08
Disease	disease_7690	3.023871733664843e-08
Disease	disease_5394	3.021641317284736e-08
Disease	disease_1132	3.0205513507428394e-08
Disease	disease_1139	3.0205513507428394e-08
Disease	disease_14802	3.0181429995850904e-08
Disease	disease_7243	3.0172893769765606e-08
Disease	disease_16382	3.0158318666145706e-08
Disease	disease_8542	3.011461580145273e-08
Disease	disease_17822	3.008929359827572e-08
Disease	disease_11292	3.0041336385976025e-08
Disease	disease_839	2.999957836482884e-08
Disease	disease_10645	2.992858847930279e-08
Disease	disease_44300	2.9892482487921466e-08
Disease	disease_18157	2.9840600223189496e-08
Disease	disease_5386	2.9776986158304844e-08
Disease	disease_3749	2.9774680872314433e-08
Disease	disease_18876	2.9659551004601614e-08
Disease	disease_607	2.9646860329366464e-08
Disease	disease_18502	2.9627597144385418e-08
Disease	disease_17596	2.9626150351543914e-08
Disease	disease_17601	2.9607018141973003e-08
Disease	disease_17346	2.9607018141973003e-08
Disease	disease_17347	2.9607018141973003e-08
Disease	disease_18604	2.958524308149453e-08
Disease	disease_20689	2.9576810380670185e-08
Disease	disease_6383	2.9561813604665216e-08
Disease	disease_24306	2.9473062176868058e-08
Disease	disease_30701	2.9439867855158853e-08
Disease	disease_20324	2.9413337855716757e-08
Disease	disease_18812	2.936626425032303e-08
Disease	disease_18677	2.9303671314591617e-08
Disease	disease_15185	2.92637254550475e-08
Disease	disease_17597	2.9263349508546946e-08
Disease	disease_18225	2.9263349508546946e-08
Disease	disease_19946	2.9247197579710785e-08
Disease	disease_5227	2.924633741045225e-08
Disease	disease_14456	2.9227025494945914e-08
Disease	disease_18273	2.9218569415983307e-08
Disease	disease_2476	2.9200977013149515e-08
Disease	disease_5494	2.919895642057831e-08
Disease	disease_11976	2.9184961985639546e-08
Disease	disease_14118	2.9175855015543497e-08
Disease	disease_10108	2.9169779871254415e-08
Disease	disease_24634	2.9126033846504845e-08
Disease	disease_15010	2.91244576179836e-08
Disease	disease_2269	2.9122177121193786e-08
Disease	disease_8840	2.9034040196071792e-08
Disease	disease_10505	2.902406202093777e-08
Disease	disease_14676	2.9020246448304377e-08
Disease	disease_17354	2.9006275377706927e-08
Disease	disease_10684	2.9005930545919768e-08
Disease	disease_18957	2.8971879308559095e-08
Disease	disease_18910	2.895440877703468e-08
Disease	disease_5081	2.8910444074130644e-08
Disease	disease_11962	2.8900074028406e-08
Disease	disease_21094	2.8876012492811846e-08
Disease	disease_6026	2.885573170053858e-08
Disease	disease_5032	2.8847716565109267e-08
Disease	disease_12850	2.8826617608032444e-08
Disease	disease_771	2.882082677544956e-08
Disease	disease_21251	2.8820597937937285e-08
Disease	disease_3271	2.8818651653166564e-08
Disease	disease_2002	2.8818651653166564e-08
Disease	disease_7750	2.8807211987249695e-08
Disease	disease_20303	2.8800330024322e-08
Disease	disease_8974	2.8755226434842665e-08
Disease	disease_17119	2.8747435943741732e-08
Disease	disease_19213	2.870899529161762e-08
Disease	disease_9411	2.8696629873394968e-08
Disease	disease_18031	2.8694200546248272e-08
Disease	disease_2409	2.8656981285730514e-08
Disease	disease_17353	2.8640669016946894e-08
Disease	disease_13673	2.86313394277568e-08
Disease	disease_78	2.8624797511073384e-08
Disease	disease_9299	2.8622510066891486e-08
Disease	disease_10858	2.8599779194609827e-08
Disease	disease_994	2.8596105136749575e-08
Disease	disease_11382	2.8576002291457163e-08
Disease	disease_21001	2.857006946175946e-08
Disease	disease_19212	2.854755190142982e-08
Disease	disease_9920	2.8532330268493397e-08
Disease	disease_45031	2.852531992803635e-08
Disease	disease_4117	2.8520827346565538e-08
Disease	disease_12391	2.846788874935362e-08
Disease	disease_6474	2.8451802023694624e-08
Disease	disease_12155	2.844781342382074e-08
Disease	disease_1933	2.8351499028697907e-08
Disease	disease_17920	2.8351135254870808e-08
Disease	disease_7126	2.834476143601328e-08
Disease	disease_2854	2.833978446276131e-08
Disease	disease_5836	2.8282743448572473e-08
Disease	disease_7788	2.827182373343493e-08
Disease	disease_2012	2.8220018552421785e-08
Disease	disease_12522	2.815298827607004e-08
Disease	disease_956	2.8150486884104992e-08
Disease	disease_12930	2.8137123551200105e-08
Disease	disease_6592	2.8136553034878698e-08
Disease	disease_2525	2.8131618278334968e-08
Disease	disease_24457	2.8126308683694673e-08
Disease	disease_6932	2.8108512061725683e-08
Disease	disease_16060	2.8071621991615625e-08
Disease	disease_18955	2.8065368764414222e-08
Disease	disease_18598	2.7953125533272057e-08
Disease	disease_9867	2.7950684223319527e-08
Disease	disease_1530	2.7935047242385042e-08
Disease	disease_19963	2.7915880788930684e-08
Disease	disease_13523	2.7892517910245466e-08
Disease	disease_9396	2.7836484906743692e-08
Disease	disease_5636	2.7774823836133217e-08
Disease	disease_20481	2.7771696117184614e-08
Disease	disease_15611	2.7765407145947074e-08
Disease	disease_11922	2.7725728117653286e-08
Disease	disease_9009	2.7709070529967425e-08
Disease	disease_17704	2.7708881158611994e-08
Disease	disease_16815	2.7659498897523228e-08
Disease	disease_631	2.7635940346704112e-08
Disease	disease_10332	2.7611837820994377e-08
Disease	disease_10778	2.7601469319682285e-08
Disease	disease_11996	2.759587074312457e-08
Disease	disease_628	2.75713512045209e-08
Disease	disease_1734	2.7568399533841546e-08
Disease	disease_13304	2.756834348315862e-08
Disease	disease_19642	2.7559271621999116e-08
Disease	disease_14294	2.7557148498305364e-08
Disease	disease_8729	2.7532879499964625e-08
Disease	disease_4946	2.751584104630715e-08
Disease	disease_19136	2.749416085745117e-08
Disease	disease_5150	2.7462021245935233e-08
Disease	disease_8679	2.7450434599551457e-08
Disease	disease_20277	2.7449237621100484e-08
Disease	disease_20210	2.7412407990845197e-08
Disease	disease_996	2.740912013635473e-08
Disease	disease_11361	2.734954768516334e-08
Disease	disease_8855	2.734261080433412e-08
Disease	disease_19338	2.7332543971202896e-08
Disease	disease_17283	2.7313753807370593e-08
Disease	disease_16715	2.728627970403651e-08
Disease	disease_12276	2.728119436372949e-08
Disease	disease_9282	2.727263749276546e-08
Disease	disease_14865	2.7264776280749743e-08
Disease	disease_15900	2.7253576533149726e-08
Disease	disease_17089	2.7249188920800694e-08
Disease	disease_20329	2.7220250915579736e-08
Disease	disease_9529	2.7216765060351815e-08
Disease	disease_2720	2.7205005210925073e-08
Disease	disease_10471	2.7191495429229288e-08
Disease	disease_18487	2.7170931388125823e-08
Disease	disease_20120	2.7097876364052093e-08
Disease	disease_10830	2.7081456661519552e-08
Disease	disease_7829	2.6990642643985903e-08
Disease	disease_14343	2.6922117229065772e-08
Disease	disease_100146	2.6907204099200998e-08
Disease	disease_6698	2.6880871438695234e-08
Disease	disease_8591	2.6876452696067877e-08
Disease	disease_15070	2.6854461242567146e-08
Disease	disease_15508	2.6845497296074384e-08
Disease	disease_4626	2.6832119881417174e-08
Disease	disease_20769	2.6796415749084675e-08
Disease	disease_1085	2.670222814614523e-08
Disease	disease_21375	2.6699018590718205e-08
Disease	disease_1076	2.6682155705728555e-08
Disease	disease_2787	2.658163086703929e-08
Disease	disease_2788	2.658163086703929e-08
Disease	disease_10470	2.6554386232003355e-08
Disease	disease_7761	2.655305576280938e-08
Disease	disease_6203	2.6499089839470475e-08
Disease	disease_10198	2.645530237832591e-08
Disease	disease_4789	2.6434202547627608e-08
Disease	disease_13571	2.6413548940096383e-08
Disease	disease_2155	2.6385565964434042e-08
Disease	disease_8233	2.6339391519668336e-08
Disease	disease_16505	2.63374114734754e-08
Disease	disease_20244	2.6280214588324094e-08
Disease	disease_3232	2.6265591114653857e-08
Disease	disease_9086	2.6250670481768503e-08
Disease	disease_8003	2.6234433314376776e-08
Disease	disease_18630	2.6230766686866753e-08
Disease	disease_10002	2.62124518271588e-08
Disease	disease_1347	2.6185510904559848e-08
Disease	disease_18896	2.616860553342531e-08
Disease	disease_11099	2.615663003709271e-08
Disease	disease_2144	2.6126867172043165e-08
Disease	disease_11490	2.6113791173058235e-08
Disease	disease_25556	2.61082500652217e-08
Disease	disease_19050	2.6102771336028193e-08
Disease	disease_4978	2.6101161916391448e-08
Disease	disease_10526	2.6046622243671815e-08
Disease	disease_19609	2.6037868704357952e-08
Disease	disease_3620	2.6028523142760923e-08
Disease	disease_21145	2.600749758973591e-08
Disease	disease_16166	2.5955705819580146e-08
Disease	disease_43707	2.5952056793759522e-08
Disease	disease_15071	2.5937666368480862e-08
Disease	disease_7454	2.5914595245729215e-08
Disease	disease_18328	2.5908540015332854e-08
Disease	disease_10492	2.589771080452473e-08
Disease	disease_11123	2.587593376356611e-08
Disease	disease_13873	2.5861250122450646e-08
Disease	disease_21663	2.5856259705352486e-08
Disease	disease_44641	2.5807991206205422e-08
Disease	disease_21470	2.5794989902189202e-08
Disease	disease_4643	2.578299034249341e-08
Disease	disease_60627	2.5770436967687088e-08
Disease	disease_13173	2.576883761117432e-08
Disease	disease_21118	2.5758433151281223e-08
Disease	disease_11167	2.5745496296797816e-08
Disease	disease_11168	2.5745496296797816e-08
Disease	disease_4632	2.571492455513355e-08
Disease	disease_15951	2.5701547868458532e-08
Disease	disease_16761	2.569458063865413e-08
Disease	disease_16042	2.5665497586230455e-08
Disease	disease_5218	2.5632576899668676e-08
Disease	disease_13367	2.5622680811864312e-08
Disease	disease_19332	2.5562223820347915e-08
Disease	disease_18475	2.555710451710497e-08
Disease	disease_18188	2.5553863908183784e-08
Disease	disease_10518	2.5513823510574132e-08
Disease	disease_11073	2.5505390932031487e-08
Disease	disease_5814	2.5474947024036837e-08
Disease	disease_19635	2.5449969660348626e-08
Disease	disease_17379	2.543146212887e-08
Disease	disease_15720	2.5416067261384738e-08
Disease	disease_18741	2.5411212018593597e-08
Disease	disease_10572	2.5362822094088198e-08
Disease	disease_15719	2.53133324291792e-08
Disease	disease_14692	2.52439579174102e-08
Disease	disease_12011	2.5238609885939404e-08
Disease	disease_18901	2.5219769264707017e-08
Disease	disease_845	2.5209872139737534e-08
Disease	disease_11299	2.520762344567023e-08
Disease	disease_16231	2.5174238272081763e-08
Disease	disease_5452	2.5171586893504095e-08
Disease	disease_16374	2.5171130760792992e-08
Disease	disease_10568	2.5157920164511093e-08
Disease	disease_16532	2.5072971925669348e-08
Disease	disease_1340	2.5063633196338532e-08
Disease	disease_11278	2.5040596377256453e-08
Disease	disease_1969	2.5032518662327856e-08
Disease	disease_18870	2.501164685787286e-08
Disease	disease_2629	2.499809909988643e-08
Disease	disease_100246	2.4937922628305124e-08
Disease	disease_16268	2.493689606526282e-08
Disease	disease_15659	2.4899113091400552e-08
Disease	disease_17746	2.4895963892933343e-08
Disease	disease_5052	2.488980763455371e-08
Disease	disease_13400	2.4889390696952653e-08
Disease	disease_469	2.4889353208064828e-08
Disease	disease_4972	2.4888589746125767e-08
Disease	disease_16684	2.487342403172947e-08
Disease	disease_2145	2.4868092911345017e-08
Disease	disease_16832	2.4867327292293248e-08
Disease	disease_24458	2.484643720062326e-08
Disease	disease_6597	2.4846228425920025e-08
Disease	disease_18637	2.481239347976177e-08
Disease	disease_12286	2.480976006594584e-08
Disease	disease_7847	2.4778272973040625e-08
Disease	disease_15792	2.476919039576031e-08
Disease	disease_15698	2.475861898483195e-08
Disease	disease_20380	2.4743660716151293e-08
Disease	disease_12727	2.4733174987679443e-08
Disease	disease_21146	2.4726070552410673e-08
Disease	disease_16928	2.4716309356691186e-08
Disease	disease_43455	2.4672642137945884e-08
Disease	disease_8294	2.4650280853231897e-08
Disease	disease_4459	2.4605050526446713e-08
Disease	disease_448	2.460485463111592e-08
Disease	disease_12921	2.4588688586004805e-08
Disease	disease_19600	2.458761655857608e-08
Disease	disease_16685	2.4576179391011345e-08
Disease	disease_5649	2.4540440085176976e-08
Disease	disease_19180	2.4504696442648413e-08
Disease	disease_8523	2.4477046583717012e-08
Disease	disease_19741	2.4438756655809773e-08
Disease	disease_1505	2.4433474515860568e-08
Disease	disease_10635	2.441182850618504e-08
Disease	disease_7044	2.440400566246083e-08
Disease	disease_15089	2.4366108119231474e-08
Disease	disease_19141	2.4362393759001928e-08
Disease	disease_17010	2.4359780094520245e-08
Disease	disease_21674	2.435261560431137e-08
Disease	disease_19792	2.4347346606821405e-08
Disease	disease_104	2.4334201526651076e-08
Disease	disease_16333	2.433041335408021e-08
Disease	disease_100030	2.4319437812583728e-08
Disease	disease_3780	2.429965719405255e-08
Disease	disease_5339	2.4276870619448344e-08
Disease	disease_25511	2.426073766233652e-08
Disease	disease_19841	2.42342662418221e-08
Disease	disease_10134	2.423282217367388e-08
Disease	disease_11068	2.4224341560582143e-08
Disease	disease_2268	2.421822187358949e-08
Disease	disease_7893	2.4216251984411597e-08
Disease	disease_16689	2.4201350879185463e-08
Disease	disease_16688	2.4201350879185463e-08
Disease	disease_16687	2.4201350879185463e-08
Disease	disease_7651	2.4172151407115472e-08
Disease	disease_12919	2.4168720344434324e-08
Disease	disease_22700	2.4089371237191712e-08
Disease	disease_11016	2.403828287766608e-08
Disease	disease_11033	2.403828287766608e-08
Disease	disease_10950	2.403828287766608e-08
Disease	disease_12422	2.403828287766608e-08
Disease	disease_10864	2.403828287766608e-08
Disease	disease_10862	2.403828287766608e-08
Disease	disease_10861	2.403828287766608e-08
Disease	disease_13078	2.403828287766608e-08
Disease	disease_12920	2.403828287766608e-08
Disease	disease_11572	2.403828287766608e-08
Disease	disease_11302	2.403828287766608e-08
Disease	disease_12961	2.403828287766608e-08
Disease	disease_14518	2.4007308834949688e-08
Disease	disease_1292	2.3992921295719507e-08
Disease	disease_8094	2.397962826842522e-08
Disease	disease_13626	2.3977898086931642e-08
Disease	disease_9925	2.3970327688476185e-08
Disease	disease_837	2.395738717710278e-08
Disease	disease_16293	2.3941392349203284e-08
Disease	disease_11273	2.391943586194388e-08
Disease	disease_15924	2.3902171829215142e-08
Disease	disease_15787	2.3897754273047927e-08
Disease	disease_1168	2.3896795149021176e-08
Disease	disease_9279	2.388280481547098e-08
Disease	disease_100344	2.386797309485155e-08
Disease	disease_14749	2.384929662123335e-08
Disease	disease_7182	2.3836975342154124e-08
Disease	disease_15721	2.377228031242334e-08
Disease	disease_19303	2.3769011002914756e-08
Disease	disease_29001	2.369663279839699e-08
Disease	disease_100053	2.3694980240329226e-08
Disease	disease_21181	2.3682519357281802e-08
Disease	disease_19613	2.3669320636014807e-08
Disease	disease_376	2.3659635058008394e-08
Disease	disease_16543	2.3625342677354438e-08
Disease	disease_1422	2.3609957868862072e-08
Disease	disease_43103	2.3604583029546615e-08
Disease	disease_7235	2.3571184721332708e-08
Disease	disease_8436	2.3554968307432605e-08
Disease	disease_20801	2.354553840778646e-08
Disease	disease_1613	2.352338246402984e-08
Disease	disease_19844	2.351475711560605e-08
Disease	disease_1083	2.350552722539263e-08
Disease	disease_19263	2.346720644485427e-08
Disease	disease_5219	2.346222242641518e-08
Disease	disease_6295	2.3452041781951657e-08
Disease	disease_19675	2.3430326209031185e-08
Disease	disease_14554	2.3415029980553438e-08
Disease	disease_565	2.3405776503928927e-08
Disease	disease_12480	2.336455934686328e-08
Disease	disease_5108	2.335951794075058e-08
Disease	disease_2412	2.3340249422215927e-08
Disease	disease_15597	2.33285711816529e-08
Disease	disease_12037	2.332741570135042e-08
Disease	disease_19044	2.3303248852443678e-08
Disease	disease_16338	2.32943480931657e-08
Disease	disease_16824	2.328438590066731e-08
Disease	disease_16271	2.3210414779714683e-08
Disease	disease_21677	2.320823799879436e-08
Disease	disease_31481	2.3165413980155724e-08
Disease	disease_415	2.3133487499961302e-08
Disease	disease_19390	2.311343686142404e-08
Disease	disease_8725	2.3111971808477605e-08
Disease	disease_7762	2.307496341600793e-08
Disease	disease_21253	2.3071453793341498e-08
Disease	disease_7191	2.3057899612141193e-08
Disease	disease_11972	2.3026194300880932e-08
Disease	disease_16482	2.3024052772430244e-08
Disease	disease_16272	2.3019605961344137e-08
Disease	disease_8075	2.297755578024926e-08
Disease	disease_8612	2.296122322320538e-08
Disease	disease_1569	2.2958932987831008e-08
Disease	disease_10615	2.2943476987440912e-08
Disease	disease_16872	2.2935236214575825e-08
Disease	disease_18866	2.292191734627981e-08
Disease	disease_5445	2.2840966135206554e-08
Disease	disease_10187	2.2838747439667882e-08
Disease	disease_13357	2.278540171483886e-08
Disease	disease_12077	2.2749356724427038e-08
Disease	disease_11731	2.2737919911528394e-08
Disease	disease_473	2.2727766087433806e-08
Disease	disease_19565	2.272740715966575e-08
Disease	disease_7184	2.270900265967839e-08
Disease	disease_8364	2.2702974428215667e-08
Disease	disease_4669	2.2693732549223924e-08
Disease	disease_2505	2.2693646375029936e-08
Disease	disease_19183	2.268371016453988e-08
Disease	disease_7417	2.2681106532504117e-08
Disease	disease_2105	2.267709147852015e-08
Disease	disease_13199	2.2662898286635258e-08
Disease	disease_19169	2.265698333365295e-08
Disease	disease_1656	2.2600015799581558e-08
Disease	disease_18925	2.2560930863134332e-08
Disease	disease_16954	2.2559373084829006e-08
Disease	disease_21636	2.2549982268563463e-08
Disease	disease_8453	2.253999955057973e-08
Disease	disease_6052	2.2533708345015768e-08
Disease	disease_892	2.2509116636360558e-08
Disease	disease_8644	2.2500086188612827e-08
Disease	disease_19218	2.248352690640153e-08
Disease	disease_7888	2.2470178362725163e-08
Disease	disease_21061	2.243822754231486e-08
Disease	disease_7096	2.2428175581066184e-08
Disease	disease_10790	2.2405237911066954e-08
Disease	disease_1504	2.2337176165477872e-08
Disease	disease_1692	2.2337176165477872e-08
Disease	disease_1135	2.2337176165477872e-08
Disease	disease_4759	2.2337176165477872e-08
Disease	disease_983	2.2337176165477872e-08
Disease	disease_11837	2.2326525503884676e-08
Disease	disease_10726	2.2322923291075268e-08
Disease	disease_6729	2.2320330876857725e-08
Disease	disease_18963	2.231698832778689e-08
Disease	disease_10768	2.2300972411278472e-08
Disease	disease_1881	2.228648845311644e-08
Disease	disease_6390	2.2266173947304722e-08
Disease	disease_3627	2.2261503914103254e-08
Disease	disease_19664	2.2244673987262577e-08
Disease	disease_19562	2.2234172504976163e-08
Disease	disease_11144	2.219924715557803e-08
Disease	disease_9383	2.2179094690650915e-08
Disease	disease_20629	2.2151908162298622e-08
Disease	disease_10997	2.21020548121538e-08
Disease	disease_18078	2.208843129898024e-08
Disease	disease_16942	2.2078408849717306e-08
Disease	disease_9101	2.206872683490425e-08
Disease	disease_13847	2.2040309052624695e-08
Disease	disease_19892	2.2029989638903577e-08
Disease	disease_20739	2.2026678782482584e-08
Disease	disease_15261	2.2023293191530864e-08
Disease	disease_2267	2.1996581443717168e-08
Disease	disease_6234	2.1965352082327465e-08
Disease	disease_2501	2.195285671980199e-08
Disease	disease_19190	2.1950626552104e-08
Disease	disease_10940	2.194263458317705e-08
Disease	disease_10403	2.1931663531180965e-08
Disease	disease_11502	2.189234481835811e-08
Disease	disease_5564	2.188747151794202e-08
Disease	disease_23275	2.188735220686466e-08
Disease	disease_15822	2.1764435832812953e-08
Disease	disease_7448	2.175153364441651e-08
Disease	disease_10820	2.1751033337672134e-08
Disease	disease_2834	2.1746374800439857e-08
Disease	disease_19719	2.174001630556736e-08
Disease	disease_5546	2.1716235782561593e-08
Disease	disease_8211	2.1695708802687865e-08
Disease	disease_10089	2.1680967843204216e-08
Disease	disease_12451	2.1665435825338493e-08
Disease	disease_7864	2.164733546871564e-08
Disease	disease_8054	2.163390709131852e-08
Disease	disease_10788	2.1619173990780955e-08
Disease	disease_16562	2.160619412252749e-08
Disease	disease_19606	2.160245271432953e-08
Disease	disease_20022	2.159559001350075e-08
Disease	disease_18698	2.1576758423731098e-08
Disease	disease_11989	2.157662417528045e-08
Disease	disease_4496	2.1571333450876527e-08
Disease	disease_13153	2.15595198218469e-08
Disease	disease_14911	2.1535082801717595e-08
Disease	disease_10877	2.1531172039853007e-08
Disease	disease_8223	2.1522631231860243e-08
Disease	disease_6162	2.1516270444087568e-08
Disease	disease_7723	2.1470612875099205e-08
Disease	disease_8819	2.1455903008402023e-08
Disease	disease_2108	2.1424468633533268e-08
Disease	disease_16296	2.1415021774932686e-08
Disease	disease_8276	2.141341181311073e-08
Disease	disease_17965	2.139504927164885e-08
Disease	disease_11303	2.1373947555926417e-08
Disease	disease_9839	2.1362512017012925e-08
Disease	disease_2714	2.132746240556708e-08
Disease	disease_15617	2.1326257412857796e-08
Disease	disease_13006	2.1315384982553368e-08
Disease	disease_16971	2.129467486288861e-08
Disease	disease_4736	2.129122405210115e-08
Disease	disease_18954	2.1285277054430076e-08
Disease	disease_2120	2.1256543938740992e-08
Disease	disease_9258	2.1242818929705403e-08
Disease	disease_8265	2.119942885667873e-08
Disease	disease_16998	2.1190472555062088e-08
Disease	disease_19624	2.1189416601741906e-08
Disease	disease_7494	2.1187385349764958e-08
Disease	disease_10341	2.1182619929851646e-08
Disease	disease_453	2.1169743796690465e-08
Disease	disease_19084	2.1164705524591e-08
Disease	disease_14848	2.1133789736232486e-08
Disease	disease_19920	2.1097737490252754e-08
Disease	disease_9068	2.1089051614694335e-08
Disease	disease_2165	2.107680446760176e-08
Disease	disease_14045	2.1071313894691098e-08
Disease	disease_15650	2.103785676943746e-08
Disease	disease_10143	2.1030571605820523e-08
Disease	disease_2263	2.102114613104588e-08
Disease	disease_15979	2.1012977549915544e-08
Disease	disease_10576	2.098702443127636e-08
Disease	disease_12485	2.0980933925226555e-08
Disease	disease_2883	2.093037966851545e-08
Disease	disease_15938	2.092317196555817e-08
Disease	disease_4956	2.091754987932042e-08
Disease	disease_56814	2.091754987932042e-08
Disease	disease_19438	2.0886591563577192e-08
Disease	disease_9924	2.088654031779576e-08
Disease	disease_10012	2.0885074459850222e-08
Disease	disease_19668	2.0851776542241788e-08
Disease	disease_3004	2.084458536872783e-08
Disease	disease_8963	2.0797416435795025e-08
Disease	disease_44778	2.075818195173515e-08
Disease	disease_20311	2.0732835294198688e-08
Disease	disease_43985	2.07029899669619e-08
Disease	disease_100242	2.0686241523677976e-08
Disease	disease_15283	2.0677396407003127e-08
Disease	disease_7950	2.0671876089924933e-08
Disease	disease_17973	2.0664897655228686e-08
Disease	disease_18737	2.066314194695232e-08
Disease	disease_60	2.0648362491823004e-08
Disease	disease_17589	2.06349361541702e-08
Disease	disease_14412	2.061523961381196e-08
Disease	disease_2749	2.0613200555623674e-08
Disease	disease_10826	2.0565439215317876e-08
Disease	disease_8030	2.056348206087449e-08
Disease	disease_3664	2.0562258631190912e-08
Disease	disease_7236	2.0523505520857798e-08
Disease	disease_5451	2.0503517553786168e-08
Disease	disease_9527	2.0485996833450553e-08
Disease	disease_9026	2.0435667172376193e-08
Disease	disease_16106	2.039018007934308e-08
Disease	disease_9292	2.0389805891755873e-08
Disease	disease_16563	2.0372651115652126e-08
Disease	disease_15515	2.0347257839309032e-08
Disease	disease_9082	2.0346078846578925e-08
Disease	disease_13668	2.0331569963471434e-08
Disease	disease_24363	2.0315440847023863e-08
Disease	disease_5589	2.0308309794292307e-08
Disease	disease_18945	2.0288766526244536e-08
Disease	disease_14851	2.0260548118023797e-08
Disease	disease_24340	2.024455062169273e-08
Disease	disease_23113	2.0214917331166615e-08
Disease	disease_6715	2.020434148494952e-08
Disease	disease_18271	2.0192877933209528e-08
Disease	disease_43510	2.0188874337652118e-08
Disease	disease_8129	2.0186444502759472e-08
Disease	disease_12914	2.0154663117861726e-08
Disease	disease_14137	2.0144455898233562e-08
Disease	disease_1095	2.012286284436053e-08
Disease	disease_15335	2.0119648050069154e-08
Disease	disease_21296	2.0112840168226426e-08
Disease	disease_17611	2.0106024473379562e-08
Disease	disease_18094	2.010224460295044e-08
Disease	disease_16227	2.010104909543607e-08
Disease	disease_18504	2.008822062796406e-08
Disease	disease_20208	2.005661979057148e-08
Disease	disease_17768	2.005531209541963e-08
Disease	disease_7193	2.0045066932272976e-08
Disease	disease_14213	2.0037527687306593e-08
Disease	disease_12575	2.0035744047646747e-08
Disease	disease_8695	2.003054892819971e-08
Disease	disease_2279	2.002899395932391e-08
Disease	disease_13260	2.0019544045619157e-08
Disease	disease_13038	1.998872863206364e-08
Disease	disease_16564	1.9988329640043932e-08
Disease	disease_16890	1.998413148460777e-08
Disease	disease_8182	1.9984023750528786e-08
Disease	disease_16525	1.9906481766808962e-08
Disease	disease_15150	1.989369926060368e-08
Disease	disease_24333	1.9888639652231355e-08
Disease	disease_16210	1.988721524715374e-08
Disease	disease_16936	1.9882938529565095e-08
Disease	disease_5758	1.9882539123530162e-08
Disease	disease_8347	1.9850119668160444e-08
Disease	disease_9606	1.9842329945914818e-08
Disease	disease_20633	1.980699893404453e-08
Disease	disease_16908	1.980463044594155e-08
Disease	disease_7947	1.9776725801931047e-08
Disease	disease_21076	1.9774942885804615e-08
Disease	disease_10204	1.976394084957395e-08
Disease	disease_15216	1.97427449778199e-08
Disease	disease_100252	1.973411849253939e-08
Disease	disease_15902	1.972524460643118e-08
Disease	disease_54866	1.9720773717809176e-08
Disease	disease_6316	1.9714182211486216e-08
Disease	disease_3040	1.9704122235119404e-08
Disease	disease_551	1.969096805994791e-08
Disease	disease_18543	1.9680127499213825e-08
Disease	disease_2314	1.963456547253647e-08
Disease	disease_32852	1.9601460015384943e-08
Disease	disease_4071	1.9572203268334846e-08
Disease	disease_11876	1.9569791305121797e-08
Disease	disease_18021	1.954856517034843e-08
Disease	disease_18968	1.952968022030126e-08
Disease	disease_2900	1.952079444876208e-08
Disease	disease_1999	1.95174207557984e-08
Disease	disease_4336	1.945437020415292e-08
Disease	disease_21084	1.942277037484535e-08
Disease	disease_20340	1.938922941622103e-08
Disease	disease_10951	1.9373933138787765e-08
Disease	disease_9832	1.9361562591689e-08
Disease	disease_9414	1.9353695453046528e-08
Disease	disease_19724	1.9333417136616606e-08
Disease	disease_15914	1.9332845614514372e-08
Disease	disease_17755	1.932606499498009e-08
Disease	disease_21197	1.9322807840102367e-08
Disease	disease_13083	1.932131039215529e-08
Disease	disease_9290	1.9299851276187774e-08
Disease	disease_15830	1.9288403162169656e-08
Disease	disease_440	1.9281782078344384e-08
Disease	disease_17192	1.927543906726904e-08
Disease	disease_17191	1.927543906726904e-08
Disease	disease_17926	1.927543906726904e-08
Disease	disease_15548	1.9270678288859647e-08
Disease	disease_9889	1.9243650595374096e-08
Disease	disease_13361	1.9225493438795707e-08
Disease	disease_17754	1.9192619208271875e-08
Disease	disease_18481	1.918941178404766e-08
Disease	disease_13595	1.9172353093725292e-08
Disease	disease_6862	1.9163511119210965e-08
Disease	disease_959	1.916245053283837e-08
Disease	disease_3646	1.916079002640697e-08
Disease	disease_15716	1.9151213949220106e-08
Disease	disease_15717	1.9151213949220106e-08
Disease	disease_15788	1.9151213949220106e-08
Disease	disease_13498	1.915105646597584e-08
Disease	disease_5598	1.9136798676264206e-08
Disease	disease_13085	1.9136798676264206e-08
Disease	disease_13084	1.9136798676264206e-08
Disease	disease_2899	1.9136798676264206e-08
Disease	disease_14774	1.9136798676264206e-08
Disease	disease_13086	1.9136798676264206e-08
Disease	disease_2546	1.9131422488633743e-08
Disease	disease_15452	1.91304865392279e-08
Disease	disease_17118	1.9129109016864264e-08
Disease	disease_8810	1.912104744790303e-08
Disease	disease_4580	1.911279401198776e-08
Disease	disease_10946	1.9081415550781934e-08
Disease	disease_43975	1.907528717895386e-08
Disease	disease_19518	1.9065550503241794e-08
Disease	disease_11165	1.9059991615298676e-08
Disease	disease_8834	1.9042905014904455e-08
Disease	disease_36511	1.903440873384014e-08
Disease	disease_6909	1.9003004515631786e-08
Disease	disease_19345	1.8997533636970857e-08
Disease	disease_1785	1.8993288758924106e-08
Disease	disease_17972	1.8987374190464454e-08
Disease	disease_2429	1.8971217396960953e-08
Disease	disease_10456	1.896906063686187e-08
Disease	disease_19046	1.8944052125919032e-08
Disease	disease_1104	1.8940065072154476e-08
Disease	disease_21072	1.8934522947599012e-08
Disease	disease_17730	1.8929018072130708e-08
Disease	disease_19544	1.8918817872962446e-08
Disease	disease_4604	1.8911548574716966e-08
Disease	disease_20328	1.8911548574716966e-08
Disease	disease_20330	1.8911548574716966e-08
Disease	disease_4633	1.8911548574716966e-08
Disease	disease_24647	1.8911381121664708e-08
Disease	disease_19056	1.8903608810268153e-08
Disease	disease_18425	1.887412151862141e-08
Disease	disease_10914	1.8864445681515595e-08
Disease	disease_14642	1.8849638419506633e-08
Disease	disease_11969	1.884440255260744e-08
Disease	disease_6419	1.8840895032197932e-08
Disease	disease_20641	1.8832690613416374e-08
Disease	disease_5351	1.8829088847121496e-08
Disease	disease_16229	1.8820914649817243e-08
Disease	disease_4209	1.8809272696187123e-08
Disease	disease_482	1.8798028213079856e-08
Disease	disease_20290	1.878966470849811e-08
Disease	disease_2329	1.8761691218306397e-08
Disease	disease_24945	1.8749768655299904e-08
Disease	disease_18241	1.8742844082139397e-08
Disease	disease_10122	1.8731842943921583e-08
Disease	disease_8666	1.873161063823911e-08
Disease	disease_10581	1.8688321639550918e-08
Disease	disease_12915	1.8674692478900174e-08
Disease	disease_18322	1.8663970188336755e-08
Disease	disease_19828	1.8658472549453166e-08
Disease	disease_9615	1.8651363586014705e-08
Disease	disease_8684	1.863499564841076e-08
Disease	disease_15715	1.8632302558994405e-08
Disease	disease_18805	1.8621109643386735e-08
Disease	disease_6995	1.8619988604813103e-08
Disease	disease_4565	1.86114570338511e-08
Disease	disease_4805	1.8603278742997512e-08
Disease	disease_7838	1.859181958577267e-08
Disease	disease_7652	1.859154465457801e-08
Disease	disease_8721	1.8528332460366657e-08
Disease	disease_4620	1.852341754055432e-08
Disease	disease_12628	1.8519536758389802e-08
Disease	disease_12009	1.8519536758389802e-08
Disease	disease_11817	1.8519536758389802e-08
Disease	disease_12010	1.8519536758389802e-08
Disease	disease_12788	1.8519536758389802e-08
Disease	disease_10331	1.8519536758389802e-08
Disease	disease_591	1.8517732416001546e-08
Disease	disease_2612	1.8498355916704192e-08
Disease	disease_16244	1.8454889507406008e-08
Disease	disease_15018	1.8452010986771528e-08
Disease	disease_14805	1.8447652207476723e-08
Disease	disease_2350	1.843581107509895e-08
Disease	disease_34987	1.8430676390558154e-08
Disease	disease_43139	1.8426845192664133e-08
Disease	disease_2495	1.841794843272697e-08
Disease	disease_15547	1.839914403988318e-08
Disease	disease_15880	1.8385354429828973e-08
Disease	disease_11601	1.8377049769297592e-08
Disease	disease_11001	1.8366150784405596e-08
Disease	disease_15212	1.8356538163341773e-08
Disease	disease_8157	1.8308349722519276e-08
Disease	disease_9726	1.8307580426362626e-08
Disease	disease_4614	1.829319096808457e-08
Disease	disease_4566	1.8269633341897044e-08
Disease	disease_3497	1.824244129288197e-08
Disease	disease_3432	1.822149017190333e-08
Disease	disease_21449	1.8211576633214754e-08
Disease	disease_7187	1.8207703266468258e-08
Disease	disease_19617	1.817720134990984e-08
Disease	disease_920	1.817709973881207e-08
Disease	disease_3629	1.8175015544022945e-08
Disease	disease_8214	1.8166603267253356e-08
Disease	disease_12081	1.8141641836464626e-08
Disease	disease_43606	1.8115935223867325e-08
Disease	disease_2567	1.8101733696706916e-08
Disease	disease_18609	1.808007622475974e-08
Disease	disease_17915	1.8069267069675382e-08
Disease	disease_20796	1.8065411159999794e-08
Disease	disease_5131	1.8033846355337884e-08
Disease	disease_3144	1.802086670954629e-08
Disease	disease_2137	1.801902895365581e-08
Disease	disease_19703	1.801386742034038e-08
Disease	disease_212	1.8009650938729304e-08
Disease	disease_14720	1.798263108882069e-08
Disease	disease_8749	1.7980473592278016e-08
Disease	disease_16422	1.7954385816867014e-08
Disease	disease_11781	1.7950294586119926e-08
Disease	disease_6823	1.7916950381375408e-08
Disease	disease_19835	1.791193704512817e-08
Disease	disease_16596	1.791160690022278e-08
Disease	disease_16356	1.7867340161092623e-08
Disease	disease_4745	1.7861940924720075e-08
Disease	disease_5551	1.7859168980282617e-08
Disease	disease_5092	1.783698857061909e-08
Disease	disease_10727	1.783047574096532e-08
Disease	disease_4974	1.7823876297227195e-08
Disease	disease_5436	1.7814941339651757e-08
Disease	disease_32651	1.7814513054265822e-08
Disease	disease_11728	1.7813672204499616e-08
Disease	disease_16043	1.7786671346088957e-08
Disease	disease_16692	1.7780195235280114e-08
Disease	disease_21569	1.7736416770682113e-08
Disease	disease_15069	1.77300637770613e-08
Disease	disease_8224	1.7728890240990324e-08
Disease	disease_17024	1.7707085875075222e-08
Disease	disease_17436	1.769013845465851e-08
Disease	disease_9249	1.7673237500145587e-08
Disease	disease_21022	1.765897685974364e-08
Disease	disease_2175	1.76385397991718e-08
Disease	disease_44660	1.7626788691586548e-08
Disease	disease_7727	1.7622887042116876e-08
Disease	disease_19293	1.7618307887531668e-08
Disease	disease_8009	1.7609399021852713e-08
Disease	disease_14094	1.7609361164421994e-08
Disease	disease_8302	1.76074748498961e-08
Disease	disease_8458	1.7597280027837425e-08
Disease	disease_11671	1.7572850619469284e-08
Disease	disease_21311	1.7560918209003217e-08
Disease	disease_54698	1.7546871155393495e-08
Disease	disease_20376	1.7528478401876823e-08
Disease	disease_19788	1.752338461312725e-08
Disease	disease_15188	1.7523288196206255e-08
Disease	disease_6883	1.748679140802243e-08
Disease	disease_16165	1.7458704890011676e-08
Disease	disease_15111	1.745483167650895e-08
Disease	disease_19220	1.7447405866122807e-08
Disease	disease_6477	1.7392770719160934e-08
Disease	disease_43133	1.7372827302249685e-08
Disease	disease_4332	1.7355510188572645e-08
Disease	disease_12589	1.7340856595967614e-08
Disease	disease_10947	1.7324270743053327e-08
Disease	disease_6519	1.7321645173093532e-08
Disease	disease_24463	1.7315371767621017e-08
Disease	disease_1117	1.731373868184735e-08
Disease	disease_16895	1.729491767864968e-08
Disease	disease_5590	1.727326890682263e-08
Disease	disease_2654	1.726530238784872e-08
Disease	disease_6230	1.7264727737221467e-08
Disease	disease_2533	1.7256789173419765e-08
Disease	disease_8414	1.725241006328007e-08
Disease	disease_100120	1.7251016782166306e-08
Disease	disease_16700	1.7240866240495466e-08
Disease	disease_18958	1.7225469241345793e-08
Disease	disease_16484	1.7218835298904256e-08
Disease	disease_8283	1.7185368744385706e-08
Disease	disease_11147	1.7168828720459703e-08
Disease	disease_15780	1.715613636649681e-08
Disease	disease_8345	1.715432680232724e-08
Disease	disease_5356	1.715010378591542e-08
Disease	disease_37940	1.7138399394188328e-08
Disease	disease_8730	1.713527624288922e-08
Disease	disease_16581	1.712416766870105e-08
Disease	disease_1244	1.7115858494745996e-08
Disease	disease_2109	1.7064480427784865e-08
Disease	disease_12801	1.7063501484003463e-08
Disease	disease_5348	1.705973797551563e-08
Disease	disease_5346	1.704234032471183e-08
Disease	disease_20516	1.70385221447796e-08
Disease	disease_18215	1.70302385845196e-08
Disease	disease_19751	1.702239226456686e-08
Disease	disease_3524	1.7019521693296162e-08
Disease	disease_14893	1.7013815705504763e-08
Disease	disease_14905	1.700495449332062e-08
Disease	disease_8668	1.6991911429118044e-08
Disease	disease_2474	1.6982256963218357e-08
Disease	disease_14551	1.6967583253573004e-08
Disease	disease_15564	1.695810150428049e-08
Disease	disease_5484	1.6943670775089086e-08
Disease	disease_18214	1.6934646114953712e-08
Disease	disease_6160	1.692870207451285e-08
Disease	disease_2413	1.6902752890882625e-08
Disease	disease_3299	1.6895256033161832e-08
Disease	disease_6238	1.689249662708059e-08
Disease	disease_7451	1.6890515850091226e-08
Disease	disease_2252	1.6890175710284074e-08
Disease	disease_18809	1.6890175710284074e-08
Disease	disease_18109	1.6890175710284074e-08
Disease	disease_18570	1.6886427596538147e-08
Disease	disease_568	1.688526231406785e-08
Disease	disease_16480	1.6867405022700756e-08
Disease	disease_9849	1.6865046355919787e-08
Disease	disease_11569	1.6863995343069728e-08
Disease	disease_21089	1.6857285206909974e-08
Disease	disease_19245	1.6826852995182545e-08
Disease	disease_1382	1.682605473227065e-08
Disease	disease_16817	1.6814523199997888e-08
Disease	disease_20063	1.6803748940415595e-08
Disease	disease_9025	1.6793384277122863e-08
Disease	disease_9303	1.678141081892732e-08
Disease	disease_15081	1.6750334858345375e-08
Disease	disease_5719	1.675004574480379e-08
Disease	disease_32586	1.6740503131105425e-08
Disease	disease_8199	1.6736566606005156e-08
Disease	disease_16836	1.6704404089324804e-08
Disease	disease_18937	1.6699071792714368e-08
Disease	disease_6372	1.6694889936403806e-08
Disease	disease_16485	1.668955954614935e-08
Disease	disease_3435	1.6689454495401e-08
Disease	disease_18035	1.6666376966367603e-08
Disease	disease_43291	1.6665895181775032e-08
Disease	disease_4652	1.665441720336608e-08
Disease	disease_14353	1.6643827146394747e-08
Disease	disease_5797	1.6634850299835378e-08
Disease	disease_17274	1.6617116144881558e-08
Disease	disease_4933	1.660357779362602e-08
Disease	disease_1927	1.6583977665024235e-08
Disease	disease_33364	1.657284563837738e-08
Disease	disease_16129	1.6569363765922377e-08
Disease	disease_6478	1.654884825515508e-08
Disease	disease_8535	1.6534507685454475e-08
Disease	disease_8260	1.652259459381932e-08
Disease	disease_10086	1.6522163517574006e-08
Disease	disease_5295	1.6505245724488406e-08
Disease	disease_16481	1.6482895826041425e-08
Disease	disease_6159	1.6463881543514704e-08
Disease	disease_16473	1.6458919689815184e-08
Disease	disease_19501	1.645603290983832e-08
Disease	disease_19170	1.6455298388755042e-08
Disease	disease_5361	1.6449869508704254e-08
Disease	disease_32922	1.642026458363699e-08
Disease	disease_16915	1.6388291777157766e-08
Disease	disease_16479	1.6384201148023968e-08
Disease	disease_18710	1.6380189097951677e-08
Disease	disease_6938	1.6350893695637118e-08
Disease	disease_44338	1.633547687960589e-08
Disease	disease_9216	1.632603617220937e-08
Disease	disease_17638	1.6304245168641587e-08
Disease	disease_30116	1.628322042373327e-08
Disease	disease_18921	1.627190608194632e-08
Disease	disease_13792	1.6265629100368827e-08
Disease	disease_32850	1.6263913856138817e-08
Disease	disease_3987	1.620413007784666e-08
Disease	disease_21416	1.6203611985268346e-08
Disease	disease_40679	1.619751822064026e-08
Disease	disease_14663	1.6188319185235638e-08
Disease	disease_5563	1.6187243041625336e-08
Disease	disease_15925	1.6155428516677143e-08
Disease	disease_19026	1.6125819544358965e-08
Disease	disease_8787	1.6107686951505958e-08
Disease	disease_36591	1.6096145414667395e-08
Disease	disease_10006	1.6083772259790088e-08
Disease	disease_9199	1.6048882714773414e-08
Disease	disease_5211	1.60250820045733e-08
Disease	disease_6988	1.601725136403308e-08
Disease	disease_10773	1.6012838883288016e-08
Disease	disease_7080	1.6002175337791925e-08
Disease	disease_2426	1.5998366332652973e-08
Disease	disease_10687	1.598171563393541e-08
Disease	disease_14144	1.5981172586327222e-08
Disease	disease_13424	1.5979871174169942e-08
Disease	disease_20774	1.5964795238271333e-08
Disease	disease_2562	1.5960935482324223e-08
Disease	disease_11293	1.594869547988299e-08
Disease	disease_20090	1.5940868498293106e-08
Disease	disease_21533	1.5933957946908807e-08
Disease	disease_5501	1.592859756935017e-08
Disease	disease_10168	1.592571817769546e-08
Disease	disease_30118	1.592143270972401e-08
Disease	disease_1119	1.5907828899426627e-08
Disease	disease_17656	1.5899857252334087e-08
Disease	disease_11012	1.5883990502632973e-08
Disease	disease_15714	1.5880528289285816e-08
Disease	disease_1941	1.5865426153756822e-08
Disease	disease_18755	1.5860479589624483e-08
Disease	disease_18296	1.585971631670456e-08
Disease	disease_7031	1.5855482122804567e-08
Disease	disease_22007	1.583904533095146e-08
Disease	disease_11487	1.5830644838146407e-08
Disease	disease_3803	1.582835516312549e-08
Disease	disease_11984	1.581155862787569e-08
Disease	disease_32645	1.5804293579962722e-08
Disease	disease_33946	1.5804145442457785e-08
Disease	disease_41052	1.579954932194767e-08
Disease	disease_14455	1.57974922057969e-08
Disease	disease_11525	1.5795647322613864e-08
Disease	disease_13730	1.5780175929098286e-08
Disease	disease_10327	1.5768246983664935e-08
Disease	disease_20795	1.5765110050413807e-08
Disease	disease_18150	1.5743619373685575e-08
Disease	disease_54601	1.5737148928702238e-08
Disease	disease_33643	1.5733602303824193e-08
Disease	disease_9532	1.571874340980084e-08
Disease	disease_3290	1.5709746028171096e-08
Disease	disease_6892	1.5709746028171096e-08
Disease	disease_3638	1.5693119978354105e-08
Disease	disease_18251	1.5681572666261062e-08
Disease	disease_9465	1.567744300842175e-08
Disease	disease_6279	1.56766608791472e-08
Disease	disease_7671	1.567632781160055e-08
Disease	disease_3321	1.5631066886098323e-08
Disease	disease_19149	1.5615322778408602e-08
Disease	disease_12955	1.5614696846049698e-08
Disease	disease_12159	1.5614696846049698e-08
Disease	disease_12942	1.5614696846049698e-08
Disease	disease_13631	1.5614696846049698e-08
Disease	disease_19612	1.5598401924014425e-08
Disease	disease_10619	1.5589069862459472e-08
Disease	disease_1672	1.5574128474121738e-08
Disease	disease_17991	1.5572117938168534e-08
Disease	disease_100223	1.5569886336787748e-08
Disease	disease_17662	1.5566790128399162e-08
Disease	disease_14957	1.555760369434885e-08
Disease	disease_79	1.5554564351084446e-08
Disease	disease_16693	1.5552493246903478e-08
Disease	disease_7896	1.5549067724159248e-08
Disease	disease_5255	1.554561058338591e-08
Disease	disease_5257	1.554561058338591e-08
Disease	disease_5256	1.554561058338591e-08
Disease	disease_19261	1.5539375548209092e-08
Disease	disease_12365	1.553714572634709e-08
Disease	disease_4858	1.553714572634709e-08
Disease	disease_12366	1.553714572634709e-08
Disease	disease_4859	1.553714572634709e-08
Disease	disease_987	1.553714572634709e-08
Disease	disease_9409	1.5532350820527353e-08
Disease	disease_24650	1.552129396206744e-08
Disease	disease_627	1.552112448919726e-08
Disease	disease_9	1.550584683100337e-08
Disease	disease_15953	1.5493372588479844e-08
Disease	disease_10656	1.5480241871052513e-08
Disease	disease_19312	1.5468603624138484e-08
Disease	disease_19793	1.5466544472813615e-08
Disease	disease_17841	1.5456502855598426e-08
Disease	disease_18645	1.5439866488083977e-08
Disease	disease_21167	1.543979812528325e-08
Disease	disease_19623	1.542161453708264e-08
Disease	disease_5217	1.541814791200842e-08
Disease	disease_18333	1.5391951354434916e-08
Disease	disease_429	1.5391676351746372e-08
Disease	disease_8278	1.5386004818537704e-08
Disease	disease_9876	1.5384407907156393e-08
Disease	disease_17910	1.538346801445323e-08
Disease	disease_7415	1.5372741596576278e-08
Disease	disease_9044	1.5372011586047244e-08
Disease	disease_12136	1.5361884142528244e-08
Disease	disease_18992	1.5359923416625694e-08
Disease	disease_18088	1.532640692751774e-08
Disease	disease_10880	1.531993831597208e-08
Disease	disease_17572	1.530034421059453e-08
Disease	disease_15144	1.5290480062303933e-08
Disease	disease_10771	1.5280419958959444e-08
Disease	disease_9738	1.527223617953946e-08
Disease	disease_824	1.5255219242618314e-08
Disease	disease_21633	1.5253934748867213e-08
Disease	disease_6314	1.5248554191799884e-08
Disease	disease_18724	1.5199956768956524e-08
Disease	disease_18292	1.518534071355645e-08
Disease	disease_20227	1.51751071310789e-08
Disease	disease_20047	1.5167856833221318e-08
Disease	disease_8215	1.516687413277425e-08
Disease	disease_4196	1.5165944793786752e-08
Disease	disease_127	1.515697616510541e-08
Disease	disease_8145	1.515597825430208e-08
Disease	disease_15307	1.5145074168954702e-08
Disease	disease_29134	1.5138556223096003e-08
Disease	disease_19708	1.5133086997245242e-08
Disease	disease_20676	1.5126546721487882e-08
Disease	disease_6221	1.5120884982275647e-08
Disease	disease_21682	1.5118701417588112e-08
Disease	disease_9338	1.510721906598132e-08
Disease	disease_5775	1.510039789666253e-08
Disease	disease_22034	1.509213464513326e-08
Disease	disease_15353	1.508796776930767e-08
Disease	disease_6699	1.5079948379732123e-08
Disease	disease_8333	1.50639853818263e-08
Disease	disease_19028	1.504702150326506e-08
Disease	disease_9548	1.5043752469842984e-08
Disease	disease_8192	1.5040727224974424e-08
Disease	disease_32809	1.5023306011213843e-08
Disease	disease_6404	1.5017021690483674e-08
Disease	disease_15474	1.5015560630408952e-08
Disease	disease_15943	1.498661933556723e-08
Disease	disease_6584	1.4972746666546104e-08
Disease	disease_9400	1.4954752234292742e-08
Disease	disease_6476	1.494531452752304e-08
Disease	disease_21537	1.4926113743204033e-08
Disease	disease_3360	1.4921343593465e-08
Disease	disease_11314	1.491814772139986e-08
Disease	disease_10304	1.491814772139986e-08
Disease	disease_14167	1.4915336865428716e-08
Disease	disease_1572	1.4908267491158866e-08
Disease	disease_15855	1.4904912483560927e-08
Disease	disease_17343	1.4892308193963953e-08
Disease	disease_22754	1.4889257370833793e-08
Disease	disease_20121	1.4883657354303474e-08
Disease	disease_7751	1.4869916873114508e-08
Disease	disease_16962	1.4865915454071364e-08
Disease	disease_32567	1.48653894986553e-08
Disease	disease_11552	1.4855311069117757e-08
Disease	disease_12137	1.4851477449021951e-08
Disease	disease_6224	1.4847928744908281e-08
Disease	disease_15280	1.4841998720491282e-08
Disease	disease_10979	1.4809933915735456e-08
Disease	disease_20547	1.4805005026231074e-08
Disease	disease_9563	1.4803448499425253e-08
Disease	disease_6455	1.4782654762655824e-08
Disease	disease_5893	1.4777382179982186e-08
Disease	disease_3513	1.4777028128151689e-08
Disease	disease_3999	1.4774720518485214e-08
Disease	disease_19214	1.476431340241403e-08
Disease	disease_16834	1.474975440833277e-08
Disease	disease_2317	1.4745527422426114e-08
Disease	disease_43141	1.4744561336721131e-08
Disease	disease_21427	1.4730379944735166e-08
Disease	disease_19475	1.4723205418555337e-08
Disease	disease_6411	1.4720758966414585e-08
Disease	disease_24574	1.471804607037469e-08
Disease	disease_34145	1.4716881188336481e-08
Disease	disease_16456	1.4711800900847508e-08
Disease	disease_18332	1.4704026292752585e-08
Disease	disease_7522	1.4703681613224583e-08
Disease	disease_5695	1.4685596977421338e-08
Disease	disease_19006	1.4685175043850916e-08
Disease	disease_19104	1.4677119979930644e-08
Disease	disease_18521	1.467417822471531e-08
Disease	disease_2441	1.4668696833358439e-08
Disease	disease_16401	1.4646703170764438e-08
Disease	disease_1500	1.4633008611666789e-08
Disease	disease_11385	1.4604434706274667e-08
Disease	disease_18956	1.4603050663321093e-08
Disease	disease_17715	1.4583257571771361e-08
Disease	disease_334	1.4579579215266773e-08
Disease	disease_12054	1.4574146056407569e-08
Disease	disease_5579	1.4567578862167035e-08
Disease	disease_18927	1.4567137799642534e-08
Disease	disease_10311	1.4566441678069251e-08
Disease	disease_14399	1.456334527436762e-08
Disease	disease_7614	1.4559813202877357e-08
Disease	disease_6199	1.4531079807079068e-08
Disease	disease_8119	1.4528491550302184e-08
Disease	disease_2837	1.4526322662321854e-08
Disease	disease_8235	1.4513202833641114e-08
Disease	disease_12588	1.448470755788944e-08
Disease	disease_8015	1.4475993420344776e-08
Disease	disease_16837	1.4472363325148015e-08
Disease	disease_8692	1.4452898393889805e-08
Disease	disease_100309	1.4444372243005427e-08
Disease	disease_15628	1.4436275767444824e-08
Disease	disease_15630	1.4436275767444824e-08
Disease	disease_15631	1.4436275767444824e-08
Disease	disease_16542	1.4433042592355411e-08
Disease	disease_9161	1.4428255336749011e-08
Disease	disease_13336	1.4424968314423623e-08
Disease	disease_22839	1.4423488345431019e-08
Disease	disease_5639	1.4423488345431019e-08
Disease	disease_2103	1.440317180551777e-08
Disease	disease_10186	1.4389773461247377e-08
Disease	disease_15871	1.4388260212425935e-08
Disease	disease_1436	1.4379433757235024e-08
Disease	disease_17177	1.4373153861693681e-08
Disease	disease_45057	1.436805944025851e-08
Disease	disease_10043	1.4366670579718588e-08
Disease	disease_21119	1.4357848866192223e-08
Disease	disease_17769	1.4340646346507838e-08
Disease	disease_5972	1.4340412995685678e-08
Disease	disease_19942	1.433333846360316e-08
Disease	disease_18310	1.4327779608999317e-08
Disease	disease_15171	1.4320941791068563e-08
Disease	disease_18237	1.4314815728578538e-08
Disease	disease_11853	1.4292254085230774e-08
Disease	disease_15674	1.427968643678256e-08
Disease	disease_5843	1.4277543729435363e-08
Disease	disease_9974	1.4275397963416716e-08
Disease	disease_24656	1.4267691013022647e-08
Disease	disease_2305	1.4260739101183281e-08
Disease	disease_12885	1.4256699432429848e-08
Disease	disease_5538	1.4253804847808452e-08
Disease	disease_8648	1.4234368312152155e-08
Disease	disease_9705	1.4223109737446388e-08
Disease	disease_20055	1.4221761142153537e-08
Disease	disease_10191	1.4214943492447375e-08
Disease	disease_13524	1.42075855199834e-08
Disease	disease_288	1.4204178713491908e-08
Disease	disease_17129	1.4192951734524131e-08
Disease	disease_9426	1.4192810630813251e-08
Disease	disease_24290	1.4183603074623756e-08
Disease	disease_20502	1.4181004049341065e-08
Disease	disease_15939	1.4174930053212877e-08
Disease	disease_13025	1.4169495139470326e-08
Disease	disease_4648	1.4167997293392222e-08
Disease	disease_12864	1.4160594399912502e-08
Disease	disease_18827	1.415920095964676e-08
Disease	disease_18115	1.415613040025788e-08
Disease	disease_14448	1.4153032100017237e-08
Disease	disease_7443	1.4148090003700238e-08
Disease	disease_13789	1.4141338905114955e-08
Disease	disease_14100	1.4134040419129136e-08
Disease	disease_16369	1.413053657105548e-08
Disease	disease_7853	1.4118099181173055e-08
Disease	disease_9637	1.4113147068313881e-08
Disease	disease_8617	1.4109867391889856e-08
Disease	disease_20076	1.410702079018297e-08
Disease	disease_2796	1.410532848936473e-08
Disease	disease_19174	1.4099190356915271e-08
Disease	disease_7844	1.4094528841240797e-08
Disease	disease_4553	1.4074686157089391e-08
Disease	disease_8948	1.4072707507873814e-08
Disease	disease_15629	1.4060246887290672e-08
Disease	disease_2979	1.4055524335822558e-08
Disease	disease_16487	1.4051513961730432e-08
Disease	disease_32655	1.4036026012511026e-08
Disease	disease_16236	1.4015158383484007e-08
Disease	disease_409	1.4014379502143472e-08
Disease	disease_3689	1.4004844090319878e-08
Disease	disease_8818	1.3998176543126594e-08
Disease	disease_13208	1.3992860272470534e-08
Disease	disease_19083	1.3988157308367744e-08
Disease	disease_9936	1.3981476350392625e-08
Disease	disease_18775	1.3977564224158762e-08
Disease	disease_9482	1.3973340874483652e-08
Disease	disease_14527	1.3958935720957558e-08
Disease	disease_20723	1.3952445378837864e-08
Disease	disease_10141	1.3949704233514815e-08
Disease	disease_28618	1.3937341806519873e-08
Disease	disease_11359	1.3921833470517738e-08
Disease	disease_8185	1.391741130621128e-08
Disease	disease_2794	1.3915878963484608e-08
Disease	disease_6486	1.3904656195926857e-08
Disease	disease_16325	1.389831823912096e-08
Disease	disease_19543	1.3895331389446439e-08
Disease	disease_5626	1.3889326133508942e-08
Disease	disease_18027	1.3887040498377252e-08
Disease	disease_16703	1.3866376130623628e-08
Disease	disease_17069	1.3858666129210584e-08
Disease	disease_19216	1.385594496940224e-08
Disease	disease_20074	1.3850132129779292e-08
Disease	disease_100347	1.3846819840169681e-08
Disease	disease_17779	1.3846700140389643e-08
Disease	disease_649	1.3832540335563854e-08
Disease	disease_2806	1.382432935068456e-08
Disease	disease_15776	1.3820421936046426e-08
Disease	disease_10679	1.3816078162126816e-08
Disease	disease_4845	1.3801419033365856e-08
Disease	disease_6452	1.3786155903341299e-08
Disease	disease_12511	1.3784884292041973e-08
Disease	disease_16713	1.3781141082287533e-08
Disease	disease_14863	1.3780392749428422e-08
Disease	disease_100328	1.3778163973945647e-08
Disease	disease_2797	1.3776357336883262e-08
Disease	disease_20148	1.3772095896105903e-08
Disease	disease_20344	1.3770749089951091e-08
Disease	disease_9176	1.3769405784824228e-08
Disease	disease_24376	1.375338195349417e-08
Disease	disease_8939	1.3736464130917256e-08
Disease	disease_9421	1.3723423043629156e-08
Disease	disease_15565	1.370720566178213e-08
Disease	disease_7104	1.370582424532953e-08
Disease	disease_18230	1.3699842834512139e-08
Disease	disease_19952	1.3695442667127111e-08
Disease	disease_16410	1.3692197814071672e-08
Disease	disease_3494	1.3676635423433359e-08
Disease	disease_15574	1.367550404140257e-08
Disease	disease_9575	1.3663861150157545e-08
Disease	disease_32656	1.365275345717158e-08
Disease	disease_10943	1.3649106835885551e-08
Disease	disease_18835	1.3629662674077925e-08
Disease	disease_7826	1.361584632838554e-08
Disease	disease_5547	1.3613276922392163e-08
Disease	disease_6300	1.3613276922392163e-08
Disease	disease_16711	1.3613276922392163e-08
Disease	disease_16814	1.3606931010511236e-08
Disease	disease_19699	1.3603759897962532e-08
Disease	disease_15152	1.3599806313264576e-08
Disease	disease_9958	1.3594868294791985e-08
Disease	disease_2457	1.3591929908373243e-08
Disease	disease_11088	1.3582414730837302e-08
Disease	disease_11017	1.3564550753879003e-08
Disease	disease_33312	1.3557801129066183e-08
Disease	disease_10897	1.3553289871629285e-08
Disease	disease_9970	1.3548841623632767e-08
Disease	disease_7775	1.354844683732155e-08
Disease	disease_10672	1.3543256324149116e-08
Disease	disease_20067	1.354174433619598e-08
Disease	disease_16367	1.3540758768592306e-08
Disease	disease_3573	1.3534580947764513e-08
Disease	disease_4884	1.3525642603827773e-08
Disease	disease_9210	1.3522244942210713e-08
Disease	disease_18408	1.3514344076052706e-08
Disease	disease_13091	1.3514287250786024e-08
Disease	disease_19490	1.3510408846389946e-08
Disease	disease_8120	1.3507221227242627e-08
Disease	disease_11973	1.3498897878401444e-08
Disease	disease_8297	1.3489465469158775e-08
Disease	disease_15066	1.3480519749800555e-08
Disease	disease_10923	1.347626701627068e-08
Disease	disease_7339	1.3474539389053014e-08
Disease	disease_16372	1.3457099479961917e-08
Disease	disease_3622	1.3450336649149407e-08
Disease	disease_4195	1.3449454569103469e-08
Disease	disease_3848	1.3449454569103469e-08
Disease	disease_11205	1.3443617089068744e-08
Disease	disease_12821	1.3437478332977478e-08
Disease	disease_12823	1.3437478332977478e-08
Disease	disease_12951	1.3437478332977478e-08
Disease	disease_12952	1.3437478332977478e-08
Disease	disease_12822	1.3437478332977478e-08
Disease	disease_12954	1.3437478332977478e-08
Disease	disease_12673	1.3437478332977478e-08
Disease	disease_9719	1.343450178538778e-08
Disease	disease_7608	1.342955620438874e-08
Disease	disease_100241	1.3426601882282268e-08
Disease	disease_18352	1.3410119757786883e-08
Disease	disease_1529	1.339690536822441e-08
Disease	disease_15019	1.3390253957503304e-08
Disease	disease_10556	1.3350885938131908e-08
Disease	disease_15207	1.3326427005339368e-08
Disease	disease_16432	1.3322523911816654e-08
Disease	disease_5089	1.3315224373452574e-08
Disease	disease_16270	1.330459902158617e-08
Disease	disease_16269	1.330459902158617e-08
Disease	disease_19795	1.3292515261047823e-08
Disease	disease_13315	1.3291615728515787e-08
Disease	disease_15524	1.329099891787199e-08
Disease	disease_43069	1.3288419426512193e-08
Disease	disease_16204	1.328619088480128e-08
Disease	disease_44631	1.328619088480128e-08
Disease	disease_18991	1.328619088480128e-08
Disease	disease_19431	1.328619088480128e-08
Disease	disease_4694	1.328619088480128e-08
Disease	disease_100280	1.3280474291525915e-08
Disease	disease_5715	1.3276519083939593e-08
Disease	disease_13662	1.3241152722976824e-08
Disease	disease_6733	1.3232574241577724e-08
Disease	disease_15181	1.322704820114217e-08
Disease	disease_17060	1.3216245269702347e-08
Disease	disease_17061	1.3216245269702347e-08
Disease	disease_17716	1.3199682321833414e-08
Disease	disease_4710	1.3189948633015878e-08
Disease	disease_8587	1.3186282921597999e-08
Disease	disease_10035	1.3173907297650636e-08
Disease	disease_17269	1.3172987062472577e-08
Disease	disease_7369	1.3165551753879544e-08
Disease	disease_514	1.3148182271348725e-08
Disease	disease_3486	1.313562854290466e-08
Disease	disease_11089	1.3131749184725176e-08
Disease	disease_20125	1.3126226493849094e-08
Disease	disease_19409	1.3095308061961012e-08
Disease	disease_13310	1.3093324435623694e-08
Disease	disease_11508	1.3081894878168062e-08
Disease	disease_3398	1.3071203224082287e-08
Disease	disease_10553	1.3070324782926964e-08
Disease	disease_9268	1.3058990326319803e-08
Disease	disease_9833	1.3050836986863265e-08
Disease	disease_7948	1.3047772963499578e-08
Disease	disease_400002	1.3045557666433536e-08
Disease	disease_17127	1.3029134753754223e-08
Disease	disease_21017	1.3027306790986127e-08
Disease	disease_19402	1.3003703712559085e-08
Disease	disease_7314	1.2998140637871836e-08
Disease	disease_6227	1.2995435745344507e-08
Disease	disease_24639	1.2995435745344507e-08
Disease	disease_18742	1.2995435745344507e-08
Disease	disease_24642	1.2995435745344507e-08
Disease	disease_19203	1.2982721208909971e-08
Disease	disease_16506	1.2979301513502051e-08
Disease	disease_17987	1.297495664586935e-08
Disease	disease_44704	1.2962978149021654e-08
Disease	disease_7535	1.296130713131208e-08
Disease	disease_17175	1.2955536991742752e-08
Disease	disease_17174	1.2955536991742752e-08
Disease	disease_17176	1.295454561698227e-08
Disease	disease_13288	1.2935736533201999e-08
Disease	disease_19923	1.2927117679460374e-08
Disease	disease_15816	1.2921815029360718e-08
Disease	disease_21120	1.2920937158721737e-08
Disease	disease_4693	1.2911629263506748e-08
Disease	disease_8995	1.2911320407066186e-08
Disease	disease_19536	1.2907653195773938e-08
Disease	disease_8062	1.2906860564625394e-08
Disease	disease_12635	1.2905379495149185e-08
Disease	disease_14839	1.290426247533006e-08
Disease	disease_100251	1.2884989213844192e-08
Disease	disease_16537	1.2866215639627542e-08
Disease	disease_18023	1.2859116415020924e-08
Disease	disease_7100	1.2858850847578585e-08
Disease	disease_5462	1.2830746021087144e-08
Disease	disease_10504	1.2822241520834888e-08
Disease	disease_15368	1.2809773156431241e-08
Disease	disease_44638	1.2808707542316411e-08
Disease	disease_18020	1.2799736757448398e-08
Disease	disease_1549	1.2796179550509174e-08
Disease	disease_2728	1.2793080453148804e-08
Disease	disease_15493	1.2783814042869964e-08
Disease	disease_148	1.2782345124233871e-08
Disease	disease_5825	1.2778393755236539e-08
Disease	disease_19587	1.2770549822749205e-08
Disease	disease_18374	1.2762511080057499e-08
Disease	disease_13193	1.2761800713302904e-08
Disease	disease_621	1.2759507659860938e-08
Disease	disease_10177	1.2753927948038565e-08
Disease	disease_17575	1.2740955615185787e-08
Disease	disease_13537	1.2737124481165913e-08
Disease	disease_9836	1.2733411639891516e-08
Disease	disease_8570	1.2733066238243261e-08
Disease	disease_16334	1.2727800717323552e-08
Disease	disease_17844	1.2725281827362872e-08
Disease	disease_22394	1.27129477877259e-08
Disease	disease_20681	1.2704173851672452e-08
Disease	disease_12853	1.2702270896641335e-08
Disease	disease_18144	1.2696592520831967e-08
Disease	disease_7055	1.2694530829007434e-08
Disease	disease_16779	1.2694295100054618e-08
Disease	disease_9528	1.268598650755825e-08
Disease	disease_15991	1.2671825785712108e-08
Disease	disease_358	1.2671177927172084e-08
Disease	disease_1389	1.26679965062692e-08
Disease	disease_24533	1.2640389026525301e-08
Disease	disease_7907	1.263926169902903e-08
Disease	disease_13473	1.2635236032685952e-08
Disease	disease_7403	1.2634200691277647e-08
Disease	disease_20110	1.2628407047317783e-08
Disease	disease_6143	1.2626304236159887e-08
Disease	disease_9484	1.2612924168934063e-08
Disease	disease_18887	1.260785933625477e-08
Disease	disease_100284	1.2598705625600942e-08
Disease	disease_16893	1.2598062752967195e-08
Disease	disease_20341	1.2590922314209036e-08
Disease	disease_6451	1.257874623604624e-08
Disease	disease_100316	1.2570982078688899e-08
Disease	disease_17643	1.2569061054708946e-08
Disease	disease_8409	1.256149309873646e-08
Disease	disease_9106	1.2543824044591666e-08
Disease	disease_12964	1.2532916523108575e-08
Disease	disease_8047	1.2513972551790933e-08
Disease	disease_15655	1.2505876037207151e-08
Disease	disease_16348	1.250348487623455e-08
Disease	disease_16843	1.2494655097736185e-08
Disease	disease_21950	1.2485069090486774e-08
Disease	disease_20799	1.2474083774195312e-08
Disease	disease_10580	1.2473033949227918e-08
Disease	disease_13098	1.2472978920286739e-08
Disease	disease_2664	1.2470234057802477e-08
Disease	disease_15009	1.2467728412086858e-08
Disease	disease_17086	1.2466586612857908e-08
Disease	disease_8006	1.2463501288442151e-08
Disease	disease_10473	1.2460823250215099e-08
Disease	disease_10848	1.2459895457154236e-08
Disease	disease_16390	1.2452648113613706e-08
Disease	disease_11152	1.244855487815997e-08
Disease	disease_20989	1.2444391703672025e-08
Disease	disease_5124	1.2436765280957282e-08
Disease	disease_2529	1.2434870369228206e-08
Disease	disease_20674	1.2423401322238812e-08
Disease	disease_16486	1.2421448265722352e-08
Disease	disease_16359	1.2413922593560016e-08
Disease	disease_18998	1.2412231115933537e-08
Disease	disease_17282	1.2401628878983776e-08
Disease	disease_12938	1.2387512364833103e-08
Disease	disease_437	1.2387225144122156e-08
Disease	disease_5049	1.238521078294512e-08
Disease	disease_5333	1.237247252320342e-08
Disease	disease_15293	1.2369176242988659e-08
Disease	disease_3037	1.2365764401271511e-08
Disease	disease_20099	1.234546083033713e-08
Disease	disease_7966	1.2339946659783597e-08
Disease	disease_13988	1.2335194741574209e-08
Disease	disease_15551	1.2326617094705912e-08
Disease	disease_7299	1.2321324586106291e-08
Disease	disease_3569	1.2301578611083614e-08
Disease	disease_9458	1.2301168036666507e-08
Disease	disease_5056	1.2297287890581606e-08
Disease	disease_12621	1.229554814148051e-08
Disease	disease_7990	1.228867398231496e-08
Disease	disease_1100	1.2275008809427857e-08
Disease	disease_8929	1.2271748597917748e-08
Disease	disease_10627	1.226874640164243e-08
Disease	disease_9406	1.2267225068778669e-08
Disease	disease_10030	1.2259659694401523e-08
Disease	disease_2331	1.2258952235902997e-08
Disease	disease_13362	1.225407422014352e-08
Disease	disease_24609	1.2249824015907544e-08
Disease	disease_6056	1.2245653928046166e-08
Disease	disease_20128	1.2245226668932902e-08
Disease	disease_13866	1.2242487168278996e-08
Disease	disease_2739	1.2240987211501863e-08
Disease	disease_17147	1.2239590719514904e-08
Disease	disease_10139	1.2229419902166204e-08
Disease	disease_3837	1.2216997076552874e-08
Disease	disease_32601	1.2215692943509463e-08
Disease	disease_14822	1.221512133557074e-08
Disease	disease_15657	1.2197322904205646e-08
Disease	disease_13531	1.219340007059546e-08
Disease	disease_4991	1.2187488262948753e-08
Disease	disease_15118	1.2176522664676961e-08
Disease	disease_19943	1.2147936323325923e-08
Disease	disease_19439	1.2139372497697693e-08
Disease	disease_10501	1.2123847501335193e-08
Disease	disease_16629	1.21166694845194e-08
Disease	disease_20053	1.2114492542568345e-08
Disease	disease_5502	1.2100056515687153e-08
Disease	disease_7312	1.2060128634451485e-08
Disease	disease_6220	1.2043503273799846e-08
Disease	disease_10457	1.2039251931107663e-08
Disease	disease_3493	1.2036694720732145e-08
Disease	disease_18187	1.2033681152946873e-08
Disease	disease_14812	1.202585057615731e-08
Disease	disease_44350	1.2022878753640296e-08
Disease	disease_56822	1.201317944398149e-08
Disease	disease_100082	1.2012874747220937e-08
Disease	disease_12084	1.2008960643063457e-08
Disease	disease_7708	1.2006203558848857e-08
Disease	disease_10767	1.2005167470560484e-08
Disease	disease_21193	1.200182548289988e-08
Disease	disease_100194	1.1996047431221393e-08
Disease	disease_1651	1.1982486486006035e-08
Disease	disease_5481	1.1968674176608487e-08
Disease	disease_11338	1.1965908275138149e-08
Disease	disease_24607	1.1949968478009788e-08
Disease	disease_9288	1.193140986103467e-08
Disease	disease_8689	1.1929877170956333e-08
Disease	disease_15522	1.1919897633004772e-08
Disease	disease_19929	1.1914574680884972e-08
Disease	disease_13481	1.188823807709055e-08
Disease	disease_16816	1.1886716406573217e-08
Disease	disease_20806	1.187090171472404e-08
Disease	disease_9423	1.186983870651276e-08
Disease	disease_7284	1.1866943828406621e-08
Disease	disease_1419	1.1865025169266662e-08
Disease	disease_17694	1.1858736311052123e-08
Disease	disease_13995	1.1841918495317185e-08
Disease	disease_6688	1.1839249069524043e-08
Disease	disease_636	1.1836857813995861e-08
Disease	disease_14515	1.1829111778800243e-08
Disease	disease_10931	1.1821914923743847e-08
Disease	disease_6490	1.1812143102034791e-08
Disease	disease_4857	1.1806701593403632e-08
Disease	disease_20755	1.1804767470674673e-08
Disease	disease_11252	1.1787062026161759e-08
Disease	disease_10787	1.1782620922055739e-08
Disease	disease_8863	1.1782474621415211e-08
Disease	disease_17783	1.176610363332289e-08
Disease	disease_19013	1.1765442835758193e-08
Disease	disease_10847	1.1758547337512837e-08
Disease	disease_18509	1.1754406258045228e-08
Disease	disease_10668	1.1749158102087543e-08
Disease	disease_11329	1.1748684300515059e-08
Disease	disease_6812	1.1741282714149733e-08
Disease	disease_7993	1.1739586069438571e-08
Disease	disease_15057	1.1724872013214834e-08
Disease	disease_17394	1.1721516495287572e-08
Disease	disease_7087	1.1719130001535327e-08
Disease	disease_9690	1.1715304611131755e-08
Disease	disease_16273	1.1715256383044415e-08
Disease	disease_6198	1.1712139137457586e-08
Disease	disease_16167	1.1709205841879316e-08
Disease	disease_2760	1.1708994125436388e-08
Disease	disease_15459	1.170470884766785e-08
Disease	disease_2764	1.1703811063809443e-08
Disease	disease_13693	1.1701370787742276e-08
Disease	disease_9280	1.1696698744088942e-08
Disease	disease_15483	1.166748277510133e-08
Disease	disease_18947	1.1667084683430763e-08
Disease	disease_9194	1.1666169409991729e-08
Disease	disease_12323	1.164860163196477e-08
Disease	disease_19927	1.1643639918497763e-08
Disease	disease_1834	1.1642849583632966e-08
Disease	disease_10634	1.1641739843270694e-08
Disease	disease_8079	1.1638837999243678e-08
Disease	disease_10065	1.1638186078806567e-08
Disease	disease_13900	1.1638110664560569e-08
Disease	disease_20657	1.1621052394482514e-08
Disease	disease_9225	1.162008160409428e-08
Disease	disease_18873	1.1605200400681026e-08
Disease	disease_16871	1.1604314853636168e-08
Disease	disease_11060	1.159060213172375e-08
Disease	disease_1115	1.1584630264266552e-08
Disease	disease_3503	1.1567784453751457e-08
Disease	disease_20544	1.1562562241031351e-08
Disease	disease_18428	1.1553887656643663e-08
Disease	disease_6588	1.1552001135695145e-08
Disease	disease_13735	1.1547804293280473e-08
Disease	disease_100137	1.15473645404681e-08
Disease	disease_6666	1.1540971077781022e-08
Disease	disease_8572	1.1535168855620744e-08
Disease	disease_8748	1.1528635195736756e-08
Disease	disease_10690	1.1524423696012552e-08
Disease	disease_5854	1.1522325768150488e-08
Disease	disease_3502	1.1522285731374367e-08
Disease	disease_20378	1.1516707751256261e-08
Disease	disease_21057	1.1514523830022543e-08
Disease	disease_4699	1.1509306588103875e-08
Disease	disease_17851	1.150782350839511e-08
Disease	disease_7782	1.1485377159653638e-08
Disease	disease_24361	1.1481186706519438e-08
Disease	disease_5321	1.1477373911760403e-08
Disease	disease_18884	1.1472409799814465e-08
Disease	disease_15607	1.1463711556255385e-08
Disease	disease_44907	1.1461811987512208e-08
Disease	disease_20721	1.1448478111833568e-08
Disease	disease_15487	1.1445062113575603e-08
Disease	disease_16695	1.1436410625544804e-08
Disease	disease_5454	1.1431781945971801e-08
Disease	disease_20545	1.1424387392875984e-08
Disease	disease_10632	1.1413941189079141e-08
Disease	disease_16428	1.1411709061125712e-08
Disease	disease_16330	1.1410621747126874e-08
Disease	disease_19375	1.1407013573625958e-08
Disease	disease_9752	1.1400501422837294e-08
Disease	disease_12421	1.1395736069790205e-08
Disease	disease_21925	1.1390885541332315e-08
Disease	disease_873	1.1372338257058614e-08
Disease	disease_3947	1.1346928617369072e-08
Disease	disease_6467	1.1340928665485585e-08
Disease	disease_3487	1.1340928665485585e-08
Disease	disease_411	1.1338731399724091e-08
Disease	disease_14150	1.1337595156312933e-08
Disease	disease_17411	1.1335645685201669e-08
Disease	disease_608	1.133347476196328e-08
Disease	disease_15581	1.1331572356150057e-08
Disease	disease_16327	1.132817477685812e-08
Disease	disease_16117	1.1322827243457407e-08
Disease	disease_15231	1.1313186660964991e-08
Disease	disease_4708	1.1308467231196693e-08
Disease	disease_6015	1.1304955269936547e-08
Disease	disease_9043	1.1298124424410225e-08
Disease	disease_12913	1.1289850421659838e-08
Disease	disease_9393	1.1287475276535796e-08
Disease	disease_9626	1.1283719553844685e-08
Disease	disease_11528	1.1282098145681636e-08
Disease	disease_17859	1.1278770725964163e-08
Disease	disease_17703	1.127268312173913e-08
Disease	disease_45046	1.127008890035756e-08
Disease	disease_7508	1.1269100090969908e-08
Disease	disease_13517	1.1267867073183077e-08
Disease	disease_17265	1.1258459123516457e-08
Disease	disease_15723	1.125629777702692e-08
Disease	disease_9574	1.1256220282173474e-08
Disease	disease_1222	1.1255449193806875e-08
Disease	disease_8694	1.125113842971006e-08
Disease	disease_3878	1.1250737626349486e-08
Disease	disease_5508	1.1244401215700815e-08
Disease	disease_14271	1.123918309459569e-08
Disease	disease_18183	1.123873734719174e-08
Disease	disease_477	1.1235927528671708e-08
Disease	disease_2510	1.1229622421936513e-08
Disease	disease_2882	1.1199315592583005e-08
Disease	disease_15084	1.1191936436941499e-08
Disease	disease_18393	1.118222022693591e-08
Disease	disease_9352	1.11762177997868e-08
Disease	disease_6916	1.1175098576956633e-08
Disease	disease_100255	1.1154049598337899e-08
Disease	disease_19334	1.1144640587514765e-08
Disease	disease_17188	1.1144640587514765e-08
Disease	disease_14523	1.1139693779807922e-08
Disease	disease_12590	1.1132931559935931e-08
Disease	disease_159	1.1126931130551751e-08
Disease	disease_100339	1.1121590946704674e-08
Disease	disease_60761	1.1118996574657554e-08
Disease	disease_9891	1.1114096909994162e-08
Disease	disease_9861	1.1107723244475785e-08
Disease	disease_19443	1.1102161549730237e-08
Disease	disease_20751	1.109955138056175e-08
Disease	disease_21047	1.1096914351582992e-08
Disease	disease_60631	1.1084869540664233e-08
Disease	disease_3537	1.1081732655147027e-08
Disease	disease_30502	1.1075587533464535e-08
Disease	disease_20789	1.1073899668136405e-08
Disease	disease_7804	1.10612153827292e-08
Disease	disease_7524	1.1055242792387455e-08
Disease	disease_9882	1.1053016927154224e-08
Disease	disease_16384	1.1050376881975659e-08
Disease	disease_2010	1.1040050729606154e-08
Disease	disease_12893	1.1039662654617912e-08
Disease	disease_44740	1.1031391853206218e-08
Disease	disease_4116	1.1030349926806828e-08
Disease	disease_10281	1.1020706309233553e-08
Disease	disease_2481	1.1019977704081546e-08
Disease	disease_19158	1.1019765822143081e-08
Disease	disease_20280	1.1018951748259339e-08
Disease	disease_22742	1.1018560543067736e-08
Disease	disease_10305	1.1018034347422331e-08
Disease	disease_4064	1.1011167360585452e-08
Disease	disease_18729	1.1010127927319953e-08
Disease	disease_13563	1.100244751546607e-08
Disease	disease_8922	1.1001406302697098e-08
Disease	disease_17709	1.1000723657718299e-08
Disease	disease_13913	1.0999532103781875e-08
Disease	disease_17292	1.0998829777051738e-08
Disease	disease_14602	1.099157426787087e-08
Disease	disease_1684	1.0990556938589048e-08
Disease	disease_12809	1.0987198573201917e-08
Disease	disease_18893	1.0980781268439978e-08
Disease	disease_12794	1.0979249086429368e-08
Disease	disease_11213	1.097735848767629e-08
Disease	disease_16980	1.096353577657837e-08
Disease	disease_17373	1.0960892273538191e-08
Disease	disease_44919	1.0957170690531148e-08
Disease	disease_14658	1.095209210950306e-08
Disease	disease_9246	1.0943931143439502e-08
Disease	disease_14834	1.0939541139542405e-08
Disease	disease_8713	1.0939503243723948e-08
Disease	disease_408	1.0937717070280027e-08
Disease	disease_11309	1.0935789200274253e-08
Disease	disease_13599	1.0930826528258994e-08
Disease	disease_24521	1.0921485788199926e-08
Disease	disease_33640	1.0916135469829689e-08
Disease	disease_9650	1.091568920378266e-08
Disease	disease_12089	1.0906889596751553e-08
Disease	disease_21315	1.0905723834490961e-08
Disease	disease_9744	1.090481148722778e-08
Disease	disease_11631	1.0904231454219575e-08
Disease	disease_19305	1.0900817688713949e-08
Disease	disease_13396	1.0900553575108884e-08
Disease	disease_2746	1.0896432717800968e-08
Disease	disease_15055	1.0892061806485085e-08
Disease	disease_15056	1.0892061806485085e-08
Disease	disease_60707	1.0885937626126813e-08
Disease	disease_15469	1.0884668125242736e-08
Disease	disease_26777	1.0883311943904164e-08
Disease	disease_9591	1.0877580529351882e-08
Disease	disease_19503	1.0866125516120137e-08
Disease	disease_19002	1.0865200033212967e-08
Disease	disease_6248	1.0858384050117874e-08
Disease	disease_60527	1.085635996142847e-08
Disease	disease_19486	1.08535366561648e-08
Disease	disease_10865	1.0853235057958392e-08
Disease	disease_4689	1.0847570342463854e-08
Disease	disease_2782	1.084014133089795e-08
Disease	disease_16696	1.0834592900408488e-08
Disease	disease_20747	1.0834588630364636e-08
Disease	disease_20364	1.0828860858026739e-08
Disease	disease_21254	1.08236491823443e-08
Disease	disease_15722	1.0821394142471845e-08
Disease	disease_5314	1.0820062907453126e-08
Disease	disease_24313	1.0812421276123453e-08
Disease	disease_9257	1.0802794511627248e-08
Disease	disease_7967	1.0797048781012408e-08
Disease	disease_12669	1.079032376218696e-08
Disease	disease_6021	1.0778157659017626e-08
Disease	disease_19126	1.0767579232565785e-08
Disease	disease_19121	1.0766399517549193e-08
Disease	disease_9305	1.0766133579775303e-08
Disease	disease_12415	1.0757297380670636e-08
Disease	disease_14106	1.0745226373375209e-08
Disease	disease_13182	1.0741901896507509e-08
Disease	disease_6805	1.0721054450706335e-08
Disease	disease_8242	1.0720364456262699e-08
Disease	disease_7741	1.072003791732989e-08
Disease	disease_8102	1.071847661326765e-08
Disease	disease_12764	1.070107309039623e-08
Disease	disease_18989	1.0698754050781114e-08
Disease	disease_11986	1.0698208069037223e-08
Disease	disease_13584	1.0693324939101287e-08
Disease	disease_5722	1.0678097696479734e-08
Disease	disease_6745	1.0675237063586978e-08
Disease	disease_19740	1.0674134312489855e-08
Disease	disease_12502	1.067389243292784e-08
Disease	disease_13787	1.0670763615329282e-08
Disease	disease_7642	1.0669323743890233e-08
Disease	disease_14633	1.0660097652231708e-08
Disease	disease_14708	1.065796596369465e-08
Disease	disease_4211	1.0656598536049752e-08
Disease	disease_5157	1.0656012940926576e-08
Disease	disease_2242	1.0654421148917954e-08
Disease	disease_13015	1.065277483715472e-08
Disease	disease_21240	1.0647155946492991e-08
Disease	disease_18174	1.0645948387731929e-08
Disease	disease_13549	1.0643122173181722e-08
Disease	disease_2095	1.0641046274501379e-08
Disease	disease_14896	1.0625849062851795e-08
Disease	disease_20135	1.0619255236096657e-08
Disease	disease_18807	1.06185951673738e-08
Disease	disease_18806	1.06185951673738e-08
Disease	disease_6677	1.06185951673738e-08
Disease	disease_828	1.0617501534335345e-08
Disease	disease_20238	1.0609127915520848e-08
Disease	disease_11150	1.0607964368179718e-08
Disease	disease_9179	1.0595166218305725e-08
Disease	disease_21378	1.059500500700799e-08
Disease	disease_11971	1.0593821002796672e-08
Disease	disease_5060	1.058976259947132e-08
Disease	disease_14670	1.0586593242665374e-08
Disease	disease_15436	1.0586064496929724e-08
Disease	disease_11816	1.058128783266869e-08
Disease	disease_19704	1.0577050073098363e-08
Disease	disease_12436	1.057215727712269e-08
Disease	disease_14631	1.0563117153851821e-08
Disease	disease_5283	1.0555575305672691e-08
Disease	disease_4947	1.0552562144621991e-08
Disease	disease_13033	1.05486448616243e-08
Disease	disease_14404	1.0548117664515464e-08
Disease	disease_6629	1.0547203912047076e-08
Disease	disease_19337	1.0547083516132208e-08
Disease	disease_8228	1.0545336591593823e-08
Disease	disease_9472	1.0545207689605547e-08
Disease	disease_10833	1.0530806553452234e-08
Disease	disease_5135	1.0526242355294968e-08
Disease	disease_44699	1.052270558894094e-08
Disease	disease_25085	1.0522194574179836e-08
Disease	disease_23283	1.0520345146122486e-08
Disease	disease_10636	1.0510350067801116e-08
Disease	disease_14857	1.0505005655211089e-08
Disease	disease_14716	1.0498378382541158e-08
Disease	disease_2116	1.0496559654036927e-08
Disease	disease_11945	1.0493440269502223e-08
Disease	disease_17407	1.0488266585716636e-08
Disease	disease_19358	1.0487292081759865e-08
Disease	disease_17329	1.048330265185649e-08
Disease	disease_7518	1.0482794273419533e-08
Disease	disease_11735	1.0480718978423178e-08
Disease	disease_15337	1.047997330455264e-08
Disease	disease_44312	1.0476350597880768e-08
Disease	disease_15334	1.0475664455930133e-08
Disease	disease_15993	1.0475214419976228e-08
Disease	disease_9124	1.0473758129937781e-08
Disease	disease_19424	1.0467717298619544e-08
Disease	disease_2572	1.0466731323786306e-08
Disease	disease_11380	1.0466383700907343e-08
Disease	disease_13169	1.0465753457165728e-08
Disease	disease_10217	1.0462104742569659e-08
Disease	disease_8231	1.0460227812146466e-08
Disease	disease_7259	1.0459788311574625e-08
Disease	disease_7155	1.044402702999782e-08
Disease	disease_10874	1.044072776689633e-08
Disease	disease_507	1.0438204034609592e-08
Disease	disease_7699	1.0437496371016073e-08
Disease	disease_14105	1.0436522919727896e-08
Disease	disease_9429	1.0430762455785328e-08
Disease	disease_10159	1.0429963159187666e-08
Disease	disease_17626	1.0425822433548647e-08
Disease	disease_14218	1.0423472420061635e-08
Disease	disease_24562	1.0422147263001936e-08
Disease	disease_14222	1.0414574938289472e-08
Disease	disease_13926	1.040338951983825e-08
Disease	disease_12203	1.0402077360045055e-08
Disease	disease_19839	1.0401963375056788e-08
Disease	disease_17241	1.039176125718652e-08
Disease	disease_32579	1.0390378061926424e-08
Disease	disease_12657	1.0381364117910762e-08
Disease	disease_33637	1.0380942721507611e-08
Disease	disease_14103	1.03770804819893e-08
Disease	disease_942	1.0372777305201512e-08
Disease	disease_15853	1.0367548157358529e-08
Disease	disease_10702	1.0362383445221164e-08
Disease	disease_5846	1.035079626864625e-08
Disease	disease_17886	1.0350608006952688e-08
Disease	disease_2466	1.0347855478068824e-08
Disease	disease_16328	1.0343766542843318e-08
Disease	disease_10700	1.0341917882201276e-08
Disease	disease_17187	1.0336414071078282e-08
Disease	disease_19333	1.0336414071078282e-08
Disease	disease_19784	1.0334981745304274e-08
Disease	disease_13908	1.0332962094159908e-08
Disease	disease_7569	1.0317339957883773e-08
Disease	disease_14953	1.0308073294916094e-08
Disease	disease_33655	1.0307426737366916e-08
Disease	disease_9572	1.0307068208932256e-08
Disease	disease_15204	1.0294387046813921e-08
Disease	disease_7719	1.0294016878852204e-08
Disease	disease_7128	1.0293569537226209e-08
Disease	disease_7362	1.0289662864390316e-08
Disease	disease_8868	1.0287780996010745e-08
Disease	disease_9195	1.0287335168378342e-08
Disease	disease_5350	1.0286275361030142e-08
Disease	disease_19995	1.0279410994440805e-08
Disease	disease_14107	1.0275987875259549e-08
Disease	disease_21021	1.0275367262884317e-08
Disease	disease_9566	1.0264686506588957e-08
Disease	disease_17048	1.0264633740050517e-08
Disease	disease_11895	1.0264601848149447e-08
Disease	disease_12717	1.0263830312815682e-08
Disease	disease_33561	1.0263236138207355e-08
Disease	disease_12909	1.0262083695830518e-08
Disease	disease_8502	1.0258722419497352e-08
Disease	disease_19452	1.0255833714632103e-08
Disease	disease_9092	1.025267000949729e-08
Disease	disease_60578	1.0250898321973662e-08
Disease	disease_16054	1.0247603364280288e-08
Disease	disease_3965	1.0246896588480409e-08
Disease	disease_20606	1.0246181853917167e-08
Disease	disease_3209	1.0243839962570166e-08
Disease	disease_5539	1.0242134279674607e-08
Disease	disease_19756	1.0241222714558192e-08
Disease	disease_16355	1.0241222714558192e-08
Disease	disease_3708	1.0240199700623765e-08
Disease	disease_17861	1.023807286482284e-08
Disease	disease_17606	1.0233025661722343e-08
Disease	disease_7797	1.0224753269295302e-08
Disease	disease_1509	1.0222789819822499e-08
Disease	disease_9765	1.0220944659510781e-08
Disease	disease_18537	1.0216391711234702e-08
Disease	disease_16949	1.0214708056158088e-08
Disease	disease_9318	1.0214233595160684e-08
Disease	disease_19124	1.02135272957175e-08
Disease	disease_745	1.0207708343686245e-08
Disease	disease_12825	1.0203112599329965e-08
Disease	disease_54677	1.0202469997797218e-08
Disease	disease_14862	1.0199201258263946e-08
Disease	disease_19572	1.0197631178659865e-08
Disease	disease_160	1.0193738915260643e-08
Disease	disease_13480	1.0191946402239066e-08
Disease	disease_7130	1.0191838173469551e-08
Disease	disease_5447	1.018956222771253e-08
Disease	disease_3628	1.0181773423675051e-08
Disease	disease_5828	1.0178909224076393e-08
Disease	disease_10938	1.0175688911769906e-08
Disease	disease_9254	1.0173410849382977e-08
Disease	disease_13511	1.0167520715819983e-08
Disease	disease_13872	1.0164282625268159e-08
Disease	disease_12817	1.016157688001824e-08
Disease	disease_9030	1.01603111483678e-08
Disease	disease_18848	1.015888122423008e-08
Disease	disease_17287	1.0156897095056868e-08
Disease	disease_6807	1.0152609379606905e-08
Disease	disease_12758	1.0136196349615365e-08
Disease	disease_11775	1.013551073558825e-08
Disease	disease_9520	1.0133933836659512e-08
Disease	disease_100212	1.0132735536939402e-08
Disease	disease_20225	1.0131974863342688e-08
Disease	disease_9477	1.0128534534920678e-08
Disease	disease_32838	1.012818067658717e-08
Disease	disease_15357	1.0127250673542971e-08
Disease	disease_16413	1.0124867350373326e-08
Disease	disease_14461	1.012297148570416e-08
Disease	disease_10674	1.0122728545017095e-08
Disease	disease_19950	1.0121870212901994e-08
Disease	disease_8263	1.0116598877369933e-08
Disease	disease_1029	1.0115232523830547e-08
Disease	disease_12741	1.0111384352914357e-08
Disease	disease_14888	1.0109772440920153e-08
Disease	disease_5657	1.0108370725827495e-08
Disease	disease_2921	1.0103595826749114e-08
Disease	disease_14453	1.0101861143909922e-08
Disease	disease_8183	1.0100710818002093e-08
Disease	disease_14984	1.0098362393395808e-08
Disease	disease_4957	1.0098232137736727e-08
Disease	disease_9218	1.0091058509948364e-08
Disease	disease_10257	1.0090121967975665e-08
Disease	disease_29143	1.008983525508045e-08
Disease	disease_9453	1.0072301321416408e-08
Disease	disease_14201	1.0060603174633272e-08
Disease	disease_9398	1.0056690161805953e-08
Disease	disease_14102	1.0049565528453183e-08
Disease	disease_12597	1.0046424410912803e-08
Disease	disease_8423	1.0042840863293134e-08
Disease	disease_60745	1.0039238192192205e-08
Disease	disease_1770	1.0039064473295214e-08
Disease	disease_9117	1.0038911128445343e-08
Disease	disease_10939	1.0037583355866369e-08
Disease	disease_7856	1.003646904166969e-08
Disease	disease_16345	1.0036305048266403e-08
Disease	disease_9656	1.0032204681862345e-08
Disease	disease_20738	1.0031118088189401e-08
Disease	disease_10067	1.0028204639947987e-08
Disease	disease_8968	1.0026159788890681e-08
Disease	disease_12470	1.0021586310853904e-08
Disease	disease_12620	1.0021586310853904e-08
Disease	disease_12244	1.0021586310853904e-08
Disease	disease_10405	1.0021586310853904e-08
Disease	disease_12770	1.0021586310853904e-08
Disease	disease_12094	1.0021586310853904e-08
Disease	disease_12093	1.0021586310853904e-08
Disease	disease_11270	1.0021586310853904e-08
Disease	disease_12768	1.0021586310853904e-08
Disease	disease_12300	1.0021586310853904e-08
Disease	disease_12769	1.0021586310853904e-08
Disease	disease_60664	1.0020564117165578e-08
Disease	disease_16994	1.0019295984802277e-08
Disease	disease_18019	1.0017501055122524e-08
Disease	disease_1079	1.0016340986796414e-08
Disease	disease_1683	1.0016340986796414e-08
Disease	disease_18407	1.0008832892702408e-08
Disease	disease_6873	1.000838016696775e-08
Disease	disease_14757	1.0007793862736408e-08
Disease	disease_8883	1.0006827043246266e-08
Disease	disease_14766	1.0005073347313792e-08
Disease	disease_11291	9.989840519817291e-09
Disease	disease_16196	9.989626209760586e-09
Disease	disease_17584	9.982527216660316e-09
Disease	disease_14661	9.978953488190201e-09
Disease	disease_19186	9.978821094426314e-09
Disease	disease_9137	9.977872891821001e-09
Disease	disease_15290	9.968115427126565e-09
Disease	disease_12129	9.9600675068882e-09
Disease	disease_60641	9.958304437067603e-09
Disease	disease_18485	9.95621631500262e-09
Disease	disease_15540	9.954687437034028e-09
Disease	disease_21455	9.953209098759426e-09
Disease	disease_44311	9.949307960989515e-09
Disease	disease_18096	9.944859552695846e-09
Disease	disease_14995	9.944805199729666e-09
Disease	disease_44302	9.9334858516652e-09
Disease	disease_9502	9.929906643725863e-09
Disease	disease_13912	9.92904882707935e-09
Disease	disease_14948	9.924509972445716e-09
Disease	disease_1945	9.922482047566642e-09
Disease	disease_9818	9.92140727686474e-09
Disease	disease_21220	9.921275995422346e-09
Disease	disease_42983	9.91708406464228e-09
Disease	disease_4670	9.911859811736432e-09
Disease	disease_33642	9.909220395567879e-09
Disease	disease_11264	9.903525510084888e-09
Disease	disease_100022	9.902750812410448e-09
Disease	disease_7032	9.89549378926924e-09
Disease	disease_14206	9.885623322565888e-09
Disease	disease_30047	9.88337324824566e-09
Disease	disease_12998	9.879430644602216e-09
Disease	disease_16501	9.873679856672788e-09
Disease	disease_8004	9.870320216748243e-09
Disease	disease_15067	9.86688231140363e-09
Disease	disease_16705	9.863704873186664e-09
Disease	disease_19127	9.853927582747302e-09
Disease	disease_15021	9.848595856244896e-09
Disease	disease_7785	9.845414225424921e-09
Disease	disease_15151	9.835328360820526e-09
Disease	disease_19686	9.834096570342495e-09
Disease	disease_15909	9.823798358344309e-09
Disease	disease_19167	9.822064457699839e-09
Disease	disease_18820	9.81597590538915e-09
Disease	disease_15286	9.809319515903849e-09
Disease	disease_7634	9.808930954951989e-09
Disease	disease_60583	9.804352278127772e-09
Disease	disease_15760	9.804264005269338e-09
Disease	disease_11381	9.803835867453672e-09
Disease	disease_31421	9.798890465366549e-09
Disease	disease_13223	9.798174007259043e-09
Disease	disease_2232	9.793520566971794e-09
Disease	disease_1110	9.792199545483896e-09
Disease	disease_4377	9.785528190379166e-09
Disease	disease_16706	9.781557600361634e-09
Disease	disease_19351	9.781236648954947e-09
Disease	disease_18613	9.774528664060012e-09
Disease	disease_19219	9.7744446231425e-09
Disease	disease_10797	9.774174985167002e-09
Disease	disease_14472	9.772494337030004e-09
Disease	disease_9253	9.770979574177476e-09
Disease	disease_13793	9.766704362253145e-09
Disease	disease_14970	9.764295836797119e-09
Disease	disease_1909	9.760052950102318e-09
Disease	disease_60491	9.755895251627829e-09
Disease	disease_8935	9.75383978636925e-09
Disease	disease_7345	9.752805533887982e-09
Disease	disease_19614	9.752725738646535e-09
Disease	disease_17218	9.75145320401335e-09
Disease	disease_10721	9.750203184663825e-09
Disease	disease_11713	9.74828481902765e-09
Disease	disease_60589	9.745835703684837e-09
Disease	disease_13677	9.742756281819253e-09
Disease	disease_14443	9.737052225226474e-09
Disease	disease_24638	9.732110455977184e-09
Disease	disease_11323	9.73125456623556e-09
Disease	disease_19373	9.730906475529324e-09
Disease	disease_8051	9.715689956098049e-09
Disease	disease_19095	9.710926744901443e-09
Disease	disease_21299	9.710905531238112e-09
Disease	disease_30913	9.710650086683667e-09
Disease	disease_5545	9.706914836271722e-09
Disease	disease_19155	9.696154129471827e-09
Disease	disease_9102	9.690350962995459e-09
Disease	disease_12574	9.687397430874866e-09
Disease	disease_19528	9.683677634371028e-09
Disease	disease_32572	9.68263002583292e-09
Disease	disease_14347	9.67401976280173e-09
Disease	disease_4953	9.673343400512707e-09
Disease	disease_8913	9.66720896054214e-09
Disease	disease_13910	9.667114114400963e-09
Disease	disease_18480	9.661926370578293e-09
Disease	disease_9039	9.66032316657505e-09
Disease	disease_21020	9.660143812352526e-09
Disease	disease_30044	9.652935668254773e-09
Disease	disease_5960	9.645149874393285e-09
Disease	disease_19354	9.64413960315015e-09
Disease	disease_9399	9.640130539024734e-09
Disease	disease_8910	9.637343465407913e-09
Disease	disease_32927	9.636556392881783e-09
Disease	disease_12675	9.633643819875039e-09
Disease	disease_60596	9.631589391263004e-09
Disease	disease_2514	9.630162707568097e-09
Disease	disease_11042	9.628421789901939e-09
Disease	disease_14940	9.627738316510897e-09
Disease	disease_7268	9.608809761211452e-09
Disease	disease_599	9.605127797172645e-09
Disease	disease_10717	9.604840169076319e-09
Disease	disease_4369	9.60239904868214e-09
Disease	disease_6755	9.60226641237102e-09
Disease	disease_19859	9.602057113210705e-09
Disease	disease_7118	9.60154000964782e-09
Disease	disease_10375	9.595760548142722e-09
Disease	disease_7571	9.589254053573422e-09
Disease	disease_914	9.585878466325823e-09
Disease	disease_11125	9.585600717224414e-09
Disease	disease_7883	9.583450139616755e-09
Disease	disease_32798	9.582674235807894e-09
Disease	disease_100033	9.57966048030816e-09
Disease	disease_4716	9.577699277613885e-09
Disease	disease_9329	9.575052731149158e-09
Disease	disease_15614	9.572886727737137e-09
Disease	disease_509	9.568245724136635e-09
Disease	disease_218	9.564227443726796e-09
Disease	disease_20841	9.560239953998363e-09
Disease	disease_9953	9.55931748642327e-09
Disease	disease_10475	9.555802293524697e-09
Disease	disease_1697	9.554693953627807e-09
Disease	disease_24623	9.554120653089258e-09
Disease	disease_115	9.549106215564532e-09
Disease	disease_5375	9.546378922008885e-09
Disease	disease_13054	9.538824500582963e-09
Disease	disease_60759	9.537868112472686e-09
Disease	disease_14892	9.53427436172381e-09
Disease	disease_17311	9.530038295224303e-09
Disease	disease_16987	9.528750452204557e-09
Disease	disease_10490	9.526747858389141e-09
Disease	disease_14870	9.52397164859216e-09
Disease	disease_141	9.52080545534299e-09
Disease	disease_9390	9.516171831483805e-09
Disease	disease_14811	9.515555463993201e-09
Disease	disease_37003	9.510935868972182e-09
Disease	disease_60711	9.509920876510092e-09
Disease	disease_7404	9.507898067133648e-09
Disease	disease_18323	9.507263671853621e-09
Disease	disease_9327	9.506439283159252e-09
Disease	disease_19260	9.506304424397734e-09
Disease	disease_13384	9.50297745428899e-09
Disease	disease_16471	9.501342397756518e-09
Disease	disease_32	9.501326177076739e-09
Disease	disease_17880	9.492881719472457e-09
Disease	disease_33543	9.491592858309423e-09
Disease	disease_18232	9.491438517578084e-09
Disease	disease_14268	9.48610854302935e-09
Disease	disease_13251	9.485686730405018e-09
Disease	disease_20500	9.485457988785971e-09
Disease	disease_192	9.481765851946191e-09
Disease	disease_3916	9.474361283262863e-09
Disease	disease_14790	9.471020927454261e-09
Disease	disease_10621	9.470536481127766e-09
Disease	disease_45013	9.467317715027398e-09
Disease	disease_60659	9.46309376623196e-09
Disease	disease_9627	9.462521594245162e-09
Disease	disease_14994	9.461038940502734e-09
Disease	disease_16397	9.460341154421668e-09
Disease	disease_21758	9.458576541092034e-09
Disease	disease_10592	9.454380585287804e-09
Disease	disease_14241	9.450584351927429e-09
Disease	disease_60549	9.440949986569886e-09
Disease	disease_16866	9.438979443962267e-09
Disease	disease_10838	9.438761773017002e-09
Disease	disease_5365	9.438093705451613e-09
Disease	disease_13213	9.431733600988726e-09
Disease	disease_45071	9.426287433819968e-09
Disease	disease_10161	9.423984218826505e-09
Disease	disease_14931	9.423975463657528e-09
Disease	disease_32772	9.423966326208842e-09
Disease	disease_6686	9.420348558513313e-09
Disease	disease_8859	9.419356752444441e-09
Disease	disease_100239	9.41779020693904e-09
Disease	disease_7955	9.417738328730244e-09
Disease	disease_60629	9.416849026379257e-09
Disease	disease_10381	9.416611642649941e-09
Disease	disease_11174	9.415923985413704e-09
Disease	disease_9676	9.413789816475929e-09
Disease	disease_7843	9.412802825049429e-09
Disease	disease_1184	9.401167528669319e-09
Disease	disease_7106	9.397276096609051e-09
Disease	disease_14833	9.39243496087763e-09
Disease	disease_13296	9.387432871411777e-09
Disease	disease_11248	9.383825959050982e-09
Disease	disease_11037	9.38372151065459e-09
Disease	disease_32781	9.377943028079736e-09
Disease	disease_7828	9.369786848586684e-09
Disease	disease_32867	9.36789725999078e-09
Disease	disease_5918	9.364431764340327e-09
Disease	disease_16256	9.36305692206189e-09
Disease	disease_10241	9.360370012589157e-09
Disease	disease_43919	9.359828237381278e-09
Disease	disease_12157	9.359525438495313e-09
Disease	disease_7661	9.35599371338462e-09
Disease	disease_60490	9.35402741192239e-09
Disease	disease_3145	9.3529530204602e-09
Disease	disease_213	9.352575179439825e-09
Disease	disease_21451	9.346985262327849e-09
Disease	disease_903	9.346426516068013e-09
Disease	disease_12490	9.343930928423453e-09
Disease	disease_15336	9.335780220726075e-09
Disease	disease_11275	9.335379692762688e-09
Disease	disease_13353	9.330277951952672e-09
Disease	disease_7790	9.320648237899508e-09
Disease	disease_8202	9.320404933720097e-09
Disease	disease_44980	9.319208032487402e-09
Disease	disease_8957	9.314517694491786e-09
Disease	disease_30035	9.311015113250687e-09
Disease	disease_9217	9.310004479928668e-09
Disease	disease_9635	9.301310922089617e-09
Disease	disease_12280	9.297023850932415e-09
Disease	disease_9608	9.287263086822212e-09
Disease	disease_54550	9.284663680364834e-09
Disease	disease_13548	9.28398472677709e-09
Disease	disease_24664	9.27922217243419e-09
Disease	disease_11633	9.277501939914349e-09
Disease	disease_14746	9.276441750988738e-09
Disease	disease_13439	9.27556617017574e-09
Disease	disease_32930	9.274028372467442e-09
Disease	disease_16948	9.271761678884544e-09
Disease	disease_60592	9.271605206932488e-09
Disease	disease_60640	9.26978587570246e-09
Disease	disease_9386	9.266019596450128e-09
Disease	disease_32817	9.263758651966868e-09
Disease	disease_32764	9.263473737121378e-09
Disease	disease_8982	9.262400011608268e-09
Disease	disease_15566	9.253694850470284e-09
Disease	disease_7412	9.25099898953741e-09
Disease	disease_60611	9.249535714718802e-09
Disease	disease_6120	9.249244546069579e-09
Disease	disease_15995	9.24665940109743e-09
Disease	disease_13532	9.246051203980132e-09
Disease	disease_20511	9.245761913773908e-09
Disease	disease_16704	9.243628242625254e-09
Disease	disease_577	9.239291395115826e-09
Disease	disease_19444	9.238085376252454e-09
Disease	disease_7760	9.23725314348974e-09
Disease	disease_10598	9.235477905071975e-09
Disease	disease_16002	9.231471108629408e-09
Disease	disease_3186	9.229637102951982e-09
Disease	disease_8541	9.225604761946101e-09
Disease	disease_44316	9.222659165159859e-09
Disease	disease_18227	9.219182763098664e-09
Disease	disease_2926	9.217678585818091e-09
Disease	disease_2879	9.217606658566476e-09
Disease	disease_19685	9.216735467575596e-09
Disease	disease_16368	9.214587117689065e-09
Disease	disease_18854	9.20807155024758e-09
Disease	disease_3220	9.205215622958206e-09
Disease	disease_9223	9.203869017612924e-09
Disease	disease_7459	9.202190646029195e-09
Disease	disease_8426	9.202005077306586e-09
Disease	disease_17802	9.201204961952913e-09
Disease	disease_13298	9.199367411648736e-09
Disease	disease_16701	9.186784336075807e-09
Disease	disease_10777	9.18233982704576e-09
Disease	disease_7672	9.177960253053727e-09
Disease	disease_9791	9.176964411826683e-09
Disease	disease_54551	9.172205481147993e-09
Disease	disease_5449	9.171593967577358e-09
Disease	disease_30089	9.170248099930464e-09
Disease	disease_648	9.167427331788044e-09
Disease	disease_60624	9.166596960274614e-09
Disease	disease_6761	9.16275088979619e-09
Disease	disease_7315	9.156954128103487e-09
Disease	disease_14897	9.155513805699418e-09
Disease	disease_9420	9.154601081812974e-09
Disease	disease_100036	9.151305369357414e-09
Disease	disease_9941	9.149862519571069e-09
Disease	disease_8323	9.144208833274767e-09
Disease	disease_12518	9.143002614797507e-09
Disease	disease_8367	9.14143450539953e-09
Disease	disease_16690	9.139306403822726e-09
Disease	disease_24535	9.139297872170659e-09
Disease	disease_15012	9.128265658170846e-09
Disease	disease_20273	9.127791467728712e-09
Disease	disease_7541	9.126564834992372e-09
Disease	disease_7982	9.125072415113298e-09
Disease	disease_17062	9.122650518033644e-09
Disease	disease_9758	9.121950445584457e-09
Disease	disease_32688	9.121446906154113e-09
Disease	disease_60591	9.118863136612872e-09
Disease	disease_171	9.117737958487713e-09
Disease	disease_18752	9.117068584014495e-09
Disease	disease_14973	9.116784749230004e-09
Disease	disease_14797	9.11620674657997e-09
Disease	disease_32607	9.115533313670484e-09
Disease	disease_18652	9.113897144188475e-09
Disease	disease_16899	9.113574655754397e-09
Disease	disease_32658	9.112428095708119e-09
Disease	disease_9691	9.111598265102435e-09
Disease	disease_11725	9.110447151769367e-09
Disease	disease_8953	9.106181752515258e-09
Disease	disease_32888	9.103329349197197e-09
Disease	disease_7036	9.096939737081188e-09
Disease	disease_14074	9.096707026861674e-09
Disease	disease_9634	9.092279395688267e-09
Disease	disease_19148	9.090534704648375e-09
Disease	disease_11052	9.089516032081992e-09
Disease	disease_8983	9.088898735380396e-09
Disease	disease_13459	9.088023545739014e-09
Disease	disease_8163	9.086260391790417e-09
Disease	disease_7715	9.085371509334172e-09
Disease	disease_19757	9.083320467036797e-09
Disease	disease_19758	9.083320467036797e-09
Disease	disease_60663	9.081651621400914e-09
Disease	disease_7767	9.075566560801246e-09
Disease	disease_10027	9.073736383500234e-09
Disease	disease_8221	9.071683784930136e-09
Disease	disease_16867	9.066659551799648e-09
Disease	disease_32661	9.063214549443148e-09
Disease	disease_10970	9.062930255480265e-09
Disease	disease_13809	9.061821934411658e-09
Disease	disease_10697	9.061025566439452e-09
Disease	disease_16624	9.057577231480135e-09
Disease	disease_9772	9.055243228817358e-09
Disease	disease_7849	9.053730361919448e-09
Disease	disease_10683	9.051335878418109e-09
Disease	disease_9298	9.050318806174758e-09
Disease	disease_16587	9.0450137580326e-09
Disease	disease_22993	9.044557130233525e-09
Disease	disease_7746	9.044284157876235e-09
Disease	disease_19827	9.043625287433702e-09
Disease	disease_8128	9.034790683409244e-09
Disease	disease_17076	9.030678850649255e-09
Disease	disease_8880	9.030263806343681e-09
Disease	disease_32900	9.024895387507797e-09
Disease	disease_19154	9.024827312070533e-09
Disease	disease_9131	9.021370284066395e-09
Disease	disease_5728	9.020839269585448e-09
Disease	disease_6590	9.019876052042425e-09
Disease	disease_8489	9.018422139991025e-09
Disease	disease_382	9.016819035052583e-09
Disease	disease_100165	9.016526303496693e-09
Disease	disease_7234	9.016184045766744e-09
Disease	disease_7835	9.014564789243254e-09
Disease	disease_10283	9.013486463997504e-09
Disease	disease_17215	9.009824600176341e-09
Disease	disease_32568	9.00967423288016e-09
Disease	disease_18782	9.00949052595636e-09
Disease	disease_4069	9.004699288399605e-09
Disease	disease_510	8.998309799792993e-09
Disease	disease_10406	8.992094063647759e-09
Disease	disease_18843	8.991682507359125e-09
Disease	disease_11899	8.99072852203807e-09
Disease	disease_14778	8.985432338124483e-09
Disease	disease_5440	8.983819432870286e-09
Disease	disease_24813	8.983271979427202e-09
Disease	disease_17742	8.976713831188228e-09
Disease	disease_15709	8.972433487815266e-09
Disease	disease_3639	8.970143873390638e-09
Disease	disease_60577	8.965466345585092e-09
Disease	disease_43839	8.962432967175693e-09
Disease	disease_10744	8.959885253111841e-09
Disease	disease_9782	8.958852739205562e-09
Disease	disease_21440	8.958394049655885e-09
Disease	disease_9784	8.952009554353124e-09
Disease	disease_9937	8.951660991451878e-09
Disease	disease_6290	8.950349620982023e-09
Disease	disease_19911	8.938386552558326e-09
Disease	disease_14795	8.938264861148426e-09
Disease	disease_13540	8.93421733117934e-09
Disease	disease_30042	8.930251939584404e-09
Disease	disease_9909	8.926848208332959e-09
Disease	disease_8101	8.92646741497051e-09
Disease	disease_8506	8.923367615192531e-09
Disease	disease_14856	8.922329204364626e-09
Disease	disease_19209	8.920419655386678e-09
Disease	disease_14401	8.918953577121114e-09
Disease	disease_10585	8.917933261298414e-09
Disease	disease_8508	8.917896875434408e-09
Disease	disease_5266	8.917591605819414e-09
Disease	disease_19215	8.916247645086267e-09
Disease	disease_12222	8.915674409589287e-09
Disease	disease_30060	8.914936465878446e-09
Disease	disease_107	8.913848120062656e-09
Disease	disease_8793	8.913064517702435e-09
Disease	disease_6047	8.909255824069364e-09
Disease	disease_60532	8.908677938936919e-09
Disease	disease_29144	8.906664928044277e-09
Disease	disease_286	8.906081450774019e-09
Disease	disease_9377	8.905945010096015e-09
Disease	disease_13214	8.90593761730701e-09
Disease	disease_13660	8.905604080104266e-09
Disease	disease_60457	8.90522533159493e-09
Disease	disease_33562	8.90519057916631e-09
Disease	disease_2420	8.902348473249149e-09
Disease	disease_32565	8.901208511483805e-09
Disease	disease_16586	8.900738773216152e-09
Disease	disease_32648	8.900434527861828e-09
Disease	disease_7357	8.90040412901422e-09
Disease	disease_33004	8.900400472666582e-09
Disease	disease_9541	8.896991483508656e-09
Disease	disease_7776	8.894958698160717e-09
Disease	disease_7432	8.893304606456266e-09
Disease	disease_42966	8.89256118289276e-09
Disease	disease_11606	8.890753712981009e-09
Disease	disease_20729	8.889253986303665e-09
Disease	disease_14458	8.88731068582463e-09
Disease	disease_32760	8.885823287187352e-09
Disease	disease_11260	8.885634119094532e-09
Disease	disease_16707	8.884640187102351e-09
Disease	disease_7709	8.875385679888879e-09
Disease	disease_7379	8.87379784324085e-09
Disease	disease_16910	8.868489311432692e-09
Disease	disease_13759	8.868476461743527e-09
Disease	disease_10904	8.867019806510693e-09
Disease	disease_9119	8.866509075782261e-09
Disease	disease_14980	8.861613103089284e-09
Disease	disease_10607	8.86041389733926e-09
Disease	disease_7653	8.856143491811355e-09
Disease	disease_14815	8.854530512708024e-09
Disease	disease_32707	8.85119347386545e-09
Disease	disease_9505	8.848933390960491e-09
Disease	disease_100215	8.848349848678916e-09
Disease	disease_11861	8.84504290763869e-09
Disease	disease_29140	8.845001208269855e-09
Disease	disease_60622	8.841009378594132e-09
Disease	disease_8959	8.839515749673999e-09
Disease	disease_14008	8.838815666666302e-09
Disease	disease_20372	8.838701204102604e-09
Disease	disease_60704	8.831180992196462e-09
Disease	disease_111	8.829133132567952e-09
Disease	disease_60562	8.828739989205744e-09
Disease	disease_19530	8.827568905709175e-09
Disease	disease_7142	8.826557170109739e-09
Disease	disease_10623	8.825654312687016e-09
Disease	disease_32793	8.825395991036693e-09
Disease	disease_32594	8.824527888989513e-09
Disease	disease_33558	8.823643921265565e-09
Disease	disease_19838	8.823551555428244e-09
Disease	disease_16515	8.822988560324112e-09
Disease	disease_15654	8.820750079936397e-09
Disease	disease_17005	8.819959260464587e-09
Disease	disease_32933	8.81625764353875e-09
Disease	disease_3479	8.814809666582355e-09
Disease	disease_8156	8.812920206088845e-09
Disease	disease_19063	8.81243773837544e-09
Disease	disease_13598	8.809018500170661e-09
Disease	disease_16632	8.808622807032516e-09
Disease	disease_7091	8.807024661759972e-09
Disease	disease_33211	8.804054808754593e-09
Disease	disease_32849	8.801824825364677e-09
Disease	disease_10653	8.801255691839176e-09
Disease	disease_12258	8.794696885654388e-09
Disease	disease_21218	8.787609483716483e-09
Disease	disease_2229	8.786601086047708e-09
Disease	disease_60496	8.785286630040749e-09
Disease	disease_15022	8.784230413903783e-09
Disease	disease_8841	8.783218116789025e-09
Disease	disease_16652	8.783089006026284e-09
Disease	disease_5790	8.782244701451526e-09
Disease	disease_3181	8.78202347650257e-09
Disease	disease_7261	8.781220657225108e-09
Disease	disease_8083	8.780910640105295e-09
Disease	disease_30065	8.780486774685217e-09
Disease	disease_1300	8.77955566685123e-09
Disease	disease_60621	8.779192437736893e-09
Disease	disease_32650	8.778293865478092e-09
Disease	disease_5094	8.775890442800547e-09
Disease	disease_5374	8.774459443053777e-09
Disease	disease_8343	8.773836534146397e-09
Disease	disease_9766	8.773187075251817e-09
Disease	disease_118	8.771566775670153e-09
Disease	disease_17161	8.769761564650132e-09
Disease	disease_9663	8.769713704253071e-09
Disease	disease_1525	8.768348130528956e-09
Disease	disease_4564	8.768348130528956e-09
Disease	disease_31439	8.76803652069959e-09
Disease	disease_1521	8.767849281601056e-09
Disease	disease_33532	8.766057498156486e-09
Disease	disease_11734	8.764998325027081e-09
Disease	disease_16028	8.764773828464711e-09
Disease	disease_6827	8.763568458165509e-09
Disease	disease_114	8.762101665751583e-09
Disease	disease_17025	8.76184630164866e-09
Disease	disease_9499	8.761311694015006e-09
Disease	disease_32807	8.761209250967023e-09
Disease	disease_10765	8.760963097593546e-09
Disease	disease_17748	8.759070357782072e-09
Disease	disease_32684	8.757062568673473e-09
Disease	disease_100209	8.75362097573822e-09
Disease	disease_44321	8.753609886226491e-09
Disease	disease_32642	8.752973297132746e-09
Disease	disease_31178	8.75126208982962e-09
Disease	disease_15542	8.747574484304792e-09
Disease	disease_3212	8.74501538585859e-09
Disease	disease_9503	8.744564227204873e-09
Disease	disease_7943	8.743997595766347e-09
Disease	disease_12865	8.743777794598175e-09
Disease	disease_7673	8.742998913754494e-09
Disease	disease_13488	8.742895442103264e-09
Disease	disease_11642	8.742470721711394e-09
Disease	disease_8496	8.739993761441395e-09
Disease	disease_8284	8.737621091528463e-09
Disease	disease_32875	8.73646022398137e-09
Disease	disease_9711	8.735912830238962e-09
Disease	disease_31386	8.73553583573907e-09
Disease	disease_9408	8.734374073394256e-09
Disease	disease_15213	8.73214404498581e-09
Disease	disease_20937	8.730212792088459e-09
Disease	disease_6685	8.728740044927125e-09
Disease	disease_8285	8.728561089651222e-09
Disease	disease_30028	8.726784911816547e-09
Disease	disease_11043	8.7262345276371e-09
Disease	disease_20142	8.725459982002182e-09
Disease	disease_8299	8.722935111391235e-09
Disease	disease_14253	8.721126598413239e-09
Disease	disease_16755	8.721073140463226e-09
Disease	disease_19776	8.71962626034501e-09
Disease	disease_384	8.719515468162686e-09
Disease	disease_30048	8.719022845262227e-09
Disease	disease_60510	8.71829959091875e-09
Disease	disease_18160	8.718275195443385e-09
Disease	disease_2289	8.717045317583837e-09
Disease	disease_60642	8.714461196431079e-09
Disease	disease_2303	8.71318931415365e-09
Disease	disease_21540	8.711989138738481e-09
Disease	disease_11727	8.710923416142264e-09
Disease	disease_2800	8.708948908274922e-09
Disease	disease_13330	8.708909715851336e-09
Disease	disease_30030	8.708839943848635e-09
Disease	disease_12465	8.706779757646456e-09
Disease	disease_12251	8.706646600138951e-09
Disease	disease_14221	8.70415310365616e-09
Disease	disease_30057	8.699116905825896e-09
Disease	disease_7623	8.698187496336792e-09
Disease	disease_44331	8.692569131549375e-09
Disease	disease_33618	8.691519173809154e-09
Disease	disease_32741	8.689041594669047e-09
Disease	disease_14341	8.684105996449598e-09
Disease	disease_100337	8.683598213955693e-09
Disease	disease_44203	8.680486677884364e-09
Disease	disease_30018	8.678298621932462e-09
Disease	disease_100237	8.677914955181575e-09
Disease	disease_13403	8.67676845756041e-09
Disease	disease_10126	8.67593201702805e-09
Disease	disease_18935	8.6757778266235e-09
Disease	disease_5788	8.672373270995016e-09
Disease	disease_18050	8.667741105006824e-09
Disease	disease_12107	8.667272605280589e-09
Disease	disease_10028	8.662486276936479e-09
Disease	disease_8344	8.662055412383171e-09
Disease	disease_10974	8.66185567520463e-09
Disease	disease_11887	8.657926110588201e-09
Disease	disease_15658	8.655739031071218e-09
Disease	disease_7439	8.654736173156195e-09
Disease	disease_32592	8.652688673887329e-09
Disease	disease_10193	8.652143410977249e-09
Disease	disease_9331	8.651129816441819e-09
Disease	disease_13194	8.650328713331771e-09
Disease	disease_32600	8.649522291065958e-09
Disease	disease_26722	8.644373730404401e-09
Disease	disease_32690	8.644121194288204e-09
Disease	disease_7425	8.641293656032904e-09
Disease	disease_32942	8.640670094720454e-09
Disease	disease_33658	8.638929368238706e-09
Disease	disease_10003	8.637975788274589e-09
Disease	disease_14974	8.637482019465596e-09
Disease	disease_11885	8.636806553350062e-09
Disease	disease_10127	8.635926990991477e-09
Disease	disease_12783	8.63298020878918e-09
Disease	disease_32943	8.628584804934252e-09
Disease	disease_8792	8.628333405426626e-09
Disease	disease_14850	8.627836932270273e-09
Disease	disease_7500	8.626044269698682e-09
Disease	disease_11646	8.625435296835365e-09
Disease	disease_32784	8.623559801019851e-09
Disease	disease_12374	8.621263480210157e-09
Disease	disease_44333	8.620613129447262e-09
Disease	disease_60666	8.61889261245298e-09
Disease	disease_13580	8.618236417582294e-09
Disease	disease_100132	8.61795472486459e-09
Disease	disease_10174	8.613808640301825e-09
Disease	disease_14727	8.611596892925202e-09
Disease	disease_30063	8.608767689225852e-09
Disease	disease_30012	8.608633139403098e-09
Disease	disease_32901	8.608395411204084e-09
Disease	disease_32878	8.606950634378488e-09
Disease	disease_32855	8.606532617129333e-09
Disease	disease_20792	8.605498015667206e-09
Disease	disease_9633	8.604481897858942e-09
Disease	disease_17425	8.604220158635189e-09
Disease	disease_60752	8.60361000561029e-09
Disease	disease_12242	8.602248510259564e-09
Disease	disease_13680	8.60074043696664e-09
Disease	disease_33544	8.598617672024381e-09
Disease	disease_20647	8.597372818020936e-09
Disease	disease_33546	8.596937462081704e-09
Disease	disease_8169	8.593680703860991e-09
Disease	disease_11947	8.592961081837384e-09
Disease	disease_32868	8.592541971167911e-09
Disease	disease_14946	8.591679721470985e-09
Disease	disease_32758	8.590756892165307e-09
Disease	disease_7545	8.590538267698682e-09
Disease	disease_9844	8.589783234705527e-09
Disease	disease_32829	8.588877411510675e-09
Disease	disease_13538	8.587186709482886e-09
Disease	disease_33664	8.587031505135483e-09
Disease	disease_14963	8.58568441036528e-09
Disease	disease_8630	8.584096473213996e-09
Disease	disease_13493	8.583270052011893e-09
Disease	disease_7183	8.58288521575525e-09
Disease	disease_15427	8.580155947762073e-09
Disease	disease_9911	8.578780410433384e-09
Disease	disease_7513	8.577842239290456e-09
Disease	disease_14255	8.5754140747438e-09
Disease	disease_8691	8.57515207012329e-09
Disease	disease_7406	8.571243387604223e-09
Disease	disease_32687	8.56572000704877e-09
Disease	disease_10040	8.563890564537455e-09
Disease	disease_32816	8.563407499190999e-09
Disease	disease_11906	8.557793900687814e-09
Disease	disease_30051	8.556656955152143e-09
Disease	disease_17773	8.554461950673382e-09
Disease	disease_14914	8.554199825701958e-09
Disease	disease_13321	8.553181355787152e-09
Disease	disease_19161	8.551681552935283e-09
Disease	disease_14968	8.551029771084659e-09
Disease	disease_12712	8.54880627805622e-09
Disease	disease_10573	8.547357970359874e-09
Disease	disease_9964	8.54728640499057e-09
Disease	disease_10853	8.545327341394498e-09
Disease	disease_9248	8.545064996513593e-09
Disease	disease_7858	8.54360614016352e-09
Disease	disease_7402	8.543464383255087e-09
Disease	disease_1641	8.5418090318654e-09
Disease	disease_14559	8.5414683422526e-09
Disease	disease_20237	8.538853655614148e-09
Disease	disease_8778	8.538412997197735e-09
Disease	disease_8376	8.538278656105402e-09
Disease	disease_17871	8.533982553961233e-09
Disease	disease_8354	8.533233690022208e-09
Disease	disease_32882	8.533207781364985e-09
Disease	disease_7237	8.52942554165728e-09
Disease	disease_12198	8.529327185154321e-09
Disease	disease_9842	8.52907409926594e-09
Disease	disease_9057	8.528990400461754e-09
Disease	disease_60507	8.528507192379062e-09
Disease	disease_14715	8.527726807072855e-09
Disease	disease_33560	8.527341210267401e-09
Disease	disease_19794	8.527308495042827e-09
Disease	disease_12798	8.52658628473309e-09
Disease	disease_9948	8.519201716616907e-09
Disease	disease_8593	8.51834197459843e-09
Disease	disease_7465	8.516705068385815e-09
Disease	disease_13077	8.516687818260693e-09
Disease	disease_12772	8.515451364333169e-09
Disease	disease_20333	8.514921663968714e-09
Disease	disease_44303	8.514647675669884e-09
Disease	disease_8655	8.512601224461192e-09
Disease	disease_14556	8.505279062039107e-09
Disease	disease_7156	8.504104428983004e-09
Disease	disease_8823	8.504056096636119e-09
Disease	disease_2545	8.503740195310201e-09
Disease	disease_9521	8.502555430464722e-09
Disease	disease_7870	8.500908376632492e-09
Disease	disease_5411	8.499702654986023e-09
Disease	disease_10219	8.498861651201538e-09
Disease	disease_15068	8.497219295268974e-09
Disease	disease_18918	8.492660357640926e-09
Disease	disease_8969	8.490141193283372e-09
Disease	disease_10896	8.489839955670895e-09
Disease	disease_8595	8.489291429815672e-09
Disease	disease_33662	8.489226469024933e-09
Disease	disease_60733	8.488268564718129e-09
Disease	disease_11939	8.487716016875054e-09
Disease	disease_7682	8.486659277715962e-09
Disease	disease_8281	8.486568467629395e-09
Disease	disease_32843	8.486211834661666e-09
Disease	disease_8313	8.485680598213518e-09
Disease	disease_4180	8.485452357372656e-09
Disease	disease_15461	8.48516344920138e-09
Disease	disease_11078	8.484387581706067e-09
Disease	disease_3093	8.483791548148673e-09
Disease	disease_9243	8.483690874330075e-09
Disease	disease_9127	8.483434780116286e-09
Disease	disease_100028	8.482276405354661e-09
Disease	disease_7855	8.482129577407143e-09
Disease	disease_13543	8.481168443639505e-09
Disease	disease_32653	8.480539444544416e-09
Disease	disease_10507	8.480168051378763e-09
Disease	disease_32698	8.479996818577867e-09
Disease	disease_8776	8.479940371390635e-09
Disease	disease_32790	8.479477974086203e-09
Disease	disease_7034	8.478579142670753e-09
Disease	disease_12987	8.478558775825942e-09
Disease	disease_32830	8.47790435057961e-09
Disease	disease_12992	8.476037234245037e-09
Disease	disease_10515	8.475833087882485e-09
Disease	disease_9237	8.475644766689346e-09
Disease	disease_30046	8.474560173895093e-09
Disease	disease_12417	8.474142570357502e-09
Disease	disease_30007	8.473844463568471e-09
Disease	disease_10004	8.473325458774869e-09
Disease	disease_5556	8.473273923149393e-09
Disease	disease_32697	8.47190337358135e-09
Disease	disease_32824	8.471460400400347e-09
Disease	disease_8605	8.47096411944503e-09
Disease	disease_8635	8.470182869367443e-09
Disease	disease_23227	8.470169615502412e-09
Disease	disease_12292	8.469521431313225e-09
Disease	disease_17857	8.466369818302858e-09
Disease	disease_32897	8.465996505121533e-09
Disease	disease_33613	8.465849916054396e-09
Disease	disease_8232	8.465815956020796e-09
Disease	disease_13461	8.465766892076848e-09
Disease	disease_11244	8.464294773745129e-09
Disease	disease_11209	8.463475960583117e-09
Disease	disease_11858	8.463321468975242e-09
Disease	disease_9542	8.462970283258854e-09
Disease	disease_9128	8.462917439998998e-09
Disease	disease_12272	8.46229000756326e-09
Disease	disease_12120	8.461192519039046e-09
Disease	disease_17434	8.460076932840004e-09
Disease	disease_9619	8.459798507373342e-09
Disease	disease_33548	8.45918967321531e-09
Disease	disease_11263	8.45707956044983e-09
Disease	disease_32736	8.456963669606098e-09
Disease	disease_32877	8.45637030062233e-09
Disease	disease_14958	8.455829372257803e-09
Disease	disease_27772	8.455535939687377e-09
Disease	disease_9684	8.452624820129415e-09
Disease	disease_7818	8.451129352703932e-09
Disease	disease_12732	8.450813814273547e-09
Disease	disease_10179	8.446843563418997e-09
Disease	disease_15014	8.445370102451966e-09
Disease	disease_4166	8.445320461837308e-09
Disease	disease_9497	8.442460369942402e-09
Disease	disease_12859	8.441597567249787e-09
Disease	disease_4405	8.441340426522493e-09
Disease	disease_32916	8.440466234163055e-09
Disease	disease_6281	8.439651453076424e-09
Disease	disease_16906	8.439163084003582e-09
Disease	disease_32774	8.438103090848994e-09
Disease	disease_17046	8.437267058518115e-09
Disease	disease_32934	8.436575476077105e-09
Disease	disease_18063	8.435838003283725e-09
Disease	disease_30024	8.43450418220705e-09
Disease	disease_32833	8.434455434439967e-09
Disease	disease_33619	8.433413101067914e-09
Disease	disease_8835	8.433249698588413e-09
Disease	disease_8481	8.431636310172021e-09
Disease	disease_24913	8.431238042735353e-09
Disease	disease_10109	8.430626754393562e-09
Disease	disease_10032	8.430246512262088e-09
Disease	disease_19778	8.430095208610986e-09
Disease	disease_33559	8.429274890650264e-09
Disease	disease_12311	8.429019111644721e-09
Disease	disease_8456	8.428608030871867e-09
Disease	disease_32832	8.428199327271606e-09
Disease	disease_32913	8.427549578493172e-09
Disease	disease_10955	8.427143236981959e-09
Disease	disease_14956	8.426533137642303e-09
Disease	disease_32864	8.425009274738555e-09
Disease	disease_30025	8.420943287919623e-09
Disease	disease_21380	8.420422002050673e-09
Disease	disease_7302	8.418143181522347e-09
Disease	disease_7544	8.41595200492562e-09
Disease	disease_12692	8.415939070310702e-09
Disease	disease_10547	8.415764731945896e-09
Disease	disease_32828	8.415492384494082e-09
Disease	disease_32926	8.41513196530508e-09
Disease	disease_4081	8.413530771501717e-09
Disease	disease_10812	8.41351663618249e-09
Disease	disease_7107	8.413281156336185e-09
Disease	disease_13909	8.413042033082634e-09
Disease	disease_60533	8.412777667964677e-09
Disease	disease_7292	8.411177857909471e-09
Disease	disease_19558	8.411098831835666e-09
Disease	disease_9788	8.410902812591271e-09
Disease	disease_16674	8.40962498616201e-09
Disease	disease_10757	8.408884728587005e-09
Disease	disease_32886	8.407365726224336e-09
Disease	disease_11155	8.406526159227106e-09
Disease	disease_8976	8.406185701077466e-09
Disease	disease_5381	8.404081760988624e-09
Disease	disease_32931	8.404025775429528e-09
Disease	disease_8308	8.403807183648047e-09
Disease	disease_32887	8.402831425812257e-09
Disease	disease_9347	8.402351424833379e-09
Disease	disease_12171	8.40220054982803e-09
Disease	disease_32876	8.402060598659618e-09
Disease	disease_33547	8.40194349869401e-09
Disease	disease_10980	8.401720643315447e-09
Disease	disease_60713	8.400785188350512e-09
Disease	disease_7162	8.399459466246477e-09
Disease	disease_8500	8.399078482653108e-09
Disease	disease_32836	8.398235292466344e-09
Disease	disease_11069	8.397953442743642e-09
Disease	disease_32714	8.397258723773979e-09
Disease	disease_13289	8.397141332587372e-09
Disease	disease_13319	8.39684429186215e-09
Disease	disease_8258	8.39681165408834e-09
Disease	disease_8186	8.396654363289355e-09
Disease	disease_7769	8.396349634407507e-09
Disease	disease_32647	8.396058594293835e-09
Disease	disease_14595	8.395993225923656e-09
Disease	disease_7901	8.395755184186068e-09
Disease	disease_8837	8.394777354552684e-09
Disease	disease_12397	8.394547862113943e-09
Disease	disease_8250	8.394536237794535e-09
Disease	disease_32890	8.393794041514942e-09
Disease	disease_11798	8.393318100641508e-09
Disease	disease_9781	8.392922948983169e-09
Disease	disease_1476	8.3923215181852e-09
Disease	disease_33570	8.391586786894295e-09
Disease	disease_9244	8.391491696586366e-09
Disease	disease_30073	8.390176266660572e-09
Disease	disease_14979	8.389250402794807e-09
Disease	disease_32884	8.388793073284167e-09
Disease	disease_9122	8.387213076116507e-09
Disease	disease_8568	8.386905622943192e-09
Disease	disease_8042	8.386378208628446e-09
Disease	disease_32779	8.385819044346708e-09
Disease	disease_503	8.385742941489547e-09
Disease	disease_9040	8.385143904328504e-09
Disease	disease_9944	8.384323179254316e-09
Disease	disease_19125	8.38400373066733e-09
Disease	disease_9847	8.383135066170592e-09
Disease	disease_32672	8.382736110683779e-09
Disease	disease_32928	8.382732528696181e-09
Disease	disease_10292	8.382481367917955e-09
Disease	disease_11044	8.38223625964553e-09
Disease	disease_32820	8.382181630477695e-09
Disease	disease_8122	8.38207010879804e-09
Disease	disease_8986	8.381822308472971e-09
Disease	disease_10885	8.380602061871202e-09
Disease	disease_16579	8.380327949796835e-09
Disease	disease_32805	8.38002920927311e-09
Disease	disease_20853	8.379899665287985e-09
Disease	disease_33641	8.37983999956079e-09
Disease	disease_20478	8.378726809821313e-09
Disease	disease_10278	8.378430935249123e-09
Disease	disease_12347	8.378246027977109e-09
Disease	disease_10181	8.377873550200772e-09
Disease	disease_15626	8.377728979158095e-09
Disease	disease_7945	8.375623221332982e-09
Disease	disease_18695	8.374390192553483e-09
Disease	disease_26727	8.374114117595064e-09
Disease	disease_9623	8.374022993682152e-09
Disease	disease_9355	8.373432719329714e-09
Disease	disease_8203	8.37278485300568e-09
Disease	disease_11402	8.371732627398971e-09
Disease	disease_11009	8.371353823356091e-09
Disease	disease_32821	8.370985249653102e-09
Disease	disease_7962	8.370836860737614e-09
Disease	disease_18882	8.370462149197794e-09
Disease	disease_30029	8.369967268020562e-09
Disease	disease_33667	8.3698402640495e-09
Disease	disease_8254	8.367993871237488e-09
Disease	disease_13383	8.367030733802247e-09
Disease	disease_8362	8.364520452850216e-09
Disease	disease_7884	8.36385449826156e-09
Disease	disease_12558	8.36246529310363e-09
Disease	disease_32738	8.361280876764693e-09
Disease	disease_14083	8.361195926803311e-09
Disease	disease_8321	8.360955265507985e-09
Disease	disease_11002	8.360149465045579e-09
Disease	disease_32842	8.359879870838495e-09
Disease	disease_32681	8.359858833005734e-09
Disease	disease_24504	8.35965481491281e-09
Disease	disease_9385	8.35910664375201e-09
Disease	disease_7144	8.358732887556475e-09
Disease	disease_7593	8.358649476377786e-09
Disease	disease_7685	8.358188717704084e-09
Disease	disease_7050	8.357695081425881e-09
Disease	disease_12814	8.357537875648049e-09
Disease	disease_7799	8.35708520756465e-09
Disease	disease_7890	8.35695634024783e-09
Disease	disease_9743	8.356801426920392e-09
Disease	disease_7517	8.356361085958604e-09
Disease	disease_9375	8.356148493683594e-09
Disease	disease_10956	8.3560471036479e-09
Disease	disease_944	8.356033738776984e-09
Disease	disease_18697	8.356027870528686e-09
Disease	disease_8103	8.35584994559281e-09
Disease	disease_12178	8.355565090025227e-09
Disease	disease_32759	8.355251487722575e-09
Disease	disease_24876	8.354997820958992e-09
Disease	disease_11130	8.354967576056821e-09
Disease	disease_13564	8.354798203872176e-09
Disease	disease_8836	8.354530299600376e-09
Disease	disease_9587	8.354068515967307e-09
Disease	disease_8589	8.353886106869649e-09
Disease	disease_9098	8.353795381515886e-09
Disease	disease_19225	8.353661817896884e-09
Disease	disease_7889	8.353136463553933e-09
Disease	disease_12197	8.352579772464058e-09
Disease	disease_32892	8.352289985947742e-09
Disease	disease_11637	8.352087800830763e-09
Disease	disease_9602	8.3520837835193e-09
Disease	disease_7869	8.351800332771716e-09
Disease	disease_9422	8.351302725167492e-09
Disease	disease_7547	8.350841755319633e-09
Disease	disease_8248	8.35032199907876e-09
Disease	disease_7054	8.349551795019732e-09
Disease	disease_8325	8.349551795019732e-09
Disease	disease_7831	8.349551795019732e-09
Disease	disease_7444	8.349551795019732e-09
Disease	disease_8189	8.349551795019732e-09
Disease	disease_7358	8.349551795019732e-09
Disease	disease_8524	8.349551795019732e-09
Disease	disease_12328	8.349551795019732e-09
Disease	disease_33621	8.34884820379983e-09
Disease	disease_32788	8.347652151813652e-09
Disease	disease_7102	8.345536114879697e-09
Disease	disease_32921	8.345084221688325e-09
Disease	disease_19451	8.345013589488578e-09
Disease	disease_8951	8.344606636709533e-09
Disease	disease_11654	8.344561490227874e-09
Disease	disease_9447	8.343875330764913e-09
Disease	disease_9029	8.343774984887506e-09
Disease	disease_7180	8.343691281956727e-09
Disease	disease_11039	8.342661976750523e-09
Disease	disease_7755	8.34217703471776e-09
Disease	disease_11538	8.341866776858588e-09
Disease	disease_3824	8.341572046577952e-09
Disease	disease_8845	8.341468176403373e-09
Disease	disease_12373	8.341453852459588e-09
Disease	disease_10746	8.34068872678273e-09
Disease	disease_9573	8.340231883357434e-09
Disease	disease_8035	8.33953952727193e-09
Disease	disease_9494	8.337233127920314e-09
Disease	disease_7370	8.337144081132245e-09
Disease	disease_32937	8.337123285477458e-09
Disease	disease_9046	8.337101126209957e-09
Disease	disease_7328	8.336970394030672e-09
Disease	disease_7426	8.336920845707046e-09
Disease	disease_12329	8.336910662523403e-09
Disease	disease_7125	8.336822642476949e-09
Disease	disease_8820	8.335314963418302e-09
Disease	disease_9600	8.335258882333179e-09
Disease	disease_1490	8.335256651690474e-09
Disease	disease_30037	8.335076513831485e-09
Disease	disease_7480	8.334905518164181e-09
Disease	disease_166	8.33477281891606e-09
Disease	disease_532	8.333883287794635e-09
Disease	disease_7390	8.333880456247132e-09
Disease	disease_8909	8.333545559708708e-09
Disease	disease_33569	8.333471404725606e-09
Disease	disease_32705	8.333310526951884e-09
Disease	disease_32870	8.33320933746444e-09
Disease	disease_11040	8.33293271413397e-09
Disease	disease_13149	8.33257022869573e-09
Disease	disease_17077	8.330666160308812e-09
Disease	disease_7498	8.33064008106108e-09
Disease	disease_10871	8.330228537484604e-09
Disease	disease_9686	8.330114757106481e-09
Disease	disease_9879	8.329927925902136e-09
Disease	disease_21632	8.329851107002888e-09
Disease	disease_10166	8.329729916832678e-09
Disease	disease_18959	8.32952942045585e-09
Disease	disease_10084	8.329460082343963e-09
Disease	disease_12535	8.328768879461281e-09
Disease	disease_9972	8.327939311677374e-09
Disease	disease_9702	8.327810161191327e-09
Disease	disease_8304	8.326735146376894e-09
Disease	disease_7469	8.326365932410972e-09
Disease	disease_9460	8.325921386964857e-09
Disease	disease_9851	8.325849415115374e-09
Disease	disease_7877	8.325523602833137e-09
Disease	disease_32893	8.325410841938787e-09
Disease	disease_21927	8.325143004355926e-09
Disease	disease_8084	8.324968562674492e-09
Disease	disease_10380	8.324347811078305e-09
Disease	disease_30049	8.324289702640073e-09
Disease	disease_9118	8.324140464425049e-09
Disease	disease_60662	8.323712540338377e-09
Disease	disease_9812	8.323291785060906e-09
Disease	disease_10599	8.323134176591946e-09
Disease	disease_9701	8.323113753071433e-09
Disease	disease_8649	8.322502817236645e-09
Disease	disease_8105	8.322362196086977e-09
Disease	disease_9907	8.322341238018484e-09
Disease	disease_17016	8.322171375771448e-09
Disease	disease_9559	8.322114835098928e-09
Disease	disease_10189	8.321977134726163e-09
Disease	disease_13037	8.321692517226588e-09
Disease	disease_11179	8.321674779027028e-09
Disease	disease_7512	8.321486366903744e-09
Disease	disease_9707	8.320402386543143e-09
Disease	disease_7557	8.32030199675421e-09
Disease	disease_9982	8.319349936872786e-09
Disease	disease_9545	8.318478822940121e-09
Disease	disease_9466	8.318066986155634e-09
Disease	disease_12668	8.317901078031068e-09
Disease	disease_7777	8.317131528176963e-09
Disease	disease_9508	8.316779172253818e-09
Disease	disease_8216	8.316197961052935e-09
Disease	disease_7479	8.315985875242102e-09
Disease	disease_10781	8.314614155130431e-09
Disease	disease_8391	8.314275170650332e-09
Disease	disease_8351	8.314155015673538e-09
Disease	disease_8037	8.314155015673538e-09
Disease	disease_8349	8.314121379441999e-09
Disease	disease_18270	8.313642599910216e-09
Disease	disease_8089	8.312886840798867e-09
Disease	disease_9961	8.312838759551649e-09
Disease	disease_11077	8.31219679605458e-09
Disease	disease_19700	8.311725811450728e-09
Disease	disease_11005	8.311509970530016e-09
Disease	disease_32862	8.311107641563492e-09
Disease	disease_13856	8.310848528433507e-09
Disease	disease_9884	8.310464785489514e-09
Disease	disease_32797	8.310376973808552e-09
Disease	disease_10034	8.31032590905247e-09
Disease	disease_9474	8.31032590905247e-09
Disease	disease_8522	8.31029460385709e-09
Disease	disease_30071	8.310082661095581e-09
Disease	disease_9881	8.309838810417658e-09
Disease	disease_8933	8.30953823182796e-09
Disease	disease_30038	8.309101034505384e-09
Disease	disease_7516	8.30897194783674e-09
Disease	disease_11206	8.308950908223199e-09
Disease	disease_8350	8.308615169855343e-09
Disease	disease_9951	8.30857269642151e-09
Disease	disease_7090	8.308402250509044e-09
Disease	disease_9896	8.308354839790183e-09
Disease	disease_10608	8.308135675541779e-09
Disease	disease_11736	8.307924318334063e-09
Disease	disease_9164	8.307270448777808e-09
Disease	disease_8014	8.306883260244233e-09
Disease	disease_7530	8.306508909458021e-09
Disease	disease_7531	8.306508909458021e-09
Disease	disease_9778	8.306327865422544e-09
Disease	disease_10158	8.30617251635737e-09
Disease	disease_10682	8.306039690382146e-09
Disease	disease_8773	8.305827983257897e-09
Disease	disease_32716	8.305780619566285e-09
Disease	disease_60456	8.305737417980078e-09
Disease	disease_9462	8.305615979334027e-09
Disease	disease_11332	8.30533192384359e-09
Disease	disease_9496	8.305290611075484e-09
Disease	disease_9142	8.305096535803631e-09
Disease	disease_8932	8.304993679848517e-09
Disease	disease_9674	8.304618217811688e-09
Disease	disease_13535	8.303833286451621e-09
Disease	disease_9391	8.303819988255218e-09
Disease	disease_32841	8.30377336123001e-09
Disease	disease_9488	8.303620697747997e-09
Disease	disease_8166	8.303156512811359e-09
Disease	disease_30026	8.303066734397212e-09
Disease	disease_11172	8.302992352852402e-09
Disease	disease_7150	8.302904595457206e-09
Disease	disease_8937	8.302752616084579e-09
Disease	disease_12001	8.302583836727012e-09
Disease	disease_12174	8.302373401629455e-09
Disease	disease_7773	8.302294114842567e-09
Disease	disease_8326	8.302294114842567e-09
Disease	disease_8625	8.302294114842567e-09
Disease	disease_8839	8.301334496548382e-09
Disease	disease_13911	8.301148074460819e-09
Disease	disease_9184	8.300752540365089e-09
Disease	disease_18687	8.300613068144431e-09
Disease	disease_9913	8.300537115363046e-09
Disease	disease_9922	8.300448014221075e-09
Disease	disease_11651	8.299960485662141e-09
Disease	disease_7577	8.29957103555481e-09
Disease	disease_25193	8.29948562514749e-09
Disease	disease_10928	8.299415361054215e-09
Disease	disease_9790	8.299394293889874e-09
Disease	disease_7393	8.299349331839048e-09
Disease	disease_7647	8.29903389423351e-09
Disease	disease_8989	8.298767971129268e-09
Disease	disease_13055	8.29866700194397e-09
Disease	disease_8462	8.298475109207222e-09
Disease	disease_32818	8.298224793263236e-09
Disease	disease_10416	8.298183869032068e-09
Disease	disease_10157	8.297951542928684e-09
Disease	disease_7996	8.297874115934136e-09
Disease	disease_8821	8.297259283092e-09
Disease	disease_9976	8.297090787055954e-09
Disease	disease_14821	8.29706614868201e-09
Disease	disease_9463	8.296669616645093e-09
Disease	disease_30033	8.296407649899258e-09
Disease	disease_13618	8.296110074907275e-09
Disease	disease_8352	8.296108549493667e-09
Disease	disease_32659	8.295939526658745e-09
Disease	disease_30045	8.294704494393854e-09
Disease	disease_12468	8.29452373251871e-09
Disease	disease_11746	8.293856662268494e-09
Disease	disease_9596	8.29361959142179e-09
Disease	disease_10037	8.293043468992975e-09
Disease	disease_9551	8.293043468992975e-09
Disease	disease_8775	8.293043468992975e-09
Disease	disease_9125	8.293043468992975e-09
Disease	disease_7633	8.292834468412423e-09
Disease	disease_9013	8.29262010354388e-09
Disease	disease_12005	8.29227196566634e-09
Disease	disease_7905	8.291886297591936e-09
Disease	disease_8356	8.29099880170231e-09
Disease	disease_7246	8.290824270938852e-09
Disease	disease_7210	8.290727328194607e-09
Disease	disease_8253	8.290589087762843e-09
Disease	disease_32885	8.289867682492821e-09
Disease	disease_8801	8.289684978968232e-09
Disease	disease_9418	8.289427234194399e-09
Disease	disease_8600	8.28921923134439e-09
Disease	disease_7657	8.288712497139055e-09
Disease	disease_7898	8.288712497139055e-09
Disease	disease_9888	8.28864024690655e-09
Disease	disease_32770	8.288275166765366e-09
Disease	disease_13332	8.288135615476888e-09
Disease	disease_10118	8.288094502784826e-09
Disease	disease_9328	8.287789809957419e-09
Disease	disease_7206	8.287701624260321e-09
Disease	disease_7178	8.287479244191066e-09
Disease	disease_23003	8.287022379220754e-09
Disease	disease_9201	8.28685537428286e-09
Disease	disease_8461	8.286348006737903e-09
Disease	disease_12218	8.286268857213881e-09
Disease	disease_10093	8.28610587581617e-09
Disease	disease_11867	8.286090794446883e-09
Disease	disease_8160	8.28540804967717e-09
Disease	disease_10106	8.285303426063639e-09
Disease	disease_30074	8.284893380809345e-09
Disease	disease_10751	8.284311210072168e-09
Disease	disease_32889	8.28429961947456e-09
Disease	disease_7668	8.284293057512099e-09
Disease	disease_7433	8.283533054502338e-09
Disease	disease_7833	8.283051179148431e-09
Disease	disease_7151	8.282465476958067e-09
Disease	disease_7830	8.282377492208302e-09
Disease	disease_7770	8.282303442119645e-09
Disease	disease_8066	8.282303442119645e-09
Disease	disease_7598	8.282225481686426e-09
Disease	disease_8936	8.282223208852149e-09
Disease	disease_30055	8.281491568316006e-09
Disease	disease_7873	8.281204616860918e-09
Disease	disease_8288	8.280679499603734e-09
Disease	disease_9632	8.280613429384381e-09
Disease	disease_7038	8.280462646161953e-09
Disease	disease_9403	8.280117731193262e-09
Disease	disease_7373	8.279878262841316e-09
Disease	disease_9163	8.27946351506009e-09
Disease	disease_9811	8.278508561562296e-09
Disease	disease_8124	8.278440095147167e-09
Disease	disease_8064	8.278242883424782e-09
Disease	disease_7463	8.278065044750818e-09
Disease	disease_9132	8.277774434482259e-09
Disease	disease_7973	8.277609866175653e-09
Disease	disease_7241	8.277506405734702e-09
Disease	disease_8363	8.277402597351625e-09
Disease	disease_32894	8.277253908367461e-09
Disease	disease_33644	8.27712935123839e-09
Disease	disease_32814	8.277044064226703e-09
Disease	disease_9170	8.277036760587516e-09
Disease	disease_8366	8.27684316538388e-09
Disease	disease_8065	8.276231235087988e-09
Disease	disease_8063	8.276231235087988e-09
Disease	disease_8027	8.276143310379525e-09
Disease	disease_20840	8.276127460348652e-09
Disease	disease_8240	8.275848646424895e-09
Disease	disease_8914	8.275796716215426e-09
Disease	disease_8613	8.275786251308154e-09
Disease	disease_3900	8.275359273743496e-09
Disease	disease_11221	8.27530987075635e-09
Disease	disease_8431	8.275151656876148e-09
Disease	disease_8615	8.274779569416657e-09
Disease	disease_7912	8.274656823399926e-09
Disease	disease_8998	8.274570861956106e-09
Disease	disease_7153	8.274563023929032e-09
Disease	disease_9088	8.274549182265784e-09
Disease	disease_9077	8.27451894311388e-09
Disease	disease_8336	8.274438259127071e-09
Disease	disease_10175	8.274261772073315e-09
Disease	disease_11352	8.274224690878046e-09
Disease	disease_7976	8.274046605873151e-09
Disease	disease_8430	8.273730630042439e-09
Disease	disease_7304	8.27372165114365e-09
Disease	disease_32879	8.273412202778797e-09
Disease	disease_8441	8.273412005315308e-09
Disease	disease_8052	8.273302530465057e-09
Disease	disease_10145	8.27305872014086e-09
Disease	disease_32680	8.272978703050596e-09
Disease	disease_8314	8.27274906959742e-09
Disease	disease_9208	8.27269527604944e-09
Disease	disease_8282	8.272676414585228e-09
Disease	disease_7133	8.272499428557588e-09
Disease	disease_11135	8.2722778486036e-09
Disease	disease_8236	8.272022944807992e-09
Disease	disease_7717	8.272012063909468e-09
Disease	disease_30005	8.271873703643127e-09
Disease	disease_9828	8.271850721121855e-09
Disease	disease_7997	8.271772239222046e-09
Disease	disease_7253	8.271635027184588e-09
Disease	disease_8088	8.271541925037871e-09
Disease	disease_32685	8.271493275721219e-09
Disease	disease_8629	8.271360812574435e-09
Disease	disease_9586	8.271092584902246e-09
Disease	disease_8400	8.271002511762335e-09
Disease	disease_32574	8.270925211130904e-09
Disease	disease_10982	8.270917606232118e-09
Disease	disease_8229	8.270757794265654e-09
Disease	disease_7460	8.270757794265654e-09
Disease	disease_10022	8.270667467953526e-09
Disease	disease_9455	8.27066354986188e-09
Disease	disease_32853	8.270640755813552e-09
Disease	disease_8844	8.270352878983187e-09
Disease	disease_10872	8.270137198132393e-09
Disease	disease_7951	8.270095517973756e-09
Disease	disease_8581	8.270037287950277e-09
Disease	disease_7840	8.270016346295913e-09
Disease	disease_9190	8.269746606542662e-09
Disease	disease_8526	8.269727601559e-09
Disease	disease_7816	8.269698666075555e-09
Disease	disease_7754	8.26968828813637e-09
Disease	disease_8140	8.269490355325395e-09
Disease	disease_7418	8.269490355325395e-09
Disease	disease_7497	8.269490355325395e-09
Disease	disease_7581	8.269490355325395e-09
Disease	disease_7499	8.269490355325395e-09
Disease	disease_32925	8.269336587943071e-09
Disease	disease_9538	8.2691848826388e-09
Disease	disease_16108	8.269112529529743e-09
Disease	disease_7583	8.268977564718787e-09
Disease	disease_7423	8.268899135344061e-09
Disease	disease_10978	8.2688489632229e-09
Disease	disease_7625	8.268777601297917e-09
Disease	disease_9407	8.268722827182054e-09
Disease	disease_8212	8.268147970040355e-09
Disease	disease_7752	8.268147970040355e-09
Disease	disease_8255	8.268147970040355e-09
Disease	disease_7260	8.268147970040355e-09
Disease	disease_8687	8.267929247388397e-09
Disease	disease_10054	8.267837045677808e-09
Disease	disease_8121	8.267611542127015e-09
Disease	disease_10681	8.267406477439654e-09
Disease	disease_11949	8.267373152537052e-09
Disease	disease_7865	8.266967844493645e-09
Disease	disease_13575	8.266607352624047e-09
Disease	disease_8573	8.266577960823217e-09
Disease	disease_7643	8.266570439749333e-09
Disease	disease_10740	8.266308596844556e-09
Disease	disease_11115	8.266301431019456e-09
Disease	disease_7049	8.266275746019114e-09
Disease	disease_7427	8.26605308733935e-09
Disease	disease_7957	8.265870945082422e-09
Disease	disease_12473	8.26580417484416e-09
Disease	disease_7952	8.26573494474657e-09
Disease	disease_7121	8.265671502241088e-09
Disease	disease_7882	8.265403195546102e-09
Disease	disease_7408	8.26528232082943e-09
Disease	disease_7371	8.265125252865419e-09
Disease	disease_8444	8.264993422733836e-09
Disease	disease_7654	8.26498438949039e-09
Disease	disease_8543	8.264845158918707e-09
Disease	disease_11051	8.264824768421027e-09
Disease	disease_7599	8.264780379502952e-09
Disease	disease_8578	8.264744045708657e-09
Disease	disease_8549	8.264565057202706e-09
Disease	disease_7132	8.264399117211258e-09
Disease	disease_10055	8.264335981796617e-09
Disease	disease_8584	8.264300082656183e-09
Disease	disease_7923	8.264210705916214e-09
Disease	disease_10875	8.264071289232367e-09
Disease	disease_7274	8.264071289232367e-09
Disease	disease_8405	8.264071289232367e-09
Disease	disease_8577	8.264071289232367e-09
Disease	disease_8012	8.264071289232367e-09
Disease	disease_8181	8.264071289232367e-09
Disease	disease_8579	8.264071289232367e-09
Disease	disease_8576	8.264071289232367e-09
Disease	disease_8342	8.264071289232367e-09
Disease	disease_7066	8.264060656728481e-09
Disease	disease_7914	8.263685095000149e-09
Disease	disease_8257	8.263678825339152e-09
Disease	disease_8020	8.26358980003792e-09
Disease	disease_9956	8.263437353228745e-09
Disease	disease_8463	8.263387126856838e-09
Disease	disease_9802	8.2633241515493e-09
Disease	disease_8188	8.263267556579106e-09
Disease	disease_9056	8.263078785835038e-09
Disease	disease_9343	8.262981521418085e-09
Disease	disease_8385	8.26287650018819e-09
Disease	disease_11117	8.262800180429383e-09
Disease	disease_7505	8.262781620594396e-09
Disease	disease_8096	8.26245926267404e-09
Disease	disease_8886	8.262434424108805e-09
Disease	disease_8022	8.262431197350263e-09
Disease	disease_7695	8.262054831495169e-09
Disease	disease_7616	8.261601068120749e-09
Disease	disease_7457	8.261526090951022e-09
Disease	disease_10050	8.26150714841604e-09
Disease	disease_9481	8.26150714841604e-09
Disease	disease_8946	8.26150714841604e-09
Disease	disease_32733	8.261489022778933e-09
Disease	disease_7825	8.261381682645398e-09
Disease	disease_8141	8.261372822127356e-09
Disease	disease_9311	8.261357682281341e-09
Disease	disease_9186	8.261325816434634e-09
Disease	disease_8920	8.261167288801267e-09
Disease	disease_8609	8.261128536155145e-09
Disease	disease_9060	8.261057162346064e-09
Disease	disease_7491	8.261019962817368e-09
Disease	disease_8324	8.26095976625246e-09
Disease	disease_10042	8.260859341376352e-09
Disease	disease_8533	8.260833162231625e-09
Disease	disease_9358	8.260772096145036e-09
Disease	disease_7553	8.260660769069468e-09
Disease	disease_7431	8.260633987709897e-09
Disease	disease_8307	8.260607907709687e-09
Disease	disease_7199	8.260550851009783e-09
Disease	disease_8604	8.260488174446514e-09
Disease	disease_7597	8.260472800849027e-09
Disease	disease_10147	8.26045858071006e-09
Disease	disease_9457	8.260448020225952e-09
Disease	disease_8651	8.260437532756517e-09
Disease	disease_7687	8.260363005986878e-09
Disease	disease_7430	8.26018345854541e-09
Disease	disease_8916	8.25991158334471e-09
Disease	disease_8459	8.259785535676811e-09
Disease	disease_7824	8.259749889126235e-09
Disease	disease_7229	8.259728938938194e-09
Disease	disease_7605	8.259679743204472e-09
Disease	disease_7502	8.259481024634932e-09
Disease	disease_11180	8.259427051367635e-09
Disease	disease_8739	8.259313916445107e-09
Disease	disease_8623	8.259255184500146e-09
Disease	disease_8530	8.259212762170365e-09
Disease	disease_7258	8.259212762170365e-09
Disease	disease_8194	8.259212762170365e-09
Disease	disease_8100	8.259212231006112e-09
Disease	disease_8424	8.259206243376659e-09
Disease	disease_9059	8.259004223884643e-09
Disease	disease_8802	8.258897324190747e-09
Disease	disease_8580	8.258874116681339e-09
Disease	disease_10605	8.258868691537664e-09
Disease	disease_7720	8.25882048933677e-09
Disease	disease_7789	8.25879899665828e-09
Disease	disease_8208	8.258652648365263e-09
Disease	disease_7359	8.258448621522271e-09
Disease	disease_12486	8.258327301558337e-09
Disease	disease_7985	8.2582876338583e-09
Disease	disease_8626	8.258105776770678e-09
Disease	disease_8527	8.258014001155057e-09
Disease	disease_7941	8.257835911997619e-09
Disease	disease_8001	8.257768010804806e-09
Disease	disease_11148	8.257585299218813e-09
Disease	disease_7501	8.257580814789307e-09
Disease	disease_9932	8.257146578024769e-09
Disease	disease_9048	8.256876022022591e-09
Disease	disease_9860	8.256508798903575e-09
Disease	disease_9037	8.255923791612605e-09
Disease	disease_9027	8.254554289751601e-09
Disease	disease_9980	8.254345318595152e-09
Disease	disease_9286	8.25434380928187e-09
Disease	disease_8738	8.254115641876304e-09
Disease	disease_9826	8.253990870980528e-09
Disease	disease_8860	8.25349389653201e-09
Disease	disease_9854	8.25329315415547e-09
Disease	disease_8912	8.252411889770715e-09
Disease	disease_10628	8.251600542522396e-09
Disease	disease_9087	8.251368994680862e-09
Disease	disease_15135	8.25136602022672e-09
Disease	disease_3939	8.251232589203288e-09
Disease	disease_9017	8.250967861793696e-09
Disease	disease_9898	8.250954705838085e-09
Disease	disease_10018	8.25094669965138e-09
Disease	disease_10124	8.250275583777505e-09
Disease	disease_10103	8.249962116320759e-09
Disease	disease_10919	8.249911941405602e-09
Disease	disease_9129	8.249802699681283e-09
Disease	disease_11092	8.2492853729481e-09
Disease	disease_9957	8.249036408733295e-09
Disease	disease_7228	8.24902850436359e-09
Disease	disease_9899	8.248935457356274e-09
Disease	disease_9392	8.248901600252922e-09
Disease	disease_10163	8.248649152504666e-09
Disease	disease_10784	8.247583199405785e-09
Disease	disease_10707	8.244187420174743e-09
Disease	disease_10260	8.24288992387834e-09
Disease	disease_42975	8.242501222376406e-09
Disease	disease_10267	8.24198559494474e-09
Disease	disease_19347	8.241367973447025e-09
Disease	disease_10673	8.24091398866427e-09
Disease	disease_100039	8.239942152326078e-09
Disease	disease_10719	8.239854860474183e-09
Disease	disease_11733	8.239629295442801e-09
Disease	disease_17369	8.23931431272903e-09
Disease	disease_14066	8.238666592864442e-09
Disease	disease_18864	8.237440994562467e-09
Disease	disease_10696	8.23495174508792e-09
Disease	disease_10734	8.234071151722764e-09
Disease	disease_10244	8.232096312102608e-09
Disease	disease_13857	8.231263170960343e-09
Disease	disease_10769	8.23082887316237e-09
Disease	disease_10695	8.230816001834601e-09
Disease	disease_10629	8.2290897937285e-09
Disease	disease_54838	8.229064121467141e-09
Disease	disease_10546	8.228440732004466e-09
Disease	disease_10552	8.228022969447298e-09
Disease	disease_15689	8.226106115106404e-09
Disease	disease_8498	8.225113071957934e-09
Disease	disease_10706	8.223264067663174e-09
Disease	disease_8361	8.222143111069434e-09
Disease	disease_7057	8.221713066413122e-09
Disease	disease_7694	8.221326379666949e-09
Disease	disease_13497	8.221228656755085e-09
Disease	disease_7578	8.218464673571433e-09
Disease	disease_11241	8.218464673571433e-09
Disease	disease_7189	8.218464673571433e-09
Disease	disease_11317	8.218464673571433e-09
Disease	disease_10536	8.218464673571433e-09
Disease	disease_7543	8.218464673571433e-09
Disease	disease_14763	8.218464673571433e-09
Disease	disease_11228	8.218464673571433e-09
Disease	disease_11316	8.218464673571433e-09
Disease	disease_12259	8.218464673571433e-09
Disease	disease_11315	8.218464673571433e-09
Disease	disease_12255	8.218464673571433e-09
Disease	disease_11310	8.218464673571433e-09
Disease	disease_12243	8.218464673571433e-09
Disease	disease_13814	8.218464673571433e-09
Disease	disease_23121	8.218464673571433e-09
Disease	disease_12283	8.218464673571433e-09
Disease	disease_12058	8.218464673571433e-09
Disease	disease_12047	8.218464673571433e-09
Disease	disease_11319	8.218464673571433e-09
Disease	disease_11318	8.218464673571433e-09
Disease	disease_26768	8.218464673571433e-09
Disease	disease_8074	8.218464673571433e-09
Disease	disease_8068	8.218464673571433e-09
Disease	disease_14519	8.218464673571433e-09
Disease	disease_12038	8.218464673571433e-09
Disease	disease_13799	8.218464673571433e-09
Disease	disease_12288	8.218464673571433e-09
Disease	disease_7942	8.218464673571433e-09
Disease	disease_7532	8.218464673571433e-09
Disease	disease_11210	8.218464673571433e-09
Disease	disease_11212	8.218464673571433e-09
Disease	disease_10776	8.218464673571433e-09
Disease	disease_12284	8.218464673571433e-09
Disease	disease_11247	8.218464673571433e-09
Disease	disease_12223	8.218464673571433e-09
Disease	disease_7579	8.218464673571433e-09
Disease	disease_7968	8.218464673571433e-09
Disease	disease_11306	8.218464673571433e-09
Disease	disease_7980	8.218464673571433e-09
Disease	disease_9840	8.218464673571433e-09
Disease	disease_11282	8.218464673571433e-09
Disease	disease_7580	8.218464673571433e-09
Disease	disease_13335	8.218464673571433e-09
Disease	disease_9193	8.218464673571433e-09
Disease	disease_11251	8.218464673571433e-09
Disease	disease_8432	8.218464673571433e-09
Disease	disease_11290	8.218464673571433e-09
Disease	disease_11288	8.218464673571433e-09
Disease	disease_12133	8.218464673571433e-09
Disease	disease_11289	8.218464673571433e-09
Disease	disease_12131	8.218464673571433e-09
Disease	disease_12182	8.218464673571433e-09
Disease	disease_33572	8.218464673571433e-09
Disease	disease_12068	8.218464673571433e-09
Disease	disease_8085	8.218464673571433e-09
Disease	disease_9829	8.218464673571433e-09
Disease	disease_11267	8.218464673571433e-09
Disease	disease_10113	8.218464673571433e-09
Disease	disease_8902	8.218464673571433e-09
Disease	disease_10112	8.218464673571433e-09
Disease	disease_8010	8.218464673571433e-09
Disease	disease_12207	8.218464673571433e-09
Disease	disease_11256	8.218464673571433e-09
Disease	disease_8011	8.218464673571433e-09
Disease	disease_13318	8.218464673571433e-09
Disease	disease_11254	8.218464673571433e-09
Disease	disease_13374	8.218464673571433e-09
Disease	disease_10793	8.218464673571433e-09
Disease	disease_12298	8.218464673571433e-09
Disease	disease_12352	8.218464673571433e-09
Disease	disease_10048	8.218464673571433e-09
Disease	disease_8241	8.218464673571433e-09
Disease	disease_10000	8.218464673571433e-09
Disease	disease_10960	8.218464673571433e-09
Disease	disease_14053	8.218464673571433e-09
Disease	disease_7061	8.218464673571433e-09
Disease	disease_8330	8.218464673571433e-09
Disease	disease_8658	8.218464673571433e-09
Disease	disease_8317	8.218464673571433e-09
Disease	disease_10705	8.218464673571433e-09
Disease	disease_10990	8.218464673571433e-09
Disease	disease_11000	8.218464673571433e-09
Disease	disease_7175	8.218464673571433e-09
Disease	disease_10760	8.218464673571433e-09
Disease	disease_12572	8.218464673571433e-09
Disease	disease_12564	8.218464673571433e-09
Disease	disease_10692	8.218464673571433e-09
Disease	disease_12550	8.218464673571433e-09
Disease	disease_8256	8.218464673571433e-09
Disease	disease_12711	8.218464673571433e-09
Disease	disease_8643	8.218464673571433e-09
Disease	disease_8639	8.218464673571433e-09
Disease	disease_9432	8.218464673571433e-09
Disease	disease_7331	8.218464673571433e-09
Disease	disease_7323	8.218464673571433e-09
Disease	disease_9442	8.218464673571433e-09
Disease	disease_8398	8.218464673571433e-09
Disease	disease_7141	8.218464673571433e-09
Disease	disease_7139	8.218464673571433e-09
Disease	disease_9555	8.218464673571433e-09
Disease	disease_10739	8.218464673571433e-09
Disease	disease_12722	8.218464673571433e-09
Disease	disease_8614	8.218464673571433e-09
Disease	disease_14616	8.218464673571433e-09
Disease	disease_8616	8.218464673571433e-09
Disease	disease_10937	8.218464673571433e-09
Disease	disease_12749	8.218464673571433e-09
Disease	disease_8548	8.218464673571433e-09
Disease	disease_10944	8.218464673571433e-09
Disease	disease_8252	8.218464673571433e-09
Disease	disease_8239	8.218464673571433e-09
Disease	disease_8427	8.218464673571433e-09
Disease	disease_11029	8.218464673571433e-09
Disease	disease_9750	8.218464673571433e-09
Disease	disease_10770	8.218464673571433e-09
Disease	disease_12402	8.218464673571433e-09
Disease	disease_12390	8.218464673571433e-09
Disease	disease_12386	8.218464673571433e-09
Disease	disease_12385	8.218464673571433e-09
Disease	disease_8110	8.218464673571433e-09
Disease	disease_11141	8.218464673571433e-09
Disease	disease_11322	8.218464673571433e-09
Disease	disease_10597	8.218464673571433e-09
Disease	disease_7317	8.218464673571433e-09
Disease	disease_8528	8.218464673571433e-09
Disease	disease_13004	8.218464673571433e-09
Disease	disease_8091	8.218464673571433e-09
Disease	disease_11161	8.218464673571433e-09
Disease	disease_13009	8.218464673571433e-09
Disease	disease_12325	8.218464673571433e-09
Disease	disease_11126	8.218464673571433e-09
Disease	disease_11111	8.218464673571433e-09
Disease	disease_8529	8.218464673571433e-09
Disease	disease_7456	8.218464673571433e-09
Disease	disease_8238	8.218464673571433e-09
Disease	disease_11030	8.218464673571433e-09
Disease	disease_10630	8.218464673571433e-09
Disease	disease_8230	8.218464673571433e-09
Disease	disease_12501	8.218464673571433e-09
Disease	disease_12499	8.218464673571433e-09
Disease	disease_12488	8.218464673571433e-09
Disease	disease_33552	8.218464673571433e-09
Disease	disease_12416	8.218464673571433e-09
Disease	disease_8536	8.218464673571433e-09
Disease	disease_100176	8.218464673571433e-09
Disease	disease_7466	8.218464673571433e-09
Disease	disease_7467	8.218464673571433e-09
Disease	disease_11100	8.218464673571433e-09
Disease	disease_12428	8.218464673571433e-09
Disease	disease_9250	8.218464673571433e-09
Disease	disease_11321	8.218464673571433e-09
Disease	disease_14415	8.218464673571433e-09
Disease	disease_12007	8.218464673571433e-09
Disease	disease_13732	8.218464673571433e-09
Disease	disease_7821	8.218464673571433e-09
Disease	disease_11446	8.218464673571433e-09
Disease	disease_11745	8.218464673571433e-09
Disease	disease_13733	8.218464673571433e-09
Disease	disease_7645	8.218464673571433e-09
Disease	disease_11453	8.218464673571433e-09
Disease	disease_10312	8.218464673571433e-09
Disease	disease_11455	8.218464673571433e-09
Disease	disease_11729	8.218464673571433e-09
Disease	disease_11726	8.218464673571433e-09
Disease	disease_7807	8.218464673571433e-09
Disease	disease_13846	8.218464673571433e-09
Disease	disease_7913	8.218464673571433e-09
Disease	disease_7649	8.218464673571433e-09
Disease	disease_7242	8.218464673571433e-09
Disease	disease_11433	8.218464673571433e-09
Disease	disease_11763	8.218464673571433e-09
Disease	disease_11677	8.218464673571433e-09
Disease	disease_9487	8.218464673571433e-09
Disease	disease_13462	8.218464673571433e-09
Disease	disease_7638	8.218464673571433e-09
Disease	disease_11825	8.218464673571433e-09
Disease	disease_7832	8.218464673571433e-09
Disease	disease_11404	8.218464673571433e-09
Disease	disease_11406	8.218464673571433e-09
Disease	disease_11410	8.218464673571433e-09
Disease	disease_11796	8.218464673571433e-09
Disease	disease_30036	8.218464673571433e-09
Disease	disease_11419	8.218464673571433e-09
Disease	disease_11779	8.218464673571433e-09
Disease	disease_7823	8.218464673571433e-09
Disease	disease_11427	8.218464673571433e-09
Disease	disease_7822	8.218464673571433e-09
Disease	disease_30032	8.218464673571433e-09
Disease	disease_11685	8.218464673571433e-09
Disease	disease_11478	8.218464673571433e-09
Disease	disease_7629	8.218464673571433e-09
Disease	disease_11594	8.218464673571433e-09
Disease	disease_11590	8.218464673571433e-09
Disease	disease_11574	8.218464673571433e-09
Disease	disease_11509	8.218464673571433e-09
Disease	disease_11511	8.218464673571433e-09
Disease	disease_7697	8.218464673571433e-09
Disease	disease_7674	8.218464673571433e-09
Disease	disease_14362	8.218464673571433e-09
Disease	disease_11554	8.218464673571433e-09
Disease	disease_7692	8.218464673571433e-09
Disease	disease_11550	8.218464673571433e-09
Disease	disease_7675	8.218464673571433e-09
Disease	disease_7689	8.218464673571433e-09
Disease	disease_11516	8.218464673571433e-09
Disease	disease_60593	8.218464673571433e-09
Disease	disease_7676	8.218464673571433e-09
Disease	disease_11507	8.218464673571433e-09
Disease	disease_11494	8.218464673571433e-09
Disease	disease_10439	8.218464673571433e-09
Disease	disease_9939	8.218464673571433e-09
Disease	disease_11645	8.218464673571433e-09
Disease	disease_11641	8.218464673571433e-09
Disease	disease_8446	8.218464673571433e-09
Disease	disease_11483	8.218464673571433e-09
Disease	disease_11626	8.218464673571433e-09
Disease	disease_60690	8.218464673571433e-09
Disease	disease_60688	8.218464673571433e-09
Disease	disease_11492	8.218464673571433e-09
Disease	disease_11619	8.218464673571433e-09
Disease	disease_7742	8.218464673571433e-09
Disease	disease_7736	8.218464673571433e-09
Disease	disease_11618	8.218464673571433e-09
Disease	disease_11617	8.218464673571433e-09
Disease	disease_11611	8.218464673571433e-09
Disease	disease_7730	8.218464673571433e-09
Disease	disease_10276	8.218464673571433e-09
Disease	disease_11250	8.218464673571433e-09
Disease	disease_11854	8.218464673571433e-09
Disease	disease_9171	8.218464673571433e-09
Disease	disease_11958	8.218464673571433e-09
Disease	disease_7192	8.218464673571433e-09
Disease	disease_13586	8.218464673571433e-09
Disease	disease_9004	8.218464673571433e-09
Disease	disease_10262	8.218464673571433e-09
Disease	disease_11341	8.218464673571433e-09
Disease	disease_11367	8.218464673571433e-09
Disease	disease_11863	8.218464673571433e-09
Disease	disease_11343	8.218464673571433e-09
Disease	disease_11358	8.218464673571433e-09
Disease	disease_11357	8.218464673571433e-09
Disease	disease_8507	8.218464673571433e-09
Disease	disease_11993	8.218464673571433e-09
Disease	disease_11356	8.218464673571433e-09
Disease	disease_7911	8.218464673571433e-09
Disease	disease_8435	8.218464673571433e-09
Disease	disease_11373	8.218464673571433e-09
Disease	disease_7910	8.218464673571433e-09
Disease	disease_11349	8.218464673571433e-09
Disease	disease_11344	8.218464673571433e-09
Disease	disease_8505	8.218464673571433e-09
Disease	disease_11333	8.218464673571433e-09
Disease	disease_11353	8.218464673571433e-09
Disease	disease_11345	8.218464673571433e-09
Disease	disease_11848	8.218464673571433e-09
Disease	disease_8949	8.218464673571433e-09
Disease	disease_15895	8.214668475655676e-09
Disease	disease_15923	8.203942966552272e-09
Disease	disease_17006	8.20017891250768e-09
Disease	disease_5152	8.192771950975494e-09
Disease	disease_24548	8.184142416308833e-09
Disease	disease_15823	8.177687064740905e-09
Disease	disease_21639	8.174040454132541e-09
Disease	disease_4522	8.170455661749874e-09
Disease	disease_6077	8.169312925816106e-09
Disease	disease_21652	8.166312130124798e-09
Disease	disease_19591	8.164175803894083e-09
Disease	disease_6117	8.15935346604e-09
Disease	disease_11544	8.156652459716e-09
Disease	disease_16364	8.154137277261682e-09
Disease	disease_100131	8.153529072990867e-09
Disease	disease_10834	8.151072725046994e-09
Disease	disease_11268	8.150438658570751e-09
Disease	disease_6567	8.147250362510845e-09
Disease	disease_15690	8.146444351701088e-09
Disease	disease_13313	8.143371263583173e-09
Disease	disease_19706	8.139841778945183e-09
Disease	disease_1574	8.138823656472508e-09
Disease	disease_16000	8.134159554443224e-09
Disease	disease_16112	8.133266419303904e-09
Disease	disease_10578	8.131472562457038e-09
Disease	disease_8018	8.128698598664702e-09
Disease	disease_11686	8.126829026734761e-09
Disease	disease_13125	8.125507539963906e-09
Disease	disease_18681	8.122102275655442e-09
Disease	disease_6277	8.115141923595414e-09
Disease	disease_17036	8.115008187107883e-09
Disease	disease_15270	8.114532751216471e-09
Disease	disease_100035	8.113104374748568e-09
Disease	disease_6748	8.113104374748568e-09
Disease	disease_43264	8.113104374748568e-09
Disease	disease_2338	8.113104374748568e-09
Disease	disease_12988	8.110497994732455e-09
Disease	disease_20569	8.109074064236208e-09
Disease	disease_10396	8.108217192482636e-09
Disease	disease_11741	8.104404858004e-09
Disease	disease_12042	8.104404858004e-09
Disease	disease_11742	8.104404858004e-09
Disease	disease_12710	8.104404858004e-09
Disease	disease_6819	8.100545157849328e-09
Disease	disease_19276	8.097669335593457e-09
Disease	disease_13915	8.093906907500402e-09
Disease	disease_10733	8.091826735536878e-09
Disease	disease_19701	8.087993892913083e-09
Disease	disease_10295	8.085515903527091e-09
Disease	disease_13578	8.084387878935205e-09
Disease	disease_19774	8.079624603893178e-09
Disease	disease_9742	8.0700369476431e-09
Disease	disease_21851	8.069400769940008e-09
Disease	disease_19916	8.067499896910981e-09
Disease	disease_18828	8.052293538757932e-09
Disease	disease_12557	8.050172628887986e-09
Disease	disease_12880	8.048099847040662e-09
Disease	disease_15651	8.046902254965092e-09
Disease	disease_1473	8.0421837278547e-09
Disease	disease_19569	8.038563502204683e-09
Disease	disease_100343	8.036693173080017e-09
Disease	disease_2702	8.032253208941627e-09
Disease	disease_5916	8.031404047847012e-09
Disease	disease_11208	8.029149732734826e-09
Disease	disease_18743	8.024309474783095e-09
Disease	disease_5172	8.023849236018684e-09
Disease	disease_11997	8.01679637599562e-09
Disease	disease_9737	8.01592759153406e-09
Disease	disease_15182	8.01164938527582e-09
Disease	disease_24264	8.010825914989453e-09
Disease	disease_9114	8.009368580635502e-09
Disease	disease_19833	8.008967345911135e-09
Disease	disease_7203	7.994336607140233e-09
Disease	disease_3892	7.993726800073089e-09
Disease	disease_4127	7.993726800073089e-09
Disease	disease_30902	7.991098220410323e-09
Disease	disease_6215	7.988147717804432e-09
Disease	disease_18762	7.983928867720022e-09
Disease	disease_12526	7.98330242348133e-09
Disease	disease_16224	7.981327055551637e-09
Disease	disease_20675	7.979379707205066e-09
Disease	disease_6693	7.978254646910101e-09
Disease	disease_19777	7.96382268941777e-09
Disease	disease_1243	7.959651739813663e-09
Disease	disease_18163	7.951779406293344e-09
Disease	disease_16342	7.95167380275368e-09
Disease	disease_18816	7.950755405517274e-09
Disease	disease_2334	7.948731815554944e-09
Disease	disease_1516	7.94281117990199e-09
Disease	disease_26765	7.941772268463499e-09
Disease	disease_18274	7.940957404015839e-09
Disease	disease_20501	7.93801595549164e-09
Disease	disease_3554	7.93657057092636e-09
Disease	disease_4279	7.935584998241723e-09
Disease	disease_9710	7.931709089251846e-09
Disease	disease_13090	7.931259830146735e-09
Disease	disease_9169	7.930814001118908e-09
Disease	disease_11106	7.930451677121977e-09
Disease	disease_7416	7.929051952178926e-09
Disease	disease_17123	7.916286711445016e-09
Disease	disease_19242	7.909727932674134e-09
Disease	disease_17029	7.909400086854333e-09
Disease	disease_9319	7.908815945127995e-09
Disease	disease_11006	7.908015949686404e-09
Disease	disease_6216	7.898603925510177e-09
Disease	disease_9509	7.897770355387327e-09
Disease	disease_14017	7.897165350953614e-09
Disease	disease_270	7.895146786377614e-09
Disease	disease_13349	7.888559895825986e-09
Disease	disease_15612	7.886871072232852e-09
Disease	disease_7407	7.885934857839462e-09
Disease	disease_21680	7.885597860754836e-09
Disease	disease_18638	7.885572707756744e-09
Disease	disease_7293	7.884677212606883e-09
Disease	disease_19143	7.88108556355425e-09
Disease	disease_2652	7.873550124481094e-09
Disease	disease_5518	7.871704700578066e-09
Disease	disease_18841	7.870171868447735e-09
Disease	disease_16168	7.869602164998606e-09
Disease	disease_4743	7.866767368018242e-09
Disease	disease_12103	7.862607807278329e-09
Disease	disease_9239	7.857596130834915e-09
Disease	disease_2732	7.85649698419206e-09
Disease	disease_13961	7.853606700268636e-09
Disease	disease_1905	7.846586786429246e-09
Disease	disease_2517	7.846586786429246e-09
Disease	disease_19779	7.840551060596138e-09
Disease	disease_11803	7.838829283719143e-09
Disease	disease_17370	7.836126914766604e-09
Disease	disease_54701	7.834344718259577e-09
Disease	disease_5961	7.830486313943169e-09
Disease	disease_7636	7.824103734792085e-09
Disease	disease_3252	7.823339943633115e-09
Disease	disease_17753	7.821511711359263e-09
Disease	disease_8272	7.818911003462457e-09
Disease	disease_12266	7.817889031598597e-09
Disease	disease_10714	7.817015995635944e-09
Disease	disease_16819	7.816496271086059e-09
Disease	disease_940	7.813598005308215e-09
Disease	disease_2307	7.813444315604759e-09
Disease	disease_8558	7.812166261738679e-09
Disease	disease_1687	7.807814419265394e-09
Disease	disease_2176	7.795796523056259e-09
Disease	disease_6557	7.795256431309685e-09
Disease	disease_11185	7.791630213315403e-09
Disease	disease_20588	7.787827629896294e-09
Disease	disease_15707	7.787789484142664e-09
Disease	disease_1830	7.786776365072924e-09
Disease	disease_15119	7.782000905323045e-09
Disease	disease_15053	7.779465287075166e-09
Disease	disease_4892	7.777381241665888e-09
Disease	disease_41656	7.775634018886393e-09
Disease	disease_18855	7.775337242915856e-09
Disease	disease_16235	7.763909149765192e-09
Disease	disease_2748	7.762984092885527e-09
Disease	disease_11587	7.76147341669699e-09
Disease	disease_44212	7.759890840938103e-09
Disease	disease_809	7.756896662075681e-09
Disease	disease_18914	7.75172638672033e-09
Disease	disease_20108	7.743266345526862e-09
Disease	disease_10031	7.740951088209535e-09
Disease	disease_9080	7.740226783841248e-09
Disease	disease_14671	7.736749228017894e-09
Disease	disease_13678	7.735219587743005e-09
Disease	disease_4004	7.724693642560464e-09
Disease	disease_43523	7.723037378713338e-09
Disease	disease_14400	7.718598613011138e-09
Disease	disease_43207	7.716664112580654e-09
Disease	disease_10831	7.71540649681246e-09
Disease	disease_8647	7.714817112026592e-09
Disease	disease_4872	7.713816292528307e-09
Disease	disease_5095	7.709400880864265e-09
Disease	disease_18081	7.709116239529167e-09
Disease	disease_6115	7.706054626146662e-09
Disease	disease_10184	7.70333327283704e-09
Disease	disease_22752	7.702848914822616e-09
Disease	disease_9917	7.69595068131246e-09
Disease	disease_16393	7.693901865059672e-09
Disease	disease_18068	7.693569182091124e-09
Disease	disease_15746	7.686623455174178e-09
Disease	disease_8036	7.681802005479076e-09
Disease	disease_3182	7.681553100488932e-09
Disease	disease_18445	7.681355327537577e-09
Disease	disease_13016	7.675626832194484e-09
Disease	disease_12296	7.675181184063364e-09
Disease	disease_9698	7.673892299652028e-09
Disease	disease_15048	7.672387592839695e-09
Disease	disease_54740	7.671442695270997e-09
Disease	disease_17138	7.670900713474998e-09
Disease	disease_13290	7.66745902615099e-09
Disease	disease_17853	7.666692363858399e-09
Disease	disease_19162	7.661221481421051e-09
Disease	disease_18054	7.660613087158846e-09
Disease	disease_10735	7.660565260199894e-09
Disease	disease_954	7.659038484167426e-09
Disease	disease_5524	7.65736586673889e-09
Disease	disease_6731	7.654787884886267e-09
Disease	disease_690	7.649929008034268e-09
Disease	disease_2104	7.649929008034268e-09
Disease	disease_1596	7.649929008034268e-09
Disease	disease_24316	7.649929008034268e-09
Disease	disease_2933	7.63263745086827e-09
Disease	disease_21637	7.631257273315299e-09
Disease	disease_15529	7.627276411033947e-09
Disease	disease_7969	7.617254967530989e-09
Disease	disease_33187	7.6154245664929e-09
Disease	disease_11534	7.610613348221961e-09
Disease	disease_8996	7.607952459210094e-09
Disease	disease_385	7.607756467470141e-09
Disease	disease_11476	7.600923081773729e-09
Disease	disease_9745	7.595948485437116e-09
Disease	disease_19262	7.593239180133447e-09
Disease	disease_44033	7.59283067428511e-09
Disease	disease_6901	7.588073177781904e-09
Disease	disease_1502	7.585213647455363e-09
Disease	disease_45060	7.584757038478695e-09
Disease	disease_17863	7.584089577156536e-09
Disease	disease_12948	7.581638879685033e-09
Disease	disease_15364	7.577722094606494e-09
Disease	disease_13458	7.573439131076068e-09
Disease	disease_2470	7.5697160116973e-09
Disease	disease_9530	7.568716875797306e-09
Disease	disease_21321	7.564921639750518e-09
Disease	disease_43330	7.564065228232685e-09
Disease	disease_11451	7.561735302345014e-09
Disease	disease_13700	7.55757302113696e-09
Disease	disease_8812	7.556773862410258e-09
Disease	disease_19016	7.556733308529121e-09
Disease	disease_18065	7.555692773550466e-09
Disease	disease_9105	7.553607393633153e-09
Disease	disease_9181	7.5524341704109e-09
Disease	disease_1298	7.544528826789342e-09
Disease	disease_10916	7.543841964717753e-09
Disease	disease_24529	7.54042969251832e-09
Disease	disease_10420	7.538346296161672e-09
Disease	disease_10010	7.537768239919098e-09
Disease	disease_10498	7.530022974460692e-09
Disease	disease_8327	7.523322712225836e-09
Disease	disease_7231	7.514710383160672e-09
Disease	disease_3266	7.514274429409571e-09
Disease	disease_9452	7.510453217059157e-09
Disease	disease_17364	7.507357884590248e-09
Disease	disease_10610	7.48129000519881e-09
Disease	disease_5853	7.479455454118725e-09
Disease	disease_43243	7.476794986881748e-09
Disease	disease_18576	7.475386784720483e-09
Disease	disease_5058	7.472089416723561e-09
Disease	disease_4033	7.458980745148207e-09
Disease	disease_634	7.457089292045504e-09
Disease	disease_521	7.453974696405014e-09
Disease	disease_5134	7.4460121663430754e-09
Disease	disease_17131	7.435463390020889e-09
Disease	disease_9267	7.430176354184589e-09
Disease	disease_2322	7.428759269282758e-09
Disease	disease_17750	7.42864236757601e-09
Disease	disease_8346	7.4256767878255096e-09
Disease	disease_8709	7.4248166227517175e-09
Disease	disease_11908	7.418836700111179e-09
Disease	disease_24295	7.416109802846387e-09
Disease	disease_14576	7.415075985908053e-09
Disease	disease_100213	7.412996719535778e-09
Disease	disease_12166	7.410289789418259e-09
Disease	disease_12679	7.409107527223721e-09
Disease	disease_11940	7.405933336470822e-09
Disease	disease_19925	7.405033650883524e-09
Disease	disease_19922	7.405033650883524e-09
Disease	disease_20468	7.405033650883524e-09
Disease	disease_19924	7.405033650883524e-09
Disease	disease_16349	7.399497396641729e-09
Disease	disease_15358	7.3934296483320665e-09
Disease	disease_5498	7.390059561395435e-09
Disease	disease_12180	7.387647915669553e-09
Disease	disease_18205	7.385229435051012e-09
Disease	disease_14840	7.380542708779607e-09
Disease	disease_9620	7.380162385318997e-09
Disease	disease_1294	7.380075339751293e-09
Disease	disease_9597	7.374291879533819e-09
Disease	disease_22846	7.374272701994587e-09
Disease	disease_20039	7.373920303623688e-09
Disease	disease_9431	7.371933960128315e-09
Disease	disease_13359	7.369647729061795e-09
Disease	disease_9247	7.3673200236065205e-09
Disease	disease_17396	7.36655951383813e-09
Disease	disease_15244	7.3657982801449685e-09
Disease	disease_1956	7.364713607541824e-09
Disease	disease_7606	7.3633301707880006e-09
Disease	disease_8134	7.362602646171419e-09
Disease	disease_4484	7.3608020872535516e-09
Disease	disease_12740	7.355880986740907e-09
Disease	disease_5221	7.3532901299986524e-09
Disease	disease_13088	7.3520655853156e-09
Disease	disease_4843	7.346258435231478e-09
Disease	disease_16230	7.3349061380071854e-09
Disease	disease_11067	7.334079602386386e-09
Disease	disease_7965	7.332786621276605e-09
Disease	disease_21531	7.330162635297594e-09
Disease	disease_1014	7.329023485878023e-09
Disease	disease_9404	7.327619694615002e-09
Disease	disease_3834	7.323903403747557e-09
Disease	disease_15375	7.322114972127092e-09
Disease	disease_5461	7.319636750070173e-09
Disease	disease_5210	7.3188208318228665e-09
Disease	disease_32627	7.3177833706407794e-09
Disease	disease_151	7.317654845972904e-09
Disease	disease_9480	7.313152793015885e-09
Disease	disease_20592	7.3097781859578285e-09
Disease	disease_1324	7.308303159044163e-09
Disease	disease_15998	7.304110527053453e-09
Disease	disease_20250	7.30295465504542e-09
Disease	disease_32629	7.301097121261535e-09
Disease	disease_13408	7.301030206458167e-09
Disease	disease_3812	7.2974884597817475e-09
Disease	disease_7710	7.2951939502829974e-09
Disease	disease_8540	7.295059014388826e-09
Disease	disease_37105	7.294870947498953e-09
Disease	disease_549	7.29332763289102e-09
Disease	disease_15766	7.2861468647203535e-09
Disease	disease_9071	7.285837459593699e-09
Disease	disease_21064	7.279006008051221e-09
Disease	disease_19787	7.275233126549044e-09
Disease	disease_7041	7.270130038349384e-09
Disease	disease_24317	7.265350696202125e-09
Disease	disease_60714	7.263187735438559e-09
Disease	disease_20229	7.260277562678945e-09
Disease	disease_18253	7.260014408999523e-09
Disease	disease_13617	7.259365460659702e-09
Disease	disease_3084	7.251249613314158e-09
Disease	disease_10466	7.235629595255414e-09
Disease	disease_8740	7.227789521126052e-09
Disease	disease_3190	7.224596789717194e-09
Disease	disease_7116	7.21466778435061e-09
Disease	disease_10998	7.214464563865519e-09
Disease	disease_20469	7.2104893020794785e-09
Disease	disease_11959	7.209646568634326e-09
Disease	disease_10922	7.204279634281608e-09
Disease	disease_100247	7.198584370955739e-09
Disease	disease_5569	7.196088526523666e-09
Disease	disease_33367	7.195412527966745e-09
Disease	disease_17806	7.194852998648181e-09
Disease	disease_21080	7.194344720402316e-09
Disease	disease_12067	7.192591245551319e-09
Disease	disease_10401	7.1923798345164465e-09
Disease	disease_14289	7.192314785704602e-09
Disease	disease_10686	7.190217400080456e-09
Disease	disease_13646	7.189317613747625e-09
Disease	disease_9561	7.186557787470728e-09
Disease	disease_17749	7.178198285658987e-09
Disease	disease_19505	7.174149940539514e-09
Disease	disease_12369	7.1700625289882045e-09
Disease	disease_13969	7.1685400605334074e-09
Disease	disease_5505	7.1684514052921874e-09
Disease	disease_100151	7.164901344248579e-09
Disease	disease_15704	7.16006483393408e-09
Disease	disease_11397	7.157049924374413e-09
Disease	disease_13287	7.153634909108725e-09
Disease	disease_16361	7.148772122751413e-09
Disease	disease_12580	7.14385225145745e-09
Disease	disease_19259	7.141767432584802e-09
Disease	disease_1186	7.1386042525152435e-09
Disease	disease_8044	7.138262048123854e-09
Disease	disease_7086	7.136478684819889e-09
Disease	disease_10044	7.1328581636900024e-09
Disease	disease_5499	7.132218918891565e-09
Disease	disease_18114	7.123781261340843e-09
Disease	disease_15990	7.119473290027545e-09
Disease	disease_17314	7.119185367566124e-09
Disease	disease_19036	7.116380499954433e-09
Disease	disease_7399	7.114927667809261e-09
Disease	disease_12984	7.1120722574251455e-09
Disease	disease_15324	7.1103922498315395e-09
Disease	disease_24252	7.108760657514612e-09
Disease	disease_9821	7.107118448675234e-09
Disease	disease_6960	7.104691688173215e-09
Disease	disease_14860	7.101417571347109e-09
Disease	disease_7321	7.100817319901181e-09
Disease	disease_7042	7.089036459528527e-09
Disease	disease_24570	7.088737708954965e-09
Disease	disease_7447	7.083926003160415e-09
Disease	disease_21658	7.0823162177192824e-09
Disease	disease_5738	7.079996085676783e-09
Disease	disease_1328	7.079081076482679e-09
Disease	disease_15942	7.076835377768641e-09
Disease	disease_14936	7.076220229457046e-09
Disease	disease_20122	7.071101604841001e-09
Disease	disease_54868	7.070916880553223e-09
Disease	disease_18126	7.067409910367595e-09
Disease	disease_10590	7.06625665189611e-09
Disease	disease_6951	7.065164420505138e-09
Disease	disease_19978	7.060830439478729e-09
Disease	disease_7732	7.059508342490069e-09
Disease	disease_11634	7.054056724878174e-09
Disease	disease_17615	7.05391330606372e-09
Disease	disease_6235	7.051606885405136e-09
Disease	disease_19134	7.042596423672086e-09
Disease	disease_11624	7.0398503256631014e-09
Disease	disease_9490	7.037658960721631e-09
Disease	disease_16651	7.0352251884602e-09
Disease	disease_43287	7.034263446248008e-09
Disease	disease_13949	7.0341164472078066e-09
Disease	disease_5315	7.032548852733171e-09
Disease	disease_4000	7.030976650258395e-09
Disease	disease_10140	7.0297212219811795e-09
Disease	disease_37735	7.026199710036693e-09
Disease	disease_12179	7.01949879465341e-09
Disease	disease_9382	7.0189732900935845e-09
Disease	disease_4260	7.017714445831631e-09
Disease	disease_1155	7.017714445831631e-09
Disease	disease_16377	7.01718468304629e-09
Disease	disease_1433	7.015782956435052e-09
Disease	disease_18489	7.015478532722198e-09
Disease	disease_13275	7.006334493951185e-09
Disease	disease_19945	7.002878811390187e-09
Disease	disease_18633	7.001724267265282e-09
Disease	disease_3233	7.000453325177749e-09
Disease	disease_1446	6.99701463098124e-09
Disease	disease_727	6.995798970492104e-09
Disease	disease_44332	6.995538932418275e-09
Disease	disease_17318	6.992823319481846e-09
Disease	disease_1063	6.986184631303414e-09
Disease	disease_18971	6.985619716811878e-09
Disease	disease_37847	6.984882733339552e-09
Disease	disease_18669	6.984098722944721e-09
Disease	disease_15153	6.981854655646686e-09
Disease	disease_8889	6.979373445029698e-09
Disease	disease_18768	6.973521370489113e-09
Disease	disease_1241	6.971203904999483e-09
Disease	disease_11457	6.9696614707793e-09
Disease	disease_8048	6.969261318541947e-09
Disease	disease_8980	6.9659954493495196e-09
Disease	disease_8023	6.9576863820090064e-09
Disease	disease_44634	6.95400208607247e-09
Disease	disease_8193	6.950075151676031e-09
Disease	disease_14414	6.949859785103878e-09
Disease	disease_553	6.9461174839101915e-09
Disease	disease_8926	6.944615790815979e-09
Disease	disease_13277	6.942045944740633e-09
Disease	disease_4867	6.941875089261269e-09
Disease	disease_14528	6.9418256832961456e-09
Disease	disease_18865	6.937014720459691e-09
Disease	disease_10851	6.934055226112156e-09
Disease	disease_20228	6.928874046822568e-09
Disease	disease_5823	6.9256194975233945e-09
Disease	disease_18477	6.9252174034105325e-09
Disease	disease_722	6.924477164222269e-09
Disease	disease_10866	6.924184313716392e-09
Disease	disease_13559	6.919795173102607e-09
Disease	disease_44791	6.919152488615667e-09
Disease	disease_13281	6.915711339825054e-09
Disease	disease_9384	6.914314819210905e-09
Disease	disease_19633	6.912807363858219e-09
Disease	disease_15340	6.910661384568176e-09
Disease	disease_3205	6.9015126273963895e-09
Disease	disease_5193	6.900487180652134e-09
Disease	disease_12956	6.898575794735475e-09
Disease	disease_12958	6.898575794735475e-09
Disease	disease_12957	6.898575794735475e-09
Disease	disease_18670	6.8904115750613454e-09
Disease	disease_9923	6.890069918896906e-09
Disease	disease_19485	6.888776774094768e-09
Disease	disease_13825	6.888733956004906e-09
Disease	disease_1059	6.888520152573556e-09
Disease	disease_15541	6.888509819363503e-09
Disease	disease_8179	6.88710996155389e-09
Disease	disease_2473	6.886016951509011e-09
Disease	disease_14200	6.8828528479430654e-09
Disease	disease_7665	6.8776016724365876e-09
Disease	disease_5340	6.871413137999264e-09
Disease	disease_8218	6.870129224071794e-09
Disease	disease_11964	6.860676469112852e-09
Disease	disease_13282	6.854790122707716e-09
Disease	disease_7401	6.8521955238340995e-09
Disease	disease_33665	6.850222380269263e-09
Disease	disease_9263	6.850148359853476e-09
Disease	disease_4634	6.849850045520586e-09
Disease	disease_5619	6.84793881102795e-09
Disease	disease_32679	6.845759351685918e-09
Disease	disease_2312	6.844749694914989e-09
Disease	disease_17699	6.844205226162934e-09
Disease	disease_19930	6.842628074091112e-09
Disease	disease_19931	6.842628074091112e-09
Disease	disease_10584	6.835016851703521e-09
Disease	disease_17892	6.829221310467415e-09
Disease	disease_7053	6.8281636481029895e-09
Disease	disease_1057	6.828058850777906e-09
Disease	disease_44749	6.825365586193654e-09
Disease	disease_17052	6.822946998902582e-09
Disease	disease_2586	6.822560711972302e-09
Disease	disease_18468	6.81939590676979e-09
Disease	disease_7920	6.8135414918239004e-09
Disease	disease_18112	6.803596121461627e-09
Disease	disease_9728	6.800363201898787e-09
Disease	disease_7972	6.800111210925847e-09
Disease	disease_16050	6.798614344472111e-09
Disease	disease_21657	6.796687482584351e-09
Disease	disease_8501	6.795721288611169e-09
Disease	disease_19507	6.793754084652352e-09
Disease	disease_21016	6.7893046254006875e-09
Disease	disease_18087	6.787175690382111e-09
Disease	disease_708	6.786007108561859e-09
Disease	disease_24538	6.784393048609404e-09
Disease	disease_20300	6.784327644955983e-09
Disease	disease_9495	6.782325638199561e-09
Disease	disease_24512	6.778895117060104e-09
Disease	disease_11426	6.776741527200014e-09
Disease	disease_17810	6.775311069965542e-09
Disease	disease_15362	6.771548350675247e-09
Disease	disease_16904	6.770180951433047e-09
Disease	disease_18314	6.764376341974322e-09
Disease	disease_18924	6.763824178414747e-09
Disease	disease_3937	6.756819076346896e-09
Disease	disease_6294	6.7541527460999745e-09
Disease	disease_19912	6.753480796513518e-09
Disease	disease_8111	6.750896186843867e-09
Disease	disease_1061	6.740200923640376e-09
Disease	disease_5706	6.7376878166494536e-09
Disease	disease_4703	6.73520900587386e-09
Disease	disease_12316	6.735081336085772e-09
Disease	disease_19082	6.733943836405318e-09
Disease	disease_42486	6.7290860667490926e-09
Disease	disease_7309	6.72838760142523e-09
Disease	disease_1817	6.72472233144967e-09
Disease	disease_19910	6.723074560312874e-09
Disease	disease_6206	6.7216534846741954e-09
Disease	disease_12624	6.721163548864982e-09
Disease	disease_24474	6.7201751306423064e-09
Disease	disease_15496	6.7170737021984916e-09
Disease	disease_17612	6.716607502109185e-09
Disease	disease_14361	6.7159024117292936e-09
Disease	disease_15300	6.715260603315137e-09
Disease	disease_17953	6.714238611665113e-09
Disease	disease_5007	6.70542498353412e-09
Disease	disease_20811	6.703715588629853e-09
Disease	disease_8952	6.702004877015915e-09
Disease	disease_16502	6.699999746793768e-09
Disease	disease_13496	6.69703029551866e-09
Disease	disease_12405	6.696302728622993e-09
Disease	disease_14034	6.695945520522317e-09
Disease	disease_9242	6.684838774463427e-09
Disease	disease_3757	6.683849325470223e-09
Disease	disease_100294	6.6810093633526275e-09
Disease	disease_15642	6.680270043689794e-09
Disease	disease_3112	6.6792745296919984e-09
Disease	disease_20123	6.678926223340055e-09
Disease	disease_1410	6.676243428264437e-09
Disease	disease_7573	6.675969429646729e-09
Disease	disease_6039	6.67527382159599e-09
Disease	disease_19355	6.673025754335244e-09
Disease	disease_2114	6.671694642414575e-09
Disease	disease_7374	6.668610070434982e-09
Disease	disease_12241	6.666921936349556e-09
Disease	disease_6028	6.664692303520983e-09
Disease	disease_8369	6.660453045171496e-09
Disease	disease_16469	6.656351543590123e-09
Disease	disease_6704	6.6547154756980715e-09
Disease	disease_11549	6.654345260908427e-09
Disease	disease_4768	6.653246813606225e-09
Disease	disease_14039	6.651799064956578e-09
Disease	disease_13870	6.651304283320234e-09
Disease	disease_4598	6.651052670239111e-09
Disease	disease_18301	6.646666773414899e-09
Disease	disease_43294	6.6434697705893885e-09
Disease	disease_9696	6.6400378569524645e-09
Disease	disease_24472	6.639709754520691e-09
Disease	disease_18429	6.636921132979818e-09
Disease	disease_2496	6.636857566666352e-09
Disease	disease_18436	6.6365184052343316e-09
Disease	disease_13118	6.630354758421007e-09
Disease	disease_17941	6.629887505466335e-09
Disease	disease_18036	6.6258090596363626e-09
Disease	disease_18661	6.622509047720291e-09
Disease	disease_8714	6.622074654991207e-09
Disease	disease_7798	6.6187974839919735e-09
Disease	disease_10906	6.614288037292716e-09
Disease	disease_8988	6.613922911281061e-09
Disease	disease_19993	6.611374289103016e-09
Disease	disease_11430	6.610349396485744e-09
Disease	disease_600	6.608620347978016e-09
Disease	disease_15978	6.6063004072488264e-09
Disease	disease_16504	6.6061517984939375e-09
Disease	disease_2862	6.604304711392971e-09
Disease	disease_8060	6.5973609100884655e-09
Disease	disease_41284	6.591956746977842e-09
Disease	disease_54573	6.586411038751361e-09
Disease	disease_14793	6.585062132759201e-09
Disease	disease_15927	6.5762490969417855e-09
Disease	disease_17054	6.575438691390581e-09
Disease	disease_17053	6.575438691390581e-09
Disease	disease_17051	6.575438691390581e-09
Disease	disease_10459	6.575107847702159e-09
Disease	disease_44870	6.574698841566592e-09
Disease	disease_1090	6.573319113985596e-09
Disease	disease_990	6.573319113985596e-09
Disease	disease_590	6.5686652680153104e-09
Disease	disease_14668	6.566230606727673e-09
Disease	disease_15163	6.559040871857781e-09
Disease	disease_10549	6.559017176083298e-09
Disease	disease_16708	6.557306610179634e-09
Disease	disease_8538	6.555216712325059e-09
Disease	disease_18162	6.554663201595767e-09
Disease	disease_10188	6.55391584782882e-09
Disease	disease_9427	6.5538886173876876e-09
Disease	disease_7211	6.551729439248205e-09
Disease	disease_17027	6.549555785896399e-09
Disease	disease_3592	6.542789479480558e-09
Disease	disease_11342	6.540499060707771e-09
Disease	disease_17609	6.537504195129255e-09
Disease	disease_9700	6.5336937851047e-09
Disease	disease_7635	6.5328755937558275e-09
Disease	disease_17404	6.529316273982005e-09
Disease	disease_20768	6.523512930859159e-09
Disease	disease_10626	6.51490212777749e-09
Disease	disease_16403	6.51400444514679e-09
Disease	disease_45010	6.513037965606482e-09
Disease	disease_15920	6.5116170747626486e-09
Disease	disease_3724	6.505572944778118e-09
Disease	disease_19433	6.504816587880663e-09
Disease	disease_19266	6.5047483607928055e-09
Disease	disease_15489	6.504582823412419e-09
Disease	disease_14023	6.500566426310322e-09
Disease	disease_17390	6.498207850092536e-09
Disease	disease_19407	6.4955983254774094e-09
Disease	disease_18053	6.493716640281882e-09
Disease	disease_19145	6.4911911842079225e-09
Disease	disease_6582	6.484980708823482e-09
Disease	disease_8796	6.482559525867465e-09
Disease	disease_12927	6.480004716117732e-09
Disease	disease_8209	6.4747642867212814e-09
Disease	disease_16477	6.466938792947241e-09
Disease	disease_9133	6.465123023734843e-09
Disease	disease_8055	6.462669747090259e-09
Disease	disease_19175	6.461716106923025e-09
Disease	disease_5867	6.461280933763939e-09
Disease	disease_9916	6.4599060354976315e-09
Disease	disease_18913	6.459018356686782e-09
Disease	disease_6906	6.4542710540251285e-09
Disease	disease_5169	6.453927983669297e-09
Disease	disease_21132	6.4522551001428705e-09
Disease	disease_9717	6.449763431412503e-09
Disease	disease_2970	6.448003420020619e-09
Disease	disease_15299	6.441527167552517e-09
Disease	disease_21662	6.441515525730351e-09
Disease	disease_11214	6.441409554064219e-09
Disease	disease_19315	6.434340351501586e-09
Disease	disease_18852	6.433437170990424e-09
Disease	disease_13843	6.422005642816478e-09
Disease	disease_44999	6.4149232450028284e-09
Disease	disease_7874	6.412995276419741e-09
Disease	disease_19210	6.410686813805881e-09
Disease	disease_24257	6.410130860301179e-09
Disease	disease_8890	6.409138852351371e-09
Disease	disease_19415	6.407188249887212e-09
Disease	disease_32752	6.405907945318763e-09
Disease	disease_24240	6.4032380096208534e-09
Disease	disease_20579	6.401473210081658e-09
Disease	disease_21257	6.401028764699019e-09
Disease	disease_18840	6.396256120286843e-09
Disease	disease_19388	6.395656502688155e-09
Disease	disease_5820	6.390721971410803e-09
Disease	disease_20137	6.3893467258037245e-09
Disease	disease_2309	6.3870287403780635e-09
Disease	disease_8420	6.384780055476284e-09
Disease	disease_10650	6.383955994161713e-09
Disease	disease_12516	6.377174579789583e-09
Disease	disease_19105	6.373446400168246e-09
Disease	disease_18627	6.372518040630218e-09
Disease	disease_11670	6.367418461805512e-09
Disease	disease_9222	6.364368993484527e-09
Disease	disease_21237	6.3633549550893365e-09
Disease	disease_9165	6.355595707946797e-09
Disease	disease_9012	6.3548481662347646e-09
Disease	disease_10472	6.349130457604686e-09
Disease	disease_15759	6.348209604917664e-09
Disease	disease_44313	6.342978258050761e-09
Disease	disease_21248	6.340822482668882e-09
Disease	disease_8885	6.3388596639023895e-09
Disease	disease_19270	6.338348600641467e-09
Disease	disease_19914	6.33787590239619e-09
Disease	disease_17306	6.33699700211507e-09
Disease	disease_12481	6.334677612234592e-09
Disease	disease_10088	6.327261254010758e-09
Disease	disease_14731	6.3263076648612745e-09
Disease	disease_13131	6.3261245880989214e-09
Disease	disease_18568	6.32254672964781e-09
Disease	disease_19917	6.320806420538679e-09
Disease	disease_16336	6.320395236871181e-09
Disease	disease_34121	6.320131154013192e-09
Disease	disease_18556	6.317047189151339e-09
Disease	disease_16478	6.3167267622650455e-09
Disease	disease_200	6.316055238418672e-09
Disease	disease_10641	6.30646991446423e-09
Disease	disease_7539	6.305753687009654e-09
Disease	disease_15789	6.305464624480801e-09
Disease	disease_16291	6.302683822863168e-09
Disease	disease_15911	6.299357375198221e-09
Disease	disease_17999	6.299168319218835e-09
Disease	disease_44977	6.299095813277996e-09
Disease	disease_17264	6.294816925441724e-09
Disease	disease_16513	6.292173511066211e-09
Disease	disease_5979	6.290242438277516e-09
Disease	disease_9727	6.286601970846992e-09
Disease	disease_44621	6.2810440858487266e-09
Disease	disease_1089	6.277519786728492e-09
Disease	disease_1088	6.277519786728492e-09
Disease	disease_4780	6.277519786728492e-09
Disease	disease_11134	6.27544090050591e-09
Disease	disease_9741	6.274909339902503e-09
Disease	disease_2518	6.274354704508447e-09
Disease	disease_14806	6.2741098647544064e-09
Disease	disease_19064	6.269249941552998e-09
Disease	disease_12092	6.266859352414902e-09
Disease	disease_1273	6.2664292277749515e-09
Disease	disease_8674	6.265458209608053e-09
Disease	disease_8296	6.265139980838443e-09
Disease	disease_17309	6.259775118671276e-09
Disease	disease_2134	6.259013233684889e-09
Disease	disease_10172	6.258976670921769e-09
Disease	disease_5429	6.258594554892283e-09
Disease	disease_14043	6.257572668018382e-09
Disease	disease_12830	6.25610627520054e-09
Disease	disease_8895	6.254863229266255e-09
Disease	disease_43077	6.2497312243720554e-09
Disease	disease_9143	6.245588104013798e-09
Disease	disease_10334	6.243288330486193e-09
Disease	disease_7600	6.24294718902792e-09
Disease	disease_13606	6.242144308098074e-09
Disease	disease_17852	6.241688397690836e-09
Disease	disease_5232	6.241511312178703e-09
Disease	disease_8660	6.238583203367735e-09
Disease	disease_10399	6.237789066481956e-09
Disease	disease_3649	6.2370716347839965e-09
Disease	disease_7043	6.235699861731313e-09
Disease	disease_14270	6.234889404756964e-09
Disease	disease_4202	6.23468769294264e-09
Disease	disease_12931	6.234350172146364e-09
Disease	disease_11851	6.233537037569153e-09
Disease	disease_12095	6.225573557193765e-09
Disease	disease_16594	6.225225209790118e-09
Disease	disease_19919	6.225214332940835e-09
Disease	disease_19918	6.225214332940835e-09
Disease	disease_19994	6.225214332940835e-09
Disease	disease_1520	6.222950620627241e-09
Disease	disease_12833	6.220983378099229e-09
Disease	disease_6130	6.220725859531624e-09
Disease	disease_6244	6.2196160003571266e-09
Disease	disease_18045	6.2191744966904184e-09
Disease	disease_7355	6.218750609622504e-09
Disease	disease_10132	6.218516790694078e-09
Disease	disease_19875	6.217466246509181e-09
Disease	disease_11877	6.2166522399262036e-09
Disease	disease_6598	6.215362969846824e-09
Disease	disease_3748	6.212106942241752e-09
Disease	disease_3727	6.212106942241752e-09
Disease	disease_10121	6.211819614445365e-09
Disease	disease_2751	6.209987164074304e-09
Disease	disease_3635	6.2066520065681024e-09
Disease	disease_19234	6.205671968561462e-09
Disease	disease_12803	6.195843149038021e-09
Disease	disease_2656	6.194652713030642e-09
Disease	disease_11504	6.192828632003249e-09
Disease	disease_10069	6.1913308805383835e-09
Disease	disease_14699	6.1898152834112785e-09
Disease	disease_10691	6.189596945465282e-09
Disease	disease_8915	6.185563446899662e-09
Disease	disease_17234	6.184909792064795e-09
Disease	disease_12435	6.182751642608851e-09
Disease	disease_11845	6.178758400560081e-09
Disease	disease_11850	6.178758400560081e-09
Disease	disease_12441	6.178758400560081e-09
Disease	disease_12440	6.178758400560081e-09
Disease	disease_8467	6.178535564661162e-09
Disease	disease_5284	6.173536185699163e-09
Disease	disease_11583	6.17243424773816e-09
Disease	disease_2041	6.1709961083594905e-09
Disease	disease_8222	6.170278781240088e-09
Disease	disease_13943	6.169158438947815e-09
Disease	disease_15339	6.1691329539336755e-09
Disease	disease_1818	6.168170720505964e-09
Disease	disease_7332	6.1654124671668234e-09
Disease	disease_14336	6.165250957300467e-09
Disease	disease_4041	6.16521096316728e-09
Disease	disease_11684	6.1642963667206305e-09
Disease	disease_19111	6.164234584278284e-09
Disease	disease_10386	6.163406031408598e-09
Disease	disease_8930	6.163393353592791e-09
Disease	disease_18341	6.161332770087387e-09
Disease	disease_21511	6.160262268836543e-09
Disease	disease_18550	6.159713391764831e-09
Disease	disease_9276	6.1575998606937896e-09
Disease	disease_16295	6.153923029487731e-09
Disease	disease_44925	6.151518742836913e-09
Disease	disease_10253	6.148914594958713e-09
Disease	disease_10354	6.148044288621714e-09
Disease	disease_19129	6.14460850076173e-09
Disease	disease_44701	6.1410407399411e-09
Disease	disease_19383	6.139686639143161e-09
Disease	disease_15468	6.139678339643973e-09
Disease	disease_19575	6.134059111464747e-09
Disease	disease_11913	6.133934879039208e-09
Disease	disease_14824	6.129909196641459e-09
Disease	disease_1492	6.1295023710842344e-09
Disease	disease_15705	6.1272562366967725e-09
Disease	disease_7276	6.122514824084881e-09
Disease	disease_43537	6.121677802165253e-09
Disease	disease_5043	6.121035378713362e-09
Disease	disease_15530	6.119772616045002e-09
Disease	disease_6424	6.118050166522321e-09
Disease	disease_7861	6.11802915201722e-09
Disease	disease_17008	6.116586371586436e-09
Disease	disease_24621	6.114448011835781e-09
Disease	disease_17984	6.11239252674062e-09
Disease	disease_10247	6.10783442269387e-09
Disease	disease_12271	6.104832546826827e-09
Disease	disease_6012	6.1037102635105964e-09
Disease	disease_18965	6.0979250650876564e-09
Disease	disease_17376	6.09790044141916e-09
Disease	disease_2463	6.095852353303324e-09
Disease	disease_9182	6.093857521252998e-09
Disease	disease_20720	6.090062694989607e-09
Disease	disease_12898	6.084964179701913e-09
Disease	disease_13639	6.084964179701913e-09
Disease	disease_13020	6.084964179701913e-09
Disease	disease_11607	6.084964179701913e-09
Disease	disease_21034	6.084763609052376e-09
Disease	disease_7288	6.083031070919195e-09
Disease	disease_12492	6.082446667468207e-09
Disease	disease_12135	6.082446667468207e-09
Disease	disease_12493	6.082446667468207e-09
Disease	disease_12641	6.082446667468207e-09
Disease	disease_12636	6.082446667468207e-09
Disease	disease_13022	6.082446667468207e-09
Disease	disease_14079	6.082446667468207e-09
Disease	disease_21148	6.079864250379745e-09
Disease	disease_588	6.076220907425057e-09
Disease	disease_100081	6.071818126859266e-09
Disease	disease_19027	6.064688432170062e-09
Disease	disease_14035	6.0646840391803165e-09
Disease	disease_1742	6.064570677861705e-09
Disease	disease_1864	6.064570677861705e-09
Disease	disease_6157	6.06378595755344e-09
Disease	disease_13898	6.059443145622013e-09
Disease	disease_7805	6.055922889853898e-09
Disease	disease_5620	6.053530066499815e-09
Disease	disease_18326	6.0520107982397476e-09
Disease	disease_8440	6.046368182558523e-09
Disease	disease_16026	6.0409668584466526e-09
Disease	disease_19488	6.0409668584466526e-09
Disease	disease_12141	6.038946931979281e-09
Disease	disease_18898	6.036680709013406e-09
Disease	disease_9115	6.032877639829654e-09
Disease	disease_8893	6.031269630091856e-09
Disease	disease_16733	6.028693435405482e-09
Disease	disease_16402	6.026781287898873e-09
Disease	disease_7764	6.025926205755759e-09
Disease	disease_9952	6.025737380242931e-09
Disease	disease_11470	6.024061980216966e-09
Disease	disease_11237	6.024061980216966e-09
Disease	disease_14020	6.023772921354859e-09
Disease	disease_15323	6.023040069828278e-09
Disease	disease_7964	6.0221582739988795e-09
Disease	disease_8227	6.021804764533521e-09
Disease	disease_16826	6.0167235342885105e-09
Disease	disease_11812	6.013598226336282e-09
Disease	disease_14916	6.012883119938565e-09
Disease	disease_19139	6.012418038204216e-09
Disease	disease_18469	6.010092649460588e-09
Disease	disease_45072	6.008190638811499e-09
Disease	disease_8418	6.0064980953672345e-09
Disease	disease_2635	6.002122665903324e-09
Disease	disease_9036	6.0010152621640004e-09
Disease	disease_10527	6.000076389765652e-09
Disease	disease_56806	5.9948353209683665e-09
Disease	disease_12290	5.9933858903517745e-09
Disease	disease_44745	5.991984134054111e-09
Disease	disease_9504	5.991238195489209e-09
Disease	disease_4597	5.990901016651144e-09
Disease	disease_8875	5.988629323598315e-09
Disease	disease_12638	5.98860027739801e-09
Disease	disease_1940	5.9846126421659545e-09
Disease	disease_16366	5.984501873013143e-09
Disease	disease_8896	5.9804285999671e-09
Disease	disease_638	5.9783578452708634e-09
Disease	disease_11743	5.974878007827856e-09
Disease	disease_8758	5.973955680112512e-09
Disease	disease_18686	5.973775652003643e-09
Disease	disease_13072	5.9722779148827044e-09
Disease	disease_17813	5.970964130080936e-09
Disease	disease_12354	5.9699564985279776e-09
Disease	disease_18569	5.9608855338752665e-09
Disease	disease_17776	5.959055015349971e-09
Disease	disease_10557	5.9514967877080615e-09
Disease	disease_5023	5.950104268341506e-09
Disease	disease_6866	5.94648840793798e-09
Disease	disease_11768	5.94648840793798e-09
Disease	disease_36870	5.9450633815782245e-09
Disease	disease_18764	5.943155377315668e-09
Disease	disease_13968	5.942912668666535e-09
Disease	disease_16644	5.935496596492382e-09
Disease	disease_12082	5.935481035814848e-09
Disease	disease_18515	5.9347174601631e-09
Disease	disease_17778	5.934449717579873e-09
Disease	disease_12345	5.932389996962452e-09
Disease	disease_5528	5.932033960271176e-09
Disease	disease_2802	5.924877648738485e-09
Disease	disease_13426	5.924086655620641e-09
Disease	disease_16933	5.923347039516591e-09
Disease	disease_18017	5.922481076732082e-09
Disease	disease_5594	5.920562884757913e-09
Disease	disease_13071	5.919281601161409e-09
Disease	disease_9359	5.917929801063774e-09
Disease	disease_3604	5.913449594082868e-09
Disease	disease_17811	5.911829347141456e-09
Disease	disease_1703	5.906457459517705e-09
Disease	disease_23180	5.903619864351302e-09
Disease	disease_23179	5.903619864351302e-09
Disease	disease_23178	5.903619864351302e-09
Disease	disease_20161	5.9035749144987585e-09
Disease	disease_15688	5.900981183660102e-09
Disease	disease_9265	5.900766992361963e-09
Disease	disease_12066	5.899502417300656e-09
Disease	disease_9841	5.898699364743348e-09
Disease	disease_54813	5.895319390953495e-09
Disease	disease_16727	5.894635231622035e-09
Disease	disease_13931	5.891779060523371e-09
Disease	disease_8162	5.890890781402401e-09
Disease	disease_18657	5.8908527149792415e-09
Disease	disease_24431	5.890717273480376e-09
Disease	disease_6643	5.886934724261909e-09
Disease	disease_4394	5.884417559571343e-09
Disease	disease_9569	5.883681223278957e-09
Disease	disease_17219	5.88287577988611e-09
Disease	disease_10651	5.882677824098243e-09
Disease	disease_19299	5.882009824321597e-09
Disease	disease_43731	5.87883467353044e-09
Disease	disease_7168	5.873886032337178e-09
Disease	disease_5858	5.872989575166337e-09
Disease	disease_14976	5.871067899016968e-09
Disease	disease_9379	5.865783381573602e-09
Disease	disease_16555	5.86530956725442e-09
Disease	disease_5748	5.863211960132544e-09
Disease	disease_12791	5.861700350503547e-09
Disease	disease_12099	5.858602608914405e-09
Disease	disease_17792	5.856413597186596e-09
Disease	disease_17695	5.854683769267417e-09
Disease	disease_17701	5.854683769267417e-09
Disease	disease_17700	5.854683769267417e-09
Disease	disease_17696	5.854683769267417e-09
Disease	disease_17697	5.854683769267417e-09
Disease	disease_17698	5.854683769267417e-09
Disease	disease_19468	5.853523879491893e-09
Disease	disease_12678	5.851101609210517e-09
Disease	disease_8892	5.8468224881255624e-09
Disease	disease_12611	5.84634453790364e-09
Disease	disease_19292	5.845551472195583e-09
Disease	disease_15088	5.8449369587552396e-09
Disease	disease_12786	5.8446116595301545e-09
Disease	disease_19448	5.8422187870238355e-09
Disease	disease_4571	5.8396588950082886e-09
Disease	disease_5080	5.839286096040736e-09
Disease	disease_2731	5.836348629938379e-09
Disease	disease_12322	5.835402129597691e-09
Disease	disease_7922	5.8339860857054216e-09
Disease	disease_12117	5.8293622172061675e-09
Disease	disease_15013	5.8277644817705196e-09
Disease	disease_30105	5.82749351370463e-09
Disease	disease_15379	5.826750624831804e-09
Disease	disease_24502	5.826318656271105e-09
Disease	disease_7477	5.8262630347371775e-09
Disease	disease_9571	5.825378160902002e-09
Disease	disease_11234	5.825161813703304e-09
Disease	disease_20052	5.823954901263081e-09
Disease	disease_18213	5.822816840208184e-09
Disease	disease_9251	5.822574842846998e-09
Disease	disease_7112	5.819506506109033e-09
Disease	disease_13914	5.817802582452248e-09
Disease	disease_15214	5.816655536523691e-09
Disease	disease_17324	5.816413401238524e-09
Disease	disease_2670	5.807816111005924e-09
Disease	disease_18995	5.802531819480031e-09
Disease	disease_19032	5.7999883700003275e-09
Disease	disease_10927	5.795504210130993e-09
Disease	disease_60564	5.793335975259357e-09
Disease	disease_14457	5.792981205498766e-09
Disease	disease_4742	5.792567962312938e-09
Disease	disease_6035	5.792455138994054e-09
Disease	disease_7045	5.792418508083472e-09
Disease	disease_3813	5.789549067959051e-09
Disease	disease_18872	5.7865391787950284e-09
Disease	disease_11706	5.785551486559296e-09
Disease	disease_3651	5.780528056591839e-09
Disease	disease_3650	5.780528056591839e-09
Disease	disease_21066	5.780172991817874e-09
Disease	disease_24270	5.77788045505161e-09
Disease	disease_11336	5.77671660971652e-09
Disease	disease_24635	5.774826433100076e-09
Disease	disease_19350	5.773664043763985e-09
Disease	disease_14723	5.771432012547787e-09
Disease	disease_10728	5.770998965705014e-09
Disease	disease_13395	5.770807333805264e-09
Disease	disease_20159	5.7707391529464384e-09
Disease	disease_1198	5.770562263830571e-09
Disease	disease_14782	5.770499923806852e-09
Disease	disease_14809	5.768697847489625e-09
Disease	disease_11183	5.767776883473292e-09
Disease	disease_3970	5.764419596857267e-09
Disease	disease_3972	5.764419596857267e-09
Disease	disease_1259	5.764057781307672e-09
Disease	disease_20045	5.763449325786609e-09
Disease	disease_7334	5.763082126050514e-09
Disease	disease_14209	5.762748310904303e-09
Disease	disease_1444	5.761826852669356e-09
Disease	disease_12540	5.758862828336131e-09
Disease	disease_3904	5.752264186940639e-09
Disease	disease_17690	5.750820216045293e-09
Disease	disease_14855	5.7507529858943235e-09
Disease	disease_43726	5.749769025697743e-09
Disease	disease_4746	5.749001437758194e-09
Disease	disease_10631	5.744977342689965e-09
Disease	disease_9962	5.744721648249435e-09
Disease	disease_3409	5.7445878824310515e-09
Disease	disease_37002	5.744161352705686e-09
Disease	disease_17600	5.740864428568811e-09
Disease	disease_22965	5.73889322104049e-09
Disease	disease_16736	5.73889322104049e-09
Disease	disease_16735	5.73889322104049e-09
Disease	disease_16731	5.73889322104049e-09
Disease	disease_22963	5.73889322104049e-09
Disease	disease_14869	5.7383297439357726e-09
Disease	disease_13933	5.735547132882866e-09
Disease	disease_5768	5.734326772295559e-09
Disease	disease_12079	5.733193340623154e-09
Disease	disease_9078	5.732682841067273e-09
Disease	disease_12767	5.723066502628261e-09
Disease	disease_14339	5.717674654569418e-09
Disease	disease_14884	5.713406187376499e-09
Disease	disease_10898	5.705307971568834e-09
Disease	disease_15930	5.702445166800804e-09
Disease	disease_9735	5.6967582786526335e-09
Disease	disease_3342	5.69390207353417e-09
Disease	disease_20427	5.692849332390261e-09
Disease	disease_19563	5.69193997146138e-09
Disease	disease_18373	5.691680655539683e-09
Disease	disease_13937	5.691472996029756e-09
Disease	disease_5902	5.6875963572726346e-09
Disease	disease_18939	5.687166594736242e-09
Disease	disease_18559	5.686792057417608e-09
Disease	disease_20655	5.686339623781561e-09
Disease	disease_986	5.6800417604877795e-09
Disease	disease_12308	5.679605349991129e-09
Disease	disease_17308	5.675226900148655e-09
Disease	disease_12017	5.671836365321923e-09
Disease	disease_16628	5.6697429018148785e-09
Disease	disease_13560	5.667270751383605e-09
Disease	disease_18438	5.659842393007712e-09
Disease	disease_17365	5.6591161240942825e-09
Disease	disease_17784	5.6560260836761005e-09
Disease	disease_32831	5.6546717040334175e-09
Disease	disease_1873	5.653381921150532e-09
Disease	disease_8305	5.651806404233315e-09
Disease	disease_8682	5.650966301413097e-09
Disease	disease_16089	5.649877318109411e-09
Disease	disease_5682	5.6438101657050536e-09
Disease	disease_5716	5.6438101657050536e-09
Disease	disease_56821	5.6438101657050536e-09
Disease	disease_5921	5.643206530623572e-09
Disease	disease_10333	5.642059115704738e-09
Disease	disease_653	5.641843710848262e-09
Disease	disease_8155	5.638220520061998e-09
Disease	disease_14837	5.635769817603787e-09
Disease	disease_8329	5.634722470081721e-09
Disease	disease_20540	5.634369025632513e-09
Disease	disease_10662	5.630212108170839e-09
Disease	disease_7097	5.6245128440845975e-09
Disease	disease_20590	5.6192283196698675e-09
Disease	disease_24352	5.6163678083472e-09
Disease	disease_14495	5.61412187209086e-09
Disease	disease_14507	5.613007749748224e-09
Disease	disease_30008	5.6121556133938326e-09
Disease	disease_32635	5.611857232604347e-09
Disease	disease_3634	5.60912259707547e-09
Disease	disease_17590	5.608702226294912e-09
Disease	disease_10156	5.60693321537278e-09
Disease	disease_6266	5.604780034875817e-09
Disease	disease_14371	5.602506865434389e-09
Disease	disease_30006	5.6024471624528705e-09
Disease	disease_24882	5.599565776840034e-09
Disease	disease_43555	5.5989970157431406e-09
Disease	disease_44202	5.598208974916855e-09
Disease	disease_18216	5.595505819162573e-09
Disease	disease_11581	5.590808108584919e-09
Disease	disease_6055	5.587821990847365e-09
Disease	disease_19240	5.586808533283634e-09
Disease	disease_3767	5.585675303424714e-09
Disease	disease_13939	5.584484522653317e-09
Disease	disease_13806	5.5840460932208326e-09
Disease	disease_13320	5.582032333932117e-09
Disease	disease_1543	5.581913799630374e-09
Disease	disease_8771	5.57991991660341e-09
Disease	disease_36595	5.5775680499246794e-09
Disease	disease_9949	5.573335406499895e-09
Disease	disease_179	5.572268841178911e-09
Disease	disease_10176	5.5717971512444255e-09
Disease	disease_16597	5.57079755745518e-09
Disease	disease_2282	5.56756956988733e-09
Disease	disease_15361	5.562291302851353e-09
Disease	disease_13661	5.5622793138121354e-09
Disease	disease_24559	5.560496918588567e-09
Disease	disease_11071	5.558756276856243e-09
Disease	disease_18503	5.5571408208850126e-09
Disease	disease_3971	5.5571408208850126e-09
Disease	disease_60677	5.5538033076744e-09
Disease	disease_12759	5.553723161309132e-09
Disease	disease_5593	5.547457392422442e-09
Disease	disease_2427	5.545815161454908e-09
Disease	disease_9241	5.542136179320987e-09
Disease	disease_9230	5.54178173903632e-09
Disease	disease_7813	5.537293929402942e-09
Disease	disease_16612	5.536871710190105e-09
Disease	disease_156	5.53342501338725e-09
Disease	disease_6089	5.531388516335538e-09
Disease	disease_21953	5.529685563370377e-09
Disease	disease_12735	5.527313012087157e-09
Disease	disease_15104	5.5271522341960305e-09
Disease	disease_9699	5.523379810426321e-09
Disease	disease_2867	5.522136759407343e-09
Disease	disease_18871	5.521777457512745e-09
Disease	disease_19231	5.5208369659289935e-09
Disease	disease_12312	5.5199229400770465e-09
Disease	disease_4821	5.518643748212617e-09
Disease	disease_21353	5.5180696752759835e-09
Disease	disease_9293	5.5176125806848305e-09
Disease	disease_15609	5.516832554322154e-09
Disease	disease_16237	5.516283899539079e-09
Disease	disease_43768	5.514229924916152e-09
Disease	disease_2839	5.511564958037033e-09
Disease	disease_17593	5.511502942025717e-09
Disease	disease_19737	5.509838767478279e-09
Disease	disease_11810	5.509103946967996e-09
Disease	disease_33864	5.506090510516059e-09
Disease	disease_19249	5.505978175109081e-09
Disease	disease_7921	5.505561219729677e-09
Disease	disease_8803	5.502681128093929e-09
Disease	disease_10183	5.502418815810816e-09
Disease	disease_44789	5.499957789086566e-09
Disease	disease_8779	5.497297748008641e-09
Disease	disease_8633	5.495139041161499e-09
Disease	disease_8782	5.492948231867766e-09
Disease	disease_1261	5.492613123746293e-09
Disease	disease_21025	5.489376154494139e-09
Disease	disease_9439	5.488256143074398e-09
Disease	disease_5737	5.487588784315493e-09
Disease	disease_20460	5.487535332874196e-09
Disease	disease_16820	5.4869372212302145e-09
Disease	disease_14248	5.48662309632055e-09
Disease	disease_11933	5.485846477966609e-09
Disease	disease_17398	5.483129686459098e-09
Disease	disease_17867	5.478865743056358e-09
Disease	disease_24479	5.478483626863721e-09
Disease	disease_44783	5.4767601222747485e-09
Disease	disease_13389	5.474226727644604e-09
Disease	disease_33717	5.4739727348858e-09
Disease	disease_7526	5.470885834807452e-09
Disease	disease_14643	5.46991432467359e-09
Disease	disease_16120	5.467340987585008e-09
Disease	disease_44200	5.4665938773311565e-09
Disease	disease_9291	5.464373597803758e-09
Disease	disease_7251	5.464319509751186e-09
Disease	disease_16263	5.461945888023869e-09
Disease	disease_18541	5.461708027350398e-09
Disease	disease_8492	5.4608237701683675e-09
Disease	disease_18365	5.45831583504059e-09
Disease	disease_10362	5.4561793271341705e-09
Disease	disease_18243	5.454042247804442e-09
Disease	disease_11888	5.454002130473872e-09
Disease	disease_16424	5.452773634823278e-09
Disease	disease_5145	5.45238619930875e-09
Disease	disease_7817	5.452235135905462e-09
Disease	disease_66	5.450962602732568e-09
Disease	disease_10798	5.448919132223201e-09
Disease	disease_19098	5.446712826260477e-09
Disease	disease_11533	5.444537632700903e-09
Disease	disease_14505	5.444398775902401e-09
Disease	disease_7285	5.442310367559847e-09
Disease	disease_41114	5.44216095048347e-09
Disease	disease_16123	5.442011647166974e-09
Disease	disease_24294	5.4417413490410415e-09
Disease	disease_833	5.438515821763782e-09
Disease	disease_17595	5.438434114603592e-09
Disease	disease_18634	5.4373547667774396e-09
Disease	disease_11966	5.436709810239906e-09
Disease	disease_13766	5.432465667057366e-09
Disease	disease_11010	5.431904202706765e-09
Disease	disease_9227	5.42952071982803e-09
Disease	disease_15633	5.428853711142942e-09
Disease	disease_14912	5.428776825616864e-09
Disease	disease_24277	5.425880365114069e-09
Disease	disease_6209	5.423744936197007e-09
Disease	disease_11513	5.421810828762348e-09
Disease	disease_19573	5.420134491143452e-09
Disease	disease_13936	5.419858594504136e-09
Disease	disease_2358	5.419439919345511e-09
Disease	disease_17579	5.418815228441409e-09
Disease	disease_10829	5.4154287674364125e-09
Disease	disease_20744	5.414240208371501e-09
Disease	disease_432	5.4137064819421745e-09
Disease	disease_16255	5.411180231965523e-09
Disease	disease_3346	5.410431581080661e-09
Disease	disease_3315	5.409937840143595e-09
Disease	disease_24468	5.407949100159682e-09
Disease	disease_904	5.4077569745303014e-09
Disease	disease_21077	5.405512239405457e-09
Disease	disease_15274	5.402833198752856e-09
Disease	disease_10222	5.399847459506091e-09
Disease	disease_5970	5.398884295129494e-09
Disease	disease_11680	5.398546779400441e-09
Disease	disease_701	5.395675311669902e-09
Disease	disease_5648	5.3945969667110355e-09
Disease	disease_16698	5.389634115391801e-09
Disease	disease_1639	5.384023735814777e-09
Disease	disease_19411	5.3839604592813695e-09
Disease	disease_6367	5.381105634706061e-09
Disease	disease_16370	5.378475557508301e-09
Disease	disease_10321	5.376882131210922e-09
Disease	disease_3550	5.376247267928529e-09
Disease	disease_9041	5.375969169571389e-09
Disease	disease_14459	5.374649469833112e-09
Disease	disease_10772	5.367754877509614e-09
Disease	disease_13495	5.3667884695643565e-09
Disease	disease_24541	5.365581315573123e-09
Disease	disease_8619	5.363974678666346e-09
Disease	disease_7105	5.360898078706438e-09
Disease	disease_13066	5.360596163962138e-09
Disease	disease_6599	5.354964437904946e-09
Disease	disease_12116	5.354199033049702e-09
Disease	disease_6044	5.353634912906423e-09
Disease	disease_20068	5.353090122183318e-09
Disease	disease_10977	5.352874055422647e-09
Disease	disease_21097	5.352687039963935e-09
Disease	disease_14331	5.35101186436565e-09
Disease	disease_41448	5.348179421763079e-09
Disease	disease_15821	5.345857395473913e-09
Disease	disease_11113	5.344803995561026e-09
Disease	disease_11472	5.342694311700627e-09
Disease	disease_10929	5.341457046272108e-09
Disease	disease_637	5.3409266973943904e-09
Disease	disease_17860	5.340242284666254e-09
Disease	disease_15494	5.339487095454167e-09
Disease	disease_19297	5.33767769490608e-09
Disease	disease_19078	5.334759534777546e-09
Disease	disease_13907	5.333940351144756e-09
Disease	disease_18562	5.333760936569361e-09
Disease	disease_10131	5.3328337758696316e-09
Disease	disease_17227	5.331396335694169e-09
Disease	disease_16635	5.327717659348927e-09
Disease	disease_7410	5.3255131581882265e-09
Disease	disease_1159	5.324517813195833e-09
Disease	disease_19720	5.318174412229176e-09
Disease	disease_5377	5.31806771827266e-09
Disease	disease_8762	5.317891304527046e-09
Disease	disease_17780	5.316938427294176e-09
Disease	disease_9611	5.316416264794529e-09
Disease	disease_13885	5.315294726744253e-09
Disease	disease_16239	5.315279192534904e-09
Disease	disease_15267	5.313934824884798e-09
Disease	disease_20143	5.3139331346431684e-09
Disease	disease_19187	5.31320142676165e-09
Disease	disease_9612	5.307362582732728e-09
Disease	disease_4582	5.302763801262846e-09
Disease	disease_5229	5.302004117915105e-09
Disease	disease_20040	5.294645133144519e-09
Disease	disease_19861	5.2916619564446586e-09
Disease	disease_18175	5.288574758415332e-09
Disease	disease_7514	5.287912175350799e-09
Disease	disease_7405	5.284969819568626e-09
Disease	disease_11330	5.28464188924865e-09
Disease	disease_10135	5.283190717392758e-09
Disease	disease_20265	5.281678497135921e-09
Disease	disease_8870	5.275733013250928e-09
Disease	disease_43519	5.274601599056401e-09
Disease	disease_11874	5.273884968232238e-09
Disease	disease_13325	5.273786474053924e-09
Disease	disease_10092	5.273382808116919e-09
Disease	disease_12982	5.272192086949077e-09
Disease	disease_15710	5.266384975600496e-09
Disease	disease_18394	5.265321488413896e-09
Disease	disease_19053	5.263595904460467e-09
Disease	disease_7387	5.263365397915588e-09
Disease	disease_7164	5.2593542580708465e-09
Disease	disease_17145	5.256990290550742e-09
Disease	disease_5969	5.255288873065091e-09
Disease	disease_8843	5.255180862668149e-09
Disease	disease_17812	5.2548300422155755e-09
Disease	disease_13060	5.253566949509942e-09
Disease	disease_16643	5.250710144336283e-09
Disease	disease_11411	5.242924476357804e-09
Disease	disease_15860	5.235514250638809e-09
Disease	disease_5568	5.234559007553678e-09
Disease	disease_8708	5.231912112597523e-09
Disease	disease_3659	5.22786666458455e-09
Disease	disease_6973	5.2256628287864155e-09
Disease	disease_19248	5.225438435209045e-09
Disease	disease_24655	5.224146041436284e-09
Disease	disease_17767	5.219909868725279e-09
Disease	disease_10741	5.217552403197688e-09
Disease	disease_10730	5.217426662738623e-09
Disease	disease_44987	5.216905352911184e-09
Disease	disease_16254	5.216711897813659e-09
Disease	disease_17624	5.216082978278457e-09
Disease	disease_24282	5.21254893649282e-09
Disease	disease_18424	5.2107612464475474e-09
Disease	disease_18860	5.210007642164051e-09
Disease	disease_8825	5.20956222799697e-09
Disease	disease_3122	5.208346934871867e-09
Disease	disease_5278	5.207674699781467e-09
Disease	disease_5920	5.207369829039773e-09
Disease	disease_9066	5.203896471825569e-09
Disease	disease_19257	5.203638974818519e-09
Disease	disease_16113	5.203482204292507e-09
Disease	disease_14306	5.2028559482311106e-09
Disease	disease_24471	5.201764196178895e-09
Disease	disease_18821	5.201660249329318e-09
Disease	disease_16085	5.201588788352949e-09
Disease	disease_14389	5.199274489960998e-09
Disease	disease_11049	5.197634764633058e-09
Disease	disease_40797	5.196924455106379e-09
Disease	disease_2944	5.192892469800981e-09
Disease	disease_7316	5.190396379140106e-09
Disease	disease_10142	5.188736208136336e-09
Disease	disease_8417	5.187334482031993e-09
Disease	disease_2117	5.186659486804057e-09
Disease	disease_5079	5.184971671675315e-09
Disease	disease_21379	5.184519449238445e-09
Disease	disease_13226	5.183203141299874e-09
Disease	disease_8097	5.182966597843874e-09
Disease	disease_14386	5.182363258672391e-09
Disease	disease_54699	5.1821917172928844e-09
Disease	disease_21385	5.1811938854823516e-09
Disease	disease_100010	5.180831797070105e-09
Disease	disease_18291	5.1804374839360495e-09
Disease	disease_11628	5.179440617766569e-09
Disease	disease_369	5.1761329616831665e-09
Disease	disease_20603	5.175343767367534e-09
Disease	disease_119	5.174608477576721e-09
Disease	disease_14943	5.1743659041456e-09
Disease	disease_20070	5.173335063493796e-09
Disease	disease_4514	5.16961254221393e-09
Disease	disease_5659	5.16961254221393e-09
Disease	disease_23595	5.169196451742287e-09
Disease	disease_9033	5.168159302671756e-09
Disease	disease_11202	5.167367534239317e-09
Disease	disease_14464	5.166191256381361e-09
Disease	disease_9848	5.165426867866717e-09
Disease	disease_5320	5.164456437070934e-09
Disease	disease_16649	5.160872575509359e-09
Disease	disease_10975	5.158415776718453e-09
Disease	disease_2101	5.1515100334548274e-09
Disease	disease_9266	5.1502363495395365e-09
Disease	disease_10570	5.15016766835708e-09
Disease	disease_7837	5.147867737722968e-09
Disease	disease_2824	5.147740266180145e-09
Disease	disease_11512	5.145464639243008e-09
Disease	disease_6349	5.145349904222635e-09
Disease	disease_56819	5.143693839847853e-09
Disease	disease_6202	5.140440765688801e-09
Disease	disease_14247	5.140086700627285e-09
Disease	disease_6952	5.138215261501662e-09
Disease	disease_12163	5.137899460360066e-09
Disease	disease_9183	5.1364991233509504e-09
Disease	disease_10936	5.13608639831726e-09
Disease	disease_16793	5.135898965326033e-09
Disease	disease_8831	5.135831115608024e-09
Disease	disease_2428	5.133889033032806e-09
Disease	disease_17319	5.13366784675242e-09
Disease	disease_1540	5.1335723785829e-09
Disease	disease_1650	5.129744642770445e-09
Disease	disease_8491	5.129367614335724e-09
Disease	disease_13432	5.129043388862635e-09
Disease	disease_18091	5.125728794334149e-09
Disease	disease_13696	5.124487974764019e-09
Disease	disease_17268	5.12426279601543e-09
Disease	disease_5829	5.118723851460036e-09
Disease	disease_21355	5.116683977577412e-09
Disease	disease_22880	5.114968225257577e-09
Disease	disease_25449	5.106145306779464e-09
Disease	disease_6594	5.105753402877461e-09
Disease	disease_21060	5.103605491116179e-09
Disease	disease_14046	5.103171658281666e-09
Disease	disease_14512	5.101977139871876e-09
Disease	disease_5040	5.0986760384597584e-09
Disease	disease_33534	5.098591620858004e-09
Disease	disease_4093	5.096186226872587e-09
Disease	disease_19594	5.093725480965082e-09
Disease	disease_17881	5.092914007105632e-09
Disease	disease_19172	5.085022601510671e-09
Disease	disease_8375	5.0810387530715475e-09
Disease	disease_44971	5.080862367957454e-09
Disease	disease_4355	5.079769898083457e-09
Disease	disease_10339	5.079390851102661e-09
Disease	disease_17882	5.0690014347130705e-09
Disease	disease_9339	5.0675723899418416e-09
Disease	disease_11086	5.066980811129268e-09
Disease	disease_5905	5.06453435117842e-09
Disease	disease_19570	5.0624125323805336e-09
Disease	disease_2561	5.062207412941209e-09
Disease	disease_16607	5.06144525449041e-09
Disease	disease_16944	5.06090584276212e-09
Disease	disease_44915	5.055422691483213e-09
Disease	disease_4678	5.054955846090774e-09
Disease	disease_13468	5.054064560746812e-09
Disease	disease_44739	5.053902347352822e-09
Disease	disease_16605	5.053656193058707e-09
Disease	disease_10803	5.0510449572416365e-09
Disease	disease_11640	5.050334569127085e-09
Disease	disease_10708	5.048304706485755e-09
Disease	disease_16044	5.0464988369751946e-09
Disease	disease_15170	5.045443615365465e-09
Disease	disease_20662	5.045175447552814e-09
Disease	disease_17729	5.044895349935337e-09
Disease	disease_8133	5.044261288087237e-09
Disease	disease_6312	5.042490503893416e-09
Disease	disease_10485	5.0361617989697605e-09
Disease	disease_19054	5.034947558623832e-09
Disease	disease_12052	5.034354006811195e-09
Disease	disease_15703	5.034085656747894e-09
Disease	disease_20282	5.032329651288105e-09
Disease	disease_4671	5.032261842926611e-09
Disease	disease_6327	5.030177879944244e-09
Disease	disease_19714	5.028021996978334e-09
Disease	disease_11629	5.024425896767248e-09
Disease	disease_8130	5.022172652384785e-09
Disease	disease_18585	5.020924647426392e-09
Disease	disease_11038	5.020823309281576e-09
Disease	disease_15320	5.019132383154104e-09
Disease	disease_5909	5.015119465783335e-09
Disease	disease_14787	5.014788945350476e-09
Disease	disease_10478	5.014621718995052e-09
Disease	disease_14742	5.014413092700329e-09
Disease	disease_15178	5.014287634426042e-09
Disease	disease_17998	5.008987880673167e-09
Disease	disease_19796	5.008747364996175e-09
Disease	disease_7916	5.006428496281119e-09
Disease	disease_12245	5.00482274566693e-09
Disease	disease_5552	5.004814120760967e-09
Disease	disease_15219	5.0027740208597415e-09
Disease	disease_44646	5.002244842614749e-09
Disease	disease_9325	5.0021386811569376e-09
Disease	disease_2381	5.001223929054985e-09
Disease	disease_16352	5.000975021663961e-09
Disease	disease_12517	4.997691969406619e-09
Disease	disease_24619	4.993586334131113e-09
Disease	disease_7566	4.9925957734561635e-09
Disease	disease_21777	4.989059630338711e-09
Disease	disease_10895	4.9888144152123226e-09
Disease	disease_4705	4.981456272361315e-09
Disease	disease_31332	4.9812463268398445e-09
Disease	disease_13452	4.978348837385696e-09
Disease	disease_276	4.977806391744152e-09
Disease	disease_14969	4.977459356412318e-09
Disease	disease_14804	4.976533543427535e-09
Disease	disease_7238	4.975852109166288e-09
Disease	disease_11638	4.975519138231183e-09
Disease	disease_16423	4.975366780137635e-09
Disease	disease_10595	4.9749910748583155e-09
Disease	disease_12556	4.97403044288491e-09
Disease	disease_2468	4.970887472756778e-09
Disease	disease_18037	4.969000683509366e-09
Disease	disease_11681	4.96815776540784e-09
Disease	disease_8201	4.9662875689955305e-09
Disease	disease_7200	4.963004167694874e-09
Disease	disease_10539	4.958581851653311e-09
Disease	disease_19834	4.957804520465073e-09
Disease	disease_19944	4.956168740111007e-09
Disease	disease_10214	4.955026385827969e-09
Disease	disease_14450	4.954802749426696e-09
Disease	disease_8768	4.9515635860866965e-09
Disease	disease_14895	4.950725082608031e-09
Disease	disease_14391	4.9482842676240155e-09
Disease	disease_17814	4.945182487053395e-09
Disease	disease_1105	4.9450015726132405e-09
Disease	disease_10520	4.943976867624653e-09
Disease	disease_15884	4.942387011849268e-09
Disease	disease_2768	4.942355089484309e-09
Disease	disease_13404	4.93643094405429e-09
Disease	disease_18589	4.935908333836017e-09
Disease	disease_1137	4.934821135350627e-09
Disease	disease_11225	4.934595514502886e-09
Disease	disease_10555	4.929245054220656e-09
Disease	disease_6526	4.929151783767998e-09
Disease	disease_25598	4.927979522129219e-09
Disease	disease_11337	4.925698648778653e-09
Disease	disease_17805	4.925532980924737e-09
Disease	disease_9229	4.925008694923742e-09
Disease	disease_8743	4.924299833856809e-09
Disease	disease_11327	4.9191611023375555e-09
Disease	disease_3001	4.917446482944059e-09
Disease	disease_14003	4.916499322698694e-09
Disease	disease_10368	4.914295874088563e-09
Disease	disease_7352	4.913553189267034e-09
Disease	disease_18129	4.910735131676507e-09
Disease	disease_2415	4.908905645275804e-09
Disease	disease_8808	4.908595045638452e-09
Disease	disease_13869	4.9084210165132524e-09
Disease	disease_10243	4.907289177170958e-09
Disease	disease_11335	4.906900687858551e-09
Disease	disease_10315	4.906034966212928e-09
Disease	disease_21096	4.903899095738619e-09
Disease	disease_14605	4.903736102556309e-09
Disease	disease_18204	4.9010438071928866e-09
Disease	disease_15922	4.90045659900784e-09
Disease	disease_41440	4.900101014806617e-09
Disease	disease_630	4.899803935459099e-09
Disease	disease_11383	4.885592577229882e-09
Disease	disease_948	4.885465553714554e-09
Disease	disease_13339	4.885120675036152e-09
Disease	disease_20927	4.883484132714788e-09
Disease	disease_12295	4.880774723451293e-09
Disease	disease_10622	4.880422018586439e-09
Disease	disease_6858	4.88026848785117e-09
Disease	disease_9618	4.879178330085703e-09
Disease	disease_12897	4.878918475200823e-09
Disease	disease_14529	4.878265604365395e-09
Disease	disease_14640	4.8766177505745565e-09
Disease	disease_18222	4.875961267434096e-09
Disease	disease_30088	4.8749181149276125e-09
Disease	disease_1246	4.8743794827713785e-09
Disease	disease_9973	4.873955812215905e-09
Disease	disease_21568	4.873518549278083e-09
Disease	disease_17457	4.8728362436193975e-09
Disease	disease_17456	4.8728362436193975e-09
Disease	disease_20598	4.870538431809777e-09
Disease	disease_15372	4.87030930354622e-09
Disease	disease_10985	4.870276841363968e-09
Disease	disease_7854	4.870131826900123e-09
Disease	disease_2847	4.868874321362438e-09
Disease	disease_9069	4.867121140616319e-09
Disease	disease_15374	4.866498789000102e-09
Disease	disease_13414	4.865636919030989e-09
Disease	disease_9863	4.863576652812851e-09
Disease	disease_30087	4.863265231760205e-09
Disease	disease_19440	4.860586891011376e-09
Disease	disease_9461	4.858657091625865e-09
Disease	disease_6794	4.85788315603085e-09
Disease	disease_5506	4.856963429952687e-09
Disease	disease_7872	4.856248501815694e-09
Disease	disease_10023	4.8562334276528205e-09
Disease	disease_12020	4.856159666308563e-09
Disease	disease_15221	4.854841869729236e-09
Disease	disease_16801	4.8534574264355715e-09
Disease	disease_12439	4.84155573256637e-09
Disease	disease_2243	4.841417904103348e-09
Disease	disease_15976	4.8408497910141586e-09
Disease	disease_16059	4.839566787700233e-09
Disease	disease_13539	4.839280469232228e-09
Disease	disease_12248	4.838936818825285e-09
Disease	disease_14375	4.838051972242652e-09
Disease	disease_44887	4.837344799873742e-09
Disease	disease_17277	4.8369835588805055e-09
Disease	disease_6481	4.83618878169647e-09
Disease	disease_8380	4.834238246618172e-09
Disease	disease_8148	4.832082823299452e-09
Disease	disease_100285	4.8307323598228395e-09
Disease	disease_2930	4.828974346811573e-09
Disease	disease_17995	4.826675842948302e-09
Disease	disease_20163	4.824181847080052e-09
Disease	disease_3159	4.823112597179703e-09
Disease	disease_8471	4.8229416108673905e-09
Disease	disease_10785	4.8215419280066246e-09
Disease	disease_14334	4.819675288263227e-09
Disease	disease_14748	4.816837877473545e-09
Disease	disease_16258	4.815731941794897e-09
Disease	disease_20672	4.813828174496707e-09
Disease	disease_13920	4.813696824824946e-09
Disease	disease_8814	4.811488548394755e-09
Disease	disease_383	4.808784446391073e-09
Disease	disease_23152	4.804885237140685e-09
Disease	disease_18071	4.804640499331543e-09
Disease	disease_14244	4.802427506809862e-09
Disease	disease_11497	4.802405400650507e-09
Disease	disease_9428	4.801597391732598e-09
Disease	disease_5833	4.801085755830733e-09
Disease	disease_552	4.800805644552043e-09
Disease	disease_17787	4.798759600138615e-09
Disease	disease_10540	4.79678158399633e-09
Disease	disease_261	4.795420461088999e-09
Disease	disease_17989	4.794915744935799e-09
Disease	disease_4039	4.789676071778034e-09
Disease	disease_32799	4.7894852767003784e-09
Disease	disease_18983	4.788336930341448e-09
Disease	disease_5051	4.786547847539753e-09
Disease	disease_10192	4.786120251985765e-09
Disease	disease_12041	4.785808647432898e-09
Disease	disease_6665	4.783074493874582e-09
Disease	disease_44715	4.78150895705737e-09
Disease	disease_12177	4.781389855069696e-09
Disease	disease_6898	4.781064797706434e-09
Disease	disease_60782	4.7782021082457985e-09
Disease	disease_15912	4.77811802794345e-09
Disease	disease_11772	4.772391776855873e-09
Disease	disease_10263	4.769924227763546e-09
Disease	disease_1103	4.7677032579424706e-09
Disease	disease_19251	4.7670196062122424e-09
Disease	disease_13312	4.766156395913367e-09
Disease	disease_21945	4.765811438046044e-09
Disease	disease_22	4.761929408677396e-09
Disease	disease_3142	4.7617422139393495e-09
Disease	disease_6037	4.76111977905692e-09
Disease	disease_6183	4.760623718364562e-09
Disease	disease_5885	4.758955936771597e-09
Disease	disease_16358	4.7545826461311145e-09
Disease	disease_45024	4.7542844978925105e-09
Disease	disease_11934	4.751921329952614e-09
Disease	disease_8795	4.751849121084632e-09
Disease	disease_14951	4.751785072649366e-09
Disease	disease_8967	4.749969604418458e-09
Disease	disease_44273	4.749809985999116e-09
Disease	disease_2368	4.74531312227635e-09
Disease	disease_2762	4.744671246399414e-09
Disease	disease_6939	4.737157500668393e-09
Disease	disease_17267	4.734845360283345e-09
Disease	disease_21246	4.7344164108188135e-09
Disease	disease_19112	4.732654063973611e-09
Disease	disease_24546	4.730267642149139e-09
Disease	disease_3802	4.726960700699052e-09
Disease	disease_19747	4.725966798371621e-09
Disease	disease_6690	4.725375765995342e-09
Disease	disease_13363	4.723920920151906e-09
Disease	disease_3519	4.723511241847127e-09
Disease	disease_3864	4.723443949636653e-09
Disease	disease_2286	4.721456564344844e-09
Disease	disease_11462	4.719695422532176e-09
Disease	disease_16606	4.717494302374823e-09
Disease	disease_11627	4.716551002917977e-09
Disease	disease_100040	4.714639481761026e-09
Disease	disease_6135	4.713619055106105e-09
Disease	disease_11158	4.713421699089135e-09
Disease	disease_4007	4.712297587227179e-09
Disease	disease_9777	4.712067110081199e-09
Disease	disease_14005	4.708923855145057e-09
Disease	disease_18247	4.7057817454135896e-09
Disease	disease_20605	4.7057508664760375e-09
Disease	disease_14381	4.705495986406654e-09
Disease	disease_6076	4.703336055873799e-09
Disease	disease_3603	4.702056943825368e-09
Disease	disease_21098	4.701133802935804e-09
Disease	disease_19522	4.697317339963153e-09
Disease	disease_13601	4.696609300172995e-09
Disease	disease_21065	4.692436570866869e-09
Disease	disease_20506	4.692425623496965e-09
Disease	disease_22293	4.692286711656941e-09
Disease	disease_41775	4.6905472501873176e-09
Disease	disease_3215	4.690342803812933e-09
Disease	disease_9032	4.6898036695579275e-09
Disease	disease_5355	4.687664578240119e-09
Disease	disease_8642	4.686807988243823e-09
Disease	disease_10664	4.686533018996318e-09
Disease	disease_19152	4.683644060683057e-09
Disease	disease_21079	4.682120271013117e-09
Disease	disease_18656	4.681081925442252e-09
Disease	disease_18207	4.679362453202677e-09
Disease	disease_5026	4.6775385618993785e-09
Disease	disease_1576	4.676805048979533e-09
Disease	disease_19601	4.676126722356776e-09
Disease	disease_18329	4.674946082167773e-09
Disease	disease_20325	4.672343550973771e-09
Disease	disease_3636	4.672174518534377e-09
Disease	disease_13776	4.671967344225396e-09
Disease	disease_13740	4.671235260891543e-09
Disease	disease_10535	4.671044171297806e-09
Disease	disease_4675	4.67047459152578e-09
Disease	disease_5479	4.670124179174938e-09
Disease	disease_8601	4.669594380099265e-09
Disease	disease_2245	4.6679440613866684e-09
Disease	disease_18297	4.6679063970644005e-09
Disease	disease_17059	4.666250433472533e-09
Disease	disease_8830	4.6651692274607876e-09
Disease	disease_18403	4.665162295043069e-09
Disease	disease_16335	4.664441441328128e-09
Disease	disease_18189	4.662943701067018e-09
Disease	disease_9926	4.66252403545358e-09
Disease	disease_7109	4.66000754574972e-09
Disease	disease_16051	4.657896550543886e-09
Disease	disease_7536	4.655538945366988e-09
Disease	disease_9051	4.6548578462166326e-09
Disease	disease_15194	4.654585092677001e-09
Disease	disease_11585	4.652384819920357e-09
Disease	disease_6941	4.6516363188624716e-09
Disease	disease_17872	4.651247004520225e-09
Disease	disease_13008	4.6493656472073455e-09
Disease	disease_11776	4.646293377141243e-09
Disease	disease_17259	4.646173467630669e-09
Disease	disease_3959	4.645731534777665e-09
Disease	disease_8368	4.6448359368660455e-09
Disease	disease_18900	4.64310106268015e-09
Disease	disease_2135	4.642961133673702e-09
Disease	disease_16298	4.641855067023204e-09
Disease	disease_6618	4.6406912924770595e-09
Disease	disease_14769	4.6379673309161825e-09
Disease	disease_10698	4.635322249322186e-09
Disease	disease_871	4.632192792401253e-09
Disease	disease_10582	4.631170228514943e-09
Disease	disease_2056	4.630792256049852e-09
Disease	disease_5029	4.62603735060857e-09
Disease	disease_17969	4.624996610560226e-09
Disease	disease_625	4.624937520461581e-09
Disease	disease_15164	4.6247539731884255e-09
Disease	disease_15608	4.6247539731884255e-09
Disease	disease_33304	4.624444999731384e-09
Disease	disease_16763	4.6241632512923155e-09
Disease	disease_23286	4.623527521098762e-09
Disease	disease_2913	4.62344495580032e-09
Disease	disease_8783	4.6227219694908114e-09
Disease	disease_18715	4.622474547203261e-09
Disease	disease_6946	4.619818530478339e-09
Disease	disease_43224	4.6161398098342855e-09
Disease	disease_5718	4.6151140934143555e-09
Disease	disease_6760	4.614178022210241e-09
Disease	disease_17818	4.612989556123807e-09
Disease	disease_5399	4.612989556123807e-09
Disease	disease_17341	4.6124142801857106e-09
Disease	disease_8972	4.60805355242879e-09
Disease	disease_19035	4.6071546876329575e-09
Disease	disease_7624	4.60630113016239e-09
Disease	disease_9666	4.604870835370351e-09
Disease	disease_16399	4.6040561259335465e-09
Disease	disease_10523	4.601575088930178e-09
Disease	disease_1437	4.600985633985297e-09
Disease	disease_14196	4.596936555164606e-09
Disease	disease_11794	4.596915279357974e-09
Disease	disease_10589	4.595642639924527e-09
Disease	disease_10533	4.593542016749543e-09
Disease	disease_13069	4.592229545756276e-09
Disease	disease_12211	4.590385396478995e-09
Disease	disease_10856	4.590302026748421e-09
Disease	disease_8061	4.5881708176881524e-09
Disease	disease_8559	4.588003229989336e-09
Disease	disease_550	4.5834474732000735e-09
Disease	disease_6654	4.580627361399711e-09
Disease	disease_6653	4.580627361399711e-09
Disease	disease_17426	4.580466004996257e-09
Disease	disease_24299	4.580124512794248e-09
Disease	disease_21523	4.579183761644184e-09
Disease	disease_9616	4.5790123012769615e-09
Disease	disease_20645	4.577168290082745e-09
Disease	disease_12016	4.576678323516555e-09
Disease	disease_11707	4.573861019565628e-09
Disease	disease_19253	4.571845726935741e-09
Disease	disease_13273	4.570840175271296e-09
Disease	disease_21450	4.567545783787524e-09
Disease	disease_56797	4.567073372338483e-09
Disease	disease_21343	4.5657133681107446e-09
Disease	disease_9963	4.565319346546446e-09
Disease	disease_16070	4.564752676987007e-09
Disease	disease_13189	4.5638121920587916e-09
Disease	disease_24470	4.562919005474591e-09
Disease	disease_888	4.560970732793412e-09
Disease	disease_10747	4.560636255481113e-09
Disease	disease_15975	4.559596155664897e-09
Disease	disease_12531	4.559412333755011e-09
Disease	disease_17855	4.555899560693014e-09
Disease	disease_3454	4.552941119856941e-09
Disease	disease_241	4.552713123123439e-09
Disease	disease_13810	4.550855135056316e-09
Disease	disease_15748	4.546899332535687e-09
Disease	disease_20288	4.5455717639146145e-09
Disease	disease_8877	4.5436385317560665e-09
Disease	disease_19437	4.5421868196294064e-09
Disease	disease_1150	4.540870195348025e-09
Disease	disease_12119	4.539999360395009e-09
Disease	disease_12377	4.539999360395009e-09
Disease	disease_13184	4.5367244149595235e-09
Disease	disease_12523	4.532956721405739e-09
Disease	disease_19548	4.531804940146333e-09
Disease	disease_5446	4.5304447868218624e-09
Disease	disease_10828	4.5304030237587275e-09
Disease	disease_612	4.528875750340435e-09
Disease	disease_10287	4.527702756220877e-09
Disease	disease_5526	4.527526505661677e-09
Disease	disease_21429	4.525854851461779e-09
Disease	disease_20049	4.525385197522333e-09
Disease	disease_14941	4.525338016273575e-09
Disease	disease_15797	4.524731939107285e-09
Disease	disease_16297	4.5233190842270125e-09
Disease	disease_20310	4.519841251968283e-09
Disease	disease_5789	4.519835419320449e-09
Disease	disease_15735	4.5175114833557125e-09
Disease	disease_12123	4.514473073059635e-09
Disease	disease_12563	4.513856892177484e-09
Disease	disease_7140	4.513621993395464e-09
Disease	disease_9380	4.513520854841297e-09
Disease	disease_9212	4.508554518802149e-09
Disease	disease_211	4.507744889480948e-09
Disease	disease_21783	4.506211906628587e-09
Disease	disease_9491	4.500656872138975e-09
Disease	disease_18608	4.498615899443157e-09
Disease	disease_14315	4.49853341563319e-09
Disease	disease_8152	4.498236018760489e-09
Disease	disease_12143	4.495595351724954e-09
Disease	disease_44651	4.494064643873812e-09
Disease	disease_15681	4.493618653261836e-09
Disease	disease_14747	4.488725936838933e-09
Disease	disease_8512	4.487834987166107e-09
Disease	disease_14525	4.4874672351468835e-09
Disease	disease_18360	4.485680806661891e-09
Disease	disease_33010	4.4856271249814474e-09
Disease	disease_14831	4.484163795111516e-09
Disease	disease_23644	4.4838929643863025e-09
Disease	disease_8488	4.483141369395673e-09
Disease	disease_14624	4.480464604330547e-09
Disease	disease_2477	4.479810855525425e-09
Disease	disease_7552	4.477149061891432e-09
Disease	disease_16796	4.475752474482832e-09
Disease	disease_43885	4.4736892480894504e-09
Disease	disease_18781	4.473284671119278e-09
Disease	disease_19060	4.47015435951099e-09
Disease	disease_21520	4.464366981423241e-09
Disease	disease_18571	4.4627019076980704e-09
Disease	disease_10519	4.4601141103739565e-09
Disease	disease_14737	4.459977799837858e-09
Disease	disease_14707	4.459350681572816e-09
Disease	disease_9664	4.458175172030411e-09
Disease	disease_7918	4.457573973822627e-09
Disease	disease_21460	4.454909063868042e-09
Disease	disease_10531	4.453166961244672e-09
Disease	disease_16027	4.4526329270790005e-09
Disease	disease_5746	4.4520248983629116e-09
Disease	disease_8856	4.450886753573816e-09
Disease	disease_14355	4.445469016912264e-09
Disease	disease_16118	4.4450331146740336e-09
Disease	disease_8275	4.444045626922912e-09
Disease	disease_22020	4.443861880751555e-09
Disease	disease_9324	4.440387268085875e-09
Disease	disease_18994	4.439438495884143e-09
Disease	disease_15775	4.438958816001991e-09
Disease	disease_548	4.434899211167114e-09
Disease	disease_17713	4.4343552523611665e-09
Disease	disease_60502	4.433935310450926e-09
Disease	disease_13737	4.4333094941394304e-09
Disease	disease_21445	4.433097415089818e-09
Disease	disease_7784	4.432956751853046e-09
Disease	disease_43226	4.432574274153166e-09
Disease	disease_17594	4.4322582482821e-09
Disease	disease_13786	4.427432632992743e-09
Disease	disease_7845	4.427393059349269e-09
Disease	disease_11313	4.426139036844734e-09
Disease	disease_9113	4.422783033185278e-09
Disease	disease_8693	4.421428825640787e-09
Disease	disease_26782	4.418864487683485e-09
Disease	disease_44726	4.41769628973927e-09
Disease	disease_42962	4.41756490341284e-09
Disease	disease_17641	4.416298101346582e-09
Disease	disease_8046	4.4161728487902295e-09
Disease	disease_7691	4.415252458177053e-09
Disease	disease_2701	4.415102105167604e-09
Disease	disease_2471	4.4138653990940775e-09
Disease	disease_20346	4.412856293069544e-09
Disease	disease_8800	4.412057678729904e-09
Disease	disease_8816	4.4116452056133315e-09
Disease	disease_170	4.4099944068826805e-09
Disease	disease_19179	4.4095617629424884e-09
Disease	disease_18155	4.408367955094594e-09
Disease	disease_24633	4.4081487709514095e-09
Disease	disease_5491	4.406350621689314e-09
Disease	disease_20098	4.404649352707795e-09
Disease	disease_12124	4.403282957261867e-09
Disease	disease_7496	4.40243284408665e-09
Disease	disease_412	4.398383562384157e-09
Disease	disease_10659	4.398010057594489e-09
Disease	disease_15366	4.396659851892611e-09
Disease	disease_8244	4.395072752599639e-09
Disease	disease_15465	4.392569332722599e-09
Disease	disease_7572	4.392295558945412e-09
Disease	disease_2061	4.391305551318025e-09
Disease	disease_19900	4.386629372773534e-09
Disease	disease_17334	4.386629372773534e-09
Disease	disease_21043	4.385922374473408e-09
Disease	disease_21160	4.38496376043503e-09
Disease	disease_2181	4.384625662435732e-09
Disease	disease_7436	4.384591624277705e-09
Disease	disease_3283	4.382905568985972e-09
Disease	disease_18298	4.3818610018531504e-09
Disease	disease_414	4.380787792754963e-09
Disease	disease_44319	4.3801836193684655e-09
Disease	disease_100238	4.379358081527622e-09
Disease	disease_7295	4.376833160348997e-09
Disease	disease_925	4.375327451079112e-09
Disease	disease_924	4.375327451079112e-09
Disease	disease_923	4.375327451079112e-09
Disease	disease_9567	4.374458830305461e-09
Disease	disease_43166	4.371405515487079e-09
Disease	disease_1356	4.369965651231197e-09
Disease	disease_21524	4.3681677641796495e-09
Disease	disease_9215	4.367923184431383e-09
Disease	disease_9045	4.3670524258689144e-09
Disease	disease_18089	4.367040185809312e-09
Disease	disease_2422	4.366347104934481e-09
Disease	disease_44306	4.36517636674745e-09
Disease	disease_413	4.3637318564974516e-09
Disease	disease_45070	4.3578462093878744e-09
Disease	disease_21431	4.355849924972719e-09
Disease	disease_5110	4.353006522905358e-09
Disease	disease_5418	4.353006522905358e-09
Disease	disease_22653	4.353006522905358e-09
Disease	disease_18008	4.353006522905358e-09
Disease	disease_23006	4.353006522905358e-09
Disease	disease_6832	4.352183939425069e-09
Disease	disease_4717	4.350764953120325e-09
Disease	disease_5442	4.348761423219979e-09
Disease	disease_8931	4.348442712788908e-09
Disease	disease_10340	4.342042656810097e-09
Disease	disease_9760	4.3415927655403565e-09
Disease	disease_9665	4.340598927218996e-09
Disease	disease_19470	4.339996789095884e-09
Disease	disease_16812	4.336514920460663e-09
Disease	disease_19851	4.335656420746083e-09
Disease	disease_2399	4.335485349726664e-09
Disease	disease_9704	4.333293678723093e-09
Disease	disease_19011	4.3321855176666314e-09
Disease	disease_11682	4.3313956488975225e-09
Disease	disease_16139	4.330908178762219e-09
Disease	disease_2183	4.3276127743931275e-09
Disease	disease_19301	4.327485273140533e-09
Disease	disease_15198	4.32652518547968e-09
Disease	disease_9903	4.325985409162201e-09
Disease	disease_11181	4.325482593943731e-09
Disease	disease_32915	4.325324282417041e-09
Disease	disease_10465	4.324110762875268e-09
Disease	disease_16810	4.323366600248417e-09
Disease	disease_1385	4.321664108099679e-09
Disease	disease_4609	4.3208803690295086e-09
Disease	disease_16558	4.319980140215528e-09
Disease	disease_2382	4.31814582880429e-09
Disease	disease_16475	4.316852045120164e-09
Disease	disease_23182	4.316852045120164e-09
Disease	disease_19667	4.315810272366685e-09
Disease	disease_12297	4.314345641249182e-09
Disease	disease_20162	4.313430249957696e-09
Disease	disease_16030	4.312405867714595e-09
Disease	disease_12579	4.30953933958831e-09
Disease	disease_21383	4.3082576804281985e-09
Disease	disease_60455	4.3082001569942485e-09
Disease	disease_13394	4.307745625525967e-09
Disease	disease_21746	4.306627363372617e-09
Disease	disease_44764	4.306469898360737e-09
Disease	disease_11783	4.30439123230559e-09
Disease	disease_21048	4.303968661544898e-09
Disease	disease_1072	4.303737298912471e-09
Disease	disease_15352	4.303169848537565e-09
Disease	disease_12719	4.302774620452983e-09
Disease	disease_7495	4.30143769371851e-09
Disease	disease_40677	4.299763384671717e-09
Disease	disease_13612	4.298935833298791e-09
Disease	disease_8546	4.298806590319231e-09
Disease	disease_9668	4.297990051469146e-09
Disease	disease_21640	4.297906350929952e-09
Disease	disease_17762	4.297281779567414e-09
Disease	disease_20242	4.297217745098101e-09
Disease	disease_11872	4.296955580339932e-09
Disease	disease_12183	4.296947711996047e-09
Disease	disease_4333	4.294760391163942e-09
Disease	disease_7548	4.293442054316868e-09
Disease	disease_45044	4.292937089376158e-09
Disease	disease_8737	4.292726975877483e-09
Disease	disease_14781	4.291911582151498e-09
Disease	disease_10806	4.291558222960146e-09
Disease	disease_18086	4.289874345555756e-09
Disease	disease_16396	4.287456226638339e-09
Disease	disease_100091	4.287274430485566e-09
Disease	disease_11075	4.286899653594996e-09
Disease	disease_19229	4.286365495392091e-09
Disease	disease_18153	4.2859536592565866e-09
Disease	disease_2907	4.2838530774728296e-09
Disease	disease_7172	4.283542890158647e-09
Disease	disease_42494	4.283421595054479e-09
Disease	disease_20331	4.283393776367381e-09
Disease	disease_15458	4.278905587909048e-09
Disease	disease_5137	4.276556592000239e-09
Disease	disease_188	4.2762920850156565e-09
Disease	disease_2332	4.276146446132324e-09
Disease	disease_984	4.27483159637734e-09
Disease	disease_5037	4.274527368205635e-09
Disease	disease_43127	4.273805065348164e-09
Disease	disease_4808	4.273661055692575e-09
Disease	disease_60568	4.2711869725294815e-09
Disease	disease_8038	4.270774297667584e-09
Disease	disease_1209	4.270034850202099e-09
Disease	disease_21538	4.269765612708942e-09
Disease	disease_14563	4.269721780454345e-09
Disease	disease_17771	4.26922437623912e-09
Disease	disease_10448	4.268911755242598e-09
Disease	disease_8173	4.264560842658792e-09
Disease	disease_8389	4.2640465201832476e-09
Disease	disease_17717	4.263516805301656e-09
Disease	disease_2928	4.2634199492918736e-09
Disease	disease_2540	4.263052820922811e-09
Disease	disease_15987	4.2630316191521635e-09
Disease	disease_13953	4.258057606316073e-09
Disease	disease_15944	4.257531405044755e-09
Disease	disease_7382	4.255708627004985e-09
Disease	disease_16907	4.255527093004581e-09
Disease	disease_2037	4.2551498957142115e-09
Disease	disease_8153	4.2520231949619164e-09
Disease	disease_9224	4.251977355644661e-09
Disease	disease_3130	4.251909564169406e-09
Disease	disease_20366	4.250300849210246e-09
Disease	disease_4508	4.249880805459937e-09
Disease	disease_5537	4.24753653354489e-09
Disease	disease_11630	4.246526542636861e-09
Disease	disease_6684	4.24583280714185e-09
Disease	disease_41526	4.240497286509197e-09
Disease	disease_9395	4.240428952552076e-09
Disease	disease_601	4.232277863474374e-09
Disease	disease_8176	4.231100577906149e-09
Disease	disease_20583	4.230818664421759e-09
Disease	disease_7525	4.229640867141477e-09
Disease	disease_19789	4.228891074985907e-09
Disease	disease_100000	4.228775874673941e-09
Disease	disease_14500	4.227648991766003e-09
Disease	disease_16680	4.2266809682561876e-09
Disease	disease_8824	4.225950690358891e-09
Disease	disease_10036	4.225536603413834e-09
Disease	disease_9425	4.223537947644458e-09
Disease	disease_9581	4.222399905112058e-09
Disease	disease_9636	4.219518523947221e-09
Disease	disease_4471	4.219107484760995e-09
Disease	disease_7875	4.2180807276027004e-09
Disease	disease_19941	4.217850503484059e-09
Disease	disease_7064	4.217198432235299e-09
Disease	disease_56799	4.216988307146448e-09
Disease	disease_10654	4.215867533052127e-09
Disease	disease_14317	4.215329267495062e-09
Disease	disease_1955	4.21353143167786e-09
Disease	disease_11059	4.211029921184567e-09
Disease	disease_6663	4.210490099695503e-09
Disease	disease_54743	4.20982580391594e-09
Disease	disease_2993	4.208747786278175e-09
Disease	disease_6945	4.208168044297463e-09
Disease	disease_10945	4.207097163586778e-09
Disease	disease_8293	4.206461867240136e-09
Disease	disease_8871	4.2063335794781985e-09
Disease	disease_15197	4.2062700610665e-09
Disease	disease_6121	4.205871517032914e-09
Disease	disease_10436	4.205189642046068e-09
Disease	disease_14569	4.2039085420991345e-09
Disease	disease_15665	4.20325053662576e-09
Disease	disease_2866	4.197808448189221e-09
Disease	disease_21071	4.19627052402702e-09
Disease	disease_18100	4.1948025959951286e-09
Disease	disease_18080	4.194605237959498e-09
Disease	disease_10586	4.19286609396841e-09
Disease	disease_10959	4.189529311846136e-09
Disease	disease_19524	4.18768336793152e-09
Disease	disease_9796	4.187670658634282e-09
Disease	disease_13533	4.185652800975224e-09
Disease	disease_2300	4.18497715450762e-09
Disease	disease_19199	4.183815336525555e-09
Disease	disease_12172	4.180355264759523e-09
Disease	disease_7240	4.178206830012509e-09
Disease	disease_13851	4.176601701654304e-09
Disease	disease_10261	4.1758339137638425e-09
Disease	disease_24711	4.174387053172551e-09
Disease	disease_18444	4.173930639305067e-09
Disease	disease_951	4.171916719510281e-09
Disease	disease_12330	4.167631732610585e-09
Disease	disease_19412	4.167045146899492e-09
Disease	disease_20102	4.1667613979296854e-09
Disease	disease_13796	4.16654719801411e-09
Disease	disease_19977	4.166430603323939e-09
Disease	disease_18456	4.165713425383049e-09
Disease	disease_14808	4.163827615331214e-09
Disease	disease_7351	4.1634865535761295e-09
Disease	disease_9697	4.1621463675582665e-09
Disease	disease_15701	4.1606837817015275e-09
Disease	disease_8637	4.160616744908085e-09
Disease	disease_5119	4.1605007827969136e-09
Disease	disease_14561	4.159479729013421e-09
Disease	disease_11431	4.15931047505725e-09
Disease	disease_12414	4.1580668432656676e-09
Disease	disease_3009	4.156907071045523e-09
Disease	disease_13049	4.154684719075819e-09
Disease	disease_8219	4.153979248687502e-09
Disease	disease_19469	4.152617410262952e-09
Disease	disease_7979	4.1524165925187504e-09
Disease	disease_5786	4.152212528526961e-09
Disease	disease_15310	4.1521873340553905e-09
Disease	disease_1784	4.149366627441764e-09
Disease	disease_19316	4.149194562374555e-09
Disease	disease_8917	4.146513177010775e-09
Disease	disease_16398	4.14596422264996e-09
Disease	disease_15550	4.145442432035145e-09
Disease	disease_18668	4.145381758151715e-09
Disease	disease_16638	4.145172644591895e-09
Disease	disease_44314	4.144625133021824e-09
Disease	disease_18060	4.1440527232375226e-09
Disease	disease_9525	4.142160136623163e-09
Disease	disease_14753	4.1411959867617544e-09
Disease	disease_19803	4.140748397150864e-09
Disease	disease_18346	4.135462961732568e-09
Disease	disease_8147	4.1347589758715746e-09
Disease	disease_10532	4.134650397930016e-09
Disease	disease_9746	4.132171778152215e-09
Disease	disease_17846	4.13161053816714e-09
Disease	disease_100211	4.131524100174922e-09
Disease	disease_20279	4.124629374437159e-09
Disease	disease_12212	4.1243254975017456e-09
Disease	disease_11758	4.124244486819901e-09
Disease	disease_14131	4.1237279201713745e-09
Disease	disease_18725	4.122386431222848e-09
Disease	disease_17091	4.11983286366392e-09
Disease	disease_18217	4.118827776463819e-09
Disease	disease_646	4.1181126690151654e-09
Disease	disease_14728	4.117127489949645e-09
Disease	disease_3739	4.114008537196913e-09
Disease	disease_11405	4.113760451576973e-09
Disease	disease_1028	4.111594633294218e-09
Disease	disease_2363	4.109771642019334e-09
Disease	disease_16217	4.109386720292034e-09
Disease	disease_4588	4.10938303430905e-09
Disease	disease_9376	4.107220363786271e-09
Disease	disease_16887	4.103999729824518e-09
Disease	disease_15003	4.097667031015128e-09
Disease	disease_1290	4.092788402877712e-09
Disease	disease_20485	4.091265009946416e-09
Disease	disease_15359	4.090506676872292e-09
Disease	disease_17317	4.090320467842376e-09
Disease	disease_8822	4.09030754291655e-09
Disease	disease_8379	4.087820272958087e-09
Disease	disease_17708	4.087338317099403e-09
Disease	disease_19272	4.086434848839398e-09
Disease	disease_7340	4.086051774698697e-09
Disease	disease_9815	4.086029802415452e-09
Disease	disease_152	4.084367933832406e-09
Disease	disease_13178	4.083984157071093e-09
Disease	disease_15552	4.08264906780355e-09
Disease	disease_8515	4.082522864184862e-09
Disease	disease_16340	4.082365320999754e-09
Disease	disease_17186	4.081767190319124e-09
Disease	disease_19370	4.081321665175313e-09
Disease	disease_18467	4.079812128380094e-09
Disease	disease_7099	4.078874716539675e-09
Disease	disease_20849	4.078256685903466e-09
Disease	disease_7537	4.0779982707878524e-09
Disease	disease_10716	4.077684910769507e-09
Disease	disease_13329	4.076705564584484e-09
Disease	disease_3150	4.0761149874736845e-09
Disease	disease_3390	4.075614748478243e-09
Disease	disease_8146	4.075111076154156e-09
Disease	disease_16805	4.073749735909436e-09
Disease	disease_7859	4.0733220005191886e-09
Disease	disease_8879	4.072080189117884e-09
Disease	disease_1860	4.072062353009294e-09
Disease	disease_18881	4.0717482818937294e-09
Disease	disease_8174	4.070562320440651e-09
Disease	disease_21327	4.0687365343037676e-09
Disease	disease_21059	4.068050811441035e-09
Disease	disease_1889	4.0640885157979496e-09
Disease	disease_19254	4.062946101409935e-09
Disease	disease_14653	4.062507157291755e-09
Disease	disease_9692	4.06062075990121e-09
Disease	disease_9424	4.0590354625744794e-09
Disease	disease_13902	4.058099880965348e-09
Disease	disease_20367	4.056790764745449e-09
Disease	disease_7796	4.055102316278124e-09
Disease	disease_8439	4.046094634900338e-09
Disease	disease_21075	4.045774512696641e-09
Disease	disease_9444	4.044652787153225e-09
Disease	disease_21138	4.042552408625602e-09
Disease	disease_6505	4.041576486450585e-09
Disease	disease_5661	4.0401413070509765e-09
Disease	disease_7338	4.03880500844831e-09
Disease	disease_9294	4.0375204819802174e-09
Disease	disease_15096	4.0353439862341495e-09
Disease	disease_16600	4.034307314596638e-09
Disease	disease_7953	4.0317441078486756e-09
Disease	disease_1590	4.02983122858813e-09
Disease	disease_24645	4.028385426953937e-09
Disease	disease_19325	4.0257743030066104e-09
Disease	disease_20761	4.025667460659255e-09
Disease	disease_13044	4.024387985928541e-09
Disease	disease_11022	4.023341921073485e-09
Disease	disease_11417	4.02207083321187e-09
Disease	disease_6809	4.021930232635828e-09
Disease	disease_1252	4.021917350754588e-09
Disease	disease_16363	4.019905756244797e-09
Disease	disease_31219	4.01969011148615e-09
Disease	disease_9287	4.018988017824358e-09
Disease	disease_10910	4.017381612849167e-09
Disease	disease_16955	4.015549542096408e-09
Disease	disease_688	4.014492922136603e-09
Disease	disease_9894	4.014357067871292e-09
Disease	disease_2071	4.013218131194078e-09
Disease	disease_11175	4.009173254674471e-09
Disease	disease_14871	4.008246256262524e-09
Disease	disease_13860	4.0078611061054265e-09
Disease	disease_10286	4.00740904005049e-09
Disease	disease_24891	4.0067424757809265e-09
Disease	disease_19310	4.005925153854884e-09
Disease	disease_10603	4.005463861397061e-09
Disease	disease_20745	4.004327888309232e-09
Disease	disease_14868	4.003913687706147e-09
Disease	disease_3558	4.003820441732931e-09
Disease	disease_17291	4.0029895917239094e-09
Disease	disease_43875	3.999617577675935e-09
Disease	disease_5396	3.998989935694004e-09
Disease	disease_13062	3.998743842932767e-09
Disease	disease_21650	3.996777438725648e-09
Disease	disease_18801	3.9966977022852715e-09
Disease	disease_7650	3.994013993596866e-09
Disease	disease_33636	3.993814578629118e-09
Disease	disease_17094	3.9929739358220215e-09
Disease	disease_12032	3.992433954986235e-09
Disease	disease_18615	3.989085546947341e-09
Disease	disease_13227	3.988678735939497e-09
Disease	disease_32899	3.987384616520873e-09
Disease	disease_10060	3.9873359708942315e-09
Disease	disease_12165	3.986866741205221e-09
Disease	disease_12393	3.984349066038803e-09
Disease	disease_8592	3.9830876741638844e-09
Disease	disease_9260	3.980138872224515e-09
Disease	disease_15818	3.979521503029785e-09
Disease	disease_8705	3.974927562675016e-09
Disease	disease_11936	3.972444105066367e-09
Disease	disease_1632	3.971730522568379e-09
Disease	disease_6633	3.9708231754654495e-09
Disease	disease_5742	3.9708231754654495e-09
Disease	disease_43162	3.970772306879672e-09
Disease	disease_22349	3.970772306879672e-09
Disease	disease_11801	3.970361554743553e-09
Disease	disease_12450	3.967801474842055e-09
Disease	disease_8941	3.965689721689618e-09
Disease	disease_9112	3.964973262421571e-09
Disease	disease_12497	3.964303012249887e-09
Disease	disease_21386	3.962939886428435e-09
Disease	disease_9104	3.962523648165592e-09
Disease	disease_13813	3.96148759273816e-09
Disease	disease_20355	3.960941105724993e-09
Disease	disease_32819	3.960716684485294e-09
Disease	disease_9295	3.959717913056595e-09
Disease	disease_8894	3.958188800062282e-09
Disease	disease_6735	3.957840358668435e-09
Disease	disease_13516	3.956663319795542e-09
Disease	disease_19324	3.955113594182414e-09
Disease	disease_6231	3.955060446592866e-09
Disease	disease_17760	3.9549723391521044e-09
Disease	disease_19000	3.954188618943226e-09
Disease	disease_15867	3.953946550648055e-09
Disease	disease_9679	3.9511227814174475e-09
Disease	disease_9902	3.948727374974491e-09
Disease	disease_20386	3.947888935118206e-09
Disease	disease_12856	3.947656115990083e-09
Disease	disease_7667	3.9476447055225846e-09
Disease	disease_5443	3.946690130880716e-09
Disease	disease_19770	3.9460644593512455e-09
Disease	disease_12863	3.945283467757231e-09
Disease	disease_12862	3.945283467757231e-09
Disease	disease_12152	3.945283467757231e-09
Disease	disease_12151	3.945283467757231e-09
Disease	disease_12150	3.945283467757231e-09
Disease	disease_12149	3.945283467757231e-09
Disease	disease_19607	3.9447600229406685e-09
Disease	disease_7679	3.944651169698738e-09
Disease	disease_3543	3.940360497666253e-09
Disease	disease_20704	3.940027769448934e-09
Disease	disease_14789	3.939133477950685e-09
Disease	disease_14722	3.937270555396948e-09
Disease	disease_19144	3.93593803197199e-09
Disease	disease_11841	3.9348250260678325e-09
Disease	disease_8029	3.934519627606433e-09
Disease	disease_20226	3.9335759613724045e-09
Disease	disease_20352	3.93153465182854e-09
Disease	disease_17732	3.931297188815184e-09
Disease	disease_32844	3.931101760045087e-09
Disease	disease_3383	3.931039380249481e-09
Disease	disease_9353	3.930087733924621e-09
Disease	disease_19845	3.929783034912305e-09
Disease	disease_15985	3.929174113159245e-09
Disease	disease_583	3.9288781634375755e-09
Disease	disease_9021	3.928525098417399e-09
Disease	disease_1929	3.928045915479788e-09
Disease	disease_1928	3.928045915479788e-09
Disease	disease_18490	3.92741749891949e-09
Disease	disease_5889	3.9266415513220365e-09
Disease	disease_7758	3.925759638146052e-09
Disease	disease_6009	3.924217805021739e-09
Disease	disease_15092	3.924119077963263e-09
Disease	disease_9934	3.922001876147722e-09
Disease	disease_11365	3.921725020807649e-09
Disease	disease_43579	3.919491533656399e-09
Disease	disease_18696	3.918550300507753e-09
Disease	disease_44663	3.91815737706873e-09
Disease	disease_13405	3.91647544114084e-09
Disease	disease_10638	3.916267772515206e-09
Disease	disease_6126	3.915594338093456e-09
Disease	disease_11662	3.913232343372388e-09
Disease	disease_6566	3.913149112617983e-09
Disease	disease_15365	3.910087100817842e-09
Disease	disease_2193	3.909673801648077e-09
Disease	disease_2424	3.909647932771647e-09
Disease	disease_17691	3.908393025921598e-09
Disease	disease_17692	3.908393025921598e-09
Disease	disease_3386	3.907953623660929e-09
Disease	disease_14452	3.907196769587017e-09
Disease	disease_7194	3.906667424201054e-09
Disease	disease_100189	3.90432890455595e-09
Disease	disease_18740	3.903976704505302e-09
Disease	disease_9211	3.903542065340115e-09
Disease	disease_1080	3.902386236900285e-09
Disease	disease_23642	3.900969041460826e-09
Disease	disease_12715	3.900774773747643e-09
Disease	disease_12013	3.900120268598975e-09
Disease	disease_605	3.898286179568381e-09
Disease	disease_32604	3.898237389092e-09
Disease	disease_2708	3.897230574425512e-09
Disease	disease_7356	3.896122793782402e-09
Disease	disease_17830	3.896115238441318e-09
Disease	disease_6030	3.895062175599736e-09
Disease	disease_4387	3.893596780648341e-09
Disease	disease_8970	3.89336867454103e-09
Disease	disease_19508	3.891837784235192e-09
Disease	disease_10239	3.8918227797079005e-09
Disease	disease_10194	3.890869622749368e-09
Disease	disease_13745	3.889254856831646e-09
Disease	disease_7621	3.888413835767561e-09
Disease	disease_8200	3.887673614161933e-09
Disease	disease_12367	3.887366249759147e-09
Disease	disease_19366	3.8869223781924e-09
Disease	disease_2026	3.886455170166773e-09
Disease	disease_18440	3.885975124531702e-09
Disease	disease_7839	3.885819915589739e-09
Disease	disease_12549	3.884867877929596e-09
Disease	disease_7201	3.884508017680829e-09
Disease	disease_4941	3.883395885754281e-09
Disease	disease_6347	3.8819895311794346e-09
Disease	disease_20628	3.881109735243657e-09
Disease	disease_16625	3.880615114263168e-09
Disease	disease_9837	3.878233886625161e-09
Disease	disease_11459	3.878045874107131e-09
Disease	disease_14891	3.876111874190822e-09
Disease	disease_18186	3.875674071792883e-09
Disease	disease_13413	3.875266081128298e-09
Disease	disease_14162	3.8732968730810155e-09
Disease	disease_13576	3.872182698798398e-09
Disease	disease_7639	3.871496023547672e-09
Disease	disease_4235	3.869915481144083e-09
Disease	disease_18077	3.867480462272675e-09
Disease	disease_7232	3.866909087167919e-09
Disease	disease_17858	3.864971342943258e-09
Disease	disease_12664	3.86442913373632e-09
Disease	disease_6245	3.863301318155371e-09
Disease	disease_14564	3.8616918330784095e-09
Disease	disease_5621	3.859864625870811e-09
Disease	disease_15795	3.858817951689136e-09
Disease	disease_15049	3.858817951689136e-09
Disease	disease_3430	3.8571852328253264e-09
Disease	disease_24505	3.85703948131596e-09
Disease	disease_7056	3.854755657676873e-09
Disease	disease_18005	3.854324165132744e-09
Disease	disease_5693	3.852146528963105e-09
Disease	disease_8943	3.8492233066510726e-09
Disease	disease_15160	3.848638834828362e-09
Disease	disease_6523	3.847684210878149e-09
Disease	disease_7344	3.847061889506825e-09
Disease	disease_9740	3.846175388912667e-09
Disease	disease_5006	3.845280546720803e-09
Disease	disease_11547	3.844940243378099e-09
Disease	disease_19554	3.844011660533493e-09
Disease	disease_20316	3.8436884560892375e-09
Disease	disease_7434	3.843339923736465e-09
Disease	disease_20572	3.842625359712737e-09
Disease	disease_8724	3.840627507266985e-09
Disease	disease_9747	3.840367564745961e-09
Disease	disease_5	3.8394292853975805e-09
Disease	disease_5091	3.838074297505469e-09
Disease	disease_8711	3.837137826339719e-09
Disease	disease_10237	3.8353478411517335e-09
Disease	disease_16881	3.835058350440427e-09
Disease	disease_15350	3.833904677189431e-09
Disease	disease_21452	3.833093428493367e-09
Disease	disease_14358	3.832530251253364e-09
Disease	disease_8290	3.832242642632076e-09
Disease	disease_3184	3.831941847974619e-09
Disease	disease_4225	3.8314070621474744e-09
Disease	disease_16418	3.830473282846917e-09
Disease	disease_16578	3.8288735187237585e-09
Disease	disease_9281	3.828257519269612e-09
Disease	disease_10454	3.827327609227031e-09
Disease	disease_12591	3.826273359354355e-09
Disease	disease_10800	3.822708735619454e-09
Disease	disease_18974	3.822593383622562e-09
Disease	disease_7772	3.820187838901985e-09
Disease	disease_4608	3.817938000642287e-09
Disease	disease_8408	3.81616481360522e-09
Disease	disease_19194	3.815465541651648e-09
Disease	disease_13611	3.815333427410947e-09
Disease	disease_7124	3.813904187636242e-09
Disease	disease_5968	3.811647359721334e-09
Disease	disease_14792	3.8115771282487544e-09
Disease	disease_11011	3.811110473548812e-09
Disease	disease_13785	3.810509940254579e-09
Disease	disease_7265	3.810006138433339e-09
Disease	disease_14665	3.809679978430007e-09
Disease	disease_11551	3.80940672469783e-09
Disease	disease_20174	3.809160040858421e-09
Disease	disease_3504	3.80826204389385e-09
Disease	disease_21514	3.807196981358699e-09
Disease	disease_9485	3.806950706292094e-09
Disease	disease_12249	3.800221776592123e-09
Disease	disease_12736	3.799313856643867e-09
Disease	disease_10723	3.798326770821217e-09
Disease	disease_19173	3.7982902619902355e-09
Disease	disease_7051	3.7977660519932226e-09
Disease	disease_10720	3.797287708713666e-09
Disease	disease_10014	3.796340376371804e-09
Disease	disease_7656	3.794292149268754e-09
Disease	disease_14186	3.79429139179723e-09
Disease	disease_54636	3.7936633243265606e-09
Disease	disease_6877	3.793361951065191e-09
Disease	disease_13171	3.792660559898171e-09
Disease	disease_23	3.792648445353239e-09
Disease	disease_14971	3.791295765062959e-09
Disease	disease_17214	3.7900651512370135e-09
Disease	disease_7659	3.789487523322567e-09
Disease	disease_21496	3.7894376245601e-09
Disease	disease_33005	3.787942907764e-09
Disease	disease_15397	3.785512783251608e-09
Disease	disease_14320	3.78503390608057e-09
Disease	disease_18306	3.784013140407467e-09
Disease	disease_5933	3.783983766345314e-09
Disease	disease_13279	3.7836269395212466e-09
Disease	disease_9595	3.783573315277632e-09
Disease	disease_10211	3.7811584599166235e-09
Disease	disease_19517	3.780568047805593e-09
Disease	disease_2578	3.780425442073371e-09
Disease	disease_19137	3.779769412598761e-09
Disease	disease_16620	3.779025412706403e-09
Disease	disease_11283	3.776256903516773e-09
Disease	disease_10564	3.77581693153301e-09
Disease	disease_30912	3.775369673727783e-09
Disease	disease_14166	3.774632022593482e-09
Disease	disease_11765	3.7744866291610895e-09
Disease	disease_13252	3.774454343975592e-09
Disease	disease_14345	3.7742364763897686e-09
Disease	disease_19932	3.77273106046041e-09
Disease	disease_12477	3.772384263525822e-09
Disease	disease_3225	3.770508145117549e-09
Disease	disease_18118	3.767906857374963e-09
Disease	disease_8399	3.766931617193387e-09
Disease	disease_10355	3.765321377923952e-09
Disease	disease_6917	3.764507328698659e-09
Disease	disease_24476	3.763694446975613e-09
Disease	disease_2650	3.761110142285231e-09
Disease	disease_21170	3.7605677499240624e-09
Disease	disease_8378	3.758829234423984e-09
Disease	disease_10382	3.758453475297509e-09
Disease	disease_18736	3.758436710741229e-09
Disease	disease_611	3.7574944076902715e-09
Disease	disease_7174	3.757082751721011e-09
Disease	disease_14776	3.75644205175099e-09
Disease	disease_8429	3.755774698416637e-09
Disease	disease_10353	3.754894080241139e-09
Disease	disease_10500	3.754528965105341e-09
Disease	disease_209	3.754447282130053e-09
Disease	disease_19428	3.753124698537654e-09
Disease	disease_13111	3.750038377185923e-09
Disease	disease_18711	3.749582643711054e-09
Disease	disease_15808	3.747010420702578e-09
Disease	disease_6265	3.746795541796311e-09
Disease	disease_21631	3.746712349443285e-09
Disease	disease_13255	3.746443391054542e-09
Disease	disease_5990	3.746277763255594e-09
Disease	disease_2877	3.7441445145954944e-09
Disease	disease_14282	3.743792212874965e-09
Disease	disease_19458	3.743068410601406e-09
Disease	disease_13144	3.742925787125948e-09
Disease	disease_5190	3.741865623087817e-09
Disease	disease_6835	3.741638810831572e-09
Disease	disease_10330	3.738431450620819e-09
Disease	disease_13960	3.737295353701299e-09
Disease	disease_11974	3.736016555634734e-09
Disease	disease_11698	3.733186996941798e-09
Disease	disease_10796	3.732704135978934e-09
Disease	disease_43099	3.7326063069834935e-09
Disease	disease_18577	3.732446842119301e-09
Disease	disease_3653	3.7308406967349834e-09
Disease	disease_3387	3.728523949619708e-09
Disease	disease_3835	3.725744928650625e-09
Disease	disease_20600	3.7221137746044874e-09
Disease	disease_9773	3.721384747594272e-09
Disease	disease_17914	3.7213660862754937e-09
Disease	disease_15523	3.7211424903841327e-09
Disease	disease_15447	3.718199365811986e-09
Disease	disease_13328	3.7180587581951764e-09
Disease	disease_23054	3.7176961831488942e-09
Disease	disease_12622	3.714680151809863e-09
Disease	disease_17592	3.713498298143137e-09
Disease	disease_11272	3.713185402753947e-09
Disease	disease_10545	3.7129524969026917e-09
Disease	disease_2943	3.7123613572052773e-09
Disease	disease_2831	3.7119809508359294e-09
Disease	disease_13437	3.711587702110356e-09
Disease	disease_17042	3.709558395748912e-09
Disease	disease_11003	3.7093061371569915e-09
Disease	disease_20281	3.708263205070523e-09
Disease	disease_12839	3.707994703344795e-09
Disease	disease_21053	3.7077783314222e-09
Disease	disease_13411	3.706091851649752e-09
Disease	disease_13322	3.7035399029173107e-09
Disease	disease_17387	3.6994463985827155e-09
Disease	disease_10248	3.697669332228851e-09
Disease	disease_10302	3.6967869154813062e-09
Disease	disease_6180	3.696097996628764e-09
Disease	disease_6518	3.6954964044006186e-09
Disease	disease_42490	3.6954101171278795e-09
Disease	disease_5544	3.6953975944603263e-09
Disease	disease_9771	3.6933305137649722e-09
Disease	disease_21090	3.6929294057857e-09
Disease	disease_24422	3.6919849596713604e-09
Disease	disease_24528	3.69188795036425e-09
Disease	disease_16433	3.689174321190119e-09
Disease	disease_14719	3.6888423846243058e-09
Disease	disease_10314	3.6883937578747812e-09
Disease	disease_13150	3.6876266465205104e-09
Disease	disease_13610	3.6872731002725796e-09
Disease	disease_15264	3.687249052631396e-09
Disease	disease_44210	3.684649488278761e-09
Disease	disease_7800	3.684268292649286e-09
Disease	disease_5724	3.683904451264198e-09
Disease	disease_20503	3.683532463105996e-09
Disease	disease_4403	3.6824613520983853e-09
Disease	disease_18804	3.682293137419626e-09
Disease	disease_8069	3.682224405520902e-09
Disease	disease_15243	3.680577885237392e-09
Disease	disease_16109	3.680262302629827e-09
Disease	disease_3978	3.6795742312109647e-09
Disease	disease_12142	3.679105059398252e-09
Disease	disease_19425	3.677619125239863e-09
Disease	disease_9448	3.6775477251435056e-09
Disease	disease_20642	3.6766517121092875e-09
Disease	disease_19131	3.675538156894383e-09
Disease	disease_11932	3.6738913459326984e-09
Disease	disease_19130	3.6733219190761718e-09
Disease	disease_13238	3.6731452890958206e-09
Disease	disease_12078	3.6727344768909123e-09
Disease	disease_18496	3.672373196933078e-09
Disease	disease_11227	3.6709387429403817e-09
Disease	disease_15217	3.669903454729062e-09
Disease	disease_4619	3.6695279053665605e-09
Disease	disease_15809	3.6684539556282557e-09
Disease	disease_20211	3.6678426219390298e-09
Disease	disease_37737	3.6667664449895204e-09
Disease	disease_15201	3.666718664784494e-09
Disease	disease_17786	3.6665572120746604e-09
Disease	disease_5523	3.6627130534761515e-09
Disease	disease_9544	3.6626792238281744e-09
Disease	disease_5189	3.6620832948276926e-09
Disease	disease_6191	3.6616796011311666e-09
Disease	disease_7310	3.6609989148482557e-09
Disease	disease_9817	3.6607052941340446e-09
Disease	disease_9955	3.6603790898617562e-09
Disease	disease_610	3.660071376277068e-09
Disease	disease_5019	3.6581889281677744e-09
Disease	disease_9213	3.655719326725487e-09
Disease	disease_20060	3.6556689415184516e-09
Disease	disease_44696	3.6546757874343282e-09
Disease	disease_969	3.6546651335309588e-09
Disease	disease_15281	3.654488464314412e-09
Disease	disease_34106	3.6542235381150298e-09
Disease	disease_24249	3.6540078789986693e-09
Disease	disease_14659	3.653228803090342e-09
Disease	disease_10565	3.652865222802109e-09
Disease	disease_11026	3.652674658782571e-09
Disease	disease_24565	3.6526438747637244e-09
Disease	disease_15145	3.651214501108473e-09
Disease	disease_9662	3.650314506442489e-09
Disease	disease_827	3.6476017874252548e-09
Disease	disease_7473	3.647250695678211e-09
Disease	disease_14122	3.6467738809063564e-09
Disease	disease_9689	3.6465068161708287e-09
Disease	disease_17149	3.6438713468777846e-09
Disease	disease_11374	3.643704232734226e-09
Disease	disease_44975	3.6431425578088086e-09
Disease	disease_10080	3.642233164971499e-09
Disease	disease_17461	3.64194845691458e-09
Disease	disease_7868	3.6399057829231003e-09
Disease	disease_10758	3.6396178256970693e-09
Disease	disease_19414	3.6396128222412117e-09
Disease	disease_6093	3.639194732215625e-09
Disease	disease_3990	3.6372390675329896e-09
Disease	disease_44346	3.6370869069609947e-09
Disease	disease_24280	3.6318493279306002e-09
Disease	disease_7239	3.6307606821665247e-09
Disease	disease_19265	3.630334184073016e-09
Disease	disease_15625	3.630334184073016e-09
Disease	disease_19233	3.6273961747467637e-09
Disease	disease_20266	3.6269675642397484e-09
Disease	disease_11935	3.6247877295599257e-09
Disease	disease_13447	3.6234281486640673e-09
Disease	disease_6409	3.622376829375218e-09
Disease	disease_24301	3.6220904265337976e-09
Disease	disease_14088	3.6213570898378772e-09
Disease	disease_2149	3.621129897579322e-09
Disease	disease_5694	3.621115085789627e-09
Disease	disease_20785	3.6207757775136045e-09
Disease	disease_6029	3.6197555340852437e-09
Disease	disease_3218	3.6195303715486992e-09
Disease	disease_19516	3.6177646202842416e-09
Disease	disease_11369	3.61727994247207e-09
Disease	disease_7296	3.6166113913887632e-09
Disease	disease_9816	3.6165182168374724e-09
Disease	disease_7523	3.6152198980432412e-09
Disease	disease_10364	3.614744480850484e-09
Disease	disease_14063	3.6138730243950292e-09
Disease	disease_15431	3.611617648882952e-09
Disease	disease_19460	3.6111980751590775e-09
Disease	disease_17607	3.6107155103502628e-09
Disease	disease_16275	3.6056162675765415e-09
Disease	disease_17114	3.6042559401487658e-09
Disease	disease_44702	3.6029641632517864e-09
Disease	disease_13881	3.6015495218765367e-09
Disease	disease_19384	3.598387719575117e-09
Disease	disease_19935	3.5979094358720458e-09
Disease	disease_6329	3.597671361970068e-09
Disease	disease_11658	3.5964851264164355e-09
Disease	disease_15196	3.5954430542609234e-09
Disease	disease_18198	3.5912738974542153e-09
Disease	disease_133	3.5896062137134696e-09
Disease	disease_20257	3.588906942704766e-09
Disease	disease_6591	3.5870673400823907e-09
Disease	disease_22762	3.587006274534275e-09
Disease	disease_24555	3.5861468960008426e-09
Disease	disease_19150	3.584039202829464e-09
Disease	disease_9950	3.5826198038393838e-09
Disease	disease_13425	3.58260244890027e-09
Disease	disease_6609	3.5820732170412693e-09
Disease	disease_11489	3.5809433966857657e-09
Disease	disease_7478	3.580343019268451e-09
Disease	disease_100240	3.5802803403572083e-09
Disease	disease_10017	3.5802263263797768e-09
Disease	disease_2342	3.579269324246078e-09
Disease	disease_9330	3.5785944838417194e-09
Disease	disease_21545	3.5775052185868225e-09
Disease	disease_32577	3.576446213255188e-09
Disease	disease_44354	3.5759461020325307e-09
Disease	disease_9158	3.5737562855417725e-09
Disease	disease_18999	3.5729907491803433e-09
Disease	disease_2273	3.5729076799246974e-09
Disease	disease_13348	3.57272746384469e-09
Disease	disease_8688	3.5719632613759473e-09
Disease	disease_16163	3.5716484094745764e-09
Disease	disease_5460	3.570401400790583e-09
Disease	disease_147	3.5701534392682216e-09
Disease	disease_5761	3.5697279137564123e-09
Disease	disease_13314	3.568839218460763e-09
Disease	disease_11811	3.5675969793133327e-09
Disease	disease_11469	3.5662371857067e-09
Disease	disease_23820	3.564990844345865e-09
Disease	disease_13127	3.5639708347111123e-09
Disease	disease_21345	3.5624242774046983e-09
Disease	disease_21895	3.560252642288995e-09
Disease	disease_44643	3.5601915173882017e-09
Disease	disease_7252	3.559666857135318e-09
Disease	disease_33365	3.558698560487135e-09
Disease	disease_15729	3.557214016764148e-09
Disease	disease_15587	3.5516621157991145e-09
Disease	disease_10725	3.551305903067246e-09
Disease	disease_8404	3.549276709021002e-09
Disease	disease_14785	3.5484008504768193e-09
Disease	disease_9805	3.548368942250766e-09
Disease	disease_13775	3.5481857718359533e-09
Disease	disease_60582	3.5472860170784263e-09
Disease	disease_12520	3.547277197003438e-09
Disease	disease_10542	3.5448488953388686e-09
Disease	disease_18810	3.544260361758841e-09
Disease	disease_4495	3.5440384004636802e-09
Disease	disease_5806	3.543112346399469e-09
Disease	disease_18877	3.540537120805307e-09
Disease	disease_18636	3.5356360200882437e-09
Disease	disease_21045	3.534158640677862e-09
Disease	disease_7111	3.533895375648663e-09
Disease	disease_14256	3.533710954038887e-09
Disease	disease_18166	3.5332632812304187e-09
Disease	disease_4058	3.533222776856406e-09
Disease	disease_17525	3.5308806181198817e-09
Disease	disease_17526	3.5308806181198817e-09
Disease	disease_11376	3.5285572465948903e-09
Disease	disease_1416	3.52809467828016e-09
Disease	disease_2682	3.5265163065408306e-09
Disease	disease_15199	3.525527908562283e-09
Disease	disease_20157	3.524746910539547e-09
Disease	disease_14550	3.523434600933531e-09
Disease	disease_13402	3.5226918203999747e-09
Disease	disease_17928	3.521723859774397e-09
Disease	disease_13272	3.5193230823221295e-09
Disease	disease_20230	3.519180586418902e-09
Disease	disease_7030	3.518455651580883e-09
Disease	disease_10749	3.5182864468852253e-09
Disease	disease_10051	3.516145237599472e-09
Disease	disease_100340	3.515721914309718e-09
Disease	disease_7846	3.5141154107717917e-09
Disease	disease_471	3.513696850410126e-09
Disease	disease_5376	3.5114022853638625e-09
Disease	disease_18796	3.5102856208602577e-09
Disease	disease_8754	3.509099814863648e-09
Disease	disease_2419	3.5088283776555443e-09
Disease	disease_9823	3.508535697248774e-09
Disease	disease_736	3.508111343931075e-09
Disease	disease_136	3.5080088418147557e-09
Disease	disease_4587	3.5063988738266897e-09
Disease	disease_5625	3.506082605006157e-09
Disease	disease_16521	3.504096176780864e-09
Disease	disease_9661	3.5036071442162133e-09
Disease	disease_13942	3.5027297904272637e-09
Disease	disease_8493	3.5025975769715973e-09
Disease	disease_19696	3.5021275332022185e-09
Disease	disease_43071	3.5010126680263915e-09
Disease	disease_9189	3.4999365514672703e-09
Disease	disease_15627	3.499657847875499e-09
Disease	disease_23601	3.4991271865127767e-09
Disease	disease_18684	3.4989858744297657e-09
Disease	disease_13780	3.4987834282639873e-09
Disease	disease_6506	3.497532947274727e-09
Disease	disease_8799	3.4973183846647154e-09
Disease	disease_8381	3.4971122897056695e-09
Disease	disease_6899	3.496961384917458e-09
Disease	disease_18892	3.4960497380284264e-09
Disease	disease_18018	3.492642168749356e-09
Disease	disease_12625	3.4859905348519924e-09
Disease	disease_11663	3.485673111538557e-09
Disease	disease_100214	3.4845676693400193e-09
Disease	disease_14380	3.4845358824518108e-09
Disease	disease_18312	3.4841801666619267e-09
Disease	disease_20249	3.483740358282024e-09
Disease	disease_33682	3.483399280625169e-09
Disease	disease_14262	3.4832181291094996e-09
Disease	disease_14832	3.4822689395783757e-09
Disease	disease_18564	3.482233169525635e-09
Disease	disease_5974	3.4818171788752806e-09
Disease	disease_44724	3.4816987050236268e-09
Disease	disease_21102	3.481370403454321e-09
Disease	disease_20604	3.4813688588237523e-09
Disease	disease_35009	3.480884905440075e-09
Disease	disease_6585	3.480444966144168e-09
Disease	disease_137	3.479459208623988e-09
Disease	disease_14938	3.47660762516035e-09
Disease	disease_8267	3.4761854919094407e-09
Disease	disease_12721	3.475247203430272e-09
Disease	disease_18451	3.4748722698082707e-09
Disease	disease_9150	3.474782830250008e-09
Disease	disease_8377	3.47328041473169e-09
Disease	disease_17828	3.471677174645497e-09
Disease	disease_10408	3.471409522139015e-09
Disease	disease_19893	3.4711632944412462e-09
Disease	disease_14477	3.46800270946607e-09
Disease	disease_3408	3.466820778549872e-09
Disease	disease_9751	3.466543838556454e-09
Disease	disease_20759	3.466313995017104e-09
Disease	disease_8553	3.466270278078049e-09
Disease	disease_100281	3.465950003807623e-09
Disease	disease_36482	3.4654389013484273e-09
Disease	disease_5938	3.4618041011666587e-09
Disease	disease_13469	3.4610445490680963e-09
Disease	disease_618	3.4610352183870752e-09
Disease	disease_616	3.4610352183870752e-09
Disease	disease_17714	3.4598431427866956e-09
Disease	disease_18026	3.4595775112587075e-09
Disease	disease_302	3.459064448401474e-09
Disease	disease_7810	3.4573671806437677e-09
Disease	disease_17359	3.455347496850273e-09
Disease	disease_14687	3.4549978816409934e-09
Disease	disease_19702	3.4532690364375613e-09
Disease	disease_75	3.453076942078889e-09
Disease	disease_20043	3.452916473740112e-09
Disease	disease_6106	3.4519344458044223e-09
Disease	disease_10083	3.4503298177208242e-09
Disease	disease_12031	3.4498035064199e-09
Disease	disease_17041	3.449082724984246e-09
Disease	disease_16380	3.4490269930978427e-09
Disease	disease_13490	3.4482752625207345e-09
Disease	disease_6744	3.447991842468644e-09
Disease	disease_461	3.447419582953739e-09
Disease	disease_8828	3.4454229484006736e-09
Disease	disease_9168	3.445374274804074e-09
Disease	disease_13344	3.4453009728237325e-09
Disease	disease_11215	3.445271274641869e-09
Disease	disease_12024	3.4451173854178664e-09
Disease	disease_8289	3.4423692752487933e-09
Disease	disease_12796	3.4422620669194607e-09
Disease	disease_14801	3.441862947706599e-09
Disease	disease_11656	3.4412675211012237e-09
Disease	disease_19552	3.4406908844766566e-09
Disease	disease_13959	3.44046134030577e-09
Disease	disease_2035	3.439749186138355e-09
Disease	disease_10320	3.4393353094866205e-09
Disease	disease_9072	3.4380707140201436e-09
Disease	disease_1827	3.4369584115436644e-09
Disease	disease_18749	3.436253944650422e-09
Disease	disease_16803	3.436100748039474e-09
Disease	disease_13436	3.4335981650668604e-09
Disease	disease_20434	3.433393946630313e-09
Disease	disease_2129	3.4329494388155318e-09
Disease	disease_463	3.4304202664286634e-09
Disease	disease_8486	3.429509569776854e-09
Disease	disease_4277	3.4262020485901573e-09
Disease	disease_44320	3.4261454847323813e-09
Disease	disease_13342	3.425615511344213e-09
Disease	disease_10827	3.42535217509543e-09
Disease	disease_17368	3.4251754469998438e-09
Disease	disease_19533	3.4251250738801888e-09
Disease	disease_12463	3.425090574585559e-09
Disease	disease_10390	3.4250527169955845e-09
Disease	disease_19236	3.4243230412283937e-09
Disease	disease_13052	3.423815938980234e-09
Disease	disease_5766	3.421919654132253e-09
Disease	disease_18795	3.421300717681545e-09
Disease	disease_16991	3.4208277034673424e-09
Disease	disease_10111	3.4188631096487828e-09
Disease	disease_6572	3.418313976100774e-09
Disease	disease_7561	3.418050917616213e-09
Disease	disease_13429	3.417102335631515e-09
Disease	disease_12446	3.4167334286697288e-09
Disease	disease_18554	3.416445406363927e-09
Disease	disease_16180	3.4133550410569376e-09
Disease	disease_8485	3.4128019771349906e-09
Disease	disease_4664	3.411829795898395e-09
Disease	disease_10761	3.4115211608673092e-09
Disease	disease_3382	3.4113687507249907e-09
Disease	disease_12943	3.4103144966225456e-09
Disease	disease_12156	3.40939162807724e-09
Disease	disease_14867	3.409297868289296e-09
Disease	disease_12808	3.40914230857167e-09
Disease	disease_13350	3.4089991226687476e-09
Disease	disease_820	3.4028195887077752e-09
Disease	disease_10823	3.4027042755622474e-09
Disease	disease_9412	3.4020041041712763e-09
Disease	disease_12747	3.4018428117192095e-09
Disease	disease_42961	3.4018260755006325e-09
Disease	disease_3438	3.401564986586843e-09
Disease	disease_21041	3.4002290335100756e-09
Disease	disease_21322	3.398336728177588e-09
Disease	disease_9556	3.398247015896383e-09
Disease	disease_14929	3.397966494853252e-09
Disease	disease_10379	3.3978303136297107e-09
Disease	disease_22800	3.3977099084448898e-09
Disease	disease_54865	3.3959229873186137e-09
Disease	disease_2467	3.395670019315454e-09
Disease	disease_21313	3.3956002802526687e-09
Disease	disease_16646	3.395123369808808e-09
Disease	disease_13323	3.3928521574381253e-09
Disease	disease_16878	3.3912372962511496e-09
Disease	disease_16416	3.3898043290874648e-09
Disease	disease_100087	3.38913480033509e-09
Disease	disease_13407	3.388782677184054e-09
Disease	disease_4600	3.3875328683783645e-09
Disease	disease_910	3.3870947134089757e-09
Disease	disease_17576	3.3862243280176947e-09
Disease	disease_4844	3.3854392538278887e-09
Disease	disease_14650	3.3849157787652577e-09
Disease	disease_17222	3.383815223258254e-09
Disease	disease_9062	3.382438106587458e-09
Disease	disease_19771	3.3816397343998297e-09
Disease	disease_5404	3.381254355816134e-09
Disease	disease_18342	3.381237473248072e-09
Disease	disease_12997	3.3791493579648022e-09
Disease	disease_14493	3.3767906027171846e-09
Disease	disease_54708	3.3764076251274925e-09
Disease	disease_11399	3.3763121702766843e-09
Disease	disease_16601	3.3741556610086615e-09
Disease	disease_11391	3.3736514972659703e-09
Disease	disease_16556	3.373541551743872e-09
Disease	disease_45012	3.3726160456015877e-09
Disease	disease_19243	3.3719323725897573e-09
Disease	disease_13491	3.3710872509494538e-09
Disease	disease_11393	3.370356792765397e-09
Disease	disease_24378	3.3700755366139684e-09
Disease	disease_24377	3.3700755366139684e-09
Disease	disease_5669	3.3700017532377527e-09
Disease	disease_5156	3.369419193483214e-09
Disease	disease_18059	3.36915387163515e-09
Disease	disease_12315	3.3677456713020357e-09
Disease	disease_12994	3.367517634544223e-09
Disease	disease_8780	3.365742784283322e-09
Disease	disease_9274	3.364878921091299e-09
Disease	disease_9300	3.3647436084964903e-09
Disease	disease_7307	3.3624383618300953e-09
Disease	disease_14889	3.361363877237909e-09
Disease	disease_44204	3.3611472217268133e-09
Disease	disease_8395	3.358458456981275e-09
Disease	disease_20306	3.357612345694434e-09
Disease	disease_15484	3.356509641116701e-09
Disease	disease_30907	3.355854103766187e-09
Disease	disease_16177	3.3556390979952905e-09
Disease	disease_16808	3.355223866050036e-09
Disease	disease_9473	3.3550970468805423e-09
Disease	disease_9678	3.3533467192024e-09
Disease	disease_20820	3.351433976016455e-09
Disease	disease_17739	3.3509744445997016e-09
Disease	disease_11229	3.3508709946792094e-09
Disease	disease_22991	3.350800290837856e-09
Disease	disease_16426	3.350701379875455e-09
Disease	disease_1674	3.3496868986358473e-09
Disease	disease_5196	3.3495396806622154e-09
Disease	disease_13175	3.348571705495774e-09
Disease	disease_14093	3.348540258528226e-09
Disease	disease_11499	3.3477448418790846e-09
Disease	disease_14408	3.3470287876318853e-09
Disease	disease_5216	3.3463052810729602e-09
Disease	disease_18663	3.3458940762233153e-09
Disease	disease_21463	3.3458285902695367e-09
Disease	disease_15490	3.343115236344181e-09
Disease	disease_9919	3.3417610350479695e-09
Disease	disease_13594	3.341526529133432e-09
Disease	disease_11366	3.3414496909508966e-09
Disease	disease_42976	3.339788017665403e-09
Disease	disease_8610	3.3392357059353836e-09
Disease	disease_6309	3.3368358946169883e-09
Disease	disease_20504	3.3364764819065166e-09
Disease	disease_15288	3.3362607814918243e-09
Disease	disease_18523	3.335932835592236e-09
Disease	disease_14754	3.331654802416046e-09
Disease	disease_19403	3.3304884001103257e-09
Disease	disease_16019	3.330307766242725e-09
Disease	disease_16516	3.3301898806448567e-09
Disease	disease_12190	3.329843696130447e-09
Disease	disease_13263	3.329729015789377e-09
Disease	disease_8756	3.329720831626172e-09
Disease	disease_17693	3.329233969512785e-09
Disease	disease_8753	3.3286171362211595e-09
Disease	disease_10818	3.3279802122780747e-09
Disease	disease_9441	3.3270077941153e-09
Disease	disease_44617	3.3263177335470094e-09
Disease	disease_14158	3.3237329932613386e-09
Disease	disease_21190	3.3229000661833972e-09
Disease	disease_19694	3.3223892827827636e-09
Disease	disease_8425	3.322343804944382e-09
Disease	disease_6570	3.321833023446109e-09
Disease	disease_18380	3.320798900865186e-09
Disease	disease_13944	3.32077104037853e-09
Disease	disease_16981	3.3205881180628968e-09
Disease	disease_10699	3.3199542521738385e-09
Disease	disease_15284	3.3195741030193217e-09
Disease	disease_9929	3.3169141027061896e-09
Disease	disease_16091	3.315709710874874e-09
Disease	disease_11137	3.3142753078031657e-09
Disease	disease_8817	3.3111411817973436e-09
Disease	disease_8392	3.3108464710723154e-09
Disease	disease_13821	3.310501087042078e-09
Disease	disease_18212	3.304025562304781e-09
Disease	disease_7287	3.3038486824989844e-09
Disease	disease_17212	3.303343848889311e-09
Disease	disease_13824	3.303002258043593e-09
Disease	disease_2977	3.3019029535511518e-09
Disease	disease_12363	3.301683953649535e-09
Disease	disease_9547	3.3015625828090824e-09
Disease	disease_19734	3.3014463639874174e-09
Disease	disease_18030	3.299003746970913e-09
Disease	disease_12427	3.298694880382498e-09
Disease	disease_8137	3.298157391089415e-09
Disease	disease_9335	3.2977745073555105e-09
Disease	disease_14939	3.297114632716862e-09
Disease	disease_7698	3.296359102870648e-09
Disease	disease_8041	3.294783708857267e-09
Disease	disease_4222	3.2935983655427198e-09
Disease	disease_16764	3.2934886136885888e-09
Disease	disease_12413	3.293364236881247e-09
Disease	disease_2639	3.2930983846322296e-09
Disease	disease_24542	3.29305307183176e-09
Disease	disease_15908	3.2929510458439375e-09
Disease	disease_11925	3.291715238070063e-09
Disease	disease_11014	3.291435830919246e-09
Disease	disease_17733	3.29140198848178e-09
Disease	disease_33683	3.290981004687041e-09
Disease	disease_11013	3.290671987670405e-09
Disease	disease_8287	3.2906130133584067e-09
Disease	disease_32834	3.2901364421968844e-09
Disease	disease_10227	3.289171015283445e-09
Disease	disease_13460	3.2887766829115562e-09
Disease	disease_13820	3.2885173782374953e-09
Disease	disease_2013	3.2880851850377764e-09
Disease	disease_13040	3.2877704799326602e-09
Disease	disease_33563	3.2877527027817517e-09
Disease	disease_8769	3.2876863194375234e-09
Disease	disease_9091	3.287026385595027e-09
Disease	disease_13167	3.286338167262281e-09
Disease	disease_6647	3.285812097257443e-09
Disease	disease_7072	3.28508010830614e-09
Disease	disease_11596	3.2831204693736443e-09
Disease	disease_32873	3.280624045674621e-09
Disease	disease_3395	3.280484351348129e-09
Disease	disease_32940	3.2803939474031154e-09
Disease	disease_9262	3.2802175891524673e-09
Disease	disease_15363	3.2798564628315148e-09
Disease	disease_12813	3.2787420670268516e-09
Disease	disease_13378	3.2780486499600532e-09
Disease	disease_19855	3.2749724286814817e-09
Disease	disease_32689	3.2745577681598483e-09
Disease	disease_8675	3.2744009578060245e-09
Disease	disease_11956	3.272775518983528e-09
Disease	disease_6054	3.2726863324301088e-09
Disease	disease_54637	3.2699478858634747e-09
Disease	disease_9975	3.2697884037357384e-09
Disease	disease_17272	3.269656774636878e-09
Disease	disease_14803	3.2689349161995693e-09
Disease	disease_44926	3.2686963878098205e-09
Disease	disease_13655	3.2682106733907e-09
Disease	disease_20093	3.2676752374629328e-09
Disease	disease_2167	3.2670424685822844e-09
Disease	disease_15798	3.2658811523225923e-09
Disease	disease_18996	3.2628947680494374e-09
Disease	disease_11230	3.262140627693589e-09
Disease	disease_9987	3.261819040873113e-09
Disease	disease_5886	3.2579878337896807e-09
Disease	disease_9984	3.2577313260557663e-09
Disease	disease_23682	3.257077772154842e-09
Disease	disease_12173	3.254914570297783e-09
Disease	disease_11485	3.254641582583751e-09
Disease	disease_3983	3.2528742509379143e-09
Disease	disease_2131	3.2528126841496086e-09
Disease	disease_11824	3.2513610321675996e-09
Disease	disease_11540	3.2511596332982818e-09
Disease	disease_30931	3.2509670593557542e-09
Disease	disease_9261	3.250749730071795e-09
Disease	disease_45023	3.2499245479922594e-09
Disease	disease_11008	3.246701325252651e-09
Disease	disease_3660	3.2465578602266388e-09
Disease	disease_21921	3.2451817793373984e-09
Disease	disease_15503	3.244613607584867e-09
Disease	disease_9590	3.2437653752561845e-09
Disease	disease_11833	3.240339519150215e-09
Disease	disease_7212	3.2400573163651853e-09
Disease	disease_10259	3.2400427341018727e-09
Disease	disease_9022	3.2395726082694634e-09
Disease	disease_20147	3.2383467560561775e-09
Disease	disease_20560	3.2376692208664244e-09
Disease	disease_8873	3.234636012048761e-09
Disease	disease_10992	3.2345785549861473e-09
Disease	disease_6350	3.2336799739751984e-09
Disease	disease_5647	3.2333108849989416e-09
Disease	disease_15879	3.2319964769892334e-09
Disease	disease_7301	3.2301430003860778e-09
Disease	disease_18774	3.2299834526929497e-09
Disease	disease_7550	3.228144389334304e-09
Disease	disease_7619	3.2273448471971436e-09
Disease	disease_22699	3.2260672605894315e-09
Disease	disease_12269	3.2259313238125932e-09
Disease	disease_11259	3.2257396503516568e-09
Disease	disease_10374	3.2257396503516568e-09
Disease	disease_2688	3.2237261439032914e-09
Disease	disease_6853	3.223160302102268e-09
Disease	disease_18647	3.223133857975796e-09
Disease	disease_2033	3.2223251681650274e-09
Disease	disease_16079	3.2199170471597774e-09
Disease	disease_1024	3.219466125744944e-09
Disease	disease_18340	3.217908462115345e-09
Disease	disease_13036	3.214913363153389e-09
Disease	disease_17092	3.2145140595479013e-09
Disease	disease_30706	3.212365820567033e-09
Disease	disease_12916	3.211909423847381e-09
Disease	disease_8274	3.2116888073530456e-09
Disease	disease_13000	3.209768041388647e-09
Disease	disease_100095	3.20737094662041e-09
Disease	disease_23646	3.207268320931155e-09
Disease	disease_17361	3.2067654835872112e-09
Disease	disease_3563	3.2065748265952463e-09
Disease	disease_3564	3.2065748265952463e-09
Disease	disease_13311	3.206333814036496e-09
Disease	disease_4479	3.2061032023974607e-09
Disease	disease_45015	3.2060764450975332e-09
Disease	disease_19662	3.204944813353107e-09
Disease	disease_5103	3.203549328624634e-09
Disease	disease_5078	3.2023085998596897e-09
Disease	disease_2087	3.202011466875336e-09
Disease	disease_11823	3.2018873195367777e-09
Disease	disease_17339	3.199742463763131e-09
Disease	disease_2380	3.1991874363381527e-09
Disease	disease_8815	3.1984830196207858e-09
Disease	disease_20368	3.198165785868282e-09
Disease	disease_14882	3.1958381851866935e-09
Disease	disease_18944	3.195563523036626e-09
Disease	disease_8767	3.195435286505599e-09
Disease	disease_14827	3.1949264954955507e-09
Disease	disease_14937	3.1949047672575345e-09
Disease	disease_24525	3.194207030009362e-09
Disease	disease_19735	3.1910424153343632e-09
Disease	disease_16090	3.1901796580701462e-09
Disease	disease_16474	3.188926982268497e-09
Disease	disease_16767	3.1889099328374253e-09
Disease	disease_22557	3.1866396973331655e-09
Disease	disease_17951	3.185938979076527e-09
Disease	disease_5167	3.1856607835906662e-09
Disease	disease_18932	3.1852313923509076e-09
Disease	disease_13924	3.1841853446153534e-09
Disease	disease_1726	3.1824368217411316e-09
Disease	disease_13800	3.182092822987213e-09
Disease	disease_5132	3.1808745685076904e-09
Disease	disease_21011	3.1798430925304034e-09
Disease	disease_10506	3.1793801985390897e-09
Disease	disease_6600	3.1789565742915596e-09
Disease	disease_13894	3.178358036459197e-09
Disease	disease_1060	3.1764521763718935e-09
Disease	disease_15275	3.1750595101313535e-09
Disease	disease_19551	3.1744409032133183e-09
Disease	disease_7462	3.1724687067303392e-09
Disease	disease_214	3.169032897915798e-09
Disease	disease_15085	3.1684227079599674e-09
Disease	disease_18949	3.165801685510819e-09
Disease	disease_6006	3.1657728071298436e-09
Disease	disease_9000	3.165258232097963e-09
Disease	disease_724	3.1644165351725715e-09
Disease	disease_13393	3.163939431121068e-09
Disease	disease_18964	3.1619692780579463e-09
Disease	disease_16860	3.1616857663563803e-09
Disease	disease_8788	3.16093094290549e-09
Disease	disease_10737	3.1607539588112134e-09
Disease	disease_16318	3.1605085810594725e-09
Disease	disease_6879	3.1590464150846417e-09
Disease	disease_3490	3.1584597551604177e-09
Disease	disease_8264	3.1557475220005885e-09
Disease	disease_60554	3.152984964712259e-09
Disease	disease_11738	3.15282270571578e-09
Disease	disease_18015	3.1505648554620872e-09
Disease	disease_12807	3.1501512532179947e-09
Disease	disease_7892	3.149789057407853e-09
Disease	disease_14698	3.1484713955809824e-09
Disease	disease_16760	3.148388761979162e-09
Disease	disease_44727	3.147067593915932e-09
Disease	disease_5416	3.1467619637922336e-09
Disease	disease_12894	3.1467619637922336e-09
Disease	disease_10657	3.144379008923622e-09
Disease	disease_17917	3.1443714432664136e-09
Disease	disease_19641	3.1425970492836903e-09
Disease	disease_24287	3.1421204354637897e-09
Disease	disease_13771	3.1416208065371013e-09
Disease	disease_16583	3.1406520510838243e-09
Disease	disease_7542	3.1391804568525375e-09
Disease	disease_19509	3.1381874672115146e-09
Disease	disease_6107	3.1377549699232036e-09
Disease	disease_13306	3.137700766146732e-09
Disease	disease_22519	3.1370423184071683e-09
Disease	disease_23035	3.1361006551045077e-09
Disease	disease_100094	3.1361006551045077e-09
Disease	disease_16078	3.134522431283889e-09
Disease	disease_11870	3.1344195141076256e-09
Disease	disease_12720	3.1321935681192958e-09
Disease	disease_19555	3.1313970329398412e-09
Disease	disease_60555	3.1312853948953332e-09
Disease	disease_11510	3.130823668717493e-09
Disease	disease_45017	3.1308231255926496e-09
Disease	disease_4285	3.1305439370347213e-09
Disease	disease_44721	3.1299704023573893e-09
Disease	disease_21659	3.1264992061789896e-09
Disease	disease_15453	3.124436652226557e-09
Disease	disease_18639	3.1213883808160165e-09
Disease	disease_4160	3.1213711809783274e-09
Disease	disease_11101	3.1209581671686723e-09
Disease	disease_2311	3.120030483336509e-09
Disease	disease_18320	3.1172149102436237e-09
Disease	disease_16822	3.1154721694312907e-09
Disease	disease_13390	3.1143502642134107e-09
Disease	disease_2685	3.114060534699309e-09
Disease	disease_18951	3.1126190013651913e-09
Disease	disease_6111	3.1122784383509633e-09
Disease	disease_13971	3.1111928356002715e-09
Disease	disease_1828	3.1106412725967677e-09
Disease	disease_15026	3.1103094029597457e-09
Disease	disease_7173	3.1099963857418794e-09
Disease	disease_2113	3.108877324572931e-09
Disease	disease_12334	3.108853307154296e-09
Disease	disease_14369	3.1083686200743984e-09
Disease	disease_19416	3.1074756735598264e-09
Disease	disease_6102	3.10708349967091e-09
Disease	disease_14555	3.1054838766913853e-09
Disease	disease_2633	3.10510407337732e-09
Disease	disease_14147	3.104725721835643e-09
Disease	disease_9901	3.1045575593120953e-09
Disease	disease_13522	3.102522340410276e-09
Disease	disease_17648	3.1014908641626982e-09
Disease	disease_3377	3.101397994613808e-09
Disease	disease_15282	3.1009575911022747e-09
Disease	disease_9507	3.1004387976006395e-09
Disease	disease_23263	3.098172978568379e-09
Disease	disease_10033	3.097075713798058e-09
Disease	disease_15491	3.0966998151493425e-09
Disease	disease_43143	3.0958737359128957e-09
Disease	disease_14487	3.0951318378453473e-09
Disease	disease_45068	3.0949372689143032e-09
Disease	disease_21804	3.094722803609046e-09
Disease	disease_1207	3.094534388803936e-09
Disease	disease_12510	3.0944613299569345e-09
Disease	disease_14690	3.093490248819482e-09
Disease	disease_19671	3.0919776486950514e-09
Disease	disease_7609	3.087494082881063e-09
Disease	disease_8565	3.0868457840175064e-09
Disease	disease_44744	3.084852246637038e-09
Disease	disease_100138	3.0845759222664692e-09
Disease	disease_15268	3.084141030187558e-09
Disease	disease_10284	3.0835334963533187e-09
Disease	disease_13877	3.0823720576294088e-09
Disease	disease_4366	3.0816974163309245e-09
Disease	disease_4393	3.0816974163309245e-09
Disease	disease_13782	3.0815841915120414e-09
Disease	disease_16411	3.080455684692927e-09
Disease	disease_496	3.080310353230279e-09
Disease	disease_4112	3.080310353230279e-09
Disease	disease_1681	3.080310353230279e-09
Disease	disease_4118	3.080310353230279e-09
Disease	disease_23073	3.080310353230279e-09
Disease	disease_1506	3.080310353230279e-09
Disease	disease_6178	3.079567326094899e-09
Disease	disease_18653	3.078419115933604e-09
Disease	disease_18830	3.076787920583425e-09
Disease	disease_3359	3.0760929070051668e-09
Disease	disease_3356	3.0760929070051668e-09
Disease	disease_19189	3.075917448524318e-09
Disease	disease_16175	3.0755643705637657e-09
Disease	disease_100219	3.075524888647033e-09
Disease	disease_56798	3.0753874074426288e-09
Disease	disease_18540	3.07467259748858e-09
Disease	disease_9607	3.073647138968071e-09
Disease	disease_5215	3.0731053038997638e-09
Disease	disease_21512	3.0730280549203113e-09
Disease	disease_13994	3.0727044922864454e-09
Disease	disease_6614	3.072499163587518e-09
Disease	disease_24464	3.0722545200897655e-09
Disease	disease_16326	3.071933046600831e-09
Disease	disease_13224	3.0712039000058166e-09
Disease	disease_12648	3.0710658600855255e-09
Disease	disease_44877	3.0706116869161415e-09
Disease	disease_18339	3.06909531894436e-09
Disease	disease_2886	3.0675725224157326e-09
Disease	disease_9846	3.0643539018348935e-09
Disease	disease_10842	3.0630967272983272e-09
Disease	disease_12847	3.0628588054836983e-09
Disease	disease_9767	3.062432316845793e-09
Disease	disease_18168	3.0619567512654063e-09
Disease	disease_11946	3.0599735163831963e-09
Disease	disease_17705	3.0597665534906044e-09
Disease	disease_5031	3.058929984874673e-09
Disease	disease_13946	3.0582109403093155e-09
Disease	disease_30066	3.0563558603044953e-09
Disease	disease_777	3.056319079125197e-09
Disease	disease_9715	3.0551858452294298e-09
Disease	disease_22761	3.0546870686533362e-09
Disease	disease_17393	3.0540212295003995e-09
Disease	disease_6360	3.053326289898683e-09
Disease	disease_21231	3.0531030578362706e-09
Disease	disease_18052	3.051498171616218e-09
Disease	disease_7631	3.0507811666996822e-09
Disease	disease_8716	3.0507227271317454e-09
Disease	disease_14949	3.0503296323176914e-09
Disease	disease_20059	3.048508971812378e-09
Disease	disease_5915	3.0474603993809156e-09
Disease	disease_8956	3.046481660086055e-09
Disease	disease_21374	3.046057711964762e-09
Disease	disease_20495	3.045486711974855e-09
Disease	disease_20044	3.0446238985120677e-09
Disease	disease_19947	3.044238037090488e-09
Disease	disease_13653	3.0442291094861102e-09
Disease	disease_33370	3.0438098511922833e-09
Disease	disease_7383	3.043372442586275e-09
Disease	disease_14751	3.0430308827035656e-09
Disease	disease_9582	3.0418002589511866e-09
Disease	disease_13743	3.040013884236063e-09
Disease	disease_13326	3.039981230206356e-09
Disease	disease_44916	3.0386524888868314e-09
Disease	disease_17945	3.0383597996283827e-09
Disease	disease_17631	3.037959997998658e-09
Disease	disease_4937	3.0375187471837206e-09
Disease	disease_2387	3.037271271042161e-09
Disease	disease_9648	3.036837184451996e-09
Disease	disease_19420	3.0352238033357545e-09
Disease	disease_17221	3.0351119771023975e-09
Disease	disease_4842	3.034970327596252e-09
Disease	disease_11076	3.0349356173598663e-09
Disease	disease_9333	3.0345061185604847e-09
Disease	disease_586	3.033349745551057e-09
Disease	disease_9053	3.0328827534677645e-09
Disease	disease_11262	3.0317207252742838e-09
Disease	disease_11518	3.031631753935958e-09
Disease	disease_19267	3.030302808766428e-09
Disease	disease_12532	3.026551004048647e-09
Disease	disease_17763	3.0254135739156495e-09
Disease	disease_14413	3.0232616747601506e-09
Disease	disease_24571	3.0230452502184323e-09
Disease	disease_17598	3.021648177153894e-09
Disease	disease_8371	3.0213076505863795e-09
Disease	disease_7322	3.0208064612827536e-09
Disease	disease_7247	3.020387987689959e-09
Disease	disease_9433	3.0196440335663314e-09
Disease	disease_7562	3.0191905827568444e-09
Disease	disease_9145	3.0188384626048162e-09
Disease	disease_20724	3.0184597654103002e-09
Disease	disease_19636	3.0171476366484717e-09
Disease	disease_22655	3.017100394125027e-09
Disease	disease_8925	3.0167516341225995e-09
Disease	disease_13327	3.0150676724817658e-09
Disease	disease_8869	3.015017831475009e-09
Disease	disease_5984	3.0148464344124153e-09
Disease	disease_3992	3.0143212631120927e-09
Disease	disease_3743	3.013483349610766e-09
Disease	disease_12866	3.013321359031313e-09
Disease	disease_8149	3.0130806953271524e-09
Disease	disease_3495	3.0090276327361086e-09
Disease	disease_1859	3.008707077870673e-09
Disease	disease_15745	3.0086152557132865e-09
Disease	disease_9270	3.0084915035690514e-09
Disease	disease_12592	3.007254371341776e-09
Disease	disease_16412	3.006848481602248e-09
Disease	disease_8295	3.006510475382312e-09
Disease	disease_7546	3.0064441805217308e-09
Disease	disease_17310	3.0062253219601675e-09
Disease	disease_12411	3.006184071626959e-09
Disease	disease_18525	3.0054495474522925e-09
Disease	disease_18527	3.0054495474522925e-09
Disease	disease_13897	3.004849514569513e-09
Disease	disease_8954	3.004797389732915e-09
Disease	disease_455	3.0038497828041414e-09
Disease	disease_9731	3.003746863395438e-09
Disease	disease_7520	3.002793420374446e-09
Disease	disease_10180	3.0027312928465156e-09
Disease	disease_17137	3.000679128753977e-09
Disease	disease_2003	3.0003046227703846e-09
Disease	disease_44991	3.0000527029997546e-09
Disease	disease_14601	2.9998041095171323e-09
Disease	disease_24318	2.9979011145643826e-09
Disease	disease_14886	2.997510418401976e-09
Disease	disease_24499	2.997206920129672e-09
Disease	disease_19472	2.9960108624493343e-09
Disease	disease_14638	2.9940135232637723e-09
Disease	disease_12362	2.993100509434935e-09
Disease	disease_12399	2.992671348546967e-09
Disease	disease_7414	2.9926389755999965e-09
Disease	disease_44967	2.9922000112572425e-09
Disease	disease_20144	2.991877034940039e-09
Disease	disease_6668	2.9913967687356905e-09
Disease	disease_21944	2.9907078059961595e-09
Disease	disease_14238	2.9904557805576432e-09
Disease	disease_19713	2.988631232765912e-09
Disease	disease_1461	2.987013540296228e-09
Disease	disease_9309	2.986829989339688e-09
Disease	disease_1322	2.9853062143699507e-09
Disease	disease_19250	2.984896871398575e-09
Disease	disease_16285	2.9846025090052583e-09
Disease	disease_1164	2.983759059374294e-09
Disease	disease_44903	2.9833870254731277e-09
Disease	disease_14011	2.983016195346123e-09
Disease	disease_15146	2.9825024355325734e-09
Disease	disease_9277	2.979660736942505e-09
Disease	disease_16699	2.9780251166327525e-09
Disease	disease_8973	2.977212237941995e-09
Disease	disease_33481	2.9765608921427216e-09
Disease	disease_1332	2.9747440096292732e-09
Disease	disease_13951	2.973963162617541e-09
Disease	disease_10438	2.97340124714198e-09
Disease	disease_14044	2.971970296737653e-09
Disease	disease_19408	2.9718633072098753e-09
Disease	disease_9712	2.97143357413882e-09
Disease	disease_44983	2.9702089514509454e-09
Disease	disease_2407	2.969921904456141e-09
Disease	disease_5906	2.9697824114674687e-09
Disease	disease_10293	2.969762617921649e-09
Disease	disease_3249	2.9696925086773756e-09
Disease	disease_10512	2.96908796088528e-09
Disease	disease_17375	2.967025764575549e-09
Disease	disease_1907	2.9656899716302952e-09
Disease	disease_11584	2.9648851710450015e-09
Disease	disease_11190	2.964809497187842e-09
Disease	disease_30923	2.963289376997974e-09
Disease	disease_30920	2.962935721494171e-09
Disease	disease_18138	2.962281279469181e-09
Disease	disease_10703	2.9619189019883955e-09
Disease	disease_19418	2.9616477806960916e-09
Disease	disease_9310	2.9616292424033585e-09
Disease	disease_19079	2.9611695771257035e-09
Disease	disease_10285	2.9609126490977162e-09
Disease	disease_9478	2.960445517497381e-09
Disease	disease_16013	2.9603808778049123e-09
Disease	disease_18246	2.9600432216775292e-09
Disease	disease_16784	2.9600252854914265e-09
Disease	disease_5603	2.9596456325436656e-09
Disease	disease_20132	2.958055275560639e-09
Disease	disease_45032	2.957869265695935e-09
Disease	disease_10266	2.9570065078040314e-09
Disease	disease_20644	2.9563396263860578e-09
Disease	disease_8490	2.9563091852489736e-09
Disease	disease_17242	2.9557727571525274e-09
Disease	disease_12700	2.9548570673582596e-09
Disease	disease_45063	2.9547764753915117e-09
Disease	disease_14010	2.9543464623644765e-09
Disease	disease_7555	2.952359605073793e-09
Disease	disease_17924	2.9522482950134987e-09
Disease	disease_10600	2.951971486056689e-09
Disease	disease_12479	2.951217790646142e-09
Disease	disease_9151	2.9507627082369925e-09
Disease	disease_20473	2.950552305340496e-09
Disease	disease_8086	2.949142618869552e-09
Disease	disease_8262	2.9489448370781818e-09
Disease	disease_14198	2.9474551715261688e-09
Disease	disease_8899	2.9471757673170117e-09
Disease	disease_25294	2.9469712592234896e-09
Disease	disease_9519	2.9469021355597878e-09
Disease	disease_11500	2.9468137220264094e-09
Disease	disease_19907	2.946307640381978e-09
Disease	disease_11835	2.946227307475554e-09
Disease	disease_14952	2.945823852328924e-09
Disease	disease_17718	2.9457474283309352e-09
Disease	disease_10047	2.9456350410309814e-09
Disease	disease_7991	2.945113806578152e-09
Disease	disease_18084	2.9450076631265184e-09
Disease	disease_16470	2.9436647126672607e-09
Disease	disease_11428	2.9434561885747602e-09
Disease	disease_8306	2.9410569500481945e-09
Disease	disease_2798	2.9405269658444546e-09
Disease	disease_10007	2.9399016327168704e-09
Disease	disease_15233	2.9383994389675695e-09
Disease	disease_18072	2.9381698539194865e-09
Disease	disease_19346	2.9376279147949037e-09
Disease	disease_12496	2.937344124947491e-09
Disease	disease_700	2.936713886815101e-09
Disease	disease_14376	2.936397177844651e-09
Disease	disease_3804	2.9360884903517077e-09
Disease	disease_14729	2.9359109845981923e-09
Disease	disease_19423	2.9358010637832655e-09
Disease	disease_3158	2.9354368102801264e-09
Disease	disease_12873	2.9342469846699615e-09
Disease	disease_1761	2.9342174781228453e-09
Disease	disease_3570	2.9337010595412792e-09
Disease	disease_19556	2.9328559384617223e-09
Disease	disease_16595	2.93283675986392e-09
Disease	disease_12153	2.932519156351664e-09
Disease	disease_11963	2.9298860164454173e-09
Disease	disease_19467	2.9298415566259913e-09
Disease	disease_9435	2.9296500362450925e-09
Disease	disease_20091	2.929443118564166e-09
Disease	disease_11819	2.929130830999576e-09
Disease	disease_6325	2.9276171045199644e-09
Disease	disease_12246	2.924875474208951e-09
Disease	disease_60783	2.9235807555108313e-09
Disease	disease_17946	2.9211442906507273e-09
Disease	disease_12941	2.9197476268769564e-09
Disease	disease_15033	2.9190200869801934e-09
Disease	disease_7961	2.918882031107068e-09
Disease	disease_24336	2.9176867766640797e-09
Disease	disease_14368	2.9140799416340457e-09
Disease	disease_11608	2.9137667740688512e-09
Disease	disease_13295	2.9137667740688512e-09
Disease	disease_11609	2.9137667740688512e-09
Disease	disease_6514	2.9137667740688512e-09
Disease	disease_13107	2.9137667740688512e-09
Disease	disease_13294	2.9137667740688512e-09
Disease	disease_11597	2.9137667740688512e-09
Disease	disease_11598	2.9137667740688512e-09
Disease	disease_410	2.912542276673235e-09
Disease	disease_33043	2.912325274882867e-09
Disease	disease_14009	2.9102375427908254e-09
Disease	disease_9533	2.909918467879027e-09
Disease	disease_13135	2.909305716190268e-09
Disease	disease_13070	2.9083353545820025e-09
Disease	disease_6344	2.9068313158958707e-09
Disease	disease_4756	2.90600873437286e-09
Disease	disease_13932	2.904569955597321e-09
Disease	disease_12429	2.9045225286188587e-09
Disease	disease_11529	2.904370415095731e-09
Disease	disease_20589	2.902442454675458e-09
Disease	disease_11488	2.9009295151918458e-09
Disease	disease_18894	2.89929504766936e-09
Disease	disease_3363	2.89686032435154e-09
Disease	disease_16301	2.896749031284504e-09
Disease	disease_1039	2.895886206996513e-09
Disease	disease_14259	2.8956362658662773e-09
Disease	disease_43320	2.8948273040415825e-09
Disease	disease_11907	2.8943381823305114e-09
Disease	disease_8045	2.893601282655571e-09
Disease	disease_9364	2.8910111399131022e-09
Disease	disease_3041	2.890117032225438e-09
Disease	disease_17224	2.890078071049664e-09
Disease	disease_9653	2.8896095962944796e-09
Disease	disease_54842	2.889407224606684e-09
Disease	disease_17315	2.8882202541459073e-09
Disease	disease_19308	2.8860862781988617e-09
Disease	disease_1538	2.8860478662700493e-09
Disease	disease_9759	2.88531502953418e-09
Disease	disease_12789	2.8852051950388572e-09
Disease	disease_19294	2.884792475157317e-09
Disease	disease_18182	2.884775782810372e-09
Disease	disease_14598	2.884273742136805e-09
Disease	disease_12209	2.8838950159366242e-09
Disease	disease_18593	2.8835872840201096e-09
Disease	disease_12536	2.8828524166041414e-09
Disease	disease_18389	2.8824807738667274e-09
Disease	disease_8175	2.8816789478830624e-09
Disease	disease_18933	2.8812861690028625e-09
Disease	disease_12215	2.8812710579132984e-09
Disease	disease_4876	2.8811777943292673e-09
Disease	disease_10268	2.8799403351597296e-09
Disease	disease_18197	2.8791300161142734e-09
Disease	disease_1935	2.878805963198921e-09
Disease	disease_18130	2.878223962460543e-09
Disease	disease_6983	2.876784099791828e-09
Disease	disease_13075	2.876074954950165e-09
Disease	disease_14530	2.8759066172745934e-09
Disease	disease_10613	2.8755030910063667e-09
Disease	disease_1797	2.875333381607477e-09
Disease	disease_10404	2.874577664447176e-09
Disease	disease_24544	2.8741577125166104e-09
Disease	disease_872	2.8736647596527064e-09
Disease	disease_5535	2.8727419076052325e-09
Disease	disease_33373	2.8712910652665627e-09
Disease	disease_10061	2.8712491277128403e-09
Disease	disease_44655	2.8709688221683876e-09
Disease	disease_16657	2.868706821087195e-09
Disease	disease_14614	2.8661890955476695e-09
Disease	disease_9350	2.8654691438027783e-09
Disease	disease_5512	2.8653645552339745e-09
Disease	disease_5813	2.865278624287833e-09
Disease	disease_20713	2.865038731022434e-09
Disease	disease_355	2.8647803213747617e-09
Disease	disease_2078	2.8639674912116184e-09
Disease	disease_9810	2.863329503277326e-09
Disease	disease_12506	2.861954838079094e-09
Disease	disease_18745	2.861790432526186e-09
Disease	disease_8178	2.8605508661627054e-09
Disease	disease_13354	2.860543895495087e-09
Disease	disease_34104	2.8586643732581184e-09
Disease	disease_54737	2.857901409733056e-09
Disease	disease_15255	2.8577220813349737e-09
Disease	disease_15325	2.8572698106790112e-09
Disease	disease_9381	2.8552259084988823e-09
Disease	disease_14520	2.8547020069047e-09
Disease	disease_18011	2.8539350537815412e-09
Disease	disease_15598	2.8538682292921575e-09
Disease	disease_13952	2.8537023001521724e-09
Disease	disease_60763	2.8537014940890755e-09
Disease	disease_9655	2.853620029189942e-09
Disease	disease_13726	2.853562660512405e-09
Disease	disease_4345	2.853491638271033e-09
Disease	disease_100016	2.8521441427807553e-09
Disease	disease_12693	2.852046741461289e-09
Disease	disease_7493	2.8492170423267282e-09
Disease	disease_16718	2.848790124166445e-09
Disease	disease_19271	2.8479543951286916e-09
Disease	disease_5555	2.847447080464818e-09
Disease	disease_12472	2.8472687779389804e-09
Disease	disease_12858	2.846773159074604e-09
Disease	disease_9238	2.846299543239038e-09
Disease	disease_19860	2.8448189741943002e-09
Disease	disease_7949	2.8446577202897227e-09
Disease	disease_11829	2.844372802218152e-09
Disease	disease_5609	2.8438326516972147e-09
Disease	disease_15961	2.8438168504734704e-09
Disease	disease_10814	2.8433706935821055e-09
Disease	disease_8853	2.8432109942825608e-09
Disease	disease_7073	2.843006359947238e-09
Disease	disease_13292	2.8424814159857843e-09
Disease	disease_9204	2.841663598776072e-09
Disease	disease_8741	2.8415316334234353e-09
Disease	disease_33947	2.8412895879033232e-09
Disease	disease_11053	2.8410504240614064e-09
Disease	disease_13819	2.8407700433207295e-09
Disease	disease_17879	2.8404934497930206e-09
Disease	disease_3081	2.840218724051313e-09
Disease	disease_10178	2.8397375335026305e-09
Disease	disease_15091	2.839504413668005e-09
Disease	disease_14603	2.838638450270646e-09
Disease	disease_17639	2.838629163011303e-09
Disease	disease_14059	2.8365109399585035e-09
Disease	disease_14481	2.8354185312372744e-09
Disease	disease_2776	2.834341699334536e-09
Disease	disease_6094	2.832354321450521e-09
Disease	disease_6784	2.8322895610935465e-09
Disease	disease_11804	2.8318564953708714e-09
Disease	disease_20703	2.830220674039749e-09
Disease	disease_19597	2.829172333950669e-09
Disease	disease_2472	2.8284376997219617e-09
Disease	disease_16125	2.827644004476859e-09
Disease	disease_14928	2.8270338129873662e-09
Disease	disease_710	2.826809931711106e-09
Disease	disease_12581	2.8264209914567316e-09
Disease	disease_21301	2.826377908569866e-09
Disease	disease_20437	2.8250467937767762e-09
Disease	disease_11149	2.8231520121198246e-09
Disease	disease_11632	2.823027901581114e-09
Disease	disease_13527	2.822307357618909e-09
Disease	disease_7519	2.821988789837838e-09
Disease	disease_1138	2.8219803074228515e-09
Disease	disease_14740	2.821664769518334e-09
Disease	disease_22901	2.820453349310349e-09
Disease	disease_17804	2.820389623162503e-09
Disease	disease_14025	2.817728621249136e-09
Disease	disease_13515	2.817523215799808e-09
Disease	disease_9621	2.815468586051965e-09
Disease	disease_24300	2.8151039871068813e-09
Disease	disease_24263	2.815071274110436e-09
Disease	disease_20058	2.8149737953545436e-09
Disease	disease_8656	2.8144344224205456e-09
Disease	disease_14672	2.814065498774502e-09
Disease	disease_11614	2.8131816226008967e-09
Disease	disease_18825	2.81240389966865e-09
Disease	disease_19682	2.8121587303365114e-09
Disease	disease_9624	2.8121051171673596e-09
Disease	disease_14185	2.811855072099781e-09
Disease	disease_902	2.8110493789935336e-09
Disease	disease_7230	2.8094872837242354e-09
Disease	disease_3936	2.8094698272973157e-09
Disease	disease_13947	2.8093601784894564e-09
Disease	disease_10514	2.8092474403057278e-09
Disease	disease_20359	2.8089120186439183e-09
Disease	disease_20361	2.8089120186439183e-09
Disease	disease_20360	2.8089120186439183e-09
Disease	disease_20596	2.808660863333856e-09
Disease	disease_7507	2.8073647958264383e-09
Disease	disease_10392	2.8070813234548736e-09
Disease	disease_17571	2.806808720503076e-09
Disease	disease_1586	2.804673104493063e-09
Disease	disease_14342	2.802566133458116e-09
Disease	disease_2278	2.8021679688909563e-09
Disease	disease_19659	2.801718121866968e-09
Disease	disease_24568	2.80133876656616e-09
Disease	disease_8184	2.8010077671699837e-09
Disease	disease_12498	2.8004257187588308e-09
Disease	disease_5982	2.799760734642763e-09
Disease	disease_19567	2.797959939215737e-09
Disease	disease_632	2.7975995359499016e-09
Disease	disease_14706	2.7973181489849653e-09
Disease	disease_8964	2.796631598835716e-09
Disease	disease_7503	2.796220806997382e-09
Disease	disease_13440	2.796157285482204e-09
Disease	disease_12253	2.7955782470812976e-09
Disease	disease_19107	2.795309589024264e-09
Disease	disease_12204	2.79499581198175e-09
Disease	disease_2260	2.7942687872824887e-09
Disease	disease_17947	2.7939515118509264e-09
Disease	disease_20702	2.7931102190848213e-09
Disease	disease_2988	2.7927907980440083e-09
Disease	disease_54837	2.7926631435884498e-09
Disease	disease_9308	2.7917835312452388e-09
Disease	disease_8979	2.7917496131266266e-09
Disease	disease_15846	2.7916513664850933e-09
Disease	disease_6065	2.7914728736987826e-09
Disease	disease_44923	2.788442628873088e-09
Disease	disease_24459	2.787533837034596e-09
Disease	disease_45055	2.7873231480164863e-09
Disease	disease_3177	2.7872345572796856e-09
Disease	disease_20046	2.7868654867290986e-09
Disease	disease_17225	2.7861770347718095e-09
Disease	disease_11243	2.7852682236954705e-09
Disease	disease_10440	2.785079830134653e-09
Disease	disease_7085	2.7849886058637513e-09
Disease	disease_24531	2.7847299812511637e-09
Disease	disease_34189	2.78376589922748e-09
Disease	disease_12902	2.7826404265463918e-09
Disease	disease_18644	2.781750162970454e-09
Disease	disease_8940	2.7813764906768182e-09
Disease	disease_54849	2.781198238963475e-09
Disease	disease_20106	2.7810667467571145e-09
Disease	disease_18277	2.78024753358436e-09
Disease	disease_21745	2.7802155749656707e-09
Disease	disease_14029	2.7795587209267305e-09
Disease	disease_4249	2.7791193078660964e-09
Disease	disease_10359	2.7776562248871574e-09
Disease	disease_4105	2.777606042298612e-09
Disease	disease_16748	2.7771279539511838e-09
Disease	disease_14117	2.7767496295263594e-09
Disease	disease_9954	2.7754654191354627e-09
Disease	disease_6971	2.7733660341987057e-09
Disease	disease_6933	2.7726397694401543e-09
Disease	disease_12555	2.7722498313957735e-09
Disease	disease_14086	2.771166226413761e-09
Disease	disease_24523	2.7701293185995767e-09
Disease	disease_17640	2.769445152331287e-09
Disease	disease_18128	2.7690223402387894e-09
Disease	disease_17056	2.768072653135546e-09
Disease	disease_11094	2.767941074839061e-09
Disease	disease_18748	2.7676634892063934e-09
Disease	disease_14249	2.767614472764662e-09
Disease	disease_11062	2.7669397288022125e-09
Disease	disease_17904	2.7658402212159453e-09
Disease	disease_44342	2.7649843458349312e-09
Disease	disease_11928	2.764196488859753e-09
Disease	disease_18904	2.7610486394009267e-09
Disease	disease_7400	2.7604434573059784e-09
Disease	disease_15852	2.760253756749289e-09
Disease	disease_15873	2.7556049366328384e-09
Disease	disease_8338	2.754517042044484e-09
Disease	disease_18853	2.754120405752134e-09
Disease	disease_9855	2.75319149801455e-09
Disease	disease_7482	2.7526077863163844e-09
Disease	disease_19677	2.752043100648791e-09
Disease	disease_9649	2.751426947925879e-09
Disease	disease_12238	2.7507373523940534e-09
Disease	disease_60760	2.7507018405768013e-09
Disease	disease_17647	2.7506820274981844e-09
Disease	disease_19494	2.7502066894592796e-09
Disease	disease_19493	2.7502066894592796e-09
Disease	disease_965	2.7495407261441457e-09
Disease	disease_4268	2.7486540439303874e-09
Disease	disease_4376	2.7486540439303874e-09
Disease	disease_10326	2.748072576974323e-09
Disease	disease_16420	2.7474615019747994e-09
Disease	disease_18421	2.747085921266793e-09
Disease	disease_10342	2.746206582933009e-09
Disease	disease_19168	2.746005784142899e-09
Disease	disease_16568	2.7457726090804026e-09
Disease	disease_14921	2.7454912272772876e-09
Disease	disease_13918	2.7454498783195736e-09
Disease	disease_14709	2.745235609167447e-09
Disease	disease_9063	2.7440560687515295e-09
Disease	disease_14473	2.7429896682457996e-09
Disease	disease_3707	2.742534060735596e-09
Disease	disease_14097	2.7418772098400855e-09
Disease	disease_16467	2.7413686341714275e-09
Disease	disease_6788	2.7412363369031447e-09
Disease	disease_7919	2.7409781700198247e-09
Disease	disease_56803	2.740295076097701e-09
Disease	disease_17847	2.740246139608258e-09
Disease	disease_2914	2.7400817636049022e-09
Disease	disease_10524	2.739883682572234e-09
Disease	disease_19632	2.7395726558261605e-09
Disease	disease_8878	2.738316693642739e-09
Disease	disease_10100	2.7374874779773215e-09
Disease	disease_2297	2.736918867262648e-09
Disease	disease_100220	2.7360094633729597e-09
Disease	disease_8206	2.7358585227902495e-09
Disease	disease_12868	2.7345022724663635e-09
Disease	disease_19478	2.7344736157073375e-09
Disease	disease_20065	2.734360894103506e-09
Disease	disease_24627	2.7339919173845536e-09
Disease	disease_19769	2.7327074903429e-09
Disease	disease_17079	2.7324595114555703e-09
Disease	disease_7793	2.73192840916549e-09
Disease	disease_19571	2.731698600790989e-09
Disease	disease_4622	2.7307009631877645e-09
Disease	disease_21441	2.72990883631731e-09
Disease	disease_18079	2.7286164632156704e-09
Disease	disease_17573	2.728006876208963e-09
Disease	disease_10489	2.7274651689007742e-09
Disease	disease_14835	2.7262544766208484e-09
Disease	disease_10543	2.7257398866272433e-09
Disease	disease_2678	2.724563750869421e-09
Disease	disease_11694	2.7243513269244436e-09
Disease	disease_1806	2.72430838506868e-09
Disease	disease_7349	2.7241170492153313e-09
Disease	disease_3085	2.723375574785138e-09
Disease	disease_18010	2.722615009435447e-09
Disease	disease_7664	2.722489355326056e-09
Disease	disease_12254	2.7211823937434745e-09
Disease	disease_16783	2.7191941041064278e-09
Disease	disease_1464	2.7190737273240166e-09
Disease	disease_16142	2.7186948893181826e-09
Disease	disease_20295	2.7178433405541835e-09
Disease	disease_8474	2.71734614358313e-09
Disease	disease_19766	2.715546645105939e-09
Disease	disease_9565	2.7148530774145784e-09
Disease	disease_9862	2.7136246204011742e-09
Disease	disease_7129	2.7132643930394277e-09
Disease	disease_13583	2.7128675055245e-09
Disease	disease_774	2.7118924767077563e-09
Disease	disease_11246	2.711074559958685e-09
Disease	disease_8842	2.7102436238548307e-09
Disease	disease_5565	2.7077899160066424e-09
Disease	disease_10879	2.707664754139513e-09
Disease	disease_2623	2.7076353274933516e-09
Disease	disease_22953	2.707188160422918e-09
Disease	disease_3587	2.7059302069041453e-09
Disease	disease_17223	2.705485452220498e-09
Disease	disease_100144	2.705119507558903e-09
Disease	disease_12301	2.7046619340385875e-09
Disease	disease_21366	2.7044120237142954e-09
Disease	disease_10395	2.7032478027024117e-09
Disease	disease_4262	2.7029600853048994e-09
Disease	disease_20627	2.7029501386479016e-09
Disease	disease_6774	2.70182780489858e-09
Disease	disease_3691	2.7008061318999878e-09
Disease	disease_14332	2.7006432404742175e-09
Disease	disease_9367	2.699992297515087e-09
Disease	disease_1560	2.69895900103903e-09
Disease	disease_4959	2.698150540210324e-09
Disease	disease_11683	2.6973638638398838e-09
Disease	disease_3828	2.6970031782623903e-09
Disease	disease_4248	2.696913836350063e-09
Disease	disease_14184	2.6942027213572944e-09
Disease	disease_2066	2.6913217514661846e-09
Disease	disease_11178	2.690749255056942e-09
Disease	disease_15248	2.6903999408098494e-09
Disease	disease_10370	2.6898317003445606e-09
Disease	disease_8365	2.6894154392996737e-09
Disease	disease_18006	2.688422266866321e-09
Disease	disease_2508	2.6872650006610075e-09
Disease	disease_7626	2.6857105322888107e-09
Disease	disease_19123	2.685512531753555e-09
Disease	disease_8960	2.6855043769466852e-09
Disease	disease_18206	2.6851385592123444e-09
Disease	disease_16576	2.6834134415686996e-09
Disease	disease_2235	2.6830668924511077e-09
Disease	disease_15488	2.682896698997157e-09
Disease	disease_6112	2.682467196477903e-09
Disease	disease_19723	2.6802877785402877e-09
Disease	disease_4350	2.679352845723501e-09
Disease	disease_4045	2.679352845723501e-09
Disease	disease_21630	2.6791193428233305e-09
Disease	disease_43878	2.6786773554942015e-09
Disease	disease_12449	2.678258333860851e-09
Disease	disease_20639	2.6781330620753574e-09
Disease	disease_7779	2.677923692608766e-09
Disease	disease_13764	2.6768898218930805e-09
Disease	disease_13970	2.6764801022554455e-09
Disease	disease_54722	2.6760298592297556e-09
Disease	disease_21121	2.675973097171672e-09
Disease	disease_7297	2.6758420436205887e-09
Disease	disease_13043	2.675604045259738e-09
Disease	disease_21005	2.6752840814433833e-09
Disease	disease_18432	2.6727156385504382e-09
Disease	disease_16952	2.670180723416329e-09
Disease	disease_19024	2.668102659480708e-09
Disease	disease_764	2.6674051377085e-09
Disease	disease_3049	2.6643641846759375e-09
Disease	disease_10271	2.6642453135804697e-09
Disease	disease_16799	2.663364729031939e-09
Disease	disease_7946	2.6629548079408024e-09
Disease	disease_3898	2.6627679979840923e-09
Disease	disease_4233	2.6627679979840923e-09
Disease	disease_19091	2.662382682741032e-09
Disease	disease_7615	2.6613939140392254e-09
Disease	disease_17720	2.6602857490832093e-09
Disease	disease_14357	2.6593092306076958e-09
Disease	disease_20665	2.6588597112729592e-09
Disease	disease_7068	2.6586706376772858e-09
Disease	disease_1381	2.658402515924974e-09
Disease	disease_10808	2.658352764387422e-09
Disease	disease_5872	2.6578735118712858e-09
Disease	disease_5801	2.657773003323576e-09
Disease	disease_11436	2.6573328014996574e-09
Disease	disease_9803	2.657187431655928e-09
Disease	disease_9075	2.6571408054680258e-09
Disease	disease_8690	2.6559994695603484e-09
Disease	disease_14135	2.654110576379539e-09
Disease	disease_11541	2.6535474394521636e-09
Disease	disease_5417	2.6525340322728265e-09
Disease	disease_13811	2.6524927875373965e-09
Disease	disease_30077	2.6518009332882353e-09
Disease	disease_7527	2.6517339047230374e-09
Disease	disease_6153	2.6504547063291827e-09
Disease	disease_23513	2.6488490871542682e-09
Disease	disease_20492	2.648629896270457e-09
Disease	disease_16839	2.6485553491199745e-09
Disease	disease_18938	2.6482513102554008e-09
Disease	disease_44816	2.6480027960277422e-09
Disease	disease_17719	2.6476729658260814e-09
Disease	disease_40870	2.644787453331676e-09
Disease	disease_3200	2.644745427750338e-09
Disease	disease_14700	2.6444086631990546e-09
Disease	disease_14872	2.6437250531072022e-09
Disease	disease_12650	2.6419749578219035e-09
Disease	disease_9234	2.641947163467641e-09
Disease	disease_6604	2.639853938727055e-09
Disease	disease_14194	2.6370389668766462e-09
Disease	disease_6042	2.63688056996583e-09
Disease	disease_4499	2.635278319275135e-09
Disease	disease_15262	2.634409325481233e-09
Disease	disease_21583	2.633861168773995e-09
Disease	disease_14959	2.632538312017686e-09
Disease	disease_3608	2.632469481883362e-09
Disease	disease_6343	2.6322918494837454e-09
Disease	disease_54833	2.6310725169070027e-09
Disease	disease_640	2.630555533945615e-09
Disease	disease_18426	2.6304338149450497e-09
Disease	disease_9577	2.630108698600752e-09
Disease	disease_11910	2.6298769933169215e-09
Disease	disease_20482	2.629743579349958e-09
Disease	disease_60778	2.628670932452239e-09
Disease	disease_13358	2.6283338774976456e-09
Disease	disease_380	2.6273155517424512e-09
Disease	disease_12073	2.6262671359829764e-09
Disease	disease_18133	2.6259431950206055e-09
Disease	disease_11305	2.6249947551796064e-09
Disease	disease_14350	2.6247015126076267e-09
Disease	disease_20848	2.623956011375283e-09
Disease	disease_8891	2.6238915402563225e-09
Disease	disease_16012	2.6219921044262586e-09
Disease	disease_624	2.6219357697123915e-09
Disease	disease_14639	2.6215712828723437e-09
Disease	disease_3389	2.621312529473016e-09
Disease	disease_9853	2.6211970324593157e-09
Disease	disease_4409	2.6210436495060725e-09
Disease	disease_3442	2.620296200354865e-09
Disease	disease_18131	2.6199630872594485e-09
Disease	disease_13763	2.6197551909609034e-09
Disease	disease_14608	2.6168430136576365e-09
Disease	disease_14205	2.616259406719886e-09
Disease	disease_9868	2.612421122499474e-09
Disease	disease_18744	2.6116007282156003e-09
Disease	disease_9598	2.611203111567169e-09
Disease	disease_5945	2.610201647539141e-09
Disease	disease_16873	2.6100863857124713e-09
Disease	disease_9099	2.610010400686952e-09
Disease	disease_10045	2.609775540257196e-09
Disease	disease_19532	2.6096134761579423e-09
Disease	disease_14261	2.6088742291110777e-09
Disease	disease_19854	2.607836963687471e-09
Disease	disease_9369	2.6077988068631656e-09
Disease	disease_9188	2.607096768125835e-09
Disease	disease_17993	2.6066367103296787e-09
Disease	disease_15695	2.6061492111151066e-09
Disease	disease_24878	2.6050004052977214e-09
Disease	disease_6096	2.60474195561838e-09
Disease	disease_15208	2.6042532486511763e-09
Disease	disease_15210	2.602262758734701e-09
Disease	disease_1372	2.601876225576468e-09
Disease	disease_14816	2.6018485459609085e-09
Disease	disease_44684	2.601792217208535e-09
Disease	disease_16614	2.601599143566784e-09
Disease	disease_11184	2.6012614036836323e-09
Disease	disease_7604	2.6011938561814754e-09
Disease	disease_5834	2.6002159223965862e-09
Disease	disease_15805	2.6001499638230375e-09
Disease	disease_3022	2.6000326064482784e-09
Disease	disease_13056	2.5998367977737486e-09
Disease	disease_33203	2.5988201152313795e-09
Disease	disease_14981	2.598058496934452e-09
Disease	disease_5810	2.5979818425061208e-09
Disease	disease_15090	2.5971183948669515e-09
Disease	disease_9614	2.596956654918325e-09
Disease	disease_11937	2.595783005402308e-09
Disease	disease_9562	2.595187058826382e-09
Disease	disease_10325	2.5933135957920833e-09
Disease	disease_11715	2.5929977363161283e-09
Disease	disease_16075	2.592069546023899e-09
Disease	disease_18202	2.5918633725667304e-09
Disease	disease_10170	2.590799628293583e-09
Disease	disease_20379	2.5904392187377483e-09
Disease	disease_12530	2.5899110403626193e-09
Disease	disease_14732	2.5895876919968754e-09
Disease	disease_10212	2.58836073408002e-09
Disease	disease_44324	2.5883258565578526e-09
Disease	disease_35112	2.5880578701603416e-09
Disease	disease_20317	2.5880578701603416e-09
Disease	disease_17922	2.5877350957287707e-09
Disease	disease_9285	2.58773083816035e-09
Disease	disease_9524	2.587376150730226e-09
Disease	disease_13340	2.5866652983564085e-09
Disease	disease_8050	2.5858377192697708e-09
Disease	disease_10554	2.585564017990794e-09
Disease	disease_14210	2.5843787184694026e-09
Disease	disease_13128	2.583012908956613e-09
Disease	disease_14825	2.582591682792806e-09
Disease	disease_1805	2.580792691539394e-09
Disease	disease_1401	2.580792691539394e-09
Disease	disease_2069	2.580792691539394e-09
Disease	disease_2068	2.580792691539394e-09
Disease	disease_1850	2.580792691539394e-09
Disease	disease_4878	2.580792691539394e-09
Disease	disease_2067	2.580792691539394e-09
Disease	disease_14735	2.578394126227623e-09
Disease	disease_15047	2.5767073020766004e-09
Disease	disease_7711	2.5758232315312817e-09
Disease	disease_10255	2.5745507853887075e-09
Disease	disease_13509	2.5743676997167384e-09
Disease	disease_19962	2.5735827386838633e-09
Disease	disease_54785	2.572883741867457e-09
Disease	disease_15254	2.5697376817444067e-09
Disease	disease_17791	2.568611003738092e-09
Disease	disease_15711	2.567682357150048e-09
Disease	disease_20602	2.567653545179953e-09
Disease	disease_18683	2.5675250375010398e-09
Disease	disease_19309	2.5662554195590284e-09
Disease	disease_60729	2.565708226730215e-09
Disease	disease_10878	2.56357739259053e-09
Disease	disease_18351	2.5602694224225827e-09
Disease	disease_21389	2.5577282531266843e-09
Disease	disease_20669	2.5572323477696706e-09
Disease	disease_3593	2.5563346482032907e-09
Disease	disease_13686	2.5563053494148955e-09
Disease	disease_18028	2.555819603455739e-09
Disease	disease_210	2.554362671873636e-09
Disease	disease_13768	2.5530576584131063e-09
Disease	disease_21357	2.5519102093445094e-09
Disease	disease_14788	2.5500859973423876e-09
Disease	disease_10958	2.5500289761309584e-09
Disease	disease_33014	2.5500032688764372e-09
Disease	disease_9054	2.5495796072858797e-09
Disease	disease_18278	2.54947541420442e-09
Disease	disease_20435	2.5476936418599524e-09
Disease	disease_16453	2.5476344371422653e-09
Disease	disease_19722	2.5469611981528284e-09
Disease	disease_12999	2.546919177038258e-09
Disease	disease_4517	2.5465635262934733e-09
Disease	disease_8726	2.546263756019807e-09
Disease	disease_19119	2.5460656107230966e-09
Disease	disease_17424	2.5456590941311538e-09
Disease	disease_11517	2.5447325802026937e-09
Disease	disease_10203	2.5440546926813818e-09
Disease	disease_3352	2.5434820577215716e-09
Disease	disease_30700	2.5417208430186337e-09
Disease	disease_6282	2.5407765031480704e-09
Disease	disease_14474	2.5391015751654445e-09
Disease	disease_3439	2.5390246856914947e-09
Disease	disease_19076	2.5382629095418207e-09
Disease	disease_7589	2.537724110927454e-09
Disease	disease_11128	2.5373212218221872e-09
Disease	disease_6900	2.5372704192408815e-09
Disease	disease_33013	2.5366497725408105e-09
Disease	disease_10469	2.535523251250851e-09
Disease	disease_13443	2.5351591661998702e-09
Disease	disease_4429	2.5341179818290883e-09
Disease	disease_16400	2.534048953509946e-09
Disease	disease_11224	2.534030861062615e-09
Disease	disease_19568	2.533480538200789e-09
Disease	disease_173	2.5331502332928245e-09
Disease	disease_10279	2.5315333753796483e-09
Disease	disease_14767	2.5298314826196902e-09
Disease	disease_44637	2.5294757426699722e-09
Disease	disease_3361	2.5290966475082764e-09
Disease	disease_14142	2.52836177850124e-09
Disease	disease_16599	2.5257913684793057e-09
Disease	disease_2934	2.5249149249604062e-09
Disease	disease_14335	2.5247840487455195e-09
Disease	disease_16882	2.5244244988723233e-09
Disease	disease_15252	2.5235058761211706e-09
Disease	disease_21038	2.5224300839069973e-09
Disease	disease_13162	2.5217601912683433e-09
Disease	disease_6808	2.5215610493909776e-09
Disease	disease_14273	2.5214616091246713e-09
Disease	disease_4829	2.5203890218130608e-09
Disease	disease_37858	2.5191724573226313e-09
Disease	disease_21092	2.5184184666545554e-09
Disease	disease_9921	2.5169568777950493e-09
Disease	disease_1653	2.5166609648119896e-09
Disease	disease_9794	2.514276247286215e-09
Disease	disease_87	2.514198431587813e-09
Disease	disease_21634	2.5115345541898374e-09
Disease	disease_10839	2.5091634798022764e-09
Disease	disease_10079	2.508764304040414e-09
Disease	disease_15454	2.508112323205216e-09
Disease	disease_6169	2.5072430239072347e-09
Disease	disease_6410	2.5072430239072347e-09
Disease	disease_30	2.5064714856645592e-09
Disease	disease_21722	2.505612873589315e-09
Disease	disease_19976	2.505357872030734e-09
Disease	disease_3371	2.504779491909576e-09
Disease	disease_14333	2.503231406742879e-09
Disease	disease_19281	2.5014908598891093e-09
Disease	disease_3964	2.5013328052785668e-09
Disease	disease_14744	2.501318785485602e-09
Disease	disease_8645	2.500779275582987e-09
Disease	disease_33856	2.500557053015742e-09
Disease	disease_11061	2.5005102428394392e-09
Disease	disease_1374	2.500145858887671e-09
Disease	disease_10058	2.4997442221906663e-09
Disease	disease_6838	2.496199954137486e-09
Disease	disease_15752	2.495842929930541e-09
Disease	disease_32766	2.495528421957629e-09
Disease	disease_9568	2.495173203655119e-09
Disease	disease_9316	2.4925882481287527e-09
Disease	disease_6152	2.491937463342078e-09
Disease	disease_20491	2.4898638600756814e-09
Disease	disease_14227	2.4895953022567285e-09
Disease	disease_15102	2.4892495517770777e-09
Disease	disease_33309	2.4890041461915546e-09
Disease	disease_12430	2.4887854470591432e-09
Disease	disease_1380	2.4884617545787665e-09
Disease	disease_13521	2.4882921097430214e-09
Disease	disease_17121	2.488192160371116e-09
Disease	disease_17360	2.4878774780321206e-09
Disease	disease_20576	2.4875701361872356e-09
Disease	disease_9141	2.487375741651065e-09
Disease	disease_9483	2.4869566428931186e-09
Disease	disease_17577	2.4868764031424766e-09
Disease	disease_3378	2.4866359300560256e-09
Disease	disease_9024	2.486362501345268e-09
Disease	disease_5992	2.4853652985309213e-09
Disease	disease_4360	2.4851908433310454e-09
Disease	disease_54763	2.4837461485376926e-09
Disease	disease_10213	2.4830922092167767e-09
Disease	disease_14510	2.48302658460957e-09
Disease	disease_2404	2.482498256971956e-09
Disease	disease_11095	2.4822600541356103e-09
Disease	disease_21303	2.4815421808862805e-09
Disease	disease_6865	2.4813769382901767e-09
Disease	disease_10618	2.4807642665101016e-09
Disease	disease_8078	2.480727085440831e-09
Disease	disease_18120	2.4796749081750734e-09
Disease	disease_14067	2.4793867174610054e-09
Disease	disease_7005	2.4788993462641893e-09
Disease	disease_13324	2.4784296548329504e-09
Disease	disease_3514	2.4778529995932867e-09
Disease	disease_17286	2.477755547388149e-09
Disease	disease_19356	2.4776781925719122e-09
Disease	disease_17827	2.4774894638746645e-09
Disease	disease_43465	2.4772401583735817e-09
Disease	disease_9134	2.476861848787202e-09
Disease	disease_3168	2.476288585537192e-09
Disease	disease_13410	2.475991643988716e-09
Disease	disease_4891	2.4759091598333363e-09
Disease	disease_13507	2.4757613658081434e-09
Disease	disease_3556	2.4747360826135896e-09
Disease	disease_12682	2.4746712683789706e-09
Disease	disease_9769	2.474146782846933e-09
Disease	disease_13420	2.4730153292325165e-09
Disease	disease_9031	2.472343814160329e-09
Disease	disease_6144	2.4723059891190157e-09
Disease	disease_54593	2.4722913037443844e-09
Disease	disease_5608	2.471970232749383e-09
Disease	disease_100221	2.4704773164890666e-09
Disease	disease_3107	2.4700961378526074e-09
Disease	disease_2004	2.469495007831357e-09
Disease	disease_33012	2.4685511793235834e-09
Disease	disease_17916	2.468504024389489e-09
Disease	disease_1405	2.467058420549441e-09
Disease	disease_18103	2.466898864358328e-09
Disease	disease_2927	2.4660465489717768e-09
Disease	disease_11968	2.465238240664666e-09
Disease	disease_13258	2.464815049283232e-09
Disease	disease_1526	2.464251051381596e-09
Disease	disease_1403	2.464251051381596e-09
Disease	disease_6019	2.463737291867525e-09
Disease	disease_7350	2.463629701987049e-09
Disease	disease_1825	2.463348935235913e-09
Disease	disease_9064	2.4632465577993494e-09
Disease	disease_8476	2.4629029837430513e-09
Disease	disease_70	2.462549260484342e-09
Disease	disease_18356	2.4621893257363578e-09
Disease	disease_17415	2.4614313797370854e-09
Disease	disease_15141	2.460769296660182e-09
Disease	disease_18586	2.4600966819027763e-09
Disease	disease_19077	2.4600966819027763e-09
Disease	disease_400004	2.4600966819027763e-09
Disease	disease_16503	2.4600966819027763e-09
Disease	disease_23571	2.4594163848175257e-09
Disease	disease_15697	2.459255166814589e-09
Disease	disease_18705	2.4589475742178703e-09
Disease	disease_8123	2.458325424921417e-09
Disease	disease_10256	2.458078099474046e-09
Disease	disease_13674	2.4578353701735736e-09
Disease	disease_8991	2.456838379425123e-09
Disease	disease_2475	2.4567322169146854e-09
Disease	disease_24292	2.4566355240990946e-09
Disease	disease_14702	2.4542402836304126e-09
Disease	disease_9320	2.4537224688914482e-09
Disease	disease_9275	2.453370199706965e-09
Disease	disease_3189	2.452937231092658e-09
Disease	disease_2256	2.452014027465988e-09
Disease	disease_13550	2.451925109605189e-09
Disease	disease_3024	2.450437047747429e-09
Disease	disease_6027	2.450437047747429e-09
Disease	disease_2859	2.450437047747429e-09
Disease	disease_3728	2.450437047747429e-09
Disease	disease_17281	2.4504150123789506e-09
Disease	disease_17809	2.4481686921837705e-09
Disease	disease_1462	2.4477711877570624e-09
Disease	disease_2238	2.4477711877570624e-09
Disease	disease_22873	2.4471572366568393e-09
Disease	disease_22872	2.4471572366568393e-09
Disease	disease_22871	2.4471572366568393e-09
Disease	disease_22874	2.4471572366568393e-09
Disease	disease_19101	2.4470717447129056e-09
Disease	disease_19683	2.4462722200855574e-09
Disease	disease_22330	2.4460314909295437e-09
Disease	disease_18787	2.445361796236298e-09
Disease	disease_13528	2.444915944928922e-09
Disease	disease_6034	2.444388011178222e-09
Disease	disease_9173	2.4442886459645825e-09
Disease	disease_17956	2.443033782298044e-09
Disease	disease_12216	2.442682994040374e-09
Disease	disease_8861	2.4423731874521423e-09
Disease	disease_14076	2.4420799721002893e-09
Disease	disease_9074	2.4418958968571545e-09
Disease	disease_3303	2.439169394991747e-09
Disease	disease_40732	2.438223929697898e-09
Disease	disease_14864	2.4379846697419947e-09
Disease	disease_13541	2.4377347167234912e-09
Disease	disease_20775	2.4376530203801453e-09
Disease	disease_10529	2.4372542507492223e-09
Disease	disease_17233	2.4355376817409286e-09
Disease	disease_15301	2.43552229219475e-09
Disease	disease_18765	2.4353405309989774e-09
Disease	disease_1558	2.435269993726452e-09
Disease	disease_13308	2.4350828801792867e-09
Disease	disease_3275	2.4350266243977047e-09
Disease	disease_4510	2.434898581821552e-09
Disease	disease_9780	2.434782865964288e-09
Disease	disease_1341	2.4332767939484177e-09
Disease	disease_16892	2.4320363177181647e-09
Disease	disease_34092	2.431782041037982e-09
Disease	disease_5655	2.430742951573072e-09
Disease	disease_5654	2.430742951573072e-09
Disease	disease_20477	2.4298431251740257e-09
Disease	disease_12247	2.429804821265352e-09
Disease	disease_17136	2.42944894925833e-09
Disease	disease_6304	2.429250014415951e-09
Disease	disease_15824	2.4292285399364618e-09
Disease	disease_5282	2.4283237713445963e-09
Disease	disease_9560	2.42819491239135e-09
Disease	disease_12289	2.4274128046272534e-09
Disease	disease_17919	2.4268613521322086e-09
Disease	disease_1378	2.426856693072108e-09
Disease	disease_10890	2.426126430523873e-09
Disease	disease_17435	2.425811308979644e-09
Disease	disease_723	2.424932335716457e-09
Disease	disease_6920	2.424069440553577e-09
Disease	disease_16518	2.4227049846047815e-09
Disease	disease_19876	2.4208701410978407e-09
Disease	disease_27462	2.4205977774901493e-09
Disease	disease_9603	2.419471735009396e-09
Disease	disease_14548	2.419290113578149e-09
Disease	disease_18926	2.418490372623304e-09
Disease	disease_44652	2.4184153294439077e-09
Disease	disease_14861	2.418358258856034e-09
Disease	disease_33091	2.417998648574149e-09
Disease	disease_24879	2.41766723846628e-09
Disease	disease_12313	2.41742145413759e-09
Disease	disease_14962	2.4164721907830886e-09
Disease	disease_13875	2.4142141833222403e-09
Disease	disease_54696	2.4119737378301105e-09
Disease	disease_15445	2.4110879519145757e-09
Disease	disease_11613	2.4104634967597998e-09
Disease	disease_19586	2.4103509522945162e-09
Disease	disease_3185	2.410304744322844e-09
Disease	disease_9354	2.4102260316456197e-09
Disease	disease_15191	2.4099119860154213e-09
Disease	disease_100310	2.408895485614643e-09
Disease	disease_14717	2.407786679106211e-09
Disease	disease_21629	2.4071377355604248e-09
Disease	disease_13962	2.407081609762512e-09
Disease	disease_14480	2.406644086391955e-09
Disease	disease_32813	2.406168931764888e-09
Disease	disease_16405	2.405582999315042e-09
Disease	disease_14136	2.404802842146349e-09
Disease	disease_8447	2.4046014153957873e-09
Disease	disease_12432	2.404476594204607e-09
Disease	disease_17747	2.404095861197031e-09
Disease	disease_5437	2.402707495419704e-09
Disease	disease_18093	2.4009613820427807e-09
Disease	disease_14398	2.400846943436182e-09
Disease	disease_182	2.400683706876151e-09
Disease	disease_19681	2.399667604320563e-09
Disease	disease_6225	2.399558026864396e-09
Disease	disease_10361	2.3991838287545417e-09
Disease	disease_1226	2.3982051639555434e-09
Disease	disease_21245	2.3980779922064977e-09
Disease	disease_10810	2.3967837616925293e-09
Disease	disease_21681	2.396693765029724e-09
Disease	disease_2293	2.3959566520490983e-09
Disease	disease_23558	2.3956484272133492e-09
Disease	disease_12985	2.3950229092161374e-09
Disease	disease_21574	2.3944234683916503e-09
Disease	disease_1932	2.3943755219533883e-09
Disease	disease_23581	2.3935530803614655e-09
Disease	disease_16045	2.3921283658241152e-09
Disease	disease_9658	2.3921086610963735e-09
Disease	disease_21317	2.392011454059901e-09
Disease	disease_7420	2.3918457225081482e-09
Disease	disease_9349	2.3915961884245366e-09
Disease	disease_13569	2.3883259523072997e-09
Disease	disease_4668	2.3882402302363255e-09
Disease	disease_16331	2.388202268265945e-09
Disease	disease_4492	2.3881444239872048e-09
Disease	disease_44872	2.387658454711281e-09
Disease	disease_14146	2.387490497354451e-09
Disease	disease_6254	2.38295822967552e-09
Disease	disease_20213	2.3826199084093966e-09
Disease	disease_10868	2.382454940702892e-09
Disease	disease_11866	2.3821907660338935e-09
Disease	disease_18423	2.381811994967578e-09
Disease	disease_16759	2.381577940016779e-09
Disease	disease_24308	2.3811397523203506e-09
Disease	disease_24335	2.3810150766386942e-09
Disease	disease_100243	2.3803957910525148e-09
Disease	disease_2216	2.3802672316687115e-09
Disease	disease_19256	2.3800859825857443e-09
Disease	disease_4795	2.379968900515046e-09
Disease	disease_6824	2.3797617143386066e-09
Disease	disease_20764	2.3797617143386066e-09
Disease	disease_3575	2.3797617143386066e-09
Disease	disease_43237	2.3791292372566147e-09
Disease	disease_8013	2.378464662897873e-09
Disease	disease_13520	2.377946528330214e-09
Disease	disease_13485	2.3764683222840733e-09
Disease	disease_14562	2.3759322116539003e-09
Disease	disease_10149	2.3743561775231276e-09
Disease	disease_19284	2.3742490156546092e-09
Disease	disease_9657	2.3742277966246714e-09
Disease	disease_13817	2.3739131151294886e-09
Disease	disease_11891	2.3736231007857894e-09
Disease	disease_14377	2.3720678543708863e-09
Disease	disease_11764	2.372057888490277e-09
Disease	disease_13456	2.371989811911085e-09
Disease	disease_18095	2.3717418215761453e-09
Disease	disease_8722	2.371232583007481e-09
Disease	disease_20756	2.3709905429209396e-09
Disease	disease_14237	2.37091185842539e-09
Disease	disease_16923	2.3691135991410046e-09
Disease	disease_42433	2.368523439273207e-09
Disease	disease_20587	2.368145473805244e-09
Disease	disease_13579	2.3676997769368193e-09
Disease	disease_4267	2.3671532759376984e-09
Disease	disease_14236	2.3661803404595357e-09
Disease	disease_17838	2.3657415310103446e-09
Disease	disease_1376	2.364603221495512e-09
Disease	disease_1319	2.364603221495512e-09
Disease	disease_1373	2.364603221495512e-09
Disease	disease_21156	2.3645706458288413e-09
Disease	disease_14549	2.363541861969173e-09
Disease	disease_15941	2.360959835303565e-09
Disease	disease_9264	2.357414496894087e-09
Disease	disease_22792	2.357068358739959e-09
Disease	disease_13784	2.3564690363512737e-09
Disease	disease_12453	2.356438591871415e-09
Disease	disease_11603	2.3561910308517517e-09
Disease	disease_8499	2.3546836990318677e-09
Disease	disease_5522	2.3545742558245784e-09
Disease	disease_5114	2.35324563776645e-09
Disease	disease_10444	2.353146192874262e-09
Disease	disease_6559	2.3514912001110404e-09
Disease	disease_7143	2.3505895300171557e-09
Disease	disease_60556	2.3504522084029934e-09
Disease	disease_20483	2.3498931058271063e-09
Disease	disease_3199	2.3498908676770882e-09
Disease	disease_4803	2.349814354905076e-09
Disease	disease_4323	2.3487851304365526e-09
Disease	disease_3211	2.3483432232635886e-09
Disease	disease_19553	2.348097106673286e-09
Disease	disease_17043	2.347863032011785e-09
Disease	disease_13266	2.347185069742232e-09
Disease	disease_13534	2.3469491201316663e-09
Disease	disease_4663	2.3468871889852252e-09
Disease	disease_9643	2.346700903129689e-09
Disease	disease_21501	2.3458805416381626e-09
Disease	disease_9869	2.344984309255264e-09
Disease	disease_18002	2.344710957127012e-09
Disease	disease_17409	2.3444344178764766e-09
Disease	disease_3273	2.3443242150556542e-09
Disease	disease_14983	2.3440650534309858e-09
Disease	disease_7686	2.343913925078114e-09
Disease	disease_11882	2.3437814069579778e-09
Disease	disease_9180	2.3416112366672768e-09
Disease	disease_11304	2.341180671718369e-09
Disease	disease_12708	2.339894185906237e-09
Disease	disease_20653	2.338934724267358e-09
Disease	disease_13672	2.3384017977938397e-09
Disease	disease_14823	2.338398818539235e-09
Disease	disease_14783	2.33803734121017e-09
Disease	disease_2361	2.3376215134206333e-09
Disease	disease_8422	2.3357570228156796e-09
Disease	disease_10041	2.3348840587996302e-09
Disease	disease_7190	2.3340630574321345e-09
Disease	disease_19176	2.333972457734987e-09
Disease	disease_16719	2.3334723066007265e-09
Disease	disease_11007	2.33266251151589e-09
Disease	disease_4660	2.331257831333419e-09
Disease	disease_11200	2.3309277284406243e-09
Disease	disease_9130	2.330885747985135e-09
Disease	disease_44205	2.330838572609835e-09
Disease	disease_19339	2.3307058033150008e-09
Disease	disease_20272	2.33027846311325e-09
Disease	disease_42485	2.3301736786665574e-09
Disease	disease_10385	2.32978460074032e-09
Disease	disease_9094	2.3296785072534824e-09
Disease	disease_10226	2.329545979805774e-09
Disease	disease_17952	2.329434764758397e-09
Disease	disease_32808	2.3289759625030603e-09
Disease	disease_12213	2.3285832382872677e-09
Disease	disease_9671	2.327618260438873e-09
Disease	disease_9283	2.327407802564424e-09
Disease	disease_4723	2.326483316318078e-09
Disease	disease_2438	2.3263175425637095e-09
Disease	disease_2214	2.3253596251048135e-09
Disease	disease_14000	2.324760695297805e-09
Disease	disease_17261	2.32463932549756e-09
Disease	disease_6134	2.324586596009885e-09
Disease	disease_100101	2.3245256288937214e-09
Disease	disease_21195	2.324466406158003e-09
Disease	disease_9584	2.323864553032777e-09
Disease	disease_4432	2.3237409530941158e-09
Disease	disease_21323	2.323438067954157e-09
Disease	disease_13871	2.323306389614754e-09
Disease	disease_7549	2.322819701604659e-09
Disease	disease_9589	2.3197729398485614e-09
Disease	disease_43135	2.318660076898484e-09
Disease	disease_18161	2.3185178092589193e-09
Disease	disease_7724	2.318453192460006e-09
Disease	disease_27451	2.3175702843541918e-09
Disease	disease_7850	2.317514360123187e-09
Disease	disease_24415	2.316525500194586e-09
Disease	disease_12651	2.3156449571333562e-09
Disease	disease_5826	2.315580518977488e-09
Disease	disease_13536	2.3155168169463095e-09
Disease	disease_20092	2.315162719679529e-09
Disease	disease_9543	2.3144039331477814e-09
Disease	disease_18039	2.3141679533517737e-09
Disease	disease_19956	2.314078132323792e-09
Disease	disease_13658	2.3136852694536157e-09
Disease	disease_3790	2.3133708756593354e-09
Disease	disease_42979	2.3122431043382517e-09
Disease	disease_21669	2.3115789167079603e-09
Disease	disease_12947	2.311005036303949e-09
Disease	disease_21424	2.310925040804964e-09
Disease	disease_11474	2.3107609585119212e-09
Disease	disease_16825	2.3097145340086947e-09
Disease	disease_10993	2.309210395507225e-09
Disease	disease_6593	2.3091804921997036e-09
Disease	disease_6539	2.3091804921997036e-09
Disease	disease_6612	2.3091804921997036e-09
Disease	disease_6578	2.3091804921997036e-09
Disease	disease_6249	2.3090368549130806e-09
Disease	disease_20847	2.3084667384389422e-09
Disease	disease_8438	2.308442058924775e-09
Disease	disease_1165	2.308405378873308e-09
Disease	disease_6670	2.3061681667412786e-09
Disease	disease_7757	2.3051912985584976e-09
Disease	disease_21333	2.3043460670299558e-09
Disease	disease_16511	2.3037269007011552e-09
Disease	disease_8900	2.3037089047562775e-09
Disease	disease_494	2.3025545151493206e-09
Disease	disease_10852	2.3022512962721836e-09
Disease	disease_2493	2.3020966757976547e-09
Disease	disease_6336	2.302064591781161e-09
Disease	disease_12355	2.302046720783528e-09
Disease	disease_8665	2.3015367332101755e-09
Disease	disease_18747	2.3009166256098444e-09
Disease	disease_1192	2.30021860258244e-09
Disease	disease_16710	2.299885065699665e-09
Disease	disease_23224	2.2993934527463767e-09
Disease	disease_9677	2.2991591861513342e-09
Disease	disease_14397	2.2982084546517014e-09
Disease	disease_6097	2.2970731436400324e-09
Disease	disease_9570	2.2963333572861306e-09
Disease	disease_10999	2.2962101472946685e-09
Disease	disease_172	2.2949139702086724e-09
Disease	disease_16457	2.293974132984734e-09
Disease	disease_14960	2.293390403490704e-09
Disease	disease_43475	2.2929678399493944e-09
Disease	disease_10338	2.292390097410338e-09
Disease	disease_12602	2.2918756383592746e-09
Disease	disease_5910	2.2916155019130886e-09
Disease	disease_3725	2.2914230547128215e-09
Disease	disease_20015	2.2907781490526624e-09
Disease	disease_10660	2.2905055820881434e-09
Disease	disease_17629	2.289947299620335e-09
Disease	disease_13030	2.289003974552545e-09
Disease	disease_14199	2.2887195058196323e-09
Disease	disease_54836	2.2886969031322294e-09
Disease	disease_16316	2.2886926747710905e-09
Disease	disease_12784	2.2874195354905475e-09
Disease	disease_24653	2.2873483379455137e-09
Disease	disease_44989	2.2852577879323433e-09
Disease	disease_17757	2.2852041633671134e-09
Disease	disease_100291	2.2841795131386925e-09
Disease	disease_15225	2.2838445412807355e-09
Disease	disease_14534	2.283554528674222e-09
Disease	disease_20212	2.2825484105031974e-09
Disease	disease_14713	2.2819839157126498e-09
Disease	disease_17569	2.281340610676394e-09
Disease	disease_12731	2.2812449710792973e-09
Disease	disease_181	2.2812097372847928e-09
Disease	disease_12471	2.2808079099013146e-09
Disease	disease_9167	2.280491615389715e-09
Disease	disease_10452	2.2795851840934315e-09
Disease	disease_21932	2.2789136312018394e-09
Disease	disease_6728	2.278704379716887e-09
Disease	disease_16842	2.277593952369419e-09
Disease	disease_14212	2.2775020863363063e-09
Disease	disease_7421	2.277431686936341e-09
Disease	disease_15429	2.277220487192812e-09
Disease	disease_10900	2.2769736771272267e-09
Disease	disease_12168	2.276764618141681e-09
Disease	disease_8638	2.2766249006480744e-09
Disease	disease_15601	2.2764349466218528e-09
Disease	disease_24417	2.276001918016154e-09
Disease	disease_1200	2.2757258222705073e-09
Disease	disease_21638	2.2755987949678603e-09
Disease	disease_3718	2.2755130669001853e-09
Disease	disease_16127	2.2752056668835056e-09
Disease	disease_17672	2.27395045527074e-09
Disease	disease_6603	2.2734516495408796e-09
Disease	disease_19133	2.273234062264151e-09
Disease	disease_21018	2.272886865740076e-09
Disease	disease_16528	2.272882562527566e-09
Disease	disease_20760	2.2720921265475362e-09
Disease	disease_100186	2.2715654303256916e-09
Disease	disease_11400	2.2712402265268875e-09
Disease	disease_24330	2.270236446818399e-09
Disease	disease_8348	2.2695176378142435e-09
Disease	disease_12744	2.269190211256015e-09
Disease	disease_11048	2.2691497241015202e-09
Disease	disease_16214	2.268882734069412e-09
Disease	disease_14169	2.2681756718751203e-09
Disease	disease_16315	2.2681368038214377e-09
Disease	disease_18824	2.2675306813901784e-09
Disease	disease_1735	2.2666574907702895e-09
Disease	disease_6465	2.2664571151201295e-09
Disease	disease_6868	2.2648235114009935e-09
Disease	disease_6912	2.2648235114009935e-09
Disease	disease_18766	2.2648235114009935e-09
Disease	disease_1671	2.2648235114009935e-09
Disease	disease_34846	2.2648235114009935e-09
Disease	disease_1284	2.2648235114009935e-09
Disease	disease_4880	2.2648235114009935e-09
Disease	disease_16208	2.2648235114009935e-09
Disease	disease_17418	2.2648235114009935e-09
Disease	disease_9028	2.2645935588983915e-09
Disease	disease_16863	2.264420343284302e-09
Disease	disease_21165	2.263542075467444e-09
Disease	disease_8341	2.263216487760292e-09
Disease	disease_13261	2.262866787053819e-09
Disease	disease_18051	2.2625398617040675e-09
Disease	disease_6558	2.2621070310093018e-09
Disease	disease_14679	2.2617082040392924e-09
Disease	disease_14761	2.26127819161427e-09
Disease	disease_11785	2.259889635866705e-09
Disease	disease_5493	2.2595108206815515e-09
Disease	disease_33926	2.2594908402858654e-09
Disease	disease_18922	2.2592011593537627e-09
Disease	disease_24885	2.2590473652596447e-09
Disease	disease_12849	2.2582799247691977e-09
Disease	disease_8150	2.2581105253604724e-09
Disease	disease_16932	2.25793861320863e-09
Disease	disease_918	2.257419131951056e-09
Disease	disease_40654	2.257090818834279e-09
Disease	disease_9155	2.256400017631139e-09
Disease	disease_13512	2.2560423518627523e-09
Disease	disease_5561	2.2559558235939514e-09
Disease	disease_19878	2.2559374909482114e-09
Disease	disease_14775	2.25498324429162e-09
Disease	disease_13291	2.2548666396683e-09
Disease	disease_5784	2.25429465737349e-09
Disease	disease_14552	2.253434799266714e-09
Disease	disease_13007	2.2526969422636686e-09
Disease	disease_6167	2.252135131159677e-09
Disease	disease_21534	2.251012395838406e-09
Disease	disease_43079	2.250927169971688e-09
Disease	disease_12278	2.2501674503192366e-09
Disease	disease_24506	2.249767092326941e-09
Disease	disease_13657	2.2487562604826908e-09
Disease	disease_8465	2.2485172388262685e-09
Disease	disease_8791	2.2478156610338665e-09
Disease	disease_9378	2.246717949448691e-09
Disease	disease_44211	2.2446990183192497e-09
Disease	disease_16052	2.244110768607548e-09
Disease	disease_15555	2.243952176326528e-09
Disease	disease_15556	2.243952176326528e-09
Disease	disease_15554	2.243952176326528e-09
Disease	disease_19576	2.243952176326528e-09
Disease	disease_5615	2.242588681582033e-09
Disease	disease_644	2.242166941642734e-09
Disease	disease_20728	2.2408819760409324e-09
Disease	disease_15149	2.240150482795198e-09
Disease	disease_21233	2.240122098320355e-09
Disease	disease_14634	2.2388721144852635e-09
Disease	disease_20526	2.2387876231612742e-09
Disease	disease_18004	2.2387876231612742e-09
Disease	disease_15046	2.2387498761186926e-09
Disease	disease_54559	2.237544278436394e-09
Disease	disease_7570	2.2355232825187673e-09
Disease	disease_54852	2.2348896343183147e-09
Disease	disease_5701	2.2348008815756363e-09
Disease	disease_16010	2.234745524849052e-09
Disease	disease_7753	2.2342334483741032e-09
Disease	disease_2727	2.233329277329208e-09
Disease	disease_100056	2.2330349568905403e-09
Disease	disease_13234	2.23273605987377e-09
Disease	disease_17949	2.2326765835042343e-09
Disease	disease_11724	2.232462113938885e-09
Disease	disease_6821	2.232408877278388e-09
Disease	disease_3578	2.2308910509730947e-09
Disease	disease_100249	2.230615422049669e-09
Disease	disease_44347	2.23059919826662e-09
Disease	disease_3960	2.229543841639212e-09
Disease	disease_13788	2.2292493406672344e-09
Disease	disease_5632	2.2291221732227418e-09
Disease	disease_19042	2.2285522086754086e-09
Disease	disease_12892	2.2282080790283066e-09
Disease	disease_8621	2.228061032767864e-09
Disease	disease_14018	2.2280065671190783e-09
Disease	disease_13265	2.227471423868679e-09
Disease	disease_15371	2.2265805003441916e-09
Disease	disease_14290	2.226143610263768e-09
Disease	disease_42458	2.225815629084385e-09
Disease	disease_9706	2.225545808965311e-09
Disease	disease_8087	2.225238537192852e-09
Disease	disease_1752	2.225098197439897e-09
Disease	disease_1277	2.223213518140873e-09
Disease	disease_7114	2.2231808069140247e-09
Disease	disease_24475	2.2231537719058016e-09
Disease	disease_4231	2.2228542075717894e-09
Disease	disease_17790	2.2220697324342567e-09
Disease	disease_10587	2.22201575329787e-09
Disease	disease_20461	2.2217319700327694e-09
Disease	disease_33809	2.2217319700327694e-09
Disease	disease_10941	2.2214836356390932e-09
Disease	disease_10201	2.22103376673641e-09
Disease	disease_22173	2.2207687868112665e-09
Disease	disease_43085	2.2207687868112665e-09
Disease	disease_22178	2.2207687868112665e-09
Disease	disease_23099	2.2207687868112665e-09
Disease	disease_22758	2.2207687868112665e-09
Disease	disease_22746	2.2207687868112665e-09
Disease	disease_43678	2.2207687868112665e-09
Disease	disease_22757	2.2207687868112665e-09
Disease	disease_22755	2.2207687868112665e-09
Disease	disease_22760	2.2207687868112665e-09
Disease	disease_22759	2.2207687868112665e-09
Disease	disease_22174	2.2207687868112665e-09
Disease	disease_22180	2.2207687868112665e-09
Disease	disease_22177	2.2207687868112665e-09
Disease	disease_22756	2.2207687868112665e-09
Disease	disease_15518	2.2197487985575855e-09
Disease	disease_21155	2.218132239800355e-09
Disease	disease_9259	2.2168971494348396e-09
Disease	disease_17756	2.2162101989701847e-09
Disease	disease_18330	2.215594501990694e-09
Disease	disease_4785	2.215520271671504e-09
Disease	disease_12231	2.2147902853842476e-09
Disease	disease_14935	2.2145807238568168e-09
Disease	disease_32773	2.214041282428662e-09
Disease	disease_393	2.2138476702171526e-09
Disease	disease_8017	2.2101452757360758e-09
Disease	disease_8636	2.209548678446439e-09
Disease	disease_11840	2.209471085673551e-09
Disease	disease_13262	2.208644645100388e-09
Disease	disease_19455	2.2082398373680576e-09
Disease	disease_9793	2.207921427954876e-09
Disease	disease_21941	2.2077782836178706e-09
Disease	disease_24455	2.207717541141687e-09
Disease	disease_16088	2.206564384640482e-09
Disease	disease_5807	2.206378999737741e-09
Disease	disease_11093	2.2059358233547645e-09
Disease	disease_7670	2.205817422969003e-09
Disease	disease_14406	2.205724505384929e-09
Disease	disease_12667	2.205691357970086e-09
Disease	disease_1783	2.2055266762660927e-09
Disease	disease_8266	2.2053003810297425e-09
Disease	disease_13474	2.204913744243435e-09
Disease	disease_21856	2.2043780653747353e-09
Disease	disease_13371	2.2040613660719836e-09
Disease	disease_20635	2.2030262565828853e-09
Disease	disease_13392	2.2029075720544308e-09
Disease	disease_12176	2.201862034658971e-09
Disease	disease_3036	2.2011712630154265e-09
Disease	disease_5993	2.200924875998864e-09
Disease	disease_17689	2.1997905424930986e-09
Disease	disease_14647	2.198696548297403e-09
Disease	disease_6041	2.197895709644316e-09
Disease	disease_13165	2.1978684149865546e-09
Disease	disease_13501	2.197671336586831e-09
Disease	disease_8700	2.197584447479302e-09
Disease	disease_11466	2.1973513517919988e-09
Disease	disease_14883	2.197195873316797e-09
Disease	disease_812	2.195439849517593e-09
Disease	disease_13836	2.1954160207806636e-09
Disease	disease_9552	2.1953979820284923e-09
Disease	disease_16379	2.194320926202014e-09
Disease	disease_9437	2.194247199855735e-09
Disease	disease_24651	2.194109568627634e-09
Disease	disease_15929	2.1934268905547234e-09
Disease	disease_10013	2.193378935821332e-09
Disease	disease_17934	2.193370719744899e-09
Disease	disease_6861	2.193287921372247e-09
Disease	disease_12193	2.1931424596063534e-09
Disease	disease_17772	2.1925794064280037e-09
Disease	disease_10125	2.192043635480096e-09
Disease	disease_3285	2.19158424356515e-09
Disease	disease_15473	2.1914276326139935e-09
Disease	disease_10963	2.1913375716378153e-09
Disease	disease_20436	2.191245132692141e-09
Disease	disease_11475	2.1912204463356974e-09
Disease	disease_2122	2.1910535516675726e-09
Disease	disease_13415	2.191025407876409e-09
Disease	disease_33374	2.1896317091745424e-09
Disease	disease_21208	2.1894018460933547e-09
Disease	disease_30004	2.189358555667418e-09
Disease	disease_7938	2.189089473389208e-09
Disease	disease_7110	2.1878044623208457e-09
Disease	disease_9138	2.186809530788927e-09
Disease	disease_5614	2.1853330483722455e-09
Disease	disease_42493	2.1852752698044764e-09
Disease	disease_10989	2.1844594887378925e-09
Disease	disease_15826	2.18439513847555e-09
Disease	disease_15781	2.1841207933256438e-09
Disease	disease_16034	2.1840537014299327e-09
Disease	disease_13479	2.1836021570223437e-09
Disease	disease_1979	2.1832577050136383e-09
Disease	disease_15967	2.1831821122829606e-09
Disease	disease_22481	2.1831821122829606e-09
Disease	disease_22468	2.1831821122829606e-09
Disease	disease_22795	2.1831821122829606e-09
Disease	disease_22949	2.1831821122829606e-09
Disease	disease_22333	2.1831821122829606e-09
Disease	disease_11902	2.1822948625176277e-09
Disease	disease_16827	2.1820212240384127e-09
Disease	disease_13139	2.181903213229249e-09
Disease	disease_11702	2.1815722308121575e-09
Disease	disease_32726	2.1811985482419147e-09
Disease	disease_10001	2.1810555384141975e-09
Disease	disease_12737	2.181055193591179e-09
Disease	disease_18042	2.180551259893595e-09
Disease	disease_16750	2.18031378620269e-09
Disease	disease_18193	2.1801617162931322e-09
Disease	disease_10337	2.179618671934379e-09
Disease	disease_16065	2.179132604944184e-09
Disease	disease_10250	2.177629421349174e-09
Disease	disease_3574	2.1765086263077696e-09
Disease	disease_2585	2.176027735296724e-09
Disease	disease_13201	2.175994674581018e-09
Disease	disease_10835	2.175568202320894e-09
Disease	disease_16281	2.17550538128322e-09
Disease	disease_18443	2.17536473369913e-09
Disease	disease_3263	2.1744057186468373e-09
Disease	disease_20749	2.1741093916621864e-09
Disease	disease_15259	2.173211966529515e-09
Disease	disease_27676	2.1730164563929263e-09
Disease	disease_10497	2.1727551094257495e-09
Disease	disease_4965	2.172369011312838e-09
Disease	disease_10441	2.1721426004847207e-09
Disease	disease_11370	2.1714797498958616e-09
Disease	disease_5953	2.170952376409866e-09
Disease	disease_17682	2.170811868257646e-09
Disease	disease_14274	2.170447207076984e-09
Disease	disease_4319	2.1695658291702984e-09
Disease	disease_4318	2.1695658291702984e-09
Disease	disease_13801	2.169357162113388e-09
Disease	disease_14572	2.1676874397801153e-09
Disease	disease_13417	2.1670310389141867e-09
Disease	disease_2849	2.1670252818527474e-09
Disease	disease_4264	2.1660590474485858e-09
Disease	disease_44335	2.1651608121086183e-09
Disease	disease_17195	2.165138104300432e-09
Disease	disease_4984	2.1643964170530515e-09
Disease	disease_12064	2.1642114851369106e-09
Disease	disease_100253	2.161403954749753e-09
Disease	disease_18414	2.1613096984026722e-09
Disease	disease_43458	2.1611858629604987e-09
Disease	disease_14972	2.160580355301473e-09
Disease	disease_597	2.160476861438783e-09
Disease	disease_12407	2.1600225252730723e-09
Disease	disease_10039	2.1594896248479694e-09
Disease	disease_21845	2.1591440092996708e-09
Disease	disease_4591	2.159029389864128e-09
Disease	disease_16777	2.158972303985033e-09
Disease	disease_13848	2.158363199995792e-09
Disease	disease_7325	2.1577727235444088e-09
Disease	disease_9858	2.1576507315119894e-09
Disease	disease_7093	2.1569957224957365e-09
Disease	disease_3866	2.156907619325007e-09
Disease	disease_10962	2.156874670557826e-09
Disease	disease_3237	2.1564728172536684e-09
Disease	disease_11281	2.156420521946097e-09
Disease	disease_19791	2.1548479512563492e-09
Disease	disease_18066	2.153885237676557e-09
Disease	disease_14947	2.153205156395073e-09
Disease	disease_11377	2.1527490774047623e-09
Disease	disease_2534	2.152499204883089e-09
Disease	disease_15863	2.1517119700957793e-09
Disease	disease_11558	2.1501850971238732e-09
Disease	disease_18113	2.149625841108337e-09
Disease	disease_14058	2.149534061752584e-09
Disease	disease_13783	2.1492196052606863e-09
Disease	disease_10869	2.148107352231988e-09
Disease	disease_7476	2.1478344359065594e-09
Disease	disease_5943	2.14746947841114e-09
Disease	disease_9306	2.1473480003631234e-09
Disease	disease_11756	2.1466108760765774e-09
Disease	disease_13625	2.146502305935074e-09
Disease	disease_14410	2.1460920111796175e-09
Disease	disease_3461	2.1444341223699055e-09
Disease	disease_12910	2.1438604564282714e-09
Disease	disease_13068	2.1438604564282714e-09
Disease	disease_3198	2.143548801886023e-09
Disease	disease_2142	2.1434055049637785e-09
Disease	disease_19672	2.143315887885699e-09
Disease	disease_100034	2.143040920696373e-09
Disease	disease_8445	2.1426767741559628e-09
Disease	disease_37747	2.142530174275748e-09
Disease	disease_12324	2.1420575824968065e-09
Disease	disease_19406	2.1411212355662994e-09
Disease	disease_22912	2.1408955140885515e-09
Disease	disease_18167	2.1408955140885515e-09
Disease	disease_12706	2.139834953724057e-09
Disease	disease_4082	2.139586757235772e-09
Disease	disease_21487	2.1390631016234292e-09
Disease	disease_13805	2.1388136931366946e-09
Disease	disease_21392	2.1387592128735714e-09
Disease	disease_6288	2.1386589433451916e-09
Disease	disease_14021	2.1375988843683083e-09
Disease	disease_18899	2.137491578897087e-09
Disease	disease_1992	2.1360423632675753e-09
Disease	disease_9709	2.1348300219551206e-09
Disease	disease_19399	2.1336351619756618e-09
Disease	disease_1993	2.1329925209673507e-09
Disease	disease_100054	2.1325483061274466e-09
Disease	disease_21573	2.1316319141541288e-09
Disease	disease_33654	2.131526814182435e-09
Disease	disease_8846	2.1312514593678706e-09
Disease	disease_1339	2.1311788413398455e-09
Disease	disease_18950	2.130655859571014e-09
Disease	disease_5170	2.1298912256910965e-09
Disease	disease_5966	2.1280775574932687e-09
Disease	disease_15610	2.1280202733054377e-09
Disease	disease_33537	2.1278418883962704e-09
Disease	disease_49221	2.1263236998537157e-09
Disease	disease_17377	2.1260095464307657e-09
Disease	disease_18590	2.1253955561001447e-09
Disease	disease_32657	2.1252890842297577e-09
Disease	disease_44717	2.125141856786158e-09
Disease	disease_9613	2.124948767028003e-09
Disease	disease_3595	2.1247937314221132e-09
Disease	disease_20480	2.124717961292095e-09
Disease	disease_10437	2.1247097921528652e-09
Disease	disease_14423	2.124335633820303e-09
Disease	disease_16071	2.1241207680550624e-09
Disease	disease_12034	2.1235489305002674e-09
Disease	disease_17868	2.1232260745920125e-09
Disease	disease_8673	2.1228285230530403e-09
Disease	disease_19786	2.1227204691314894e-09
Disease	disease_13372	2.122357107881054e-09
Disease	disease_3458	2.1223442623926467e-09
Disease	disease_5102	2.122153823741399e-09
Disease	disease_4435	2.122153823741399e-09
Disease	disease_2785	2.121965565094209e-09
Disease	disease_9999	2.1210633846018492e-09
Disease	disease_11995	2.1209246490085645e-09
Disease	disease_19365	2.1206263880900398e-09
Disease	disease_17486	2.117728348115296e-09
Disease	disease_17487	2.117728348115296e-09
Disease	disease_10232	2.117292204111884e-09
Disease	disease_15234	2.1172315051555618e-09
Disease	disease_16017	2.116995855276169e-09
Disease	disease_18446	2.115903178725714e-09
Disease	disease_13840	2.1157772875974887e-09
Disease	disease_13475	2.115036478189179e-09
Disease	disease_2036	2.11459256608537e-09
Disease	disease_11930	2.1137814871957696e-09
Disease	disease_7554	2.1135670121205957e-09
Disease	disease_20522	2.112354050801342e-09
Disease	disease_20521	2.112354050801342e-09
Disease	disease_15463	2.1120455146062115e-09
Disease	disease_82	2.1110977740773123e-09
Disease	disease_2766	2.1106849521217587e-09
Disease	disease_17002	2.1105310640862295e-09
Disease	disease_42491	2.10876104270475e-09
Disease	disease_9337	2.10854203804614e-09
Disease	disease_12387	2.1078982698444756e-09
Disease	disease_22057	2.107490960986351e-09
Disease	disease_879	2.107271505857548e-09
Disease	disease_15736	2.10713652652122e-09
Disease	disease_17869	2.106325715994462e-09
Disease	disease_16589	2.106062993421358e-09
Disease	disease_13172	2.1046050818174455e-09
Disease	disease_16968	2.104589495177617e-09
Disease	disease_21666	2.1043363132770275e-09
Disease	disease_44098	2.1040995165723543e-09
Disease	disease_32598	2.103928723559153e-09
Disease	disease_491	2.103891976894649e-09
Disease	disease_7492	2.1031414441256022e-09
Disease	disease_18655	2.1030261256654258e-09
Disease	disease_3332	2.102780896201545e-09
Disease	disease_43468	2.1026614695437197e-09
Disease	disease_13218	2.1024599122965524e-09
Disease	disease_13589	2.1011622117855044e-09
Disease	disease_466	2.1009341079905074e-09
Disease	disease_13317	2.1009341079905074e-09
Disease	disease_15257	2.1009341079905074e-09
Disease	disease_24659	2.1007897188150726e-09
Disease	disease_18282	2.1005765955505388e-09
Disease	disease_10343	2.1005322026139353e-09
Disease	disease_21809	2.100214712522273e-09
Disease	disease_19603	2.0996370637806275e-09
Disease	disease_9446	2.099590782295903e-09
Disease	disease_7842	2.099489976777511e-09
Disease	disease_30919	2.0994314558657546e-09
Disease	disease_19239	2.0987759875351575e-09
Disease	disease_12188	2.098121360765391e-09
Disease	disease_517	2.096125215445549e-09
Disease	disease_1778	2.0959135954505864e-09
Disease	disease_10988	2.0957473169276274e-09
Disease	disease_5057	2.0949669605553124e-09
Disease	disease_1221	2.094750838400093e-09
Disease	disease_21964	2.093893459159145e-09
Disease	disease_3216	2.092449554122171e-09
Disease	disease_12738	2.0919740475355008e-09
Disease	disease_13798	2.0911186061652092e-09
Disease	disease_23628	2.0899682318725927e-09
Disease	disease_20710	2.089916039785396e-09
Disease	disease_13980	2.0897808162097097e-09
Disease	disease_12742	2.0885336962111827e-09
Disease	disease_11207	2.0883999815695436e-09
Disease	disease_6105	2.0882485018782857e-09
Disease	disease_13645	2.087770732301082e-09
Disease	disease_17668	2.0869665792801307e-09
Disease	disease_6540	2.086527212237515e-09
Disease	disease_15683	2.0863727786468145e-09
Disease	disease_14629	2.0862847500830744e-09
Disease	disease_21571	2.084631982040977e-09
Disease	disease_13110	2.0832623801083995e-09
Disease	disease_16879	2.0830584686810994e-09
Disease	disease_5707	2.0825098081504794e-09
Disease	disease_19857	2.082259847189644e-09
Disease	disease_3821	2.082258100127142e-09
Disease	disease_3507	2.081942917622281e-09
Disease	disease_11107	2.081530485531942e-09
Disease	disease_1017	2.0804034026938446e-09
Disease	disease_1074	2.079329048606189e-09
Disease	disease_21176	2.078853841723486e-09
Disease	disease_21177	2.078853841723486e-09
Disease	disease_8715	2.0787671082266207e-09
Disease	disease_20667	2.0786911316766933e-09
Disease	disease_17658	2.078447804994443e-09
Disease	disease_16726	2.076559446294117e-09
Disease	disease_6430	2.076168585301145e-09
Disease	disease_2637	2.0751321239914355e-09
Disease	disease_11730	2.074778658248604e-09
Disease	disease_10588	2.074232947062677e-09
Disease	disease_17256	2.07327654295332e-09
Disease	disease_9933	2.0730756424673466e-09
Disease	disease_11830	2.0728495658941015e-09
Disease	disease_9850	2.07262473148318e-09
Disease	disease_5651	2.0724108703595918e-09
Disease	disease_9642	2.070720637098397e-09
Disease	disease_10110	2.0705164644118165e-09
Disease	disease_17207	2.070124705560039e-09
Disease	disease_17829	2.070090422688637e-09
Disease	disease_19282	2.069804674182028e-09
Disease	disease_32591	2.068620359432961e-09
Disease	disease_13370	2.0682609484468174e-09
Disease	disease_16560	2.068103806053545e-09
Disease	disease_2671	2.067932720896682e-09
Disease	disease_5613	2.0678701412882875e-09
Disease	disease_14486	2.067566864018343e-09
Disease	disease_16299	2.067227396504275e-09
Disease	disease_13299	2.066207429729325e-09
Disease	disease_15235	2.0657727553515513e-09
Disease	disease_17770	2.0657727553515513e-09
Disease	disease_10633	2.064796580135119e-09
Disease	disease_13818	2.0645344524082303e-09
Disease	disease_21201	2.064468454885193e-09
Disease	disease_13727	2.064126356845874e-09
Disease	disease_1499	2.0634029925104014e-09
Disease	disease_17954	2.062662117972634e-09
Disease	disease_14975	2.062316719091993e-09
Disease	disease_33368	2.0616774992785805e-09
Disease	disease_9998	2.0615252263085833e-09
Disease	disease_16450	2.0610627557665142e-09
Disease	disease_8172	2.0609345911938154e-09
Disease	disease_20118	2.0601665342937142e-09
Disease	disease_21444	2.0599825497123866e-09
Disease	disease_10954	2.0592248161928092e-09
Disease	disease_12981	2.058257771154208e-09
Disease	disease_19899	2.0582398514085116e-09
Disease	disease_2230	2.057706718152625e-09
Disease	disease_3191	2.057573921369134e-09
Disease	disease_9153	2.057003160432329e-09
Disease	disease_863	2.0561810430852306e-09
Disease	disease_16104	2.055613095862456e-09
Disease	disease_11582	2.055563416806155e-09
Disease	disease_16967	2.0553973192908368e-09
Disease	disease_14233	2.0552983314400895e-09
Disease	disease_8945	2.0548369213029404e-09
Disease	disease_32756	2.054815549978388e-09
Disease	disease_42973	2.0544257260561643e-09
Disease	disease_25445	2.053385551856287e-09
Disease	disease_20276	2.0533825609500405e-09
Disease	disease_6849	2.053247009202409e-09
Disease	disease_20291	2.0524863646571387e-09
Disease	disease_9020	2.05179640546797e-09
Disease	disease_12960	2.0514392123358953e-09
Disease	disease_939	2.0508028879410513e-09
Disease	disease_12426	2.0506620742873817e-09
Disease	disease_14859	2.050326777368712e-09
Disease	disease_8521	2.049836965790561e-09
Disease	disease_54669	2.0497623727547387e-09
Disease	disease_15682	2.049561602960169e-09
Disease	disease_12360	2.0495007498076084e-09
Disease	disease_32597	2.0482923162258914e-09
Disease	disease_4134	2.047648380653476e-09
Disease	disease_17530	2.0471521282747536e-09
Disease	disease_17529	2.0471521282747536e-09
Disease	disease_9605	2.0471250852687142e-09
Disease	disease_12350	2.046295033025247e-09
Disease	disease_9152	2.045116922247319e-09
Disease	disease_15492	2.0441261202992853e-09
Disease	disease_19712	2.0440858771345926e-09
Disease	disease_5762	2.0432810415269436e-09
Disease	disease_11217	2.042465380943003e-09
Disease	disease_1858	2.041600663027776e-09
Disease	disease_8277	2.040525723314044e-09
Disease	disease_9579	2.03966388644219e-09
Disease	disease_5426	2.039607831401754e-09
Disease	disease_3437	2.0388758214144663e-09
Disease	disease_20563	2.0384783704943675e-09
Disease	disease_15404	2.037018564195888e-09
Disease	disease_17228	2.036135280459328e-09
Disease	disease_12750	2.0360943742912658e-09
Disease	disease_43789	2.035764467299233e-09
Disease	disease_7848	2.0349686755594885e-09
Disease	disease_4031	2.034803991424831e-09
Disease	disease_10164	2.0345599985788897e-09
Disease	disease_13143	2.0344723737903007e-09
Disease	disease_26771	2.034173463619661e-09
Disease	disease_14483	2.0339378492163116e-09
Disease	disease_4194	2.033226680763365e-09
Disease	disease_2775	2.033226680763365e-09
Disease	disease_25956	2.033226680763365e-09
Disease	disease_21023	2.032634600412919e-09
Disease	disease_22018	2.0324501657168977e-09
Disease	disease_12656	2.0316903530330254e-09
Disease	disease_20369	2.03098546676295e-09
Disease	disease_15947	2.0301971396322685e-09
Disease	disease_100110	2.0299005382771765e-09
Disease	disease_913	2.029548519097435e-09
Disease	disease_18601	2.029382087952197e-09
Disease	disease_20145	2.0293664083553014e-09
Disease	disease_18591	2.0285328941835475e-09
Disease	disease_14310	2.0271570532225205e-09
Disease	disease_14568	2.026774291397532e-09
Disease	disease_11131	2.026411594754257e-09
Disease	disease_21019	2.026341030770198e-09
Disease	disease_12753	2.0261054724092574e-09
Disease	disease_16619	2.025795477937241e-09
Disease	disease_7538	2.025089243998365e-09
Disease	disease_12854	2.024617885182831e-09
Disease	disease_5424	2.0227785278740025e-09
Disease	disease_15	2.022491200053524e-09
Disease	disease_13441	2.022365465787667e-09
Disease	disease_10476	2.0222635830198646e-09
Disease	disease_16828	2.0214195595400156e-09
Disease	disease_16861	2.0207239390518217e-09
Disease	disease_11766	2.020275258473183e-09
Disease	disease_12870	2.0195192795686003e-09
Disease	disease_13309	2.0195192795686003e-09
Disease	disease_2047	2.0195037715755176e-09
Disease	disease_17158	2.019195027845985e-09
Disease	disease_17157	2.019195027845985e-09
Disease	disease_19348	2.0177088524271966e-09
Disease	disease_3260	2.0173469611804128e-09
Disease	disease_10215	2.017130389521127e-09
Disease	disease_10220	2.0163705563259716e-09
Disease	disease_10449	2.016105756557852e-09
Disease	disease_16472	2.015105367582686e-09
Disease	disease_15986	2.0144779583119252e-09
Disease	disease_43895	2.0132762269933774e-09
Disease	disease_54845	2.0125246156199276e-09
Disease	disease_43459	2.0118590751099892e-09
Disease	disease_14134	2.011135793830919e-09
Disease	disease_1701	2.010894866968151e-09
Disease	disease_16409	2.0106785934707825e-09
Disease	disease_14532	2.008600864586003e-09
Disease	disease_10567	2.007951376479909e-09
Disease	disease_12594	2.007857457577163e-09
Disease	disease_12250	2.0077180766389475e-09
Disease	disease_19223	2.0076849500073646e-09
Disease	disease_11832	2.006482513020624e-09
Disease	disease_15737	2.005062796182475e-09
Disease	disease_12448	2.0050351621545e-09
Disease	disease_15584	2.0047657891213927e-09
Disease	disease_14078	2.0045527184084683e-09
Disease	disease_9405	2.002269524850202e-09
Disease	disease_17400	2.000687611160205e-09
Disease	disease_2247	2.0005992403155734e-09
Disease	disease_9001	2.0001249531783776e-09
Disease	disease_642	2.0000922160043763e-09
Disease	disease_15403	1.9990813535139275e-09
Disease	disease_10210	1.9989046276737935e-09
Disease	disease_15553	1.998883037748932e-09
Disease	disease_34110	1.9983847329792217e-09
Disease	disease_4838	1.9983847329792217e-09
Disease	disease_6820	1.9983847329792217e-09
Disease	disease_6944	1.9983847329792217e-09
Disease	disease_21750	1.9983847329792217e-09
Disease	disease_56796	1.9983847329792217e-09
Disease	disease_43112	1.9983847329792217e-09
Disease	disease_4841	1.9983847329792217e-09
Disease	disease_2674	1.9983847329792217e-09
Disease	disease_23551	1.9983847329792217e-09
Disease	disease_8962	1.9975523035346746e-09
Disease	disease_8520	1.997116274252019e-09
Disease	disease_14917	1.994490309710194e-09
Disease	disease_17020	1.9938166534977636e-09
Disease	disease_12705	1.9932754799993566e-09
Disease	disease_9820	1.992481999272566e-09
Disease	disease_19009	1.992435909292312e-09
Disease	disease_100134	1.992148929901326e-09
Disease	disease_2721	1.9913087886373308e-09
Disease	disease_13802	1.991120352126713e-09
Disease	disease_5777	1.9910482717364784e-09
Disease	disease_3204	1.990935418599051e-09
Disease	disease_43233	1.9900496974682595e-09
Disease	disease_9945	1.989727249410926e-09
Disease	disease_19238	1.9893877536267573e-09
Disease	disease_14214	1.9886427168782865e-09
Disease	disease_14506	1.9878717779544636e-09
Disease	disease_19128	1.987034288859043e-09
Disease	disease_16709	1.98608065406882e-09
Disease	disease_2799	1.98608065406882e-09
Disease	disease_2791	1.98608065406882e-09
Disease	disease_2792	1.98608065406882e-09
Disease	disease_16712	1.98608065406882e-09
Disease	disease_15757	1.9859227528931607e-09
Disease	disease_20716	1.985312523591571e-09
Disease	disease_16573	1.9850468957004944e-09
Disease	disease_9454	1.984060212814858e-09
Disease	disease_19429	1.9828627017637434e-09
Disease	disease_4726	1.9826767524302453e-09
Disease	disease_13132	1.9817266167819826e-09
Disease	disease_32564	1.9803786905379175e-09
Disease	disease_11916	1.9799880870059857e-09
Disease	disease_15804	1.9775531171510174e-09
Disease	disease_4339	1.9774917514391273e-09
Disease	disease_6740	1.9773828304507754e-09
Disease	disease_9622	1.976037181498619e-09
Disease	disease_44348	1.9757967057450203e-09
Disease	disease_6313	1.9753717977509316e-09
Disease	disease_12406	1.9751670988558837e-09
Disease	disease_12986	1.974919202217524e-09
Disease	disease_60724	1.9745244410125256e-09
Disease	disease_8226	1.9744494453917687e-09
Disease	disease_14942	1.9740669478017504e-09
Disease	disease_13220	1.972370722249771e-09
Disease	disease_15180	1.9721704863372345e-09
Disease	disease_6361	1.971892496191818e-09
Disease	disease_19427	1.970645236963272e-09
Disease	disease_16721	1.9705173220087304e-09
Disease	disease_12743	1.9697195834674004e-09
Disease	disease_24552	1.9695338675242823e-09
Disease	disease_14468	1.968591876679924e-09
Disease	disease_4328	1.9684602704686113e-09
Disease	disease_100308	1.9677510277550705e-09
Disease	disease_12307	1.9675452263021453e-09
Disease	disease_2666	1.967227530787412e-09
Disease	disease_17196	1.96707344949567e-09
Disease	disease_9892	1.9668434483825017e-09
Disease	disease_12543	1.9668328630380787e-09
Disease	disease_19938	1.9660375170834063e-09
Disease	disease_7083	1.9659763776160157e-09
Disease	disease_18223	1.9654651282330457e-09
Disease	disease_7092	1.965073296653802e-09
Disease	disease_11139	1.9643995072229484e-09
Disease	disease_4579	1.9642165614789237e-09
Disease	disease_19521	1.9637381777198227e-09
Disease	disease_14593	1.9630173280490805e-09
Disease	disease_4291	1.962920031559485e-09
Disease	disease_10463	1.9620771221521233e-09
Disease	disease_15347	1.9618180389789656e-09
Disease	disease_24622	1.9615960588618757e-09
Disease	disease_11896	1.9613155731765997e-09
Disease	disease_4661	1.9612002160418216e-09
Disease	disease_32750	1.9607788619285656e-09
Disease	disease_33007	1.960389852794576e-09
Disease	disease_14604	1.9602754128466683e-09
Disease	disease_16140	1.9600223811916305e-09
Disease	disease_11787	1.959773498842591e-09
Disease	disease_9959	1.9594076985784513e-09
Disease	disease_1046	1.958988866496545e-09
Disease	disease_2519	1.9589495159864374e-09
Disease	disease_16797	1.958464920967329e-09
Disease	disease_2614	1.957881673051371e-09
Disease	disease_7987	1.95750854396163e-09
Disease	disease_14611	1.957308596957009e-09
Disease	disease_12734	1.957063957420291e-09
Disease	disease_18098	1.956588439924655e-09
Disease	disease_18472	1.95578742118576e-09
Disease	disease_13034	1.955698577240497e-09
Disease	disease_32751	1.9552015491702408e-09
Disease	disease_4293	1.9550683322668526e-09
Disease	disease_4080	1.9544705116667675e-09
Disease	disease_11066	1.954293550801277e-09
Disease	disease_4410	1.9536790418096537e-09
Disease	disease_6014	1.9531652047704787e-09
Disease	disease_54861	1.9531137121605328e-09
Disease	disease_11831	1.9529293470205136e-09
Disease	disease_17775	1.9510914150117703e-09
Disease	disease_12225	1.95048195100719e-09
Disease	disease_931	1.9499792603210535e-09
Disease	disease_20866	1.9498946746698925e-09
Disease	disease_2418	1.9495157459778152e-09
Disease	disease_10921	1.948813862999743e-09
Disease	disease_9515	1.9487873064669007e-09
Disease	disease_9340	1.9483002179517516e-09
Disease	disease_18623	1.9475190513790677e-09
Disease	disease_1712	1.9462816130207734e-09
Disease	disease_2195	1.946152234256262e-09
Disease	disease_919	1.945891435529996e-09
Disease	disease_3581	1.945651785366357e-09
Disease	disease_7158	1.945647465358671e-09
Disease	disease_18383	1.9456186706311068e-09
Disease	disease_10313	1.9445530080453696e-09
Disease	disease_25457	1.943429732439541e-09
Disease	disease_12662	1.942811950851168e-09
Disease	disease_14503	1.942675876564792e-09
Disease	disease_1501	1.9424341994052993e-09
Disease	disease_7163	1.942430100982703e-09
Disease	disease_43771	1.9424005411515998e-09
Disease	disease_9675	1.942284884673692e-09
Disease	disease_8005	1.941499995345526e-09
Disease	disease_4960	1.9414069741104765e-09
Disease	disease_14613	1.9410072462258694e-09
Disease	disease_12946	1.940570756048632e-09
Disease	disease_8547	1.939186510275366e-09
Disease	disease_18491	1.93887488938559e-09
Disease	disease_8887	1.938394646032167e-09
Disease	disease_41806	1.938320865530731e-09
Disease	disease_1725	1.936452682529698e-09
Disease	disease_6851	1.93559260850855e-09
Disease	disease_14590	1.935038743511001e-09
Disease	disease_13427	1.93494751005853e-09
Disease	disease_7188	1.9346880183868244e-09
Disease	disease_9885	1.9337719916645087e-09
Disease	disease_14682	1.9337296012169485e-09
Disease	disease_14360	1.9331957764052022e-09
Disease	disease_24649	1.9322652946870716e-09
Disease	disease_6435	1.9317249910882534e-09
Disease	disease_153	1.9308676131050345e-09
Disease	disease_4087	1.9297840464683643e-09
Disease	disease_2681	1.929446731640017e-09
Disease	disease_13166	1.9291800493199183e-09
Disease	disease_14041	1.927213791710297e-09
Disease	disease_12533	1.927213791710297e-09
Disease	disease_12601	1.927213791710297e-09
Disease	disease_12578	1.927213791710297e-09
Disease	disease_12567	1.927213791710297e-09
Disease	disease_12566	1.927213791710297e-09
Disease	disease_12261	1.927213791710297e-09
Disease	disease_12600	1.927213791710297e-09
Disease	disease_7733	1.9270341512864753e-09
Disease	disease_20673	1.925148779662109e-09
Disease	disease_12659	1.923507755591683e-09
Disease	disease_6786	1.9234912426266675e-09
Disease	disease_10646	1.9230747624209105e-09
Disease	disease_100325	1.9223056384385024e-09
Disease	disease_6217	1.9222655453475086e-09
Disease	disease_11732	1.921586315277963e-09
Disease	disease_14617	1.920608255060874e-09
Disease	disease_17301	1.9200419612941923e-09
Disease	disease_19031	1.9199135184718386e-09
Disease	disease_10075	1.918958379619316e-09
Disease	disease_11232	1.918898845916758e-09
Disease	disease_14625	1.9174331134180377e-09
Disease	disease_4186	1.917358488145291e-09
Disease	disease_16304	1.917164946345419e-09
Disease	disease_8992	1.9165912958195168e-09
Disease	disease_21459	1.9163306061334904e-09
Disease	disease_4234	1.9150770608608246e-09
Disease	disease_16811	1.912707909256618e-09
Disease	disease_12474	1.9115036586344365e-09
Disease	disease_12867	1.9111794801751677e-09
Disease	disease_6302	1.911092488233408e-09
Disease	disease_2822	1.911092488233408e-09
Disease	disease_6214	1.911092488233408e-09
Disease	disease_3219	1.911092488233408e-09
Disease	disease_6382	1.911092488233408e-09
Disease	disease_11261	1.9081002445274985e-09
Disease	disease_9967	1.9078450942349327e-09
Disease	disease_13368	1.9076890388425898e-09
Disease	disease_14745	1.9075126403473864e-09
Disease	disease_12699	1.907181335348246e-09
Disease	disease_14681	1.906722404103586e-09
Disease	disease_11782	1.905779660759656e-09
Disease	disease_5770	1.9047212916500406e-09
Disease	disease_18447	1.9044924693883036e-09
Disease	disease_24537	1.9042501227253037e-09
Disease	disease_8382	1.902535507616692e-09
Disease	disease_1188	1.9022783726661067e-09
Disease	disease_10056	1.9013293023721462e-09
Disease	disease_11755	1.901289724563326e-09
Disease	disease_8337	1.9006332620591366e-09
Disease	disease_100031	1.9006087718549453e-09
Disease	disease_4532	1.9004213927224356e-09
Disease	disease_7009	1.898454225308754e-09
Disease	disease_12033	1.8971239618853978e-09
Disease	disease_14392	1.8970326841187887e-09
Disease	disease_43168	1.896576137054119e-09
Disease	disease_23148	1.8962389253535624e-09
Disease	disease_5161	1.894497345749235e-09
Disease	disease_33635	1.894450333502581e-09
Disease	disease_16202	1.8943094030081904e-09
Disease	disease_20763	1.893697608526059e-09
Disease	disease_17363	1.8928032011513483e-09
Disease	disease_9209	1.8914255327305762e-09
Disease	disease_14504	1.890213174802244e-09
Disease	disease_5819	1.8902024800973507e-09
Disease	disease_41959	1.8882612619884194e-09
Disease	disease_16886	1.884747956334007e-09
Disease	disease_456	1.8827366034923067e-09
Disease	disease_5358	1.8825859219752997e-09
Disease	disease_10413	1.882576740683408e-09
Disease	disease_14607	1.882201399826592e-09
Disease	disease_15572	1.88208397857998e-09
Disease	disease_12314	1.8812932009814965e-09
Disease	disease_9015	1.8807463211333275e-09
Disease	disease_7012	1.8804260175716603e-09
Disease	disease_54804	1.880352462118702e-09
Disease	disease_14219	1.879954948153382e-09
Disease	disease_23243	1.8781651921094737e-09
Disease	disease_15317	1.8781394333527856e-09
Disease	disease_14704	1.8778725981039e-09
Disease	disease_10509	1.8770913591511055e-09
Disease	disease_1515	1.8764435143003e-09
Disease	disease_18391	1.87602979514738e-09
Disease	disease_11749	1.8757055785383e-09
Disease	disease_9977	1.875379498812775e-09
Disease	disease_12075	1.8753427963920192e-09
Disease	disease_11339	1.873217161557472e-09
Disease	disease_12191	1.8717327732426306e-09
Disease	disease_6363	1.871272151167889e-09
Disease	disease_16884	1.8702459365614742e-09
Disease	disease_9783	1.8701756799421226e-09
Disease	disease_13373	1.869917104595669e-09
Disease	disease_12724	1.869356867749405e-09
Disease	disease_17140	1.8693515855961618e-09
Disease	disease_9486	1.868847965974648e-09
Disease	disease_21367	1.8685596831697497e-09
Disease	disease_24343	1.8685117453682133e-09
Disease	disease_12980	1.867184395937731e-09
Disease	disease_11439	1.8662215637231107e-09
Disease	disease_17416	1.865911829564374e-09
Disease	disease_14061	1.8654121406029184e-09
Disease	disease_4836	1.8645735498424496e-09
Disease	disease_17021	1.863938445607423e-09
Disease	disease_10510	1.862793858406265e-09
Disease	disease_6999	1.8624404376025286e-09
Disease	disease_19394	1.862006335889904e-09
Disease	disease_20793	1.8614130368458877e-09
Disease	disease_14467	1.8611786834800862e-09
Disease	disease_7311	1.8611420291191325e-09
Disease	disease_8479	1.8610691464034e-09
Disease	disease_17330	1.8603700998849825e-09
Disease	disease_1976	1.8603700998849825e-09
Disease	disease_6737	1.8603700998849825e-09
Disease	disease_14183	1.860263867846063e-09
Disease	disease_44979	1.8601945689775488e-09
Disease	disease_15133	1.8599091485132899e-09
Disease	disease_2186	1.8594321994804155e-09
Disease	disease_11223	1.8582479834272446e-09
Disease	disease_3719	1.8581213833044014e-09
Disease	disease_17325	1.8578036216927918e-09
Disease	disease_16018	1.8575609051429376e-09
Disease	disease_13756	1.8573132027378845e-09
Disease	disease_16068	1.856401687834224e-09
Disease	disease_15504	1.8561450860135526e-09
Disease	disease_6543	1.8561020661913432e-09
Disease	disease_13552	1.8559966822895939e-09
Disease	disease_13588	1.8554683710330185e-09
Disease	disease_20138	1.85534755858479e-09
Disease	disease_9035	1.85496181235413e-09
Disease	disease_14482	1.854789588367071e-09
Disease	disease_44014	1.8541983034749028e-09
Disease	disease_9402	1.8533581755724701e-09
Disease	disease_18763	1.852829289430435e-09
Disease	disease_6785	1.8525624940528713e-09
Disease	disease_890	1.8524644018871702e-09
Disease	disease_49222	1.8521433088239475e-09
Disease	disease_19660	1.8519863304782567e-09
Disease	disease_15044	1.8502783241773962e-09
Disease	disease_4725	1.8502313947479773e-09
Disease	disease_18308	1.8499032077885664e-09
Disease	disease_20558	1.849876392253898e-09
Disease	disease_13168	1.8477373651758845e-09
Disease	disease_12607	1.847499797092011e-09
Disease	disease_11362	1.846312936158192e-09
Disease	disease_33646	1.8462998644105495e-09
Disease	disease_11653	1.8456354546263869e-09
Disease	disease_20470	1.8449853059916429e-09
Disease	disease_17774	1.8443361142170353e-09
Disease	disease_44871	1.8442599044410795e-09
Disease	disease_18822	1.8440646717117964e-09
Disease	disease_15222	1.8428433106050023e-09
Disease	disease_4263	1.8426101005698343e-09
Disease	disease_2722	1.8422829990287263e-09
Disease	disease_14597	1.8422370972341508e-09
Disease	disease_13741	1.8421173733170802e-09
Disease	disease_43003	1.8419536345905874e-09
Disease	disease_13938	1.841921785029184e-09
Disease	disease_12746	1.8413468136977557e-09
Disease	disease_11421	1.8403042834326841e-09
Disease	disease_10402	1.8390789969021378e-09
Disease	disease_13656	1.8388358964699918e-09
Disease	disease_19661	1.8387457869957966e-09
Disease	disease_7101	1.8387353936831283e-09
Disease	disease_17305	1.8374234692463001e-09
Disease	disease_30602	1.8349907574086435e-09
Disease	disease_16789	1.8345818544482914e-09
Disease	disease_21228	1.8340767206096147e-09
Disease	disease_10400	1.8333329242239704e-09
Disease	disease_2605	1.8323231004555456e-09
Disease	disease_428	1.832006883587004e-09
Disease	disease_14521	1.8319032854315911e-09
Disease	disease_9990	1.831477446729775e-09
Disease	disease_42487	1.8310976365454992e-09
Disease	disease_9824	1.8293086830844255e-09
Disease	disease_14396	1.8289723812765647e-09
Disease	disease_12062	1.828874513035958e-09
Disease	disease_10925	1.8276089592473475e-09
Disease	disease_15369	1.8275945182389643e-09
Disease	disease_6762	1.826920594022276e-09
Disease	disease_19385	1.8263697598516883e-09
Disease	disease_20101	1.826293163265051e-09
Disease	disease_11157	1.826045486423221e-09
Disease	disease_9451	1.82566014087447e-09
Disease	disease_20496	1.8256008993566862e-09
Disease	disease_16925	1.825580783696212e-09
Disease	disease_100230	1.8239779474588266e-09
Disease	disease_20781	1.8238970966845734e-09
Disease	disease_3825	1.8238133391421642e-09
Disease	disease_2459	1.8215132387481897e-09
Disease	disease_16747	1.8203837364604764e-09
Disease	disease_13387	1.8201063209798283e-09
Disease	disease_13905	1.8189312503412344e-09
Disease	disease_14285	1.818793398656591e-09
Disease	disease_32771	1.8184743125671786e-09
Disease	disease_16128	1.8184673998129718e-09
Disease	disease_18218	1.8181001295537258e-09
Disease	disease_43116	1.8175791423125711e-09
Disease	disease_2486	1.8173028203216534e-09
Disease	disease_11744	1.8167143204212928e-09
Disease	disease_10453	1.816694238288626e-09
Disease	disease_9792	1.8162304919262137e-09
Disease	disease_17681	1.8150870560837875e-09
Disease	disease_1204	1.8149609794066238e-09
Disease	disease_10487	1.8149011653106803e-09
Disease	disease_15600	1.8141790663147115e-09
Disease	disease_18257	1.8139157473900696e-09
Disease	disease_12792	1.813832292061539e-09
Disease	disease_2058	1.8135575564189267e-09
Disease	disease_6722	1.81255011137061e-09
Disease	disease_37792	1.811906575571839e-09
Disease	disease_9302	1.8117074604868578e-09
Disease	disease_11025	1.8116615292413206e-09
Disease	disease_17651	1.8111531959697875e-09
Disease	disease_6086	1.8104115127821834e-09
Disease	disease_44784	1.8104115127821834e-09
Disease	disease_3539	1.8102992182457105e-09
Disease	disease_54831	1.8102500333579225e-09
Disease	disease_11028	1.809951215992905e-09
Disease	disease_909	1.8097850256984685e-09
Disease	disease_10225	1.809561277836922e-09
Disease	disease_40500	1.8093322234885202e-09
Disease	disease_13307	1.8091625516700797e-09
Disease	disease_24665	1.8087224899050188e-09
Disease	disease_6804	1.8065197837844577e-09
Disease	disease_6241	1.8063191854424327e-09
Disease	disease_6158	1.806268449292015e-09
Disease	disease_7298	1.8058781743017504e-09
Disease	disease_13244	1.8054916008864698e-09
Disease	disease_30917	1.805105782337669e-09
Disease	disease_32634	1.804560609002466e-09
Disease	disease_100124	1.8038691003585508e-09
Disease	disease_2730	1.8038030260155098e-09
Disease	disease_8118	1.8034108147496903e-09
Disease	disease_54654	1.8020838968325321e-09
Disease	disease_18029	1.801118449671827e-09
Disease	disease_14187	1.8010136812207972e-09
Disease	disease_14533	1.8007473535045728e-09
Disease	disease_14052	1.800682928922849e-09
Disease	disease_11482	1.8002744323015338e-09
Disease	disease_19178	1.7996349530807354e-09
Disease	disease_1710	1.7989779397017018e-09
Disease	disease_6799	1.7989362262229235e-09
Disease	disease_7040	1.7985891096415974e-09
Disease	disease_30056	1.7982360125584994e-09
Disease	disease_13675	1.7982247355810755e-09
Disease	disease_42982	1.7978686858718314e-09
Disease	disease_2547	1.7977842652460598e-09
Disease	disease_16983	1.7974411682465922e-09
Disease	disease_4586	1.7972751837199305e-09
Disease	disease_19367	1.7968715764260758e-09
Disease	disease_10639	1.7962484486343029e-09
Disease	disease_14096	1.7960551370658044e-09
Disease	disease_13925	1.7959692643477496e-09
Disease	disease_1628	1.7958678011830294e-09
Disease	disease_15799	1.7951618850901917e-09
Disease	disease_22025	1.7951128193492597e-09
Disease	disease_6002	1.7948131448490728e-09
Disease	disease_14095	1.7944734645890543e-09
Disease	disease_10881	1.7939090105045175e-09
Disease	disease_14417	1.7929075268273816e-09
Disease	disease_19783	1.7922231174491192e-09
Disease	disease_1307	1.7915331445666394e-09
Disease	disease_18733	1.7906620939614543e-09
Disease	disease_16209	1.7898492600770057e-09
Disease	disease_20562	1.7893361700773265e-09
Disease	disease_13021	1.7883063148808269e-09
Disease	disease_44339	1.787614282839441e-09
Disease	disease_16876	1.7871760873677649e-09
Disease	disease_9897	1.7871522403516004e-09
Disease	disease_16164	1.787134350959699e-09
Disease	disease_9878	1.7866221085660167e-09
Disease	disease_13465	1.7852009443547799e-09
Disease	disease_15211	1.7841962866349099e-09
Disease	disease_21960	1.7836909979141935e-09
Disease	disease_9670	1.7833950318396191e-09
Disease	disease_12831	1.783359327211996e-09
Disease	disease_7646	1.7828973804546092e-09
Disease	disease_2249	1.7828127962427993e-09
Disease	disease_11797	1.7827548613001147e-09
Disease	disease_7935	1.7823628548140066e-09
Disease	disease_13147	1.7823623072709163e-09
Disease	disease_8849	1.7823500362160262e-09
Disease	disease_3278	1.7819100021347155e-09
Disease	disease_10398	1.781587178502584e-09
Disease	disease_8286	1.7813019368959657e-09
Disease	disease_15756	1.7811955722851362e-09
Disease	disease_11822	1.7803583242671946e-09
Disease	disease_32782	1.7795906944289531e-09
Disease	disease_11575	1.778958097859403e-09
Disease	disease_3005	1.7777670960840338e-09
Disease	disease_13628	1.777356050840498e-09
Disease	disease_14636	1.7773125115462654e-09
Disease	disease_10233	1.7763568113285732e-09
Disease	disease_958	1.7756070622979633e-09
Disease	disease_11471	1.7755250209970307e-09
Disease	disease_12875	1.7755250209970307e-09
Disease	disease_44843	1.775168853548316e-09
Disease	disease_12514	1.7750198979363917e-09
Disease	disease_6610	1.7750111419486718e-09
Disease	disease_10867	1.774554310973824e-09
Disease	disease_14933	1.7740856347371016e-09
Disease	disease_6554	1.773657324275866e-09
Disease	disease_15726	1.7726945943658853e-09
Disease	disease_16794	1.7726839455216381e-09
Disease	disease_18861	1.772425560073473e-09
Disease	disease_10008	1.7717336451818247e-09
Disease	disease_13211	1.7712116689816967e-09
Disease	disease_15002	1.7705519088369577e-09
Disease	disease_11639	1.7704277047224667e-09
Disease	disease_42233	1.7701202881611634e-09
Disease	disease_5688	1.7697667840178428e-09
Disease	disease_12098	1.7695360525626538e-09
Disease	disease_7588	1.7694956746685605e-09
Disease	disease_10148	1.7694401348665312e-09
Disease	disease_18000	1.769358133044744e-09
Disease	disease_30916	1.768969741199767e-09
Disease	disease_10429	1.7678142067180727e-09
Disease	disease_2182	1.7675270874731457e-09
Disease	disease_1130	1.7674464698879509e-09
Disease	disease_5624	1.7670493519808188e-09
Disease	disease_12899	1.766669717047179e-09
Disease	disease_10410	1.766669717047179e-09
Disease	disease_22900	1.7664852148330663e-09
Disease	disease_16353	1.766425715670878e-09
Disease	disease_19441	1.7660716414674758e-09
Disease	disease_24251	1.7659452179666255e-09
Disease	disease_8552	1.7651793406807091e-09
Disease	disease_14718	1.7646531605808362e-09
Disease	disease_24550	1.7641152519884622e-09
Disease	disease_12433	1.7623740422088814e-09
Disease	disease_6001	1.7623369285175676e-09
Disease	disease_315	1.7613244306498558e-09
Disease	disease_4272	1.7611161201503292e-09
Disease	disease_23370	1.7606797300279666e-09
Disease	disease_9476	1.7604845044162192e-09
Disease	disease_17273	1.7599320774954327e-09
Disease	disease_14004	1.7592000447102235e-09
Disease	disease_7862	1.7590382142499533e-09
Disease	disease_18013	1.7579273015125712e-09
Disease	disease_16717	1.757729435203619e-09
Disease	disease_41154	1.757577923764488e-09
Disease	disease_14138	1.7568578496517328e-09
Disease	disease_33361	1.7561391245503351e-09
Disease	disease_19211	1.7560943154632186e-09
Disease	disease_14217	1.7560547496169976e-09
Disease	disease_11988	1.7557518288972391e-09
Disease	disease_12684	1.7554896816045165e-09
Disease	disease_32728	1.7550516986880665e-09
Disease	disease_2204	1.7547933369438347e-09
Disease	disease_14104	1.7539612779186942e-09
Disease	disease_20736	1.7529416530909139e-09
Disease	disease_60764	1.751622067405223e-09
Disease	disease_4378	1.7505589899819998e-09
Disease	disease_10451	1.749746263084569e-09
Disease	disease_16116	1.7490680705947045e-09
Disease	disease_4184	1.7490153638749522e-09
Disease	disease_4500	1.7486791049535861e-09
Disease	disease_4777	1.7476251963267221e-09
Disease	disease_7944	1.747609186474398e-09
Disease	disease_4048	1.747589989500832e-09
Disease	disease_44299	1.74735214973449e-09
Disease	disease_14579	1.747208455898033e-09
Disease	disease_9034	1.7469380941150502e-09
Disease	disease_18897	1.7467615259218386e-09
Disease	disease_1601	1.7461004935512453e-09
Disease	disease_6773	1.7460271564694449e-09
Disease	disease_6855	1.7446271845246873e-09
Disease	disease_7429	1.7442682727470655e-09
Disease	disease_7337	1.7434628496735126e-09
Disease	disease_13203	1.7419573046668523e-09
Disease	disease_20846	1.7417302379031056e-09
Disease	disease_13526	1.741082425561043e-09
Disease	disease_44323	1.7399669209918943e-09
Disease	disease_13093	1.7397334020576924e-09
Disease	disease_21241	1.739656322232663e-09
Disease	disease_7094	1.739473288419126e-09
Disease	disease_13046	1.7391790171396948e-09
Disease	disease_18234	1.7391372910006693e-09
Disease	disease_11422	1.7376859212400116e-09
Disease	disease_44917	1.7374644605731602e-09
Disease	disease_2220	1.735253968657409e-09
Disease	disease_16788	1.734651268011998e-09
Disease	disease_4294	1.7341094277030905e-09
Disease	disease_19666	1.7336885926084931e-09
Disease	disease_11018	1.733580538526252e-09
Disease	disease_44972	1.7332703313197075e-09
Disease	disease_4730	1.732740404814269e-09
Disease	disease_10930	1.7324901190893138e-09
Disease	disease_14028	1.7323523583925135e-09
Disease	disease_24483	1.7318734324851133e-09
Disease	disease_20508	1.7316337964923926e-09
Disease	disease_1706	1.7304859948379315e-09
Disease	disease_10843	1.7285416018055504e-09
Disease	disease_18594	1.7278063605512811e-09
Disease	disease_17100	1.7275941727378516e-09
Disease	disease_10129	1.727498345252529e-09
Disease	disease_14526	1.7270366083593543e-09
Disease	disease_11636	1.72656541767565e-09
Disease	disease_18662	1.7264493633307563e-09
Disease	disease_12484	1.72643516051991e-09
Disease	disease_13921	1.7261140226105343e-09
Disease	disease_13176	1.7259158228694471e-09
Disease	disease_19858	1.725026021528966e-09
Disease	disease_22574	1.7248407652198228e-09
Disease	disease_22573	1.7248407652198228e-09
Disease	disease_4645	1.7242359045542434e-09
Disease	disease_4629	1.7241666818645753e-09
Disease	disease_10849	1.72260996908762e-09
Disease	disease_10099	1.7214350712750224e-09
Disease	disease_1875	1.7212731740187981e-09
Disease	disease_4914	1.7192695814746796e-09
Disease	disease_8198	1.7182108464542945e-09
Disease	disease_5677	1.7177133019339459e-09
Disease	disease_15240	1.7160114780323668e-09
Disease	disease_14295	1.7154126084060451e-09
Disease	disease_41879	1.7148988837678064e-09
Disease	disease_14322	1.7127730433633732e-09
Disease	disease_4831	1.712473319671578e-09
Disease	disease_21656	1.7121771903960132e-09
Disease	disease_13161	1.7117175274306663e-09
Disease	disease_6485	1.7107789797125787e-09
Disease	disease_7363	1.7106702402776503e-09
Disease	disease_21348	1.709783592489706e-09
Disease	disease_100326	1.7092589875252444e-09
Disease	disease_14680	1.7089775174104407e-09
Disease	disease_100080	1.7086490126215006e-09
Disease	disease_20194	1.7073324300163223e-09
Disease	disease_6311	1.7071929279691717e-09
Disease	disease_16546	1.7070110051070385e-09
Disease	disease_15634	1.7067985273589517e-09
Disease	disease_4698	1.7062496886698992e-09
Disease	disease_4828	1.7062073769444463e-09
Disease	disease_7984	1.7052053009369662e-09
Disease	disease_17150	1.7043312939868342e-09
Disease	disease_13343	1.704058920283818e-09
Disease	disease_18516	1.7038690977930628e-09
Disease	disease_18673	1.7036140801986994e-09
Disease	disease_35136	1.702406488675394e-09
Disease	disease_316	1.7022346862991621e-09
Disease	disease_16647	1.702096277181923e-09
Disease	disease_14132	1.7016649185489208e-09
Disease	disease_2687	1.7007378238361633e-09
Disease	disease_14411	1.700570241260574e-09
Disease	disease_389	1.7002546047973434e-09
Disease	disease_21249	1.7001461198033929e-09
Disease	disease_18879	1.7000529862294097e-09
Disease	disease_15761	1.6999015314052724e-09
Disease	disease_43106	1.6996283506028295e-09
Disease	disease_18442	1.698684007584351e-09
Disease	disease_6348	1.6986216972982288e-09
Disease	disease_33046	1.6984976232467482e-09
Disease	disease_11021	1.6981251388781022e-09
Disease	disease_11610	1.6980586036234696e-09
Disease	disease_2601	1.6971469323591198e-09
Disease	disease_6147	1.6967450308544963e-09
Disease	disease_7385	1.696467510192295e-09
Disease	disease_12652	1.6964084620257383e-09
Disease	disease_11965	1.6958611392419472e-09
Disease	disease_12634	1.695608117074916e-09
Disease	disease_9935	1.6943702012699488e-09
Disease	disease_4592	1.693123184376111e-09
Disease	disease_1016	1.6931091505782103e-09
Disease	disease_24582	1.6927739936604017e-09
Disease	disease_13270	1.6925848098154482e-09
Disease	disease_16497	1.6915565172732439e-09
Disease	disease_13271	1.6913294326270308e-09
Disease	disease_13146	1.6895100447750534e-09
Disease	disease_1129	1.689507440984911e-09
Disease	disease_6741	1.689255159475237e-09
Disease	disease_20740	1.6887969405140773e-09
Disease	disease_33369	1.6878483048103233e-09
Disease	disease_14073	1.6878323558475524e-09
Disease	disease_10289	1.6876066748747614e-09
Disease	disease_17213	1.6872838269188297e-09
Disease	disease_14019	1.687196113121351e-09
Disease	disease_1593	1.6868896469469194e-09
Disease	disease_3989	1.6865957391303941e-09
Disease	disease_10477	1.6865010565932745e-09
Disease	disease_18878	1.685996199794024e-09
Disease	disease_6763	1.685268010779801e-09
Disease	disease_8031	1.6852347961411932e-09
Disease	disease_24890	1.6851221524934757e-09
Disease	disease_20656	1.6850215675930018e-09
Disease	disease_11747	1.6840430296162787e-09
Disease	disease_10348	1.6840430296162787e-09
Disease	disease_11418	1.6840430296162787e-09
Disease	disease_13506	1.6840430296162787e-09
Disease	disease_11689	1.6840430296162787e-09
Disease	disease_18845	1.6840231336018982e-09
Disease	disease_10450	1.683720419874096e-09
Disease	disease_2416	1.6820466918024238e-09
Disease	disease_4341	1.6816865960291717e-09
Disease	disease_13500	1.6814819853319688e-09
Disease	disease_60702	1.6814299947082149e-09
Disease	disease_308	1.6804619496981453e-09
Disease	disease_24676	1.6803921589127883e-09
Disease	disease_1995	1.6799663178680837e-09
Disease	disease_6700	1.6797151472227156e-09
Disease	disease_43653	1.6793849978846034e-09
Disease	disease_43209	1.6786058994001177e-09
Disease	disease_10393	1.67828012127175e-09
Disease	disease_7326	1.6781882600620723e-09
Disease	disease_42605	1.6775234647641942e-09
Disease	disease_1877	1.6775234647641942e-09
Disease	disease_23554	1.6775234647641942e-09
Disease	disease_2301	1.6770619315417734e-09
Disease	disease_9231	1.6769756173451802e-09
Disease	disease_54591	1.676111616548378e-09
Disease	disease_16557	1.6759223628071949e-09
Disease	disease_9775	1.6747421816727843e-09
Disease	disease_19648	1.6747147975132976e-09
Disease	disease_12512	1.6745448967249699e-09
Disease	disease_9683	1.6743294957998823e-09
Disease	disease_33485	1.6731347944250685e-09
Disease	disease_14080	1.6726610666182639e-09
Disease	disease_10447	1.6725365625923157e-09
Disease	disease_7712	1.6712620203925263e-09
Disease	disease_7244	1.6698526730745653e-09
Disease	disease_14965	1.669703317205575e-09
Disease	disease_10891	1.6693418757547464e-09
Disease	disease_16178	1.6690976215955345e-09
Disease	disease_23093	1.669009588356022e-09
Disease	disease_18624	1.669009588356022e-09
Disease	disease_21191	1.668367121748228e-09
Disease	disease_10344	1.6668527238117045e-09
Disease	disease_18780	1.6666013189370776e-09
Disease	disease_10908	1.6661214068803428e-09
Disease	disease_15177	1.6657066584044646e-09
Disease	disease_4024	1.665425550513802e-09
Disease	disease_3087	1.664459189519551e-09
Disease	disease_6219	1.664456789026379e-09
Disease	disease_23258	1.6644284235680876e-09
Disease	disease_44618	1.6643203814279473e-09
Disease	disease_2321	1.664165348542322e-09
Disease	disease_14547	1.664102165638037e-09
Disease	disease_16277	1.663911237697094e-09
Disease	disease_12745	1.6637770910118926e-09
Disease	disease_21111	1.6636837764393637e-09
Disease	disease_2543	1.6630202144745295e-09
Disease	disease_33044	1.662978550014101e-09
Disease	disease_44305	1.6622740354996001e-09
Disease	disease_20073	1.6619883610138427e-09
Disease	disease_4210	1.661929283480545e-09
Disease	disease_1648	1.6617855386335534e-09
Disease	disease_90	1.661763927067709e-09
Disease	disease_19698	1.6610473914389552e-09
Disease	disease_1325	1.660987643848853e-09
Disease	disease_17023	1.6605442878059932e-09
Disease	disease_14308	1.6592968335257368e-09
Disease	disease_13623	1.6591915196937303e-09
Disease	disease_7289	1.659110030888718e-09
Disease	disease_9233	1.6577447817007492e-09
Disease	disease_11600	1.657691471794583e-09
Disease	disease_14768	1.6576489326552737e-09
Disease	disease_21578	1.6576143482560239e-09
Disease	disease_44301	1.6571723738855351e-09
Disease	disease_11035	1.6565126637947588e-09
Disease	disease_54782	1.654999669898783e-09
Disease	disease_6479	1.65488464033702e-09
Disease	disease_10046	1.6546258252099955e-09
Disease	disease_3196	1.6542820070478613e-09
Disease	disease_16341	1.6542617311923801e-09
Disease	disease_3357	1.6541790678858738e-09
Disease	disease_10015	1.6538222505714179e-09
Disease	disease_12476	1.6536883599441726e-09
Disease	disease_44328	1.6532584832607003e-09
Disease	disease_11403	1.653144656748282e-09
Disease	disease_13581	1.6530419003416222e-09
Disease	disease_100156	1.6518389772847378e-09
Disease	disease_12815	1.6517743171954873e-09
Disease	disease_2411	1.6512753194314218e-09
Disease	disease_11220	1.6510239016516429e-09
Disease	disease_11737	1.6510239016516429e-09
Disease	disease_10360	1.6510239016516429e-09
Disease	disease_6678	1.6508215620757182e-09
Disease	disease_12775	1.6507841452623845e-09
Disease	disease_8627	1.6496906458885717e-09
Disease	disease_34024	1.648442534949667e-09
Disease	disease_5989	1.6476243720076366e-09
Disease	disease_8603	1.6473327777949862e-09
Disease	disease_14627	1.6469469202480869e-09
Disease	disease_9754	1.6467419633247707e-09
Disease	disease_4108	1.6463679030646236e-09
Disease	disease_14714	1.6461004398262265e-09
Disease	disease_4562	1.645811062908084e-09
Disease	disease_6184	1.645811062908084e-09
Disease	disease_32823	1.6455311964610448e-09
Disease	disease_12861	1.6449068101279037e-09
Disease	disease_7204	1.6446802237700031e-09
Disease	disease_3806	1.6444766308047667e-09
Disease	disease_17936	1.6441253595159711e-09
Disease	disease_45020	1.6429869211389188e-09
Disease	disease_10574	1.6412016585077472e-09
Disease	disease_10732	1.6387079294935704e-09
Disease	disease_20233	1.6386576957166947e-09
Disease	disease_12888	1.6384735221772645e-09
Disease	disease_17238	1.637746884854461e-09
Disease	disease_2880	1.6373779839237752e-09
Disease	disease_14366	1.637045398884082e-09
Disease	disease_14684	1.6365708108657059e-09
Disease	disease_10072	1.6361779771555988e-09
Disease	disease_5670	1.6360547916830908e-09
Disease	disease_4032	1.6357822172760178e-09
Disease	disease_7015	1.635528494830303e-09
Disease	disease_4132	1.6351267631675473e-09
Disease	disease_14056	1.6348681932754822e-09
Disease	disease_11759	1.6343966537268433e-09
Disease	disease_14478	1.6332174392243023e-09
Disease	disease_3311	1.6332095808977817e-09
Disease	disease_13865	1.6331457743455155e-09
Disease	disease_20805	1.6324958966338032e-09
Disease	disease_21207	1.6324291444836819e-09
Disease	disease_44037	1.6321616091705074e-09
Disease	disease_9372	1.6317893920029225e-09
Disease	disease_8165	1.6316932144360207e-09
Disease	disease_8113	1.6314719438559592e-09
Disease	disease_7620	1.6314668744124935e-09
Disease	disease_10483	1.6308557782184715e-09
Disease	disease_18343	1.6305276319306124e-09
Disease	disease_12383	1.6300494714472936e-09
Disease	disease_8339	1.629675036658579e-09
Disease	disease_1195	1.6295256588685711e-09
Disease	disease_405	1.6278467323954317e-09
Disease	disease_16001	1.6278280545615745e-09
Disease	disease_16785	1.6276289864187192e-09
Disease	disease_5111	1.6272894124545912e-09
Disease	disease_19680	1.6269024260138794e-09
Disease	disease_15000	1.6267810676108355e-09
Disease	disease_30856	1.6254226705083025e-09
Disease	disease_10417	1.6247729929930538e-09
Disease	disease_33045	1.6245306713845782e-09
Disease	disease_10298	1.62289214615665e-09
Disease	disease_16407	1.6227861264375276e-09
Disease	disease_6068	1.6226434910424107e-09
Disease	disease_3935	1.6220080678933564e-09
Disease	disease_2191	1.6215604618882047e-09
Disease	disease_8736	1.6214207684296448e-09
Disease	disease_2542	1.6212301474502086e-09
Disease	disease_9103	1.6211725577192634e-09
Disease	disease_19114	1.6209654093403994e-09
Disease	disease_3551	1.620667326850929e-09
Disease	disease_14387	1.6197519769513802e-09
Disease	disease_8115	1.6195217350665312e-09
Disease	disease_10308	1.6194692081908997e-09
Disease	disease_4237	1.619075703091299e-09
Disease	disease_6283	1.619075703091299e-09
Disease	disease_4128	1.619075703091299e-09
Disease	disease_24386	1.619075703091299e-09
Disease	disease_4744	1.6190711113134671e-09
Disease	disease_19022	1.618855804765251e-09
Disease	disease_44765	1.6182449196427731e-09
Disease	disease_13815	1.6178739772482698e-09
Disease	disease_10745	1.617262509750069e-09
Disease	disease_4973	1.6171405037419935e-09
Disease	disease_14514	1.6166338529621104e-09
Disease	disease_7198	1.6158941069783247e-09
Disease	disease_15933	1.615754422246562e-09
Disease	disease_15806	1.6151892737107797e-09
Disease	disease_17913	1.6151648437286815e-09
Disease	disease_2233	1.6150901889101394e-09
Disease	disease_21324	1.6145457200947886e-09
Disease	disease_21325	1.6145457200947886e-09
Disease	disease_21326	1.6145457200947886e-09
Disease	disease_2772	1.6142457919808824e-09
Disease	disease_11242	1.6141495695267505e-09
Disease	disease_8108	1.6138920854979242e-09
Disease	disease_43512	1.6132389548147714e-09
Disease	disease_6811	1.6132389548147714e-09
Disease	disease_3568	1.6132389548147714e-09
Disease	disease_44997	1.6132389548147714e-09
Disease	disease_1291	1.6132389548147714e-09
Disease	disease_22236	1.6132389548147714e-09
Disease	disease_489	1.6132389548147714e-09
Disease	disease_5640	1.6132389548147714e-09
Disease	disease_9273	1.6125814055991817e-09
Disease	disease_2265	1.611580160774999e-09
Disease	disease_815	1.611580160774999e-09
Disease	disease_24519	1.611050584699396e-09
Disease	disease_12146	1.608203086066836e-09
Disease	disease_24286	1.607607664255104e-09
Disease	disease_18201	1.6074159608181517e-09
Disease	disease_10066	1.60637945266882e-09
Disease	disease_9845	1.6060582213205753e-09
Disease	disease_16394	1.6057507222491643e-09
Disease	disease_1631	1.6057472274665026e-09
Disease	disease_8273	1.6057152439881392e-09
Disease	disease_15313	1.6055284754687215e-09
Disease	disease_15312	1.6055284754687215e-09
Disease	disease_23597	1.6046849861318334e-09
Disease	disease_17243	1.6043325841661097e-09
Disease	disease_13303	1.6041464613856773e-09
Disease	disease_33480	1.6038811064839888e-09
Disease	disease_21335	1.6035172146963242e-09
Disease	disease_24527	1.602763659794962e-09
Disease	disease_44208	1.6016195159663518e-09
Disease	disease_10352	1.6006647488449544e-09
Disease	disease_18842	1.6004359876297436e-09
Disease	disease_17845	1.6000449507322163e-09
Disease	disease_15738	1.5991629909563351e-09
Disease	disease_10350	1.597779794224985e-09
Disease	disease_1943	1.5974021001879066e-09
Disease	disease_20513	1.5967661286205251e-09
Disease	disease_21192	1.595802329381515e-09
Disease	disease_19951	1.595481570566406e-09
Disease	disease_15533	1.5954235134453305e-09
Disease	disease_20752	1.5953827591133284e-09
Disease	disease_19393	1.5952900451040995e-09
Disease	disease_19421	1.5941996985671605e-09
Disease	disease_6583	1.5937871919589844e-09
Disease	disease_10275	1.5934293992364494e-09
Disease	disease_20601	1.593016545145922e-09
Disease	disease_18416	1.5928817517617439e-09
Disease	disease_12860	1.5926527336586226e-09
Disease	disease_14280	1.5925984192112898e-09
Disease	disease_14999	1.5922155886552354e-09
Disease	disease_20646	1.591681100832179e-09
Disease	disease_10794	1.5912566666238102e-09
Disease	disease_5956	1.5910982624819686e-09
Disease	disease_7169	1.5909181413325463e-09
Disease	disease_7233	1.5908643851720315e-09
Disease	disease_18092	1.5903797546885664e-09
Disease	disease_17260	1.5903279499230896e-09
Disease	disease_14489	1.5894767981427318e-09
Disease	disease_10488	1.5885166950281784e-09
Disease	disease_9685	1.5881006731048824e-09
Disease	disease_30924	1.5879943713544117e-09
Disease	disease_10952	1.5868501457927232e-09
Disease	disease_10446	1.586710403308344e-09
Disease	disease_14303	1.5866652913930763e-09
Disease	disease_9475	1.5866059364035379e-09
Disease	disease_19853	1.5863716937508102e-09
Disease	disease_21108	1.585906655277796e-09
Disease	disease_14479	1.5857444008377056e-09
Disease	disease_4990	1.5852186652493629e-09
Disease	disease_6161	1.5851721216697447e-09
Disease	disease_12996	1.5846709049543037e-09
Disease	disease_34217	1.5840935451149345e-09
Disease	disease_24626	1.5836910506318713e-09
Disease	disease_12400	1.5834013341429182e-09
Disease	disease_18348	1.5830767331602193e-09
Disease	disease_13717	1.5827285262078978e-09
Disease	disease_9609	1.5827242064459199e-09
Disease	disease_19525	1.5823465020620872e-09
Disease	disease_13613	1.582286593942678e-09
Disease	disease_602	1.5820998939323698e-09
Disease	disease_44070	1.5816112295319347e-09
Disease	disease_13928	1.5812854046043512e-09
Disease	disease_17834	1.5811841599891969e-09
Disease	disease_10754	1.5811020977558678e-09
Disease	disease_20757	1.5792650867292448e-09
Disease	disease_5235	1.5791885035382249e-09
Disease	disease_11340	1.5790972261864992e-09
Disease	disease_14799	1.5783705416323292e-09
Disease	disease_41182	1.5776963411339385e-09
Disease	disease_14304	1.5767850548505356e-09
Disease	disease_11886	1.575506856461414e-09
Disease	disease_8472	1.5746909720055646e-09
Disease	disease_18316	1.5744623735013089e-09
Disease	disease_22357	1.574442575478428e-09
Disease	disease_10822	1.5739763961031183e-09
Disease	disease_10077	1.5734275501956463e-09
Disease	disease_44725	1.5733709288286288e-09
Disease	disease_100218	1.5731435886472434e-09
Disease	disease_100058	1.5720585851647953e-09
Disease	disease_26731	1.5718997706785782e-09
Disease	disease_18419	1.5716612641612106e-09
Disease	disease_54665	1.5710597248895597e-09
Disease	disease_7059	1.5707315572750006e-09
Disease	disease_23171	1.5704238243449315e-09
Disease	disease_11760	1.5703712860255944e-09
Disease	disease_41167	1.5700550222519423e-09
Disease	disease_12205	1.5699488322943952e-09
Disease	disease_6046	1.5699306949082552e-09
Disease	disease_8261	1.5692799112164224e-09
Disease	disease_20327	1.5691526064816391e-09
Disease	disease_4665	1.5691526064816391e-09
Disease	disease_30934	1.568147232086927e-09
Disease	disease_3410	1.5677765997772335e-09
Disease	disease_3234	1.5671441167073618e-09
Disease	disease_1041	1.5666374959913964e-09
Disease	disease_14297	1.5658402368266052e-09
Disease	disease_54770	1.5635988691664482e-09
Disease	disease_10317	1.5634505925129203e-09
Disease	disease_45047	1.5632948278325069e-09
Disease	disease_43240	1.5629425089561758e-09
Disease	disease_43152	1.5629425089561758e-09
Disease	disease_6634	1.5627502701227139e-09
Disease	disease_14252	1.5622967271317843e-09
Disease	disease_16057	1.562064902638022e-09
Disease	disease_16833	1.5620223889613096e-09
Disease	disease_33479	1.5614000866266375e-09
Disease	disease_10899	1.5613622865044068e-09
Disease	disease_9315	1.5610423531576757e-09
Disease	disease_33372	1.5610339650744098e-09
Disease	disease_972	1.5603136805974298e-09
Disease	disease_20292	1.5601788557596654e-09
Disease	disease_12704	1.560072671185664e-09
Disease	disease_18289	1.5598112478366987e-09
Disease	disease_2528	1.559517741892408e-09
Disease	disease_13767	1.559436114795334e-09
Disease	disease_18395	1.5593123891559426e-09
Disease	disease_14082	1.5591570638950293e-09
Disease	disease_12221	1.5589151603926837e-09
Disease	disease_13464	1.5576555976966436e-09
Disease	disease_13076	1.5574253500071156e-09
Disease	disease_15476	1.557391948234497e-09
Disease	disease_33366	1.556785878127603e-09
Disease	disease_17167	1.555743454650617e-09
Disease	disease_9722	1.5554287390333988e-09
Disease	disease_8759	1.5551716177925419e-09
Disease	disease_12812	1.5549564426739962e-09
Disease	disease_2166	1.5546834142506714e-09
Disease	disease_12444	1.5546702435179861e-09
Disease	disease_13510	1.5537994373676283e-09
Disease	disease_13259	1.5537557792698626e-09
Disease	disease_32575	1.5535790843768975e-09
Disease	disease_14755	1.5535376223581763e-09
Disease	disease_7160	1.5534869044295096e-09
Disease	disease_14641	1.5526590435882087e-09
Disease	disease_5922	1.5514847603516378e-09
Disease	disease_7693	1.5513902204633966e-09
Disease	disease_2957	1.5513754825243497e-09
Disease	disease_9966	1.5510429431390912e-09
Disease	disease_8127	1.5509136979158057e-09
Disease	disease_19513	1.5506377167840867e-09
Disease	disease_54781	1.5499133019426069e-09
Disease	disease_16115	1.5497956641954198e-09
Disease	disease_10563	1.5496826986844679e-09
Disease	disease_44737	1.5495115091622104e-09
Disease	disease_7138	1.5491923127512797e-09
Disease	disease_7226	1.5485722943435335e-09
Disease	disease_16066	1.548346779853178e-09
Disease	disease_14760	1.5482811873189088e-09
Disease	disease_32857	1.547629216813023e-09
Disease	disease_24526	1.5474973294931004e-09
Disease	disease_5473	1.5473374544482239e-09
Disease	disease_13198	1.5471999539338795e-09
Disease	disease_33310	1.5465923176666634e-09
Disease	disease_8650	1.5465495665305183e-09
Disease	disease_6366	1.5462805652020435e-09
Disease	disease_18122	1.5459757259161517e-09
Disease	disease_2283	1.545930551120442e-09
Disease	disease_14119	1.5458563661320597e-09
Disease	disease_1815	1.5451883699570944e-09
Disease	disease_2085	1.5451883699570944e-09
Disease	disease_9110	1.5447148519438881e-09
Disease	disease_54700	1.5446175383097511e-09
Disease	disease_14873	1.544571328825591e-09
Disease	disease_5824	1.5444786962029685e-09
Disease	disease_17035	1.5427830616882722e-09
Disease	disease_10216	1.542494914203648e-09
Disease	disease_2432	1.5424653178163941e-09
Disease	disease_14033	1.5417291015823034e-09
Disease	disease_17263	1.5415779027343854e-09
Disease	disease_2742	1.54109542147007e-09
Disease	disease_7294	1.5396584479455625e-09
Disease	disease_3098	1.5395135731753176e-09
Disease	disease_12608	1.539487825806141e-09
Disease	disease_15304	1.5386231398438258e-09
Disease	disease_7470	1.538616106346034e-09
Disease	disease_10236	1.5381490879704925e-09
Disease	disease_9436	1.5375661538312151e-09
Disease	disease_19464	1.5375099661484856e-09
Disease	disease_44304	1.5374038381331144e-09
Disease	disease_12392	1.537381669420059e-09
Disease	disease_32723	1.5364551505352148e-09
Disease	disease_5644	1.5361326085013785e-09
Disease	disease_21388	1.5355175038721558e-09
Disease	disease_10208	1.5345729268210893e-09
Disease	disease_17146	1.5338529032836094e-09
Disease	disease_10130	1.5336355279953659e-09
Disease	disease_20790	1.5330721949497386e-09
Disease	disease_4308	1.5313934529866265e-09
Disease	disease_13418	1.5313817857588157e-09
Disease	disease_13878	1.5311638239690665e-09
Disease	disease_12559	1.5310715712913252e-09
Disease	disease_9890	1.530808806799225e-09
Disease	disease_4009	1.5306713363542728e-09
Disease	disease_21510	1.5304032776824278e-09
Disease	disease_8790	1.5303971540726028e-09
Disease	disease_8451	1.530190602254779e-09
Disease	disease_18494	1.530038168416827e-09
Disease	disease_5976	1.5299164364710538e-09
Disease	disease_21839	1.5298937099845807e-09
Disease	disease_3816	1.5298166020328275e-09
Disease	disease_11442	1.5290673952600193e-09
Disease	disease_12561	1.5286159284504964e-09
Disease	disease_13607	1.5279301991906736e-09
Disease	disease_24266	1.5277491372744222e-09
Disease	disease_11133	1.5270348452971144e-09
Disease	disease_3241	1.5251670864394743e-09
Disease	disease_19376	1.524866473239608e-09
Disease	disease_2352	1.5245656983827063e-09
Disease	disease_16722	1.5242239581470683e-09
Disease	disease_17417	1.524214204982316e-09
Disease	disease_13163	1.5240910851217199e-09
Disease	disease_15148	1.523950137992424e-09
Disease	disease_14329	1.5237331910238776e-09
Disease	disease_14978	1.5235450880353511e-09
Disease	disease_3295	1.5234356678726964e-09
Disease	disease_21439	1.523242076373512e-09
Disease	disease_24674	1.5229655435175441e-09
Disease	disease_9228	1.5227207583291768e-09
Disease	disease_16218	1.5226214027878595e-09
Disease	disease_18368	1.5217551228473043e-09
Disease	disease_4287	1.5213028777840836e-09
Disease	disease_4340	1.5213028777840836e-09
Disease	disease_14234	1.5211414665693e-09
Disease	disease_15579	1.5211007014777181e-09
Disease	disease_32812	1.5207499185129917e-09
Disease	disease_10322	1.5196226860985083e-09
Disease	disease_7986	1.5194218668543096e-09
Disease	disease_9852	1.5190499870998706e-09
Disease	disease_10953	1.519012361377189e-09
Disease	disease_17955	1.5189530679860409e-09
Disease	disease_32710	1.5189221351271857e-09
Disease	disease_20107	1.517957932182659e-09
Disease	disease_12905	1.517409590173569e-09
Disease	disease_13116	1.5171362766693978e-09
Disease	disease_9360	1.5170599746049538e-09
Disease	disease_8237	1.516867263591602e-09
Disease	disease_17620	1.5151450922183294e-09
Disease	disease_17621	1.5151450922183294e-09
Disease	disease_17618	1.5151450922183294e-09
Disease	disease_17619	1.5151450922183294e-09
Disease	disease_17622	1.5151450922183294e-09
Disease	disease_7971	1.5150721688428872e-09
Disease	disease_13721	1.5142465420545517e-09
Disease	disease_33541	1.513428127043167e-09
Disease	disease_54764	1.5133200386286721e-09
Disease	disease_4433	1.5130457434732186e-09
Disease	disease_7445	1.5130276945384639e-09
Disease	disease_1775	1.5122508167442464e-09
Disease	disease_15482	1.5115209536093284e-09
Disease	disease_14054	1.5111936100483144e-09
Disease	disease_12252	1.5108595973362197e-09
Disease	disease_7485	1.510790367166451e-09
Disease	disease_100059	1.510031017203359e-09
Disease	disease_17833	1.510031017203359e-09
Disease	disease_19326	1.5099054922131407e-09
Disease	disease_11041	1.5093635680126484e-09
Disease	disease_490	1.5093139810731574e-09
Disease	disease_32570	1.5091749289699766e-09
Disease	disease_16179	1.5087839354528056e-09
Disease	disease_4215	1.5086473863056905e-09
Disease	disease_21437	1.50839035484185e-09
Disease	disease_4817	1.5081250549288805e-09
Disease	disease_4815	1.5081250549288805e-09
Disease	disease_42967	1.506860690591628e-09
Disease	disease_7077	1.5063943027712308e-09
Disease	disease_10329	1.5057772406135059e-09
Disease	disease_2065	1.5053909408923541e-09
Disease	disease_8473	1.505153591829374e-09
Disease	disease_9214	1.5041714779888083e-09
Disease	disease_20607	1.5036489741956733e-09
Disease	disease_24307	1.5027901369550995e-09
Disease	disease_8862	1.50204895327201e-09
Disease	disease_9809	1.5016712669720031e-09
Disease	disease_2553	1.5011622383509613e-09
Disease	disease_24429	1.4998418222295281e-09
Disease	disease_17236	1.4996165715544157e-09
Disease	disease_878	1.4982915138074726e-09
Disease	disease_17687	1.4967183091646875e-09
Disease	disease_20788	1.496218032172218e-09
Disease	disease_16005	1.4954772170924621e-09
Disease	disease_6834	1.4950836928202678e-09
Disease	disease_22316	1.494569167351311e-09
Disease	disease_7568	1.4935295139727311e-09
Disease	disease_11992	1.4933002502974418e-09
Disease	disease_10809	1.4927149367477587e-09
Disease	disease_18224	1.492299350986376e-09
Disease	disease_44322	1.4911780074729382e-09
Disease	disease_33047	1.491023470644085e-09
Disease	disease_21258	1.490872345233651e-09
Disease	disease_8460	1.4907557073267138e-09
Disease	disease_60486	1.490569340412779e-09
Disease	disease_615	1.4901056660091853e-09
Disease	disease_6324	1.4901056660091853e-09
Disease	disease_11119	1.4900835351273763e-09
Disease	disease_16566	1.4898885679544801e-09
Disease	disease_9652	1.4896084476875026e-09
Disease	disease_2920	1.489402394843377e-09
Disease	disease_12755	1.4887456546329879e-09
Disease	disease_20546	1.4886108278060255e-09
Disease	disease_2848	1.4883651883707151e-09
Disease	disease_2336	1.4876908923474107e-09
Disease	disease_8071	1.4871905659587667e-09
Disease	disease_7706	1.4871723125253912e-09
Disease	disease_19885	1.4865916309447796e-09
Disease	disease_32596	1.4864462092524292e-09
Disease	disease_4977	1.4857908893210095e-09
Disease	disease_17957	1.4856380074686349e-09
Disease	disease_9539	1.4852794115612138e-09
Disease	disease_18626	1.4849138555646315e-09
Disease	disease_6389	1.4837581976339128e-09
Disease	disease_1000	1.483719881654662e-09
Disease	disease_14841	1.4829912283120858e-09
Disease	disease_10435	1.4823555367439963e-09
Disease	disease_14620	1.4822556762136986e-09
Disease	disease_9205	1.4817018421402983e-09
Disease	disease_10799	1.4816999023509703e-09
Disease	disease_16950	1.4809653006734773e-09
Disease	disease_45019	1.4808559198588632e-09
Disease	disease_15230	1.4805122495945425e-09
Disease	disease_5509	1.4795061040820842e-09
Disease	disease_16520	1.4793872384632931e-09
Disease	disease_16292	1.4790711772463881e-09
Disease	disease_30921	1.4788344646002028e-09
Disease	disease_21171	1.4787461040552723e-09
Disease	disease_15192	1.4771927664626941e-09
Disease	disease_12317	1.4771927664626941e-09
Disease	disease_2022	1.4771107948549293e-09
Disease	disease_18376	1.4760307471671251e-09
Disease	disease_4122	1.475693074914286e-09
Disease	disease_18694	1.475421489869921e-09
Disease	disease_26723	1.475368050757284e-09
Disease	disease_7290	1.4740672069315963e-09
Disease	disease_44635	1.4739196743252803e-09
Disease	disease_15025	1.473883475715402e-09
Disease	disease_128	1.4737073615108401e-09
Disease	disease_6079	1.4731595631667623e-09
Disease	disease_3612	1.4727397978038286e-09
Disease	disease_13087	1.4724482396154266e-09
Disease	disease_3368	1.4713316268777883e-09
Disease	disease_18931	1.4709662097792931e-09
Disease	disease_13972	1.470837550453381e-09
Disease	disease_12596	1.4704301339252342e-09
Disease	disease_4124	1.4704046400770115e-09
Disease	disease_3169	1.470355291430551e-09
Disease	disease_2513	1.4702886275981938e-09
Disease	disease_14160	1.4702792120676707e-09
Disease	disease_6734	1.4698216070120662e-09
Disease	disease_1349	1.4694919919179837e-09
Disease	disease_5591	1.4694919919179837e-09
Disease	disease_5592	1.4694919919179837e-09
Disease	disease_24658	1.469336687562017e-09
Disease	disease_9252	1.4692591366044925e-09
Disease	disease_13781	1.469011167294612e-09
Disease	disease_14313	1.4687181857945173e-09
Disease	disease_30840	1.4685576515104585e-09
Disease	disease_21316	1.4652733518246397e-09
Disease	disease_5914	1.4649524063418692e-09
Disease	disease_5663	1.4649329879680688e-09
Disease	disease_10949	1.464109433497296e-09
Disease	disease_1693	1.463302021984273e-09
Disease	disease_1153	1.463302021984273e-09
Disease	disease_8898	1.4631048378590805e-09
Disease	disease_8477	1.4629620564247004e-09
Disease	disease_11425	1.4628707391309983e-09
Disease	disease_11567	1.4628707391309983e-09
Disease	disease_12364	1.4628707391309983e-09
Disease	disease_16778	1.4628528302811975e-09
Disease	disease_16888	1.4610658106807944e-09
Disease	disease_12359	1.4610501920814417e-09
Disease	disease_10231	1.4600870526922706e-09
Disease	disease_8316	1.4599187987191316e-09
Disease	disease_359	1.4597699711129662e-09
Disease	disease_9736	1.4594178642025146e-09
Disease	disease_32767	1.4592899580948259e-09
Disease	disease_6043	1.4589642131911321e-09
Disease	disease_10307	1.4589226397773552e-09
Disease	disease_10347	1.4581638895451808e-09
Disease	disease_19715	1.457365315753766e-09
Disease	disease_23209	1.4569996445958931e-09
Disease	disease_10206	1.4568321150030757e-09
Disease	disease_894	1.4568204571086987e-09
Disease	disease_17116	1.4564794842492316e-09
Disease	disease_11818	1.4562629490763356e-09
Disease	disease_10251	1.4559833528172394e-09
Disease	disease_17649	1.4549344284995334e-09
Disease	disease_14128	1.4547587536593406e-09
Disease	disease_12420	1.4547307413674598e-09
Disease	disease_2434	1.4541535030678242e-09
Disease	disease_5582	1.4538343498317915e-09
Disease	disease_13243	1.4536883592409771e-09
Disease	disease_8669	1.4535893461709257e-09
Disease	disease_8632	1.4535056304836989e-09
Disease	disease_10300	1.4532442157507397e-09
Disease	disease_10324	1.4532442157507397e-09
Disease	disease_10230	1.4532442157507397e-09
Disease	disease_5656	1.4527799639508603e-09
Disease	disease_44013	1.4524843395842756e-09
Disease	disease_6150	1.4521028945611411e-09
Disease	disease_10502	1.4520583827414952e-09
Disease	disease_368	1.4519834278542947e-09
Disease	disease_10384	1.4519232762665927e-09
Disease	disease_7167	1.4514781107757257e-09
Disease	disease_15441	1.4512468750823931e-09
Disease	disease_2558	1.4508057530764886e-09
Disease	disease_14224	1.4504019369428598e-09
Disease	disease_17117	1.4502763103209345e-09
Disease	disease_11334	1.4501851964109608e-09
Disease	disease_34022	1.4500737722231401e-09
Disease	disease_37736	1.4495235555319445e-09
Disease	disease_22812	1.4494927293990575e-09
Disease	disease_19688	1.449374383322609e-09
Disease	disease_2178	1.449138107226921e-09
Disease	disease_13886	1.448790663882164e-09
Disease	disease_14875	1.4485055064214401e-09
Disease	disease_14002	1.4475932681802569e-09
Disease	disease_16488	1.4470942529291306e-09
Disease	disease_5307	1.4463091063240792e-09
Disease	disease_14800	1.4440082195186845e-09
Disease	disease_10309	1.443864830902487e-09
Disease	disease_19344	1.443619462211138e-09
Disease	disease_874	1.4427818284258953e-09
Disease	disease_12895	1.4425810468913561e-09
Disease	disease_13964	1.4422797354617068e-09
Disease	disease_16130	1.4421127075755288e-09
Disease	disease_13120	1.441450547264573e-09
Disease	disease_716	1.4407692842607962e-09
Disease	disease_17923	1.4397098478355257e-09
Disease	disease_13699	1.4383158036754221e-09
Disease	disease_44723	1.4382872472490185e-09
Disease	disease_5808	1.4373279273600034e-09
Disease	disease_1852	1.4371892180673433e-09
Disease	disease_20274	1.4365368992676638e-09
Disease	disease_13752	1.436189491021408e-09
Disease	disease_20077	1.4360843557143533e-09
Disease	disease_3754	1.4354647947679974e-09
Disease	disease_5794	1.4351460907492957e-09
Disease	disease_18347	1.4349501738216566e-09
Disease	disease_10024	1.43494951810143e-09
Disease	disease_21143	1.4347338404339466e-09
Disease	disease_32903	1.4346826404830586e-09
Disease	disease_11024	1.4343156415588923e-09
Disease	disease_4749	1.4333435985568393e-09
Disease	disease_16126	1.4330914167047674e-09
Disease	disease_6545	1.4327714610692026e-09
Disease	disease_34054	1.432024181623634e-09
Disease	disease_20591	1.4320054053540666e-09
Disease	disease_5042	1.4317150500703384e-09
Disease	disease_9443	1.4310561578795217e-09
Disease	disease_13505	1.4299848448247964e-09
Disease	disease_7046	1.4285229143111747e-09
Disease	disease_9716	1.4284458053997725e-09
Disease	disease_11868	1.4282595789228293e-09
Disease	disease_45048	1.4280897186798824e-09
Disease	disease_33311	1.4279942849699205e-09
Disease	disease_9154	1.4278311046656959e-09
Disease	disease_8332	1.4271885067493091e-09
Disease	disease_12639	1.4268470481722605e-09
Disease	disease_11390	1.426793713080222e-09
Disease	disease_14517	1.4267526736145083e-09
Disease	disease_8663	1.4267433178417022e-09
Disease	disease_2241	1.426523365421383e-09
Disease	disease_16844	1.4258885102292063e-09
Disease	disease_14288	1.4249978745708422e-09
Disease	disease_14711	1.4231884357771768e-09
Disease	disease_3402	1.4231482587933007e-09
Disease	disease_11154	1.4219208058250615e-09
Disease	disease_18574	1.4219143840098242e-09
Disease	disease_15687	1.4219066905696597e-09
Disease	disease_8334	1.421815731584933e-09
Disease	disease_17826	1.4201594222505823e-09
Disease	disease_17825	1.4201594222505823e-09
Disease	disease_2064	1.4187190873225093e-09
Disease	disease_14385	1.4185234505508467e-09
Disease	disease_10779	1.4185107821729556e-09
Disease	disease_13762	1.4180142907260371e-09
Disease	disease_32778	1.4178516478350429e-09
Disease	disease_15241	1.417529323042952e-09
Disease	disease_3033	1.416989182715649e-09
Disease	disease_22745	1.4169526945035157e-09
Disease	disease_1001	1.4169526945035157e-09
Disease	disease_1003	1.4169526945035157e-09
Disease	disease_5690	1.4169526945035157e-09
Disease	disease_1004	1.4169526945035157e-09
Disease	disease_1406	1.4168517655648947e-09
Disease	disease_24332	1.4166947823503216e-09
Disease	disease_10169	1.4166384006387099e-09
Disease	disease_11239	1.4165163010041165e-09
Disease	disease_922	1.4164688273312305e-09
Disease	disease_18761	1.4164086963778649e-09
Disease	disease_6936	1.4149012243613207e-09
Disease	disease_9206	1.4138636692470805e-09
Disease	disease_9107	1.4137616254655763e-09
Disease	disease_8590	1.4129534521092541e-09
Disease	disease_25370	1.4119771897530965e-09
Disease	disease_43361	1.4119327892394996e-09
Disease	disease_20217	1.4101801444420393e-09
Disease	disease_29138	1.4095131765542103e-09
Disease	disease_33371	1.4089293563039112e-09
Disease	disease_14904	1.408868798707055e-09
Disease	disease_15903	1.4088120213668406e-09
Disease	disease_33202	1.408636701417629e-09
Disease	disease_5077	1.407924817455371e-09
Disease	disease_27749	1.407645157611337e-09
Disease	disease_12610	1.4071210681803733e-09
Disease	disease_13868	1.4060155884537944e-09
Disease	disease_14950	1.405934586570484e-09
Disease	disease_3470	1.4058237262445532e-09
Disease	disease_3474	1.4058237262445532e-09
Disease	disease_20726	1.4056951144967717e-09
Disease	disease_54835	1.405653558706026e-09
Disease	disease_7601	1.4051831126122797e-09
Disease	disease_17173	1.4051540991120513e-09
Disease	disease_14982	1.4047291970134616e-09
Disease	disease_100089	1.4044450902999068e-09
Disease	disease_2892	1.4039932632393148e-09
Disease	disease_16159	1.4032241509268277e-09
Disease	disease_20559	1.4031550134158606e-09
Disease	disease_12008	1.403093041697554e-09
Disease	disease_21093	1.4028586641876038e-09
Disease	disease_33651	1.4026526962454762e-09
Disease	disease_14689	1.402513548437115e-09
Disease	disease_16739	1.4018046026104636e-09
Disease	disease_11577	1.4015025292247517e-09
Disease	disease_13711	1.4007835898763146e-09
Disease	disease_10742	1.3997298094557266e-09
Disease	disease_16136	1.3992898165836347e-09
Disease	disease_16529	1.3986463190046621e-09
Disease	disease_1451	1.3979558786326111e-09
Disease	disease_11948	1.3973458175741627e-09
Disease	disease_13710	1.3966517929469871e-09
Disease	disease_4882	1.396377359449747e-09
Disease	disease_5141	1.3962881400499507e-09
Disease	disease_3687	1.3961526062985845e-09
Disease	disease_5847	1.3952038913806793e-09
Disease	disease_6972	1.3952038913806793e-09
Disease	disease_23011	1.3952038913806793e-09
Disease	disease_6931	1.3952038913806793e-09
Disease	disease_2929	1.3952038913806793e-09
Disease	disease_22736	1.3952038913806793e-09
Disease	disease_24615	1.3949675432627347e-09
Disease	disease_12677	1.3944995551264137e-09
Disease	disease_1214	1.3936341341238104e-09
Disease	disease_24551	1.3932260963093432e-09
Disease	disease_24881	1.3914052814590667e-09
Disease	disease_14258	1.3911345893756152e-09
Disease	disease_10205	1.3910864994319212e-09
Disease	disease_13179	1.3907832076521482e-09
Disease	disease_18718	1.3905826529231456e-09
Disease	disease_20285	1.3905050966283486e-09
Disease	disease_31169	1.3902411487766602e-09
Disease	disease_13360	1.3902032215511453e-09
Disease	disease_44201	1.3896814431154514e-09
Disease	disease_1708	1.389627571626738e-09
Disease	disease_24310	1.3895452675880936e-09
Disease	disease_12805	1.3895091972956404e-09
Disease	disease_30922	1.388508720498258e-09
Disease	disease_2425	1.3882107035782987e-09
Disease	disease_6239	1.3881993700373432e-09
Disease	disease_17610	1.387004690521621e-09
Disease	disease_19288	1.3868277377167978e-09
Disease	disease_21133	1.3867806161575888e-09
Disease	disease_7795	1.3867706519080569e-09
Disease	disease_3192	1.3865730512337796e-09
Disease	disease_11806	1.385917851797716e-09
Disease	disease_2889	1.3858736501390631e-09
Disease	disease_24265	1.3855201923746041e-09
Disease	disease_15273	1.3854663782391316e-09
Disease	disease_33362	1.3853659200435967e-09
Disease	disease_44309	1.3853412809161466e-09
Disease	disease_21838	1.3850978333224662e-09
Disease	disease_13864	1.3850338086816482e-09
Disease	disease_25028	1.3849246762480326e-09
Disease	disease_32633	1.38490574723106e-09
Disease	disease_881	1.3847717681507536e-09
Disease	disease_14537	1.3841225841640718e-09
Disease	disease_18121	1.383943671708215e-09
Disease	disease_14612	1.3838255084502867e-09
Disease	disease_100147	1.3827106026954398e-09
Disease	disease_19157	1.3825573536119336e-09
Disease	disease_13754	1.3822599933637741e-09
Disease	disease_14225	1.3822289850574396e-09
Disease	disease_21291	1.3818586540678821e-09
Disease	disease_21292	1.3818586540678821e-09
Disease	disease_19739	1.3818366817556805e-09
Disease	disease_44718	1.381493143983831e-09
Disease	disease_12615	1.3814303152302376e-09
Disease	disease_20096	1.381178222975276e-09
Disease	disease_21194	1.3793379782623785e-09
Disease	disease_1824	1.3792525463550935e-09
Disease	disease_7397	1.3789287606256901e-09
Disease	disease_18319	1.3784225719972178e-09
Disease	disease_18549	1.3776571556686978e-09
Disease	disease_17385	1.3765900612344903e-09
Disease	disease_11532	1.3757125534045966e-09
Disease	disease_7082	1.3756340650012858e-09
Disease	disease_16442	1.375559004435368e-09
Disease	disease_8755	1.3753322746107354e-09
Disease	disease_11588	1.3752397896238121e-09
Disease	disease_41186	1.3745238855872556e-09
Disease	disease_3631	1.373050239081059e-09
Disease	disease_10297	1.372638369681521e-09
Disease	disease_8557	1.3723560886884189e-09
Disease	disease_11911	1.3723167532135357e-09
Disease	disease_1898	1.3716474182748437e-09
Disease	disease_14465	1.3714666516784727e-09
Disease	disease_858	1.3710296370916603e-09
Disease	disease_12924	1.3709018607212489e-09
Disease	disease_15854	1.3706883064739984e-09
Disease	disease_6103	1.3704245265480248e-09
Disease	disease_3400	1.3702138623529787e-09
Disease	disease_21580	1.3693402056832246e-09
Disease	disease_2217	1.3692397118756195e-09
Disease	disease_14491	1.3691317158981766e-09
Disease	disease_32815	1.3690887687990888e-09
Disease	disease_8560	1.368983003501072e-09
Disease	disease_12665	1.368475349662921e-09
Disease	disease_22471	1.368125224426268e-09
Disease	disease_8975	1.3675687438812553e-09
Disease	disease_4653	1.3672581666270331e-09
Disease	disease_4265	1.3668881482362063e-09
Disease	disease_9625	1.366568857796469e-09
Disease	disease_13963	1.3664323000303399e-09
Disease	disease_3291	1.3659445926532297e-09
Disease	disease_1930	1.3650637110919618e-09
Disease	disease_32663	1.364363567762239e-09
Disease	disease_11249	1.363868080643722e-09
Disease	disease_24516	1.3633939182498706e-09
Disease	disease_15215	1.3633351841757848e-09
Disease	disease_253	1.3630504767058674e-09
Disease	disease_24321	1.3630179509256903e-09
Disease	disease_18846	1.3619546313382291e-09
Disease	disease_20164	1.3617158382445997e-09
Disease	disease_19820	1.3613718795891703e-09
Disease	disease_14407	1.3613014592700623e-09
Disease	disease_20337	1.3610052789465395e-09
Disease	disease_21180	1.3605477480350845e-09
Disease	disease_4935	1.3605477480350845e-09
Disease	disease_14133	1.3602638131971304e-09
Disease	disease_7481	1.3599720772838767e-09
Disease	disease_24543	1.359275115370509e-09
Disease	disease_10792	1.3589919398121585e-09
Disease	disease_1468	1.3584625485496913e-09
Disease	disease_9097	1.3583092052609183e-09
Disease	disease_14724	1.3582648307505347e-09
Disease	disease_561	1.3579528283875045e-09
Disease	disease_19692	1.3579169098146957e-09
Disease	disease_12529	1.3575781545335884e-09
Disease	disease_6837	1.3573965584383637e-09
Disease	disease_3665	1.357088585156933e-09
Disease	disease_8196	1.357021298117365e-09
Disease	disease_16098	1.355676535545877e-09
Disease	disease_34204	1.3548548817506032e-09
Disease	disease_18304	1.3545706777377565e-09
Disease	disease_7956	1.3544638623805471e-09
Disease	disease_4869	1.354072397767456e-09
Disease	disease_14015	1.3536784607618641e-09
Disease	disease_2436	1.3536072542910995e-09
Disease	disease_2565	1.3534383464646147e-09
Disease	disease_18262	1.3525187804714584e-09
Disease	disease_15532	1.3518393839270334e-09
Disease	disease_9272	1.3511917022485361e-09
Disease	disease_14328	1.3511211581692446e-09
Disease	disease_4330	1.3508723997812623e-09
Disease	disease_8217	1.3505564830268627e-09
Disease	disease_18558	1.3484942136586566e-09
Disease	disease_18988	1.348432104632508e-09
Disease	disease_11054	1.348035583174098e-09
Disease	disease_36779	1.348005426352773e-09
Disease	disease_2878	1.3473198750729456e-09
Disease	disease_12551	1.347224385984427e-09
Disease	disease_9235	1.347062634442802e-09
Disease	disease_13715	1.3470164315035565e-09
Disease	disease_15020	1.3464249443940236e-09
Disease	disease_16280	1.3463005675319667e-09
Disease	disease_6662	1.3462650619831718e-09
Disease	disease_4996	1.3460815895941796e-09
Disease	disease_16004	1.346064627924851e-09
Disease	disease_7937	1.34600455920746e-09
Disease	disease_9368	1.3459751351752437e-09
Disease	disease_5883	1.345969730280522e-09
Disease	disease_2648	1.3456130761861135e-09
Disease	disease_19085	1.3455267151566462e-09
Disease	disease_4483	1.3445233204621211e-09
Disease	disease_23483	1.344102803425165e-09
Disease	disease_33554	1.3440276693838016e-09
Disease	disease_44776	1.3438750937418298e-09
Disease	disease_3633	1.343647458330346e-09
Disease	disease_11720	1.3433829295971773e-09
Disease	disease_5380	1.3432464070347724e-09
Disease	disease_30841	1.3430398520357402e-09
Disease	disease_5434	1.3416961739895613e-09
Disease	disease_8745	1.3414102294123333e-09
Disease	disease_4092	1.3406062857949916e-09
Disease	disease_16536	1.3404932440309036e-09
Disease	disease_30843	1.3402243098099376e-09
Disease	disease_24304	1.3391748332114345e-09
Disease	disease_14786	1.3389924238556214e-09
Disease	disease_7783	1.3387832272353983e-09
Disease	disease_14418	1.3373258579875131e-09
Disease	disease_18754	1.3370564970964644e-09
Disease	disease_18528	1.3367159330189666e-09
Disease	disease_7738	1.3361455155737603e-09
Disease	disease_3844	1.3360507919401996e-09
Disease	disease_44310	1.3359098967549733e-09
Disease	disease_2478	1.3358301105840598e-09
Disease	disease_13989	1.3355177292936626e-09
Disease	disease_7428	1.3351437121034694e-09
Disease	disease_32664	1.3350907180988894e-09
Disease	disease_12928	1.3350340757730296e-09
Disease	disease_9732	1.3348704846017801e-09
Disease	disease_17231	1.3345220851311314e-09
Disease	disease_22714	1.3345220851311314e-09
Disease	disease_14648	1.3342652218316333e-09
Disease	disease_20012	1.3340301857783756e-09
Disease	disease_3054	1.3336199472485905e-09
Disease	disease_37745	1.333430525552096e-09
Disease	disease_16425	1.3330756288906465e-09
Disease	disease_12730	1.3328721472743824e-09
Disease	disease_13681	1.332210424423028e-09
Disease	disease_32880	1.3314514262880555e-09
Disease	disease_3548	1.3301979096130108e-09
Disease	disease_11843	1.3299569962404092e-09
Disease	disease_44720	1.3298835665656494e-09
Disease	disease_21915	1.3297993431294102e-09
Disease	disease_8905	1.329797726435605e-09
Disease	disease_43364	1.3296969883031425e-09
Disease	disease_17734	1.3296399828925922e-09
Disease	disease_12504	1.3296336982375397e-09
Disease	disease_14305	1.329232474847909e-09
Disease	disease_32665	1.3289966576548663e-09
Disease	disease_12434	1.3289825709690785e-09
Disease	disease_8073	1.3289806501814035e-09
Disease	disease_15355	1.3283230355402143e-09
Disease	disease_10503	1.3282921986794052e-09
Disease	disease_19856	1.3282170361745896e-09
Disease	disease_4544	1.3279044100983552e-09
Disease	disease_2918	1.3279044100983552e-09
Disease	disease_9687	1.3278487102564621e-09
Disease	disease_32918	1.3273986204349182e-09
Disease	disease_18605	1.3272419237674935e-09
Disease	disease_6562	1.3270214901232493e-09
Disease	disease_5611	1.3265617356942345e-09
Disease	disease_24297	1.3262014050916745e-09
Disease	disease_33545	1.3260697375584935e-09
Disease	disease_14820	1.3258953885538504e-09
Disease	disease_44318	1.3255291580449233e-09
Disease	disease_60650	1.3231946574804094e-09
Disease	disease_13014	1.3225307853480326e-09
Disease	disease_4380	1.3217794959897103e-09
Disease	disease_7925	1.3217752517589573e-09
Disease	disease_13222	1.3207664151600254e-09
Disease	disease_17745	1.3204368003483022e-09
Disease	disease_44993	1.320164353283869e-09
Disease	disease_11368	1.3200462563946308e-09
Disease	disease_11312	1.3200462563946308e-09
Disease	disease_18390	1.319881761761841e-09
Disease	disease_16468	1.319274568631154e-09
Disease	disease_18233	1.3190293947292963e-09
Disease	disease_17711	1.3185469124473822e-09
Disease	disease_17344	1.3184707319537126e-09
Disease	disease_16909	1.3181541112693342e-09
Disease	disease_6416	1.317577345717481e-09
Disease	disease_11897	1.3171623621589716e-09
Disease	disease_2450	1.3165191794032105e-09
Disease	disease_2143	1.316471210252037e-09
Disease	disease_4450	1.3162274123584137e-09
Disease	disease_20339	1.316195675796904e-09
Disease	disease_12184	1.315534777689537e-09
Disease	disease_13039	1.315533406769021e-09
Disease	disease_7380	1.3154351638942457e-09
Disease	disease_17961	1.314896621134707e-09
Disease	disease_19898	1.3144641388344743e-09
Disease	disease_13889	1.3126175366322948e-09
Disease	disease_12925	1.3125597609294346e-09
Disease	disease_755	1.3124616756463698e-09
Disease	disease_7424	1.3123289760308476e-09
Disease	disease_15001	1.3121166734772827e-09
Disease	disease_17799	1.311622254161604e-09
Disease	disease_8640	1.3114948346260613e-09
Disease	disease_45011	1.3111300085250894e-09
Disease	disease_17741	1.3108581555649986e-09
Disease	disease_16874	1.30987118325656e-09
Disease	disease_3774	1.308890879662042e-09
Disease	disease_12096	1.307810703448744e-09
Disease	disease_9880	1.3077249984318393e-09
Disease	disease_19405	1.3076117790680055e-09
Disease	disease_32609	1.307058528524448e-09
Disease	disease_13115	1.3067347045805037e-09
Disease	disease_1397	1.3066071849070444e-09
Disease	disease_33638	1.3059708561314139e-09
Disease	disease_19800	1.3044338276381062e-09
Disease	disease_7422	1.3042112078241967e-09
Disease	disease_24564	1.3039467181911968e-09
Disease	disease_18417	1.30315920482963e-09
Disease	disease_11894	1.3030601922118043e-09
Disease	disease_14930	1.302815254395607e-09
Disease	disease_13828	1.3026288183085542e-09
Disease	disease_14430	1.3019429644663951e-09
Disease	disease_8826	1.3019326989264632e-09
Disease	disease_13191	1.3005358087836027e-09
Disease	disease_14858	1.2998330020957758e-09
Disease	disease_23726	1.2997929040088192e-09
Disease	disease_5780	1.2997918816248385e-09
Disease	disease_3028	1.2993064294728684e-09
Disease	disease_3257	1.2989931042978285e-09
Disease	disease_4446	1.2989452620560682e-09
Disease	disease_9940	1.298721748288618e-09
Disease	disease_4460	1.2981472273675212e-09
Disease	disease_4558	1.2981472273675212e-09
Disease	disease_4524	1.2981472273675212e-09
Disease	disease_44682	1.29767324010239e-09
Disease	disease_5187	1.2971825953078009e-09
Disease	disease_7395	1.296807452808873e-09
Disease	disease_14621	1.2959576153779615e-09
Disease	disease_10365	1.2959321249906334e-09
Disease	disease_224	1.295449381848011e-09
Disease	disease_20499	1.2952190879952238e-09
Disease	disease_12832	1.2944839228281573e-09
Disease	disease_6142	1.2941087004451164e-09
Disease	disease_11998	1.293804711738753e-09
Disease	disease_2815	1.2935990207487638e-09
Disease	disease_13891	1.2930890233146e-09
Disease	disease_13986	1.292975314828746e-09
Disease	disease_19404	1.291763113321985e-09
Disease	disease_44326	1.2917447315165733e-09
Disease	disease_13254	1.2913812606150092e-09
Disease	disease_14388	1.2911033619177456e-09
Disease	disease_9592	1.289971367660663e-09
Disease	disease_21054	1.2891102223309779e-09
Disease	disease_13164	1.2887607757438629e-09
Disease	disease_17275	1.288218719285534e-09
Disease	disease_19160	1.2882022388261313e-09
Disease	disease_2809	1.2880182411278344e-09
Disease	disease_20374	1.2879905184896907e-09
Disease	disease_8357	1.28798914001016e-09
Disease	disease_13048	1.2877922523998956e-09
Disease	disease_14275	1.2875788585436018e-09
Disease	disease_3404	1.2869260818901831e-09
Disease	disease_9822	1.2861647933537786e-09
Disease	disease_18418	1.2860209548590475e-09
Disease	disease_14584	1.2857654292592886e-09
Disease	disease_16289	1.2855894858284069e-09
Disease	disease_10460	1.2853205634663559e-09
Disease	disease_9449	1.2849718520910083e-09
Disease	disease_5950	1.2849245324907693e-09
Disease	disease_8437	1.2848538336362335e-09
Disease	disease_21088	1.2848027747880935e-09
Disease	disease_2559	1.2839535427196323e-09
Disease	disease_2548	1.2839535427196323e-09
Disease	disease_10912	1.2835418981855058e-09
Disease	disease_3366	1.2835136404838197e-09
Disease	disease_12869	1.2827432962541619e-09
Disease	disease_16195	1.2826109893062253e-09
Disease	disease_9594	1.2825288206705728e-09
Disease	disease_12220	1.2823196081732147e-09
Disease	disease_7585	1.2818607004211524e-09
Disease	disease_9052	1.2815919432554217e-09
Disease	disease_24880	1.2811598477873885e-09
Disease	disease_14344	1.2808591839889055e-09
Disease	disease_7725	1.2808192958382998e-09
Disease	disease_10884	1.2802009787016602e-09
Disease	disease_13200	1.2796709332011135e-09
Disease	disease_20286	1.2793288109541907e-09
Disease	disease_1429	1.2790056882375554e-09
Disease	disease_10965	1.2782317137958725e-09
Disease	disease_16559	1.2782135979487308e-09
Disease	disease_7529	1.2773325167983894e-09
Disease	disease_11255	1.276362994724084e-09
Disease	disease_10647	1.2759803571385138e-09
Disease	disease_2888	1.2759147923625331e-09
Disease	disease_18279	1.275766947268696e-09
Disease	disease_5175	1.2753471902000667e-09
Disease	disease_5176	1.2753471902000667e-09
Disease	disease_14174	1.274666716898708e-09
Disease	disease_26763	1.2736217471102542e-09
Disease	disease_12901	1.273320959457399e-09
Disease	disease_9779	1.272826936433285e-09
Disease	disease_21471	1.2727210578263688e-09
Disease	disease_16008	1.271728528999404e-09
Disease	disease_26732	1.2715167524810982e-09
Disease	disease_8025	1.2715151153091418e-09
Disease	disease_33948	1.271365020811452e-09
Disease	disease_20692	1.2710844374441453e-09
Disease	disease_44743	1.2710122313361169e-09
Disease	disease_13546	1.2704439291316278e-09
Disease	disease_12939	1.2700069347066259e-09
Disease	disease_6401	1.269484816110218e-09
Disease	disease_13247	1.2692781482874526e-09
Disease	disease_7131	1.2679836052629297e-09
Disease	disease_10412	1.267806157335035e-09
Disease	disease_9681	1.267611200629261e-09
Disease	disease_7277	1.2672794366966914e-09
Disease	disease_811	1.2667996847443128e-09
Disease	disease_11522	1.2660829302305092e-09
Disease	disease_32610	1.2650192582235031e-09
Disease	disease_9232	1.264720938955338e-09
Disease	disease_2077	1.2641983417528971e-09
Disease	disease_19073	1.2641733181194742e-09
Disease	disease_5664	1.2627834637820711e-09
Disease	disease_12790	1.261805920967832e-09
Disease	disease_18135	1.2617740491270657e-09
Disease	disease_13838	1.260919575223188e-09
Disease	disease_21576	1.2607561639263778e-09
Disease	disease_33281	1.2607102325544951e-09
Disease	disease_44974	1.2603713550291645e-09
Disease	disease_22151	1.2599751773170732e-09
Disease	disease_10146	1.2598224246646792e-09
Disease	disease_14743	1.2596793678818601e-09
Disease	disease_16305	1.2590698923780342e-09
Disease	disease_11408	1.2590224789943667e-09
Disease	disease_5862	1.2587204013747234e-09
Disease	disease_14286	1.2585237613107613e-09
Disease	disease_15708	1.2583605910643347e-09
Disease	disease_5888	1.2578657699042837e-09
Disease	disease_144	1.2575291106193085e-09
Disease	disease_14516	1.257424434684985e-09
Disease	disease_2759	1.2572386686355186e-09
Disease	disease_2763	1.2567203570224787e-09
Disease	disease_4392	1.2559713266850372e-09
Disease	disease_12766	1.255949299444767e-09
Disease	disease_4022	1.2558808166945004e-09
Disease	disease_13561	1.25572747009573e-09
Disease	disease_12694	1.25544196491419e-09
Disease	disease_16567	1.2548810289640026e-09
Disease	disease_7701	1.2547527884019227e-09
Disease	disease_10752	1.2546743295574137e-09
Disease	disease_14419	1.2541875667199548e-09
Disease	disease_16838	1.2540429187385542e-09
Disease	disease_4015	1.2537299272258913e-09
Disease	disease_4885	1.253522905365755e-09
Disease	disease_7171	1.253180227969879e-09
Disease	disease_3105	1.2530259881019856e-09
Disease	disease_8923	1.2529449948347827e-09
Disease	disease_16007	1.252922106762283e-09
Disease	disease_2659	1.2524256123099634e-09
Disease	disease_16145	1.2523780874912552e-09
Disease	disease_4612	1.2523744783581461e-09
Disease	disease_10455	1.2515573601259167e-09
Disease	disease_554	1.2513272309653886e-09
Disease	disease_7446	1.251001151425049e-09
Disease	disease_11875	1.249832628082085e-09
Disease	disease_16956	1.2498032335765855e-09
Disease	disease_18370	1.2497443324731808e-09
Disease	disease_19626	1.2495546022763075e-09
Disease	disease_1275	1.2495074662528632e-09
Disease	disease_12728	1.249241214070894e-09
Disease	disease_2734	1.248710911232992e-09
Disease	disease_19088	1.2485275380516332e-09
Disease	disease_12845	1.247996034409909e-09
Disease	disease_18240	1.2479926692044752e-09
Disease	disease_15083	1.2471572805621926e-09
Disease	disease_9096	1.2471081848873675e-09
Disease	disease_819	1.2468878481465678e-09
Disease	disease_30059	1.2464663771685779e-09
Disease	disease_44990	1.2458935386679495e-09
Disease	disease_6387	1.245840945653368e-09
Disease	disease_13217	1.2449398516184473e-09
Disease	disease_14736	1.244173931061352e-09
Disease	disease_100014	1.2438133166512891e-09
Disease	disease_10644	1.2434510996054915e-09
Disease	disease_14409	1.2429990939832492e-09
Disease	disease_17807	1.2429873023653894e-09
Disease	disease_654	1.242930897722408e-09
Disease	disease_12787	1.2428516423923434e-09
Disease	disease_9493	1.242435729890491e-09
Disease	disease_4611	1.2422922962999117e-09
Disease	disease_11176	1.2416519226726218e-09
Disease	disease_970	1.241570376886603e-09
Disease	disease_2996	1.2415002004880874e-09
Disease	disease_1191	1.241083549022824e-09
Disease	disease_19387	1.241062764404535e-09
Disease	disease_13123	1.2409111978337192e-09
Disease	disease_24557	1.2408206665552383e-09
Disease	disease_33968	1.2399768549804926e-09
Disease	disease_15495	1.239806935870839e-09
Disease	disease_11970	1.2394441526445133e-09
Disease	disease_44648	1.2392995103772923e-09
Disease	disease_17266	1.239167116473921e-09
Disease	disease_18104	1.2390718524694682e-09
Disease	disease_21112	1.2381082906958721e-09
Disease	disease_6625	1.2379406469562272e-09
Disease	disease_41850	1.2373479171223606e-09
Disease	disease_13993	1.2368955195875525e-09
Disease	disease_18392	1.2363895212766253e-09
Disease	disease_11443	1.2360673466827684e-09
Disease	disease_19197	1.2359177100491942e-09
Disease	disease_1096	1.2357249650313148e-09
Disease	disease_20787	1.2356184471937784e-09
Disease	disease_2522	1.2350416662631749e-09
Disease	disease_11140	1.2348605919295232e-09
Disease	disease_7551	1.2346958233495435e-09
Disease	disease_13519	1.2343292053295247e-09
Disease	disease_7048	1.2342591217385842e-09
Disease	disease_7483	1.2338654025140945e-09
Disease	disease_33135	1.2338543677519095e-09
Disease	disease_14594	1.2337953192096387e-09
Disease	disease_6128	1.2332895351573344e-09
Disease	disease_11555	1.233224678264896e-09
Disease	disease_6641	1.233200473506093e-09
Disease	disease_6552	1.2331761834749448e-09
Disease	disease_1383	1.2325916926297718e-09
Disease	disease_5692	1.2320517193235417e-09
Disease	disease_19873	1.2320416063683563e-09
Disease	disease_3842	1.231915892851515e-09
Disease	disease_16016	1.2315117194638906e-09
Disease	disease_7381	1.2312498408365536e-09
Disease	disease_12840	1.2303490711009404e-09
Disease	disease_15437	1.2303003658589208e-09
Disease	disease_20247	1.2299144158683195e-09
Disease	disease_11857	1.2293117721654031e-09
Disease	disease_14844	1.2292137997651755e-09
Disease	disease_1197	1.2284472419323536e-09
Disease	disease_32571	1.2283298492054213e-09
Disease	disease_14395	1.2279799232077535e-09
Disease	disease_13042	1.2278895077347978e-09
Disease	disease_17165	1.2277745250689974e-09
Disease	disease_18783	1.2275769707554748e-09
Disease	disease_44355	1.2275769707554748e-09
Disease	disease_1854	1.2275067006134109e-09
Disease	disease_535	1.2275015723405054e-09
Disease	disease_18750	1.2274309162572914e-09
Disease	disease_17986	1.226487795523418e-09
Disease	disease_2410	1.2263170101423312e-09
Disease	disease_15322	1.2262180206221767e-09
Disease	disease_20856	1.2260016036574314e-09
Disease	disease_14577	1.2258838448491084e-09
Disease	disease_7165	1.2258580419332132e-09
Disease	disease_13170	1.2257171991687703e-09
Disease	disease_7510	1.2256204369263427e-09
Disease	disease_10671	1.2254442338963545e-09
Disease	disease_54581	1.2244036245944699e-09
Disease	disease_3062	1.2239894472923496e-09
Disease	disease_7917	1.2238954682128363e-09
Disease	disease_18231	1.2238531947432894e-09
Disease	disease_9872	1.2237322114576715e-09
Disease	disease_13582	1.2227036486896455e-09
Disease	disease_21260	1.2223378092073096e-09
Disease	disease_13839	1.2218929760615861e-09
Disease	disease_18731	1.2218599412644387e-09
Disease	disease_11311	1.2217946732035705e-09
Disease	disease_15499	1.221545344849836e-09
Disease	disease_20381	1.2210632720593362e-09
Disease	disease_30072	1.2209721333695218e-09
Disease	disease_20284	1.2207571315357217e-09
Disease	disease_3058	1.2203441407193117e-09
Disease	disease_3055	1.2203441407193117e-09
Disease	disease_3056	1.2203441407193117e-09
Disease	disease_4146	1.2203441407193117e-09
Disease	disease_4143	1.2203441407193117e-09
Disease	disease_4145	1.2203441407193117e-09
Disease	disease_4144	1.2203441407193117e-09
Disease	disease_3918	1.2203441407193117e-09
Disease	disease_5672	1.2199797142784022e-09
Disease	disease_14733	1.2199320136026356e-09
Disease	disease_10775	1.2185306810827166e-09
Disease	disease_7378	1.21849605013373e-09
Disease	disease_100150	1.2183937513649617e-09
Disease	disease_2196	1.2183135138147694e-09
Disease	disease_15921	1.218066283204381e-09
Disease	disease_6270	1.2179973922014455e-09
Disease	disease_13690	1.2177974919323279e-09
Disease	disease_13382	1.2177219353869624e-09
Disease	disease_11828	1.2174243866601648e-09
Disease	disease_1633	1.2173178761851333e-09
Disease	disease_19690	1.217267795705827e-09
Disease	disease_13761	1.2171060810773716e-09
Disease	disease_14394	1.216515452525534e-09
Disease	disease_14887	1.2164085441593084e-09
Disease	disease_35008	1.2160613940390812e-09
Disease	disease_100032	1.2159718351061296e-09
Disease	disease_18498	1.2156444884199784e-09
Disease	disease_20387	1.2156444884199784e-09
Disease	disease_20388	1.2156444884199784e-09
Disease	disease_20586	1.2149598223948588e-09
Disease	disease_20863	1.214489452763223e-09
Disease	disease_10358	1.2144272151106096e-09
Disease	disease_13248	1.2144123784672213e-09
Disease	disease_11449	1.2142247881629142e-09
Disease	disease_2021	1.2138236966345464e-09
Disease	disease_20599	1.2137341745908397e-09
Disease	disease_4021	1.2135877748623074e-09
Disease	disease_20332	1.2124472283183813e-09
Disease	disease_13455	1.212424955681567e-09
Disease	disease_20109	1.2117212400340897e-09
Disease	disease_9523	1.2116162399990165e-09
Disease	disease_18930	1.2114489591517574e-09
Disease	disease_22037	1.2113425492028562e-09
Disease	disease_21575	1.2110794823036303e-09
Disease	disease_14628	1.2105495968603245e-09
Disease	disease_13791	1.2105418630779598e-09
Disease	disease_17782	1.2103910717256716e-09
Disease	disease_27694	1.2096293192788012e-09
Disease	disease_18709	1.209556549199928e-09
Disease	disease_921	1.2093538103181297e-09
Disease	disease_1522	1.209178901450177e-09
Disease	disease_16676	1.2090879169063816e-09
Disease	disease_17055	1.2082263509622147e-09
Disease	disease_30918	1.2079859080774212e-09
Disease	disease_14511	1.2076859544899576e-09
Disease	disease_16854	1.207406303276476e-09
Disease	disease_15238	1.2067987620450925e-09
Disease	disease_33615	1.2064997217758225e-09
Disease	disease_32822	1.2062074620251182e-09
Disease	disease_11216	1.2061170153484515e-09
Disease	disease_12164	1.2053452153341339e-09
Disease	disease_9768	1.2052405918001347e-09
Disease	disease_13216	1.2051560276578425e-09
Disease	disease_14876	1.2051279786046857e-09
Disease	disease_22417	1.2046750881725174e-09
Disease	disease_15764	1.2038570184471925e-09
Disease	disease_17080	1.2035720659465482e-09
Disease	disease_10816	1.2034936598316929e-09
Disease	disease_17357	1.2030543971310573e-09
Disease	disease_9202	1.2030261509760282e-09
Disease	disease_17271	1.2027811849800021e-09
Disease	disease_14966	1.202776073918522e-09
Disease	disease_17244	1.2027626613234225e-09
Disease	disease_2707	1.2023464295787009e-09
Disease	disease_14567	1.2020848621583338e-09
Disease	disease_11771	1.2015748606824182e-09
Disease	disease_8911	1.2015500306343127e-09
Disease	disease_22404	1.2014632889504154e-09
Disease	disease_22407	1.2014632889504154e-09
Disease	disease_22397	1.2014632889504154e-09
Disease	disease_22399	1.2014632889504154e-09
Disease	disease_22405	1.2014632889504154e-09
Disease	disease_22400	1.2014632889504154e-09
Disease	disease_33853	1.201120711538462e-09
Disease	disease_11170	1.2007114524695938e-09
Disease	disease_3641	1.2003454823899575e-09
Disease	disease_6876	1.2003079601076772e-09
Disease	disease_18869	1.1988996707756529e-09
Disease	disease_14428	1.1987488239826566e-09
Disease	disease_11556	1.1986544525479828e-09
Disease	disease_9644	1.1986501211745945e-09
Disease	disease_2936	1.1982486146743121e-09
Disease	disease_6595	1.1978197698910141e-09
Disease	disease_22904	1.1975269430267688e-09
Disease	disease_14866	1.1971972304661686e-09
Disease	disease_43176	1.1968879513711947e-09
Disease	disease_14513	1.1966352462187513e-09
Disease	disease_3714	1.1965317157304306e-09
Disease	disease_17902	1.1962237961468006e-09
Disease	disease_14580	1.1959384602575e-09
Disease	disease_2724	1.195697971775939e-09
Disease	disease_16902	1.1956949588012716e-09
Disease	disease_18185	1.1955490210006016e-09
Disease	disease_32675	1.1954526841169428e-09
Disease	disease_3476	1.1953556927020013e-09
Disease	disease_3475	1.1953556927020013e-09
Disease	disease_9008	1.1951333807609728e-09
Disease	disease_2158	1.194956477940025e-09
Disease	disease_11458	1.19418436177506e-09
Disease	disease_100297	1.193878954502088e-09
Disease	disease_263	1.1935596019351432e-09
Disease	disease_16792	1.193521729240076e-09
Disease	disease_4382	1.1933866154952008e-09
Disease	disease_9417	1.1927154070789788e-09
Disease	disease_9838	1.192573228655217e-09
Disease	disease_17970	1.1923036797960625e-09
Disease	disease_17132	1.1918286916507381e-09
Disease	disease_13967	1.1917054039847962e-09
Disease	disease_13503	1.1914444258338307e-09
Disease	disease_5584	1.191398421607759e-09
Disease	disease_390	1.1913781827528896e-09
Disease	disease_17058	1.191176758919499e-09
Disease	disease_5497	1.1909526016018197e-09
Disease	disease_13990	1.1907950285933188e-09
Disease	disease_32895	1.1907752347242975e-09
Disease	disease_26730	1.1903990632379413e-09
Disease	disease_2304	1.1899035314794373e-09
Disease	disease_13896	1.1895714682205368e-09
Disease	disease_32605	1.1892330168697145e-09
Disease	disease_33645	1.1890579649951353e-09
Disease	disease_5272	1.1890466505388113e-09
Disease	disease_6836	1.188941216135349e-09
Disease	disease_7558	1.1879396713972242e-09
Disease	disease_14499	1.1876538621883547e-09
Disease	disease_4310	1.1875402203872915e-09
Disease	disease_14900	1.1873800269721438e-09
Disease	disease_13041	1.1869912966575698e-09
Disease	disease_1081	1.1869737502176865e-09
Disease	disease_4091	1.1868965793812747e-09
Disease	disease_9714	1.1868376010868974e-09
Disease	disease_33280	1.1867230412507272e-09
Disease	disease_16014	1.1866827618889016e-09
Disease	disease_15877	1.1863121212687972e-09
Disease	disease_7780	1.186034969432221e-09
Disease	disease_15907	1.1852774823576957e-09
Disease	disease_3174	1.1850066192464429e-09
Disease	disease_4034	1.1850055165965572e-09
Disease	disease_11166	1.184715110480111e-09
Disease	disease_44325	1.18423842317204e-09
Disease	disease_13195	1.1841416422780437e-09
Disease	disease_12431	1.1840547196705658e-09
Disease	disease_20663	1.183922957316599e-09
Disease	disease_11413	1.1839046332601156e-09
Disease	disease_12829	1.1836290771985798e-09
Disease	disease_12837	1.1836290771985798e-09
Disease	disease_12841	1.1836290771985798e-09
Disease	disease_12973	1.1836290771985798e-09
Disease	disease_11521	1.1836290771985798e-09
Disease	disease_13012	1.1836290771985798e-09
Disease	disease_12940	1.1836290771985798e-09
Disease	disease_12852	1.1836290771985798e-09
Disease	disease_12886	1.1836290771985798e-09
Disease	disease_12887	1.1836290771985798e-09
Disease	disease_15176	1.1836290771985798e-09
Disease	disease_12838	1.1836290771985798e-09
Disease	disease_11700	1.1836290771985798e-09
Disease	disease_11661	1.1836290771985798e-09
Disease	disease_11699	1.1836290771985798e-09
Disease	disease_11701	1.1836290771985798e-09
Disease	disease_12040	1.1836290771985798e-09
Disease	disease_11087	1.1836290771985798e-09
Disease	disease_4741	1.183459972131724e-09
Disease	disease_12130	1.183417798718752e-09
Disease	disease_54724	1.18287039531727e-09
Disease	disease_11378	1.1826344914418947e-09
Disease	disease_21509	1.182389380912799e-09
Disease	disease_7014	1.1818545523853434e-09
Disease	disease_6462	1.1818294351431605e-09
Disease	disease_19676	1.1816602052468733e-09
Disease	disease_16870	1.1814304067634324e-09
Disease	disease_19560	1.1810754748676486e-09
Disease	disease_32646	1.181042217836747e-09
Disease	disease_19534	1.1802475600843437e-09
Disease	disease_18734	1.1790943109179187e-09
Disease	disease_45028	1.178883268500673e-09
Disease	disease_2386	1.1784836473993363e-09
Disease	disease_8924	1.1782741592183247e-09
Disease	disease_1685	1.1780736331980057e-09
Disease	disease_1690	1.1780736331980057e-09
Disease	disease_4811	1.1780736331980057e-09
Disease	disease_11477	1.1779824864819024e-09
Disease	disease_12111	1.1772517927380156e-09
Disease	disease_5861	1.177243944447971e-09
Disease	disease_32615	1.1770566848894768e-09
Disease	disease_7881	1.176908425698391e-09
Disease	disease_54780	1.1760732716817204e-09
Disease	disease_19426	1.1758335205413054e-09
Disease	disease_13134	1.1758077139228844e-09
Disease	disease_6275	1.1757494426577032e-09
Disease	disease_6139	1.1755790792593088e-09
Disease	disease_4530	1.1755790792593088e-09
Disease	disease_6137	1.1755790792593088e-09
Disease	disease_13388	1.175553224761325e-09
Disease	disease_21309	1.1754457728302625e-09
Disease	disease_19718	1.175426363512974e-09
Disease	disease_8359	1.1747462161887428e-09
Disease	disease_7327	1.17463060791348e-09
Disease	disease_8093	1.1737874426969234e-09
Disease	disease_7740	1.1729912621379806e-09
Disease	disease_13574	1.1728358106710455e-09
Disease	disease_14	1.1719867861041571e-09
Disease	disease_4440	1.1710837960999011e-09
Disease	disease_20490	1.1710776826878163e-09
Disease	disease_4682	1.170926801201083e-09
Disease	disease_17333	1.1706348653050383e-09
Disease	disease_18422	1.170077414709577e-09
Disease	disease_30064	1.169805763073752e-09
Disease	disease_16037	1.1692898917137066e-09
Disease	disease_20062	1.168863552410673e-09
Disease	disease_13556	1.1685813214256764e-09
Disease	disease_8161	1.16842084388654e-09
Disease	disease_20294	1.1683461366992147e-09
Disease	disease_10859	1.1682960966596747e-09
Disease	disease_18452	1.167787454785217e-09
Disease	disease_20682	1.1677713634146173e-09
Disease	disease_20103	1.167765052154528e-09
Disease	disease_11650	1.1673508716019232e-09
Disease	disease_12874	1.1673299586526501e-09
Disease	disease_13722	1.1667223134043462e-09
Disease	disease_17900	1.1662914208226057e-09
Disease	disease_12534	1.165954031341726e-09
Disease	disease_9430	1.1656140400717053e-09
Disease	disease_14370	1.1651154376657416e-09
Disease	disease_11679	1.165111292037261e-09
Disease	disease_32909	1.1644260923003992e-09
Disease	disease_2016	1.1637189541828636e-09
Disease	disease_33672	1.1635151699668877e-09
Disease	disease_11879	1.163488807035239e-09
Disease	disease_6937	1.163058701722136e-09
Disease	disease_20697	1.1618585501560337e-09
Disease	disease_12703	1.1616063052874582e-09
Disease	disease_18758	1.1610567443945576e-09
Disease	disease_20753	1.1605429300497465e-09
Disease	disease_15586	1.1600080417159098e-09
Disease	disease_37255	1.1593948863307562e-09
Disease	disease_2669	1.1592833610828047e-09
Disease	disease_6187	1.1582054198091892e-09
Disease	disease_33650	1.1575150596833295e-09
Disease	disease_13423	1.157501427257984e-09
Disease	disease_11557	1.1574492440444796e-09
Disease	disease_13982	1.1574059570514752e-09
Disease	disease_19146	1.1566892466772955e-09
Disease	disease_7876	1.1566687386739969e-09
Disease	disease_14462	1.1560200470939498e-09
Disease	disease_20748	1.1558448504298578e-09
Disease	disease_7981	1.15561773801992e-09
Disease	disease_7134	1.1555117088000511e-09
Disease	disease_8938	1.155393617293957e-09
Disease	disease_1798	1.1545864030266174e-09
Disease	disease_13956	1.1540412833370716e-09
Disease	disease_15632	1.153905781518776e-09
Disease	disease_8225	1.1538391287109623e-09
Disease	disease_33261	1.1538072753080716e-09
Disease	disease_12804	1.1536652149290036e-09
Disease	disease_24501	1.152940696080807e-09
Disease	disease_10299	1.1528453639752059e-09
Disease	disease_44619	1.152666194862566e-09
Disease	disease_4466	1.1524774974566803e-09
Disease	disease_21503	1.1523146677071532e-09
Disease	disease_1092	1.1521905612424763e-09
Disease	disease_19138	1.1520968197970033e-09
Disease	disease_42451	1.1520459780069332e-09
Disease	disease_5250	1.1517889720279511e-09
Disease	disease_4275	1.1517407215378635e-09
Disease	disease_10534	1.151641951196227e-09
Disease	disease_4467	1.151344329775456e-09
Disease	disease_19736	1.151008313217016e-09
Disease	disease_7215	1.1501503543921259e-09
Disease	disease_44777	1.1500244480870372e-09
Disease	disease_12112	1.1498310889021366e-09
Disease	disease_2876	1.1491627902858527e-09
Disease	disease_18450	1.1490980331371528e-09
Disease	disease_20112	1.1489469237241009e-09
Disease	disease_14163	1.1482583726669584e-09
Disease	disease_13239	1.148238785368279e-09
Disease	disease_24666	1.1474619146834115e-09
Disease	disease_1748	1.1473555957447709e-09
Disease	disease_20218	1.147024857295573e-09
Disease	disease_41095	1.145955707030523e-09
Disease	disease_25095	1.1457477674218264e-09
Disease	disease_20487	1.1438545258441715e-09
Disease	disease_9931	1.14271012563923e-09
Disease	disease_7899	1.1425841372609515e-09
Disease	disease_13615	1.1424520594327543e-09
Disease	disease_43786	1.1421702389708223e-09
Disease	disease_14062	1.141335413993058e-09
Disease	disease_13141	1.1409965921650055e-09
Disease	disease_4077	1.1406234661440447e-09
Disease	disease_19843	1.1405922345671341e-09
Disease	disease_14586	1.1402856732366495e-09
Disease	disease_9269	1.1399646077863368e-09
Disease	disease_19461	1.1395471063510025e-09
Disease	disease_17258	1.1392277048313751e-09
Disease	disease_11721	1.1388619319290431e-09
Disease	disease_44881	1.1384222577538663e-09
Disease	disease_3832	1.137943777947831e-09
Disease	disease_2089	1.1377295153511747e-09
Disease	disease_1791	1.1373072076137521e-09
Disease	disease_13734	1.1367102878650503e-09
Disease	disease_11773	1.135869035764168e-09
Disease	disease_30043	1.1351645417713967e-09
Disease	disease_17736	1.134414725624117e-09
Disease	disease_19466	1.1343818211261828e-09
Disease	disease_6391	1.1340662775785737e-09
Disease	disease_734	1.1340180364150664e-09
Disease	disease_10883	1.1340018925340667e-09
Disease	disease_21527	1.1327583209645533e-09
Disease	disease_12257	1.1322528182742937e-09
Disease	disease_14780	1.132247206482769e-09
Disease	disease_7018	1.1321535084220465e-09
Disease	disease_19691	1.13194114512287e-09
Disease	disease_14365	1.1318944230590156e-09
Disease	disease_7728	1.1318663739885054e-09
Disease	disease_10480	1.1313314323532058e-09
Disease	disease_1240	1.1311451139337847e-09
Disease	disease_11539	1.1308789396116294e-09
Disease	disease_7095	1.1303305568706337e-09
Disease	disease_29142	1.1295345337455245e-09
Disease	disease_11350	1.129497066363162e-09
Disease	disease_24965	1.1291934467682475e-09
Disease	disease_11110	1.1290471858683311e-09
Disease	disease_18808	1.1287494554279539e-09
Disease	disease_14901	1.1282855682177026e-09
Disease	disease_36696	1.1282206468650436e-09
Disease	disease_11287	1.1277563396700826e-09
Disease	disease_10661	1.1272827555523127e-09
Disease	disease_12953	1.127003427971235e-09
Disease	disease_33482	1.1270022709745028e-09
Disease	disease_4201	1.1267002685507694e-09
Disease	disease_8195	1.1266841485114063e-09
Disease	disease_22998	1.1263126272110033e-09
Disease	disease_8443	1.1260453523994673e-09
Disease	disease_5291	1.125852100566723e-09
Disease	disease_1944	1.1254017658991521e-09
Disease	disease_9553	1.1254017658991521e-09
Disease	disease_12663	1.1254017658991521e-09
Disease	disease_488	1.125290363607788e-09
Disease	disease_33656	1.1249301672027784e-09
Disease	disease_6013	1.1249298704666573e-09
Disease	disease_13442	1.1247343513215913e-09
Disease	disease_110	1.1246380651751982e-09
Disease	disease_33639	1.1239812332387516e-09
Disease	disease_33564	1.1233324815300459e-09
Disease	disease_9135	1.1230764870235106e-09
Disease	disease_18169	1.1230576576957446e-09
Disease	disease_7970	1.1225583516861367e-09
Disease	disease_15228	1.1219963502039167e-09
Disease	disease_14730	1.121979245292356e-09
Disease	disease_6961	1.1211148517663997e-09
Disease	disease_3163	1.120748332917158e-09
Disease	disease_21824	1.1205827125071263e-09
Disease	disease_10091	1.1204434637396767e-09
Disease	disease_21462	1.1203247982666581e-09
Disease	disease_10870	1.120075512283083e-09
Disease	disease_33652	1.1194647733491237e-09
Disease	disease_31230	1.1193185910394601e-09
Disease	disease_16588	1.1193018302537924e-09
Disease	disease_13241	1.1192583541655883e-09
Disease	disease_10854	1.1188854437918174e-09
Disease	disease_13219	1.1188787748531756e-09
Disease	disease_14705	1.1184285978537732e-09
Disease	disease_7565	1.1182639398499705e-09
Disease	disease_20654	1.1182259436042601e-09
Disease	disease_7713	1.1180299381480494e-09
Disease	disease_6650	1.1180153294378808e-09
Disease	disease_6429	1.1171953262836284e-09
Disease	disease_10762	1.1171953262836284e-09
Disease	disease_10273	1.1171953262836284e-09
Disease	disease_3180	1.1164694856930384e-09
Disease	disease_16047	1.1162736978431425e-09
Disease	disease_11770	1.1162231118433493e-09
Disease	disease_13934	1.1155509220552695e-09
Disease	disease_16786	1.1150944607963155e-09
Disease	disease_12757	1.1150420500825896e-09
Disease	disease_9464	1.1150322818778953e-09
Disease	disease_14471	1.1149266218913907e-09
Disease	disease_10493	1.1142584165638986e-09
Disease	disease_19454	1.114221826575576e-09
Disease	disease_9010	1.1138922166897904e-09
Disease	disease_11461	1.1129526342489475e-09
Disease	disease_21400	1.1129222852985291e-09
Disease	disease_54741	1.1128663577259298e-09
Disease	disease_2705	1.1127447577244594e-09
Disease	disease_30908	1.1124532891059937e-09
Disease	disease_6974	1.1121997475973564e-09
Disease	disease_15412	1.1121401400335964e-09
Disease	disease_9456	1.111667188345705e-09
Disease	disease_7628	1.1108642411959424e-09
Disease	disease_9610	1.1102794120289401e-09
Disease	disease_30870	1.109653759777714e-09
Disease	disease_32768	1.1089512410532523e-09
Disease	disease_24556	1.1087394194440516e-09
Disease	disease_23204	1.1086934910117453e-09
Disease	disease_33375	1.1085550555178913e-09
Disease	disease_7880	1.1085157725324684e-09
Disease	disease_375	1.10798655882201e-09
Disease	disease_12260	1.1074143152183365e-09
Disease	disease_32858	1.1073126112555125e-09
Disease	disease_7019	1.106579780304758e-09
Disease	disease_2360	1.10654031114162e-09
Disease	disease_10318	1.1064943753841542e-09
Disease	disease_13229	1.1062402630420903e-09
Disease	disease_14108	1.1061735964774485e-09
Disease	disease_8838	1.1058565856164087e-09
Disease	disease_20050	1.105366157042379e-09
Disease	disease_10464	1.1052232979001194e-09
Disease	disease_20111	1.1049532300459446e-09
Disease	disease_21196	1.1047604747009465e-09
Disease	disease_14581	1.1042600936225069e-09
Disease	disease_13264	1.1027380156621732e-09
Disease	disease_10981	1.102367862554587e-09
Disease	disease_30054	1.1022688998470816e-09
Disease	disease_10290	1.1017619871168815e-09
Disease	disease_13297	1.1014784025393625e-09
Disease	disease_7748	1.101413338069714e-09
Disease	disease_23143	1.1009505514487202e-09
Disease	disease_527	1.100557153415055e-09
Disease	disease_16276	1.0996976211241827e-09
Disease	disease_18682	1.0996251760996942e-09
Disease	disease_3836	1.0995290035164131e-09
Disease	disease_7279	1.0983370311850667e-09
Disease	disease_9434	1.098286832315234e-09
Disease	disease_530	1.097943157757385e-09
Disease	disease_10625	1.0978949537122885e-09
Disease	disease_14539	1.0977682693963213e-09
Disease	disease_4278	1.0976864602957575e-09
Disease	disease_19020	1.0976016103993609e-09
Disease	disease_5085	1.0975005509562205e-09
Disease	disease_926	1.0970412508938925e-09
Disease	disease_9147	1.0970398484102413e-09
Disease	disease_15700	1.0967938098778274e-09
Disease	disease_10123	1.0965094849363528e-09
Disease	disease_21012	1.0963664107051052e-09
Disease	disease_12661	1.0963664107051052e-09
Disease	disease_12660	1.0963664107051052e-09
Disease	disease_7154	1.0959082221469733e-09
Disease	disease_13300	1.0958644413169308e-09
Disease	disease_14688	1.0953716397427187e-09
Disease	disease_9144	1.0951703895371045e-09
Disease	disease_2917	1.094723054756588e-09
Disease	disease_10128	1.094512102536283e-09
Disease	disease_19926	1.0943674761717942e-09
Disease	disease_13739	1.094176674822141e-09
Disease	disease_6649	1.0941375162121357e-09
Disease	disease_4727	1.0937711227367555e-09
Disease	disease_8707	1.093691767835263e-09
Disease	disease_24888	1.093560829961171e-09
Disease	disease_11635	1.0934684605630706e-09
Disease	disease_7208	1.0932833316417704e-09
Disease	disease_32678	1.0931798531934882e-09
Disease	disease_14545	1.0930571425167541e-09
Disease	disease_7376	1.0922832983974946e-09
Disease	disease_17667	1.090849436562768e-09
Disease	disease_7248	1.0901769613509137e-09
Disease	disease_16114	1.09016170957862e-09
Disease	disease_24637	1.0901191430210756e-09
Disease	disease_54748	1.090042462527386e-09
Disease	disease_3079	1.0899682669140791e-09
Disease	disease_54588	1.0894609652115553e-09
Disease	disease_15393	1.0893934615653018e-09
Disease	disease_18276	1.089342252334573e-09
Disease	disease_14159	1.0889446455730818e-09
Disease	disease_11120	1.088828605015036e-09
Disease	disease_4763	1.0886761121629653e-09
Disease	disease_22535	1.0886761121629653e-09
Disease	disease_18739	1.08822176965044e-09
Disease	disease_4125	1.0879849594493888e-09
Disease	disease_2014	1.0878020013724005e-09
Disease	disease_938	1.0877829581361914e-09
Disease	disease_7618	1.0874661799912783e-09
Disease	disease_6405	1.0869923413849972e-09
Disease	disease_17837	1.0869615482988921e-09
Disease	disease_5507	1.0869259385463126e-09
Disease	disease_17262	1.0866390973345073e-09
Disease	disease_2568	1.0861040203680794e-09
Disease	disease_17912	1.0860866385217768e-09
Disease	disease_18264	1.0857255649894265e-09
Disease	disease_9660	1.0856157173282225e-09
Disease	disease_33653	1.085585883404803e-09
Disease	disease_13117	1.0853459961945394e-09
Disease	disease_10559	1.0851577556405656e-09
Disease	disease_11664	1.0848847949717322e-09
Disease	disease_6018	1.0844739449430515e-09
Disease	disease_15526	1.0841576981949155e-09
Disease	disease_18858	1.0839699603994533e-09
Disease	disease_1355	1.0839450906712438e-09
Disease	disease_13725	1.0839128571749122e-09
Disease	disease_4491	1.083702314890973e-09
Disease	disease_9506	1.083416724347429e-09
Disease	disease_8928	1.0833725423906476e-09
Disease	disease_17313	1.0831693208618308e-09
Disease	disease_14997	1.0831324211615218e-09
Disease	disease_24685	1.082885569170607e-09
Disease	disease_25425	1.08228064133001e-09
Disease	disease_6482	1.0820000419165053e-09
Disease	disease_30872	1.081729377248342e-09
Disease	disease_9659	1.081424928921656e-09
Disease	disease_20778	1.0812331136461662e-09
Disease	disease_4718	1.0811414110550436e-09
Disease	disease_4706	1.0811414110550436e-09
Disease	disease_2136	1.0811414110550436e-09
Disease	disease_13145	1.0805751502058426e-09
Disease	disease_22205	1.0805558070057946e-09
Disease	disease_17743	1.0799563179454248e-09
Disease	disease_6676	1.079401788979745e-09
Disease	disease_10606	1.0791568341677344e-09
Disease	disease_8034	1.0788077263910033e-09
Disease	disease_7726	1.0787868815902718e-09
Disease	disease_16371	1.0787627264961755e-09
Disease	disease_21670	1.078738618525618e-09
Disease	disease_16831	1.0786039986158702e-09
Disease	disease_9721	1.0785162706663654e-09
Disease	disease_14915	1.078494881990993e-09
Disease	disease_14016	1.078470350903833e-09
Disease	disease_11599	1.077415964626199e-09
Disease	disease_6321	1.076839120874594e-09
Disease	disease_19080	1.076669656949658e-09
Disease	disease_19264	1.0761512070417691e-09
Disease	disease_6276	1.0760848873458977e-09
Disease	disease_17617	1.0755484959603227e-09
Disease	disease_20750	1.075511230433322e-09
Disease	disease_9185	1.0753826736080148e-09
Disease	disease_30061	1.0753211198131655e-09
Disease	disease_1901	1.074720057630649e-09
Disease	disease_2810	1.0746868249558777e-09
Disease	disease_11112	1.0745312143225913e-09
Disease	disease_11920	1.0744326687843295e-09
Disease	disease_10474	1.0743434013074486e-09
Disease	disease_14649	1.073727204942493e-09
Disease	disease_16097	1.073396166290709e-09
Disease	disease_32881	1.0732783315707523e-09
Disease	disease_14152	1.0730344728478263e-09
Disease	disease_14321	1.0729903078744698e-09
Disease	disease_16663	1.0728860748036302e-09
Disease	disease_3110	1.0728844002376036e-09
Disease	disease_21765	1.072754888314243e-09
Disease	disease_11808	1.0723761382076195e-09
Disease	disease_24522	1.0723506542989446e-09
Disease	disease_13755	1.0723026895533118e-09
Disease	disease_15250	1.0719602913325904e-09
Disease	disease_14176	1.0716941136195006e-09
Disease	disease_3870	1.0712499731785462e-09
Disease	disease_17168	1.0706435344827086e-09
Disease	disease_14600	1.0702051761924099e-09
Disease	disease_10840	1.0699387089513484e-09
Disease	disease_54817	1.0692042801765289e-09
Disease	disease_5894	1.0691060702604505e-09
Disease	disease_4076	1.0690868073474652e-09
Disease	disease_14014	1.0684138780843127e-09
Disease	disease_13695	1.0683881354888595e-09
Disease	disease_1308	1.068383357067209e-09
Disease	disease_15409	1.068160194692185e-09
Disease	disease_14695	1.067432633533069e-09
Disease	disease_9079	1.0674125814923925e-09
Disease	disease_13065	1.0669650982825848e-09
Disease	disease_14203	1.0668285280803983e-09
Disease	disease_15706	1.0667492677697996e-09
Disease	disease_18007	1.066631663630279e-09
Disease	disease_10780	1.0665209677872184e-09
Disease	disease_21294	1.0664884928929672e-09
Disease	disease_19463	1.0661212356257856e-09
Disease	disease_25136	1.0657472990438927e-09
Disease	disease_16527	1.0654320630248659e-09
Disease	disease_3388	1.0653688674902275e-09
Disease	disease_14587	1.0652756378373492e-09
Disease	disease_32725	1.0650841374822693e-09
Disease	disease_24314	1.06482064723812e-09
Disease	disease_15205	1.0645329603995096e-09
Disease	disease_2366	1.0638113627181142e-09
Disease	disease_14993	1.0630899832361136e-09
Disease	disease_10336	1.06297936452953e-09
Disease	disease_7977	1.0629234697201677e-09
Disease	disease_14172	1.0626437051384225e-09
Disease	disease_13950	1.062482182845696e-09
Disease	disease_13940	1.0621782466186912e-09
Disease	disease_6446	1.0615926518563964e-09
Disease	disease_13482	1.0615378659695369e-09
Disease	disease_12842	1.0613406947967943e-09
Disease	disease_11954	1.0613406947967943e-09
Disease	disease_13849	1.0607972988003553e-09
Disease	disease_14340	1.0607492050402433e-09
Disease	disease_24540	1.0604059063965507e-09
Disease	disease_8809	1.0600158722896128e-09
Disease	disease_15045	1.0598741707432372e-09
Disease	disease_10995	1.0598632124079907e-09
Disease	disease_33199	1.0595761501125962e-09
Disease	disease_100083	1.0594887718329844e-09
Disease	disease_3510	1.0586687187974772e-09
Disease	disease_16885	1.058537942221378e-09
Disease	disease_15054	1.0584735580564305e-09
Disease	disease_10117	1.0582493790415697e-09
Disease	disease_9943	1.0582462588127444e-09
Disease	disease_33492	1.057909261197143e-09
Disease	disease_11191	1.05760985773994e-09
Disease	disease_14934	1.0573394317770562e-09
Disease	disease_9401	1.0572715907916229e-09
Disease	disease_56818	1.0570480700075307e-09
Disease	disease_20852	1.0568024787543804e-09
Disease	disease_1987	1.0566657136946261e-09
Disease	disease_43251	1.0564624877952014e-09
Disease	disease_7221	1.0564428469441568e-09
Disease	disease_12676	1.056182944432066e-09
Disease	disease_4719	1.0557267136189421e-09
Disease	disease_7815	1.055710336349392e-09
Disease	disease_12256	1.0553927853305814e-09
Disease	disease_10011	1.054436062616762e-09
Disease	disease_7827	1.0541419470513098e-09
Disease	disease_2915	1.0540526683650399e-09
Disease	disease_7159	1.053586156622137e-09
Disease	disease_41295	1.0533488740153485e-09
Disease	disease_12689	1.0530494328423619e-09
Disease	disease_14348	1.0519950574497869e-09
Disease	disease_8699	1.0518209833486304e-09
Disease	disease_30909	1.0518134660061632e-09
Disease	disease_8355	1.0517754521997548e-09
Disease	disease_20766	1.0516974706715928e-09
Disease	disease_2811	1.0512536574922715e-09
Disease	disease_9470	1.0512181361854808e-09
Disease	disease_14302	1.0508400213106962e-09
Disease	disease_14907	1.0506847366364528e-09
Disease	disease_18978	1.0505925601280703e-09
Disease	disease_14024	1.0505241134126065e-09
Disease	disease_3632	1.0504202319162267e-09
Disease	disease_14226	1.0503796289936796e-09
Disease	disease_9617	1.049910507089832e-09
Disease	disease_14051	1.0496897449084678e-09
Disease	disease_2414	1.0492551944431558e-09
Disease	disease_12503	1.04914589710616e-09
Disease	disease_9672	1.049121519772033e-09
Disease	disease_10575	1.0490296649370823e-09
Disease	disease_20803	1.0489660258883073e-09
Disease	disease_30939	1.0487991238309637e-09
Disease	disease_21091	1.0481533590615127e-09
Disease	disease_11546	1.0473543154019736e-09
Disease	disease_15536	1.0472015381130557e-09
Disease	disease_21157	1.0469723833235505e-09
Disease	disease_8322	1.0465915789335479e-09
Disease	disease_15534	1.0464764500496112e-09
Disease	disease_54565	1.046467624990568e-09
Disease	disease_15449	1.045499262670134e-09
Disease	disease_56804	1.0447803473391102e-09
Disease	disease_11108	1.0439913921041957e-09
Disease	disease_20718	1.0435707275785703e-09
Disease	disease_8043	1.0431629161825273e-09
Disease	disease_15539	1.0430379824105683e-09
Disease	disease_8039	1.0428652412478113e-09
Disease	disease_14374	1.042758397428607e-09
Disease	disease_17738	1.0423657960195745e-09
Disease	disease_6894	1.0421884379196345e-09
Disease	disease_4431	1.0421884379196345e-09
Disease	disease_7747	1.041846732786515e-09
Disease	disease_8653	1.0410986793849753e-09
Disease	disease_252	1.041005072071269e-09
Disease	disease_3312	1.0403225846472615e-09
Disease	disease_6672	1.0402752421470332e-09
Disease	disease_17758	1.0394520131158022e-09
Disease	disease_13685	1.0390336146399686e-09
Disease	disease_5195	1.0389678922102077e-09
Disease	disease_100311	1.038453342983662e-09
Disease	disease_14070	1.038255693823878e-09
Disease	disease_9093	1.0380083552177229e-09
Disease	disease_3413	1.0380048519509504e-09
Disease	disease_13079	1.0379937506032004e-09
Disease	disease_13080	1.0379937506032004e-09
Disease	disease_13636	1.0379937506032004e-09
Disease	disease_13637	1.0379937506032004e-09
Disease	disease_17795	1.0376011133698606e-09
Disease	disease_10185	1.037307851961846e-09
Disease	disease_6053	1.0370947586314434e-09
Disease	disease_11097	1.0363447174275739e-09
Disease	disease_36483	1.0359961877557402e-09
Disease	disease_9883	1.0359818826681925e-09
Disease	disease_16286	1.035704750021059e-09
Disease	disease_20146	1.0355345552453593e-09
Disease	disease_18069	1.0355202012940902e-09
Disease	disease_7108	1.0348717268594134e-09
Disease	disease_10373	1.0347249809946253e-09
Disease	disease_3690	1.0344519453094968e-09
Disease	disease_17428	1.0341044184881062e-09
Disease	disease_15605	1.0340449613911261e-09
Disease	disease_7098	1.0337395507476615e-09
Disease	disease_33308	1.0332246311315848e-09
Disease	disease_9111	1.0329261368797137e-09
Disease	disease_13608	1.032861549953851e-09
Disease	disease_3655	1.0327204462328388e-09
Disease	disease_12554	1.0319472028060773e-09
Disease	disease_32662	1.0316614985405732e-09
Disease	disease_7836	1.0316281685753803e-09
Disease	disease_13633	1.03124930573971e-09
Disease	disease_12613	1.0305262047588852e-09
Disease	disease_2836	1.0304728215285835e-09
Disease	disease_11690	1.0300843498740431e-09
Disease	disease_9673	1.0299138066284832e-09
Disease	disease_14451	1.0295961500241084e-09
Disease	disease_42980	1.0294490473914997e-09
Disease	disease_13278	1.029200605620674e-09
Disease	disease_100321	1.0291856861829447e-09
Disease	disease_4731	1.0289405907207555e-09
Disease	disease_2692	1.0288158601838524e-09
Disease	disease_4752	1.0288078980541679e-09
Disease	disease_17627	1.0285702218334754e-09
Disease	disease_23569	1.028292623850221e-09
Disease	disease_749	1.0280555781782119e-09
Disease	disease_1101	1.0280555781782119e-09
Disease	disease_8464	1.0276078527433227e-09
Disease	disease_30911	1.0274871651655046e-09
Disease	disease_100029	1.0274738994164e-09
Disease	disease_9669	1.027408691953151e-09
Disease	disease_17918	1.027387867963013e-09
Disease	disease_7744	1.0270035949803738e-09
Disease	disease_17372	1.0269195352748003e-09
Disease	disease_14349	1.025954080484736e-09
Disease	disease_9749	1.0255428015176014e-09
Disease	disease_17766	1.0255057346868694e-09
Disease	disease_14269	1.0254457270010474e-09
Disease	disease_19764	1.0252097786206274e-09
Disease	disease_17017	1.0251886070834096e-09
Disease	disease_248	1.0248319896439248e-09
Disease	disease_10328	1.0244710352926621e-09
Disease	disease_7320	1.0239628155465057e-09
Disease	disease_9196	1.0237002671505337e-09
Disease	disease_12871	1.0235495692946205e-09
Disease	disease_32721	1.0230507094699894e-09
Disease	disease_16087	1.0230384050721802e-09
Disease	disease_17670	1.0228571508842512e-09
Disease	disease_10966	1.0222870014092414e-09
Disease	disease_43004	1.0222714550760266e-09
Disease	disease_4232	1.0221921690827732e-09
Disease	disease_21454	1.0221477414653028e-09
Disease	disease_13884	1.0220935968884289e-09
Disease	disease_6417	1.0220663694062005e-09
Disease	disease_12012	1.0215756749932628e-09
Disease	disease_6522	1.0210360923322421e-09
Disease	disease_100064	1.0207490789914448e-09
Disease	disease_3214	1.0206826030066088e-09
Disease	disease_3113	1.0195455564613721e-09
Disease	disease_12539	1.0190438950269054e-09
Disease	disease_13651	1.0186334582954921e-09
Disease	disease_29137	1.0185296572436313e-09
Disease	disease_19314	1.0183492466888592e-09
Disease	disease_6471	1.0182131600399757e-09
Disease	disease_14257	1.0177749593455054e-09
Disease	disease_13351	1.017586222764693e-09
Disease	disease_11308	1.01757692323757e-09
Disease	disease_32747	1.017508411986764e-09
Disease	disease_16965	1.0174759858419775e-09
Disease	disease_17685	1.0170112355097906e-09
Disease	disease_18980	1.0169817070891772e-09
Disease	disease_33006	1.0169111017983009e-09
Disease	disease_15497	1.016670667136638e-09
Disease	disease_14177	1.0163851747388075e-09
Disease	disease_9720	1.0163785988147237e-09
Disease	disease_531	1.0160445274859279e-09
Disease	disease_6965	1.0157867001688264e-09
Disease	disease_4874	1.0157867001688264e-09
Disease	disease_2074	1.0157867001688264e-09
Disease	disease_6721	1.0157867001688264e-09
Disease	disease_6968	1.0157867001688264e-09
Disease	disease_22208	1.0157867001688264e-09
Disease	disease_11203	1.0157161521498063e-09
Disease	disease_30801	1.0155833108790707e-09
Disease	disease_21966	1.015553164251497e-09
Disease	disease_44880	1.0143172114371389e-09
Disease	disease_254	1.01415692449235e-09
Disease	disease_9073	1.0141452534301914e-09
Disease	disease_18658	1.0139183039111831e-09
Disease	disease_100107	1.0137448564976178e-09
Disease	disease_25353	1.0137448564976178e-09
Disease	disease_5971	1.013621627349703e-09
Disease	disease_19302	1.0136000570891106e-09
Disease	disease_14599	1.0128950605108984e-09
Disease	disease_6831	1.0125211648908645e-09
Disease	disease_3046	1.011926763112771e-09
Disease	disease_8588	1.0113968839210737e-09
Disease	disease_12583	1.0113432704788024e-09
Disease	disease_11265	1.0113432704788024e-09
Disease	disease_1062	1.0110301081247007e-09
Disease	disease_12275	1.0108131573156057e-09
Disease	disease_14664	1.010114516628321e-09
Disease	disease_13553	1.0096450647831279e-09
Disease	disease_26404	1.0094366185212205e-09
Disease	disease_10431	1.009351025160433e-09
Disease	disease_3766	1.009226915090029e-09
Disease	disease_10162	1.0091553433323765e-09
Disease	disease_12643	1.0090195485034871e-09
Disease	disease_20807	1.0078474438876868e-09
Disease	disease_8151	1.0073582478713954e-09
Disease	disease_17423	1.0069307592882243e-09
Disease	disease_13803	1.0068469015857668e-09
Disease	disease_30603	1.0065581213911166e-09
Disease	disease_6798	1.0063979565323153e-09
Disease	disease_665	1.0063190145305623e-09
Disease	disease_29132	1.0062399069903143e-09
Disease	disease_9800	1.006237325250317e-09
Disease	disease_2162	1.0060526440029212e-09
Disease	disease_1263	1.0059546071300293e-09
Disease	disease_1316	1.005706005142244e-09
Disease	disease_13386	1.0056873159986887e-09
Disease	disease_10649	1.0052812810437088e-09
Disease	disease_14173	1.0051550201125204e-09
Disease	disease_44969	1.0050827015542538e-09
Disease	disease_7271	1.0047339819661116e-09
Disease	disease_17721	1.0046606916831528e-09
Disease	disease_17722	1.0046606916831528e-09
Disease	disease_17723	1.0046606916831528e-09
Disease	disease_2369	1.0044585824409376e-09
Disease	disease_6306	1.0034061881635337e-09
Disease	disease_6673	1.0021177727319687e-09
Disease	disease_13316	1.0019353166376717e-09
Disease	disease_7060	1.001657213667099e-09
Disease	disease_10479	1.0006989306379823e-09
Disease	disease_5504	1.0006593065673652e-09
Disease	disease_14181	1.0005964001177683e-09
Disease	disease_1297	9.999170652181747e-10
Disease	disease_13892	9.995386765657142e-10
Disease	disease_12357	9.993140131231385e-10
Disease	disease_5859	9.990683531611313e-10
Disease	disease_32907	9.989445259021048e-10
Disease	disease_1594	9.988726849376595e-10
Disease	disease_32919	9.988098172508342e-10
Disease	disease_33954	9.987106444247888e-10
Disease	disease_100226	9.985533974839636e-10
Disease	disease_15562	9.981853454139965e-10
Disease	disease_14992	9.976072409129296e-10
Disease	disease_1879	9.973801960857722e-10
Disease	disease_17210	9.973726454816244e-10
Disease	disease_44213	9.96856415657552e-10
Disease	disease_9580	9.96628615617495e-10
Disease	disease_54731	9.963049439034484e-10
Disease	disease_41751	9.961161509413475e-10
Disease	disease_3422	9.955483204501063e-10
Disease	disease_20632	9.95509017409573e-10
Disease	disease_12235	9.954410481287919e-10
Disease	disease_21039	9.952912322331367e-10
Disease	disease_12169	9.950784332999157e-10
Disease	disease_20001	9.94057878790958e-10
Disease	disease_32654	9.932197083280845e-10
Disease	disease_23419	9.93054467521458e-10
Disease	disease_8833	9.929510492947136e-10
Disease	disease_2870	9.929319136758008e-10
Disease	disease_11535	9.92433688539657e-10
Disease	disease_2063	9.92137022223489e-10
Disease	disease_21081	9.918931360502807e-10
Disease	disease_7157	9.918478733407286e-10
Disease	disease_2027	9.916530181875813e-10
Disease	disease_1157	9.916530181875813e-10
Disease	disease_33115	9.916357890820443e-10
Disease	disease_13731	9.914809165295298e-10
Disease	disease_18125	9.9139252091571e-10
Disease	disease_11705	9.913829071674177e-10
Disease	disease_17856	9.913828679126074e-10
Disease	disease_19307	9.909647079048203e-10
Disease	disease_21052	9.908959642143144e-10
Disease	disease_32669	9.90701300099403e-10
Disease	disease_8751	9.90653482367971e-10
Disease	disease_21505	9.90377411819077e-10
Disease	disease_1309	9.901735615088157e-10
Disease	disease_44317	9.89381674116177e-10
Disease	disease_13148	9.886163115147897e-10
Disease	disease_14208	9.883498752062285e-10
Disease	disease_5645	9.877516843881967e-10
Disease	disease_2365	9.869077516026456e-10
Disease	disease_8942	9.860523860999154e-10
Disease	disease_6652	9.859977273259872e-10
Disease	disease_3674	9.859977273259872e-10
Disease	disease_14383	9.85577873715405e-10
Disease	disease_367	9.854065238376925e-10
Disease	disease_15420	9.848442008381627e-10
Disease	disease_10571	9.847947010973782e-10
Disease	disease_14878	9.845227248795479e-10
Disease	disease_14099	9.844154352234209e-10
Disease	disease_10063	9.840051043889708e-10
Disease	disease_6073	9.838756398835995e-10
Disease	disease_11917	9.837814578707688e-10
Disease	disease_14115	9.835133332463003e-10
Disease	disease_54716	9.831800531802424e-10
Disease	disease_2881	9.830859577515138e-10
Disease	disease_10462	9.830780309781194e-10
Disease	disease_6563	9.830338783505822e-10
Disease	disease_15988	9.8297312252687e-10
Disease	disease_16039	9.826211948759948e-10
Disease	disease_7852	9.82214478139529e-10
Disease	disease_12127	9.821120133173846e-10
Disease	disease_45054	9.817754672653936e-10
Disease	disease_1895	9.8158865104114e-10
Disease	disease_14908	9.809848251596574e-10
Disease	disease_15535	9.807308765884739e-10
Disease	disease_9089	9.806822714285e-10
Disease	disease_12495	9.790995082464223e-10
Disease	disease_2227	9.7889764458725e-10
Disease	disease_10748	9.78837729915887e-10
Disease	disease_11900	9.787732279346698e-10
Disease	disease_12857	9.787732279346698e-10
Disease	disease_13557	9.787024381605965e-10
Disease	disease_14656	9.785124761680048e-10
Disease	disease_23201	9.784675972765526e-10
Disease	disease_14961	9.784601258858831e-10
Disease	disease_6622	9.783126980756548e-10
Disease	disease_17397	9.782403919351076e-10
Disease	disease_24530	9.78204377687881e-10
Disease	disease_7930	9.774393125820173e-10
Disease	disease_11878	9.774102150034757e-10
Disease	disease_3931	9.773623945488038e-10
Disease	disease_32668	9.771417982273232e-10
Disease	disease_54695	9.767609385621263e-10
Disease	disease_4189	9.765900141597963e-10
Disease	disease_9814	9.76427650891063e-10
Disease	disease_8442	9.763424498531332e-10
Disease	disease_4311	9.75484850569452e-10
Disease	disease_23007	9.753123173444673e-10
Disease	disease_24560	9.752720790299424e-10
Disease	disease_33009	9.751724841665242e-10
Disease	disease_13369	9.750684121136315e-10
Disease	disease_14845	9.74978804883672e-10
Disease	disease_13901	9.74756970734526e-10
Disease	disease_13196	9.739064335691415e-10
Disease	disease_14049	9.738823757993517e-10
Disease	disease_45022	9.73786915946243e-10
Disease	disease_14894	9.73563967714262e-10
Disease	disease_14669	9.733596948710475e-10
Disease	disease_24465	9.731805599977901e-10
Disease	disease_3072	9.728543868043599e-10
Disease	disease_6262	9.72551568359073e-10
Disease	disease_15094	9.724276271349395e-10
Disease	disease_17831	9.720125993608285e-10
Disease	disease_17288	9.71742412264577e-10
Disease	disease_20105	9.714266473661794e-10
Disease	disease_5323	9.713993298817739e-10
Disease	disease_9157	9.713363665544729e-10
Disease	disease_17673	9.708682776820118e-10
Disease	disease_9755	9.705638237890258e-10
Disease	disease_33116	9.70261579371018e-10
Disease	disease_14843	9.701059783935668e-10
Disease	disease_15321	9.699351511962671e-10
Disease	disease_12527	9.69639840284709e-10
Disease	disease_9203	9.692086539620264e-10
Disease	disease_30877	9.688511770893958e-10
Disease	disease_16495	9.68488381564362e-10
Disease	disease_14490	9.68273756070634e-10
Disease	disease_8672	9.682378773539057e-10
Disease	disease_10495	9.680860216919053e-10
Disease	disease_13202	9.67791925246907e-10
Disease	disease_1351	9.673868365419728e-10
Disease	disease_7887	9.66344213194103e-10
Disease	disease_19377	9.663069149184943e-10
Disease	disease_2631	9.662692711496622e-10
Disease	disease_13454	9.662147569977246e-10
Disease	disease_10073	9.662078342687828e-10
Disease	disease_32670	9.660691682984965e-10
Disease	disease_10160	9.659621830674815e-10
Disease	disease_11912	9.656738597694828e-10
Disease	disease_11862	9.654204461105315e-10
Disease	disease_2378	9.653043943844775e-10
Disease	disease_32590	9.651696187349764e-10
Disease	disease_12718	9.649080629214526e-10
Disease	disease_11951	9.647943138776152e-10
Disease	disease_6412	9.64274830536238e-10
Disease	disease_32835	9.641764945893614e-10
Disease	disease_6487	9.637167799101982e-10
Disease	disease_13551	9.633063464999485e-10
Disease	disease_7680	9.62784845884101e-10
Disease	disease_8386	9.623931258399835e-10
Disease	disease_7472	9.62096323437434e-10
Disease	disease_32860	9.616108971311973e-10
Disease	disease_15803	9.615013757194853e-10
Disease	disease_32932	9.612815579802631e-10
Disease	disease_11091	9.612726835194073e-10
Disease	disease_1407	9.61207626011584e-10
Disease	disease_14299	9.611897655632793e-10
Disease	disease_23573	9.611031287673524e-10
Disease	disease_14637	9.607022497713885e-10
Disease	disease_3615	9.606017289613215e-10
Disease	disease_7257	9.605991591603847e-10
Disease	disease_11058	9.60229461864912e-10
Disease	disease_20133	9.598233474016513e-10
Disease	disease_1012	9.597618372653913e-10
Disease	disease_19430	9.596964363939162e-10
Disease	disease_20023	9.595356632393434e-10
Disease	disease_4120	9.59286403036525e-10
Disease	disease_32938	9.590745836360688e-10
Disease	disease_35117	9.59028954211589e-10
Disease	disease_12181	9.586770313258014e-10
Disease	disease_12161	9.585529979102685e-10
Disease	disease_2736	9.584749952872454e-10
Disease	disease_22587	9.584622840310522e-10
Disease	disease_3872	9.58342774017515e-10
Disease	disease_6579	9.5800194694602e-10
Disease	disease_24337	9.579438303090667e-10
Disease	disease_18464	9.578458407669265e-10
Disease	disease_9646	9.577412262772976e-10
Disease	disease_14750	9.571661614558358e-10
Disease	disease_30875	9.569341031366728e-10
Disease	disease_14164	9.567800572085737e-10
Disease	disease_587	9.566981689011837e-10
Disease	disease_12394	9.563795046060355e-10
Disease	disease_18371	9.563754921373964e-10
Disease	disease_13712	9.561501758203472e-10
Disease	disease_8806	9.55832897287009e-10
Disease	disease_32617	9.557918660262141e-10
Disease	disease_5798	9.550354818386738e-10
Disease	disease_43247	9.54953723351257e-10
Disease	disease_20762	9.541251622448836e-10
Disease	disease_7885	9.539788834635645e-10
Disease	disease_10971	9.533225689152451e-10
Disease	disease_10901	9.533131132213638e-10
Disease	disease_20347	9.530378822323267e-10
Disease	disease_14543	9.52400583664168e-10
Disease	disease_13013	9.523079235616346e-10
Disease	disease_7275	9.518787569211369e-10
Disease	disease_14752	9.518627786083975e-10
Disease	disease_14623	9.517713434909947e-10
Disease	disease_4005	9.514831793316881e-10
Disease	disease_5757	9.513319313983474e-10
Disease	disease_2527	9.512757969993673e-10
Disease	disease_10120	9.51143676801103e-10
Disease	disease_11437	9.508329632074731e-10
Disease	disease_9835	9.50641699681714e-10
Disease	disease_11285	9.506358937845995e-10
Disease	disease_30961	9.50011277208895e-10
Disease	disease_4527	9.49913051313343e-10
Disease	disease_14064	9.497946846059584e-10
Disease	disease_2901	9.49661803997232e-10
Disease	disease_4001	9.496601147878034e-10
Disease	disease_21468	9.496492182902249e-10
Disease	disease_35004	9.488019627976987e-10
Disease	disease_13742	9.487796266166478e-10
Disease	disease_7413	9.48290482265848e-10
Disease	disease_5631	9.480818370978499e-10
Disease	disease_11904	9.475917071187515e-10
Disease	disease_14770	9.473868438157062e-10
Disease	disease_10736	9.471344999660174e-10
Disease	disease_14830	9.469448851245455e-10
Disease	disease_21957	9.465378544340637e-10
Disease	disease_16985	9.464038390557993e-10
Disease	disease_30876	9.462280419030983e-10
Disease	disease_10976	9.461628435879852e-10
Disease	disease_15346	9.460352392212453e-10
Disease	disease_13777	9.458978609836036e-10
Disease	disease_14652	9.456097205837806e-10
Disease	disease_21581	9.454837598863277e-10
Disease	disease_9149	9.451689581967643e-10
Disease	disease_4026	9.450279644370297e-10
Disease	disease_19286	9.448364042811751e-10
Disease	disease_10418	9.447911980158875e-10
Disease	disease_1678	9.446891812145512e-10
Disease	disease_11501	9.441678361506471e-10
Disease	disease_11977	9.43863293395034e-10
Disease	disease_15318	9.43741214901158e-10
Disease	disease_44767	9.433357798586654e-10
Disease	disease_14204	9.429480528327916e-10
Disease	disease_1654	9.427581094519945e-10
Disease	disease_20494	9.423608044103234e-10
Disease	disease_6615	9.422263460635052e-10
Disease	disease_6580	9.42132805101347e-10
Disease	disease_21627	9.417970333355396e-10
Disease	disease_10821	9.41547199239111e-10
Disease	disease_19640	9.415032486281459e-10
Disease	disease_18597	9.411689678725197e-10
Disease	disease_15015	9.41093792773568e-10
Disease	disease_5747	9.410789835146747e-10
Disease	disease_44700	9.40515426391177e-10
Disease	disease_14013	9.403903589184273e-10
Disease	disease_2244	9.401299703746911e-10
Disease	disease_14312	9.391939143041898e-10
Disease	disease_17764	9.391800307679044e-10
Disease	disease_2451	9.389575346071836e-10
Disease	disease_19093	9.389423643956027e-10
Disease	disease_8990	9.384278168136052e-10
Disease	disease_13778	9.383781837078652e-10
Disease	disease_20278	9.380477953634378e-10
Disease	disease_14040	9.370560509547805e-10
Disease	disease_10064	9.37023318598002e-10
Disease	disease_11919	9.36913243860398e-10
Disease	disease_13867	9.36608172046788e-10
Disease	disease_14311	9.363360965250048e-10
Disease	disease_15032	9.361467779294007e-10
Disease	disease_20631	9.355367120461678e-10
Disease	disease_10729	9.35536521938155e-10
Disease	disease_9219	9.34966261430973e-10
Disease	disease_7511	9.347614093753395e-10
Disease	disease_7346	9.34667332023688e-10
Disease	disease_6264	9.34621523287433e-10
Disease	disease_20334	9.33741687418682e-10
Disease	disease_14367	9.330764258540842e-10
Disease	disease_7023	9.32712545541333e-10
Disease	disease_6520	9.32622657973178e-10
Disease	disease_13687	9.323530346467593e-10
Disease	disease_2628	9.322904291158557e-10
Disease	disease_22723	9.321522337167451e-10
Disease	disease_14027	9.319544570530333e-10
Disease	disease_20519	9.319483113045898e-10
Disease	disease_8497	9.318163955476434e-10
Disease	disease_5743	9.31571743090287e-10
Disease	disease_8747	9.314710199590956e-10
Disease	disease_16083	9.313790167109772e-10
Disease	disease_18199	9.30909253800262e-10
Disease	disease_9085	9.308586034598187e-10
Disease	disease_16524	9.300171048753752e-10
Disease	disease_7866	9.29327770057727e-10
Disease	disease_8704	9.289393754800137e-10
Disease	disease_21238	9.289182187088519e-10
Disease	disease_14178	9.286808502127988e-10
Disease	disease_11709	9.286696024789279e-10
Disease	disease_16919	9.284261347422168e-10
Disease	disease_25485	9.283993887398552e-10
Disease	disease_5842	9.281219679749459e-10
Disease	disease_12368	9.280772538878009e-10
Disease	disease_20746	9.277053090088473e-10
Disease	disease_2621	9.267687208914701e-10
Disease	disease_14149	9.265223366484177e-10
Disease	disease_7176	9.26426203235728e-10
Disease	disease_24611	9.261778631888952e-10
Disease	disease_12614	9.258230094209632e-10
Disease	disease_23069	9.257921079816612e-10
Disease	disease_14364	9.256584405440227e-10
Disease	disease_5907	9.25207787102026e-10
Disease	disease_10658	9.251128020068021e-10
Disease	disease_43797	9.246664968991636e-10
Disease	disease_15699	9.245403118982649e-10
Disease	disease_14836	9.245340087513794e-10
Disease	disease_5629	9.244686986336104e-10
Disease	disease_4680	9.242534545917985e-10
Disease	disease_158	9.240528163004004e-10
Disease	disease_60779	9.236260344547297e-10
Disease	disease_2156	9.233744919527093e-10
Disease	disease_18706	9.23352275588865e-10
Disease	disease_8701	9.233130289515138e-10
Disease	disease_19813	9.231190462597354e-10
Disease	disease_10494	9.226893103680259e-10
Disease	disease_15774	9.225416788500804e-10
Disease	disease_14592	9.221139345049247e-10
Disease	disease_2616	9.220309157839527e-10
Disease	disease_7556	9.215581977246291e-10
Disease	disease_1577	9.211796767111239e-10
Disease	disease_20854	9.210832000672431e-10
Disease	disease_8412	9.210725897088827e-10
Disease	disease_24334	9.205333697737572e-10
Disease	disease_11090	9.198622105388744e-10
Disease	disease_1991	9.195772204432406e-10
Disease	disease_2923	9.195148553918894e-10
Disease	disease_9593	9.194980717470529e-10
Disease	disease_54862	9.193684666942298e-10
Disease	disease_33542	9.193099734366293e-10
Disease	disease_8670	9.191844749649732e-10
Disease	disease_14129	9.189230186281158e-10
Disease	disease_30894	9.188338595012513e-10
Disease	disease_9992	9.188024247214667e-10
Disease	disease_23188	9.183353751504199e-10
Disease	disease_100157	9.179921598588633e-10
Disease	disease_6541	9.171133681424014e-10
Disease	disease_21364	9.168648804596298e-10
Disease	disease_14057	9.166974765486818e-10
Disease	disease_15856	9.164671928501511e-10
Disease	disease_18716	9.164616812424655e-10
Disease	disease_1705	9.163838267365187e-10
Disease	disease_14072	9.160560154175924e-10
Disease	disease_21697	9.15745452250429e-10
Disease	disease_12806	9.152679606870244e-10
Disease	disease_961	9.152220128417139e-10
Disease	disease_10049	9.151656220164821e-10
Disease	disease_1788	9.151174473007641e-10
Disease	disease_1787	9.151174473007641e-10
Disease	disease_10637	9.148609225737493e-10
Disease	disease_16776	9.142165581336523e-10
Disease	disease_18439	9.139485997930481e-10
Disease	disease_9787	9.136405399270101e-10
Disease	disease_6687	9.136152671687923e-10
Disease	disease_21358	9.124615983589102e-10
Disease	disease_14666	9.123945027755631e-10
Disease	disease_23147	9.123771972985766e-10
Disease	disease_13566	9.123177088405877e-10
Disease	disease_13237	9.120760624978763e-10
Disease	disease_6963	9.119826868211187e-10
Disease	disease_2912	9.119221543282379e-10
Disease	disease_17144	9.117548535724393e-10
Disease	disease_6091	9.115226744512961e-10
Disease	disease_13605	9.111522229450097e-10
Disease	disease_8554	9.11135715179966e-10
Disease	disease_14393	9.109203396145125e-10
Disease	disease_20129	9.107513922406804e-10
Disease	disease_15161	9.107074037033146e-10
Disease	disease_16058	9.101035644983209e-10
Disease	disease_14037	9.098961342406248e-10
Disease	disease_100116	9.098882050563148e-10
Disease	disease_15545	9.096290931377049e-10
Disease	disease_19374	9.087944505543479e-10
Disease	disease_20950	9.087187204890347e-10
Disease	disease_1707	9.085269233437648e-10
Disease	disease_14826	9.084554217942747e-10
Disease	disease_1892	9.076014190000511e-10
Disease	disease_10933	9.075969764110933e-10
Disease	disease_16105	9.07577006151812e-10
Disease	disease_14110	9.072996221870023e-10
Disease	disease_13544	9.071278320537656e-10
Disease	disease_6789	9.069270648889392e-10
Disease	disease_18678	9.069270648889392e-10
Disease	disease_12691	9.068621352907639e-10
Disease	disease_22608	9.068388792704621e-10
Disease	disease_4526	9.066852742276725e-10
Disease	disease_6527	9.062776293807699e-10
Disease	disease_40671	9.060238280852149e-10
Disease	disease_20156	9.059844606214515e-10
Disease	disease_24309	9.055708593084651e-10
Disease	disease_5163	9.055280760391759e-10
Disease	disease_24508	9.053672227291943e-10
Disease	disease_6717	9.052570672794259e-10
Disease	disease_12410	9.051182242093571e-10
Disease	disease_44986	9.047076326437024e-10
Disease	disease_2647	9.04340563295551e-10
Disease	disease_1896	9.041845195091507e-10
Disease	disease_24617	9.039802487965499e-10
Disease	disease_6087	9.035362200595479e-10
Disease	disease_9313	9.034842359706254e-10
Disease	disease_12466	9.029928267691642e-10
Disease	disease_14314	9.01460700909408e-10
Disease	disease_7819	9.013957558198193e-10
Disease	disease_21026	9.009255721046824e-10
Disease	disease_19092	9.006812902229811e-10
Disease	disease_5678	9.006812902229811e-10
Disease	disease_6197	9.00642976027744e-10
Disease	disease_3276	9.005065206658544e-10
Disease	disease_4295	8.997273203580861e-10
Disease	disease_21300	8.98615167349865e-10
Disease	disease_25484	8.985496102439401e-10
Disease	disease_4751	8.984167355424966e-10
Disease	disease_12726	8.982554701565655e-10
Disease	disease_14195	8.980129174286425e-10
Disease	disease_9843	8.978926407130341e-10
Disease	disease_11169	8.978530074331134e-10
Disease	disease_13779	8.975507543381843e-10
Disease	disease_16898	8.971704704723825e-10
Disease	disease_13302	8.963749350939132e-10
Disease	disease_1971	8.960226510199352e-10
Disease	disease_2503	8.954840160869093e-10
Disease	disease_3917	8.953264902799332e-10
Disease	disease_44345	8.953151646560945e-10
Disease	disease_44330	8.951894263547754e-10
Disease	disease_24662	8.951040150655165e-10
Disease	disease_14319	8.948455688268111e-10
Disease	disease_9969	8.947682303613507e-10
Disease	disease_2840	8.947458827190442e-10
Disease	disease_3637	8.946495092869049e-10
Disease	disease_6352	8.94444256387644e-10
Disease	disease_32636	8.944093293714912e-10
Disease	disease_17135	8.941194057191214e-10
Disease	disease_15559	8.940667618694049e-10
Disease	disease_13619	8.9396173451498e-10
Disease	disease_13112	8.937758899100808e-10
Disease	disease_13514	8.937538879058956e-10
Disease	disease_11593	8.934863126191118e-10
Disease	disease_5995	8.933390436683646e-10
Disease	disease_20677	8.928594258187287e-10
Disease	disease_13188	8.923018400492348e-10
Disease	disease_32692	8.922610388413549e-10
Disease	disease_13003	8.92076083409975e-10
Disease	disease_15800	8.913699935698708e-10
Disease	disease_13977	8.91366326928317e-10
Disease	disease_15157	8.913198841165086e-10
Disease	disease_24322	8.911674275388374e-10
Disease	disease_24534	8.91089663810276e-10
Disease	disease_34109	8.909295557412089e-10
Disease	disease_4875	8.905128222351608e-10
Disease	disease_43994	8.905128222351608e-10
Disease	disease_3934	8.903578269874628e-10
Disease	disease_43683	8.903171598035575e-10
Disease	disease_14632	8.898916573441574e-10
Disease	disease_17819	8.896790695092196e-10
Disease	disease_10269	8.896490590900002e-10
Disease	disease_1125	8.893694555172661e-10
Disease	disease_16673	8.893551982968432e-10
Disease	disease_17683	8.893446260353962e-10
Disease	disease_9785	8.893203582129248e-10
Disease	disease_10209	8.8883919074408e-10
Disease	disease_21172	8.885960307524074e-10
Disease	disease_17785	8.885826903737586e-10
Disease	disease_23158	8.885534793899549e-10
Disease	disease_4625	8.88541634790617e-10
Disease	disease_7610	8.879992923624374e-10
Disease	disease_54805	8.879367059423648e-10
Disease	disease_18420	8.878877845163476e-10
Disease	disease_8719	8.876642997834643e-10
Disease	disease_3529	8.875351999220634e-10
Disease	disease_42499	8.871513648913244e-10
Disease	disease_21162	8.869655972948969e-10
Disease	disease_721	8.869655972948969e-10
Disease	disease_8712	8.869567536751548e-10
Disease	disease_14756	8.864514699611497e-10
Disease	disease_17066	8.862688789202305e-10
Disease	disease_6758	8.861822581324881e-10
Disease	disease_14190	8.858711091559915e-10
Disease	disease_18948	8.858456983034806e-10
Disease	disease_1270	8.858212217329883e-10
Disease	disease_20772	8.853437584838901e-10
Disease	disease_33008	8.853168886651352e-10
Disease	disease_20404	8.852087244842659e-10
Disease	disease_12729	8.844906074295493e-10
Disease	disease_13477	8.843824755459237e-10
Disease	disease_4420	8.843708369035871e-10
Disease	disease_14919	8.842329793650512e-10
Disease	disease_4573	8.840179485833965e-10
Disease	disease_14469	8.837592849970725e-10
Disease	disease_10486	8.837506481680589e-10
Disease	disease_13018	8.835968444174667e-10
Disease	disease_1239	8.833350546137778e-10
Disease	disease_20845	8.829195725786684e-10
Disease	disease_14498	8.825038604979212e-10
Disease	disease_14476	8.824176810286488e-10
Disease	disease_10516	8.824006585487558e-10
Disease	disease_15538	8.820169202347256e-10
Disease	disease_18463	8.81383906094457e-10
Disease	disease_7022	8.812979536211464e-10
Disease	disease_17761	8.812214466288517e-10
Disease	disease_20850	8.8084493908841e-10
Disease	disease_9968	8.807942126243045e-10
Disease	disease_14524	8.805446003797234e-10
Disease	disease_13518	8.804264029228551e-10
Disease	disease_2402	8.804255399181393e-10
Disease	disease_6359	8.802485324236122e-10
Disease	disease_4748	8.80040871392902e-10
Disease	disease_7342	8.797558614633605e-10
Disease	disease_11979	8.792501705090497e-10
Disease	disease_14485	8.792292184942778e-10
Disease	disease_7486	8.791635854660638e-10
Disease	disease_1301	8.787219858357627e-10
Disease	disease_1441	8.787219858357627e-10
Disease	disease_2225	8.782864802181336e-10
Disease	disease_13558	8.781217526409305e-10
Disease	disease_10107	8.779792841727165e-10
Disease	disease_12644	8.779760155016097e-10
Disease	disease_7871	8.778377429784679e-10
Disease	disease_2337	8.777351733010444e-10
Disease	disease_6188	8.776327329665396e-10
Disease	disease_18690	8.773944580866346e-10
Disease	disease_14492	8.772821766145361e-10
Disease	disease_5868	8.770208668654277e-10
Disease	disease_30953	8.768037126061964e-10
Disease	disease_9371	8.76782060988204e-10
Disease	disease_14726	8.767025421107419e-10
Disease	disease_14575	8.766154504986869e-10
Disease	disease_2460	8.765431224688304e-10
Disease	disease_14622	8.760766337673667e-10
Disease	disease_8503	8.758909194657697e-10
Disease	disease_20835	8.754775121037352e-10
Disease	disease_26426	8.753621729712754e-10
Disease	disease_14651	8.750989123609182e-10
Disease	disease_2632	8.749334686336999e-10
Disease	disease_4050	8.749334686336999e-10
Disease	disease_9307	8.749311672036452e-10
Disease	disease_31013	8.745938034820675e-10
Disease	disease_15269	8.744390112742142e-10
Disease	disease_3962	8.741250283798147e-10
Disease	disease_16350	8.732261975049834e-10
Disease	disease_22825	8.732128420153797e-10
Disease	disease_12541	8.72558074553885e-10
Disease	disease_100068	8.72426425778819e-10
Disease	disease_8328	8.722819597868087e-10
Disease	disease_14266	8.72216560850534e-10
Disease	disease_9915	8.721650469265532e-10
Disease	disease_23521	8.718361764973105e-10
Disease	disease_6164	8.716308775456604e-10
Disease	disease_14042	8.715360470282331e-10
Disease	disease_497	8.71479958259307e-10
Disease	disease_11218	8.71469138553929e-10
Disease	disease_30910	8.713611321923105e-10
Disease	disease_17022	8.712144032461276e-10
Disease	disease_9136	8.71069973434193e-10
Disease	disease_30985	8.70218785745926e-10
Disease	disease_9946	8.69935184133236e-10
Disease	disease_3170	8.697850155854893e-10
Disease	disease_5851	8.69749910923229e-10
Disease	disease_32869	8.696577316745267e-10
Disease	disease_13450	8.695352660981151e-10
Disease	disease_19867	8.693630895915535e-10
Disease	disease_19596	8.68614510719538e-10
Disease	disease_3147	8.685595905095159e-10
Disease	disease_2570	8.684342548830438e-10
Disease	disease_9146	8.68128828870706e-10
Disease	disease_9588	8.678858154939106e-10
Disease	disease_8702	8.673363021017879e-10
Disease	disease_24389	8.672579174896818e-10
Disease	disease_22843	8.667688608255517e-10
Disease	disease_100185	8.665423017208959e-10
Disease	disease_14156	8.66503498006259e-10
Disease	disease_3419	8.661405952821222e-10
Disease	disease_1649	8.65945218292988e-10
Disease	disease_19840	8.6587315973777e-10
Disease	disease_19222	8.655934397442242e-10
Disease	disease_21083	8.655708934028634e-10
Disease	disease_7528	8.649633030177823e-10
Disease	disease_7449	8.649132996090304e-10
Disease	disease_24610	8.647103707327034e-10
Disease	disease_6895	8.646304891580503e-10
Disease	disease_8904	8.641833133237954e-10
Disease	disease_3784	8.640090725828349e-10
Disease	disease_1249	8.638064001635287e-10
Disease	disease_20021	8.637498564813119e-10
Disease	disease_5407	8.636180820801253e-10
Disease	disease_15537	8.633011041448599e-10
Disease	disease_6913	8.616165370946606e-10
Disease	disease_13621	8.61440847968394e-10
Disease	disease_17686	8.611064983643392e-10
Disease	disease_9501	8.60941702727721e-10
Disease	disease_6994	8.606321799823991e-10
Disease	disease_407	8.604002666421554e-10
Disease	disease_17849	8.601506655108731e-10
Disease	disease_14771	8.598713370490209e-10
Disease	disease_32630	8.595807170049825e-10
Disease	disease_3630	8.593981288858919e-10
Disease	disease_60758	8.592938843677716e-10
Disease	disease_10667	8.591882893718737e-10
Disease	disease_14356	8.583334804069246e-10
Disease	disease_4926	8.581238315560325e-10
Disease	disease_11047	8.579371362586681e-10
Disease	disease_3455	8.574701247453768e-10
Disease	disease_8301	8.566571482409231e-10
Disease	disease_7595	8.565133896449644e-10
Disease	disease_24715	8.564340285651038e-10
Disease	disease_3287	8.563038032583435e-10
Disease	disease_8981	8.560736674887383e-10
Disease	disease_16332	8.557966275925148e-10
Disease	disease_11953	8.557662559299472e-10
Disease	disease_11004	8.557202243170962e-10
Disease	disease_8390	8.555438256476674e-10
Disease	disease_12991	8.551389504640698e-10
Disease	disease_13812	8.550723410679598e-10
Disease	disease_20550	8.548619168553604e-10
Disease	disease_8470	8.535377770386677e-10
Disease	disease_42970	8.534996319782439e-10
Disease	disease_100121	8.533327800266234e-10
Disease	disease_8269	8.525876157088165e-10
Disease	disease_6061	8.521819931276451e-10
Disease	disease_13136	8.520456705253878e-10
Disease	disease_6767	8.520121492772711e-10
Disease	disease_24302	8.517908916876518e-10
Disease	disease_8070	8.514049032872411e-10
Disease	disease_13355	8.508972942266621e-10
Disease	disease_12828	8.506007964304794e-10
Disease	disease_1962	8.505450706674131e-10
Disease	disease_2239	8.505450706674131e-10
Disease	disease_13269	8.501461048617812e-10
Disease	disease_15011	8.500225551159423e-10
Disease	disease_44913	8.498504830863927e-10
Disease	disease_12680	8.490078812457659e-10
Disease	disease_18778	8.485648661461507e-10
Disease	disease_13773	8.482447651162525e-10
Disease	disease_11814	8.481720879673246e-10
Disease	disease_17511	8.481672121504374e-10
Disease	disease_17512	8.481672121504374e-10
Disease	disease_17966	8.478241250526327e-10
Disease	disease_14546	8.475055351214759e-10
Disease	disease_17384	8.471829477086271e-10
Disease	disease_14171	8.463240917474324e-10
Disease	disease_10388	8.46007137630007e-10
Disease	disease_2168	8.457211813868375e-10
Disease	disease_2667	8.453320048145856e-10
Disease	disease_100290	8.451565276550218e-10
Disease	disease_20020	8.449274168517003e-10
Disease	disease_21562	8.447788944007664e-10
Disease	disease_10652	8.445907777120832e-10
Disease	disease_13728	8.441261176593566e-10
Disease	disease_10815	8.436045894746476e-10
Disease	disease_15438	8.433000373608277e-10
Disease	disease_5977	8.432711648458673e-10
Disease	disease_24524	8.426076463492973e-10
Disease	disease_19071	8.425409776144265e-10
Disease	disease_7612	8.42429144311056e-10
Disease	disease_21948	8.424161844466258e-10
Disease	disease_13028	8.42339285435038e-10
Disease	disease_13997	8.422891946079444e-10
Disease	disease_21508	8.422307020028456e-10
Disease	disease_14292	8.421305896907715e-10
Disease	disease_18024	8.420701550532755e-10
Disease	disease_24278	8.419779276731361e-10
Disease	disease_17015	8.419009969637546e-10
Disease	disease_32485	8.418274559977361e-10
Disease	disease_11505	8.415724667879616e-10
Disease	disease_11994	8.413087823398034e-10
Disease	disease_373	8.409930579966428e-10
Disease	disease_100152	8.409065077138731e-10
Disease	disease_7684	8.407836502059506e-10
Disease	disease_13697	8.407118330547837e-10
Disease	disease_16678	8.406579982407893e-10
Disease	disease_25667	8.404508433931602e-10
Disease	disease_10817	8.403647300209771e-10
Disease	disease_20348	8.402646260607791e-10
Disease	disease_20349	8.402646260607791e-10
Disease	disease_14120	8.400317972225608e-10
Disease	disease_20780	8.395650124312972e-10
Disease	disease_13489	8.393209909646357e-10
Disease	disease_54844	8.389777093726945e-10
Disease	disease_14192	8.389703731301552e-10
Disease	disease_8582	8.386001602600183e-10
Disease	disease_9492	8.382775854223817e-10
Disease	disease_20130	8.374298460872822e-10
Disease	disease_10759	8.373702013186567e-10
Disease	disease_11909	8.36932589209106e-10
Disease	disease_2536	8.36908128496683e-10
Disease	disease_18511	8.36554469011455e-10
Disease	disease_18916	8.365436985791366e-10
Disease	disease_8396	8.36223823101157e-10
Disease	disease_18776	8.361834854660526e-10
Disease	disease_4051	8.360229505921164e-10
Disease	disease_32566	8.359600200137511e-10
Disease	disease_13081	8.35715416283415e-10
Disease	disease_2786	8.354382054906985e-10
Disease	disease_13470	8.34987535396596e-10
Disease	disease_14619	8.344772935199386e-10
Disease	disease_13890	8.340061941877297e-10
Disease	disease_22403	8.339182818420679e-10
Disease	disease_22413	8.339182818420679e-10
Disease	disease_23194	8.339182818420679e-10
Disease	disease_23226	8.339182818420679e-10
Disease	disease_22555	8.339182818420679e-10
Disease	disease_23083	8.339182818420679e-10
Disease	disease_43073	8.339182818420679e-10
Disease	disease_22580	8.339182818420679e-10
Disease	disease_22733	8.339182818420679e-10
Disease	disease_22577	8.339182818420679e-10
Disease	disease_22220	8.339182818420679e-10
Disease	disease_22380	8.339182818420679e-10
Disease	disease_22504	8.339182818420679e-10
Disease	disease_22693	8.339182818420679e-10
Disease	disease_23197	8.339182818420679e-10
Disease	disease_23196	8.339182818420679e-10
Disease	disease_22691	8.339182818420679e-10
Disease	disease_22402	8.339182818420679e-10
Disease	disease_22712	8.339182818420679e-10
Disease	disease_22805	8.339182818420679e-10
Disease	disease_22496	8.339182818420679e-10
Disease	disease_22694	8.339182818420679e-10
Disease	disease_43108	8.339182818420679e-10
Disease	disease_15311	8.339182818420679e-10
Disease	disease_43087	8.339182818420679e-10
Disease	disease_22809	8.339182818420679e-10
Disease	disease_22803	8.339182818420679e-10
Disease	disease_23186	8.339182818420679e-10
Disease	disease_23290	8.339182818420679e-10
Disease	disease_23199	8.339182818420679e-10
Disease	disease_23079	8.339182818420679e-10
Disease	disease_23368	8.339182818420679e-10
Disease	disease_22398	8.339182818420679e-10
Disease	disease_23052	8.339182818420679e-10
Disease	disease_22810	8.339182818420679e-10
Disease	disease_23068	8.339182818420679e-10
Disease	disease_23240	8.339182818420679e-10
Disease	disease_23050	8.339182818420679e-10
Disease	disease_22804	8.339182818420679e-10
Disease	disease_23066	8.339182818420679e-10
Disease	disease_23193	8.339182818420679e-10
Disease	disease_22401	8.339182818420679e-10
Disease	disease_23579	8.339182818420679e-10
Disease	disease_23062	8.339182818420679e-10
Disease	disease_23061	8.339182818420679e-10
Disease	disease_22500	8.339182818420679e-10
Disease	disease_22545	8.339182818420679e-10
Disease	disease_22802	8.339182818420679e-10
Disease	disease_23577	8.339182818420679e-10
Disease	disease_22414	8.339182818420679e-10
Disease	disease_23200	8.339182818420679e-10
Disease	disease_22798	8.339182818420679e-10
Disease	disease_22782	8.339182818420679e-10
Disease	disease_43183	8.339182818420679e-10
Disease	disease_22780	8.339182818420679e-10
Disease	disease_23157	8.339182818420679e-10
Disease	disease_22781	8.339182818420679e-10
Disease	disease_23124	8.339182818420679e-10
Disease	disease_22513	8.339182818420679e-10
Disease	disease_22598	8.339182818420679e-10
Disease	disease_22576	8.339182818420679e-10
Disease	disease_23575	8.339182818420679e-10
Disease	disease_22428	8.339182818420679e-10
Disease	disease_22775	8.339182818420679e-10
Disease	disease_22785	8.339182818420679e-10
Disease	disease_23230	8.339182818420679e-10
Disease	disease_849	8.339182818420679e-10
Disease	disease_22786	8.339182818420679e-10
Disease	disease_22599	8.339182818420679e-10
Disease	disease_23155	8.339182818420679e-10
Disease	disease_23154	8.339182818420679e-10
Disease	disease_43185	8.339182818420679e-10
Disease	disease_22779	8.339182818420679e-10
Disease	disease_23140	8.339182818420679e-10
Disease	disease_23540	8.339182818420679e-10
Disease	disease_43199	8.339182818420679e-10
Disease	disease_23138	8.339182818420679e-10
Disease	disease_22776	8.339182818420679e-10
Disease	disease_23541	8.339182818420679e-10
Disease	disease_23137	8.339182818420679e-10
Disease	disease_22777	8.339182818420679e-10
Disease	disease_43195	8.339182818420679e-10
Disease	disease_22778	8.339182818420679e-10
Disease	disease_42600	8.339182818420679e-10
Disease	disease_23142	8.339182818420679e-10
Disease	disease_43193	8.339182818420679e-10
Disease	disease_23133	8.339182818420679e-10
Disease	disease_22425	8.339182818420679e-10
Disease	disease_23111	8.339182818420679e-10
Disease	disease_22510	8.339182818420679e-10
Disease	disease_22602	8.339182818420679e-10
Disease	disease_22685	8.339182818420679e-10
Disease	disease_43129	8.339182818420679e-10
Disease	disease_43197	8.339182818420679e-10
Disease	disease_22603	8.339182818420679e-10
Disease	disease_43114	8.339182818420679e-10
Disease	disease_22605	8.339182818420679e-10
Disease	disease_23091	8.339182818420679e-10
Disease	disease_22740	8.339182818420679e-10
Disease	disease_23567	8.339182818420679e-10
Disease	disease_23288	8.339182818420679e-10
Disease	disease_23170	8.339182818420679e-10
Disease	disease_22739	8.339182818420679e-10
Disease	disease_22509	8.339182818420679e-10
Disease	disease_23084	8.339182818420679e-10
Disease	disease_23175	8.339182818420679e-10
Disease	disease_22734	8.339182818420679e-10
Disease	disease_23167	8.339182818420679e-10
Disease	disease_22337	8.339182818420679e-10
Disease	disease_22771	8.339182818420679e-10
Disease	disease_23100	8.339182818420679e-10
Disease	disease_22787	8.339182818420679e-10
Disease	disease_43179	8.339182818420679e-10
Disease	disease_43172	8.339182818420679e-10
Disease	disease_43170	8.339182818420679e-10
Disease	disease_23102	8.339182818420679e-10
Disease	disease_22770	8.339182818420679e-10
Disease	disease_22790	8.339182818420679e-10
Disease	disease_23101	8.339182818420679e-10
Disease	disease_19103	8.339182818420679e-10
Disease	disease_22769	8.339182818420679e-10
Disease	disease_22791	8.339182818420679e-10
Disease	disease_22682	8.339182818420679e-10
Disease	disease_23510	8.339182818420679e-10
Disease	disease_22765	8.339182818420679e-10
Disease	disease_4771	8.339182818420679e-10
Disease	disease_23098	8.339182818420679e-10
Disease	disease_22936	8.339182818420679e-10
Disease	disease_43358	8.339182818420679e-10
Disease	disease_16818	8.339182818420679e-10
Disease	disease_22613	8.339182818420679e-10
Disease	disease_22650	8.339182818420679e-10
Disease	disease_23809	8.339182818420679e-10
Disease	disease_21969	8.339182818420679e-10
Disease	disease_22982	8.339182818420679e-10
Disease	disease_22648	8.339182818420679e-10
Disease	disease_22456	8.339182818420679e-10
Disease	disease_22615	8.339182818420679e-10
Disease	disease_21962	8.339182818420679e-10
Disease	disease_22883	8.339182818420679e-10
Disease	disease_22884	8.339182818420679e-10
Disease	disease_22981	8.339182818420679e-10
Disease	disease_22887	8.339182818420679e-10
Disease	disease_22978	8.339182818420679e-10
Disease	disease_22977	8.339182818420679e-10
Disease	disease_22975	8.339182818420679e-10
Disease	disease_22889	8.339182818420679e-10
Disease	disease_23267	8.339182818420679e-10
Disease	disease_22971	8.339182818420679e-10
Disease	disease_22633	8.339182818420679e-10
Disease	disease_22968	8.339182818420679e-10
Disease	disease_22876	8.339182818420679e-10
Disease	disease_22875	8.339182818420679e-10
Disease	disease_22869	8.339182818420679e-10
Disease	disease_22011	8.339182818420679e-10
Disease	disease_22612	8.339182818420679e-10
Disease	disease_23208	8.339182818420679e-10
Disease	disease_22465	8.339182818420679e-10
Disease	disease_23000	8.339182818420679e-10
Disease	disease_22855	8.339182818420679e-10
Disease	disease_22656	8.339182818420679e-10
Disease	disease_22858	8.339182818420679e-10
Disease	disease_22013	8.339182818420679e-10
Disease	disease_22999	8.339182818420679e-10
Disease	disease_22551	8.339182818420679e-10
Disease	disease_22989	8.339182818420679e-10
Disease	disease_22862	8.339182818420679e-10
Disease	disease_22462	8.339182818420679e-10
Disease	disease_22990	8.339182818420679e-10
Disease	disease_22863	8.339182818420679e-10
Disease	disease_22654	8.339182818420679e-10
Disease	disease_22865	8.339182818420679e-10
Disease	disease_22866	8.339182818420679e-10
Disease	disease_23605	8.339182818420679e-10
Disease	disease_100071	8.339182818420679e-10
Disease	disease_42960	8.339182818420679e-10
Disease	disease_22960	8.339182818420679e-10
Disease	disease_23002	8.339182818420679e-10
Disease	disease_22634	8.339182818420679e-10
Disease	disease_22909	8.339182818420679e-10
Disease	disease_22942	8.339182818420679e-10
Disease	disease_21836	8.339182818420679e-10
Disease	disease_22646	8.339182818420679e-10
Disease	disease_22913	8.339182818420679e-10
Disease	disease_3157	8.339182818420679e-10
Disease	disease_22941	8.339182818420679e-10
Disease	disease_21849	8.339182818420679e-10
Disease	disease_22553	8.339182818420679e-10
Disease	disease_22916	8.339182818420679e-10
Disease	disease_22926	8.339182818420679e-10
Disease	disease_22938	8.339182818420679e-10
Disease	disease_22645	8.339182818420679e-10
Disease	disease_42924	8.339182818420679e-10
Disease	disease_22457	8.339182818420679e-10
Disease	disease_22937	8.339182818420679e-10
Disease	disease_42915	8.339182818420679e-10
Disease	disease_22458	8.339182818420679e-10
Disease	disease_23255	8.339182818420679e-10
Disease	disease_42913	8.339182818420679e-10
Disease	disease_22644	8.339182818420679e-10
Disease	disease_3963	8.339182818420679e-10
Disease	disease_22945	8.339182818420679e-10
Disease	disease_42912	8.339182818420679e-10
Disease	disease_42908	8.339182818420679e-10
Disease	disease_23214	8.339182818420679e-10
Disease	disease_22461	8.339182818420679e-10
Disease	disease_22639	8.339182818420679e-10
Disease	disease_23212	8.339182818420679e-10
Disease	disease_22647	8.339182818420679e-10
Disease	disease_21752	8.339182818420679e-10
Disease	disease_42902	8.339182818420679e-10
Disease	disease_24171	8.339182818420679e-10
Disease	disease_24418	8.339182818420679e-10
Disease	disease_21761	8.339182818420679e-10
Disease	disease_21829	8.339182818420679e-10
Disease	disease_24421	8.339182818420679e-10
Disease	disease_22899	8.339182818420679e-10
Disease	disease_42911	8.339182818420679e-10
Disease	disease_21918	8.339182818420679e-10
Disease	disease_42956	8.339182818420679e-10
Disease	disease_22946	8.339182818420679e-10
Disease	disease_21905	8.339182818420679e-10
Disease	disease_22568	8.339182818420679e-10
Disease	disease_22908	8.339182818420679e-10
Disease	disease_22854	8.339182818420679e-10
Disease	disease_24234	8.339182818420679e-10
Disease	disease_23030	8.339182818420679e-10
Disease	disease_22575	8.339182818420679e-10
Disease	disease_22831	8.339182818420679e-10
Disease	disease_22140	8.339182818420679e-10
Disease	disease_23609	8.339182818420679e-10
Disease	disease_22820	8.339182818420679e-10
Disease	disease_22821	8.339182818420679e-10
Disease	disease_42603	8.339182818420679e-10
Disease	disease_22666	8.339182818420679e-10
Disease	disease_42604	8.339182818420679e-10
Disease	disease_42705	8.339182818420679e-10
Disease	disease_22822	8.339182818420679e-10
Disease	disease_23015	8.339182818420679e-10
Disease	disease_23016	8.339182818420679e-10
Disease	disease_22556	8.339182818420679e-10
Disease	disease_23022	8.339182818420679e-10
Disease	disease_23017	8.339182818420679e-10
Disease	disease_42726	8.339182818420679e-10
Disease	disease_22823	8.339182818420679e-10
Disease	disease_22832	8.339182818420679e-10
Disease	disease_42724	8.339182818420679e-10
Disease	disease_23018	8.339182818420679e-10
Disease	disease_23019	8.339182818420679e-10
Disease	disease_22824	8.339182818420679e-10
Disease	disease_23021	8.339182818420679e-10
Disease	disease_23020	8.339182818420679e-10
Disease	disease_42717	8.339182818420679e-10
Disease	disease_23013	8.339182818420679e-10
Disease	disease_23203	8.339182818420679e-10
Disease	disease_23031	8.339182818420679e-10
Disease	disease_23696	8.339182818420679e-10
Disease	disease_22851	8.339182818420679e-10
Disease	disease_22470	8.339182818420679e-10
Disease	disease_22815	8.339182818420679e-10
Disease	disease_22817	8.339182818420679e-10
Disease	disease_42601	8.339182818420679e-10
Disease	disease_23221	8.339182818420679e-10
Disease	disease_22849	8.339182818420679e-10
Disease	disease_22662	8.339182818420679e-10
Disease	disease_22070	8.339182818420679e-10
Disease	disease_23005	8.339182818420679e-10
Disease	disease_22435	8.339182818420679e-10
Disease	disease_22610	8.339182818420679e-10
Disease	disease_23272	8.339182818420679e-10
Disease	disease_42602	8.339182818420679e-10
Disease	disease_22546	8.339182818420679e-10
Disease	disease_22819	8.339182818420679e-10
Disease	disease_22071	8.339182818420679e-10
Disease	disease_44876	8.339182818420679e-10
Disease	disease_22818	8.339182818420679e-10
Disease	disease_23607	8.339182818420679e-10
Disease	disease_23038	8.339182818420679e-10
Disease	disease_22089	8.339182818420679e-10
Disease	disease_22675	8.339182818420679e-10
Disease	disease_7216	8.333336986403777e-10
Disease	disease_15739	8.328274352852593e-10
Disease	disease_2976	8.323884715662366e-10
Disease	disease_2569	8.323884715662366e-10
Disease	disease_1428	8.323884715662366e-10
Disease	disease_1427	8.323884715662366e-10
Disease	disease_1469	8.323884715662366e-10
Disease	disease_16205	8.321474574454189e-10
Disease	disease_15725	8.31745994574247e-10
Disease	disease_6000	8.313817537762585e-10
Disease	disease_32666	8.313140734408031e-10
Disease	disease_20117	8.312663155427549e-10
Disease	disease_6921	8.310958345123736e-10
Disease	disease_11660	8.310905735118963e-10
Disease	disease_8401	8.308703327678961e-10
Disease	disease_9604	8.308353007197529e-10
Disease	disease_12060	8.30357790180403e-10
Disease	disease_10579	8.303441608935537e-10
Disease	disease_14065	8.302997835053002e-10
Disease	disease_13380	8.29958374802024e-10
Disease	disease_14502	8.298140632062608e-10
Disease	disease_14278	8.295955541678059e-10
Disease	disease_16891	8.293920363259404e-10
Disease	disease_43327	8.293547208365981e-10
Disease	disease_11193	8.293452911307522e-10
Disease	disease_14759	8.291912327744607e-10
Disease	disease_3772	8.291893958128379e-10
Disease	disease_5616	8.290228375331427e-10
Disease	disease_5410	8.284591742180539e-10
Disease	disease_20830	8.283476031212107e-10
Disease	disease_26724	8.283222311774827e-10
Disease	disease_14012	8.279263585191558e-10
Disease	disease_18851	8.273479937434636e-10
Disease	disease_14842	8.270892210620486e-10
Disease	disease_8618	8.270627826708825e-10
Disease	disease_11114	8.270617641435483e-10
Disease	disease_20275	8.267815931001099e-10
Disease	disease_3340	8.266129278649639e-10
Disease	disease_14182	8.265404368416573e-10
Disease	disease_2045	8.263772982074413e-10
Disease	disease_11274	8.263095708619648e-10
Disease	disease_10612	8.260922912330873e-10
Disease	disease_13807	8.259619850851607e-10
Disease	disease_4104	8.253081336539722e-10
Disease	disease_19453	8.251990350223122e-10
Disease	disease_17007	8.250687540000452e-10
Disease	disease_30034	8.249276931952975e-10
Disease	disease_2833	8.243436463247857e-10
Disease	disease_8777	8.233990110991435e-10
Disease	disease_44343	8.230543494112967e-10
Disease	disease_6082	8.228739501789971e-10
Disease	disease_8251	8.228683178842336e-10
Disease	disease_17141	8.227537486803382e-10
Disease	disease_895	8.226553524481651e-10
Disease	disease_893	8.226553524481651e-10
Disease	disease_9703	8.223009752665763e-10
Disease	disease_19639	8.21932841834596e-10
Disease	disease_15351	8.217643863849825e-10
Disease	disease_11649	8.217413546153681e-10
Disease	disease_7123	8.211483665100192e-10
Disease	disease_2057	8.209629801809436e-10
Disease	disease_36501	8.204349846235741e-10
Disease	disease_19631	8.203991192113247e-10
Disease	disease_10583	8.199037118134839e-10
Disease	disease_3187	8.198733900291624e-10
Disease	disease_14847	8.19853580834356e-10
Disease	disease_2480	8.197978191361685e-10
Disease	disease_12612	8.194627685689942e-10
Disease	disease_14762	8.190511719944072e-10
Disease	disease_13059	8.182315022204479e-10
Disease	disease_45014	8.181542092370478e-10
Disease	disease_1511	8.17823126207705e-10
Disease	disease_13061	8.177912581366628e-10
Disease	disease_100126	8.176822937706007e-10
Disease	disease_42965	8.172676330889486e-10
Disease	disease_42964	8.172676330889486e-10
Disease	disease_12781	8.171666952021304e-10
Disease	disease_12776	8.171666952021304e-10
Disease	disease_12702	8.171666952021304e-10
Disease	disease_12782	8.171666952021304e-10
Disease	disease_12777	8.171666952021304e-10
Disease	disease_11793	8.171666952021304e-10
Disease	disease_12340	8.171666952021304e-10
Disease	disease_12780	8.171666952021304e-10
Disease	disease_12779	8.171666952021304e-10
Disease	disease_12778	8.171666952021304e-10
Disease	disease_15466	8.16942804309951e-10
Disease	disease_13935	8.167490254120372e-10
Disease	disease_4088	8.166433429828271e-10
Disease	disease_875	8.16326074908429e-10
Disease	disease_19159	8.163045726100239e-10
Disease	disease_14216	8.158894656046701e-10
Disease	disease_8397	8.156442648907388e-10
Disease	disease_19102	8.154734326213467e-10
Disease	disease_8484	8.152029755123744e-10
Disease	disease_12337	8.151420859738744e-10
Disease	disease_12646	8.151420859738744e-10
Disease	disease_4659	8.14802893144641e-10
Disease	disease_14927	8.147161501293841e-10
Disease	disease_14685	8.143674568518497e-10
Disease	disease_20783	8.143171417770867e-10
Disease	disease_7137	8.138375843190903e-10
Disease	disease_8927	8.137794748873002e-10
Disease	disease_17028	8.133280926947773e-10
Disease	disease_11132	8.129655968819488e-10
Disease	disease_17088	8.127157400482888e-10
Disease	disease_17087	8.127157400482888e-10
Disease	disease_30070	8.125902266773982e-10
Disease	disease_9121	8.125057031249126e-10
Disease	disease_12442	8.121943946578167e-10
Disease	disease_100244	8.119413135561108e-10
Disease	disease_7306	8.116541610390414e-10
Disease	disease_17026	8.116039433277119e-10
Disease	disease_13702	8.112988592924452e-10
Disease	disease_7461	8.111032358197686e-10
Disease	disease_13887	8.109200633683738e-10
Disease	disease_56817	8.108672734757497e-10
Disease	disease_3086	8.107390849394913e-10
Disease	disease_11711	8.102934258410096e-10
Disease	disease_13627	8.102644751714848e-10
Disease	disease_9365	8.102176279910361e-10
Disease	disease_32628	8.101319466916668e-10
Disease	disease_715	8.099940956247029e-10
Disease	disease_2941	8.099935895983523e-10
Disease	disease_54739	8.097513473825054e-10
Disease	disease_14318	8.093706494746308e-10
Disease	disease_9631	8.090342460581914e-10
Disease	disease_10094	8.090206950475494e-10
Disease	disease_20082	8.088005548464217e-10
Disease	disease_11710	8.08776068760891e-10
Disease	disease_13664	8.08752081372573e-10
Disease	disease_19419	8.085498826212932e-10
Disease	disease_7564	8.084177571890833e-10
Disease	disease_462	8.080477872724876e-10
Disease	disease_8466	8.077133272881219e-10
Disease	disease_17316	8.076765954798663e-10
Disease	disease_32939	8.073732605804116e-10
Disease	disease_100195	8.073211944919833e-10
Disease	disease_8634	8.072337646169244e-10
Disease	disease_21114	8.067570888960479e-10
Disease	disease_13638	8.066024266741782e-10
Disease	disease_11784	8.065899414380797e-10
Disease	disease_2982	8.062798372541809e-10
Disease	disease_20858	8.05965826422205e-10
Disease	disease_22948	8.059037593567577e-10
Disease	disease_9361	8.055095346493108e-10
Disease	disease_19674	8.054020847201413e-10
Disease	disease_4090	8.053489589186976e-10
Disease	disease_32582	8.051771704487924e-10
Disease	disease_33262	8.048558909610241e-10
Disease	disease_7207	8.04360353145507e-10
Disease	disease_15932	8.043457752561842e-10
Disease	disease_21506	8.04338482858342e-10
Disease	disease_15567	8.029704049874393e-10
Disease	disease_13422	8.026733024627758e-10
Disease	disease_7509	8.024943682519757e-10
Disease	disease_14384	8.021370503233358e-10
Disease	disease_9996	8.01835091625832e-10
Disease	disease_5967	8.015223405147128e-10
Disease	disease_20321	8.010464679857846e-10
Disease	disease_21577	8.007054506744851e-10
Disease	disease_16972	8.005386410482865e-10
Disease	disease_2675	8.001065350913421e-10
Disease	disease_15613	7.988642589711688e-10
Disease	disease_1402	7.986835895702634e-10
Disease	disease_3517	7.97543539059366e-10
Disease	disease_5864	7.963272297480832e-10
Disease	disease_18117	7.963124476500022e-10
Disease	disease_9076	7.959076013834377e-10
Disease	disease_14819	7.95852297863704e-10
Disease	disease_2884	7.955247587846967e-10
Disease	disease_11604	7.955083044233793e-10
Disease	disease_8659	7.951411248446555e-10
Disease	disease_12467	7.950812627548083e-10
Disease	disease_9522	7.947866462781795e-10
Disease	disease_8785	7.945869232091927e-10
Disease	disease_7902	7.944411148146931e-10
Disease	disease_12053	7.943561614096632e-10
Disease	disease_19113	7.939464873685437e-10
Disease	disease_16639	7.936542188747286e-10
Disease	disease_14223	7.934365947237791e-10
Disease	disease_20530	7.933644532155104e-10
Disease	disease_15573	7.931190560648709e-10
Disease	disease_7205	7.923413541710334e-10
Disease	disease_7587	7.922013942510528e-10
Disease	disease_16903	7.915873631424102e-10
Disease	disease_6978	7.913856146811284e-10
Disease	disease_9887	7.910671985711492e-10
Disease	disease_14573	7.910096299106852e-10
Disease	disease_6493	7.909857727649867e-10
Disease	disease_16749	7.909318875685929e-10
Disease	disease_3555	7.908331666874663e-10
Disease	disease_6223	7.907131877001454e-10
Disease	disease_901	7.907131877001454e-10
Disease	disease_44889	7.907131877001454e-10
Disease	disease_6428	7.907131877001454e-10
Disease	disease_8403	7.907049871187151e-10
Disease	disease_12196	7.904813196961589e-10
Disease	disease_20686	7.904665214771017e-10
Disease	disease_32608	7.901289043740302e-10
Disease	disease_19541	7.896149303543708e-10
Disease	disease_21541	7.894886130921066e-10
Disease	disease_17921	7.893812771059863e-10
Disease	disease_10078	7.891231022366548e-10
Disease	disease_14179	7.890168013196417e-10
Disease	disease_16199	7.888479986757214e-10
Disease	disease_4239	7.886986435085267e-10
Disease	disease_9083	7.885620747894116e-10
Disease	disease_5981	7.879205644807834e-10
Disease	disease_31446	7.876893180933544e-10
Disease	disease_24351	7.87524503725555e-10
Disease	disease_10349	7.870280986678644e-10
Disease	disease_20533	7.869426332568639e-10
Disease	disease_21250	7.869115273951018e-10
Disease	disease_15385	7.866440148346462e-10
Disease	disease_14899	7.864779287407696e-10
Disease	disease_5848	7.862855053896081e-10
Disease	disease_21498	7.861260803848103e-10
Disease	disease_18085	7.858797562585198e-10
Disease	disease_5973	7.857104642652728e-10
Disease	disease_20214	7.855281642937098e-10
Disease	disease_2090	7.854246789517901e-10
Disease	disease_2885	7.850055249551353e-10
Disease	disease_17226	7.850054118449227e-10
Disease	disease_60781	7.848158009840583e-10
Disease	disease_60720	7.845056910659729e-10
Disease	disease_14240	7.839796051464907e-10
Disease	disease_7368	7.838481111463224e-10
Disease	disease_2133	7.836220961762068e-10
Disease	disease_20791	7.834996146232992e-10
Disease	disease_3354	7.834595164988878e-10
Disease	disease_19432	7.833569290569142e-10
Disease	disease_14113	7.8236408311146e-10
Disease	disease_16048	7.819367484630256e-10
Disease	disease_8537	7.810768632533086e-10
Disease	disease_8569	7.803334378032939e-10
Disease	disease_18856	7.803304713922216e-10
Disease	disease_11580	7.803070172127115e-10
Disease	disease_11923	7.795380165326094e-10
Disease	disease_100327	7.789937682692568e-10
Disease	disease_6218	7.786615439688867e-10
Disease	disease_15316	7.781394414178812e-10
Disease	disease_10704	7.779618353620485e-10
Disease	disease_4603	7.779112843158729e-10
Disease	disease_16148	7.779016150384131e-10
Disease	disease_8866	7.778381135531406e-10
Disease	disease_2981	7.778015463075219e-10
Disease	disease_10409	7.777790015352707e-10
Disease	disease_4199	7.774042594444004e-10
Disease	disease_17194	7.773408015797487e-10
Disease	disease_3089	7.769103314454211e-10
Disease	disease_15411	7.760178750102195e-10
Disease	disease_13879	7.760113779209516e-10
Disease	disease_32644	7.75985220803091e-10
Disease	disease_2805	7.757817542452063e-10
Disease	disease_12132	7.757582600997583e-10
Disease	disease_21142	7.756696787920045e-10
Disease	disease_105	7.755470485293777e-10
Disease	disease_6617	7.744000554931383e-10
Disease	disease_9724	7.743559260755157e-10
Disease	disease_2779	7.7372485386438e-10
Disease	disease_20532	7.737235605960406e-10
Disease	disease_1011	7.736312242428971e-10
Disease	disease_19074	7.733729011639691e-10
Disease	disease_12412	7.731677389835529e-10
Disease	disease_18595	7.725558629871856e-10
Disease	disease_18596	7.725558629871856e-10
Disease	disease_18592	7.725558629871856e-10
Disease	disease_32795	7.723229908260579e-10
Disease	disease_1666	7.721802854454337e-10
Disease	disease_13614	7.719005764940519e-10
Disease	disease_30915	7.718704839627511e-10
Disease	disease_6648	7.716121979387543e-10
Disease	disease_43283	7.716120668339101e-10
Disease	disease_20489	7.710878932208685e-10
Disease	disease_14254	7.705729950309646e-10
Disease	disease_7504	7.691229988061867e-10
Disease	disease_13753	7.690384954520179e-10
Disease	disease_16545	7.687345990072047e-10
Disease	disease_16375	7.682989386005317e-10
Disease	disease_502	7.680182553404844e-10
Disease	disease_16534	7.676544379778457e-10
Disease	disease_10670	7.675481176718227e-10
Disease	disease_3126	7.673713416407654e-10
Disease	disease_12194	7.669470968442218e-10
Disease	disease_13983	7.668439124147861e-10
Disease	disease_15099	7.668180531325881e-10
Disease	disease_19975	7.665721017976869e-10
Disease	disease_14346	7.659981867331001e-10
Disease	disease_24532	7.658811780518644e-10
Disease	disease_6565	7.658309483349216e-10
Disease	disease_16724	7.656229486892899e-10
Disease	disease_15516	7.654542274101184e-10
Disease	disease_4593	7.654369010843668e-10
Disease	disease_54850	7.653849455719604e-10
Disease	disease_8971	7.652321693288969e-10
Disease	disease_18181	7.65147876407107e-10
Disease	disease_908	7.650898098242986e-10
Disease	disease_18327	7.648185486247494e-10
Disease	disease_14202	7.638677818786607e-10
Disease	disease_5638	7.638122869113255e-10
Disease	disease_4712	7.636665891517705e-10
Disease	disease_2761	7.635885952958566e-10
Disease	disease_15679	7.635155485158875e-10
Disease	disease_11129	7.635036052270754e-10
Disease	disease_9370	7.631818502801954e-10
Disease	disease_20944	7.628426171459593e-10
Disease	disease_12918	7.627817424735589e-10
Disease	disease_17216	7.627093586185029e-10
Disease	disease_8676	7.623076620549399e-10
Disease	disease_739	7.622371521251521e-10
Disease	disease_20595	7.621914314321361e-10
Disease	disease_17093	7.621602421455201e-10
Disease	disease_54791	7.620156314580339e-10
Disease	disease_5183	7.614187466432768e-10
Disease	disease_12714	7.613546935262318e-10
Disease	disease_14089	7.613265362630083e-10
Disease	disease_11869	7.605265018850163e-10
Disease	disease_13854	7.604463227334196e-10
Disease	disease_16795	7.602964406712467e-10
Disease	disease_24481	7.602283817766523e-10
Disease	disease_17898	7.600240537271045e-10
Disease	disease_10310	7.596466230067698e-10
Disease	disease_12265	7.588992561787343e-10
Disease	disease_12264	7.588992561787343e-10
Disease	disease_1051	7.587664821044728e-10
Disease	disease_44921	7.585375931948625e-10
Disease	disease_3021	7.58056535947506e-10
Disease	disease_19762	7.579333899136201e-10
Disease	disease_19761	7.579333899136201e-10
Disease	disease_17220	7.579333899136201e-10
Disease	disease_19763	7.579333899136201e-10
Disease	disease_16387	7.576060949588755e-10
Disease	disease_4259	7.57481636252926e-10
Disease	disease_2062	7.57455709829636e-10
Disease	disease_17616	7.568504244921605e-10
Disease	disease_19417	7.568504244921605e-10
Disease	disease_21478	7.562969309781335e-10
Disease	disease_12186	7.557262152361335e-10
Disease	disease_21029	7.555395595966512e-10
Disease	disease_40653	7.545495883853406e-10
Disease	disease_17270	7.544749399692081e-10
Disease	disease_13882	7.544521526174226e-10
Disease	disease_1142	7.541726697406141e-10
Disease	disease_34021	7.540751092031495e-10
Disease	disease_18831	7.539829583096709e-10
Disease	disease_11444	7.535561506464029e-10
Disease	disease_5800	7.533862791848821e-10
Disease	disease_9356	7.533517477763012e-10
Disease	disease_13047	7.527492056969669e-10
Disease	disease_19147	7.525363917692151e-10
Disease	disease_13419	7.524578004219733e-10
Disease	disease_11435	7.524433015889497e-10
Disease	disease_24654	7.521344536472319e-10
Disease	disease_40678	7.521076458796148e-10
Disease	disease_8448	7.520904711441652e-10
Disease	disease_11481	7.520247279510111e-10
Disease	disease_19940	7.518681741707096e-10
Disease	disease_21952	7.516168211783269e-10
Disease	disease_32611	7.515397349982807e-10
Disease	disease_3553	7.50929025755544e-10
Disease	disease_6825	7.508786488747612e-10
Disease	disease_14124	7.502890503096814e-10
Disease	disease_3017	7.500427929706546e-10
Disease	disease_18190	7.499809755167662e-10
Disease	disease_2209	7.498770703681163e-10
Disease	disease_8622	7.498257392913476e-10
Disease	disease_2507	7.495022792208096e-10
Disease	disease_9516	7.490495559033029e-10
Disease	disease_3499	7.490423294772934e-10
Disease	disease_4523	7.490423294772934e-10
Disease	disease_4469	7.490423294772934e-10
Disease	disease_4316	7.490423294772934e-10
Disease	disease_6975	7.489741300478838e-10
Disease	disease_6854	7.484953659376365e-10
Disease	disease_19456	7.483151369443455e-10
Disease	disease_13504	7.481720606988009e-10
Disease	disease_6298	7.480773886763978e-10
Disease	disease_11834	7.479057662655506e-10
Disease	disease_17232	7.47508310532364e-10
Disease	disease_14898	7.470828756647166e-10
Disease	disease_12524	7.464086951092722e-10
Disease	disease_17126	7.463776858666812e-10
Disease	disease_12273	7.463604111352864e-10
Disease	disease_8680	7.463021010250256e-10
Disease	disease_8024	7.456795595128068e-10
Disease	disease_14777	7.451640511024905e-10
Disease	disease_11396	7.450882681404741e-10
Disease	disease_21913	7.449762419978845e-10
Disease	disease_4570	7.444584368008963e-10
Disease	disease_5923	7.439938431283887e-10
Disease	disease_30015	7.439765751884465e-10
Disease	disease_17280	7.437379192318946e-10
Disease	disease_1023	7.436356451895436e-10
Disease	disease_17300	7.434752611551731e-10
Disease	disease_37829	7.433126256323292e-10
Disease	disease_10152	7.432436378552821e-10
Disease	disease_19999	7.429659773790763e-10
Disease	disease_11080	7.427756543835268e-10
Disease	disease_32902	7.425202478506811e-10
Disease	disease_9120	7.421424412072942e-10
Disease	disease_17152	7.421254607086442e-10
Disease	disease_15727	7.420297329687396e-10
Disease	disease_17737	7.419455232734257e-10
Disease	disease_8059	7.416642038074741e-10
Disease	disease_16738	7.416016539161228e-10
Disease	disease_2453	7.415228829279868e-10
Disease	disease_8865	7.414982183612688e-10
Disease	disease_14211	7.410771432764639e-10
Disease	disease_13883	7.410270483688361e-10
Disease	disease_7181	7.409793877722788e-10
Disease	disease_23538	7.405137968640594e-10
Disease	disease_20815	7.405089149671092e-10
Disease	disease_9301	7.402766505764546e-10
Disease	disease_11196	7.402392215184055e-10
Disease	disease_5887	7.397856317255854e-10
Disease	disease_9725	7.39597540239928e-10
Disease	disease_8335	7.395897736195814e-10
Disease	disease_3841	7.39388203964083e-10
Disease	disease_13333	7.393111082649071e-10
Disease	disease_9389	7.392448775627714e-10
Disease	disease_16003	7.391004223224313e-10
Disease	disease_5643	7.389956547847936e-10
Disease	disease_17604	7.388874410175806e-10
Disease	disease_13280	7.383238578052788e-10
Disease	disease_12945	7.379685901464259e-10
Disease	disease_14646	7.379234617254056e-10
Disease	disease_14296	7.378991191283833e-10
Disease	disease_32619	7.377201711844042e-10
Disease	disease_13401	7.377102757214669e-10
Disease	disease_16121	7.37507717625481e-10
Disease	disease_5373	7.373266595786731e-10
Disease	disease_13438	7.372454786179032e-10
Disease	disease_37937	7.371394368967827e-10
Disease	disease_17124	7.368599159703707e-10
Disease	disease_24412	7.367493100832843e-10
Disease	disease_32789	7.365690849511711e-10
Disease	disease_9006	7.365574942682762e-10
Disease	disease_976	7.363495445457853e-10
Disease	disease_5866	7.360579964223286e-10
Disease	disease_23543	7.358437738102344e-10
Disease	disease_56820	7.358137954013103e-10
Disease	disease_17050	7.35663443997267e-10
Disease	disease_21679	7.355871938817173e-10
Disease	disease_2055	7.353420630704006e-10
Disease	disease_11881	7.35208140925883e-10
Disease	disease_13643	7.351271698237771e-10
Disease	disease_13092	7.350888280306037e-10
Disease	disease_20377	7.350273007852035e-10
Disease	disease_766	7.35004329758813e-10
Disease	disease_17200	7.348791176370022e-10
Disease	disease_14127	7.344334805135547e-10
Disease	disease_17307	7.337756565696325e-10
Disease	disease_11296	7.332823665358019e-10
Disease	disease_14838	7.330477277495748e-10
Disease	disease_17004	7.329521872814755e-10
Disease	disease_14354	7.327579329597102e-10
Disease	disease_13338	7.327251881694539e-10
Disease	disease_20980	7.324982017633512e-10
Disease	disease_4877	7.324938084457043e-10
Disease	disease_21013	7.323575540618071e-10
Disease	disease_16514	7.322385205203588e-10
Disease	disease_18317	7.321499416709891e-10
Disease	disease_5756	7.319485526806795e-10
Disease	disease_5964	7.319485526806795e-10
Disease	disease_14114	7.319429185699552e-10
Disease	disease_24487	7.317875591215018e-10
Disease	disease_15345	7.317512267937998e-10
Disease	disease_964	7.316974277616319e-10
Disease	disease_10144	7.316650564872709e-10
Disease	disease_3876	7.314636466682484e-10
Disease	disease_7998	7.312705593445953e-10
Disease	disease_5112	7.310249827340885e-10
Disease	disease_6754	7.308331229173367e-10
Disease	disease_10499	7.302994199272215e-10
Disease	disease_15203	7.286163267998844e-10
Disease	disease_6548	7.285602747220728e-10
Disease	disease_54726	7.28464075127112e-10
Disease	disease_20326	7.281102081391721e-10
Disease	disease_18495	7.275906796208842e-10
Disease	disease_778	7.274475502913991e-10
Disease	disease_7586	7.267760450077044e-10
Disease	disease_1528	7.264425535650157e-10
Disease	disease_19547	7.26402288541468e-10
Disease	disease_11269	7.258158304678557e-10
Disease	disease_12570	7.256682300773678e-10
Disease	disease_6949	7.256604686060689e-10
Disease	disease_10378	7.254997561682961e-10
Disease	disease_25135	7.252404584430919e-10
Disease	disease_10016	7.24548743798772e-10
Disease	disease_33565	7.243635862329796e-10
Disease	disease_8794	7.242468783765858e-10
Disease	disease_11452	7.242403735826864e-10
Disease	disease_13845	7.240673432449234e-10
Disease	disease_12765	7.24044721761756e-10
Disease	disease_12208	7.238786606679532e-10
Disease	disease_10743	7.23687113472101e-10
Disease	disease_19983	7.236310914511591e-10
Disease	disease_14854	7.227863835331524e-10
Disease	disease_11903	7.227660186718871e-10
Disease	disease_23557	7.224120972836662e-10
Disease	disease_54843	7.221913498244003e-10
Disease	disease_20730	7.22163051774427e-10
Disease	disease_32810	7.221206036063742e-10
Disease	disease_11570	7.218242597157741e-10
Disease	disease_8081	7.215480613292213e-10
Disease	disease_24354	7.211011841956198e-10
Disease	disease_16414	7.210251864170915e-10
Disease	disease_14180	7.203134674234403e-10
Disease	disease_4574	7.201125480253111e-10
Disease	disease_15380	7.200247701651068e-10
Disease	disease_14591	7.200119137981976e-10
Disease	disease_43257	7.196897660689253e-10
Disease	disease_4679	7.194564602880905e-10
Disease	disease_13827	7.190989850920129e-10
Disease	disease_4133	7.188612218183188e-10
Disease	disease_6701	7.188612218183188e-10
Disease	disease_100228	7.186448036004423e-10
Disease	disease_14197	7.183957017451103e-10
Disease	disease_4613	7.181444505112399e-10
Disease	disease_15771	7.180850013145884e-10
Disease	disease_19868	7.180850013145884e-10
Disease	disease_15718	7.180850013145884e-10
Disease	disease_19866	7.180850013145884e-10
Disease	disease_15730	7.180850013145884e-10
Disease	disease_19869	7.180850013145884e-10
Disease	disease_19865	7.180850013145884e-10
Disease	disease_15763	7.180850013145884e-10
Disease	disease_15060	7.180850013145884e-10
Disease	disease_15448	7.178038050391662e-10
Disease	disease_24183	7.173668703949673e-10
Disease	disease_20771	7.169866748406765e-10
Disease	disease_17909	7.169020337184456e-10
Disease	disease_20857	7.168039098223816e-10
Disease	disease_14542	7.167649972773729e-10
Disease	disease_12199	7.167280415904145e-10
Disease	disease_22972	7.166051097973785e-10
Disease	disease_21528	7.166051097973785e-10
Disease	disease_15872	7.166051097973785e-10
Disease	disease_12063	7.16581579046163e-10
Disease	disease_8098	7.164113562792721e-10
Disease	disease_12906	7.162069456825939e-10
Disease	disease_24553	7.157525413272676e-10
Disease	disease_3334	7.155980405640425e-10
Disease	disease_12546	7.151107247960178e-10
Disease	disease_1624	7.15047749621186e-10
Disease	disease_4810	7.15047749621186e-10
Disease	disease_13591	7.149753965981104e-10
Disease	disease_10165	7.148529439234864e-10
Disease	disease_12029	7.144402550219414e-10
Disease	disease_16781	7.141111589554461e-10
Disease	disease_8421	7.140190374635147e-10
Disease	disease_13923	7.136068383141024e-10
Disease	disease_12751	7.134965987436024e-10
Disease	disease_12343	7.134965987436024e-10
Disease	disease_13716	7.134965987436024e-10
Disease	disease_4641	7.133149595313441e-10
Disease	disease_21477	7.127733721131517e-10
Disease	disease_16869	7.127069492046459e-10
Disease	disease_15505	7.127054782698423e-10
Disease	disease_3879	7.126934025384655e-10
Disease	disease_2395	7.126641535939746e-10
Disease	disease_17932	7.126179543287467e-10
Disease	disease_34186	7.125864744032746e-10
Disease	disease_20741	7.124100751771622e-10
Disease	disease_14538	7.123718102784233e-10
Disease	disease_25155	7.122926803287743e-10
Disease	disease_2842	7.121496872963227e-10
Disease	disease_21050	7.118540483126891e-10
Disease	disease_11464	7.113450806311105e-10
Disease	disease_21234	7.109920877339792e-10
Disease	disease_22932	7.102051561739385e-10
Disease	disease_100069	7.102051561739385e-10
Disease	disease_100072	7.102051561739385e-10
Disease	disease_100231	7.101946187333436e-10
Disease	disease_480	7.100850213926041e-10
Disease	disease_12326	7.100800567594207e-10
Disease	disease_14429	7.099152940277735e-10
Disease	disease_2163	7.093469551695942e-10
Disease	disease_9003	7.089252310066572e-10
Disease	disease_19619	7.088544676594639e-10
Disease	disease_14085	7.086786742305598e-10
Disease	disease_23305	7.080947963787404e-10
Disease	disease_7219	7.079301150471425e-10
Disease	disease_5753	7.07913398776341e-10
Disease	disease_13772	7.078277394677513e-10
Disease	disease_54742	7.072369968334456e-10
Disease	disease_1371	7.071557097431752e-10
Disease	disease_25513	7.070754134113919e-10
Disease	disease_10517	7.070660698495608e-10
Disease	disease_4905	7.067302847642215e-10
Disease	disease_4481	7.065630922497898e-10
Disease	disease_16431	7.059031638820001e-10
Disease	disease_17630	7.058625931033903e-10
Disease	disease_11530	7.058119961525352e-10
Disease	disease_2658	7.057906919120872e-10
Disease	disease_13659	7.057587038473652e-10
Disease	disease_13570	7.056676841562976e-10
Disease	disease_10756	7.052860612882824e-10
Disease	disease_1931	7.049120575039907e-10
Disease	disease_4786	7.049120575039907e-10
Disease	disease_40753	7.048944569204201e-10
Disease	disease_23153	7.048944569204201e-10
Disease	disease_21943	7.048944569204201e-10
Disease	disease_9900	7.043011014398221e-10
Disease	disease_1361	7.03922092144838e-10
Disease	disease_1655	7.03922092144838e-10
Disease	disease_2544	7.038672319328374e-10
Disease	disease_17033	7.038316714760996e-10
Disease	disease_1136	7.035633154844435e-10
Disease	disease_1415	7.035633154844435e-10
Disease	disease_3279	7.035633154844435e-10
Disease	disease_3716	7.034586060030628e-10
Disease	disease_1199	7.0339859896625e-10
Disease	disease_1234	7.0339859896625e-10
Disease	disease_988	7.0339859896625e-10
Disease	disease_14967	7.033635819251033e-10
Disease	disease_6353	7.031792248432257e-10
Disease	disease_23561	7.030020990907417e-10
Disease	disease_17613	7.030020990907417e-10
Disease	disease_22934	7.030020990907417e-10
Disease	disease_42498	7.030020990907417e-10
Disease	disease_17642	7.030020990907417e-10
Disease	disease_43174	7.030020990907417e-10
Disease	disease_35122	7.030020990907417e-10
Disease	disease_23059	7.030020990907417e-10
Disease	disease_16821	7.030020990907417e-10
Disease	disease_22094	7.030020990907417e-10
Disease	disease_22067	7.030020990907417e-10
Disease	disease_32696	7.028618633148431e-10
Disease	disease_11177	7.025417102080089e-10
Disease	disease_30925	7.023318124081455e-10
Disease	disease_9667	7.019915766247795e-10
Disease	disease_15367	7.01960807062662e-10
Disease	disease_13331	7.014140823393425e-10
Disease	disease_100250	7.006124877707608e-10
Disease	disease_43300	7.005835257382874e-10
Disease	disease_3316	7.003944525520521e-10
Disease	disease_3317	7.003944525520521e-10
Disease	disease_3318	7.003944525520521e-10
Disease	disease_3320	7.003944525520521e-10
Disease	disease_3322	7.003944525520521e-10
Disease	disease_24675	7.003944525520521e-10
Disease	disease_6432	7.003944525520521e-10
Disease	disease_2008	7.003459359705941e-10
Disease	disease_14817	7.000254359565636e-10
Disease	disease_100175	6.994695734790661e-10
Disease	disease_15023	6.992315483503385e-10
Disease	disease_19395	6.991957537787087e-10
Disease	disease_1610	6.987672021169148e-10
Disease	disease_1912	6.983256431957571e-10
Disease	disease_18170	6.981423883454408e-10
Disease	disease_20019	6.978606760421624e-10
Disease	disease_8706	6.9740730312571e-10
Disease	disease_20698	6.973856786364837e-10
Disease	disease_1564	6.973021114601468e-10
Disease	disease_8180	6.969757069665395e-10
Disease	disease_11222	6.969753675453354e-10
Disease	disease_11704	6.969753675453354e-10
Disease	disease_21168	6.966161996984684e-10
Disease	disease_7992	6.965904697810231e-10
Disease	disease_979	6.965380120867253e-10
Disease	disease_4812	6.96388341091259e-10
Disease	disease_18642	6.962149896033956e-10
Disease	disease_10991	6.96196268749603e-10
Disease	disease_1173	6.960840040446219e-10
Disease	disease_65	6.953651667525161e-10
Disease	disease_25271	6.952800725544319e-10
Disease	disease_4280	6.952231778947613e-10
Disease	disease_7660	6.950941453500786e-10
Disease	disease_5700	6.948634686652349e-10
Disease	disease_11718	6.947990670198934e-10
Disease	disease_54582	6.946382698624455e-10
Disease	disease_14501	6.935898657205512e-10
Disease	disease_20428	6.932910765294998e-10
Disease	disease_3544	6.929890826904746e-10
Disease	disease_10909	6.926932509068404e-10
Disease	disease_54750	6.925978142705589e-10
Disease	disease_4540	6.925772872250773e-10
Disease	disease_32580	6.921791392300657e-10
Disease	disease_21202	6.919461690593151e-10
Disease	disease_1871	6.912581809808308e-10
Disease	disease_1644	6.912581809808308e-10
Disease	disease_7335	6.909998880180136e-10
Disease	disease_13103	6.90351618284169e-10
Disease	disease_13430	6.902481751433438e-10
Disease	disease_18829	6.902082367398698e-10
Disease	disease_4183	6.901646445466681e-10
Disease	disease_9445	6.900390804560033e-10
Disease	disease_14229	6.899695465904562e-10
Disease	disease_3579	6.898615917386042e-10
Disease	disease_9038	6.898499190345294e-10
Disease	disease_9240	6.89637262953286e-10
Disease	disease_5316	6.896007726742653e-10
Disease	disease_372	6.894740908972545e-10
Disease	disease_32673	6.894117490942353e-10
Disease	disease_42968	6.889686623019582e-10
Disease	disease_20172	6.888751970629956e-10
Disease	disease_8829	6.887804209279935e-10
Disease	disease_12683	6.887091813945334e-10
Disease	disease_9927	6.886241031558902e-10
Disease	disease_18973	6.882162397900384e-10
Disease	disease_13142	6.88021188077606e-10
Disease	disease_11691	6.878208210103991e-10
Disease	disease_32599	6.875628409586117e-10
Disease	disease_14536	6.875520056693896e-10
Disease	disease_1721	6.874637027774888e-10
Disease	disease_7361	6.874592895511909e-10
Disease	disease_3104	6.873697027202544e-10
Disease	disease_3686	6.870809409959093e-10
Disease	disease_3424	6.870535458165223e-10
Disease	disease_1031	6.870292587093352e-10
Disease	disease_7220	6.867067946832231e-10
Disease	disease_15820	6.866887335375879e-10
Disease	disease_14324	6.865560015844629e-10
Disease	disease_9859	6.864896174993186e-10
Disease	disease_2738	6.862494452834262e-10
Disease	disease_14007	6.86187159909063e-10
Disease	disease_21101	6.861548720064243e-10
Disease	disease_1838	6.854865647853994e-10
Disease	disease_14772	6.852371676352095e-10
Disease	disease_16225	6.85219027026816e-10
Disease	disease_2223	6.850983501577926e-10
Disease	disease_2224	6.850983501577926e-10
Disease	disease_11931	6.850983501577926e-10
Disease	disease_12654	6.850128836665515e-10
Disease	disease_17625	6.847276967496919e-10
Disease	disease_12097	6.843444699059087e-10
Disease	disease_100232	6.842112822274153e-10
Disease	disease_11961	6.841968804975123e-10
Disease	disease_16571	6.841566729119694e-10
Disease	disease_21483	6.839897873697787e-10
Disease	disease_20197	6.839110536206666e-10
Disease	disease_21484	6.834977878552258e-10
Disease	disease_21110	6.832664372763051e-10
Disease	disease_13945	6.828916549679807e-10
Disease	disease_41261	6.82883413262776e-10
Disease	disease_400003	6.82883413262776e-10
Disease	disease_21179	6.82883413262776e-10
Disease	disease_8298	6.822219055676946e-10
Disease	disease_7148	6.82151723614314e-10
Disease	disease_13554	6.816245266860673e-10
Disease	disease_20520	6.815754684685572e-10
Disease	disease_19752	6.813232754996724e-10
Disease	disease_21515	6.80973092749456e-10
Disease	disease_16875	6.801611854222923e-10
Disease	disease_9865	6.799872356099984e-10
Disease	disease_11687	6.796817864382731e-10
Disease	disease_2197	6.796417209722346e-10
Disease	disease_16100	6.793901880484504e-10
Disease	disease_2874	6.790355933424511e-10
Disease	disease_9914	6.78894868056082e-10
Disease	disease_13708	6.788660083704786e-10
Disease	disease_3891	6.787992264165571e-10
Disease	disease_19982	6.784991100413214e-10
Disease	disease_33204	6.784665996724691e-10
Disease	disease_17356	6.778325171168317e-10
Disease	disease_3930	6.778031426221335e-10
Disease	disease_14084	6.776550104894023e-10
Disease	disease_11081	6.774199723531291e-10
Disease	disease_539	6.768125789997516e-10
Disease	disease_13981	6.767539013655514e-10
Disease	disease_41403	6.76724484364916e-10
Disease	disease_16697	6.766555559320835e-10
Disease	disease_20315	6.757755875158103e-10
Disease	disease_26729	6.757539104473221e-10
Disease	disease_15137	6.757342533152824e-10
Disease	disease_16262	6.755474462546961e-10
Disease	disease_30895	6.754730593412707e-10
Disease	disease_32872	6.753259616913079e-10
Disease	disease_12603	6.751400711511642e-10
Disease	disease_1777	6.751300299348892e-10
Disease	disease_770	6.750712505626313e-10
Disease	disease_775	6.750712505626313e-10
Disease	disease_100001	6.750712505626313e-10
Disease	disease_5202	6.750712505626313e-10
Disease	disease_5849	6.750712505626313e-10
Disease	disease_769	6.750712505626313e-10
Disease	disease_807	6.750712505626313e-10
Disease	disease_7458	6.750231037976322e-10
Disease	disease_6713	6.74706494311617e-10
Disease	disease_14574	6.74557043511582e-10
Disease	disease_32715	6.745344158506782e-10
Disease	disease_16198	6.739065883563808e-10
Disease	disease_14923	6.737598671893487e-10
Disease	disease_30069	6.735450696921698e-10
Disease	disease_9795	6.734686981518419e-10
Disease	disease_9535	6.734279621094233e-10
Disease	disease_4707	6.733253762264994e-10
Disease	disease_3541	6.732808432390875e-10
Disease	disease_222	6.732720864509516e-10
Disease	disease_13467	6.732609019256453e-10
Disease	disease_6611	6.726877920265295e-10
Disease	disease_10889	6.726752427552712e-10
Disease	disease_20684	6.723356710644319e-10
Disease	disease_8468	6.7226444029614e-10
Disease	disease_17202	6.720450957319492e-10
Disease	disease_14378	6.720240001905445e-10
Disease	disease_12816	6.718560423083312e-10
Disease	disease_7729	6.711951906480909e-10
Disease	disease_1064	6.709564012385344e-10
Disease	disease_20630	6.70815694759121e-10
Disease	disease_21028	6.707843222282137e-10
Disease	disease_966	6.70485279507347e-10
Disease	disease_45045	6.700149993591785e-10
Disease	disease_4753	6.697674262524932e-10
Disease	disease_3885	6.694431639297721e-10
Disease	disease_8955	6.692127999659739e-10
Disease	disease_1607	6.691872296867561e-10
Disease	disease_13597	6.691679239428111e-10
Disease	disease_14077	6.690264911044035e-10
Disease	disease_8798	6.689771017286808e-10
Disease	disease_19068	6.6876191870956e-10
Disease	disease_19561	6.68083663625957e-10
Disease	disease_41752	6.678131096002079e-10
Disease	disease_371	6.677490070829459e-10
Disease	disease_32588	6.668134143561803e-10
Disease	disease_9554	6.664679915317834e-10
Disease	disease_10718	6.663708994101164e-10
Disease	disease_7004	6.66353587253158e-10
Disease	disease_19620	6.66322028548414e-10
Disease	disease_257	6.661469678063898e-10
Disease	disease_19360	6.654800517666654e-10
Disease	disease_19359	6.654800517666654e-10
Disease	disease_233	6.654800517666654e-10
Disease	disease_4286	6.648822202440034e-10
Disease	disease_12929	6.646977521004743e-10
Disease	disease_10917	6.646336894376535e-10
Disease	disease_12793	6.64531830972413e-10
Disease	disease_23161	6.642241581229023e-10
Disease	disease_32624	6.641122226265674e-10
Disease	disease_4900	6.638741934982822e-10
Disease	disease_17967	6.635193709201915e-10
Disease	disease_16976	6.633438116169983e-10
Disease	disease_16977	6.633438116169983e-10
Disease	disease_16978	6.633438116169983e-10
Disease	disease_12349	6.633156378860578e-10
Disease	disease_327	6.631772013957453e-10
Disease	disease_13174	6.630118289002403e-10
Disease	disease_11921	6.628505884887524e-10
Disease	disease_6661	6.627493205611726e-10
Disease	disease_4245	6.622092235258213e-10
Disease	disease_3427	6.620097770260472e-10
Disease	disease_8858	6.618205699406718e-10
Disease	disease_486	6.616208362531653e-10
Disease	disease_11985	6.61345341582058e-10
Disease	disease_44137	6.608849753148809e-10
Disease	disease_3740	6.60864609473259e-10
Disease	disease_3736	6.60864609473259e-10
Disease	disease_5792	6.607636859357718e-10
Disease	disease_11978	6.606508855092431e-10
Disease	disease_11674	6.602023038739751e-10
Disease	disease_9042	6.60182817342907e-10
Disease	disease_1949	6.601516535879702e-10
Disease	disease_20680	6.601516535879702e-10
Disease	disease_5174	6.601516535879702e-10
Disease	disease_11034	6.600530775946423e-10
Disease	disease_10984	6.595255348905335e-10
Disease	disease_32641	6.594499750132474e-10
Disease	disease_7398	6.594423636052287e-10
Disease	disease_14683	6.594104736008726e-10
Disease	disease_7704	6.593003179886598e-10
Disease	disease_6085	6.58837512252176e-10
Disease	disease_21499	6.583699325657e-10
Disease	disease_12056	6.58272766474741e-10
Disease	disease_1424	6.581572412234349e-10
Disease	disease_10424	6.581525659449289e-10
Disease	disease_21476	6.57933009402384e-10
Disease	disease_12739	6.57898211904973e-10
Disease	disease_14496	6.578152080158041e-10
Disease	disease_9583	6.576557373633069e-10
Disease	disease_4192	6.574239082132395e-10
Disease	disease_16031	6.570583580523802e-10
Disease	disease_12627	6.569682459395615e-10
Disease	disease_10873	6.568098099531496e-10
Disease	disease_10918	6.567118057408319e-10
Disease	disease_400000	6.56644354474529e-10
Disease	disease_9947	6.565931607393186e-10
Disease	disease_16914	6.565322866762873e-10
Disease	disease_10907	6.562117331846657e-10
Disease	disease_21447	6.561795361361808e-10
Disease	disease_3909	6.561574980898723e-10
Disease	disease_19634	6.560147018510707e-10
Disease	disease_3912	6.558480545594647e-10
Disease	disease_12544	6.557285299622264e-10
Disease	disease_60670	6.555901749839425e-10
Disease	disease_16240	6.554515595800686e-10
Disease	disease_16917	6.554345872991357e-10
Disease	disease_19967	6.551506985406738e-10
Disease	disease_9345	6.551260535134369e-10
Disease	disease_24432	6.54863791098424e-10
Disease	disease_12733	6.547172206242241e-10
Disease	disease_12848	6.54686292605125e-10
Disease	disease_3829	6.546349791013459e-10
Disease	disease_8544	6.546237445947268e-10
Disease	disease_7644	6.545206192664662e-10
Disease	disease_13249	6.544473113627363e-10
Disease	disease_4156	6.54426719971445e-10
Disease	disease_12562	6.539114667851156e-10
Disease	disease_13212	6.538409910749702e-10
Disease	disease_7927	6.536161238022271e-10
Disease	disease_3047	6.536113613432035e-10
Disease	disease_16024	6.534468219791519e-10
Disease	disease_10693	6.534351300820578e-10
Disease	disease_16641	6.529458262674925e-10
Disease	disease_15100	6.528452932622483e-10
Disease	disease_4412	6.527552344536828e-10
Disease	disease_13337	6.523721395603586e-10
Disease	disease_14585	6.52271324619749e-10
Disease	disease_15580	6.519876085921804e-10
Disease	disease_7637	6.517222900879823e-10
Disease	disease_21456	6.51513373559799e-10
Disease	disease_16964	6.51507764707322e-10
Disease	disease_17352	6.514589353700653e-10
Disease	disease_5413	6.511630577694879e-10
Disease	disease_3450	6.509706965773458e-10
Disease	disease_4063	6.507306157130204e-10
Disease	disease_3758	6.50710138201703e-10
Disease	disease_21479	6.505756142603328e-10
Disease	disease_32691	6.499888865321092e-10
Disease	disease_12989	6.497175048560558e-10
Disease	disease_11079	6.496283210258068e-10
Disease	disease_8611	6.495477258317059e-10
Disease	disease_266	6.493625201582189e-10
Disease	disease_12456	6.490604139127936e-10
Disease	disease_5662	6.484728773398435e-10
Disease	disease_20737	6.48186491011405e-10
Disease	disease_12658	6.481161227446336e-10
Disease	disease_20518	6.479992617823133e-10
Disease	disease_14101	6.479453150454539e-10
Disease	disease_763	6.476923966088573e-10
Disease	disease_4250	6.475249068590731e-10
Disease	disease_14087	6.473949975228057e-10
Disease	disease_3235	6.471184762590275e-10
Disease	disease_13334	6.470353456122315e-10
Disease	disease_29133	6.469301309743513e-10
Disease	disease_3125	6.468030888412774e-10
Disease	disease_18134	6.465974003727892e-10
Disease	disease_2744	6.464635608708383e-10
Disease	disease_706	6.462718658667763e-10
Disease	disease_7213	6.45970030554264e-10
Disease	disease_13979	6.458300162261651e-10
Disease	disease_13747	6.457751770221586e-10
Disease	disease_16169	6.456924455827251e-10
Disease	disease_44349	6.455845527820719e-10
Disease	disease_13876	6.452420836050692e-10
Disease	disease_11371	6.451842391847564e-10
Disease	disease_20204	6.448834500965686e-10
Disease	disease_15446	6.447911681677897e-10
Disease	disease_13629	6.446142155128485e-10
Disease	disease_32573	6.445487533828678e-10
Disease	disease_12080	6.443044717984018e-10
Disease	disease_12475	6.442962548491604e-10
Disease	disease_19577	6.441912100088492e-10
Disease	disease_42484	6.432016331414341e-10
Disease	disease_13513	6.428500255195459e-10
Disease	disease_300000	6.425683635377077e-10
Disease	disease_30933	6.424954550608817e-10
Disease	disease_20179	6.420950135332872e-10
Disease	disease_12618	6.420552106012603e-10
Disease	disease_32626	6.410662982646908e-10
Disease	disease_6208	6.405791109804396e-10
Disease	disease_1763	6.403875682002465e-10
Disease	disease_11527	6.400771204440107e-10
Disease	disease_18727	6.400017966696825e-10
Disease	disease_13689	6.395494147468674e-10
Disease	disease_5944	6.392822173855891e-10
Disease	disease_12802	6.39012670151175e-10
Disease	disease_17298	6.385721124962554e-10
Disease	disease_8827	6.38518165334984e-10
Disease	disease_3423	6.382119067649506e-10
Disease	disease_16577	6.380222825534568e-10
Disease	disease_8620	6.378734903464949e-10
Disease	disease_4188	6.376402266018207e-10
Disease	disease_14424	6.376112570569533e-10
Disease	disease_21205	6.375237618989683e-10
Disease	disease_14215	6.37145098735206e-10
Disease	disease_9645	6.370341621141962e-10
Disease	disease_633	6.367898859074912e-10
Disease	disease_1242	6.36772113446878e-10
Disease	disease_32803	6.364007013193495e-10
Disease	disease_8210	6.363701640727876e-10
Disease	disease_13428	6.363336815231017e-10
Disease	disease_10274	6.362371761303508e-10
Disease	disease_20267	6.362074490479684e-10
Disease	disease_9540	6.361910094265149e-10
Disease	disease_9536	6.361910094265149e-10
Disease	disease_9534	6.361910094265149e-10
Disease	disease_2266	6.354688635918441e-10
Disease	disease_1563	6.354058338354118e-10
Disease	disease_1352	6.351763893247384e-10
Disease	disease_54697	6.351165991384705e-10
Disease	disease_8857	6.350582640668225e-10
Disease	disease_12698	6.350528967158413e-10
Disease	disease_3165	6.349520835060541e-10
Disease	disease_19535	6.348939059890786e-10
Disease	disease_7666	6.348067105694062e-10
Disease	disease_518	6.34699124237532e-10
Disease	disease_43310	6.346170472822067e-10
Disease	disease_18712	6.342376278198423e-10
Disease	disease_18714	6.342376278198423e-10
Disease	disease_18713	6.342376278198423e-10
Disease	disease_4477	6.339626197445667e-10
Disease	disease_17294	6.338710582181823e-10
Disease	disease_7249	6.337030608520421e-10
Disease	disease_13895	6.335353529798368e-10
Disease	disease_14779	6.333592487779077e-10
Disease	disease_14373	6.331034063120726e-10
Disease	disease_19738	6.329197212251336e-10
Disease	disease_11688	6.329024345796362e-10
Disease	disease_12617	6.325251639387689e-10
Disease	disease_26721	6.325246869446843e-10
Disease	disease_36484	6.321075928212402e-10
Disease	disease_2989	6.318419359410154e-10
Disease	disease_32729	6.316850900756688e-10
Disease	disease_43759	6.316450493862864e-10
Disease	disease_17897	6.316198765174427e-10
Disease	disease_54680	6.31502256833766e-10
Disease	disease_7891	6.313730792019862e-10
Disease	disease_14038	6.313195803027222e-10
Disease	disease_16541	6.312499863714614e-10
Disease	disease_14794	6.310208909409306e-10
Disease	disease_13853	6.310189133045759e-10
Disease	disease_15315	6.310147061260014e-10
Disease	disease_43280	6.310147061260014e-10
Disease	disease_18211	6.310147061260014e-10
Disease	disease_18362	6.310147061260014e-10
Disease	disease_4618	6.310147061260014e-10
Disease	disease_17170	6.310147061260014e-10
Disease	disease_5773	6.310147061260014e-10
Disease	disease_17297	6.310147061260014e-10
Disease	disease_16046	6.30581168116678e-10
Disease	disease_13736	6.302588543060095e-10
Disease	disease_15061	6.302028760261492e-10
Disease	disease_1176	6.29438736542043e-10
Disease	disease_7028	6.291632123802764e-10
Disease	disease_6516	6.291632123802764e-10
Disease	disease_30847	6.289077262102137e-10
Disease	disease_11056	6.289074156339141e-10
Disease	disease_8683	6.289074156339141e-10
Disease	disease_9512	6.28844686438804e-10
Disease	disease_16187	6.286885682712518e-10
Disease	disease_8136	6.285334698985913e-10
Disease	disease_13011	6.284123926960988e-10
Disease	disease_13445	6.281121339959939e-10
Disease	disease_15326	6.280121020835784e-10
Disease	disease_7341	6.27955966276386e-10
Disease	disease_14494	6.277366017513928e-10
Disease	disease_10052	6.274684682359603e-10
Disease	disease_19817	6.272805480304781e-10
Disease	disease_11163	6.27266488029568e-10
Disease	disease_14645	6.27219655036413e-10
Disease	disease_24419	6.272092817745599e-10
Disease	disease_13398	6.268897852312464e-10
Disease	disease_17997	6.267368516542689e-10
Disease	disease_17817	6.265977261502246e-10
Disease	disease_17816	6.265977261502246e-10
Disease	disease_10171	6.265303748533919e-10
Disease	disease_14626	6.262242048393521e-10
Disease	disease_16174	6.261250303267773e-10
Disease	disease_11063	6.260256494275989e-10
Disease	disease_7218	6.257834337090765e-10
Disease	disease_10712	6.255968372755385e-10
Disease	disease_7222	6.251478502692993e-10
Disease	disease_7278	6.251003560096903e-10
Disease	disease_18631	6.249973886395928e-10
Disease	disease_12525	6.249197568420937e-10
Disease	disease_3666	6.248568810329106e-10
Disease	disease_11821	6.245882612061106e-10
Disease	disease_13157	6.245759166691537e-10
Disease	disease_4528	6.244214077484402e-10
Disease	disease_42488	6.244049801487862e-10
Disease	disease_13707	6.24232691462942e-10
Disease	disease_14667	6.242165653172263e-10
Disease	disease_18191	6.236655816185951e-10
Disease	disease_24268	6.231459614433845e-10
Disease	disease_8513	6.227089024163608e-10
Disease	disease_4331	6.225353907522949e-10
Disease	disease_16395	6.225285681338234e-10
Disease	disease_19435	6.225068942891944e-10
Disease	disease_15589	6.224719585620366e-10
Disease	disease_6709	6.219874126392373e-10
Disease	disease_814	6.2175105798472e-10
Disease	disease_12576	6.216413328098385e-10
Disease	disease_12623	6.21633854541084e-10
Disease	disease_13704	6.213080216516158e-10
Disease	disease_7999	6.21074672534225e-10
Disease	disease_20195	6.20874019316966e-10
Disease	disease_17944	6.207156833775047e-10
Disease	disease_17014	6.206260132376513e-10
Disease	disease_13096	6.205871089856537e-10
Disease	disease_13095	6.205871089856537e-10
Disease	disease_13097	6.205871089856537e-10
Disease	disease_11800	6.205871089856537e-10
Disease	disease_13094	6.205871089856537e-10
Disease	disease_7217	6.203062343992514e-10
Disease	disease_16029	6.201513318574428e-10
Disease	disease_2729	6.197063870851397e-10
Disease	disease_19805	6.196370905575534e-10
Disease	disease_12035	6.195174693156279e-10
Disease	disease_1920	6.190795394128562e-10
Disease	disease_13391	6.188657209693969e-10
Disease	disease_1819	6.185124257487968e-10
Disease	disease_13709	6.185081893266464e-10
Disease	disease_13703	6.18125179255356e-10
Disease	disease_6840	6.179032439084207e-10
Disease	disease_11938	6.176376653824124e-10
Disease	disease_4871	6.171052791518584e-10
Disease	disease_4873	6.171052791518584e-10
Disease	disease_4165	6.171012585685693e-10
Disease	disease_13635	6.166985154214731e-10
Disease	disease_15915	6.165442080022022e-10
Disease	disease_14828	6.163279949257659e-10
Disease	disease_24388	6.162945264783872e-10
Disease	disease_17031	6.160901219577241e-10
Disease	disease_4474	6.155783157430912e-10
Disease	disease_9733	6.155187970451583e-10
Disease	disease_17362	6.151394132395725e-10
Disease	disease_12088	6.147969708832691e-10
Disease	disease_5723	6.147674432211017e-10
Disease	disease_32622	6.145329520278022e-10
Disease	disease_7560	6.143178768502931e-10
Disease	disease_9770	6.142900531231976e-10
Disease	disease_1481	6.142557584391062e-10
Disease	disease_10351	6.139761396475004e-10
Disease	disease_13705	6.139491553759026e-10
Disease	disease_10137	6.13624482134468e-10
Disease	disease_6104	6.130548117473987e-10
Disease	disease_15635	6.12998697741654e-10
Disease	disease_9363	6.129208438456142e-10
Disease	disease_310	6.127974551491143e-10
Disease	disease_100225	6.126814904460793e-10
Disease	disease_44906	6.125829580386483e-10
Disease	disease_4229	6.122826186530917e-10
Disease	disease_544	6.117959632399824e-10
Disease	disease_2597	6.117405074790637e-10
Disease	disease_14230	6.115289889875948e-10
Disease	disease_4584	6.112770505863457e-10
Disease	disease_963	6.112001431104975e-10
Disease	disease_20779	6.108787770660237e-10
Disease	disease_13694	6.108223043788574e-10
Disease	disease_13073	6.105071369264088e-10
Disease	disease_33198	6.102568974121485e-10
Disease	disease_54754	6.09873055637555e-10
Disease	disease_20648	6.098304002469923e-10
Disease	disease_30062	6.090152722337575e-10
Disease	disease_12106	6.087350518320951e-10
Disease	disease_13930	6.084741697152217e-10
Disease	disease_21284	6.081154034414184e-10
Disease	disease_11952	6.079128594592684e-10
Disease	disease_13706	6.078300496355257e-10
Disease	disease_8664	6.073916850844551e-10
Disease	disease_12619	6.068766761163302e-10
Disease	disease_15239	6.068264566356775e-10
Disease	disease_1954	6.06810118763786e-10
Disease	disease_24569	6.066101384384584e-10
Disease	disease_9748	6.06500998808012e-10
Disease	disease_3443	6.057318646245437e-10
Disease	disease_12876	6.0568055932867e-10
Disease	disease_9140	6.056506119427005e-10
Disease	disease_6888	6.049144471135969e-10
Disease	disease_17342	6.048979627372614e-10
Disease	disease_20353	6.047608651033749e-10
Disease	disease_16762	6.047608651033749e-10
Disease	disease_2174	6.047499323291195e-10
Disease	disease_1663	6.047499323291195e-10
Disease	disease_4904	6.047499323291195e-10
Disease	disease_1919	6.047499323291195e-10
Disease	disease_17712	6.046058442388396e-10
Disease	disease_6447	6.044202802251705e-10
Disease	disease_9346	6.042462069163875e-10
Disease	disease_10019	6.04035373003247e-10
Disease	disease_4804	6.039453361345263e-10
Disease	disease_12162	6.038240724074871e-10
Disease	disease_14327	6.032414922518538e-10
Disease	disease_16734	6.028692649089558e-10
Disease	disease_4714	6.028554413743941e-10
Disease	disease_2643	6.027168022891726e-10
Disease	disease_7214	6.024487490583104e-10
Disease	disease_7161	6.022124453106831e-10
Disease	disease_12907	6.019710502468299e-10
Disease	disease_19780	6.014981036667251e-10
Disease	disease_12277	6.012719595103048e-10
Disease	disease_21285	6.011327285060726e-10
Disease	disease_16094	6.009129736560317e-10
Disease	disease_54549	6.005305074867722e-10
Disease	disease_19246	6.002518084139348e-10
Disease	disease_9081	6.002252616813435e-10
Disease	disease_41093	6.001622286200751e-10
Disease	disease_14425	6.001467990804384e-10
Disease	disease_24625	6.000829700135503e-10
Disease	disease_13565	5.998060976369499e-10
Disease	disease_10882	5.993290067678177e-10
Disease	disease_6469	5.992588584511175e-10
Disease	disease_45058	5.989335820943111e-10
Disease	disease_54761	5.989291710019822e-10
Disease	disease_1114	5.988338273306531e-10
Disease	disease_10807	5.988273977528412e-10
Disease	disease_13204	5.987276990977774e-10
Disease	disease_8850	5.984734392820987e-10
Disease	disease_9191	5.982841420298094e-10
Disease	disease_20798	5.977269993032232e-10
Disease	disease_2828	5.974878580589187e-10
Disease	disease_2832	5.974878580589187e-10
Disease	disease_6442	5.968696031718848e-10
Disease	disease_451	5.966285929052921e-10
Disease	disease_54736	5.965906973123564e-10
Disease	disease_21354	5.963512303489127e-10
Disease	disease_9438	5.962546905329673e-10
Disease	disease_19177	5.962209024919399e-10
Disease	disease_32632	5.959455829054653e-10
Disease	disease_100105	5.959197354955116e-10
Disease	disease_9776	5.949180056441026e-10
Disease	disease_15793	5.946032789165015e-10
Disease	disease_10764	5.943800482324601e-10
Disease	disease_2783	5.93917369169364e-10
Disease	disease_10983	5.938128196076722e-10
Disease	disease_19753	5.935335474107957e-10
Disease	disease_19754	5.935335474107957e-10
Disease	disease_32621	5.935182343467136e-10
Disease	disease_16189	5.934779634402095e-10
Disease	disease_8387	5.932302139620566e-10
Disease	disease_10860	5.930456612153261e-10
Disease	disease_17850	5.929977915771956e-10
Disease	disease_13906	5.929119638131846e-10
Disease	disease_54666	5.928919200302589e-10
Disease	disease_3756	5.928696258419038e-10
Disease	disease_13268	5.926703943855848e-10
Disease	disease_9531	5.925306417230579e-10
Disease	disease_12666	5.924510916970711e-10
Disease	disease_12771	5.924510916970711e-10
Disease	disease_12379	5.924510916970711e-10
Disease	disease_12577	5.924510916970711e-10
Disease	disease_13180	5.924510916970711e-10
Disease	disease_54832	5.922119445204593e-10
Disease	disease_100184	5.920356879071138e-10
Disease	disease_30899	5.919663998831335e-10
Disease	disease_21726	5.917864010179489e-10
Disease	disease_32637	5.915743074414755e-10
Disease	disease_30928	5.911736190580398e-10
Disease	disease_3723	5.910319200282839e-10
Disease	disease_3726	5.910319200282839e-10
Disease	disease_15158	5.910200173246139e-10
Disease	disease_1408	5.906893286277945e-10
Disease	disease_100061	5.906893286277945e-10
Disease	disease_24539	5.906272191163122e-10
Disease	disease_15543	5.904612587133017e-10
Disease	disease_15544	5.904612587133017e-10
Disease	disease_3195	5.90346024253214e-10
Disease	disease_32620	5.901422476428599e-10
Disease	disease_20287	5.898713627993786e-10
Disease	disease_100229	5.891790718995403e-10
Disease	disease_20517	5.891367664628042e-10
Disease	disease_11070	5.890765267355454e-10
Disease	disease_8131	5.885674275111045e-10
Disease	disease_19372	5.885347994610696e-10
Disease	disease_24868	5.884848641812515e-10
Disease	disease_19608	5.883445564035353e-10
Disease	disease_16752	5.883097864104786e-10
Disease	disease_32906	5.881445972941966e-10
Disease	disease_6521	5.881365734710663e-10
Disease	disease_1148	5.878540206882992e-10
Disease	disease_12990	5.876096711875534e-10
Disease	disease_20582	5.875708737346601e-10
Disease	disease_11890	5.871790096184929e-10
Disease	disease_1998	5.866440490655358e-10
Disease	disease_56816	5.864344430316984e-10
Disease	disease_2625	5.863847283452839e-10
Disease	disease_10948	5.860921531526822e-10
Disease	disease_11297	5.857812754568096e-10
Disease	disease_12725	5.855980922884852e-10
Disease	disease_15398	5.851700517780302e-10
Disease	disease_33352	5.847039270102768e-10
Disease	disease_30009	5.842956285712157e-10
Disease	disease_12629	5.842843556508668e-10
Disease	disease_7806	5.841490133961889e-10
Disease	disease_12626	5.841274137760647e-10
Disease	disease_18952	5.84087249427886e-10
Disease	disease_14566	5.840182541164419e-10
Disease	disease_9797	5.833470232281607e-10
Disease	disease_24558	5.83319385508539e-10
Disease	disease_14874	5.832104029747677e-10
Disease	disease_13435	5.830627312234891e-10
Disease	disease_4696	5.826710819154393e-10
Disease	disease_23297	5.821773604209645e-10
Disease	disease_14910	5.820728909990453e-10
Disease	disease_37743	5.818587940233019e-10
Disease	disease_19205	5.809539823838053e-10
Disease	disease_259	5.808026710477057e-10
Disease	disease_20373	5.807042884901748e-10
Disease	disease_11844	5.805272926369478e-10
Disease	disease_13750	5.802243935941464e-10
Disease	disease_13555	5.80145809320306e-10
Disease	disease_6375	5.79051580653735e-10
Disease	disease_7931	5.790085974878071e-10
Disease	disease_17171	5.789004282007266e-10
Disease	disease_17172	5.789004282007266e-10
Disease	disease_14977	5.788219911123063e-10
Disease	disease_11019	5.784546149593165e-10
Disease	disease_16851	5.783622982848201e-10
Disease	disease_22919	5.776430144215481e-10
Disease	disease_2072	5.773835352219864e-10
Disease	disease_16845	5.771831244864239e-10
Disease	disease_15753	5.771748079953875e-10
Disease	disease_4314	5.768835166209843e-10
Disease	disease_14924	5.766541515373358e-10
Disease	disease_13927	5.76359386867626e-10
Disease	disease_3286	5.762652999154334e-10
Disease	disease_33483	5.760105997917656e-10
Disease	disease_24572	5.759543475675559e-10
Disease	disease_17735	5.759205754971741e-10
Disease	disease_9801	5.759185561700179e-10
Disease	disease_8596	5.756200856276664e-10
Disease	disease_12303	5.754905550147327e-10
Disease	disease_12210	5.754905550147327e-10
Disease	disease_12331	5.754905550147327e-10
Disease	disease_14701	5.753035453359452e-10
Disease	disease_1113	5.752355448433e-10
Disease	disease_4485	5.752355448433e-10
Disease	disease_12115	5.751638167437786e-10
Disease	disease_5852	5.750391995094103e-10
Disease	disease_13691	5.749738093457102e-10
Disease	disease_13177	5.749053435467779e-10
Disease	disease_21588	5.748940168745371e-10
Disease	disease_13770	5.748663291744707e-10
Disease	disease_32643	5.746273242447615e-10
Disease	disease_12332	5.74592475496844e-10
Disease	disease_10525	5.743875563020118e-10
Disease	disease_40871	5.743875147311168e-10
Disease	disease_17163	5.741642379472016e-10
Disease	disease_1709	5.739834158954181e-10
Disease	disease_20666	5.739834158954181e-10
Disease	disease_12889	5.739834158954181e-10
Disease	disease_7011	5.739834158954181e-10
Disease	disease_20640	5.734450333678742e-10
Disease	disease_20048	5.732932221509838e-10
Disease	disease_11545	5.729613855544823e-10
Disease	disease_18960	5.728384414302985e-10
Disease	disease_5876	5.715224148870396e-10
Disease	disease_10550	5.711553860090692e-10
Disease	disease_10786	5.710081521404447e-10
Disease	disease_974	5.709583873728019e-10
Disease	disease_9450	5.708583447135522e-10
Disease	disease_7308	5.703668771481786e-10
Disease	disease_17421	5.702119029385152e-10
Disease	disease_21522	5.701975841545438e-10
Disease	disease_100086	5.69929993233537e-10
Disease	disease_14922	5.697531420163964e-10
Disease	disease_1094	5.694663431297895e-10
Disease	disease_973	5.690339755667561e-10
Disease	disease_44992	5.685034536163712e-10
Disease	disease_11752	5.684559008256033e-10
Disease	disease_13434	5.682804676462902e-10
Disease	disease_11915	5.68221544409726e-10
Disease	disease_2040	5.680350560885901e-10
Disease	disease_10087	5.676811548739646e-10
Disease	disease_7487	5.676459709168573e-10
Disease	disease_4728	5.675840505952417e-10
Disease	disease_25420	5.669820483915774e-10
Disease	disease_10005	5.668402827317293e-10
Disease	disease_45033	5.657165284945469e-10
Disease	disease_19335	5.656810101791538e-10
Disease	disease_19258	5.656810101791538e-10
Disease	disease_17389	5.656810101791538e-10
Disease	disease_17578	5.654384234182654e-10
Disease	disease_6071	5.653768076799906e-10
Disease	disease_2088	5.652131408003114e-10
Disease	disease_20594	5.652041423583678e-10
Disease	disease_54794	5.65156274308468e-10
Disease	disease_14193	5.648560985697695e-10
Disease	disease_10521	5.646365423627457e-10
Disease	disease_16868	5.645354667518655e-10
Disease	disease_1236	5.643035755681486e-10
Disease	disease_6414	5.642696992746318e-10
Disease	disease_4089	5.642308615575828e-10
Disease	disease_14026	5.641471158275806e-10
Disease	disease_14660	5.639598123217183e-10
Disease	disease_3984	5.639022610350239e-10
Disease	disease_44885	5.633599292504619e-10
Disease	disease_7640	5.63113076787066e-10
Disease	disease_3030	5.629439907598664e-10
Disease	disease_12206	5.623337279106806e-10
Disease	disease_9526	5.62175022983309e-10
Disease	disease_971	5.621221369013721e-10
Disease	disease_11065	5.62113315873676e-10
Disease	disease_20584	5.620227227875696e-10
Disease	disease_54738	5.619352070718748e-10
Disease	disease_9108	5.615930463548775e-10
Disease	disease_2672	5.610294787188564e-10
Disease	disease_54723	5.609987152337325e-10
Disease	disease_17388	5.607722135772967e-10
Disease	disease_11889	5.602704832429271e-10
Disease	disease_19237	5.600984069780404e-10
Disease	disease_12125	5.599202457437008e-10
Disease	disease_32904	5.598574805981575e-10
Disease	disease_4067	5.597910700563466e-10
Disease	disease_16604	5.596731639926519e-10
Disease	disease_5326	5.593475310631129e-10
Disease	disease_968	5.588949920133201e-10
Disease	disease_6186	5.586345663150918e-10
Disease	disease_20235	5.585771963491327e-10
Disease	disease_20064	5.585206755493819e-10
Disease	disease_6358	5.583712347188156e-10
Disease	disease_21229	5.583359687841072e-10
Disease	disease_7270	5.57612075834979e-10
Disease	disease_30027	5.575631143688084e-10
Disease	disease_15227	5.573319633133571e-10
Disease	disease_13215	5.570960192856901e-10
Disease	disease_6108	5.569795946499431e-10
Disease	disease_516	5.567756144162867e-10
Disease	disease_6222	5.567178674059504e-10
Disease	disease_8765	5.562842424086336e-10
Disease	disease_15561	5.562589955340891e-10
Disease	disease_7409	5.558395469681426e-10
Disease	disease_14998	5.557406678705801e-10
Disease	disease_4889	5.556278670371497e-10
Disease	disease_8291	5.555348084725232e-10
Disease	disease_13235	5.544867950755527e-10
Disease	disease_14232	5.544806899858916e-10
Disease	disease_22716	5.544643540823457e-10
Disease	disease_22715	5.544643540823457e-10
Disease	disease_32712	5.543872293439497e-10
Disease	disease_7592	5.5430408496115e-10
Disease	disease_2154	5.542876363374262e-10
Disease	disease_14484	5.542685295349955e-10
Disease	disease_2661	5.540837746488745e-10
Disease	disease_2922	5.52936478490601e-10
Disease	disease_3619	5.52835145667849e-10
Disease	disease_2967	5.525313814336113e-10
Disease	disease_14168	5.52530386307699e-10
Disease	disease_14885	5.52504339249101e-10
Disease	disease_54801	5.519668094165705e-10
Disease	disease_33259	5.519303228738325e-10
Disease	disease_12820	5.518293560425744e-10
Disease	disease_14657	5.514914523884705e-10
Disease	disease_10968	5.512344906286474e-10
Disease	disease_3546	5.512071681094733e-10
Disease	disease_16213	5.510987209290473e-10
Disease	disease_5959	5.509931873524969e-10
Disease	disease_5117	5.508150613787596e-10
Disease	disease_19864	5.506328744706661e-10
Disease	disease_7272	5.506145537433044e-10
Disease	disease_24456	5.503093547217611e-10
Disease	disease_5708	5.503087673357566e-10
Disease	disease_27026	5.502919219371362e-10
Disease	disease_54725	5.500903402184758e-10
Disease	disease_21027	5.49998262276334e-10
Disease	disease_3530	5.4999575910077e-10
Disease	disease_16162	5.499600365881103e-10
Disease	disease_687	5.497130502828612e-10
Disease	disease_19473	5.494591792552562e-10
Disease	disease_11788	5.494121843899748e-10
Disease	disease_4896	5.494008344783509e-10
Disease	disease_7471	5.492856152880231e-10
Disease	disease_43543	5.49064996296642e-10
Disease	disease_15467	5.488771594984296e-10
Disease	disease_8901	5.486512727112191e-10
Disease	disease_18070	5.486368138369667e-10
Disease	disease_8271	5.48430455282072e-10
Disease	disease_6926	5.484075225939244e-10
Disease	disease_4139	5.483268776474479e-10
Disease	disease_21559	5.483268776474479e-10
Disease	disease_9513	5.478543651744876e-10
Disease	disease_2262	5.478230582057893e-10
Disease	disease_19679	5.477869975588088e-10
Disease	disease_8562	5.477860002374407e-10
Disease	disease_14846	5.476635580896402e-10
Disease	disease_2781	5.476378266822533e-10
Disease	disease_8703	5.475925547166458e-10
Disease	disease_32625	5.475722025812738e-10
Disease	disease_14207	5.472689786052925e-10
Disease	disease_6172	5.471518207338801e-10
Disease	disease_19559	5.470201606057685e-10
Disease	disease_24648	5.469226257417962e-10
Disease	disease_18651	5.468338816193201e-10
Disease	disease_13718	5.468207775070335e-10
Disease	disease_11855	5.467078935719253e-10
Disease	disease_7002	5.46494099440713e-10
Disease	disease_54802	5.464695681709419e-10
Disease	disease_22055	5.462225667474924e-10
Disease	disease_4075	5.461478847414494e-10
Disease	disease_13114	5.460549426983547e-10
Disease	disease_20305	5.460238467751999e-10
Disease	disease_20855	5.455503059839795e-10
Disease	disease_11325	5.454885333824411e-10
Disease	disease_100084	5.453922647896713e-10
Disease	disease_13609	5.453519779990748e-10
Disease	disease_2857	5.443795686089494e-10
Disease	disease_14696	5.443776397374048e-10
Disease	disease_23865	5.436461110193564e-10
Disease	disease_1832	5.435942907264442e-10
Disease	disease_19948	5.433697539102041e-10
Disease	disease_17030	5.43193248067215e-10
Disease	disease_32612	5.431379074456625e-10
Disease	disease_10154	5.430078898907706e-10
Disease	disease_100021	5.428769944652822e-10
Disease	disease_100020	5.428769944652822e-10
Disease	disease_15585	5.428769944652822e-10
Disease	disease_24905	5.425609981398876e-10
Disease	disease_2270	5.424981985260434e-10
Disease	disease_17217	5.424805386874939e-10
Disease	disease_23246	5.424322008246048e-10
Disease	disease_10538	5.423992220467469e-10
Disease	disease_20304	5.423814989130937e-10
Disease	disease_13965	5.423545644190716e-10
Disease	disease_13154	5.422848747105684e-10
Disease	disease_16226	5.420430098630115e-10
Disease	disease_8312	5.417577450649284e-10
Disease	disease_33555	5.416027396672289e-10
Disease	disease_14326	5.414787796956539e-10
Disease	disease_13720	5.41393921292104e-10
Disease	disease_962	5.413577247263999e-10
Disease	disease_991	5.411851077020004e-10
Disease	disease_13381	5.411136184282403e-10
Disease	disease_12843	5.406688770258496e-10
Disease	disease_14902	5.402792777212805e-10
Disease	disease_10432	5.396989591414946e-10
Disease	disease_21412	5.395507104770339e-10
Disease	disease_1042	5.395043039154238e-10
Disease	disease_54615	5.391724129973272e-10
Disease	disease_45069	5.391698259225892e-10
Disease	disease_17568	5.390905733510324e-10
Disease	disease_24985	5.389540379126436e-10
Disease	disease_17355	5.388849155795546e-10
Disease	disease_30846	5.387112216420675e-10
Disease	disease_2541	5.385178792662263e-10
Disease	disease_11739	5.381433604485674e-10
Disease	disease_2843	5.380980962475107e-10
Disease	disease_14153	5.377778063261969e-10
Disease	disease_32748	5.373047799320107e-10
Disease	disease_6646	5.371865922051342e-10
Disease	disease_6771	5.370987871408495e-10
Disease	disease_33850	5.368520790525593e-10
Disease	disease_19848	5.368121297591443e-10
Disease	disease_41447	5.364900989209286e-10
Disease	disease_2150	5.360909106416001e-10
Disease	disease_17013	5.35837306332152e-10
Disease	disease_4969	5.357660696861261e-10
Disease	disease_7904	5.357412172257242e-10
Disease	disease_16080	5.356328189523006e-10
Disease	disease_6534	5.354963887424244e-10
Disease	disease_13769	5.354595515311382e-10
Disease	disease_2469	5.354573575374033e-10
Disease	disease_15432	5.351570021632388e-10
Disease	disease_14644	5.349272562080612e-10
Disease	disease_9326	5.346927220975741e-10
Disease	disease_18946	5.346225265165509e-10
Disease	disease_32702	5.345514166250076e-10
Disease	disease_10070	5.343889116092298e-10
Disease	disease_513	5.343850840072281e-10
Disease	disease_19687	5.343682744389816e-10
Disease	disease_6655	5.342069425842015e-10
Disease	disease_16880	5.341940772616774e-10
Disease	disease_21164	5.340959421458536e-10
Disease	disease_10224	5.337386136964379e-10
Disease	disease_13530	5.335927679985072e-10
Disease	disease_19809	5.334885401810154e-10
Disease	disease_21747	5.334189291158973e-10
Disease	disease_8750	5.330380451915551e-10
Disease	disease_8419	5.328808213775637e-10
Disease	disease_6847	5.328005740561962e-10
Disease	disease_5168	5.328005740561962e-10
Disease	disease_19678	5.326173567016911e-10
Disease	disease_19643	5.322761037602937e-10
Disease	disease_162	5.319939241379768e-10
Disease	disease_13397	5.317030639865056e-10
Disease	disease_44209	5.316292016858948e-10
Disease	disease_17413	5.314943921686353e-10
Disease	disease_7662	5.314821492176843e-10
Disease	disease_21605	5.314415784635217e-10
Disease	disease_32787	5.312585683764158e-10
Disease	disease_10855	5.312514225136739e-10
Disease	disease_14170	5.311575961104817e-10
Disease	disease_6928	5.309985169892063e-10
Disease	disease_16683	5.309676061366919e-10
Disease	disease_42977	5.30877111966757e-10
Disease	disease_8483	5.307616820075362e-10
Disease	disease_32777	5.307500271062408e-10
Disease	disease_4047	5.303990182151292e-10
Disease	disease_2359	5.30373876665478e-10
Disease	disease_14583	5.299620929242448e-10
Disease	disease_8744	5.294670157690882e-10
Disease	disease_20552	5.292551331817961e-10
Disease	disease_14932	5.29104174710903e-10
Disease	disease_3846	5.290768053767471e-10
Disease	disease_1251	5.290562965029037e-10
Disease	disease_13124	5.289911071553364e-10
Disease	disease_10085	5.288109150403098e-10
Disease	disease_3077	5.288016252746636e-10
Disease	disease_3078	5.288016252746636e-10
Disease	disease_6418	5.287694535275251e-10
Disease	disease_1286	5.286693385834656e-10
Disease	disease_377	5.280492480722723e-10
Disease	disease_12200	5.278099920905376e-10
Disease	disease_44750	5.277829193366846e-10
Disease	disease_14475	5.277367405898894e-10
Disease	disease_16946	5.277273865673213e-10
Disease	disease_19862	5.274660550062211e-10
Disease	disease_11659	5.274660550062211e-10
Disease	disease_1853	5.274074044475121e-10
Disease	disease_2306	5.274074044475121e-10
Disease	disease_11432	5.271760331154778e-10
Disease	disease_9694	5.268946010624566e-10
Disease	disease_8099	5.265269142195835e-10
Disease	disease_11493	5.264928321877327e-10
Disease	disease_18735	5.263525538379782e-10
Disease	disease_24561	5.257703240853229e-10
Disease	disease_14030	5.251726910662408e-10
Disease	disease_977	5.249652670892245e-10
Disease	disease_967	5.249652670892245e-10
Disease	disease_44786	5.248279955292553e-10
Disease	disease_5774	5.239138520590577e-10
Disease	disease_32616	5.238662506178404e-10
Disease	disease_11271	5.23790057701513e-10
Disease	disease_21655	5.237098419547425e-10
Disease	disease_34150	5.236439443736341e-10
Disease	disease_18009	5.236439443736341e-10
Disease	disease_44624	5.236439443736341e-10
Disease	disease_11605	5.236352267452613e-10
Disease	disease_32693	5.236127368896744e-10
Disease	disease_1554	5.234885026651467e-10
Disease	disease_12835	5.234311148673679e-10
Disease	disease_13794	5.234018829937464e-10
Disease	disease_12425	5.233653759144132e-10
Disease	disease_16259	5.233486292097471e-10
Disease	disease_12128	5.232413550770913e-10
Disease	disease_13568	5.22839850039251e-10
Disease	disease_9789	5.227633091910561e-10
Disease	disease_11496	5.225934663079997e-10
Disease	disease_4131	5.225036218227034e-10
Disease	disease_6956	5.219675653644882e-10
Disease	disease_13051	5.219447428561396e-10
Disease	disease_16934	5.21936023941867e-10
Disease	disease_20743	5.216789148957364e-10
Disease	disease_54577	5.216347740061048e-10
Disease	disease_12687	5.216299260036361e-10
Disease	disease_4398	5.214131380451078e-10
Disease	disease_15174	5.213039366236227e-10
Disease	disease_33862	5.213039366236227e-10
Disease	disease_13486	5.210783549222565e-10
Disease	disease_11568	5.208464879283008e-10
Disease	disease_11226	5.20840675711181e-10
Disease	disease_44067	5.203099279635234e-10
Disease	disease_12291	5.201993386894909e-10
Disease	disease_18016	5.199627056215142e-10
Disease	disease_11192	5.197967270247859e-10
Disease	disease_20476	5.195415185892624e-10
Disease	disease_6524	5.194373648551145e-10
Disease	disease_60550	5.19176226159186e-10
Disease	disease_20580	5.185450121313462e-10
Disease	disease_13236	5.182422756089648e-10
Disease	disease_14829	5.178623005353663e-10
Disease	disease_1229	5.172828284102152e-10
Disease	disease_9198	5.170185592665187e-10
Disease	disease_16916	5.169776765422944e-10
Disease	disease_10076	5.169569624098804e-10
Disease	disease_21742	5.168515379690344e-10
Disease	disease_16222	5.168314779601026e-10
Disease	disease_5696	5.16733884126694e-10
Disease	disease_2966	5.166981298314589e-10
Disease	disease_13644	5.166940713903847e-10
Disease	disease_9002	5.164145706046828e-10
Disease	disease_7330	5.162776167259795e-10
Disease	disease_13431	5.160959517248366e-10
Disease	disease_11644	5.15840221991377e-10
Disease	disease_2998	5.158140296541534e-10
Disease	disease_17725	5.154399691056669e-10
Disease	disease_17724	5.154399691056669e-10
Disease	disease_17728	5.154399691056669e-10
Disease	disease_17726	5.154399691056669e-10
Disease	disease_33123	5.147769785869905e-10
Disease	disease_12748	5.146769532894715e-10
Disease	disease_6207	5.146366383157226e-10
Disease	disease_17848	5.145722269795005e-10
Disease	disease_2651	5.144920083699872e-10
Disease	disease_11032	5.144382876242601e-10
Disease	disease_10964	5.142321246071478e-10
Disease	disease_54602	5.141923962146205e-10
Disease	disease_2031	5.139400444122622e-10
Disease	disease_14460	5.138723685006091e-10
Disease	disease_16077	5.13725002579041e-10
Disease	disease_42497	5.133098534735512e-10
Disease	disease_15462	5.132252138493483e-10
Disease	disease_16219	5.132006447198601e-10
Disease	disease_7047	5.13159433749895e-10
Disease	disease_25087	5.130696211197075e-10
Disease	disease_36915	5.130094368572644e-10
Disease	disease_8016	5.126666915403905e-10
Disease	disease_32623	5.125728277734834e-10
Disease	disease_30031	5.125434507964891e-10
Disease	disease_13183	5.125004826650082e-10
Disease	disease_18459	5.12483818927656e-10
Disease	disease_12701	5.124809313982538e-10
Disease	disease_14139	5.123353654785505e-10
Disease	disease_15485	5.122747276757633e-10
Disease	disease_14909	5.120942584021974e-10
Disease	disease_43544	5.120622982856275e-10
Disease	disease_11456	5.120397630192627e-10
Disease	disease_21513	5.119289863124817e-10
Disease	disease_13457	5.118138424214455e-10
Disease	disease_11898	5.114219280013249e-10
Disease	disease_16790	5.11337487198322e-10
Disease	disease_14925	5.108879514445828e-10
Disease	disease_4056	5.106824534105883e-10
Disease	disease_12582	5.104987164950805e-10
Disease	disease_9997	5.10325223055082e-10
Disease	disease_8556	5.100525307284071e-10
Disease	disease_1874	5.09667962976653e-10
Disease	disease_3656	5.096253989805583e-10
Disease	disease_6346	5.096043145406143e-10
Disease	disease_32845	5.095934920223886e-10
Disease	disease_13502	5.095916980636588e-10
Disease	disease_17992	5.095818360238222e-10
Disease	disease_2592	5.095607904932826e-10
Disease	disease_16492	5.094908804224693e-10
Disease	disease_11795	5.094661364358178e-10
Disease	disease_23119	5.093666566078208e-10
Disease	disease_13545	5.09349234841443e-10
Disease	disease_6090	5.092542978324762e-10
Disease	disease_32863	5.091933124488061e-10
Disease	disease_17350	5.091352460443102e-10
Disease	disease_33486	5.090288761322533e-10
Disease	disease_743	5.089000623679734e-10
Disease	disease_32859	5.088769164330734e-10
Disease	disease_4702	5.088329620047681e-10
Disease	disease_30844	5.087944311933492e-10
Disease	disease_5901	5.084879696179845e-10
Disease	disease_13192	5.084170736272469e-10
Disease	disease_100088	5.083704227265952e-10
Disease	disease_16155	5.07871161493567e-10
Disease	disease_11245	5.075613889603103e-10
Disease	disease_19768	5.073776483435276e-10
Disease	disease_7895	5.069566899201811e-10
Disease	disease_20585	5.068895063699284e-10
Disease	disease_24567	5.065970153826766e-10
Disease	disease_16656	5.063497387191303e-10
Disease	disease_3313	5.061185345293477e-10
Disease	disease_13622	5.060844701068228e-10
Disease	disease_5286	5.051530508049774e-10
Disease	disease_14267	5.050646946788754e-10
Disease	disease_11571	5.050140914309115e-10
Disease	disease_17836	5.050116641084438e-10
Disease	disease_12799	5.049774663397616e-10
Disease	disease_6915	5.044159958718249e-10
Disease	disease_16924	5.043293233834511e-10
Disease	disease_12824	5.042048362518894e-10
Disease	disease_40728	5.041514892184187e-10
Disease	disease_3768	5.037156655428618e-10
Disease	disease_12688	5.036851736036046e-10
Disease	disease_10053	5.035281058919942e-10
Disease	disease_21678	5.030938919532684e-10
Disease	disease_16494	5.027259067967985e-10
Disease	disease_17103	5.024492182160016e-10
Disease	disease_21276	5.020895787109505e-10
Disease	disease_12908	5.020647869387352e-10
Disease	disease_16489	5.019717790325967e-10
Disease	disease_1786	5.015971401849432e-10
Disease	disease_13888	5.014833344084286e-10
Disease	disease_7227	5.011403818286931e-10
Disease	disease_24889	5.010343434929876e-10
Disease	disease_24990	5.008379642221151e-10
Disease	disease_17038	5.008234496834362e-10
Disease	disease_7033	5.008232930227216e-10
Disease	disease_7152	5.007809649720528e-10
Disease	disease_13181	5.004785025587162e-10
Disease	disease_4525	5.003113427683415e-10
Disease	disease_8494	5.002787405318226e-10
Disease	disease_4923	4.991152417103398e-10
Disease	disease_3940	4.990938498916392e-10
Disease	disease_11416	4.987650470323359e-10
Disease	disease_2636	4.987151641220365e-10
Disease	disease_1810	4.986651019833598e-10
Disease	disease_19322	4.984774927610385e-10
Disease	disease_13463	4.980530052043518e-10
Disease	disease_32526	4.977907336265994e-10
Disease	disease_13567	4.971554385440131e-10
Disease	disease_14154	4.971443395457241e-10
Disease	disease_4894	4.969495375597519e-10
Disease	disease_4897	4.969495375597519e-10
Disease	disease_2152	4.969495375597519e-10
Disease	disease_1527	4.969495375597519e-10
Disease	disease_4899	4.969495375597519e-10
Disease	disease_4893	4.969495375597519e-10
Disease	disease_6098	4.969208937468194e-10
Disease	disease_5769	4.967702098576938e-10
Disease	disease_37871	4.967663992194637e-10
Disease	disease_1634	4.96736049457324e-10
Disease	disease_3985	4.966619965867832e-10
Disease	disease_8958	4.966181535127398e-10
Disease	disease_16243	4.966131294313422e-10
Disease	disease_16242	4.966131294313422e-10
Disease	disease_19537	4.966131294313422e-10
Disease	disease_9537	4.961379923089943e-10
Disease	disease_20699	4.959717675125445e-10
Disease	disease_32846	4.959531782630575e-10
Disease	disease_11020	4.958656774361484e-10
Disease	disease_5721	4.958115345078601e-10
Disease	disease_8495	4.956277903871914e-10
Disease	disease_12872	4.95261348274898e-10
Disease	disease_13113	4.951327451620113e-10
Disease	disease_13719	4.948364642720314e-10
Disease	disease_3506	4.947193644610765e-10
Disease	disease_40676	4.946098127746233e-10
Disease	disease_15604	4.944698679602598e-10
Disease	disease_9336	4.94426068910872e-10
Disease	disease_7411	4.94396542155833e-10
Disease	disease_8774	4.943657337183547e-10
Disease	disease_15828	4.940719246571562e-10
Disease	disease_2765	4.940297541277516e-10
Disease	disease_18064	4.940042316730586e-10
Disease	disease_11253	4.940042316730586e-10
Disease	disease_15086	4.940042316730586e-10
Disease	disease_13547	4.939244622624258e-10
Disease	disease_13649	4.93558781729084e-10
Disease	disease_100052	4.93389353723778e-10
Disease	disease_14906	4.932807412469518e-10
Disease	disease_3384	4.932703926904127e-10
Disease	disease_5857	4.929394352282168e-10
Disease	disease_12403	4.924587425708344e-10
Disease	disease_20715	4.924587425708344e-10
Disease	disease_12763	4.924587425708344e-10
Disease	disease_12404	4.924587425708344e-10
Disease	disease_14151	4.924587425708344e-10
Disease	disease_12036	4.924587425708344e-10
Disease	disease_12039	4.924587425708344e-10
Disease	disease_12318	4.924587425708344e-10
Disease	disease_11138	4.924587425708344e-10
Disease	disease_12339	4.924587425708344e-10
Disease	disease_12147	4.924587425708344e-10
Disease	disease_12836	4.924587425708344e-10
Disease	disease_11942	4.924587425708344e-10
Disease	disease_10433	4.924587425708344e-10
Disease	disease_11943	4.924587425708344e-10
Disease	disease_11820	4.924587425708344e-10
Disease	disease_12826	4.924587425708344e-10
Disease	disease_11807	4.924587425708344e-10
Disease	disease_12361	4.924587425708344e-10
Disease	disease_12884	4.924587425708344e-10
Disease	disease_12585	4.924587425708344e-10
Disease	disease_11693	4.924587425708344e-10
Disease	disease_12341	4.924587425708344e-10
Disease	disease_12827	4.924587425708344e-10
Disease	disease_12935	4.924587425708344e-10
Disease	disease_12936	4.924587425708344e-10
Disease	disease_13765	4.924587425708344e-10
Disease	disease_11520	4.924587425708344e-10
Disease	disease_11622	4.924587425708344e-10
Disease	disease_12461	4.924587425708344e-10
Disease	disease_42489	4.924587425708344e-10
Disease	disease_12834	4.924587425708344e-10
Disease	disease_11560	4.924587425708344e-10
Disease	disease_12934	4.924587425708344e-10
Disease	disease_12584	4.924587425708344e-10
Disease	disease_13152	4.924587425708344e-10
Disease	disease_11944	4.924587425708344e-10
Disease	disease_6576	4.923767503920303e-10
Disease	disease_2340	4.922667781780213e-10
Disease	disease_15646	4.922667781780213e-10
Disease	disease_15644	4.922667781780213e-10
Disease	disease_15649	4.922667781780213e-10
Disease	disease_15648	4.922667781780213e-10
Disease	disease_15647	4.922667781780213e-10
Disease	disease_15645	4.922667781780213e-10
Disease	disease_15017	4.921488520915412e-10
Disease	disease_34103	4.920702392498223e-10
Disease	disease_44329	4.91474546239596e-10
Disease	disease_3297	4.914537932871727e-10
Disease	disease_1146	4.91116092079001e-10
Disease	disease_2335	4.910582451737245e-10
Disease	disease_100320	4.910351211457824e-10
Disease	disease_17788	4.910138261626342e-10
Disease	disease_33622	4.909726554621945e-10
Disease	disease_19208	4.906686070846567e-10
Disease	disease_30929	4.906182694780268e-10
Disease	disease_41903	4.905364382246237e-10
Disease	disease_100234	4.904342522652063e-10
Disease	disease_34147	4.904214455392598e-10
Disease	disease_30867	4.900110613391505e-10
Disease	disease_4100	4.89933515644854e-10
Disease	disease_14189	4.898125427832792e-10
Disease	disease_11201	4.891808168115464e-10
Disease	disease_18784	4.890734431067248e-10
Disease	disease_16429	4.890734431067248e-10
Disease	disease_15004	4.890236154629357e-10
Disease	disease_32865	4.889676292754717e-10
Disease	disease_8132	4.889654373433396e-10
Disease	disease_16938	4.887300363591178e-10
Disease	disease_19235	4.885651678514765e-10
Disease	disease_14920	4.8847631413272e-10
Disease	disease_17933	4.882781638434849e-10
Disease	disease_18119	4.881412766451321e-10
Disease	disease_100093	4.880443747440246e-10
Disease	disease_19474	4.879926703966215e-10
Disease	disease_2328	4.876087770146142e-10
Disease	disease_62	4.87519944598781e-10
Disease	disease_8594	4.873664440017559e-10
Disease	disease_17537	4.872835304687992e-10
Disease	disease_17536	4.872835304687992e-10
Disease	disease_17535	4.872835304687992e-10
Disease	disease_17538	4.872835304687992e-10
Disease	disease_21404	4.872621521821497e-10
Disease	disease_21664	4.872562742730939e-10
Disease	disease_13058	4.871258140209836e-10
Disease	disease_21489	4.870663411261575e-10
Disease	disease_11748	4.868920207170582e-10
Disease	disease_32801	4.867087784975772e-10
Disease	disease_4364	4.866199821177766e-10
Disease	disease_16591	4.865955287481408e-10
Disease	disease_10987	4.862521454348865e-10
Disease	disease_30010	4.861379970868773e-10
Disease	disease_11375	4.861373741208937e-10
Disease	disease_4053	4.861197357726814e-10
Disease	disease_1330	4.858010157182111e-10
Disease	disease_4404	4.856250092455395e-10
Disease	disease_14807	4.852957613310623e-10
Disease	disease_10074	4.851960832658373e-10
Disease	disease_21235	4.846738721722511e-10
Disease	disease_13948	4.846415014373816e-10
Disease	disease_16260	4.844634597194755e-10
Disease	disease_1112	4.839745498076139e-10
Disease	disease_23692	4.837750708563437e-10
Disease	disease_3528	4.836783938540243e-10
Disease	disease_20153	4.835785689402333e-10
Disease	disease_22572	4.83474359145058e-10
Disease	disease_20701	4.833086414357121e-10
Disease	disease_21144	4.832448750067132e-10
Disease	disease_6830	4.830438859132176e-10
Disease	disease_291	4.824837123154527e-10
Disease	disease_15934	4.823870058970739e-10
Disease	disease_7389	4.822639829492195e-10
Disease	disease_2972	4.81867076083035e-10
Disease	disease_6284	4.816678651731336e-10
Disease	disease_7489	4.814721116895576e-10
Disease	disease_13593	4.812997780507063e-10
Disease	disease_5767	4.811509407500073e-10
Disease	disease_14242	4.809404698633474e-10
Disease	disease_7809	4.808316218357329e-10
Disease	disease_1553	4.805945579311903e-10
Disease	disease_6484	4.805515173526201e-10
Disease	disease_10238	4.804822424568434e-10
Disease	disease_5745	4.80414010699932e-10
Disease	disease_12716	4.800846110796787e-10
Disease	disease_14677	4.800721621200836e-10
Disease	disease_9095	4.800332532666058e-10
Disease	disease_8514	4.7965549050965e-10
Disease	disease_12336	4.794778863444939e-10
Disease	disease_16154	4.792665853334692e-10
Disease	disease_4130	4.789978382867152e-10
Disease	disease_2987	4.788550169466067e-10
Disease	disease_6601	4.788550169466067e-10
Disease	disease_6555	4.788550169466067e-10
Disease	disease_21340	4.788550169466067e-10
Disease	disease_6586	4.788550169466067e-10
Disease	disease_20537	4.786586068205551e-10
Disease	disease_30903	4.786101206496254e-10
Disease	disease_11703	4.782489695699437e-10
Disease	disease_34976	4.779020222413446e-10
Disease	disease_13650	4.776965558081604e-10
Disease	disease_13525	4.773768367170512e-10
Disease	disease_20727	4.766596845799972e-10
Disease	disease_6005	4.764688150123522e-10
Disease	disease_16947	4.761989426316283e-10
Disease	disease_18044	4.760385184892507e-10
Disease	disease_3744	4.758942112882805e-10
Disease	disease_6657	4.7573363025073e-10
Disease	disease_4065	4.754047621263221e-10
Disease	disease_2354	4.752305928126244e-10
Disease	disease_7559	4.748837111842508e-10
Disease	disease_16436	4.748582670540832e-10
Disease	disease_14954	4.748544265012156e-10
Disease	disease_21497	4.748113843975289e-10
Disease	disease_11762	4.747211421448468e-10
Disease	disease_14710	4.745661369143655e-10
Disease	disease_4038	4.744887624171595e-10
Disease	disease_2999	4.743865314765565e-10
Disease	disease_10783	4.743584113598713e-10
Disease	disease_13449	4.741682171568715e-10
Disease	disease_21651	4.741326083443218e-10
Disease	disease_34146	4.739704989637219e-10
Disease	disease_4283	4.738606766999112e-10
Disease	disease_43075	4.737640851258485e-10
Disease	disease_13002	4.735325813123199e-10
Disease	disease_1411	4.734907572563147e-10
Disease	disease_5704	4.734744431595498e-10
Disease	disease_17905	4.734479743931992e-10
Disease	disease_20160	4.734094471897056e-10
Disease	disease_18834	4.730946160379423e-10
Disease	disease_17731	4.730716675884292e-10
Disease	disease_11480	4.730574436869159e-10
Disease	disease_32742	4.728419701764822e-10
Disease	disease_16848	4.725566553526509e-10
Disease	disease_8197	4.725505276909412e-10
Disease	disease_4266	4.724127523201766e-10
Disease	disease_32581	4.723472307594796e-10
Disease	disease_19368	4.722556655131774e-10
Disease	disease_19029	4.722556655131774e-10
Disease	disease_12019	4.72231642318406e-10
Disease	disease_11434	4.721683811223079e-10
Disease	disease_11926	4.721683811223079e-10
Disease	disease_12542	4.721683811223079e-10
Disease	disease_12896	4.721683811223079e-10
Disease	disease_11084	4.721683811223079e-10
Disease	disease_13057	4.721683811223079e-10
Disease	disease_11542	4.721683811223079e-10
Disease	disease_11573	4.721683811223079e-10
Disease	disease_12959	4.721683811223079e-10
Disease	disease_11387	4.721683811223079e-10
Disease	disease_6182	4.720600763723784e-10
Disease	disease_6138	4.720269868740362e-10
Disease	disease_12346	4.72020746175325e-10
Disease	disease_21036	4.719205591055999e-10
Disease	disease_13376	4.718948022200932e-10
Disease	disease_7365	4.713398538807688e-10
Disease	disease_1883	4.711102748521344e-10
Disease	disease_4649	4.709564961189739e-10
Disease	disease_1109	4.699452026373173e-10
Disease	disease_11412	4.699024444783876e-10
Disease	disease_3913	4.698442194701217e-10
Disease	disease_45002	4.696635763865114e-10
Disease	disease_13187	4.688560004776521e-10
Disease	disease_14091	4.685040811581241e-10
Disease	disease_44742	4.682259829623468e-10
Disease	disease_7811	4.680745025948358e-10
Disease	disease_8847	4.680017541575059e-10
Disease	disease_33631	4.678944853809856e-10
Disease	disease_54806	4.670026712840958e-10
Disease	disease_13758	4.667224472497501e-10
Disease	disease_9440	4.664610142553101e-10
Disease	disease_1635	4.662786184595272e-10
Disease	disease_11186	4.661070227624813e-10
Disease	disease_15928	4.66017595707708e-10
Disease	disease_14055	4.658487899353326e-10
Disease	disease_8571	4.657190295131974e-10
Disease	disease_6577	4.65479736307799e-10
Disease	disease_56802	4.652420533799957e-10
Disease	disease_10640	4.6516844023480353e-10
Disease	disease_9166	4.650343941538121e-10
Disease	disease_1602	4.650116213566658e-10
Disease	disease_1702	4.650116213566658e-10
Disease	disease_7286	4.649200286704849e-10
Disease	disease_12491	4.648165908693992e-10
Disease	disease_25481	4.6473375734740554e-10
Disease	disease_3412	4.6469587800632774e-10
Disease	disease_20577	4.6442669182725563e-10
Disease	disease_4820	4.6411870804550424e-10
Disease	disease_14075	4.640829677634542e-10
Disease	disease_1470	4.638502173816426e-10
Disease	disease_12447	4.6364485177701046e-10
Disease	disease_32578	4.636377570908824e-10
Disease	disease_13228	4.633281586559296e-10
Disease	disease_18679	4.63203698848919e-10
Disease	disease_18680	4.63203698848919e-10
Disease	disease_8518	4.630139553903792e-10
Disease	disease_24988	4.6268691531910027e-10
Disease	disease_3745	4.6251073020674235e-10
Disease	disease_14877	4.6250813825066316e-10
Disease	disease_2959	4.6224517984589105e-10
Disease	disease_12573	4.618402327946267e-10
Disease	disease_19386	4.6157158062604627e-10
Disease	disease_4085	4.6129518052438834e-10
Disease	disease_25159	4.6122704351353756e-10
Disease	disease_21024	4.6085479676889216e-10
Disease	disease_44995	4.6085203081619174e-10
Disease	disease_3401	4.601949672249743e-10
Disease	disease_5684	4.600436420890801e-10
Disease	disease_49223	4.599813400049476e-10
Disease	disease_36781	4.5993110577689247e-10
Disease	disease_2991	4.5991814371634546e-10
Disease	disease_19670	4.59845054766054e-10
Disease	disease_2703	4.598189611878077e-10
Disease	disease_19362	4.596282305340194e-10
Disease	disease_41996	4.5928837294717463e-10
Disease	disease_40964	4.587500026710202e-10
Disease	disease_16846	4.5860219687528344e-10
Disease	disease_5476	4.585796878786069e-10
Disease	disease_13642	4.584495480537865e-10
Disease	disease_26762	4.5827418710716236e-10
Disease	disease_13573	4.5817974724587887e-10
Disease	disease_16570	4.581041429528204e-10
Disease	disease_14121	4.57363041943532e-10
Disease	disease_15994	4.572766561032162e-10
Disease	disease_16580	4.572179857123219e-10
Disease	disease_7594	4.5692968917597126e-10
Disease	disease_1957	4.5680787419061193e-10
Disease	disease_33201	4.5668944503025047e-10
Disease	disease_5200	4.566115040730895e-10
Disease	disease_7808	4.5622918480487055e-10
Disease	disease_5900	4.5610965899720437e-10
Disease	disease_32699	4.5610923103901606e-10
Disease	disease_14654	4.5601960364933725e-10
Disease	disease_8525	4.558879997070359e-10
Disease	disease_3928	4.558053674910803e-10
Disease	disease_3782	4.558053674910803e-10
Disease	disease_19380	4.556450845851149e-10
Disease	disease_44794	4.554932811862014e-10
Disease	disease_43969	4.5538616685115865e-10
Disease	disease_15599	4.5534097212308677e-10
Disease	disease_19204	4.553092139400088e-10
Disease	disease_19622	4.553092139400088e-10
Disease	disease_17591	4.553092139400088e-10
Disease	disease_44633	4.553092139400088e-10
Disease	disease_30017	4.551484242204682e-10
Disease	disease_30869	4.547172914290179e-10
Disease	disease_13366	4.546767079981514e-10
Disease	disease_20458	4.5444454406708173e-10
Disease	disease_11914	4.543373282985933e-10
Disease	disease_19025	4.5412668261371843e-10
Disease	disease_12285	4.539558257090203e-10
Disease	disease_2758	4.5383397844553786e-10
Disease	disease_8717	4.538324828571079e-10
Disease	disease_3222	4.5378813553283274e-10
Disease	disease_3764	4.5357491343566667e-10
Disease	disease_7267	4.5345170879364123e-10
Disease	disease_18061	4.534016256093931e-10
Disease	disease_32785	4.5316821089114513e-10
Disease	disease_19621	4.5312486383979047e-10
Disease	disease_381	4.5309120769964535e-10
Disease	disease_2464	4.5305964805878963e-10
Disease	disease_19574	4.529758944164898e-10
Disease	disease_5194	4.527048449055563e-10
Disease	disease_18701	4.5255142415508556e-10
Disease	disease_12569	4.521688061201656e-10
Disease	disease_16758	4.520593049158179e-10
Disease	disease_7622	4.515890283535055e-10
Disease	disease_3880	4.507078479765361e-10
Disease	disease_19628	4.507072896261766e-10
Disease	disease_8207	4.5022700243156853e-10
Disease	disease_10669	4.501453958422983e-10
Disease	disease_11085	4.495233943893502e-10
Disease	disease_8139	4.4915037818515734e-10
Disease	disease_19767	4.490445661434095e-10
Disease	disease_20069	4.4886914867837834e-10
Disease	disease_18363	4.487332090019786e-10
Disease	disease_2577	4.4871556571945333e-10
Disease	disease_30937	4.486118488124032e-10
Disease	disease_14351	4.485851134813525e-10
Disease	disease_7632	4.485808615145924e-10
Disease	disease_20694	4.484805951552059e-10
Disease	disease_14890	4.484248435071461e-10
Disease	disease_18025	4.4835137653836996e-10
Disease	disease_1661	4.4821400686243096e-10
Disease	disease_7396	4.4817679790738573e-10
Disease	disease_12489	4.48104634127881e-10
Disease	disease_14703	4.478506605000587e-10
Disease	disease_6078	4.4754641177278077e-10
Disease	disease_21289	4.4750290390695855e-10
Disease	disease_7120	4.469833913867741e-10
Disease	disease_7375	4.467022583030615e-10
Disease	disease_2398	4.4666848265546336e-10
Disease	disease_13774	4.46493646959346e-10
Disease	disease_20505	4.4645059230169296e-10
Disease	disease_306	4.4637795965129635e-10
Disease	disease_20712	4.4634217903058405e-10
Disease	disease_11465	4.458432557432071e-10
Disease	disease_13101	4.458432557432071e-10
Disease	disease_13102	4.458432557432071e-10
Disease	disease_13104	4.458432557432071e-10
Disease	disease_13105	4.458432557432071e-10
Disease	disease_13106	4.458432557432071e-10
Disease	disease_3811	4.457832547901866e-10
Disease	disease_20406	4.456045796391782e-10
Disease	disease_20408	4.456045796391782e-10
Disease	disease_20407	4.456045796391782e-10
Disease	disease_3350	4.4550941591536393e-10
Disease	disease_1400	4.451661486871133e-10
Disease	disease_7533	4.4465339076967607e-10
Disease	disease_12014	4.4436080240346824e-10
Disease	disease_15560	4.4420999940115056e-10
Disease	disease_12320	4.439232962715481e-10
Disease	disease_20293	4.4388683544858694e-10
Disease	disease_9366	4.4356621543882835e-10
Disease	disease_21507	4.4348665820344735e-10
Disease	disease_14615	4.433793960805576e-10
Disease	disease_13679	4.43026574720288e-10
Disease	disease_6778	4.4273943463055253e-10
Disease	disease_6905	4.4273943463055253e-10
Disease	disease_6680	4.4273943463055253e-10
Disease	disease_18258	4.4273943463055253e-10
Disease	disease_18259	4.4273943463055253e-10
Disease	disease_18261	4.4273943463055253e-10
Disease	disease_18260	4.4273943463055253e-10
Disease	disease_16984	4.4273943463055253e-10
Disease	disease_6813	4.4273943463055253e-10
Disease	disease_14454	4.42441021884568e-10
Disease	disease_12670	4.421749444809572e-10
Disease	disease_12145	4.419715137373392e-10
Disease	disease_32606	4.417341134877082e-10
Disease	disease_14818	4.415158816348906e-10
Disease	disease_7441	4.4144015699453873e-10
Disease	disease_14985	4.4082436339011787e-10
Disease	disease_17971	4.4067081369391154e-10
Disease	disease_17939	4.404370112497421e-10
Disease	disease_16311	4.4027600415671603e-10
Disease	disease_19526	4.3997687642311374e-10
Disease	disease_3478	4.399471946874684e-10
Disease	disease_13206	4.3989659057477504e-10
Disease	disease_255	4.3977980383039925e-10
Disease	disease_19378	4.3956713258142834e-10
Disease	disease_21461	4.393887787245682e-10
Disease	disease_13119	4.393514736217741e-10
Disease	disease_32660	4.390800024532391e-10
Disease	disease_24275	4.389053725417837e-10
Disease	disease_17139	4.3884733767391816e-10
Disease	disease_8007	4.386033214009219e-10
Disease	disease_5856	4.383958763113047e-10
Disease	disease_2741	4.3817144908854545e-10
Disease	disease_2253	4.3801655963786377e-10
Disease	disease_8961	4.3754428808248543e-10
Disease	disease_6887	4.3745875416685587e-10
Disease	disease_13834	4.3742838368099305e-10
Disease	disease_4556	4.3725073503017853e-10
Disease	disease_5464	4.372423446664264e-10
Disease	disease_11754	4.369366741968722e-10
Disease	disease_18430	4.367692972021835e-10
Disease	disease_14662	4.367163821156652e-10
Disease	disease_11901	4.366985502833645e-10
Disease	disease_21297	4.364023738691442e-10
Disease	disease_100288	4.360493620195786e-10
Disease	disease_11716	4.3601160141195333e-10
Disease	disease_10133	4.359283666782804e-10
Disease	disease_15643	4.3559239064485697e-10
Disease	disease_13412	4.354982373538242e-10
Disease	disease_27068	4.352422164058771e-10
Disease	disease_15728	4.351267192720967e-10
Disease	disease_30861	4.350383734874825e-10
Disease	disease_13634	4.3503139000009785e-10
Disease	disease_17111	4.348445574232125e-10
Disease	disease_17110	4.348445574232125e-10
Disease	disease_8555	4.344047050887177e-10
Disease	disease_5736	4.341860158980482e-10
Disease	disease_1082	4.3394881758094975e-10
Disease	disease_18476	4.339400639967072e-10
Disease	disease_15819	4.3373077930733113e-10
Disease	disease_10544	4.3371069669685157e-10
Disease	disease_17296	4.3344346191941767e-10
Disease	disease_17295	4.3344346191941767e-10
Disease	disease_1466	4.333652371672398e-10
Disease	disease_3668	4.33311699740737e-10
Disease	disease_30938	4.328310604486913e-10
Disease	disease_12419	4.326443467128345e-10
Disease	disease_14123	4.325963335458323e-10
Disease	disease_12695	4.325237474261346e-10
Disease	disease_12904	4.3229339908508185e-10
Disease	disease_3873	4.3228295811054803e-10
Disease	disease_8545	4.3216897268781197e-10
Disease	disease_14246	4.3185479427881247e-10
Disease	disease_7384	4.31626178094e-10
Disease	disease_10753	4.3158486510353316e-10
Disease	disease_17328	4.31223302759837e-10
Disease	disease_14734	4.311724865276514e-10
Disease	disease_1640	4.309449495819314e-10
Disease	disease_8786	4.3085314162058273e-10
Disease	disease_15741	4.307284876795489e-10
Disease	disease_1638	4.3072337032272887e-10
Disease	disease_2680	4.306293931671115e-10
Disease	disease_8772	4.30268427776033e-10
Disease	disease_7377	4.301924261565942e-10
Disease	disease_32694	4.2999448220576187e-10
Disease	disease_1334	4.297864986052741e-10
Disease	disease_100128	4.297025864749502e-10
Disease	disease_43892	4.297025864749502e-10
Disease	disease_5799	4.297025864749502e-10
Disease	disease_4531	4.2951808865031313e-10
Disease	disease_24271	4.292916660970246e-10
Disease	disease_10596	4.2915863539104846e-10
Disease	disease_290	4.2914179724101215e-10
Disease	disease_15391	4.290924853248682e-10
Disease	disease_30134	4.2908814155278913e-10
Disease	disease_3124	4.289049942484365e-10
Disease	disease_5562	4.287719994708073e-10
Disease	disease_478	4.2868435275364833e-10
Disease	disease_22606	4.281896268356111e-10
Disease	disease_20574	4.2809877704648255e-10
Disease	disease_32739	4.2806094878121974e-10
Disease	disease_1660	4.2804439732209873e-10
Disease	disease_20549	4.27961774333965e-10
Disease	disease_21225	4.278614843728787e-10
Disease	disease_8718	4.274126876362807e-10
Disease	disease_4153	4.2737373367617005e-10
Disease	disease_16841	4.264891798262894e-10
Disease	disease_4322	4.262948418274304e-10
Disease	disease_18344	4.262740585620062e-10
Disease	disease_6839	4.261310071737497e-10
Disease	disease_20800	4.2562494569742423e-10
Disease	disease_6692	4.2562494569742423e-10
Disease	disease_19278	4.2542601086903617e-10
Disease	disease_10850	4.2538660127417776e-10
Disease	disease_660	4.2533168540374585e-10
Disease	disease_13620	4.250411037629487e-10
Disease	disease_1127	4.2487790405269457e-10
Disease	disease_11379	4.2486368350688393e-10
Disease	disease_5697	4.2480211953265376e-10
Disease	disease_16351	4.2480211953265376e-10
Disease	disease_21334	4.2480211953265376e-10
Disease	disease_21935	4.245514833782924e-10
Disease	disease_5873	4.245514833782924e-10
Disease	disease_1833	4.241850976959459e-10
Disease	disease_33533	4.24163106258123e-10
Disease	disease_32866	4.2408219080242267e-10
Disease	disease_19224	4.239296398017991e-10
Disease	disease_15588	4.2389387523750115e-10
Disease	disease_13899	4.2380684611910295e-10
Disease	disease_12483	4.23666744307175e-10
Disease	disease_18702	4.2334222954334607e-10
Disease	disease_3994	4.2320636654778486e-10
Disease	disease_16847	4.231557830901404e-10
Disease	disease_10795	4.230553093000769e-10
Disease	disease_24545	4.2304790387749676e-10
Disease	disease_14239	4.229644728477708e-10
Disease	disease_4172	4.2263529368763456e-10
Disease	disease_7940	4.2206578560870956e-10
Disease	disease_25149	4.220084285019362e-10
Disease	disease_11233	4.2185760373527224e-10
Disease	disease_54776	4.2162261589459847e-10
Disease	disease_18359	4.214734219213791e-10
Disease	disease_15829	4.2138759246994373e-10
Disease	disease_14466	4.2132526068041164e-10
Disease	disease_11579	4.2132035932204355e-10
Disease	disease_17321	4.213186896970323e-10
Disease	disease_33673	4.212365745398816e-10
Disease	disease_54560	4.210872780782033e-10
Disease	disease_30868	4.210414331990252e-10
Disease	disease_18675	4.2067382580560126e-10
Disease	disease_14111	4.205999155771707e-10
Disease	disease_32896	4.204598734304314e-10
Disease	disease_43479	4.202109584591221e-10
Disease	disease_1390	4.1997857146511085e-10
Disease	disease_309	4.1997857146511085e-10
Disease	disease_10068	4.197531018477995e-10
Disease	disease_16147	4.1970283009654873e-10
Disease	disease_10844	4.196149805206592e-10
Disease	disease_32910	4.1955263930943983e-10
Disease	disease_1078	4.191783621579019e-10
Disease	disease_10105	4.1890430870644833e-10
Disease	disease_32898	4.1889054115809216e-10
Disease	disease_33671	4.1886131222996797e-10
Disease	disease_15521	4.1865537207097227e-10
Disease	disease_15520	4.1865537207097227e-10
Disease	disease_20507	4.1865537207097227e-10
Disease	disease_15519	4.1865537207097227e-10
Disease	disease_3839	4.1853623323903165e-10
Disease	disease_7939	4.1834248790705733e-10
Disease	disease_17386	4.182356483896043e-10
Disease	disease_3681	4.182356483896043e-10
Disease	disease_32583	4.178979956634176e-10
Disease	disease_21546	4.17728043180473e-10
Disease	disease_20459	4.17644364791187e-10
Disease	disease_12091	4.1762382302224774e-10
Disease	disease_44626	4.173933109160718e-10
Disease	disease_100012	4.172525116408211e-10
Disease	disease_8450	4.170661819510029e-10
Disease	disease_2554	4.1702414188723646e-10
Disease	disease_2645	4.1701312945683064e-10
Disease	disease_15082	4.1694851110583013e-10
Disease	disease_15425	4.169418952986817e-10
Disease	disease_18381	4.1687835808642053e-10
Disease	disease_450	4.167135711357486e-10
Disease	disease_452	4.167135711357486e-10
Disease	disease_44315	4.166704332785609e-10
Disease	disease_6551	4.1663499200920215e-10
Disease	disease_20714	4.1659985227826044e-10
Disease	disease_1546	4.1630763470869717e-10
Disease	disease_19241	4.162759233455588e-10
Disease	disease_11364	4.1577812565839085e-10
Disease	disease_32667	4.1556926233239317e-10
Disease	disease_19227	4.1498780072941774e-10
Disease	disease_54847	4.147900095062025e-10
Disease	disease_9187	4.1456527362177125e-10
Disease	disease_4062	4.144767629505097e-10
Disease	disease_16961	4.1438097668019187e-10
Disease	disease_21049	4.14345835045773e-10
Disease	disease_14955	4.136510513608703e-10
Disease	disease_12437	4.1343256568801873e-10
Disease	disease_14112	4.134171289176114e-10
Disease	disease_18791	4.1325737206423304e-10
Disease	disease_17899	4.1317299747803887e-10
Disease	disease_3991	4.1310281768973914e-10
Disease	disease_13137	4.13096562157117e-10
Disease	disease_17901	4.1307264736940525e-10
Disease	disease_54729	4.1305522875240403e-10
Disease	disease_16800	4.1287459210581207e-10
Disease	disease_10611	4.1252582257747314e-10
Disease	disease_11055	4.124143938225161e-10
Disease	disease_40501	4.1230325620359984e-10
Disease	disease_15418	4.122428961435351e-10
Disease	disease_12043	4.1171002402286667e-10
Disease	disease_11407	4.1155399535892577e-10
Disease	disease_3293	4.113159560649013e-10
Disease	disease_1295	4.113072586599049e-10
Disease	disease_16040	4.113072586599049e-10
Disease	disease_18617	4.113072586599049e-10
Disease	disease_33839	4.112096834180279e-10
Disease	disease_6828	4.1094907753736177e-10
Disease	disease_100188	4.106141730341298e-10
Disease	disease_11860	4.102872657705605e-10
Disease	disease_6365	4.0991999380777026e-10
Disease	disease_1795	4.09747032433481e-10
Disease	disease_8067	4.095428075750622e-10
Disease	disease_12723	4.095274874491235e-10
Disease	disease_24744	4.092306585457683e-10
Disease	disease_16221	4.0907914674303355e-10
Disease	disease_17803	4.0904221643626617e-10
Disease	disease_22308	4.0904221643626617e-10
Disease	disease_20708	4.0904221643626617e-10
Disease	disease_2017	4.0904221643626617e-10
Disease	disease_5574	4.0904221643626617e-10
Disease	disease_6605	4.0903070893290583e-10
Disease	disease_17453	4.087643511392473e-10
Disease	disease_2291	4.0873575564180767e-10
Disease	disease_40675	4.085067768277667e-10
Disease	disease_17381	4.0834475167296227e-10
Disease	disease_20175	4.082873779564916e-10
Disease	disease_7058	4.07831388133591e-10
Disease	disease_2604	4.0781894211503623e-10
Disease	disease_16157	4.0744986462612645e-10
Disease	disease_1964	4.0742604280165324e-10
Disease	disease_8551	4.067108567465834e-10
Disease	disease_9019	4.06681287102597e-10
Disease	disease_1946	4.064090075778829e-10
Disease	disease_13852	4.0633846434258404e-10
Disease	disease_18047	4.062689040858095e-10
Disease	disease_36990	4.0608378230123967e-10
Disease	disease_16540	4.0600564969952177e-10
Disease	disease_12170	4.058263670561204e-10
Disease	disease_44207	4.0580456862178017e-10
Disease	disease_14337	4.0575969571799043e-10
Disease	disease_16493	4.0539484003962943e-10
Disease	disease_14986	4.0509316337491816e-10
Disease	disease_30936	4.0464653727855116e-10
Disease	disease_20851	4.0462036695936155e-10
Disease	disease_18976	4.039601254646464e-10
Disease	disease_12571	4.036038890852059e-10
Disease	disease_43230	4.035326197960366e-10
Disease	disease_245	4.032468099237665e-10
Disease	disease_11708	4.029749478567345e-10
Disease	disease_32796	4.028572425173454e-10
Disease	disease_32746	4.0260991160310987e-10
Disease	disease_9498	4.023243360372112e-10
Disease	disease_4430	4.0230355928530435e-10
Disease	disease_2935	4.0230355928530435e-10
Disease	disease_20041	4.0226168914375127e-10
Disease	disease_4190	4.02189109623731e-10
Disease	disease_7280	4.0214609301672894e-10
Disease	disease_12270	4.021190819492315e-10
Disease	disease_1629	4.0207129233925203e-10
Disease	disease_12263	4.0207129233925203e-10
Disease	disease_18756	4.0207129233925203e-10
Disease	disease_12027	4.0207129233925203e-10
Disease	disease_5435	4.0207129233925203e-10
Disease	disease_25512	4.0207129233925203e-10
Disease	disease_12028	4.0207129233925203e-10
Disease	disease_20155	4.018848162351128e-10
Disease	disease_40503	4.018334834694492e-10
Disease	disease_758	4.017544810946485e-10
Disease	disease_19879	4.0155493614025414e-10
Disease	disease_2813	4.0153856362268137e-10
Disease	disease_17907	4.0143079175599575e-10
Disease	disease_32631	4.0133740671703334e-10
Disease	disease_15294	4.0094282559009895e-10
Disease	disease_24919	4.0081696671942435e-10
Disease	disease_32603	4.0065342868638635e-10
Disease	disease_978	4.005103389695411e-10
Disease	disease_22060	4.0036767440366003e-10
Disease	disease_15179	4.000769714352762e-10
Disease	disease_19140	3.999008688687289e-10
Disease	disease_16421	3.999008688687289e-10
Disease	disease_18548	3.999008688687289e-10
Disease	disease_23176	3.999008688687289e-10
Disease	disease_18173	3.999008688687289e-10
Disease	disease_17862	3.999008688687289e-10
Disease	disease_19545	3.999008688687289e-10
Disease	disease_18547	3.999008688687289e-10
Disease	disease_43339	3.999008688687289e-10
Disease	disease_34212	3.999008688687289e-10
Disease	disease_16312	3.999008688687289e-10
Disease	disease_4149	3.9940735181125687e-10
Disease	disease_8384	3.993616007368054e-10
Disease	disease_24969	3.9934943693313333e-10
Disease	disease_24320	3.991451616153561e-10
Disease	disease_15765	3.9909860634381036e-10
Disease	disease_7932	3.9901304111929707e-10
Disease	disease_32614	3.987206055993426e-10
Disease	disease_1903	3.984761663018868e-10
Disease	disease_11198	3.9842538598556053e-10
Disease	disease_24663	3.982547770922205e-10
Disease	disease_34216	3.982516504412931e-10
Disease	disease_5309	3.9803825116860423e-10
Disease	disease_10136	3.9781512905702547e-10
Disease	disease_14293	3.9773470011005233e-10
Disease	disease_10689	3.9754328274526753e-10
Disease	disease_10415	3.970554554224188e-10
Disease	disease_21394	3.970549638438928e-10
Disease	disease_10678	3.9677571361749395e-10
Disease	disease_1304	3.967324362692748e-10
Disease	disease_45004	3.966971179685329e-10
Disease	disease_16193	3.966800702871436e-10
Disease	disease_16287	3.9663775197369414e-10
Disease	disease_1398	3.965272667186314e-10
Disease	disease_32912	3.962040141238072e-10
Disease	disease_32914	3.95975119833411e-10
Disease	disease_10190	3.957247861474927e-10
Disease	disease_2649	3.952603251248097e-10
Disease	disease_17602	3.9476714218069723e-10
Disease	disease_23691	3.9475861906133286e-10
Disease	disease_23693	3.9475861906133286e-10
Disease	disease_1794	3.9445661784940055e-10
Disease	disease_21010	3.944103088682583e-10
Disease	disease_25431	3.940495113788083e-10
Disease	disease_23129	3.9377754421848336e-10
Disease	disease_1621	3.935776870417589e-10
Disease	disease_2455	3.934657244173745e-10
Disease	disease_6132	3.934657244173745e-10
Disease	disease_4550	3.9340321303886856e-10
Disease	disease_13017	3.932835655504913e-10
Disease	disease_11124	3.9305563344741345e-10
Disease	disease_13978	3.93003287396986e-10
Disease	disease_8245	3.929697632445947e-10
Disease	disease_12293	3.9283717604351925e-10
Disease	disease_13499	3.923453806563219e-10
Disease	disease_13356	3.92266896856509e-10
Disease	disease_19985	3.9225021526887856e-10
Disease	disease_19984	3.9225021526887856e-10
Disease	disease_20312	3.920788849163567e-10
Disease	disease_14578	3.914131972735554e-10
Disease	disease_44640	3.906028925844625e-10
Disease	disease_13880	3.9039071129917555e-10
Disease	disease_4555	3.9029433774009785e-10
Disease	disease_16615	3.902890031974053e-10
Disease	disease_16616	3.902890031974053e-10
Disease	disease_29135	3.900624319749249e-10
Disease	disease_21329	3.8990661016125953e-10
Disease	disease_33551	3.8987685363656745e-10
Disease	disease_15392	3.898570494671954e-10
Disease	disease_11173	3.8959609574805903e-10
Disease	disease_4389	3.895405794815222e-10
Disease	disease_2287	3.8950620796534983e-10
Disease	disease_2034	3.8940541973367196e-10
Disease	disease_30858	3.890902454921992e-10
Disease	disease_14422	3.888389270744112e-10
Disease	disease_19745	3.88807981806226e-10
Disease	disease_14903	3.883258540256464e-10
Disease	disease_100073	3.8827657448313436e-10
Disease	disease_21224	3.8803258806315485e-10
Disease	disease_21979	3.8789897023293e-10
Disease	disease_16611	3.8770738925166754e-10
Disease	disease_3364	3.8767752224537367e-10
Disease	disease_13999	3.8754760213329237e-10
Disease	disease_20216	3.8735664363980647e-10
Disease	disease_9005	3.8723116874851457e-10
Disease	disease_5322	3.87086053504788e-10
Disease	disease_5327	3.87086053504788e-10
Disease	disease_20947	3.866185919703525e-10
Disease	disease_100103	3.8656056859112506e-10
Disease	disease_11116	3.86386329902018e-10
Disease	disease_5602	3.863363711366611e-10
Disease	disease_14880	3.862868711653565e-10
Disease	disease_1093	3.8623891273250017e-10
Disease	disease_17044	3.858751324076094e-10
Disease	disease_13406	3.8586922527734285e-10
Disease	disease_9178	3.8583118324916424e-10
Disease	disease_7283	3.8579496545416166e-10
Disease	disease_6388	3.857184161135527e-10
Disease	disease_33657	3.857018491007009e-10
Disease	disease_13155	3.8530513249045947e-10
Disease	disease_16896	3.850034198029809e-10
Disease	disease_2375	3.849576076188015e-10
Disease	disease_2555	3.848806866745642e-10
Disease	disease_40566	3.846700808838696e-10
Disease	disease_11960	3.8452874410789177e-10
Disease	disease_2370	3.843830041934454e-10
Disease	disease_5884	3.84364089548259e-10
Disease	disease_3251	3.8423623278995863e-10
Disease	disease_13471	3.8394672769346375e-10
Disease	disease_10774	3.839117373905281e-10
Disease	disease_18671	3.837760469854166e-10
Disease	disease_18566	3.8367186482148875e-10
Disease	disease_4685	3.835533340611113e-10
Disease	disease_12160	3.833065133598519e-10
Disease	disease_20561	3.8319886843608266e-10
Disease	disease_2096	3.8296203310364104e-10
Disease	disease_14814	3.8282391879174474e-10
Disease	disease_5952	3.828085192338704e-10
Disease	disease_14325	3.828069893169538e-10
Disease	disease_24382	3.827053935493413e-10
Disease	disease_24379	3.827053935493413e-10
Disease	disease_24381	3.827053935493413e-10
Disease	disease_24250	3.8261859703014324e-10
Disease	disease_4343	3.8228862446296737e-10
Disease	disease_14272	3.8222027800084245e-10
Disease	disease_6681	3.8213149508437417e-10
Disease	disease_3869	3.821008000224129e-10
Disease	disease_21665	3.8205590633559604e-10
Disease	disease_1121	3.817404423387817e-10
Disease	disease_24469	3.8173446575336e-10
Disease	disease_2423	3.8145221390338454e-10
Disease	disease_24912	3.8118876152153635e-10
Disease	disease_10097	3.8109428835316587e-10
Disease	disease_12262	3.807357248053373e-10
Disease	disease_11372	3.8045759260433133e-10
Disease	disease_3471	3.8012254735131294e-10
Disease	disease_13160	3.7999435572330364e-10
Disease	disease_24339	3.7997733334794096e-10
Disease	disease_8597	3.7979369507732046e-10
Disease	disease_21130	3.79776826683066e-10
Disease	disease_21491	3.7975653909889367e-10
Disease	disease_6491	3.7972502760753944e-10
Disease	disease_19874	3.7956830131557787e-10
Disease	disease_1717	3.795569689911357e-10
Disease	disease_4552	3.787890930788465e-10
Disease	disease_4413	3.787890930788465e-10
Disease	disease_4296	3.787890930788465e-10
Disease	disease_13159	3.787268938291374e-10
Disease	disease_33614	3.7856755583193177e-10
Disease	disease_16194	3.7854101900921786e-10
Disease	disease_5319	3.7837664691273847e-10
Disease	disease_4478	3.7787547783499146e-10
Disease	disease_4152	3.7787547783499146e-10
Disease	disease_6398	3.777767848426536e-10
Disease	disease_13444	3.767681302411719e-10
Disease	disease_16009	3.7649571340280924e-10
Disease	disease_1647	3.7639489787001296e-10
Disease	disease_5483	3.762813281355535e-10
Disease	disease_2726	3.7625401772142066e-10
Disease	disease_1698	3.761527578271554e-10
Disease	disease_6170	3.7597077889646885e-10
Disease	disease_8407	3.758870808333651e-10
Disease	disease_13641	3.7586365078242503e-10
Disease	disease_13916	3.757808945517235e-10
Disease	disease_4110	3.75076318337359e-10
Disease	disease_3421	3.745349647153898e-10
Disease	disease_17162	3.744605062357589e-10
Disease	disease_11160	3.743831919826112e-10
Disease	disease_12983	3.743537798851487e-10
Disease	disease_44811	3.743248994205454e-10
Disease	disease_6247	3.7431666509447766e-10
Disease	disease_6706	3.741805834876915e-10
Disease	disease_16798	3.7417100195043266e-10
Disease	disease_42972	3.737261941334353e-10
Disease	disease_9459	3.7362774974408245e-10
Disease	disease_45038	3.7328860140950204e-10
Disease	disease_18689	3.732467385091529e-10
Disease	disease_8519	3.7312243856065896e-10
Disease	disease_1977	3.729844307593122e-10
Disease	disease_22732	3.727261182305172e-10
Disease	disease_13416	3.7272239521496734e-10
Disease	disease_8764	3.7263257332822453e-10
Disease	disease_10316	3.726017171276648e-10
Disease	disease_10366	3.726017171276648e-10
Disease	disease_20734	3.723923159661847e-10
Disease	disease_21500	3.723062130114165e-10
Disease	disease_7366	3.7228308886938627e-10
Disease	disease_3261	3.7215436530504426e-10
Disease	disease_4840	3.718449005081971e-10
Disease	disease_13385	3.717385928860603e-10
Disease	disease_18132	3.7173432816879803e-10
Disease	disease_421	3.7172627659662456e-10
Disease	disease_21529	3.7156866649173337e-10
Disease	disease_1951	3.71316542160002e-10
Disease	disease_12044	3.711508333168892e-10
Disease	disease_341	3.710953290690513e-10
Disease	disease_13835	3.706378803315779e-10
Disease	disease_20385	3.7007209429547577e-10
Disease	disease_16303	3.7007209429547577e-10
Disease	disease_16302	3.7007209429547577e-10
Disease	disease_2549	3.699414463062998e-10
Disease	disease_19799	3.698969401062416e-10
Disease	disease_43777	3.697466565425203e-10
Disease	disease_32848	3.6967977514771103e-10
Disease	disease_6075	3.696157583459323e-10
Disease	disease_6979	3.6952733711976704e-10
Disease	disease_13448	3.694831763383541e-10
Disease	disease_12846	3.694831763383541e-10
Disease	disease_18159	3.6909777430973196e-10
Disease	disease_11151	3.687361749055358e-10
Disease	disease_4701	3.684359049764108e-10
Disease	disease_44719	3.683279307620207e-10
Disease	disease_17395	3.683279307620207e-10
Disease	disease_4212	3.6749470901471786e-10
Disease	disease_4213	3.6749470901471786e-10
Disease	disease_2955	3.6749470901471786e-10
Disease	disease_8370	3.672745085648942e-10
Disease	disease_1463	3.6716562160386636e-10
Disease	disease_2357	3.6716562160386636e-10
Disease	disease_14155	3.6681259594745767e-10
Disease	disease_6213	3.667216415892892e-10
Disease	disease_9518	3.664286069097345e-10
Disease	disease_4357	3.6634486648131143e-10
Disease	disease_37740	3.6632336076583386e-10
Disease	disease_2640	3.6629774647408703e-10
Disease	disease_330	3.659962682694474e-10
Disease	disease_1733	3.6595395196627716e-10
Disease	disease_1417	3.658898545614384e-10
Disease	disease_29141	3.6586166168356925e-10
Disease	disease_12085	3.6585921150118807e-10
Disease	disease_13790	3.6575616788588764e-10
Disease	disease_21184	3.6573795023689526e-10
Disease	disease_16582	3.657178210334507e-10
Disease	disease_14228	3.655254282404373e-10
Disease	disease_8766	3.6548053028825264e-10
Disease	disease_24982	3.653058448490128e-10
Disease	disease_12507	3.6522122186014423e-10
Disease	disease_13829	3.6507693301614584e-10
Disease	disease_1434	3.6486822214088956e-10
Disease	disease_19232	3.648071420667534e-10
Disease	disease_6200	3.645083187548013e-10
Disease	disease_15024	3.643205318098433e-10
Disease	disease_18385	3.640731066548624e-10
Disease	disease_4155	3.639426850968046e-10
Disease	disease_2187	3.63667641422467e-10
Disease	disease_16461	3.635688859868838e-10
Disease	disease_9139	3.6347186077466204e-10
Disease	disease_1994	3.634288151984194e-10
Disease	disease_4207	3.63169943918993e-10
Disease	disease_32706	3.631412572108562e-10
Disease	disease_4329	3.629204223282828e-10
Disease	disease_16378	3.6276323966577023e-10
Disease	disease_12240	3.6246668188210446e-10
Disease	disease_43904	3.624355912488306e-10
Disease	disease_5635	3.6230498348326194e-10
Disease	disease_20245	3.622166525728766e-10
Disease	disease_26726	3.6216601393697084e-10
Disease	disease_11553	3.6204683816326447e-10
Disease	disease_44275	3.6201250919664207e-10
Disease	disease_17864	3.617133326239367e-10
Disease	disease_6403	3.616646260834158e-10
Disease	disease_27048	3.616330832965361e-10
Disease	disease_13210	3.616085287636112e-10
Disease	disease_667	3.6143236438505956e-10
Disease	disease_16490	3.6109792462283494e-10
Disease	disease_14673	3.6090537685358124e-10
Disease	disease_1557	3.608387800870649e-10
Disease	disease_44781	3.606188527780733e-10
Disease	disease_11892	3.6045347771826294e-10
Disease	disease_11197	3.603109971436548e-10
Disease	disease_11389	3.601496072659028e-10
Disease	disease_13632	3.599884378731262e-10
Disease	disease_54765	3.599706127890093e-10
Disease	disease_6278	3.598914597004388e-10
Disease	disease_13151	3.59675366961018e-10
Disease	disease_12030	3.5963707933316176e-10
Disease	disease_12926	3.595125196543572e-10
Disease	disease_7000	3.5950765073207936e-10
Disease	disease_32613	3.5949623250850623e-10
Disease	disease_16572	3.5936759152035723e-10
Disease	disease_24387	3.593572368468377e-10
Disease	disease_2696	3.593452194552151e-10
Disease	disease_4312	3.5925911707521004e-10
Disease	disease_19669	3.5912152267513513e-10
Disease	disease_3910	3.5887162105261427e-10
Disease	disease_45056	3.5853410330991066e-10
Disease	disease_2355	3.584933260765913e-10
Disease	disease_2747	3.580139088815608e-10
Disease	disease_15295	3.5787374821467776e-10
Disease	disease_21480	3.577398645276966e-10
Disease	disease_21518	3.577398645276966e-10
Disease	disease_12353	3.5766175856167593e-10
Disease	disease_42971	3.573868314304994e-10
Disease	disease_2523	3.5727091985667003e-10
Disease	disease_10101	3.565367800285486e-10
Disease	disease_6607	3.564376986831832e-10
Disease	disease_12553	3.562652077611962e-10
Disease	disease_43303	3.561857428560465e-10
Disease	disease_14116	3.561308988034265e-10
Disease	disease_19195	3.561181883266086e-10
Disease	disease_44337	3.56103342569781e-10
Disease	disease_4052	3.560831741341573e-10
Disease	disease_2099	3.5587844591229203e-10
Disease	disease_32874	3.557608447487179e-10
Disease	disease_11836	3.553646268867165e-10
Disease	disease_15637	3.553358282309035e-10
Disease	disease_10620	3.552907498143144e-10
Disease	disease_16067	3.542444565082859e-10
Disease	disease_20464	3.542144398821368e-10
Disease	disease_20463	3.542144398821368e-10
Disease	disease_54727	3.540611759971468e-10
Disease	disease_35121	3.540588765122345e-10
Disease	disease_32791	3.5405852316886186e-10
Disease	disease_6764	3.537766810007546e-10
Disease	disease_1829	3.53556572046871e-10
Disease	disease_4008	3.534223193911929e-10
Disease	disease_2556	3.5319548073617405e-10
Disease	disease_7300	3.531899732645231e-10
Disease	disease_12457	3.5316698974119784e-10
Disease	disease_12922	3.5316698974119784e-10
Disease	disease_10411	3.5316698974119784e-10
Disease	disease_12785	3.5316698974119784e-10
Disease	disease_8259	3.530490987919932e-10
Disease	disease_4012	3.5294056278661627e-10
Disease	disease_12287	3.527224876645796e-10
Disease	disease_937	3.5241046536301403e-10
Disease	disease_1258	3.521320110636787e-10
Disease	disease_12187	3.5210992136051616e-10
Disease	disease_4358	3.520977953760403e-10
Disease	disease_21035	3.519430668388778e-10
Disease	disease_17063	3.5187365557964655e-10
Disease	disease_17064	3.5187365557964655e-10
Disease	disease_17068	3.5187365557964655e-10
Disease	disease_17065	3.5187365557964655e-10
Disease	disease_17067	3.5187365557964655e-10
Disease	disease_7343	3.5135310963150415e-10
Disease	disease_13976	3.513141623225021e-10
Disease	disease_4365	3.5108605567341935e-10
Disease	disease_2403	3.510412812105206e-10
Disease	disease_2153	3.510157913237511e-10
Disease	disease_13409	3.5086955926546776e-10
Disease	disease_7067	3.5053762763708827e-10
Disease	disease_11189	3.5045659663822136e-10
Disease	disease_44746	3.503119117334403e-10
Disease	disease_19689	3.502117517229766e-10
Disease	disease_24661	3.501261843195596e-10
Disease	disease_11802	3.5006821367878496e-10
Disease	disease_8757	3.499884788185292e-10
Disease	disease_21521	3.498446652093832e-10
Disease	disease_236	3.4966768844043795e-10
Disease	disease_4545	3.491189424499628e-10
Disease	disease_23699	3.4896621632494464e-10
Disease	disease_12944	3.488818349853011e-10
Disease	disease_43352	3.4848865587259387e-10
Disease	disease_16921	3.484561487987906e-10
Disease	disease_15571	3.4813746555364613e-10
Disease	disease_18375	3.4806847235385294e-10
Disease	disease_9014	3.480662258738945e-10
Disease	disease_17057	3.479580514205891e-10
Disease	disease_4628	3.474787138037355e-10
Disease	disease_1296	3.4737591768702187e-10
Disease	disease_4837	3.471094833135438e-10
Disease	disease_12114	3.470753651777932e-10
Disease	disease_2603	3.467193823829248e-10
Disease	disease_14565	3.465014570933579e-10
Disease	disease_25478	3.4647971449397583e-10
Disease	disease_16172	3.464654831966778e-10
Disease	disease_32811	3.459987590514594e-10
Disease	disease_11231	3.4590788588222233e-10
Disease	disease_45039	3.4590639355029656e-10
Disease	disease_19504	3.456568528294506e-10
Disease	disease_16743	3.4558398303297565e-10
Disease	disease_2646	3.455589625851393e-10
Disease	disease_100282	3.4546909439397434e-10
Disease	disease_18239	3.454530035158435e-10
Disease	disease_17628	3.4519148272485645e-10
Disease	disease_44101	3.4508642965984163e-10
Disease	disease_9942	3.450509257388621e-10
Disease	disease_6844	3.446980866115568e-10
Disease	disease_41755	3.4456259262322273e-10
Disease	disease_10986	3.44548965753562e-10
Disease	disease_25030	3.4454862172555167e-10
Disease	disease_11415	3.443682304763673e-10
Disease	disease_14071	3.443625619519792e-10
Disease	disease_12226	3.4431721979937704e-10
Disease	disease_7367	3.4431721979937704e-10
Disease	disease_12224	3.4431721979937704e-10
Disease	disease_4724	3.438754515007283e-10
Disease	disease_11036	3.437522303069781e-10
Disease	disease_12978	3.43675078389491e-10
Disease	disease_3255	3.4364618730573836e-10
Disease	disease_13957	3.4352531262629384e-10
Disease	disease_11211	3.433570942904905e-10
Disease	disease_54846	3.433010635491319e-10
Disease	disease_24618	3.432437226724941e-10
Disease	disease_10846	3.429374666590944e-10
Disease	disease_32765	3.4289936941321354e-10
Disease	disease_14427	3.4274066578344433e-10
Disease	disease_13032	3.4270587704012474e-10
Disease	disease_10551	3.4267173512652673e-10
Disease	disease_15557	3.426715208152074e-10
Disease	disease_15558	3.426715208152074e-10
Disease	disease_2911	3.4260978621496923e-10
Disease	disease_23273	3.4246525979988023e-10
Disease	disease_10173	3.42422026470892e-10
Disease	disease_16740	3.421168536561334e-10
Disease	disease_5514	3.4190575806444704e-10
Disease	disease_14307	3.4190562295727113e-10
Disease	disease_12565	3.4185930202918507e-10
Disease	disease_3223	3.4169979245591104e-10
Disease	disease_11767	3.413882653946809e-10
Disease	disease_100004	3.4128872825458976e-10
Disease	disease_6320	3.412183324644767e-10
Disease	disease_32800	3.406070408047263e-10
Disease	disease_13688	3.4048348044730737e-10
Disease	disease_8671	3.4035091803131684e-10
Disease	disease_2861	3.402789747671882e-10
Disease	disease_5668	3.401862294823294e-10
Disease	disease_54730	3.4000988144628935e-10
Disease	disease_14582	3.3994860174415227e-10
Disease	disease_18164	3.3967304821865876e-10
Disease	disease_18165	3.3967304821865876e-10
Disease	disease_29147	3.3966389619537646e-10
Disease	disease_29148	3.3966389619537646e-10
Disease	disease_32686	3.3966389619537646e-10
Disease	disease_11473	3.3924832369798936e-10
Disease	disease_8478	3.3911055201922253e-10
Disease	disease_13826	3.3886565643360525e-10
Disease	disease_4644	3.387532007326178e-10
Disease	disease_7702	3.3868836926184834e-10
Disease	disease_21475	3.3841661911432427e-10
Disease	disease_3861	3.3837143601131363e-10
Disease	disease_10062	3.3819847899551083e-10
Disease	disease_21929	3.3767992408918087e-10
Disease	disease_16554	3.3735419626592305e-10
Disease	disease_12445	3.3723500038286714e-10
Disease	disease_17940	3.371662415330542e-10
Disease	disease_21123	3.370426186362284e-10
Disease	disease_14081	3.3699085603944294e-10
Disease	disease_12239	3.369281760642215e-10
Disease	disease_18692	3.369024193393037e-10
Disease	disease_6463	3.3669050060168405e-10
Disease	disease_6258	3.3649502073917565e-10
Disease	disease_12979	3.363938445169778e-10
Disease	disease_8028	3.3632470274292846e-10
Disease	disease_14853	3.3626764744676714e-10
Disease	disease_30020	3.3600888350166464e-10
Disease	disease_17793	3.357313613745431e-10
Disease	disease_11351	3.3570977968207853e-10
Disease	disease_16807	3.353348834066452e-10
Disease	disease_108	3.3531325952980965e-10
Disease	disease_100057	3.349550853177397e-10
Disease	disease_24883	3.3488506664079087e-10
Disease	disease_10081	3.346354114683293e-10
Disease	disease_100161	3.3463035597759177e-10
Disease	disease_18141	3.3440075842295987e-10
Disease	disease_18142	3.3440075842295987e-10
Disease	disease_18143	3.3440075842295987e-10
Disease	disease_1756	3.343849026719401e-10
Disease	disease_13984	3.3420155895186204e-10
Disease	disease_15641	3.3401440636296855e-10
Disease	disease_15640	3.3401440636296855e-10
Disease	disease_14813	3.3391456346678476e-10
Disease	disease_12108	3.3334415543116863e-10
Disease	disease_3294	3.3278973327812564e-10
Disease	disease_18579	3.327695726505104e-10
Disease	disease_10675	3.3274194241071257e-10
Disease	disease_3922	3.326174569763202e-10
Disease	disease_10902	3.322828306021981e-10
Disease	disease_3948	3.318815599304144e-10
Disease	disease_16974	3.316826275060461e-10
Disease	disease_19311	3.314625325173315e-10
Disease	disease_10095	3.31343617147804e-10
Disease	disease_5630	3.312290553055116e-10
Disease	disease_4107	3.3116560833361027e-10
Disease	disease_11331	3.3115933606746103e-10
Disease	disease_100019	3.3094889927129694e-10
Disease	disease_14140	3.308338634087199e-10
Disease	disease_45030	3.307311228422662e-10
Disease	disease_2770	3.305854264734766e-10
Disease	disease_12055	3.3035189223587115e-10
Disease	disease_32924	3.30349253097974e-10
Disease	disease_93	3.3004664020089155e-10
Disease	disease_563	3.299154357102282e-10
Disease	disease_13029	3.299154357102282e-10
Disease	disease_14060	3.297985999134668e-10
Disease	disease_15016	3.2979739775836105e-10
Disease	disease_14001	3.296305392448572e-10
Disease	disease_12398	3.2961218200930986e-10
Disease	disease_6797	3.29589704590145e-10
Disease	disease_100114	3.295442538655343e-10
Disease	disease_12674	3.295442538655343e-10
Disease	disease_1482	3.292797144132139e-10
Disease	disease_19949	3.292689722807229e-10
Disease	disease_16791	3.2923186095114637e-10
Disease	disease_757	3.291163694693433e-10
Disease	disease_17040	3.288570612653928e-10
Disease	disease_54732	3.286160023303863e-10
Disease	disease_100248	3.28488671115901e-10
Disease	disease_11258	3.2828587591217827e-10
Disease	disease_1379	3.280312660716667e-10
Disease	disease_1541	3.2782505559645237e-10
Disease	disease_6192	3.275826037879727e-10
Disease	disease_13904	3.2749901101877414e-10
Disease	disease_1108	3.273356204478678e-10
Disease	disease_3975	3.2726770628626183e-10
Disease	disease_44878	3.271605633920728e-10
Disease	disease_32854	3.26996503924007e-10
Disease	disease_24281	3.268664053586737e-10
Disease	disease_44625	3.2683747413121975e-10
Disease	disease_44657	3.2683747413121975e-10
Disease	disease_1682	3.2681820491388624e-10
Disease	disease_3685	3.265685269928536e-10
Disease	disease_8092	3.260385045998989e-10
Disease	disease_16206	3.2555650255981647e-10
Disease	disease_16491	3.2554533023348435e-10
Disease	disease_3644	3.255358160432442e-10
Disease	disease_6927	3.2552028347617595e-10
Disease	disease_13858	3.255191794183049e-10
Disease	disease_9558	3.2547407621396455e-10
Disease	disease_6119	3.2499904384994034e-10
Disease	disease_16775	3.2496068469633743e-10
Disease	disease_45008	3.242697322159967e-10
Disease	disease_3988	3.241797459731676e-10
Disease	disease_44964	3.239084545457053e-10
Disease	disease_18471	3.238984944250827e-10
Disease	disease_33015	3.23868031395227e-10
Disease	disease_13232	3.238329895007288e-10
Disease	disease_10301	3.236222964032489e-10
Disease	disease_13919	3.2343217091271847e-10
Disease	disease_12356	3.2335012402751344e-10
Disease	disease_8881	3.232801857551531e-10
Disease	disease_3173	3.232548509086181e-10
Disease	disease_6950	3.2322622668318037e-10
Disease	disease_18283	3.2318655404994983e-10
Disease	disease_4290	3.2293298660952607e-10
Disease	disease_24467	3.2271476018327947e-10
Disease	disease_16751	3.226144395031622e-10
Disease	disease_18606	3.22480043556313e-10
Disease	disease_20679	3.224646317818377e-10
Disease	disease_11774	3.2235218757934027e-10
Disease	disease_4292	3.221478190271027e-10
Disease	disease_4289	3.2208803352097083e-10
Disease	disease_33980	3.2204033204572863e-10
Disease	disease_12310	3.2199484270390576e-10
Disease	disease_2435	3.2156553370624813e-10
Disease	disease_7820	3.213064456656316e-10
Disease	disease_5996	3.2124100643664786e-10
Disease	disease_17455	3.2093742672474503e-10
Disease	disease_32737	3.208997856682181e-10
Disease	disease_15306	3.205458139164512e-10
Disease	disease_740	3.204969699369111e-10
Disease	disease_20154	3.203920904273948e-10
Disease	disease_24554	3.2028737016587443e-10
Disease	disease_16146	3.2028026007915216e-10
Disease	disease_15668	3.201363563087578e-10
Disease	disease_11548	3.2001677790770353e-10
Disease	disease_12977	3.1976372233440054e-10
Disease	disease_14588	3.196516427755531e-10
Disease	disease_16500	3.195179934752571e-10
Disease	disease_16499	3.195179934752571e-10
Disease	disease_16498	3.195179934752571e-10
Disease	disease_10676	3.1934399806195955e-10
Disease	disease_9007	3.1870605147798736e-10
Disease	disease_20711	3.1855865754565003e-10
Disease	disease_8598	3.185528343499623e-10
Disease	disease_15464	3.184403932040346e-10
Disease	disease_15807	3.182738154154351e-10
Disease	disease_13197	3.1801822995017067e-10
Disease	disease_7438	3.1776926535868507e-10
Disease	disease_4890	3.1756800856442567e-10
Disease	disease_7266	3.1735888406732974e-10
Disease	disease_4177	3.1731941724037425e-10
Disease	disease_11792	3.1718659614686203e-10
Disease	disease_22311	3.1709815547770463e-10
Disease	disease_22552	3.1709815547770463e-10
Disease	disease_498	3.1696356681969516e-10
Disease	disease_1420	3.1685212540636504e-10
Disease	disease_3997	3.1680848006197937e-10
Disease	disease_21443	3.167867982344742e-10
Disease	disease_6753	3.1662300983668333e-10
Disease	disease_1812	3.1659663478219386e-10
Disease	disease_698	3.164611633828817e-10
Disease	disease_16357	3.164176520849013e-10
Disease	disease_22538	3.163537438726369e-10
Disease	disease_5610	3.1601263216890154e-10
Disease	disease_21834	3.1601263216890154e-10
Disease	disease_23106	3.1601263216890154e-10
Disease	disease_446	3.1601263216890154e-10
Disease	disease_23599	3.1601263216890154e-10
Disease	disease_43317	3.1595103161959515e-10
Disease	disease_5242	3.158443543183083e-10
Disease	disease_15108	3.1577746469346315e-10
Disease	disease_20351	3.157359182706429e-10
Disease	disease_12890	3.1547363336624763e-10
Disease	disease_12408	3.1538776545317793e-10
Disease	disease_14251	3.151946144056217e-10
Disease	disease_13562	3.151946144056217e-10
Disease	disease_13713	3.151946144056217e-10
Disease	disease_13185	3.151946144056217e-10
Disease	disease_12595	3.151946144056217e-10
Disease	disease_4951	3.151946144056217e-10
Disease	disease_12057	3.151946144056217e-10
Disease	disease_11031	3.1488827921026045e-10
Disease	disease_13453	3.147356853506814e-10
Disease	disease_19627	3.145847317130154e-10
Disease	disease_3658	3.145290347595956e-10
Disease	disease_11486	3.14404965481651e-10
Disease	disease_11162	3.143150366080938e-10
Disease	disease_19980	3.1431474437718063e-10
Disease	disease_20180	3.1405890915723133e-10
Disease	disease_19483	3.136492120678254e-10
Disease	disease_19323	3.136229043020096e-10
Disease	disease_15672	3.1359048109803084e-10
Disease	disease_3414	3.1353974337436783e-10
Disease	disease_100002	3.134216460396847e-10
Disease	disease_12409	3.1297044181477285e-10
Disease	disease_1174	3.128211533446785e-10
Disease	disease_9871	3.126464853830075e-10
Disease	disease_20219	3.1177645544647907e-10
Disease	disease_23165	3.1174228556783896e-10
Disease	disease_44206	3.116683187148375e-10
Disease	disease_16840	3.115354802152281e-10
Disease	disease_17351	3.113321707722668e-10
Disease	disease_10791	3.1110298186055096e-10
Disease	disease_18790	3.108010473932595e-10
Disease	disease_15606	3.1073275035278407e-10
Disease	disease_21339	3.1062325338627814e-10
Disease	disease_975	3.105490618182302e-10
Disease	disease_6386	3.105470861693919e-10
Disease	disease_8292	3.1030602898475603e-10
Disease	disease_24466	3.1021741635699667e-10
Disease	disease_6031	3.101885437127444e-10
Disease	disease_11238	3.1009452533284037e-10
Disease	disease_21660	3.0987398087471706e-10
Disease	disease_6859	3.097650986576613e-10
Disease	disease_26720	3.0958427674546793e-10
Disease	disease_32618	3.095455264971427e-10
Disease	disease_3194	3.0922759280740343e-10
Disease	disease_3256	3.089726418491685e-10
Disease	disease_12144	3.086257401798559e-10
Disease	disease_12967	3.0857411077061305e-10
Disease	disease_4424	3.0855012351894374e-10
Disease	disease_3751	3.0844561224932633e-10
Disease	disease_5120	3.0839040770708173e-10
Disease	disease_11355	3.0838919607024214e-10
Disease	disease_1938	3.0834828539215127e-10
Disease	disease_10677	3.0821437212166005e-10
Disease	disease_20767	3.081717082857457e-10
Disease	disease_20270	3.079570904959949e-10
Disease	disease_1542	3.0774900291704715e-10
Disease	disease_32649	3.077011339197115e-10
Disease	disease_840	3.0735073589895543e-10
Disease	disease_11143	3.0707363071727793e-10
Disease	disease_19228	3.0702646902963826e-10
Disease	disease_54733	3.0702425788516883e-10
Disease	disease_20134	3.069028029003099e-10
Disease	disease_15236	3.0688650329698717e-10
Disease	disease_20535	3.066676837772566e-10
Disease	disease_11188	3.064534110285424e-10
Disease	disease_15989	3.0636571690032306e-10
Disease	disease_44327	3.0604732559449136e-10
Disease	disease_45043	3.0596292567170917e-10
Disease	disease_7333	3.05938616877397e-10
Disease	disease_13585	3.0586678504221025e-10
Disease	disease_18759	3.058526906863137e-10
Disease	disease_11957	3.053656931928158e-10
Disease	disease_24338	3.0534196177608333e-10
Disease	disease_18889	3.052031255315158e-10
Disease	disease_6636	3.0518439023526437e-10
Disease	disease_100196	3.0508114501890907e-10
Disease	disease_17675	3.050247506837863e-10
Disease	disease_18628	3.0489934537822537e-10
Disease	disease_15005	3.048318326605755e-10
Disease	disease_4354	3.0478614398662587e-10
Disease	disease_3073	3.0471218383473515e-10
Disease	disease_3562	3.042192063964261e-10
Disease	disease_11990	3.0357151639128103e-10
Disease	disease_18058	3.034302854195913e-10
Disease	disease_7994	3.032801624692239e-10
Disease	disease_3596	3.0318504876535083e-10
Disease	disease_14283	3.030109013926019e-10
Disease	disease_10414	3.029012683231261e-10
Disease	disease_13064	3.0288212813451423e-10
Disease	disease_12538	3.027286770322663e-10
Disease	disease_21239	3.0267543616807044e-10
Disease	disease_13031	3.021821171710367e-10
Disease	disease_11967	3.021821171710367e-10
Disease	disease_3624	3.020852709420813e-10
Disease	disease_14675	3.0193967311006047e-10
Disease	disease_19650	3.0184881883437783e-10
Disease	disease_19651	3.0184881883437783e-10
Disease	disease_19649	3.0184881883437783e-10
Disease	disease_1743	3.0178937391291077e-10
Disease	disease_7734	3.0137684025789096e-10
Disease	disease_2173	3.0123943474321393e-10
Disease	disease_3890	3.0112375707343493e-10
Disease	disease_6226	3.0083322254284224e-10
Disease	disease_30941	3.0073394879798453e-10
Disease	disease_16191	3.005056382841741e-10
Disease	disease_7812	3.0046772728547216e-10
Disease	disease_15109	3.001930550099314e-10
Disease	disease_13231	3.001739040475609e-10
Disease	disease_8781	2.999459530369066e-10
Disease	disease_12274	2.998634269842938e-10
Disease	disease_3572	2.99592518047338e-10
Disease	disease_12051	2.995627117091013e-10
Disease	disease_12604	2.9943186938261754e-10
Disease	disease_5576	2.993262161963759e-10
Disease	disease_8049	2.9912007736968703e-10
Disease	disease_8516	2.990459802761344e-10
Disease	disease_44628	2.990390734985249e-10
Disease	disease_2396	2.989916114669653e-10
Disease	disease_6571	2.9896496987468196e-10
Disease	disease_7663	2.984380343844789e-10
Disease	disease_3141	2.978442851771234e-10
Disease	disease_18942	2.9777553733092284e-10
Disease	disease_9221	2.976625999317664e-10
Disease	disease_2060	2.976402992805131e-10
Disease	disease_24520	2.97576967017688e-10
Disease	disease_12279	2.974887270812983e-10
Disease	disease_21896	2.97483763451364e-10
Disease	disease_20395	2.973070552504469e-10
Disease	disease_9207	2.972724074810712e-10
Disease	disease_12537	2.9717967362268276e-10
Disease	disease_100023	2.9708248240784165e-10
Disease	disease_100027	2.9708248240784165e-10
Disease	disease_100026	2.9708248240784165e-10
Disease	disease_100024	2.9708248240784165e-10
Disease	disease_100025	2.9708248240784165e-10
Disease	disease_13233	2.9697786815038415e-10
Disease	disease_14987	2.966250525163639e-10
Disease	disease_12900	2.965595160332828e-10
Disease	disease_18611	2.9648735593922717e-10
Disease	disease_3445	2.964641936579423e-10
Disease	disease_8624	2.9643209046999765e-10
Disease	disease_304	2.963987466364931e-10
Disease	disease_9806	2.963010083045282e-10
Disease	disease_5671	2.9622707402691943e-10
Disease	disease_4537	2.9608680295882657e-10
Disease	disease_18245	2.96004270217245e-10
Disease	disease_20706	2.9596221224974076e-10
Disease	disease_3927	2.958436956887883e-10
Disease	disease_12376	2.95717022912429e-10
Disease	disease_12375	2.95717022912429e-10
Disease	disease_12195	2.956914226382563e-10
Disease	disease_20354	2.956355559758924e-10
Disease	disease_15455	2.9556462460397393e-10
Disease	disease_19746	2.949454902363828e-10
Disease	disease_14694	2.9470962382483484e-10
Disease	disease_5994	2.947042528655192e-10
Disease	disease_54728	2.9456844336698065e-10
Disease	disease_20685	2.9452414976805836e-10
Disease	disease_6131	2.9444532341646954e-10
Disease	disease_16496	2.943668375994893e-10
Disease	disease_18607	2.9412115687395363e-10
Disease	disease_27353	2.9410518796078116e-10
Disease	disease_23704	2.9398993864585175e-10
Disease	disease_3482	2.938140721001718e-10
Disease	disease_5050	2.9380745838204935e-10
Disease	disease_43346	2.9379929442945674e-10
Disease	disease_5710	2.9379929442945674e-10
Disease	disease_44632	2.937479406685816e-10
Disease	disease_1250	2.9365108841481983e-10
Disease	disease_7225	2.9342224985773166e-10
Disease	disease_14739	2.934142187444356e-10
Disease	disease_3809	2.9313487744068636e-10
Disease	disease_8309	2.931068487575757e-10
Disease	disease_43953	2.928845404298819e-10
Disease	disease_8402	2.924242733674231e-10
Disease	disease_3011	2.924111090115798e-10
Disease	disease_32744	2.9237497116157024e-10
Disease	disease_32826	2.9235893875080445e-10
Disease	disease_4549	2.923203980545142e-10
Disease	disease_5865	2.923203980545142e-10
Disease	disease_1255	2.923203980545142e-10
Disease	disease_3231	2.922904278143888e-10
Disease	disease_11046	2.912596836772416e-10
Disease	disease_10541	2.912521300951743e-10
Disease	disease_18703	2.910714553976545e-10
Disease	disease_19034	2.910714553976545e-10
Disease	disease_21370	2.9105670874565717e-10
Disease	disease_20256	2.908255180310288e-10
Disease	disease_256	2.908048217003001e-10
Disease	disease_10229	2.9062531270602036e-10
Disease	disease_24478	2.9056072716549117e-10
Disease	disease_1620	2.903378836251866e-10
Disease	disease_3737	2.902233817773853e-10
Disease	disease_3042	2.900844257771569e-10
Disease	disease_14758	2.8995827661459045e-10
Disease	disease_33810	2.897633476751976e-10
Disease	disease_44642	2.8976089235868517e-10
Disease	disease_21493	2.891237490915419e-10
Disease	disease_13587	2.890207150325897e-10
Disease	disease_13476	2.8886565770085884e-10
Disease	disease_15206	2.8864786568592394e-10
Disease	disease_485	2.886099527317232e-10
Disease	disease_20462	2.8853691693532013e-10
Disease	disease_15008	2.884895733207212e-10
Disease	disease_15592	2.884351577428187e-10
Disease	disease_12138	2.8836705360303465e-10
Disease	disease_11195	2.88162189216472e-10
Disease	disease_9875	2.8803261827593756e-10
Disease	disease_9011	2.879770904328736e-10
Disease	disease_7281	2.8781480535124737e-10
Disease	disease_13630	2.877104776821298e-10
Disease	disease_6903	2.876836762998181e-10
Disease	disease_11950	2.876799950390639e-10
Disease	disease_14372	2.875855612492238e-10
Disease	disease_21222	2.8757120825430437e-10
Disease	disease_8158	2.872851439294737e-10
Disease	disease_30013	2.871551503840011e-10
Disease	disease_8177	2.87115971313875e-10
Disease	disease_3976	2.8703937317811524e-10
Disease	disease_3591	2.869841051024451e-10
Disease	disease_21492	2.867145216213152e-10
Disease	disease_6081	2.8666128209265304e-10
Disease	disease_33258	2.865768903196407e-10
Disease	disease_4441	2.864873538882474e-10
Disease	disease_1779	2.862874773064947e-10
Disease	disease_21547	2.8626843171036784e-10
Disease	disease_18358	2.861985962240148e-10
Disease	disease_2756	2.8604871154530605e-10
Disease	disease_10996	2.8588811476503217e-10
Disease	disease_2676	2.852944626226124e-10
Disease	disease_16802	2.8523163077872456e-10
Disease	disease_33200	2.85120214341779e-10
Disease	disease_9827	2.8504026650553615e-10
Disease	disease_19500	2.847398786538441e-10
Disease	disease_20539	2.847145342402506e-10
Disease	disease_4035	2.8469509016401674e-10
Disease	disease_13446	2.8464616948411417e-10
Disease	disease_24884	2.845134938317552e-10
Disease	disease_12707	2.844115199731301e-10
Disease	disease_18560	2.843395885917656e-10
Disease	disease_12464	2.8421118828511596e-10
Disease	disease_21727	2.840970475958125e-10
Disease	disease_5490	2.840970475958125e-10
Disease	disease_1856	2.840970475958125e-10
Disease	disease_2641	2.840970475958125e-10
Disease	disease_43187	2.840970475958125e-10
Disease	disease_1646	2.840281500122028e-10
Disease	disease_43164	2.8388932139937113e-10
Disease	disease_29136	2.838223127287022e-10
Disease	disease_2789	2.836675893897692e-10
Disease	disease_17037	2.836659619749997e-10
Disease	disease_3327	2.8353222679441385e-10
Disease	disease_21808	2.835289999739242e-10
Disease	disease_4255	2.834055212974918e-10
Disease	disease_13955	2.8333712105582354e-10
Disease	disease_1876	2.8328737401614006e-10
Disease	disease_21396	2.830660082486019e-10
Disease	disease_14141	2.8304991598118846e-10
Disease	disease_15291	2.829023790471066e-10
Disease	disease_19989	2.8283368738058705e-10
Disease	disease_19988	2.8283368738058705e-10
Disease	disease_7584	2.828094590156861e-10
Disease	disease_18500	2.822077778867352e-10
Disease	disease_16161	2.8220609534787854e-10
Disease	disease_15457	2.8220609534787854e-10
Disease	disease_16522	2.8220609534787854e-10
Disease	disease_1235	2.8213328900670054e-10
Disease	disease_13207	2.817173755652002e-10
Disease	disease_13205	2.817173755652002e-10
Disease	disease_13744	2.8166014343975224e-10
Disease	disease_3857	2.8159280153166053e-10
Disease	disease_32763	2.8144198701092e-10
Disease	disease_19277	2.8137333940586116e-10
Disease	disease_17752	2.8116631613235214e-10
Disease	disease_8807	2.8078198487852443e-10
Disease	disease_19726	2.8078136927543335e-10
Disease	disease_19727	2.8078136927543335e-10
Disease	disease_13472	2.80745897752364e-10
Disease	disease_11524	2.8071742290456663e-10
Disease	disease_11082	2.806694277157251e-10
Disease	disease_12713	2.8062015303011396e-10
Disease	disease_10335	2.806032802632141e-10
Disease	disease_17104	2.802365986235588e-10
Disease	disease_32905	2.8009807180795556e-10
Disease	disease_4489	2.800341922727169e-10
Disease	disease_8934	2.799936303395783e-10
Disease	disease_17084	2.7997500829493147e-10
Disease	disease_9695	2.798433365304467e-10
Disease	disease_4142	2.7982244269994997e-10
Disease	disease_928	2.795655952278667e-10
Disease	disease_19156	2.794180531750421e-10
Disease	disease_13542	2.789524475392835e-10
Disease	disease_9284	2.787872296435071e-10
Disease	disease_981	2.7873439327636753e-10
Disease	disease_12438	2.786382402367973e-10
Disease	disease_37253	2.785926021548669e-10
Disease	disease_11695	2.780931118207607e-10
Disease	disease_11696	2.780931118207607e-10
Disease	disease_16970	2.777522570239362e-10
Disease	disease_17974	2.774995914222039e-10
Disease	disease_14050	2.774744759961953e-10
Disease	disease_20391	2.773954175161477e-10
Disease	disease_8076	2.771028165134857e-10
Disease	disease_14363	2.7691774866773527e-10
Disease	disease_10511	2.7681741473791216e-10
Disease	disease_2795	2.767768829296977e-10
Disease	disease_10426	2.7674963106070027e-10
Disease	disease_16742	2.766727448428327e-10
Disease	disease_10967	2.762597723329704e-10
Disease	disease_30067	2.7597015316492276e-10
Disease	disease_2285	2.7594602419754546e-10
Disease	disease_3759	2.7590774190802427e-10
Disease	disease_8950	2.758187897179885e-10
Disease	disease_11103	2.756912085304378e-10
Disease	disease_37742	2.756764988703173e-10
Disease	disease_6067	2.754885439606165e-10
Disease	disease_18001	2.754752625147457e-10
Disease	disease_19398	2.754253810628156e-10
Disease	disease_5650	2.754201947402221e-10
Disease	disease_19549	2.7539810244160247e-10
Disease	disease_13466	2.752262794004028e-10
Disease	disease_3394	2.7506587714545405e-10
Disease	disease_16156	2.749996500226182e-10
Disease	disease_17523	2.749387259393808e-10
Disease	disease_17524	2.749387259393808e-10
Disease	disease_4936	2.7421359385085124e-10
Disease	disease_6782	2.7421359385085124e-10
Disease	disease_4762	2.7421359385085124e-10
Disease	disease_1808	2.7421359385085124e-10
Disease	disease_1753	2.7421359385085124e-10
Disease	disease_1809	2.7421359385085124e-10
Disease	disease_626	2.739690656797906e-10
Disease	disease_60766	2.739506697672822e-10
Disease	disease_60585	2.739348384470911e-10
Disease	disease_2790	2.737208414396099e-10
Disease	disease_10114	2.7355480711109386e-10
Disease	disease_7024	2.735128606263945e-10
Disease	disease_11109	2.7347825143573654e-10
Disease	disease_13158	2.7343991928480904e-10
Disease	disease_3000	2.7339273272064443e-10
Disease	disease_21169	2.732441485539237e-10
Disease	disease_6845	2.732401618059788e-10
Disease	disease_20664	2.732078210916851e-10
Disease	disease_24293	2.729418830025651e-10
Disease	disease_14090	2.729117927379427e-10
Disease	disease_8811	2.729019999866026e-10
Disease	disease_17943	2.727618042317204e-10
Disease	disease_45018	2.7273375651427067e-10
Disease	disease_10969	2.7256126596302144e-10
Disease	disease_4557	2.724562984594365e-10
Disease	disease_534	2.723676052366776e-10
Disease	disease_4769	2.7236732004942607e-10
Disease	disease_3512	2.7233815822396437e-10
Disease	disease_15750	2.7220451372815377e-10
Disease	disease_2226	2.7214710978346447e-10
Disease	disease_5925	2.7206149519917695e-10
Disease	disease_5122	2.7206149519917695e-10
Disease	disease_18111	2.7206149519917695e-10
Disease	disease_5121	2.7206149519917695e-10
Disease	disease_6929	2.7206149519917695e-10
Disease	disease_18602	2.7206149519917695e-10
Disease	disease_6893	2.719281667360682e-10
Disease	disease_1737	2.7165156370379514e-10
Disease	disease_3762	2.7159247017605364e-10
Disease	disease_11750	2.7126364087006386e-10
Disease	disease_4030	2.710743033378554e-10
Disease	disease_16655	2.7105635052294557e-10
Disease	disease_9362	2.7105344104868384e-10
Disease	disease_14470	2.704944478995214e-10
Disease	disease_4449	2.702959742714919e-10
Disease	disease_4261	2.702959742714919e-10
Disease	disease_24660	2.7008794587634196e-10
Disease	disease_33092	2.69947061826869e-10
Disease	disease_16170	2.6992310992591303e-10
Disease	disease_1878	2.6989621350466674e-10
Disease	disease_9226	2.6979092660227055e-10
Disease	disease_32730	2.69774476878642e-10
Disease	disease_12113	2.6973806089467135e-10
Disease	disease_37738	2.696624491691126e-10
Disease	disease_3392	2.694029515423753e-10
Disease	disease_16953	2.693849841422838e-10
Disease	disease_12302	2.6907661290609395e-10
Disease	disease_5975	2.687765811387982e-10
Disease	disease_11460	2.687526710675993e-10
Disease	disease_12083	2.684662308641704e-10
Disease	disease_12640	2.684082179439196e-10
Disease	disease_9177	2.681843549914196e-10
Disease	disease_16941	2.680956145542071e-10
Disease	disease_19484	2.6798303738803245e-10
Disease	disease_2272	2.6796805448785193e-10
Disease	disease_8534	2.6795596517224727e-10
Disease	disease_22794	2.678131319468537e-10
Disease	disease_3822	2.677443946813802e-10
Disease	disease_3434	2.6724480782267557e-10
Disease	disease_21464	2.6709491073556194e-10
Disease	disease_18147	2.6693903671762876e-10
Disease	disease_18146	2.6693903671762876e-10
Disease	disease_18148	2.6693903671762876e-10
Disease	disease_1524	2.6679851556650535e-10
Disease	disease_1539	2.6675452305378255e-10
Disease	disease_7313	2.658956329550822e-10
Disease	disease_7590	2.658116676775624e-10
Disease	disease_19067	2.6571053333122046e-10
Disease	disease_16184	2.65645452582833e-10
Disease	disease_3820	2.654741679093476e-10
Disease	disease_242	2.6545296547816496e-10
Disease	disease_8770	2.6525154514713113e-10
Disease	disease_7975	2.652368124111116e-10
Disease	disease_14560	2.649720083617943e-10
Disease	disease_29145	2.6491327711660896e-10
Disease	disease_4881	2.64682242278734e-10
Disease	disease_2644	2.64682242278734e-10
Disease	disease_20083	2.6466587104672694e-10
Disease	disease_18180	2.6432460844308146e-10
Disease	disease_11675	2.6425567793697176e-10
Disease	disease_16176	2.6417261785786703e-10
Disease	disease_30864	2.6416745851612963e-10
Disease	disease_24608	2.639345411521961e-10
Disease	disease_4794	2.63888045410864e-10
Disease	disease_17151	2.638190203559698e-10
Disease	disease_11615	2.633966715986143e-10
Disease	disease_4551	2.6338049388388035e-10
Disease	disease_9979	2.633062943620806e-10
Disease	disease_3717	2.6313964090390454e-10
Disease	disease_43314	2.6307333296802397e-10
Disease	disease_17011	2.630007821724127e-10
Disease	disease_25354	2.629641348481314e-10
Disease	disease_30926	2.629641348481314e-10
Disease	disease_30989	2.629641348481314e-10
Disease	disease_44092	2.628493786465831e-10
Disease	disease_3250	2.628245932580225e-10
Disease	disease_10218	2.6280807989434657e-10
Disease	disease_20307	2.625460173440842e-10
Disease	disease_3926	2.624688504614215e-10
Disease	disease_3893	2.621432085475583e-10
Disease	disease_32871	2.6161181038205605e-10
Disease	disease_8416	2.6143705041554304e-10
Disease	disease_24934	2.6126472107064656e-10
Disease	disease_4306	2.610487160268478e-10
Disease	disease_10423	2.6102553817660867e-10
Disease	disease_18483	2.607767273142555e-10
Disease	disease_16141	2.6076766187132505e-10
Disease	disease_1861	2.605173603416287e-10
Disease	disease_1862	2.605173603416287e-10
Disease	disease_31014	2.60409434520705e-10
Disease	disease_16185	2.603731476380011e-10
Disease	disease_5118	2.602878000310596e-10
Disease	disease_30962	2.6027027207190477e-10
Disease	disease_21641	2.598881416466284e-10
Disease	disease_9654	2.595652418443746e-10
Disease	disease_11136	2.5917933471042776e-10
Disease	disease_18431	2.5917924359206666e-10
Disease	disease_19880	2.591719024044941e-10
Disease	disease_8002	2.591172552670877e-10
Disease	disease_100011	2.590415802083706e-10
Disease	disease_2140	2.590371292486186e-10
Disease	disease_32827	2.589306272114309e-10
Disease	disease_9761	2.5845190058144196e-10
Disease	disease_4216	2.5814384836768943e-10
Disease	disease_9601	2.5783646455450873e-10
Disease	disease_3993	2.578144682939105e-10
Disease	disease_14390	2.5751661483217066e-10
Disease	disease_6141	2.568845227398273e-10
Disease	disease_5908	2.5637220948785514e-10
Disease	disease_3715	2.5632312131192354e-10
Disease	disease_6923	2.5619214883653023e-10
Disease	disease_44406	2.5613782103939743e-10
Disease	disease_15619	2.5604589855238414e-10
Disease	disease_29130	2.5589907223892347e-10
Disease	disease_13671	2.5589867043680656e-10
Disease	disease_21398	2.558415099384925e-10
Disease	disease_13985	2.557966453217024e-10
Disease	disease_4616	2.554896596960674e-10
Disease	disease_11672	2.554731120315319e-10
Disease	disease_15769	2.551684142313039e-10
Disease	disease_32757	2.551675170529233e-10
Disease	disease_2552	2.5511221945149346e-10
Disease	disease_21221	2.5447281080649707e-10
Disease	disease_5605	2.542045754563523e-10
Disease	disease_20742	2.540029346293326e-10
Disease	disease_16381	2.537850574484152e-10
Disease	disease_11102	2.536156821606149e-10
Disease	disease_33838	2.5347140627295e-10
Disease	disease_15742	2.5338864619462453e-10
Disease	disease_1699	2.533871214196199e-10
Disease	disease_8372	2.533380855727466e-10
Disease	disease_33967	2.531232603021327e-10
Disease	disease_10102	2.531018154095997e-10
Disease	disease_16935	2.5291120896605905e-10
Disease	disease_3088	2.5287447185214687e-10
Disease	disease_483	2.528083652893894e-10
Disease	disease_481	2.528083652893894e-10
Disease	disease_3755	2.527854529274759e-10
Disease	disease_7223	2.5270390913919177e-10
Disease	disease_14130	2.5257522435290457e-10
Disease	disease_21490	2.5233127998525996e-10
Disease	disease_11015	2.5220638833853184e-10
Disease	disease_16661	2.522060534749184e-10
Disease	disease_32792	2.5186904236308926e-10
Disease	disease_225	2.517474244557011e-10
Disease	disease_17452	2.517168608002933e-10
Disease	disease_4854	2.516759816420012e-10
Disease	disease_13129	2.5159078868499206e-10
Disease	disease_4475	2.515749555767816e-10
Disease	disease_4297	2.515749555767816e-10
Disease	disease_6189	2.508408561516834e-10
Disease	disease_1084	2.507465108435328e-10
Disease	disease_4206	2.503190898415027e-10
Disease	disease_1283	2.501918485599102e-10
Disease	disease_1598	2.5012639648460284e-10
Disease	disease_8058	2.5009768384018925e-10
Disease	disease_7364	2.5008374917450206e-10
Disease	disease_2377	2.500627693849057e-10
Disease	disease_2371	2.500627693849057e-10
Disease	disease_4150	2.500627693849057e-10
Disease	disease_54561	2.5005428340947814e-10
Disease	disease_7224	2.499390476484548e-10
Disease	disease_23563	2.4987743441479693e-10
Disease	disease_21474	2.498054562467765e-10
Disease	disease_4111	2.4951996725245673e-10
Disease	disease_3272	2.494259850171962e-10
Disease	disease_10750	2.4937743705431967e-10
Disease	disease_3887	2.4937113465949563e-10
Disease	disease_18779	2.4935167482251526e-10
Disease	disease_13859	2.492151746392186e-10
Disease	disease_7166	2.491448102462073e-10
Disease	disease_16143	2.4914213013658226e-10
Disease	disease_100108	2.4912639097952184e-10
Disease	disease_1375	2.4884612974181124e-10
Disease	disease_16152	2.487423957652769e-10
Disease	disease_3370	2.485858317840865e-10
Disease	disease_13729	2.4848081007978203e-10
Disease	disease_4903	2.484186548291226e-10
Disease	disease_17134	2.483911754679194e-10
Disease	disease_14798	2.4832535762987197e-10
Disease	disease_3343	2.482975015234871e-10
Disease	disease_14508	2.4828604947565994e-10
Disease	disease_13063	2.4817578270451864e-10
Disease	disease_16940	2.4807429202855306e-10
Disease	disease_2997	2.4797902427663547e-10
Disease	disease_7878	2.4796972996212563e-10
Disease	disease_6780	2.479099047668362e-10
Disease	disease_4860	2.4781393900138116e-10
Disease	disease_18643	2.4773624491025777e-10
Disease	disease_20322	2.4762868573803917e-10
Disease	disease_13975	2.4718621651057764e-10
Disease	disease_10755	2.471757741346595e-10
Disease	disease_12968	2.468404911974763e-10
Disease	disease_9895	2.4662261292036613e-10
Disease	disease_13067	2.465668630845116e-10
Disease	disease_6255	2.4651472477389997e-10
Disease	disease_14571	2.464166672424522e-10
Disease	disease_18625	2.462096124639937e-10
Disease	disease_18581	2.462096124639937e-10
Disease	disease_18629	2.462096124639937e-10
Disease	disease_3741	2.460363464551335e-10
Disease	disease_4548	2.460363464551335e-10
Disease	disease_25089	2.460071013491782e-10
Disease	disease_25096	2.460071013491782e-10
Disease	disease_2198	2.458553027892558e-10
Disease	disease_24358	2.455345933883025e-10
Disease	disease_6444	2.45526569566783e-10
Disease	disease_12333	2.452486636520363e-10
Disease	disease_24886	2.452389960250758e-10
Disease	disease_4642	2.4520966227363595e-10
Disease	disease_17451	2.4515868283414523e-10
Disease	disease_2092	2.4511083195352373e-10
Disease	disease_3351	2.451035664024619e-10
Disease	disease_3426	2.4509063058318704e-10
Disease	disease_20765	2.446717709184496e-10
Disease	disease_7771	2.446204757321469e-10
Disease	disease_42370	2.445322635294916e-10
Disease	disease_6156	2.444747318686646e-10
Disease	disease_424	2.444722932483522e-10
Disease	disease_37938	2.444511788113046e-10
Disease	disease_40698	2.443462158194669e-10
Disease	disease_22985	2.4420092107509885e-10
Disease	disease_9764	2.441284463897779e-10
Disease	disease_16182	2.440036789276075e-10
Disease	disease_17931	2.4399797880845365e-10
Disease	disease_7490	2.4388796138284646e-10
Disease	disease_25013	2.4385331244121156e-10
Disease	disease_18318	2.4383400898796437e-10
Disease	disease_14945	2.4323869919901307e-10
Disease	disease_3472	2.429209588882888e-10
Disease	disease_19132	2.4237589932502096e-10
Disease	disease_3760	2.42296959202796e-10
Disease	disease_3586	2.4201964442697433e-10
Disease	disease_21645	2.418239769470538e-10
Disease	disease_7857	2.413961433316686e-10
Disease	disease_6884	2.410786659062152e-10
Disease	disease_19998	2.408238943832959e-10
Disease	disease_2655	2.4044987132131915e-10
Disease	disease_1426	2.4040056544453756e-10
Disease	disease_7860	2.4033727624418467e-10
Disease	disease_24245	2.401214014578652e-10
Disease	disease_23039	2.401214014578652e-10
Disease	disease_20786	2.400954045580638e-10
Disease	disease_21337	2.400856005003269e-10
Disease	disease_15864	2.400592926074208e-10
Disease	disease_12671	2.400155282152587e-10
Disease	disease_20649	2.398550505821787e-10
Disease	disease_16990	2.3980122473027586e-10
Disease	disease_19327	2.3975393722412026e-10
Disease	disease_12709	2.396413469755099e-10
Disease	disease_4636	2.3960086143836145e-10
Disease	disease_9334	2.3928980809029917e-10
Disease	disease_9471	2.391428842026974e-10
Disease	disease_30854	2.3908675313535914e-10
Disease	disease_14765	2.3891920715695747e-10
Disease	disease_17460	2.3834437218250623e-10
Disease	disease_44685	2.3833945000927363e-10
Disease	disease_7683	2.3832327910139776e-10
Disease	disease_16151	2.382953674182755e-10
Disease	disease_9680	2.382688042135495e-10
Disease	disease_43120	2.3825905862882903e-10
Disease	disease_22737	2.3805985847272344e-10
Disease	disease_33566	2.3804561203495985e-10
Disease	disease_3791	2.3790767740550335e-10
Disease	disease_17336	2.379013939247177e-10
Disease	disease_4176	2.37826400501332e-10
Disease	disease_639	2.3766832308482733e-10
Disease	disease_12309	2.376054196733863e-10
Disease	disease_21607	2.3759684468863096e-10
Disease	disease_12972	2.375331564331826e-10
Disease	disease_12681	2.375331564331826e-10
Disease	disease_5325	2.3734850929920105e-10
Disease	disease_100075	2.3734850929920105e-10
Disease	disease_26767	2.37270112970024e-10
Disease	disease_17835	2.371777496838598e-10
Disease	disease_37252	2.371694182363094e-10
Disease	disease_3896	2.3711287778302824e-10
Disease	disease_4819	2.368782579558162e-10
Disease	disease_25514	2.3671225791752663e-10
Disease	disease_14540	2.36711545588434e-10
Disease	disease_14509	2.3665485093597373e-10
Disease	disease_14220	2.365283089378684e-10
Disease	disease_11491	2.363631211911081e-10
Disease	disease_12003	2.3588223895144607e-10
Disease	disease_14161	2.358743198511556e-10
Disease	disease_13684	2.358743198511556e-10
Disease	disease_13683	2.358743198511556e-10
Disease	disease_13682	2.358743198511556e-10
Disease	disease_3995	2.358542824861351e-10
Disease	disease_21067	2.3584060554878154e-10
Disease	disease_14277	2.358246246325145e-10
Disease	disease_8984	2.3572754002681717e-10
Disease	disease_3373	2.3542894880872184e-10
Disease	disease_1269	2.3529685666525153e-10
Disease	disease_4390	2.3529685666525153e-10
Disease	disease_20475	2.352893528208855e-10
Disease	disease_30720	2.351554657832179e-10
Disease	disease_17843	2.3514131915781243e-10
Disease	disease_11083	2.3503591291237956e-10
Disease	disease_1050	2.350279110732025e-10
Disease	disease_19538	2.348383789146846e-10
Disease	disease_1172	2.347788633859012e-10
Disease	disease_16441	2.346536446361983e-10
Disease	disease_4444	2.3447709720670993e-10
Disease	disease_4445	2.3447709720670993e-10
Disease	disease_3810	2.3447709720670993e-10
Disease	disease_60765	2.344189688749904e-10
Disease	disease_13604	2.342099065193321e-10
Disease	disease_30971	2.341298319775143e-10
Disease	disease_30898	2.341298319775143e-10
Disease	disease_30981	2.341298319775143e-10
Disease	disease_30973	2.341298319775143e-10
Disease	disease_15232	2.3406432718573026e-10
Disease	disease_16095	2.3402672360460546e-10
Disease	disease_10614	2.3397544108006457e-10
Disease	disease_4442	2.333538038830554e-10
Disease	disease_20687	2.3326671677229387e-10
Disease	disease_19652	2.3323512173573237e-10
Disease	disease_19654	2.3323512173573237e-10
Disease	disease_19653	2.3323512173573237e-10
Disease	disease_8026	2.3314620278332994e-10
Disease	disease_4458	2.3287457341322817e-10
Disease	disease_3938	2.3287457341322817e-10
Disease	disease_2750	2.3287457341322817e-10
Disease	disease_9638	2.3279259498857316e-10
Disease	disease_1323	2.3242696905555024e-10
Disease	disease_2865	2.3241100068101683e-10
Disease	disease_16993	2.322806876170335e-10
Disease	disease_2073	2.3207035481432867e-10
Disease	disease_60671	2.3198317570771763e-10
Disease	disease_17429	2.3185844093780885e-10
Disease	disease_14032	2.3175442849800783e-10
Disease	disease_6307	2.3172132532484418e-10
Disease	disease_5179	2.3172132532484418e-10
Disease	disease_3433	2.3172132532484418e-10
Disease	disease_3431	2.3172132532484418e-10
Disease	disease_10905	2.317168215146229e-10
Disease	disease_24950	2.3165109105453704e-10
Disease	disease_11712	2.316444931934699e-10
Disease	disease_12903	2.31324703072689e-10
Disease	disease_16036	2.312631045755955e-10
Disease	disease_12976	2.307923102727407e-10
Disease	disease_1217	2.305097212256255e-10
Disease	disease_16392	2.304756861659356e-10
Disease	disease_1615	2.3043452152864515e-10
Disease	disease_12282	2.3039586836744717e-10
Disease	disease_20357	2.3010636456291066e-10
Disease	disease_24981	2.2974002415756463e-10
Disease	disease_32677	2.2954131245404422e-10
Disease	disease_7392	2.2952087017159148e-10
Disease	disease_6897	2.2949358479380096e-10
Disease	disease_6989	2.2949358479380096e-10
Disease	disease_1338	2.2949358479380096e-10
Disease	disease_20453	2.2948246390053793e-10
Disease	disease_45016	2.2944486494194394e-10
Disease	disease_2341	2.2943257572993888e-10
Disease	disease_32753	2.2888421525206228e-10
Disease	disease_8994	2.2846050824248587e-10
Disease	disease_10915	2.2845161091756952e-10
Disease	disease_4017	2.2845074543585866e-10
Disease	disease_17765	2.2842100496576535e-10
Disease	disease_25505	2.2836089942819783e-10
Disease	disease_5214	2.282063480733795e-10
Disease	disease_11276	2.2808120229184544e-10
Disease	disease_13023	2.2808120229184544e-10
Disease	disease_12022	2.2808120229184544e-10
Disease	disease_12478	2.2808120229184544e-10
Disease	disease_6980	2.2802661756273182e-10
Disease	disease_44748	2.2794217000283957e-10
Disease	disease_4943	2.2793914488204284e-10
Disease	disease_3777	2.2787568311500304e-10
Disease	disease_17235	2.2780089610218023e-10
Disease	disease_17798	2.2780089610218023e-10
Disease	disease_16675	2.2770693409367814e-10
Disease	disease_1592	2.2753403623707218e-10
Disease	disease_12217	2.2710536817108193e-10
Disease	disease_16223	2.2684724278304416e-10
Disease	disease_6742	2.2674554682823937e-10
Disease	disease_3092	2.267060135557778e-10
Disease	disease_16015	2.2664521075399537e-10
Disease	disease_11286	2.266376256008744e-10
Disease	disease_11392	2.266376256008744e-10
Disease	disease_1887	2.2637770583626772e-10
Disease	disease_13714	2.263117048177135e-10
Disease	disease_11757	2.2616127699210273e-10
Disease	disease_18688	2.2600889383746126e-10
Disease	disease_34127	2.2600889383746126e-10
Disease	disease_10242	2.2591407380088887e-10
Disease	disease_15839	2.259033251867048e-10
Disease	disease_6450	2.257123188578779e-10
Disease	disease_12452	2.2557569092247595e-10
Disease	disease_1099	2.254487071202519e-10
Disease	disease_11839	2.2491184649894805e-10
Disease	disease_479	2.2487309913717535e-10
Disease	disease_17303	2.2468510709296683e-10
Disease	disease_30855	2.2434169777477413e-10
Disease	disease_4037	2.243202696549964e-10
Disease	disease_2653	2.24201787929937e-10
Disease	disease_3164	2.2404300322478433e-10
Disease	disease_4465	2.2401578546801658e-10
Disease	disease_4386	2.2394687839487266e-10
Disease	disease_11723	2.2390241928258e-10
Disease	disease_12401	2.237753367074639e-10
Disease	disease_7115	2.2356242244795588e-10
Disease	disease_14635	2.2356195954113698e-10
Disease	disease_13698	2.2327434265979217e-10
Disease	disease_100102	2.2319565662763385e-10
Disease	disease_11799	2.2314414080489857e-10
Disease	disease_13738	2.2314414080489857e-10
Disease	disease_15405	2.2312863817879363e-10
Disease	disease_4637	2.2289256089772924e-10
Disease	disease_15801	2.2270247772491472e-10
Disease	disease_10642	2.2266694092757876e-10
Disease	disease_2574	2.2256375912846382e-10
Disease	disease_1005	2.2255809928884883e-10
Disease	disease_18676	2.2233182869584565e-10
Disease	disease_18674	2.2233182869584565e-10
Disease	disease_54860	2.2209616357636224e-10
Disease	disease_3171	2.220023950334703e-10
Disease	disease_1776	2.2194244833820688e-10
Disease	disease_5878	2.218767231757746e-10
Disease	disease_3253	2.21718493459232e-10
Disease	disease_18981	2.2171429479334925e-10
Disease	disease_100104	2.2164428605007348e-10
Disease	disease_16322	2.2146307953751543e-10
Disease	disease_17789	2.2117908482808844e-10
Disease	disease_17299	2.2117908482808844e-10
Disease	disease_950	2.2117908482808844e-10
Disease	disease_4861	2.2117908482808844e-10
Disease	disease_17204	2.2117908482808844e-10
Disease	disease_18486	2.2117908482808844e-10
Disease	disease_19765	2.2115123688405333e-10
Disease	disease_3319	2.2111584800871152e-10
Disease	disease_22321	2.2110123734262597e-10
Disease	disease_8205	2.2102134274317563e-10
Disease	disease_10841	2.2101117133629494e-10
Disease	disease_21086	2.2097029769518156e-10
Disease	disease_14738	2.2063321574578448e-10
Disease	disease_16153	2.2060707526444512e-10
Disease	disease_2852	2.2052519702548244e-10
Disease	disease_379	2.2051017647447614e-10
Disease	disease_32749	2.2037306884021855e-10
Disease	disease_19108	2.2034626838295217e-10
Disease	disease_3933	2.2003049120076513e-10
Disease	disease_16061	2.199378360404897e-10
Disease	disease_37870	2.198832438023876e-10
Disease	disease_20777	2.1976218950465009e-10
Disease	disease_13929	2.1973554221199492e-10
Disease	disease_5679	2.1940179442748154e-10
Disease	disease_5809	2.1940179442748154e-10
Disease	disease_24971	2.1940179442748154e-10
Disease	disease_5765	2.1940179442748154e-10
Disease	disease_25003	2.1940179442748154e-10
Disease	disease_5734	2.1940179442748154e-10
Disease	disease_5750	2.1940179442748154e-10
Disease	disease_25459	2.1940179442748154e-10
Disease	disease_6747	2.1940179442748154e-10
Disease	disease_25510	2.1940179442748154e-10
Disease	disease_24935	2.1940179442748154e-10
Disease	disease_5811	2.1940179442748154e-10
Disease	disease_6051	2.1940179442748154e-10
Disease	disease_24953	2.1940179442748154e-10
Disease	disease_5581	2.1940179442748154e-10
Disease	disease_5675	2.1940179442748154e-10
Disease	disease_6237	2.1932878077828095e-10
Disease	disease_16137	2.1912732903129788e-10
Disease	disease_989	2.1900391397446526e-10
Disease	disease_16049	2.189797866576205e-10
Disease	disease_6948	2.18880878174857e-10
Disease	disease_239	2.186734136393249e-10
Disease	disease_1704	2.1857951305857104e-10
Disease	disease_1996	2.1857459910750223e-10
Disease	disease_1686	2.1857459910750223e-10
Disease	disease_11591	2.185631023650501e-10
Disease	disease_21548	2.185631023650501e-10
Disease	disease_12327	2.185017817439852e-10
Disease	disease_3654	2.1847655527668578e-10
Disease	disease_7245	2.1836400985185553e-10
Disease	disease_3710	2.182974662305971e-10
Disease	disease_21288	2.1827158643098711e-10
Disease	disease_11171	2.1821370730822592e-10
Disease	disease_16171	2.1796652843025105e-10
Disease	disease_4501	2.178932096993569e-10
Disease	disease_6423	2.1778933595141786e-10
Disease	disease_41366	2.1773360471079477e-10
Disease	disease_3481	2.1734854511799435e-10
Disease	disease_10566	2.1723901238884782e-10
Disease	disease_10569	2.1683987351253656e-10
Disease	disease_5312	2.1655616237738386e-10
Disease	disease_16181	2.164363258775934e-10
Disease	disease_16859	2.1629711998827064e-10
Disease	disease_16858	2.1629711998827064e-10
Disease	disease_519	2.162953947923079e-10
Disease	disease_3026	2.1616485437136605e-10
Disease	disease_3721	2.1584030023019456e-10
Disease	disease_15845	2.1573764701687057e-10
Disease	disease_15844	2.1573764701687057e-10
Disease	disease_17332	2.156343862955933e-10
Disease	disease_4924	2.1535396060224288e-10
Disease	disease_10021	2.151759977560157e-10
Disease	disease_1719	2.1504467019098154e-10
Disease	disease_12306	2.1504233294798118e-10
Disease	disease_21458	2.1493739554534677e-10
Disease	disease_16144	2.148975726837698e-10
Disease	disease_8469	2.1485017474892258e-10
Disease	disease_21764	2.1472222695958091e-10
Disease	disease_37254	2.1444861288917404e-10
Disease	disease_13746	2.1419399151416792e-10
Disease	disease_6351	2.1404168750701807e-10
Disease	disease_21482	2.1403005000045815e-10
Disease	disease_4174	2.140093074894449e-10
Disease	disease_4019	2.140093074894449e-10
Disease	disease_4175	2.140093074894449e-10
Disease	disease_4220	2.140093074894449e-10
Disease	disease_21009	2.1398591340988145e-10
Disease	disease_23250	2.1358311190573022e-10
Disease	disease_4044	2.1353341343892988e-10
Disease	disease_1335	2.1299127017508824e-10
Disease	disease_11987	2.1295810895479737e-10
Disease	disease_43156	2.1272269982944308e-10
Disease	disease_14022	2.126013586996502e-10
Disease	disease_20581	2.125844732523308e-10
Disease	disease_2695	2.123925921902266e-10
Disease	disease_44970	2.1233868186970224e-10
Disease	disease_10371	2.1225385377571694e-10
Disease	disease_20203	2.122493499554132e-10
Disease	disease_54867	2.1216742424855184e-10
Disease	disease_21582	2.1207872025875393e-10
Disease	disease_43123	2.1203862960735375e-10
Disease	disease_11595	2.1178619944659852e-10
Disease	disease_7177	2.1169121573715708e-10
Disease	disease_17948	2.1162630147643062e-10
Disease	disease_12219	2.1150107500787786e-10
Disease	disease_15831	2.113864786720779e-10
Disease	disease_11104	2.1125320671077515e-10
Disease	disease_24262	2.1113029208344165e-10
Disease	disease_21109	2.110021485133248e-10
Disease	disease_15136	2.1097237902861218e-10
Disease	disease_54869	2.1088304631940878e-10
Disease	disease_25163	2.1078082976230678e-10
Disease	disease_25100	2.1078082976230678e-10
Disease	disease_25489	2.1078082976230678e-10
Disease	disease_21368	2.1051770946555597e-10
Disease	disease_3853	2.1051156397605302e-10
Disease	disease_12993	2.1048666945941053e-10
Disease	disease_4473	2.104663381243104e-10
Disease	disease_10252	2.1029485515218885e-10
Disease	disease_5939	2.1027764584332785e-10
Disease	disease_21879	2.102554262895977e-10
Disease	disease_17603	2.102554262895977e-10
Disease	disease_2855	2.1016955040690156e-10
Disease	disease_21008	2.1012831995780196e-10
Disease	disease_2448	2.1004152712140568e-10
Disease	disease_20205	2.0994588176998777e-10
Disease	disease_4944	2.0992018425873598e-10
Disease	disease_10876	2.0947596453820427e-10
Disease	disease_4223	2.0929154195049756e-10
Disease	disease_25114	2.0911196196532947e-10
Disease	disease_33620	2.0909419153489158e-10
Disease	disease_2718	2.090597091479435e-10
Disease	disease_912	2.0898421191870173e-10
Disease	disease_12370	2.0898421191870173e-10
Disease	disease_11279	2.0898421191870173e-10
Disease	disease_11360	2.0898421191870173e-10
Disease	disease_11602	2.0898421191870173e-10
Disease	disease_20979	2.0886274002206204e-10
Disease	disease_6420	2.0879696268564712e-10
Disease	disease_2638	2.087670151374387e-10
Disease	disease_10688	2.0869414267344437e-10
Disease	disease_17197	2.085951069295434e-10
Disease	disease_7707	2.081809447572236e-10
Disease	disease_20733	2.0797244721618609e-10
Disease	disease_20113	2.0787265197039938e-10
Disease	disease_17659	2.078447710075536e-10
Disease	disease_9708	2.07790687686656e-10
Disease	disease_1418	2.0763319752413916e-10
Disease	disease_18014	2.07590573393351e-10
Disease	disease_11235	2.075710638960239e-10
Disease	disease_12002	2.0738701118199404e-10
Disease	disease_13365	2.0738701118199404e-10
Disease	disease_13010	2.0738701118199404e-10
Disease	disease_12418	2.0738701118199404e-10
Disease	disease_13250	2.0738701118199404e-10
Disease	disease_11991	2.0738701118199404e-10
Disease	disease_3032	2.0723652710681196e-10
Disease	disease_1758	2.0719665828477235e-10
Disease	disease_11564	2.0689248798619039e-10
Disease	disease_11346	2.0684693267632404e-10
Disease	disease_15348	2.0652354526408328e-10
Disease	disease_6154	2.063849099640143e-10
Disease	disease_16864	2.0618049187578516e-10
Disease	disease_3698	2.059976337005402e-10
Disease	disease_20358	2.0599333239550808e-10
Disease	disease_501	2.059348015908469e-10
Disease	disease_20707	2.0592204153578696e-10
Disease	disease_44001	2.0592204153578696e-10
Disease	disease_43765	2.0592204153578696e-10
Disease	disease_7894	2.0571681171952098e-10
Disease	disease_19605	2.056745275192491e-10
Disease	disease_37872	2.056729393250868e-10
Disease	disease_4338	2.055265379698806e-10
Disease	disease_6720	2.0549978230446378e-10
Disease	disease_2221	2.0548704884700274e-10
Disease	disease_17034	2.0539636568673584e-10
Disease	disease_43923	2.050169943667346e-10
Disease	disease_15702	2.0499723500297697e-10
Disease	disease_346	2.0494935729387311e-10
Disease	disease_284	2.0494935729387311e-10
Disease	disease_283	2.0494935729387311e-10
Disease	disease_8510	2.047493105843437e-10
Disease	disease_13156	2.046417613091927e-10
Disease	disease_15093	2.0447677664705216e-10
Disease	disease_12267	2.0441611302461113e-10
Disease	disease_11616	2.0441611302461113e-10
Disease	disease_21453	2.0436740928682458e-10
Disease	disease_7437	2.0419535389505986e-10
Disease	disease_44981	2.0409861420150227e-10
Disease	disease_1728	2.0400331749338781e-10
Disease	disease_1729	2.0400331749338781e-10
Disease	disease_1727	2.0400331749338781e-10
Disease	disease_18813	2.0394124733405857e-10
Disease	disease_1578	2.0343050032687848e-10
Disease	disease_18987	2.0343050032687848e-10
Disease	disease_2946	2.0343050032687848e-10
Disease	disease_4169	2.0343050032687848e-10
Disease	disease_1888	2.0334250073705576e-10
Disease	disease_200000	2.032806520252331e-10
Disease	disease_10591	2.0304464779836831e-10
Disease	disease_20837	2.0293800598680337e-10
Disease	disease_32806	2.0261022122215427e-10
Disease	disease_3208	2.0258308381769126e-10
Disease	disease_19604	2.0254143594594652e-10
Disease	disease_836	2.0230526671852611e-10
Disease	disease_30996	2.022501480938616e-10
Disease	disease_12006	2.0203062754491392e-10
Disease	disease_1387	2.0198212402179946e-10
Disease	disease_20182	2.0192427937960495e-10
Disease	disease_1449	2.0179222395586247e-10
Disease	disease_7202	2.0155680683992e-10
Disease	disease_20375	2.015500527422633e-10
Disease	disease_9148	2.0133041555165366e-10
Disease	disease_16323	2.0115846231379317e-10
Disease	disease_18603	2.0115846231379317e-10
Disease	disease_5125	2.0090157427737645e-10
Disease	disease_5127	2.0090157427737645e-10
Disease	disease_5126	2.0090157427737645e-10
Disease	disease_13257	2.0090157427737645e-10
Disease	disease_1391	2.0090157427737645e-10
Disease	disease_12358	2.0090157427737645e-10
Disease	disease_8662	2.0072033556433273e-10
Disease	disease_9786	2.0024950509886915e-10
Disease	disease_17930	2.0015407192898272e-10
Disease	disease_11620	2.0015407192898272e-10
Disease	disease_6328	1.9993745518617865e-10
Disease	disease_10197	1.991515073791957e-10
Disease	disease_3819	1.9865744498227353e-10
Disease	disease_13941	1.985784394443459e-10
Disease	disease_12655	1.9848837884056112e-10
Disease	disease_21175	1.9844741010513066e-10
Disease	disease_18885	1.9842549232453794e-10
Disease	disease_40872	1.9835863457697096e-10
Disease	disease_4863	1.9822476806353613e-10
Disease	disease_32732	1.9815847168566753e-10
Disease	disease_32740	1.9815847168566753e-10
Disease	disease_32776	1.9815847168566753e-10
Disease	disease_30905	1.9815847168566753e-10
Disease	disease_6436	1.9791907074393847e-10
Disease	disease_12025	1.978918227323761e-10
Disease	disease_4321	1.9763019063647217e-10
Disease	disease_11519	1.9736975607696057e-10
Disease	disease_7282	1.9733635711187408e-10
Disease	disease_9489	1.9731899584529371e-10
Disease	disease_1396	1.972503749947366e-10
Disease	disease_9351	1.96984644923765e-10
Disease	disease_17047	1.9676586259339247e-10
Disease	disease_44622	1.9676586259339247e-10
Disease	disease_16945	1.9671446549902635e-10
Disease	disease_12760	1.9666230133704857e-10
Disease	disease_100106	1.9666230133704857e-10
Disease	disease_11753	1.9666230133704857e-10
Disease	disease_12338	1.9666230133704857e-10
Disease	disease_16666	1.961547124156361e-10
Disease	disease_16201	1.9606926605997264e-10
Disease	disease_32717	1.9600298888805424e-10
Disease	disease_60489	1.9599645942203078e-10
Disease	disease_1789	1.9575118224467715e-10
Disease	disease_4490	1.9552854324414837e-10
Disease	disease_10223	1.952168955368877e-10
Disease	disease_19318	1.9520903833031205e-10
Disease	disease_19319	1.9520903833031205e-10
Disease	disease_4463	1.9490977496860796e-10
Disease	disease_1480	1.9452799181145176e-10
Disease	disease_1472	1.9452799181145176e-10
Disease	disease_17544	1.9445882636061763e-10
Disease	disease_6930	1.9423546011341632e-10
Disease	disease_18573	1.9396540217429755e-10
Disease	disease_11884	1.9362027285383134e-10
Disease	disease_5785	1.936169489139938e-10
Disease	disease_5676	1.935318630234858e-10
Disease	disease_6050	1.9346686467515787e-10
Disease	disease_5063	1.9346686467515787e-10
Disease	disease_4288	1.9346686467515787e-10
Disease	disease_8374	1.9341598829042428e-10
Disease	disease_19396	1.933341523682176e-10
Disease	disease_12891	1.9321421806704605e-10
Disease	disease_32794	1.9318430892394803e-10
Disease	disease_13795	1.9311584423322345e-10
Disease	disease_16857	1.9296791743910421e-10
Disease	disease_17493	1.9289839900882836e-10
Disease	disease_17492	1.9289839900882836e-10
Disease	disease_5832	1.9262444639725685e-10
Disease	disease_2323	1.9256226786778112e-10
Disease	disease_20731	1.924947119088989e-10
Disease	disease_5913	1.924947119088989e-10
Disease	disease_2479	1.9246069336491919e-10
Disease	disease_21099	1.924006256641148e-10
Disease	disease_19969	1.9206694323673357e-10
Disease	disease_702	1.9202659666566215e-10
Disease	disease_21472	1.9193593205552105e-10
Disease	disease_21158	1.91898521689038e-10
Disease	disease_16417	1.9187586997628863e-10
Disease	disease_5988	1.9175347519469524e-10
Disease	disease_5899	1.915934701066677e-10
Disease	disease_1337	1.9154339108883611e-10
Disease	disease_12237	1.9144973904143927e-10
Disease	disease_16220	1.9116784947231909e-10
Disease	disease_18337	1.9103227850494165e-10
Disease	disease_4852	1.9100228589774476e-10
Disease	disease_14426	1.9098461779073128e-10
Disease	disease_2745	1.9089904096699835e-10
Disease	disease_5714	1.9075600383033367e-10
Disease	disease_21131	1.9073659262646532e-10
Disease	disease_4832	1.9059274640484e-10
Disease	disease_3365	1.90464488133251e-10
Disease	disease_16544	1.9044189461719953e-10
Disease	disease_18672	1.9044189461719953e-10
Disease	disease_3671	1.9041307207366145e-10
Disease	disease_21467	1.9037953950441998e-10
Disease	disease_4447	1.900932015314737e-10
Disease	disease_18621	1.8995389798516481e-10
Disease	disease_4028	1.8968211593645523e-10
Disease	disease_5204	1.8957211521056132e-10
Disease	disease_9682	1.8949049714373732e-10
Disease	disease_13665	1.8944260365641732e-10
Disease	disease_15525	1.892861690441195e-10
Disease	disease_3801	1.8912433753384105e-10
Disease	disease_9236	1.8911063665837485e-10
Disease	disease_17983	1.887785016760371e-10
Disease	disease_3095	1.8877596848413588e-10
Disease	disease_30604	1.8851499947609285e-10
Disease	disease_3403	1.8843646924922406e-10
Disease	disease_12462	1.8817590059381572e-10
Disease	disease_12965	1.8810418659854903e-10
Disease	disease_8985	1.8770947231758914e-10
Disease	disease_43191	1.8759872761035734e-10
Disease	disease_7879	1.871121224785001e-10
Disease	disease_13648	1.8693632941185496e-10
Disease	disease_19317	1.868417569781588e-10
Disease	disease_11395	1.8643817370690928e-10
Disease	disease_1507	1.8627290680468084e-10
Disease	disease_4826	1.8626602870642892e-10
Disease	disease_14145	1.8604659397223434e-10
Disease	disease_33493	1.8603866448294373e-10
Disease	disease_4788	1.860087470032321e-10
Disease	disease_16319	1.8599860510112598e-10
Disease	disease_33557	1.8598975539458962e-10
Disease	disease_4764	1.8546909958631814e-10
Disease	disease_1747	1.8546909958631814e-10
Disease	disease_1533	1.8546909958631814e-10
Disease	disease_7627	1.8537121593387648e-10
Disease	disease_12515	1.852454087708824e-10
Disease	disease_6683	1.8519851117929762e-10
Disease	disease_20770	1.849506354728243e-10
Disease	disease_19527	1.8489036721190396e-10
Disease	disease_3901	1.848432892480661e-10
Disease	disease_1736	1.8479222685528637e-10
Disease	disease_24566	1.8473175492920454e-10
Disease	disease_18773	1.846785619198783e-10
Disease	disease_15772	1.8458633083813873e-10
Disease	disease_6356	1.840882774576164e-10
Disease	disease_15883	1.8375267960747068e-10
Disease	disease_10893	1.835103542649132e-10
Disease	disease_3611	1.8324603740650863e-10
Disease	disease_4244	1.8316160247882955e-10
Disease	disease_4217	1.8314131862637073e-10
Disease	disease_17968	1.8312538843643933e-10
Disease	disease_20252	1.8299675821301335e-10
Disease	disease_43131	1.8285612335135258e-10
Disease	disease_262	1.8279826549550474e-10
Disease	disease_1279	1.8278389078303163e-10
Disease	disease_13190	1.827049084641685e-10
Disease	disease_545	1.8267112786627845e-10
Disease	disease_24283	1.8240858546521263e-10
Disease	disease_6718	1.8226006901389336e-10
Disease	disease_12970	1.8218778126298455e-10
Disease	disease_703	1.8212559188601956e-10
Disease	disease_13035	1.8193795802356104e-10
Disease	disease_21283	1.8183191824315237e-10
Disease	disease_16186	1.8164792506646202e-10
Disease	disease_4373	1.8162123456218223e-10
Disease	disease_20474	1.815970138086629e-10
Disease	disease_100015	1.8159692579150535e-10
Disease	disease_20782	1.8139035987122236e-10
Disease	disease_7084	1.813747128976912e-10
Disease	disease_100112	1.8136978527547344e-10
Disease	disease_1978	1.813570658887619e-10
Disease	disease_4226	1.8132950091802687e-10
Disease	disease_4254	1.8132950091802687e-10
Disease	disease_10903	1.8126635114327797e-10
Disease	disease_10994	1.8125814949280938e-10
Disease	disease_44984	1.8115074708172057e-10
Disease	disease_3720	1.8108650464658322e-10
Disease	disease_7696	1.8097134571564372e-10
Disease	disease_5874	1.808819469991902e-10
Disease	disease_2452	1.8087800920195895e-10
Disease	disease_21134	1.8085635863797997e-10
Disease	disease_17744	1.8075988959824833e-10
Disease	disease_2194	1.8067989167650905e-10
Disease	disease_13377	1.803513088163941e-10
Disease	disease_22559	1.803477001911161e-10
Disease	disease_2110	1.8032938470893297e-10
Disease	disease_643	1.8022117999634932e-10
Disease	disease_16020	1.8016051784397787e-10
Disease	disease_15292	1.8015806061977523e-10
Disease	disease_2875	1.7981776147792128e-10
Disease	disease_3902	1.7981421500226545e-10
Disease	disease_20362	1.7974936706855787e-10
Disease	disease_15101	1.7974936706855787e-10
Disease	disease_10924	1.7973803938153026e-10
Disease	disease_13375	1.7959784461384016e-10
Disease	disease_13751	1.7954878568569463e-10
Disease	disease_12351	1.7951335776875744e-10
Disease	disease_17543	1.7951335776875744e-10
Disease	disease_17545	1.7951335776875744e-10
Disease	disease_2916	1.79267051654955e-10
Disease	disease_4371	1.79267051654955e-10
Disease	disease_25371	1.7918260456525878e-10
Disease	disease_10391	1.7916306662750028e-10
Disease	disease_21517	1.7879689448606166e-10
Disease	disease_10116	1.7862857385987868e-10
Disease	disease_13421	1.7854852139538193e-10
Disease	disease_2388	1.784228462159544e-10
Disease	disease_4505	1.784228462159544e-10
Disease	disease_4506	1.784228462159544e-10
Disease	disease_4421	1.784228462159544e-10
Disease	disease_4507	1.784228462159544e-10
Disease	disease_30019	1.7819603963196672e-10
Disease	disease_8455	1.781840816791007e-10
Disease	disease_32639	1.781659057778539e-10
Disease	disease_6997	1.7809247672393478e-10
Disease	disease_6613	1.7808104780588706e-10
Disease	disease_7841	1.7802916993057833e-10
Disease	disease_6374	1.7788698676094784e-10
Disease	disease_1086	1.7769168471028712e-10
Disease	disease_1006	1.7769168471028712e-10
Disease	disease_4521	1.7757343585033638e-10
Disease	disease_4060	1.7757343585033638e-10
Disease	disease_13027	1.774045449611313e-10
Disease	disease_4787	1.7738113931896775e-10
Disease	disease_23282	1.773427916934626e-10
Disease	disease_13954	1.7734247906328642e-10
Disease	disease_9873	1.7720487767983856e-10
Disease	disease_4733	1.7715559493074442e-10
Disease	disease_4635	1.7715559493074442e-10
Disease	disease_18228	1.771178633957263e-10
Disease	disease_10115	1.7683451962926618e-10
Disease	disease_4426	1.7670023450624491e-10
Disease	disease_1867	1.7663135193216268e-10
Disease	disease_18826	1.7661008210587393e-10
Disease	disease_37746	1.7633613949040882e-10
Disease	disease_2295	1.7633484591466913e-10
Disease	disease_12975	1.7614684007809145e-10
Disease	disease_8652	1.7608558245129238e-10
Disease	disease_14849	1.7607989080928691e-10
Disease	disease_4006	1.7607760757429485e-10
Disease	disease_19822	1.7603294633569098e-10
Disease	disease_17003	1.7598925680736396e-10
Disease	disease_17199	1.759735893254016e-10
Disease	disease_33670	1.7515505392357903e-10
Disease	disease_3281	1.750196780951952e-10
Disease	disease_11838	1.7498770439883547e-10
Disease	disease_1027	1.749397482826882e-10
Disease	disease_41259	1.748022265445434e-10
Disease	disease_16197	1.7469962639083333e-10
Disease	disease_1440	1.746477169513269e-10
Disease	disease_1317	1.746477169513269e-10
Disease	disease_3302	1.7442144652838995e-10
Disease	disease_3306	1.7442144652838995e-10
Disease	disease_3305	1.7442144652838995e-10
Disease	disease_2383	1.7442144652838995e-10
Disease	disease_9296	1.744159642862153e-10
Disease	disease_4542	1.7434400802151422e-10
Disease	disease_41008	1.7426609965153376e-10
Disease	disease_32761	1.7422077979497246e-10
Disease	disease_32762	1.7422077979497246e-10
Disease	disease_3943	1.7420617809966525e-10
Disease	disease_10153	1.7404405030938553e-10
Disease	disease_21390	1.7389197403378226e-10
Disease	disease_5962	1.7386666398407042e-10
Disease	disease_6196	1.7358914122565152e-10
Disease	disease_16610	1.7356338552762003e-10
Disease	disease_16099	1.7356338552762003e-10
Disease	disease_16609	1.7356338552762003e-10
Disease	disease_11621	1.7350157585408064e-10
Disease	disease_20571	1.7339264094103415e-10
Disease	disease_5680	1.7339264094103415e-10
Disease	disease_19446	1.7336530894213372e-10
Disease	disease_15498	1.732862769727167e-10
Disease	disease_244	1.7314002655294021e-10
Disease	disease_100100	1.7310436453796078e-10
Disease	disease_3860	1.725898302417407e-10
Disease	disease_17875	1.725864385655946e-10
Disease	disease_17876	1.725864385655946e-10
Disease	disease_17874	1.725864385655946e-10
Disease	disease_4621	1.7257110905600144e-10
Disease	disease_17676	1.7249428084740314e-10
Disease	disease_10522	1.724351000302913e-10
Disease	disease_24235	1.724203394741261e-10
Disease	disease_16931	1.7225747750924466e-10
Disease	disease_21532	1.7208989964237724e-10
Disease	disease_19447	1.719709744995181e-10
Disease	disease_1952	1.7192540089675648e-10
Disease	disease_4607	1.7180718742776463e-10
Disease	disease_18108	1.7176723672825751e-10
Disease	disease_18056	1.7163150027658138e-10
Disease	disease_14989	1.7163114551145576e-10
Disease	disease_37250	1.7161872583836772e-10
Disease	disease_10389	1.715928813714062e-10
Disease	disease_400005	1.7106232631572185e-10
Disease	disease_17095	1.709328410928837e-10
Disease	disease_10738	1.709244452835911e-10
Disease	disease_36918	1.7087725342824698e-10
Disease	disease_16192	1.7087718044594264e-10
Disease	disease_2200	1.7084887094992252e-10
Disease	disease_25303	1.7080853287839352e-10
Disease	disease_16101	1.706677409246402e-10
Disease	disease_44879	1.7046815160886687e-10
Disease	disease_1218	1.7039145466937422e-10
Disease	disease_1091	1.7030100932076134e-10
Disease	disease_3129	1.7027929428081347e-10
Disease	disease_3128	1.7027929428081347e-10
Disease	disease_20176	1.7016516100745945e-10
Disease	disease_13592	1.698818065869357e-10
Disease	disease_3053	1.6985981441289706e-10
Disease	disease_10548	1.698401457152517e-10
Disease	disease_13130	1.6957350778267176e-10
Disease	disease_2924	1.6952973650970297e-10
Disease	disease_18565	1.6952614436450006e-10
Disease	disease_18529	1.6947737199513905e-10
Disease	disease_21161	1.6889971181475458e-10
Disease	disease_10577	1.6881762938043304e-10
Disease	disease_7995	1.6872356706120685e-10
Disease	disease_3796	1.6833337830153179e-10
Disease	disease_5871	1.6829722964482841e-10
Disease	disease_4561	1.6815683496406896e-10
Disease	disease_6656	1.6800502199709606e-10
Disease	disease_2550	1.67459711428552e-10
Disease	disease_11592	1.6739323582347623e-10
Disease	disease_32923	1.6729614235405268e-10
Disease	disease_13590	1.6716852088681558e-10
Disease	disease_21811	1.6712196310858774e-10
Disease	disease_15342	1.6711964674786002e-10
Disease	disease_22841	1.6693781657529403e-10
Disease	disease_6621	1.6687968117722367e-10
Disease	disease_2218	1.6679564388041677e-10
Disease	disease_10782	1.666471009591716e-10
Disease	disease_100289	1.6656143779829855e-10
Disease	disease_32783	1.6638834678281116e-10
Disease	disease_7900	1.6629586294006196e-10
Disease	disease_12487	1.6619975962777203e-10
Disease	disease_13666	1.661288833446968e-10
Disease	disease_2190	1.6595903348194998e-10
Disease	disease_4241	1.658932728708415e-10
Disease	disease_15546	1.6577727179855893e-10
Disease	disease_3031	1.6573187891136332e-10
Disease	disease_3453	1.6563342006297692e-10
Disease	disease_6232	1.6559503636569247e-10
Disease	disease_3589	1.6558564093731256e-10
Disease	disease_15528	1.6557525233767801e-10
Disease	disease_307	1.6533351498642866e-10
Disease	disease_44988	1.653016813704733e-10
Disease	disease_14990	1.6516416886718783e-10
Disease	disease_4848	1.6473508093124125e-10
Disease	disease_5142	1.6458010668154061e-10
Disease	disease_5143	1.6458010668154061e-10
Disease	disease_9018	1.6407536168891388e-10
Disease	disease_5845	1.6373125136273058e-10
Disease	disease_6682	1.63611422012053e-10
Disease	disease_18250	1.6338373047649285e-10
Disease	disease_19732	1.6315496379442853e-10
Disease	disease_16533	1.6315496379442853e-10
Disease	disease_19731	1.6315496379442853e-10
Disease	disease_19733	1.6315496379442853e-10
Disease	disease_11159	1.6315456613057213e-10
Disease	disease_4615	1.6303250270703148e-10
Disease	disease_13293	1.627752742479597e-10
Disease	disease_4401	1.627652381924319e-10
Disease	disease_37744	1.627373389745266e-10
Disease	disease_5837	1.6264059984060034e-10
Disease	disease_13026	1.6262838526296429e-10
Disease	disease_5673	1.6235134203519997e-10
Disease	disease_8921	1.6215173306709902e-10
Disease	disease_5293	1.6180798967198013e-10
Disease	disease_6957	1.6150898454462797e-10
Disease	disease_13492	1.6142835206450663e-10
Disease	disease_647	1.6128129814924652e-10
Disease	disease_3856	1.6103688613975182e-10
Disease	disease_3800	1.6103688613975182e-10
Disease	disease_4344	1.6103688613975182e-10
Disease	disease_6556	1.6099901930973584e-10
Disease	disease_12395	1.608764607842719e-10
Disease	disease_20860	1.6063832813026424e-10
Disease	disease_12605	1.6041259031088146e-10
Disease	disease_22096	1.603757604346286e-10
Disease	disease_5991	1.6033132011900504e-10
Disease	disease_4827	1.60135315407043e-10
Disease	disease_16455	1.5996783080493146e-10
Disease	disease_17326	1.5996783080493146e-10
Disease	disease_7353	1.5988407609063756e-10
Disease	disease_3626	1.5921351968614594e-10
Disease	disease_4273	1.592103354446032e-10
Disease	disease_31012	1.5912029554479952e-10
Disease	disease_18977	1.5882588710970599e-10
Disease	disease_14301	1.5874813622591045e-10
Disease	disease_21331	1.5870743754868038e-10
Disease	disease_13893	1.586234717685023e-10
Disease	disease_3091	1.5860083921476762e-10
Disease	disease_17980	1.5854014114987993e-10
Disease	disease_19413	1.5854014114987993e-10
Disease	disease_16622	1.5854014114987993e-10
Disease	disease_21116	1.585216823253493e-10
Disease	disease_21115	1.585216823253493e-10
Disease	disease_20338	1.5824481533878974e-10
Disease	disease_18137	1.5824108652809406e-10
Disease	disease_18136	1.5824108652809406e-10
Disease	disease_19094	1.5810041127073866e-10
Disease	disease_45037	1.579557120216199e-10
Disease	disease_5772	1.579557120216199e-10
Disease	disease_15675	1.578935823491831e-10
Disease	disease_4961	1.5786691127812338e-10
Disease	disease_4962	1.5786691127812338e-10
Disease	disease_3663	1.576173597586168e-10
Disease	disease_16809	1.57586545475721e-10
Disease	disease_43096	1.5744428238027936e-10
Disease	disease_4651	1.574344325628278e-10
Disease	disease_8884	1.569359526860678e-10
Disease	disease_22424	1.5679762633581367e-10
Disease	disease_8452	1.5675528029553917e-10
Disease	disease_2903	1.5594692669814673e-10
Disease	disease_15097	1.554984068325409e-10
Disease	disease_7442	1.553020610140627e-10
Disease	disease_525	1.5525287365578872e-10
Disease	disease_16659	1.5499649530377824e-10
Disease	disease_7209	1.5442655373257144e-10
Disease	disease_8358	1.5441371251847922e-10
Disease	disease_6460	1.543422836976933e-10
Disease	disease_17684	1.5406508900394086e-10
Disease	disease_18587	1.5382388973191937e-10
Disease	disease_2261	1.5378203452249738e-10
Disease	disease_3097	1.537688470050227e-10
Disease	disease_22022	1.5374711734332418e-10
Disease	disease_10484	1.534769041506797e-10
Disease	disease_10443	1.534412994562241e-10
Disease	disease_14068	1.5341625745494856e-10
Disease	disease_1365	1.532195376832807e-10
Disease	disease_22113	1.532137064293279e-10
Disease	disease_20343	1.531256926285122e-10
Disease	disease_6532	1.5305445019401984e-10
Disease	disease_12018	1.5291587155230485e-10
Disease	disease_10057	1.5282096202555558e-10
Disease	disease_40925	1.5273274569744713e-10
Disease	disease_42452	1.5273274569744713e-10
Disease	disease_16592	1.5252213290425058e-10
Disease	disease_25139	1.524411110071106e-10
Disease	disease_13823	1.524013295393143e-10
Disease	disease_17583	1.521908642544855e-10
Disease	disease_6561	1.5201864325736503e-10
Disease	disease_17019	1.5179536034095839e-10
Disease	disease_21298	1.516869286645526e-10
Disease	disease_19198	1.5163762655840207e-10
Disease	disease_4917	1.5159193394019038e-10
Disease	disease_12087	1.51578866638534e-10
Disease	disease_12844	1.51578866638534e-10
Disease	disease_40673	1.513119309511615e-10
Disease	disease_1066	1.512678072532692e-10
Disease	disease_11852	1.5117326066677434e-10
Disease	disease_5796	1.5115222803490114e-10
Disease	disease_17937	1.510600732020609e-10
Disease	disease_12380	1.5082780628793263e-10
Disease	disease_13748	1.5071703383015682e-10
Disease	disease_2812	1.5062839230903334e-10
Disease	disease_6422	1.5033660971864875e-10
Disease	disease_6919	1.5012554269228521e-10
Disease	disease_3280	1.5012554269228521e-10
Disease	disease_4575	1.5012554269228521e-10
Disease	disease_10801	1.500428941651065e-10
Disease	disease_9197	1.4998011734791562e-10
Disease	disease_19230	1.4990084791972015e-10
Disease	disease_3788	1.4973713974799878e-10
Disease	disease_18499	1.4972705255181605e-10
Disease	disease_16667	1.4923970827839982e-10
Disease	disease_3154	1.4921349139212244e-10
Disease	disease_7989	1.491548261708586e-10
Disease	disease_6267	1.4894989470399981e-10
Disease	disease_3881	1.4877151819484286e-10
Disease	disease_20634	1.4870425739270204e-10
Disease	disease_7250	1.479458185355412e-10
Disease	disease_5999	1.4794572160549028e-10
Disease	disease_19772	1.4786597400532745e-10
Disease	disease_21539	1.4784316876247311e-10
Disease	disease_12122	1.4764715802483902e-10
Disease	disease_15237	1.4761947160276242e-10
Disease	disease_8888	1.476107853779688e-10
Disease	disease_2954	1.4760976738230905e-10
Disease	disease_15734	1.4745277503659424e-10
Disease	disease_7630	1.473595796352606e-10
Disease	disease_4443	1.4726997033626688e-10
Disease	disease_32804	1.4701496533697604e-10
Disease	disease_32584	1.4695988645366103e-10
Disease	disease_18659	1.4683419394666797e-10
Disease	disease_1535	1.466649756924135e-10
Disease	disease_7933	1.465327135607503e-10
Disease	disease_30014	1.465204638647431e-10
Disease	disease_3473	1.4626262506798425e-10
Disease	disease_417	1.4602624403818526e-10
Disease	disease_4274	1.4589642334512068e-10
Disease	disease_2250	1.4569659428765489e-10
Disease	disease_16038	1.456821742150311e-10
Disease	disease_17925	1.4561232508724452e-10
Disease	disease_23043	1.4542257082553894e-10
Disease	disease_3906	1.45341582490513e-10
Disease	disease_3905	1.45341582490513e-10
Disease	disease_3907	1.45341582490513e-10
Disease	disease_9084	1.4532701351583084e-10
Disease	disease_3065	1.4530040044204892e-10
Disease	disease_1618	1.4509609029116595e-10
Disease	disease_3248	1.450813702460649e-10
Disease	disease_378	1.4496008827804348e-10
Disease	disease_12134	1.4487354567541922e-10
Disease	disease_44334	1.4454238899368978e-10
Disease	disease_17427	1.4444010714449298e-10
Disease	disease_17471	1.4441964098718273e-10
Disease	disease_15782	1.4440954078352002e-10
Disease	disease_6395	1.4440749955200924e-10
Disease	disease_1211	1.4434575508022464e-10
Disease	disease_6421	1.4433375365865753e-10
Disease	disease_3057	1.443122772872237e-10
Disease	disease_20637	1.442533787084705e-10
Disease	disease_3761	1.440215153533326e-10
Disease	disease_44884	1.43954567277732e-10
Disease	disease_6984	1.4394002507674657e-10
Disease	disease_3337	1.4388610914571273e-10
Disease	disease_18281	1.4383711102452654e-10
Disease	disease_3849	1.4378694405733408e-10
Disease	disease_6151	1.4361460923003536e-10
Disease	disease_1272	1.4361460923003536e-10
Disease	disease_2139	1.4361460923003536e-10
Disease	disease_43343	1.4361460923003536e-10
Disease	disease_21033	1.43602566619558e-10
Disease	disease_24857	1.4311416090638208e-10
Disease	disease_9918	1.4304572986929579e-10
Disease	disease_16526	1.4303226244384074e-10
Disease	disease_30883	1.4291430612667042e-10
Disease	disease_1754	1.4280878328312893e-10
Disease	disease_1688	1.4276867249899176e-10
Disease	disease_1431	1.4276867249899176e-10
Disease	disease_12154	1.427537320164489e-10
Disease	disease_3143	1.4269008159909532e-10
Disease	disease_6953	1.4244927200698348e-10
Disease	disease_11780	1.4239869973898328e-10
Disease	disease_12917	1.4239869973898328e-10
Disease	disease_9988	1.4237666868143024e-10
Disease	disease_6712	1.4229589137088964e-10
Disease	disease_12185	1.4223491779986114e-10
Disease	disease_21408	1.4207066945729302e-10
Disease	disease_21418	1.4207066945729302e-10
Disease	disease_3477	1.4206527096209473e-10
Disease	disease_11064	1.4202147925218185e-10
Disease	disease_19511	1.4200859191520398e-10
Disease	disease_9016	1.420006677956076e-10
Disease	disease_25382	1.419197780610612e-10
Disease	disease_20650	1.4190035795592015e-10
Disease	disease_19973	1.4187479940075084e-10
Disease	disease_15755	1.4167696228359855e-10
Disease	disease_5425	1.4159448059772136e-10
Disease	disease_9630	1.4147122218064603e-10
Disease	disease_13305	1.414014018233991e-10
Disease	disease_2710	1.4121749083941005e-10
Disease	disease_14291	1.4105004328343408e-10
Disease	disease_11893	1.4105004328343408e-10
Disease	disease_11657	1.4105004328343408e-10
Disease	disease_16593	1.409433558124677e-10
Disease	disease_4427	1.407037024868313e-10
Disease	disease_1790	1.4048837524084371e-10
Disease	disease_3561	1.4047449106439825e-10
Disease	disease_7360	1.4042594605988682e-10
Disease	disease_15733	1.4039354414213323e-10
Disease	disease_6998	1.4033970458262468e-10
Disease	disease_14125	1.4028365342788436e-10
Disease	disease_60732	1.402573540192776e-10
Disease	disease_4309	1.4023438604292734e-10
Disease	disease_22622	1.401331275993306e-10
Disease	disease_19981	1.3999438032914206e-10
Disease	disease_5752	1.399663132375879e-10
Disease	disease_8789	1.3967932911179475e-10
Disease	disease_1260	1.396616589049806e-10
Disease	disease_10713	1.3937955327282524e-10
Disease	disease_2353	1.3930626532413945e-10
Disease	disease_21372	1.3924644442087e-10
Disease	disease_27069	1.3915377959846271e-10
Disease	disease_12101	1.3908996041612922e-10
Disease	disease_12102	1.3908996041612922e-10
Disease	disease_12645	1.3908996041612922e-10
Disease	disease_11074	1.3894709679754914e-10
Disease	disease_3956	1.3892679305241547e-10
Disease	disease_933	1.3863553542455788e-10
Disease	disease_16434	1.3854252582420064e-10
Disease	disease_7135	1.3828871591376723e-10
Disease	disease_4020	1.3819839075603536e-10
Disease	disease_33549	1.3795011982544167e-10
Disease	disease_17832	1.379265056699531e-10
Disease	disease_8388	1.375904307636182e-10
Disease	disease_43735	1.3729656928603002e-10
Disease	disease_12139	1.37267553860294e-10
Disease	disease_43206	1.3719230062306325e-10
Disease	disease_12963	1.3710969780975893e-10
Disease	disease_18357	1.3704161455924827e-10
Disease	disease_12378	1.3694258285556493e-10
Disease	disease_11563	1.3694258285556493e-10
Disease	disease_12598	1.3694258285556493e-10
Disease	disease_6464	1.3693760156529104e-10
Disease	disease_9995	1.3680513342917366e-10
Disease	disease_3702	1.3668344068731867e-10
Disease	disease_13670	1.3667682361180209e-10
Disease	disease_8154	1.3651811030753804e-10
Disease	disease_4356	1.3650538681165933e-10
Disease	disease_15743	1.3648742061798467e-10
Disease	disease_18484	1.3648742061798467e-10
Disease	disease_15636	1.36329404679623e-10
Disease	disease_5731	1.36329404679623e-10
Disease	disease_5957	1.36329404679623e-10
Disease	disease_3932	1.3632362191073094e-10
Disease	disease_16852	1.3596635057878057e-10
Disease	disease_12086	1.356442212142134e-10
Disease	disease_4385	1.3559694502759507e-10
Disease	disease_6863	1.3554263739215787e-10
Disease	disease_20661	1.3554263739215787e-10
Disease	disease_12023	1.3550812416777948e-10
Disease	disease_5850	1.354204442507947e-10
Disease	disease_5720	1.354204442507947e-10
Disease	disease_5717	1.354204442507947e-10
Disease	disease_16979	1.3529353613646601e-10
Disease	disease_17302	1.3527279902034418e-10
Disease	disease_3397	1.3521413441547006e-10
Disease	disease_13100	1.3518723973146327e-10
Disease	disease_12167	1.3518723973146327e-10
Disease	disease_342	1.3517734687066668e-10
Disease	disease_344	1.3517734687066668e-10
Disease	disease_20567	1.351021621436308e-10
Disease	disease_24973	1.351021621436308e-10
Disease	disease_24341	1.3504399650440087e-10
Disease	disease_13996	1.3489703761386416e-10
Disease	disease_7195	1.346992368536906e-10
Disease	disease_4554	1.345729950950039e-10
Disease	disease_7136	1.3456710953530343e-10
Disease	disease_4535	1.345516348885188e-10
Disease	disease_20342	1.343633955268329e-10
Disease	disease_6195	1.3434250237184274e-10
Disease	disease_3396	1.3428847225249738e-10
Disease	disease_4738	1.3415595048051719e-10
Disease	disease_15388	1.3412083501599113e-10
Disease	disease_1178	1.3401373544002206e-10
Disease	disease_100092	1.3375972082881813e-10
Disease	disease_13487	1.336686705521004e-10
Disease	disease_16439	1.3366420197114046e-10
Disease	disease_6638	1.3361933310806303e-10
Disease	disease_6918	1.3361933310806303e-10
Disease	disease_2634	1.3352136567850252e-10
Disease	disease_8247	1.3344044142094704e-10
Disease	disease_1421	1.3330076147266014e-10
Disease	disease_1067	1.3304180833285988e-10
Disease	disease_16548	1.3295436542192784e-10
Disease	disease_17401	1.3252789606226745e-10
Disease	disease_17403	1.3252789606226745e-10
Disease	disease_17402	1.3252789606226745e-10
Disease	disease_11697	1.3231987828438e-10
Disease	disease_19401	1.3222495246265364e-10
Disease	disease_2401	1.320557201077282e-10
Disease	disease_21759	1.3198718185135284e-10
Disease	disease_21377	1.3184922520642525e-10
Disease	disease_18266	1.317672639220814e-10
Disease	disease_2121	1.3175303808025484e-10
Disease	disease_17383	1.3170299258889598e-10
Disease	disease_20556	1.3165738966679634e-10
Disease	disease_17289	1.3165738966679634e-10
Disease	disease_20557	1.3165738966679634e-10
Disease	disease_20555	1.3165738966679634e-10
Disease	disease_338	1.3158013868860694e-10
Disease	disease_4928	1.314377603339099e-10
Disease	disease_21373	1.3141963205350912e-10
Disease	disease_16975	1.3134954573294347e-10
Disease	disease_3729	1.3131232491017108e-10
Disease	disease_2318	1.3117739957461072e-10
Disease	disease_44113	1.3112946230127412e-10
Disease	disease_33818	1.3102454943512038e-10
Disease	disease_1716	1.3102454943512038e-10
Disease	disease_33816	1.3102454943512038e-10
Disease	disease_1579	1.3102454943512038e-10
Disease	disease_1310	1.3102454943512038e-10
Disease	disease_1950	1.3102454943512038e-10
Disease	disease_15298	1.3102454943512038e-10
Disease	disease_22826	1.309818868565389e-10
Disease	disease_11625	1.3083524038011896e-10
Disease	disease_9906	1.3073994585945918e-10
Disease	disease_13974	1.3063772460148015e-10
Disease	disease_6759	1.3063140476968626e-10
Disease	disease_16445	1.306272849184249e-10
Disease	disease_3284	1.305962009186311e-10
Disease	disease_3894	1.3057249684798507e-10
Disease	disease_5879	1.305455358596261e-10
Disease	disease_7851	1.3051304027055762e-10
Disease	disease_24461	1.3050310429325543e-10
Disease	disease_4204	1.303917173246293e-10
Disease	disease_30935	1.3034503660538945e-10
Disease	disease_7700	1.3034489379431627e-10
Disease	disease_20797	1.302651130508571e-10
Disease	disease_3600	1.3008056241409236e-10
Disease	disease_3027	1.2993061119330558e-10
Disease	disease_24485	1.2989047213736277e-10
Disease	disease_6212	1.2989047213736277e-10
Disease	disease_6544	1.2987679950924686e-10
Disease	disease_20510	1.2987271777378755e-10
Disease	disease_30997	1.2974902112716213e-10
Disease	disease_24279	1.2968139319833093e-10
Disease	disease_2871	1.2958039754161959e-10
Disease	disease_12966	1.2929539203677938e-10
Disease	disease_2630	1.2918760582191489e-10
Disease	disease_40998	1.2912600089191371e-10
Disease	disease_21469	1.2891364759507597e-10
Disease	disease_21542	1.283437827331296e-10
Disease	disease_17205	1.2825436607003466e-10
Disease	disease_4351	1.2825436607003466e-10
Disease	disease_1399	1.2814949033953747e-10
Disease	disease_11219	1.2801002585454208e-10
Disease	disease_20173	1.2794537133098066e-10
Disease	disease_19330	1.277785230398157e-10
Disease	disease_22896	1.2777651532332669e-10
Disease	disease_11347	1.2777651532332669e-10
Disease	disease_22898	1.2777651532332669e-10
Disease	disease_22895	1.2777651532332669e-10
Disease	disease_22897	1.2777651532332669e-10
Disease	disease_22894	1.2777651532332669e-10
Disease	disease_22890	1.2777651532332669e-10
Disease	disease_22893	1.2777651532332669e-10
Disease	disease_22892	1.2777651532332669e-10
Disease	disease_22891	1.2777651532332669e-10
Disease	disease_2969	1.2760182677645357e-10
Disease	disease_7388	1.2750340169538695e-10
Disease	disease_1803	1.271713711494655e-10
Disease	disease_6166	1.2712919796142763e-10
Disease	disease_6193	1.2712919796142763e-10
Disease	disease_18315	1.2692458760449731e-10
Disease	disease_44675	1.2692458760449731e-10
Disease	disease_3076	1.2689873703510824e-10
Disease	disease_3075	1.2689873703510824e-10
Disease	disease_25270	1.2689796152724363e-10
Disease	disease_11761	1.2689011439723758e-10
Disease	disease_12974	1.2689011439723758e-10
Disease	disease_11673	1.2689011439723758e-10
Disease	disease_12090	1.2689011439723758e-10
Disease	disease_4455	1.2678457621956696e-10
Disease	disease_4454	1.2678457621956696e-10
Disease	disease_17929	1.2677378542889485e-10
Disease	disease_6723	1.2665592259970674e-10
Disease	disease_6369	1.263842418729436e-10
Disease	disease_18154	1.2606342994442319e-10
Disease	disease_5980	1.2589452994694302e-10
Disease	disease_320	1.258821856088124e-10
Disease	disease_41825	1.2575593315141377e-10
Disease	disease_10973	1.257025118107028e-10
Disease	disease_21644	1.256850272815736e-10
Disease	disease_16200	1.2558618224130612e-10
Disease	disease_20717	1.255070236505103e-10
Disease	disease_8167	1.254722053274798e-10
Disease	disease_18062	1.254017954478266e-10
Disease	disease_11883	1.254017954478266e-10
Disease	disease_35124	1.254017954478266e-10
Disease	disease_14265	1.2525059923839244e-10
Disease	disease_18640	1.2524364397613996e-10
Disease	disease_6528	1.2514682729807051e-10
Disease	disease_10182	1.2498820520486063e-10
Disease	disease_3448	1.2491327547678468e-10
Disease	disease_16930	1.2478784550308745e-10
Disease	disease_3957	1.2464711921837832e-10
Disease	disease_8106	1.2463619879752726e-10
Disease	disease_22586	1.2454400218898305e-10
Disease	disease_21762	1.2454400218898305e-10
Disease	disease_4193	1.245244218755685e-10
Disease	disease_44083	1.2450457595245564e-10
Disease	disease_44768	1.2448710406788876e-10
Disease	disease_3840	1.2447248643100133e-10
Disease	disease_6297	1.2445109877479138e-10
Disease	disease_3067	1.2444412639955383e-10
Disease	disease_4307	1.2440416805899055e-10
Disease	disease_15394	1.241717827345887e-10
Disease	disease_10245	1.2394285274912894e-10
Disease	disease_337	1.2388034625301666e-10
Disease	disease_18280	1.2367469995111207e-10
Disease	disease_13345	1.234040063767406e-10
Disease	disease_18979	1.231922121711966e-10
Disease	disease_54752	1.2315856257755834e-10
Disease	disease_10282	1.2312744709283942e-10
Disease	disease_12606	1.2312744709283942e-10
Disease	disease_13045	1.2312744709283942e-10
Disease	disease_11941	1.2312744709283942e-10
Disease	disease_8125	1.2308650380368518e-10
Disease	disease_6470	1.2275014386750968e-10
Disease	disease_3775	1.22705930016361e-10
Disease	disease_16032	1.2263375313117136e-10
Disease	disease_17440	1.2263375313117136e-10
Disease	disease_3300	1.2254968521459208e-10
Disease	disease_21282	1.2229510681948014e-10
Disease	disease_19392	1.2228016680702878e-10
Disease	disease_934	1.2217898968473754e-10
Disease	disease_10442	1.2209525307493819e-10
Disease	disease_18857	1.217845748395648e-10
Disease	disease_15767	1.2169165632194094e-10
Disease	disease_3292	1.2168979642224932e-10
Disease	disease_3588	1.2165068488754817e-10
Disease	disease_5104	1.2157377653838884e-10
Disease	disease_6438	1.2157377653838884e-10
Disease	disease_100222	1.2153194062279755e-10
Disease	disease_13140	1.2137361844021112e-10
Disease	disease_941	1.2119590218508495e-10
Disease	disease_33556	1.2087443206029476e-10
Disease	disease_12046	1.208370471293729e-10
Disease	disease_5985	1.2065986152096912e-10
Disease	disease_2141	1.206361931953249e-10
Disease	disease_9647	1.2059054712719472e-10
Disease	disease_20177	1.2058034750946407e-10
Disease	disease_10425	1.203992913983303e-10
Disease	disease_6088	1.20360915170127e-10
Disease	disease_4853	1.2033631071527455e-10
Disease	disease_13122	1.2028633226298469e-10
Disease	disease_297	1.2026739743444785e-10
Disease	disease_2222	1.2022382084935384e-10
Disease	disease_17420	1.2015878525842336e-10
Disease	disease_18618	1.2006341019651383e-10
Disease	disease_282	1.2003129215667627e-10
Disease	disease_6330	1.200087342170951e-10
Disease	disease_4529	1.200087342170951e-10
Disease	disease_16446	1.1990933701045587e-10
Disease	disease_15354	1.1990889395353708e-10
Disease	disease_7655	1.195653615784301e-10
Disease	disease_3750	1.1948086827070374e-10
Disease	disease_6426	1.194354993493101e-10
Disease	disease_24303	1.1940395812923805e-10
Disease	disease_4902	1.193575657617238e-10
Disease	disease_3843	1.193544770980168e-10
Disease	disease_345	1.190993948669812e-10
Disease	disease_13749	1.189583649972336e-10
Disease	disease_4010	1.1894043879433925e-10
Disease	disease_4684	1.186701190403679e-10
Disease	disease_8246	1.1862125738944154e-10
Disease	disease_16725	1.182310963935321e-10
Disease	disease_43297	1.1818549755034863e-10
Disease	disease_9090	1.1790989224339795e-10
Disease	disease_4349	1.1762146502010823e-10
Disease	disease_2617	1.175399492560371e-10
Disease	disease_12969	1.1736568202721931e-10
Disease	disease_4497	1.173106704060955e-10
Disease	disease_17865	1.1716998287064823e-10
Disease	disease_4324	1.1712981976303893e-10
Disease	disease_889	1.171072646548726e-10
Disease	disease_16630	1.1700950974998573e-10
Disease	disease_11320	1.1696578826495017e-10
Disease	disease_3706	1.1663857908260405e-10
Disease	disease_4452	1.1652500530954938e-10
Disease	disease_17101	1.165010025356922e-10
Disease	disease_17102	1.165010025356922e-10
Disease	disease_4083	1.1614971758857439e-10
Disease	disease_32917	1.1606437416420299e-10
Disease	disease_321	1.160243792135806e-10
Disease	disease_1665	1.160243792135806e-10
Disease	disease_1413	1.160243792135806e-10
Disease	disease_2212	1.160243792135806e-10
Disease	disease_1916	1.160243792135806e-10
Disease	disease_25369	1.1593756075502911e-10
Disease	disease_40700	1.1576517796248221e-10
Disease	disease_3599	1.1567783840829908e-10
Disease	disease_21290	1.1564779260825758e-10
Disease	disease_6355	1.1542011583544226e-10
Disease	disease_4164	1.1510482571552746e-10
Disease	disease_6066	1.1510482571552746e-10
Disease	disease_303	1.1495718578775723e-10
Disease	disease_3244	1.1491691428292938e-10
Disease	disease_33668	1.1487677157766865e-10
Disease	disease_1760	1.1482323522334583e-10
Disease	disease_17345	1.14626363233384e-10
Disease	disease_15712	1.1452237504946525e-10
Disease	disease_21271	1.1447380777698693e-10
Disease	disease_25102	1.142402798798449e-10
Disease	disease_4709	1.1422712535193399e-10
Disease	disease_44956	1.1410514251880738e-10
Disease	disease_15794	1.1402980290597724e-10
Disease	disease_10207	1.1402482138961115e-10
Disease	disease_1990	1.1389974492702367e-10
Disease	disease_25419	1.1389674423441982e-10
Disease	disease_8135	1.1388802839111747e-10
Disease	disease_16150	1.137911086627179e-10
Disease	disease_3466	1.1364967963386183e-10
Disease	disease_16746	1.133486584629968e-10
Disease	disease_100318	1.1329932883164352e-10
Disease	disease_3601	1.132484109564566e-10
Disease	disease_6935	1.1319209129488282e-10
Disease	disease_15440	1.1308760094206454e-10
Disease	disease_1465	1.129717920109388e-10
Disease	disease_24797	1.128906645714172e-10
Disease	disease_13973	1.1268587674161716e-10
Disease	disease_2551	1.1258710509676042e-10
Disease	disease_1313	1.1249922892663543e-10
Disease	disease_1536	1.1242184576076222e-10
Disease	disease_1498	1.1220788263235527e-10
Disease	disease_3459	1.1210830761746319e-10
Disease	disease_6008	1.1207217564132665e-10
Disease	disease_16283	1.1204101639180331e-10
Disease	disease_2626	1.1197352311001779e-10
Disease	disease_7934	1.1193878012887057e-10
Disease	disease_3614	1.1190851882260306e-10
Disease	disease_18254	1.1189573503323778e-10
Disease	disease_4816	1.1187431487568521e-10
Disease	disease_16665	1.1160614403560852e-10
Disease	disease_17237	1.1155923021104251e-10
Disease	disease_4337	1.1123155755173005e-10
Disease	disease_19498	1.1121256174887356e-10
Disease	disease_3607	1.1107151267942193e-10
Disease	disease_2581	1.109720873817419e-10
Disease	disease_21273	1.1081153110334824e-10
Disease	disease_4253	1.1071117699363523e-10
Disease	disease_43762	1.1044597120834482e-10
Disease	disease_3301	1.1032111933332422e-10
Disease	disease_7867	1.1023550485084769e-10
Disease	disease_5822	1.1016776625935114e-10
Disease	disease_16806	1.1005495749568734e-10
Disease	disease_21420	1.098725616115687e-10
Disease	disease_5691	1.0987143045653374e-10
Disease	disease_6326	1.0978560741767922e-10
Disease	disease_3298	1.0976447627152983e-10
Disease	disease_43988	1.096906687913426e-10
Disease	disease_8993	1.0961051960546367e-10
Disease	disease_17906	1.0959849060392602e-10
Disease	disease_15303	1.0959849060392602e-10
Disease	disease_15302	1.0959849060392602e-10
Disease	disease_18127	1.0958993860524176e-10
Disease	disease_4197	1.0951077156530613e-10
Disease	disease_10151	1.0948861286799851e-10
Disease	disease_19531	1.0944762237037567e-10
Disease	disease_37807	1.0944513989451819e-10
Disease	disease_8268	1.0936032479458051e-10
Disease	disease_3296	1.092752448290172e-10
Disease	disease_3288	1.092752448290172e-10
Disease	disease_13841	1.0912181900177526e-10
Disease	disease_13844	1.0912181900177526e-10
Disease	disease_12232	1.0912181900177526e-10
Disease	disease_2716	1.0911946380516176e-10
Disease	disease_24247	1.090531137243166e-10
Disease	disease_5725	1.0903189524684359e-10
Disease	disease_6537	1.0894182521585225e-10
Disease	disease_6400	1.0861840626692382e-10
Disease	disease_2362	1.0850121081104833e-10
Disease	disease_7936	1.0840205880153365e-10
Disease	disease_4472	1.082111157091859e-10
Disease	disease_2159	1.0811545439907651e-10
Disease	disease_15384	1.080946923023462e-10
Disease	disease_15428	1.0806579812835623e-10
Disease	disease_2172	1.0804778888258865e-10
Disease	disease_14069	1.0796692300924495e-10
Disease	disease_23757	1.0785198578031018e-10
Disease	disease_20313	1.0770628745993014e-10
Disease	disease_24620	1.0750419025441928e-10
Disease	disease_37251	1.0746331010753309e-10
Disease	disease_1285	1.0740041468233129e-10
Disease	disease_15451	1.0691407686831878e-10
Disease	disease_2207	1.0691083814443808e-10
Disease	disease_6850	1.0682670494754508e-10
Disease	disease_17032	1.0655378153595384e-10
Disease	disease_45003	1.0652525674298246e-10
Disease	disease_18788	1.0649479118391286e-10
Disease	disease_11386	1.0645428872122561e-10
Disease	disease_24873	1.0642486630137568e-10
Disease	disease_18888	1.0642034756387771e-10
Disease	disease_3335	1.0637022217284485e-10
Disease	disease_33260	1.0628661115970476e-10
Disease	disease_2343	1.0624810107667604e-10
Disease	disease_3884	1.0622438400787922e-10
Disease	disease_3585	1.0589760045586194e-10
Disease	disease_3594	1.0589760045586194e-10
Disease	disease_3590	1.0589760045586194e-10
Disease	disease_3602	1.0589760045586194e-10
Disease	disease_16086	1.0572942748632594e-10
Disease	disease_15692	1.0570111688471694e-10
Disease	disease_5764	1.0568460374294398e-10
Disease	disease_2872	1.0558540377014698e-10
Disease	disease_24482	1.0552936403959711e-10
Disease	disease_18361	1.0552239030178423e-10
Disease	disease_6201	1.0550657428399542e-10
Disease	disease_10710	1.0548381953892022e-10
Disease	disease_19357	1.0546167649418767e-10
Disease	disease_19529	1.0546167649418767e-10
Disease	disease_4436	1.0515716540338612e-10
Disease	disease_6696	1.0508623162468315e-10
Disease	disease_5698	1.0508623162468315e-10
Disease	disease_2255	1.0508623162468315e-10
Disease	disease_2706	1.0508623162468315e-10
Disease	disease_4605	1.0500461328364692e-10
Disease	disease_20709	1.0498752624335832e-10
Disease	disease_243	1.0498752624335832e-10
Disease	disease_3787	1.048003209652578e-10
Disease	disease_1565	1.0459531320912941e-10
Disease	disease_1033	1.0458295011917337e-10
Disease	disease_1884	1.0449231214004055e-10
Disease	disease_3289	1.0435787038356543e-10
Disease	disease_22560	1.0435787038356543e-10
Disease	disease_3349	1.0425640269253749e-10
Disease	disease_18903	1.0412548258937308e-10
Disease	disease_18769	1.0412548258937308e-10
Disease	disease_1762	1.0397362039835206e-10
Disease	disease_2808	1.0396284249438194e-10
Disease	disease_4942	1.039405060090131e-10
Disease	disease_21579	1.0393356664637792e-10
Disease	disease_100312	1.038453287724459e-10
Disease	disease_19109	1.0381732869655908e-10
Disease	disease_3134	1.0368874021104284e-10
Disease	disease_3137	1.0368874021104284e-10
Disease	disease_6133	1.0357044806445292e-10
Disease	disease_34143	1.0333114575635356e-10
Disease	disease_19397	1.0333114575635356e-10
Disease	disease_15349	1.0333114575635356e-10
Disease	disease_21402	1.0315137707849065e-10
Disease	disease_4181	1.0311399337914477e-10
Disease	disease_4534	1.0311399337914477e-10
Disease	disease_2642	1.0308906353601434e-10
Disease	disease_24473	1.0306276075510412e-10
Disease	disease_229	1.0306276075510412e-10
Disease	disease_230	1.0306276075510412e-10
Disease	disease_5947	1.0305217321597773e-10
Disease	disease_19120	1.0296227445866112e-10
Disease	disease_2379	1.0287753952511818e-10
Disease	disease_8697	1.0287013070766587e-10
Disease	disease_19449	1.0286660771733469e-10
Disease	disease_2075	1.0279355809375954e-10
Disease	disease_6817	1.02693231089985e-10
Disease	disease_16744	1.026436762485167e-10
Disease	disease_1366	1.0262749079765171e-10
Disease	disease_42963	1.0262749079765171e-10
Disease	disease_31009	1.0255553170196093e-10
Disease	disease_24632	1.0252466346023422e-10
Disease	disease_24630	1.0252466346023422e-10
Disease	disease_20193	1.0193793045903083e-10
Disease	disease_3314	1.0190814772165667e-10
Disease	disease_16929	1.0190451525801058e-10
Disease	disease_5198	1.0189271868029845e-10
Disease	disease_10104	1.0158010290259337e-10
Disease	disease_24284	1.0157330898882035e-10
Disease	disease_1019	1.0150854073564415e-10
Disease	disease_17180	1.0149223758328924e-10
Disease	disease_16963	1.0145778485164737e-10
Disease	disease_8517	1.0145257169338235e-10
Disease	disease_22529	1.0144325866457486e-10
Disease	disease_16510	1.0137738815012533e-10
Disease	disease_12015	1.013568605548339e-10
Disease	disease_3353	1.0134999042703897e-10
Disease	disease_3897	1.0132908839174946e-10
Disease	disease_1746	1.0130095872822481e-10
Disease	disease_1772	1.0121332856028517e-10
Disease	disease_6829	1.0118064302127097e-10
Disease	disease_20370	1.0113237487040831e-10
Disease	disease_20371	1.0113237487040831e-10
Disease	disease_8761	1.0105699647929418e-10
Disease	disease_1404	1.010539908719288e-10
Disease	disease_3692	1.007735254517111e-10
Disease	disease_25506	1.0054638383284064e-10
Disease	disease_32735	1.0024281300421558e-10
Disease	disease_3379	1.0022347204699878e-10
Disease	disease_12045	1.00047662652093e-10
Disease	disease_11300	1.00047662652093e-10
Disease	disease_3542	1.0001139469243006e-10
Disease	disease_24315	9.99151262257162e-11
Disease	disease_3405	9.975997106983757e-11
Disease	disease_1007	9.963807253972309e-11
Disease	disease_13230	9.956164350900828e-11
Disease	disease_16937	9.95536157941766e-11
Disease	disease_1118	9.9433570646723e-11
Disease	disease_331	9.9433570646723e-11
Disease	disease_3753	9.92816749540874e-11
Disease	disease_8607	9.924905196872609e-11
Disease	disease_24549	9.92248555185044e-11
Disease	disease_11589	9.92248555185044e-11
Disease	disease_4151	9.921279442257635e-11
Disease	disease_9156	9.918071813934203e-11
Disease	disease_3786	9.903047146532925e-11
Disease	disease_17348	9.888526279107342e-11
Disease	disease_44873	9.883525914032731e-11
Disease	disease_4774	9.878870830286655e-11
Disease	disease_26045	9.870437613111034e-11
Disease	disease_18302	9.870437613111034e-11
Disease	disease_43783	9.870437613111034e-11
Disease	disease_22907	9.870437613111034e-11
Disease	disease_6569	9.870437613111034e-11
Disease	disease_23679	9.870437613111034e-11
Disease	disease_6792	9.870437613111034e-11
Disease	disease_6546	9.870437613111034e-11
Disease	disease_22749	9.870437613111034e-11
Disease	disease_23388	9.870437613111034e-11
Disease	disease_18139	9.870437613111034e-11
Disease	disease_16149	9.870083419161964e-11
Disease	disease_19283	9.847136652480112e-11
Disease	disease_5182	9.83492672944494e-11
Disease	disease_3355	9.82567719394835e-11
Disease	disease_4191	9.81095855210027e-11
Disease	disease_952	9.802031193146624e-11
Disease	disease_18335	9.800990415036461e-11
Disease	disease_44629	9.787904776104356e-11
Disease	disease_4066	9.786534964358952e-11
Disease	disease_17942	9.784600435388866e-11
Disease	disease_16922	9.770331488044728e-11
Disease	disease_237	9.770317270778152e-11
Disease	disease_4414	9.7498931711147e-11
Disease	disease_1714	9.732215992644559e-11
Disease	disease_2897	9.732215992644559e-11
Disease	disease_4163	9.726665028699226e-11
Disease	disease_19480	9.708765456611675e-11
Disease	disease_23232	9.70199328173596e-11
Disease	disease_4851	9.70199328173596e-11
Disease	disease_33821	9.699557689559448e-11
Disease	disease_18720	9.695261380026794e-11
Disease	disease_2171	9.695161099827604e-11
Disease	disease_5779	9.66449844820348e-11
Disease	disease_24892	9.660077290275729e-11
Disease	disease_19971	9.660077290275729e-11
Disease	disease_3746	9.655631213047972e-11
Disease	disease_7170	9.652511579649987e-11
Disease	disease_6480	9.645323123709489e-11
Disease	disease_8107	9.624367337297414e-11
Disease	disease_5699	9.615287606582916e-11
Disease	disease_2588	9.607585767733824e-11
Disease	disease_6340	9.593826658048113e-11
Disease	disease_21287	9.587917897919525e-11
Disease	disease_16787	9.586688888534939e-11
Disease	disease_2376	9.576346554983541e-11
Disease	disease_24686	9.575204908131472e-11
Disease	disease_16574	9.574740555136348e-11
Disease	disease_15415	9.558207882620705e-11
Disease	disease_22518	9.555873976916251e-11
Disease	disease_21032	9.546424769560941e-11
Disease	disease_8606	9.532987023009291e-11
Disease	disease_21078	9.503817715669881e-11
Disease	disease_20308	9.503523362895313e-11
Disease	disease_44645	9.500744503030227e-11
Disease	disease_5687	9.499706819792676e-11
Disease	disease_5892	9.495019730924174e-11
Disease	disease_2246	9.483472413683326e-11
Disease	disease_1293	9.481029666140607e-11
Disease	disease_12299	9.478110757913579e-11
Disease	disease_32911	9.475665176387266e-11
Disease	disease_21805	9.455742542800153e-11
Disease	disease_1036	9.399317768980455e-11
Disease	disease_1202	9.397691002898876e-11
Disease	disease_30058	9.36490186408046e-11
Disease	disease_4320	9.356794498174462e-11
Disease	disease_42974	9.347130867896858e-11
Disease	disease_17710	9.343570632422642e-11
Disease	disease_22338	9.338090751049018e-11
Disease	disease_2984	9.338090751049018e-11
Disease	disease_23415	9.327490990091058e-11
Disease	disease_1984	9.327490990091058e-11
Disease	disease_4824	9.327490990091058e-11
Disease	disease_22636	9.327490990091058e-11
Disease	disease_4656	9.318175071015373e-11
Disease	disease_9321	9.31742151259627e-11
Disease	disease_8882	9.294603488483732e-11
Disease	disease_21159	9.281987562249438e-11
Disease	disease_7006	9.243020039086027e-11
Disease	disease_32802	9.212668227350812e-11
Disease	disease_24673	9.199749709141843e-11
Disease	disease_3452	9.187382613959196e-11
Disease	disease_20776	9.185003826462497e-11
Disease	disease_935	9.172155868694087e-11
Disease	disease_15040	9.168622451255456e-11
Disease	disease_15041	9.168622451255456e-11
Disease	disease_5634	9.161991130691572e-11
Disease	disease_4173	9.156522859873504e-11
Disease	disease_1691	9.150960803493257e-11
Disease	disease_3333	9.143747247987637e-11
Disease	disease_3704	9.140606989679335e-11
Disease	disease_22618	9.136150445552249e-11
Disease	disease_15430	9.127679910065134e-11
Disease	disease_9357	9.116988299923929e-11
Disease	disease_1430	9.108536073442367e-11
Disease	disease_12697	9.106674173956208e-11
Disease	disease_5588	9.104909908283718e-11
Disease	disease_15443	9.103069877462995e-11
Disease	disease_5978	9.059805870814664e-11
Disease	disease_6800	9.056870554165468e-11
Disease	disease_6766	9.056870554165468e-11
Disease	disease_19191	9.052857718677413e-11
Disease	disease_24410	9.023040235826422e-11
Disease	disease_7075	8.975163231047927e-11
Disease	disease_9200	8.961712389645973e-11
Disease	disease_20636	8.953063222714006e-11
Disease	disease_3769	8.947607920639903e-11
Disease	disease_250	8.929740504159771e-11
Disease	disease_43373	8.928594323342595e-11
Disease	disease_16531	8.920969997975132e-11
Disease	disease_18962	8.920969997975132e-11
Disease	disease_3447	8.912882021453269e-11
Disease	disease_12148	8.90876668716171e-11
Disease	disease_1893	8.90540325772463e-11
Disease	disease_16927	8.903307180994058e-11
Disease	disease_5830	8.898861327960072e-11
Disease	disease_5755	8.898861327960072e-11
Disease	disease_5652	8.898861327960072e-11
Disease	disease_5855	8.898861327960072e-11
Disease	disease_18583	8.898861327960072e-11
Disease	disease_5875	8.898861327960072e-11
Disease	disease_5658	8.898861327960072e-11
Disease	disease_5927	8.898861327960072e-11
Disease	disease_18110	8.898861327960072e-11
Disease	disease_18107	8.898861327960072e-11
Disease	disease_2594	8.898861327960072e-11
Disease	disease_2595	8.898861327960072e-11
Disease	disease_23164	8.898861327960072e-11
Disease	disease_5932	8.898861327960072e-11
Disease	disease_5838	8.853928111684742e-11
Disease	disease_9978	8.843914674438082e-11
Disease	disease_1435	8.838971876893516e-11
Disease	disease_4578	8.838971876893516e-11
Disease	disease_17392	8.82428789067102e-11
Disease	disease_1667	8.812718627303128e-11
Disease	disease_15200	8.801939385387236e-11
Disease	disease_21812	8.79350876527565e-11
Disease	disease_1459	8.789077788960748e-11
Disease	disease_2684	8.78864220350172e-11
Disease	disease_2683	8.78864220350172e-11
Disease	disease_6396	8.781218479830646e-11
Disease	disease_22642	8.778972808887486e-11
Disease	disease_1377	8.753311841687062e-11
Disease	disease_499	8.753099108975592e-11
Disease	disease_1724	8.728319382994074e-11
Disease	disease_1532	8.709426463009179e-11
Disease	disease_37256	8.695455959373821e-11
Disease	disease_2351	8.655459332549827e-11
Disease	disease_397	8.640453113232177e-11
Disease	disease_24182	8.635216426896507e-11
Disease	disease_17164	8.612461904826951e-11
Disease	disease_15422	8.595525250717788e-11
Disease	disease_12049	8.595525250717788e-11
Disease	disease_15421	8.595525250717788e-11
Disease	disease_4700	8.579734158496498e-11
Disease	disease_4363	8.50810443117843e-11
Disease	disease_24311	8.503770081119018e-11
Disease	disease_27029	8.495363246809064e-11
Disease	disease_25082	8.494326009881084e-11
Disease	disease_8142	8.485691345392875e-11
Disease	disease_7372	8.475732296744607e-11
Disease	disease_4013	8.468144957023234e-11
Disease	disease_4423	8.466775411401033e-11
Disease	disease_27751	8.445868233785661e-11
Disease	disease_27750	8.445868233785661e-11
Disease	disease_1368	8.44399218857468e-11
Disease	disease_2449	8.44399218857468e-11
Disease	disease_1983	8.44399218857468e-11
Disease	disease_2327	8.439766601029161e-11
Disease	disease_17081	8.435150930575355e-11
Disease	disease_17082	8.435150930575355e-11
Disease	disease_4797	8.43433953325204e-11
Disease	disease_21736	8.419777960406282e-11
Disease	disease_15382	8.395025771142245e-11
Disease	disease_271	8.389054597957495e-11
Disease	disease_20659	8.386700664174549e-11
Disease	disease_4667	8.382688558531961e-11
Disease	disease_4539	8.363843955627636e-11
Disease	disease_18929	8.360616528550184e-11
Disease	disease_16959	8.357263244562795e-11
Disease	disease_2000	8.35537491496315e-11
Disease	disease_20382	8.35282192295512e-11
Disease	disease_44793	8.34751983088979e-11
Disease	disease_15381	8.343638660305215e-11
Disease	disease_31010	8.341445566968085e-11
Disease	disease_6940	8.321325050865826e-11
Disease	disease_15724	8.31448832172978e-11
Disease	disease_6922	8.313582672166538e-11
Disease	disease_15471	8.309933815215027e-11
Disease	disease_882	8.308627218932998e-11
Disease	disease_883	8.308627218932998e-11
Disease	disease_884	8.308627218932998e-11
Disease	disease_1813	8.308206615275065e-11
Disease	disease_4799	8.308206615275065e-11
Disease	disease_4221	8.305914979359121e-11
Disease	disease_16190	8.305149922214567e-11
Disease	disease_6904	8.303360230397026e-11
Disease	disease_17981	8.268347905625909e-11
Disease	disease_18046	8.268347905625909e-11
Disease	disease_17331	8.268347905625909e-11
Disease	disease_4140	8.259508164919014e-11
Disease	disease_3953	8.236857070302693e-11
Disease	disease_12482	8.234272619791932e-11
Disease	disease_273	8.234272619791932e-11
Disease	disease_2029	8.222291931848537e-11
Disease	disease_44627	8.209890832893363e-11
Disease	disease_18616	8.209890832893363e-11
Disease	disease_18460	8.209890832893363e-11
Disease	disease_23868	8.209890832893363e-11
Disease	disease_6843	8.209890832893363e-11
Disease	disease_1855	8.209890832893363e-11
Disease	disease_2624	8.196620938477957e-11
Disease	disease_18847	8.180008736228353e-11
Disease	disease_1764	8.173362343252248e-11
Disease	disease_15387	8.173303513355185e-11
Disease	disease_5896	8.171110400289614e-11
Disease	disease_23076	8.162890290985996e-11
Disease	disease_4257	8.154006694795746e-11
Disease	disease_4109	8.116461507930945e-11
Disease	disease_43959	8.101830236164823e-11
Disease	disease_2968	8.101830236164823e-11
Disease	disease_10228	8.084210880432248e-11
Disease	disease_3518	8.080951736032731e-11
Disease	disease_3100	8.08020958722373e-11
Disease	disease_3826	8.073499622179603e-11
Disease	disease_3980	8.063202919912893e-11
Disease	disease_4374	8.052643765155994e-11
Disease	disease_3464	8.049570577314163e-11
Disease	disease_15272	8.041193082636879e-11
Disease	disease_1053	8.032391671327275e-11
Disease	disease_16458	8.023747751222488e-11
Disease	disease_43110	8.022867874428706e-11
Disease	disease_23040	8.022867874428706e-11
Disease	disease_23041	8.022867874428706e-11
Disease	disease_23042	8.022867874428706e-11
Disease	disease_23045	8.022867874428706e-11
Disease	disease_23046	8.022867874428706e-11
Disease	disease_23048	8.022867874428706e-11
Disease	disease_22432	8.022867874428706e-11
Disease	disease_22611	8.022867874428706e-11
Disease	disease_19206	8.022867874428706e-11
Disease	disease_4920	8.00284150252944e-11
Disease	disease_2740	7.969954014153152e-11
Disease	disease_7185	7.960191111255414e-11
Disease	disease_25377	7.956479086445339e-11
Disease	disease_1773	7.933976394434729e-11
Disease	disease_21275	7.926732460934087e-11
Disease	disease_4016	7.90043622499406e-11
Disease	disease_6489	7.879024039886581e-11
Disease	disease_2299	7.87780854741348e-11
Disease	disease_3336	7.84843347115984e-11
Disease	disease_19972	7.824028937360036e-11
Disease	disease_19196	7.824028937360036e-11
Disease	disease_18145	7.824028937360036e-11
Disease	disease_1257	7.800074953950865e-11
Disease	disease_42495	7.800074953950865e-11
Disease	disease_31003	7.789935964000323e-11
Disease	disease_16943	7.779852652190314e-11
Disease	disease_2240	7.777245189781155e-11
Disease	disease_4270	7.772386463948141e-11
Disease	disease_4271	7.772386463948141e-11
Disease	disease_24392	7.746208445550766e-11
Disease	disease_1009	7.736311185220783e-11
Disease	disease_20568	7.698297409477048e-11
Disease	disease_1689	7.694686399417815e-11
Disease	disease_6777	7.694686399417815e-11
Disease	disease_18767	7.68978950882781e-11
Disease	disease_15042	7.688872544499004e-11
Disease	disease_2754	7.688872544499004e-11
Disease	disease_2755	7.688872544499004e-11
Disease	disease_15043	7.688872544499004e-11
Disease	disease_24285	7.687531459232603e-11
Disease	disease_659	7.687531459232603e-11
Disease	disease_3648	7.686303777119431e-11
Disease	disease_1849	7.685132812377994e-11
Disease	disease_24430	7.681505609861738e-11
Disease	disease_100125	7.681505609861738e-11
Disease	disease_20670	7.672027161367557e-11
Disease	disease_6986	7.662000413595426e-11
Disease	disease_1496	7.642716067341714e-11
Disease	disease_6977	7.642716067341714e-11
Disease	disease_1495	7.642716067341714e-11
Disease	disease_1497	7.642716067341714e-11
Disease	disease_3610	7.612744809072109e-11
Disease	disease_4096	7.586669654397112e-11
Disease	disease_8138	7.578340289329944e-11
Disease	disease_5821	7.577507878749937e-11
Disease	disease_44912	7.569648760678824e-11
Disease	disease_2537	7.568239516458978e-11
Disease	disease_15395	7.557617355167515e-11
Disease	disease_18832	7.539826021591166e-11
Disease	disease_8410	7.523255407370676e-11
Disease	disease_6394	7.515371986533891e-11
Disease	disease_1363	7.514244858529052e-11
Disease	disease_4208	7.506610074715205e-11
Disease	disease_16509	7.476959908537526e-11
Disease	disease_4673	7.475415208334924e-11
Disease	disease_4624	7.453753081501141e-11
Disease	disease_1757	7.447787198608408e-11
Disease	disease_4046	7.44339209977684e-11
Disease	disease_1122	7.429854621069304e-11
Disease	disease_17958	7.428188018511948e-11
Disease	disease_16662	7.428188018511948e-11
Disease	disease_18226	7.424912489315112e-11
Disease	disease_18267	7.424912489315112e-11
Disease	disease_927	7.423474783831466e-11
Disease	disease_15031	7.42075715190133e-11
Disease	disease_6010	7.407259625505608e-11
Disease	disease_9373	7.398272274634782e-11
Disease	disease_19647	7.397389997164862e-11
Disease	disease_19646	7.397389997164862e-11
Disease	disease_293	7.390544615049433e-11
Disease	disease_11536	7.37182879725383e-11
Disease	disease_100286	7.369435712371024e-11
Disease	disease_3420	7.367239135295894e-11
Disease	disease_7787	7.361388042612049e-11
Disease	disease_4757	7.350735948245664e-11
Disease	disease_1123	7.350735948245664e-11
Disease	disease_16360	7.331357134724599e-11
Disease	disease_21465	7.330703402427386e-11
Disease	disease_17153	7.304270991593441e-11
Disease	disease_17154	7.304270991593441e-11
Disease	disease_17155	7.304270991593441e-11
Disease	disease_17156	7.304270991593441e-11
Disease	disease_4504	7.301010097464592e-11
Disease	disease_19320	7.280579373020784e-11
Disease	disease_3695	7.276344108304935e-11
Disease	disease_1906	7.265735429521977e-11
Disease	disease_25491	7.260885224612466e-11
Disease	disease_17534	7.24862221445946e-11
Disease	disease_17533	7.24862221445946e-11
Disease	disease_22673	7.237125611050614e-11
Disease	disease_22567	7.237125611050614e-11
Disease	disease_22672	7.237125611050614e-11
Disease	disease_18022	7.235470546519655e-11
Disease	disease_43836	7.227262982609561e-11
Disease	disease_953	7.2174379818756e-11
Disease	disease_1488	7.211585814831606e-11
Disease	disease_1215	7.201975885185717e-11
Disease	disease_20959	7.184819608075386e-11
Disease	disease_11105	7.168228243944999e-11
Disease	disease_6287	7.164502504994366e-11
Disease	disease_3096	7.149338857904083e-11
Disease	disease_4512	7.148097931802927e-11
Disease	disease_4281	7.146323776492026e-11
Disease	disease_18850	7.137468114992863e-11
Disease	disease_15773	7.135476927761426e-11
Disease	disease_24518	7.131250041651215e-11
Disease	disease_3863	7.119871842346485e-11
Disease	disease_15050	7.088461760816464e-11
Disease	disease_15051	7.088461760816464e-11
Disease	disease_4327	7.076464781888251e-11
Disease	disease_3463	7.074404446107554e-11
Disease	disease_20220	7.050898369988035e-11
Disease	disease_17382	7.038043957574795e-11
Disease	disease_3254	7.024552776924113e-11
Disease	disease_20813	7.024424435192299e-11
Disease	disease_3374	7.009552859382524e-11
Disease	disease_6246	6.992175970938463e-11
Disease	disease_3895	6.992175970938463e-11
Disease	disease_23472	6.991136286284756e-11
Disease	disease_22729	6.991136286284756e-11
Disease	disease_3369	6.988463926708787e-11
Disease	disease_1171	6.981461327200049e-11
Disease	disease_1670	6.978219534873351e-11
Disease	disease_1514	6.967711881298798e-11
Disease	disease_15414	6.961345858464315e-11
Disease	disease_43094	6.960674111174563e-11
Disease	disease_2694	6.94450426072927e-11
Disease	disease_2693	6.94450426072927e-11
Disease	disease_18255	6.936241445957173e-11
Disease	disease_11856	6.936241445957173e-11
Disease	disease_6317	6.934308939011262e-11
Disease	disease_17877	6.908033993629603e-11
Disease	disease_17878	6.908033993629603e-11
Disease	disease_3752	6.901133622276311e-11
Disease	disease_4457	6.898136360292092e-11
Disease	disease_42969	6.889671597122458e-11
Disease	disease_6378	6.889229564365566e-11
Disease	disease_17519	6.889089243912981e-11
Disease	disease_17520	6.889089243912981e-11
Disease	disease_3923	6.882757712010179e-11
Disease	disease_25263	6.882133147764502e-11
Disease	disease_3911	6.86795062331551e-11
Disease	disease_17800	6.863495179621504e-11
Disease	disease_17801	6.863495179621504e-11
Disease	disease_16092	6.863495179621504e-11
Disease	disease_4925	6.856244901079684e-11
Disease	disease_44344	6.852631132101233e-11
Disease	disease_44351	6.852631132101233e-11
Disease	disease_35892	6.830634076701632e-11
Disease	disease_2325	6.828142765828556e-11
Disease	disease_6702	6.815665285196941e-11
Disease	disease_20363	6.81216236437922e-11
Disease	disease_17391	6.81216236437922e-11
Disease	disease_5983	6.805682270917196e-11
Disease	disease_8454	6.783903228078221e-11
Disease	disease_8654	6.773044650931609e-11
Disease	disease_18263	6.762591517943094e-11
Disease	disease_6380	6.737962716333594e-11
Disease	disease_4687	6.723206372697663e-11
Disease	disease_30974	6.715908392709335e-11
Disease	disease_6550	6.70912339884344e-11
Disease	disease_20183	6.70766560171088e-11
Disease	disease_20181	6.70766560171088e-11
Disease	disease_25397	6.70316509093315e-11
Disease	disease_19849	6.701940470431707e-11
Disease	disease_4559	6.689219866212376e-11
Disease	disease_16757	6.689219866212376e-11
Disease	disease_2713	6.678559723185546e-11
Disease	disease_10932	6.677298423740254e-11
Disease	disease_13221	6.670022420424601e-11
Disease	disease_6660	6.663535604985839e-11
Disease	disease_2717	6.659710245916338e-11
Disease	disease_100096	6.648397760264696e-11
Disease	disease_1388	6.643948662964125e-11
Disease	disease_1479	6.63555472358474e-11
Disease	disease_43277	6.632183138086279e-11
Disease	disease_43452	6.632183138086279e-11
Disease	disease_6924	6.625819269295519e-11
Disease	disease_4079	6.620094021654296e-11
Disease	disease_12800	6.616495251050779e-11
Disease	disease_1177	6.611452407295059e-11
Disease	disease_1274	6.611452407295059e-11
Disease	disease_20971	6.607672744104227e-11
Disease	disease_2712	6.59738549920782e-11
Disease	disease_18837	6.586844255340046e-11
Disease	disease_1329	6.582244425310062e-11
Disease	disease_1580	6.574070613040508e-11
Disease	disease_2535	6.527283170150455e-11
Disease	disease_4713	6.521554573437905e-11
Disease	disease_4059	6.507199631583784e-11
Disease	disease_6790	6.507199631583784e-11
Disease	disease_5949	6.469309180389473e-11
Disease	disease_44785	6.466058895040371e-11
Disease	disease_21486	6.45369033730701e-11
Disease	disease_16451	6.426516156330813e-11
Disease	disease_16452	6.426516156330813e-11
Disease	disease_16626	6.417843636010693e-11
Disease	disease_3372	6.41226821145763e-11
Disease	disease_16772	6.377819826316621e-11
Disease	disease_16774	6.377819826316621e-11
Disease	disease_16771	6.377819826316621e-11
Disease	disease_16773	6.377819826316621e-11
Disease	disease_16770	6.377819826316621e-11
Disease	disease_16769	6.377819826316621e-11
Disease	disease_16454	6.376541845324306e-11
Disease	disease_34041	6.376541845324306e-11
Disease	disease_18507	6.376541845324306e-11
Disease	disease_11463	6.376541845324306e-11
Disease	disease_19550	6.376541845324306e-11
Disease	disease_2106	6.366880569051604e-11
Disease	disease_1897	6.366880569051604e-11
Disease	disease_3567	6.366880569051604e-11
Disease	disease_4801	6.366880569051604e-11
Disease	disease_2107	6.366880569051604e-11
Disease	disease_1959	6.366880569051604e-11
Disease	disease_6826	6.364409228207546e-11
Disease	disease_6848	6.364409228207546e-11
Disease	disease_16103	6.350568161291866e-11
Disease	disease_2894	6.346989672240144e-11
Disease	disease_24746	6.32906862729167e-11
Disease	disease_18839	6.326617324026727e-11
Disease	disease_1055	6.324766284103843e-11
Disease	disease_3733	6.300816951946801e-11
Disease	disease_2804	6.297283011063916e-11
Disease	disease_6149	6.288917678728813e-11
Disease	disease_4513	6.273539153580931e-11
Disease	disease_3899	6.273539153580931e-11
Disease	disease_19837	6.264598220933486e-11
Disease	disease_3516	6.262635894904485e-11
Disease	disease_1768	6.26247721676879e-11
Disease	disease_1767	6.26247721676879e-11
Disease	disease_100013	6.258785006437002e-11
Disease	disease_18192	6.236654851255203e-11
Disease	disease_44998	6.229464317862589e-11
Disease	disease_5987	6.226196880108477e-11
Disease	disease_12202	6.221538053500794e-11
Disease	disease_23149	6.214892730837439e-11
Disease	disease_20115	6.201288065968129e-11
Disease	disease_44656	6.195834444412177e-11
Disease	disease_11999	6.174573808710913e-11
Disease	disease_3376	6.169325466273389e-11
Disease	disease_20843	6.164775757821855e-11
Disease	disease_3118	6.163874228041617e-11
Disease	disease_43541	6.149506701536013e-11
Disease	disease_21204	6.143181833345117e-11
Disease	disease_100066	6.12449388266995e-11
Disease	disease_100065	6.12449388266995e-11
Disease	disease_15450	6.117000658657122e-11
Disease	disease_9467	6.091398366567119e-11
Disease	disease_3609	6.085394109573104e-11
Disease	disease_1458	6.077778078088013e-11
Disease	disease_15408	6.070309668925551e-11
Disease	disease_6841	6.070309668925551e-11
Disease	disease_20390	6.068263763987865e-11
Disease	disease_15594	6.061420537775015e-11
Disease	disease_44644	6.059071302368673e-11
Disease	disease_1715	6.047870476872987e-11
Disease	disease_21485	6.039999319310689e-11
Disease	disease_515	6.023624405695139e-11
Disease	disease_4086	6.013046728742205e-11
Disease	disease_1237	6.010052121799808e-11
Disease	disease_19889	6.00403100354164e-11
Disease	disease_1606	6.001723679730432e-11
Disease	disease_1457	5.991236703227301e-11
Disease	disease_1455	5.991236703227301e-11
Disease	disease_1454	5.991236703227301e-11
Disease	disease_1456	5.991236703227301e-11
Disease	disease_1453	5.991236703227301e-11
Disease	disease_1452	5.991236703227301e-11
Disease	disease_6069	5.989322091970072e-11
Disease	disease_18648	5.984258033287834e-11
Disease	disease_2188	5.98409672653459e-11
Disease	disease_18156	5.978478553393533e-11
Disease	disease_15439	5.976610737207005e-11
Disease	disease_4428	5.973288340420309e-11
Disease	disease_1224	5.972716855709251e-11
Disease	disease_1219	5.972716855709251e-11
Disease	disease_1228	5.972716855709251e-11
Disease	disease_3955	5.952817129068796e-11
Disease	disease_21653	5.952694623879248e-11
Disease	disease_2951	5.949563524739207e-11
Disease	disease_19895	5.936910143460395e-11
Disease	disease_3859	5.933401930887262e-11
Disease	disease_1054	5.926505701467102e-11
Disease	disease_17257	5.922075316327277e-11
Disease	disease_18152	5.922075316327277e-11
Disease	disease_19826	5.921448159612405e-11
Disease	disease_21281	5.921163747207977e-11
Disease	disease_1837	5.91677225531933e-11
Disease	disease_20809	5.904134034691468e-11
Disease	disease_17963	5.883445865588829e-11
Disease	disease_17964	5.883445865588829e-11
Disease	disease_15591	5.8574766434246e-11
Disease	disease_299	5.85673315782309e-11
Disease	disease_17490	5.853318047076949e-11
Disease	disease_17491	5.853318047076949e-11
Disease	disease_1471	5.853074018778714e-11
Disease	disease_6233	5.842862232879308e-11
Disease	disease_15666	5.84173385749468e-11
Disease	disease_20438	5.84173385749468e-11
Disease	disease_4909	5.830049039721038e-11
Disease	disease_4760	5.830049039721038e-11
Disease	disease_1730	5.830049039721038e-11
Disease	disease_5831	5.825721320574642e-11
Disease	disease_15678	5.819641165764277e-11
Disease	disease_1312	5.8049893858244455e-11
Disease	disease_17727	5.8014297038293086e-11
Disease	disease_20660	5.797611110912772e-11
Disease	disease_2627	5.797611110912772e-11
Disease	disease_4301	5.797611110912772e-11
Disease	disease_3120	5.784825424594655e-11
Disease	disease_8906	5.780463148937295e-11
Disease	disease_4538	5.7791012539532436e-11
Disease	disease_6140	5.7791012539532436e-11
Disease	disease_3003	5.769857222966402e-11
Disease	disease_16284	5.769857222966402e-11
Disease	disease_16282	5.769857222966402e-11
Disease	disease_3121	5.767490164771191e-11
Disease	disease_3428	5.7568549951882184e-11
Disease	disease_22930	5.741982125770005e-11
Disease	disease_23134	5.7392724006069726e-11
Disease	disease_8053	5.7175209286391865e-11
Disease	disease_12797	5.696095112894271e-11
Disease	disease_2990	5.686577267067956e-11
Disease	disease_21446	5.686258354311745e-11
Disease	disease_2189	5.685329414551518e-11
Disease	disease_18984	5.6825221489706736e-11
Disease	disease_1120	5.6785253057027736e-11
Disease	disease_1939	5.677847847650247e-11
Disease	disease_13903	5.65441616132765e-11
Disease	disease_4040	5.649379345410453e-11
Disease	disease_1863	5.6398877961487613e-11
Disease	disease_5841	5.6327303902510977e-11
Disease	disease_44817	5.614876214585098e-11
Disease	disease_10836	5.610301993625937e-11
Disease	disease_6285	5.609051517559026e-11
Disease	disease_4560	5.605224385142545e-11
Disease	disease_15167	5.5983143546895944e-11
Disease	disease_20456	5.576076521408941e-11
Disease	disease_20455	5.576076521408941e-11
Disease	disease_20454	5.576076521408941e-11
Disease	disease_1921	5.5717153052793995e-11
Disease	disease_3515	5.545363370903645e-11
Disease	disease_24954	5.5355838218283326e-11
Disease	disease_3236	5.533018818330079e-11
Disease	disease_1608	5.53255104491761e-11
Disease	disease_45052	5.5108900252524046e-11
Disease	disease_6393	5.4897128596906735e-11
Disease	disease_13833	5.478682640325452e-11
Disease	disease_13831	5.478682640325452e-11
Disease	disease_13830	5.478682640325452e-11
Disease	disease_13832	5.478682640325452e-11
Disease	disease_16966	5.465269651496671e-11
Disease	disease_16081	5.464629865974617e-11
Disease	disease_19825	5.464629865974617e-11
Disease	disease_6427	5.46452132944844e-11
Disease	disease_3045	5.464402289022097e-11
Disease	disease_4940	5.463519754788785e-11
Disease	disease_2919	5.453209064872151e-11
Disease	disease_1816	5.446749810262452e-11
Disease	disease_3082	5.446749810262452e-11
Disease	disease_1395	5.446749810262452e-11
Disease	disease_25494	5.4421942790467255e-11
Disease	disease_3347	5.434244416213908e-11
Disease	disease_3348	5.434244416213908e-11
Disease	disease_21553	5.41375309145657e-11
Disease	disease_100115	5.41375309145657e-11
Disease	disease_6280	5.410736200441654e-11
Disease	disease_12021	5.4096739324845715e-11
Disease	disease_21070	5.3845794313873065e-11
Disease	disease_8813	5.378458898379849e-11
Disease	disease_4792	5.377301023693736e-11
Disease	disease_100129	5.351977442169686e-11
Disease	disease_20178	5.346564971391355e-11
Disease	disease_17107	5.345291801062919e-11
Disease	disease_18599	5.344960703855705e-11
Disease	disease_18600	5.344960703855705e-11
Disease	disease_21673	5.334409878395333e-11
Disease	disease_1771	5.334409878395333e-11
Disease	disease_19730	5.330602344188968e-11
Disease	disease_19729	5.330602344188968e-11
Disease	disease_19728	5.330602344188968e-11
Disease	disease_15289	5.317207562475691e-11
Disease	disease_13484	5.310460547184876e-11
Disease	disease_4520	5.3079613280172486e-11
Disease	disease_16617	5.287656324136256e-11
Disease	disease_16618	5.287656324136256e-11
Disease	disease_1281	5.2867157060613076e-11
Disease	disease_1392	5.2867157060613076e-11
Disease	disease_7062	5.2846579231919026e-11
Disease	disease_20808	5.284023764200332e-11
Disease	disease_3771	5.278493830283966e-11
Disease	disease_25404	5.264920136660956e-11
Disease	disease_1894	5.238747926837977e-11
Disease	disease_3446	5.2365244506786035e-11
Disease	disease_3951	5.2338741736943144e-11
Disease	disease_6880	5.2288558294884126e-11
Disease	disease_21488	5.223224035657987e-11
Disease	disease_20365	5.2113022955221096e-11
Disease	disease_524	5.192761463760079e-11
Disease	disease_2583	5.1785610744989364e-11
Disease	disease_37739	5.1629179019410334e-11
Disease	disease_3103	5.158044922948634e-11
Disease	disease_17229	5.145734915392481e-11
Disease	disease_17781	5.145734915392481e-11
Disease	disease_4883	5.143629323761543e-11
Disease	disease_42496	5.133113228711202e-11
Disease	disease_7506	5.123399250411368e-11
Disease	disease_21826	5.119640188943973e-11
Disease	disease_3565	5.107555241646574e-11
Disease	disease_4866	5.092563445505364e-11
Disease	disease_20196	5.076685987160411e-11
Disease	disease_17454	5.0760446115453585e-11
Disease	disease_18249	5.0760446115453585e-11
Disease	disease_18777	5.0760446115453585e-11
Disease	disease_9500	5.068427281217331e-11
Disease	disease_19906	5.055223725634311e-11
Disease	disease_19909	5.055223725634311e-11
Disease	disease_19903	5.055223725634311e-11
Disease	disease_15434	5.055223725634311e-11
Disease	disease_15435	5.055223725634311e-11
Disease	disease_15433	5.055223725634311e-11
Disease	disease_19904	5.055223725634311e-11
Disease	disease_19905	5.055223725634311e-11
Disease	disease_19908	5.055223725634311e-11
Disease	disease_16654	5.055223725634311e-11
Disease	disease_15424	5.037533337261531e-11
Disease	disease_750	5.028587998981488e-11
Disease	disease_44978	5.025410671950357e-11
Disease	disease_16053	5.0245790662306954e-11
Disease	disease_12962	5.011996714245539e-11
Disease	disease_30998	4.997171531448519e-11
Disease	disease_4381	4.986609585621509e-11
Disease	disease_13138	4.979057119930627e-11
Disease	disease_2769	4.958864317089734e-11
Disease	disease_5791	4.958105752579268e-11
Disease	disease_20392	4.9526861220685596e-11
Disease	disease_11409	4.950697899202586e-11
Disease	disease_17528	4.93587738591533e-11
Disease	disease_17527	4.93587738591533e-11
Disease	disease_15478	4.9242865556035166e-11
Disease	disease_15935	4.9153145392271095e-11
Disease	disease_3830	4.909758888134217e-11
Disease	disease_3831	4.909758888134217e-11
Disease	disease_4159	4.908198038822806e-11
Disease	disease_4158	4.908198038822806e-11
Disease	disease_5177	4.9076254362638335e-11
Disease	disease_2910	4.899769609820149e-11
Disease	disease_3946	4.894974326190611e-11
Disease	disease_16835	4.8862994604450364e-11
Disease	disease_11204	4.8762207341517745e-11
Disease	disease_240	4.870220518683124e-11
Disease	disease_18252	4.854340745353227e-11
Disease	disease_60774	4.8496514847179395e-11
Disease	disease_5903	4.839940681051476e-11
Disease	disease_238	4.839744285344613e-11
Disease	disease_4879	4.8350158960975087e-11
Disease	disease_4886	4.8350158960975087e-11
Disease	disease_1604	4.822347327064462e-11
Disease	disease_2219	4.8187015301227455e-11
Disease	disease_19970	4.8048372322461946e-11
Disease	disease_54771	4.795979751864847e-11
Disease	disease_45053	4.778185833500288e-11
Disease	disease_5776	4.7648559499785047e-11
Disease	disease_44797	4.746247219364394e-11
Disease	disease_3153	4.743548885012814e-11
Disease	disease_3742	4.7007546264899835e-11
Disease	disease_6381	4.669203858934133e-11
Disease	disease_6179	4.669203858934133e-11
Disease	disease_5739	4.6598925127254557e-11
Disease	disease_4305	4.637609309459896e-11
Disease	disease_23528	4.623162362438554e-11
Disease	disease_43275	4.623162362438554e-11
Disease	disease_16373	4.6097872145250997e-11
Disease	disease_24480	4.6053453599794506e-11
Disease	disease_20465	4.6053453599794506e-11
Disease	disease_1268	4.5518405211201924e-11
Disease	disease_2853	4.539915289215286e-11
Disease	disease_17927	4.530127571246551e-11
Disease	disease_4325	4.527694759055264e-11
Disease	disease_1369	4.521698640568965e-11
Disease	disease_3307	4.518589613158435e-11
Disease	disease_15256	4.517311670353973e-11
Disease	disease_25385	4.4953897014542874e-11
Disease	disease_2576	4.4871458111349933e-11
Disease	disease_19630	4.470248292410643e-11
Disease	disease_20688	4.462254615967682e-11
Disease	disease_6286	4.4579146183698656e-11
Disease	disease_1212	4.456008888854197e-11
Disease	disease_4666	4.4502058481128486e-11
Disease	disease_5759	4.4502058481128486e-11
Disease	disease_5870	4.4502058481128486e-11
Disease	disease_5802	4.4502058481128486e-11
Disease	disease_4755	4.4502058481128486e-11
Disease	disease_5729	4.4502058481128486e-11
Disease	disease_295	4.4502058481128486e-11
Disease	disease_5705	4.4502058481128486e-11
Disease	disease_4672	4.4502058481128486e-11
Disease	disease_4662	4.4502058481128486e-11
Disease	disease_5895	4.4502058481128486e-11
Disease	disease_1793	4.4474903406764634e-11
Disease	disease_19821	4.438864181520012e-11
Disease	disease_12653	4.4301533823988824e-11
Disease	disease_1720	4.414826388681019e-11
Disease	disease_17585	4.412321410774903e-11
Disease	disease_24356	4.4097406883327245e-11
Disease	disease_24360	4.4097406883327245e-11
Disease	disease_24359	4.4097406883327245e-11
Disease	disease_24357	4.4097406883327245e-11
Disease	disease_7802	4.39948459624629e-11
Disease	disease_16850	4.3977163814762806e-11
Disease	disease_17018	4.393668012310004e-11
Disease	disease_2858	4.3914327777344406e-11
Disease	disease_3035	4.3914327777344406e-11
Disease	disease_783	4.364673706144517e-11
Disease	disease_782	4.364673706144517e-11
Disease	disease_781	4.364673706144517e-11
Disease	disease_784	4.364673706144517e-11
Disease	disease_6211	4.358402234613579e-11
Disease	disease_17634	4.3555476586690466e-11
Disease	disease_4865	4.3115141011965816e-11
Disease	disease_2737	4.3115141011965816e-11
Disease	disease_12995	4.3093740581161244e-11
Disease	disease_4509	4.2873496616965984e-11
Disease	disease_4353	4.2873496616965984e-11
Disease	disease_487	4.286841100441861e-11
Disease	disease_5986	4.286417223722724e-11
Disease	disease_4519	4.282169791034204e-11
Disease	disease_2677	4.27942179253571e-11
Disease	disease_6301	4.275983208417807e-11
Disease	disease_20651	4.2723987198286305e-11
Disease	disease_5805	4.255175740655542e-11
Disease	disease_4461	4.229413438892945e-11
Disease	disease_1989	4.218043408201056e-11
Disease	disease_32941	4.217085460181744e-11
Disease	disease_3808	4.210460608420656e-11
Disease	disease_520	4.202531343413993e-11
Disease	disease_20389	4.1889047826563545e-11
Disease	disease_15103	4.1889047826563545e-11
Disease	disease_15413	4.170526411132902e-11
Disease	disease_15419	4.170526411132902e-11
Disease	disease_16062	4.170526411132902e-11
Disease	disease_20457	4.163255467424695e-11
Disease	disease_24652	4.143776489149893e-11
Disease	disease_17488	4.1386024292609175e-11
Disease	disease_17489	4.1386024292609175e-11
Disease	disease_11187	4.1154763216611704e-11
Disease	disease_3944	4.113156669284534e-11
Disease	disease_7386	4.109979990482566e-11
Disease	disease_6483	4.105472107157181e-11
Disease	disease_3858	4.1019156010966885e-11
Disease	disease_18793	4.090788275848899e-11
Disease	disease_12696	4.087949544687873e-11
Disease	disease_8164	4.083754916167301e-11
Disease	disease_16320	4.0694193873700333e-11
Disease	disease_11880	4.0642399217133344e-11
Disease	disease_15623	4.063694714080952e-11
Disease	disease_5954	4.063694714080952e-11
Disease	disease_19482	4.0439992001296205e-11
Disease	disease_6533	4.0411663750706676e-11
Disease	disease_6553	4.0381119350916046e-11
Disease	disease_1869	4.0346692564419044e-11
Disease	disease_1880	4.0282368799286944e-11
Disease	disease_13508	4.0240647998601794e-11
Disease	disease_43101	4.0206746537746315e-11
Disease	disease_8204	4.003081184183054e-11
Disease	disease_11982	4.002891287129089e-11
Disease	disease_4129	3.991643671853733e-11
Disease	disease_2290	3.988068993603596e-11
Disease	disease_949	3.985580407290037e-11
Disease	disease_15390	3.982027342883546e-11
Disease	disease_18757	3.982027342883546e-11
Disease	disease_15568	3.982027342883546e-11
Disease	disease_15569	3.982027342883546e-11
Disease	disease_15314	3.977458610934104e-11
Disease	disease_16530	3.977458610934104e-11
Disease	disease_15396	3.977458610934104e-11
Disease	disease_3064	3.975464096804741e-11
Disease	disease_44138	3.965308912137612e-11
Disease	disease_16317	3.9621190110324125e-11
Disease	disease_1282	3.957313539935418e-11
Disease	disease_20131	3.9353785731294475e-11
Disease	disease_14264	3.930753744676993e-11
Disease	disease_5880	3.9285504607396814e-11
Disease	disease_9893	3.901848290370728e-11
Disease	disease_20658	3.900128289500697e-11
Disease	disease_19818	3.890606221315209e-11
Disease	disease_18654	3.8896131008552975e-11
Disease	disease_15271	3.8896131008552975e-11
Disease	disease_19760	3.887680287115803e-11
Disease	disease_7464	3.8874269931250783e-11
Disease	disease_23023	3.861554852894346e-11
Disease	disease_1611	3.861554852894346e-11
Disease	disease_20838	3.8596828549650556e-11
Disease	disease_4468	3.8586999993751425e-11
Disease	disease_6751	3.83667195673078e-11
Disease	disease_1616	3.8342351693753814e-11
Disease	disease_30707	3.800150373275857e-11
Disease	disease_21543	3.797565177528077e-11
Disease	disease_17588	3.780753930963295e-11
Disease	disease_6842	3.772490860269127e-11
Disease	disease_1642	3.766926762922021e-11
Disease	disease_15732	3.764444503526667e-11
Disease	disease_15731	3.764444503526667e-11
Disease	disease_4304	3.745347901387453e-11
Disease	disease_4677	3.7388731678325866e-11
Disease	disease_15590	3.7348230786448997e-11
Disease	disease_4243	3.7254439061997184e-11
Disease	disease_1904	3.723979044375385e-11
Disease	disease_1073	3.723979044375385e-11
Disease	disease_1765	3.723979044375385e-11
Disease	disease_6645	3.723979044375385e-11
Disease	disease_25130	3.722353750994439e-11
Disease	disease_25062	3.722353750994439e-11
Disease	disease_19872	3.721134386125641e-11
Disease	disease_20383	3.716366153691253e-11
Disease	disease_9762	3.7149331401933855e-11
Disease	disease_1144	3.7131483666405474e-11
Disease	disease_1145	3.7131483666405474e-11
Disease	disease_6620	3.709730783542816e-11
Disease	disease_15570	3.7085222181236706e-11
Disease	disease_44709	3.7085222181236706e-11
Disease	disease_4913	3.70847109744748e-11
Disease	disease_997	3.70847109744748e-11
Disease	disease_4895	3.70847109744748e-11
Disease	disease_21244	3.6934001989445665e-11
Disease	disease_21183	3.65737953544181e-11
Disease	disease_17012	3.64872090498288e-11
Disease	disease_21243	3.6465657421349155e-11
Disease	disease_1230	3.6304702485009824e-11
Disease	disease_3998	3.629127832893838e-11
Disease	disease_4800	3.6236687503287416e-11
Disease	disease_1588	3.6236687503287416e-11
Disease	disease_100163	3.611042436820221e-11
Disease	disease_169	3.6073661397057866e-11
Disease	disease_1203	3.600495896590475e-11
Disease	disease_40923	3.5940803764558755e-11
Disease	disease_18382	3.5819888335436937e-11
Disease	disease_18635	3.5819888335436937e-11
Disease	disease_22983	3.5819888335436937e-11
Disease	disease_20974	3.580158744233403e-11
Disease	disease_43862	3.580158744233403e-11
Disease	disease_25376	3.578175801820304e-11
Disease	disease_18269	3.56257138622106e-11
Disease	disease_18268	3.56257138622106e-11
Disease	disease_3773	3.5536675975188215e-11
Disease	disease_15638	3.5532603280646597e-11
Disease	disease_15639	3.5532603280646597e-11
Disease	disease_21206	3.520760349657037e-11
Disease	disease_5998	3.5058622616000173e-11
Disease	disease_3444	3.4866222341624315e-11
Disease	disease_5238	3.4488011000790214e-11
Disease	disease_25487	3.446100744069521e-11
Disease	disease_2896	3.4423094091016885e-11
Disease	disease_7025	3.4423094091016885e-11
Disease	disease_6992	3.4423094091016885e-11
Disease	disease_16435	3.4145218152659774e-11
Disease	disease_18221	3.410013731876034e-11
Disease	disease_22607	3.40738118196798e-11
Disease	disease_2860	3.4027875494639426e-11
Disease	disease_1680	3.39611296792643e-11
Disease	disease_18738	3.3929724924096365e-11
Disease	disease_2385	3.3929724924096365e-11
Disease	disease_9713	3.3843094731552904e-11
Disease	disease_1513	3.369066622215493e-11
Disease	disease_1512	3.369066622215493e-11
Disease	disease_4929	3.369066622215493e-11
Disease	disease_1510	3.369066622215493e-11
Disease	disease_3886	3.355854602493653e-11
Disease	disease_13723	3.353131247544836e-11
Disease	disease_13724	3.353131247544836e-11
Disease	disease_24323	3.292043492947268e-11
Disease	disease_17039	3.288567653919367e-11
Disease	disease_20593	3.284437306839403e-11
Disease	disease_4106	3.284187750487695e-11
Disease	disease_4543	3.284187750487695e-11
Disease	disease_4547	3.284187750487695e-11
Disease	disease_4198	3.284187750487695e-11
Disease	disease_4453	3.284187750487695e-11
Disease	disease_4219	3.284187750487695e-11
Disease	disease_4494	3.284187750487695e-11
Disease	disease_4402	3.284187750487695e-11
Disease	disease_4178	3.284187750487695e-11
Disease	disease_4493	3.284187750487695e-11
Disease	disease_22109	3.284167471949512e-11
Disease	disease_21530	3.266456723225084e-11
Disease	disease_2856	3.266274601766864e-11
Disease	disease_3598	3.26521553733951e-11
Disease	disease_3722	3.2599903762590704e-11
Disease	disease_4546	3.2576898814276025e-11
Disease	disease_17430	3.2568099840883943e-11
Disease	disease_25453	3.2337244206133015e-11
Disease	disease_5013	3.214145796298189e-11
Disease	disease_3684	3.214145796298189e-11
Disease	disease_3680	3.214145796298189e-11
Disease	disease_17522	3.209375640383449e-11
Disease	disease_17521	3.209375640383449e-11
Disease	disease_11983	3.191961419172709e-11
Disease	disease_11981	3.191961419172709e-11
Disease	disease_11980	3.191961419172709e-11
Disease	disease_4043	3.190341234204045e-11
Disease	disease_25412	3.18304177013981e-11
Disease	disease_21516	3.175173482998468e-11
Disease	disease_3399	3.171233174330194e-11
Disease	disease_343	3.167124824136838e-11
Disease	disease_19465	3.166657670619026e-11
Disease	disease_19462	3.166657670619026e-11
Disease	disease_17599	3.166657670619026e-11
Disease	disease_3508	3.1639590928401595e-11
Disease	disease_2850	3.159781715022644e-11
Disease	disease_3882	3.159781715022644e-11
Disease	disease_2437	3.156247719040795e-11
Disease	disease_5572	3.156247719040795e-11
Disease	disease_2440	3.156247719040795e-11
Disease	disease_5911	3.15158052979554e-11
Disease	disease_18083	3.144748451342905e-11
Disease	disease_234	3.1426550335509446e-11
Disease	disease_19364	3.1426550335509446e-11
Disease	disease_232	3.1426550335509446e-11
Disease	disease_231	3.1426550335509446e-11
Disease	disease_1154	3.1426550335509446e-11
Disease	disease_227	3.1426550335509446e-11
Disease	disease_2940	3.130989126670749e-11
Disease	disease_5963	3.122019854206098e-11
Disease	disease_294	3.122019854206098e-11
Disease	disease_15260	3.122019854206098e-11
Disease	disease_15378	3.114782830816812e-11
Disease	disease_15376	3.114782830816812e-11
Disease	disease_15377	3.114782830816812e-11
Disease	disease_15477	3.114782830816812e-11
Disease	disease_15410	3.114782830816812e-11
Disease	disease_15383	3.114782830816812e-11
Disease	disease_4042	3.109877751684071e-11
Disease	disease_6749	3.1018293373173496e-11
Disease	disease_3818	3.08277473449933e-11
Disease	disease_44982	3.0614816141718734e-11
Disease	disease_16598	3.045040346927326e-11
Disease	disease_4269	3.0387417803294796e-11
Disease	disease_6752	3.0216477182358786e-11
Disease	disease_25086	3.006123584895706e-11
Disease	disease_4927	2.9946900481853365e-11
Disease	disease_332	2.992969683769977e-11
Disease	disease_1331	2.976655075520318e-11
Disease	disease_40922	2.960603354104149e-11
Disease	disease_24864	2.9584348364667625e-11
Disease	disease_24863	2.9584348364667625e-11
Disease	disease_100319	2.9462072672624094e-11
Disease	disease_100233	2.9462072672624094e-11
Disease	disease_17239	2.935445951510989e-11
Disease	disease_6549	2.933703427165417e-11
Disease	disease_3460	2.9235928753486545e-11
Disease	disease_25113	2.9116773843128884e-11
Disease	disease_43589	2.9031420905632917e-11
Disease	disease_43723	2.9031420905632917e-11
Disease	disease_17349	2.8987878415107483e-11
Disease	disease_4136	2.8553240341656328e-11
Disease	disease_43083	2.8409436205056396e-11
Disease	disease_18610	2.835104846980797e-11
Disease	disease_24229	2.8263946897021906e-11
Disease	disease_20823	2.8263946897021906e-11
Disease	disease_20814	2.8263946897021906e-11
Disease	disease_24228	2.8263946897021906e-11
Disease	disease_20817	2.8263946897021906e-11
Disease	disease_6581	2.8263946897021906e-11
Disease	disease_24227	2.8263946897021906e-11
Disease	disease_20816	2.8263946897021906e-11
Disease	disease_4240	2.817528419249344e-11
Disease	disease_4518	2.817528419249344e-11
Disease	disease_4203	2.817528419249344e-11
Disease	disease_2971	2.7836090263793328e-11
Disease	disease_340	2.7832176156490114e-11
Disease	disease_339	2.7832176156490114e-11
Disease	disease_1597	2.7797824255003218e-11
Disease	disease_4185	2.7796144986952345e-11
Disease	disease_19888	2.77752852475436e-11
Disease	disease_2237	2.764679794492748e-11
Disease	disease_3776	2.764077651046907e-11
Disease	disease_2618	2.7623765222640356e-11
Disease	disease_2619	2.7623765222640356e-11
Disease	disease_6092	2.7561298358111276e-11
Disease	disease_2973	2.7338114740520454e-11
Disease	disease_1537	2.732393349297493e-11
Disease	disease_10722	2.7280180261637408e-11
Disease	disease_3262	2.7243193603237643e-11
Disease	disease_3867	2.722727531706193e-11
Disease	disease_3331	2.721289319701779e-11
Disease	disease_18818	2.714718346897494e-11
Disease	disease_684	2.7107419802974655e-11
Disease	disease_670	2.7107419802974655e-11
Disease	disease_6339	2.6951872840660418e-11
Disease	disease_22643	2.688701182970063e-11
Disease	disease_2372	2.6884378073658407e-11
Disease	disease_20690	2.6797306745406842e-11
Disease	disease_1262	2.6690860782999228e-11
Disease	disease_4462	2.665511366267482e-11
Disease	disease_24454	2.651674745415309e-11
Disease	disease_4482	2.640173775080819e-11
Disease	disease_15399	2.6330819115664674e-11
Disease	disease_1739	2.6262952360697815e-11
Disease	disease_1820	2.6262952360697815e-11
Disease	disease_2006	2.6262952360697815e-11
Disease	disease_16188	2.6211415947359227e-11
Disease	disease_43254	2.6135988360216962e-11
Disease	disease_12971	2.6076176767261324e-11
Disease	disease_4397	2.607063892318359e-11
Disease	disease_10369	2.6025002623595973e-11
Disease	disease_15813	2.6023812846384552e-11
Disease	disease_15814	2.6023812846384552e-11
Disease	disease_2606	2.6003915013109897e-11
Disease	disease_16173	2.598491518404635e-11
Disease	disease_298	2.594233497807206e-11
Disease	disease_4400	2.594047307717292e-11
Disease	disease_6969	2.5801813766754475e-11
Disease	disease_6033	2.5791795742506277e-11
Disease	disease_16549	2.5777675532312983e-11
Disease	disease_16552	2.5777675532312983e-11
Disease	disease_16550	2.5777675532312983e-11
Disease	disease_16551	2.5777675532312983e-11
Disease	disease_41535	2.5776028095704808e-11
Disease	disease_4464	2.5676881015761776e-11
Disease	disease_5740	2.566576695670454e-11
Disease	disease_5751	2.566576695670454e-11
Disease	disease_23071	2.566576695670454e-11
Disease	disease_4383	2.5622778965159627e-11
Disease	disease_44874	2.551893171749358e-11
Disease	disease_33969	2.5312305657293496e-11
Disease	disease_3068	2.5265536811801915e-11
Disease	disease_43137	2.5265536811801915e-11
Disease	disease_5482	2.5265536811801915e-11
Disease	disease_22768	2.5220781222597744e-11
Disease	disease_2960	2.5220781222597744e-11
Disease	disease_15209	2.521707080408501e-11
Disease	disease_936	2.518474785563855e-11
Disease	disease_17211	2.5116142179798872e-11
Disease	disease_17209	2.5116142179798872e-11
Disease	disease_30708	2.4942899308278772e-11
Disease	disease_30906	2.4942899308278772e-11
Disease	disease_30705	2.4942899308278772e-11
Disease	disease_19884	2.4862875633691937e-11
Disease	disease_4352	2.4832806732564506e-11
Disease	disease_5946	2.480002182633421e-11
Disease	disease_17903	2.4790371157136612e-11
Disease	disease_10887	2.466444295201545e-11
Disease	disease_41536	2.4616135421071844e-11
Disease	disease_3945	2.4591971043349718e-11
Disease	disease_1350	2.455013611277558e-11
Disease	disease_25152	2.4385328420323007e-11
Disease	disease_4862	2.4284111975557787e-11
Disease	disease_2580	2.424877126468772e-11
Disease	disease_22171	2.420357508601294e-11
Disease	disease_3029	2.418296195823005e-11
Disease	disease_5730	2.4052955465174866e-11
Disease	disease_3066	2.4026497856826676e-11
Disease	disease_21279	2.397591750182916e-11
Disease	disease_3358	2.3966967400275296e-11
Disease	disease_1180	2.3915909494756955e-11
Disease	disease_4170	2.352966204180005e-11
Disease	disease_1360	2.352966204180005e-11
Disease	disease_1439	2.352966204180005e-11
Disease	disease_1503	2.352966204180005e-11
Disease	disease_12305	2.3522001443069458e-11
Disease	disease_12304	2.3522001443069458e-11
Disease	disease_3509	2.3364729503346505e-11
Disease	disease_3238	2.3311527833049935e-11
Disease	disease_3908	2.3295699534566704e-11
Disease	disease_6671	2.3224703064993044e-11
Disease	disease_6765	2.3224703064993044e-11
Disease	disease_25488	2.2871312700681574e-11
Disease	disease_6970	2.2625163263714146e-11
Disease	disease_6864	2.2625163263714146e-11
Disease	disease_1600	2.2625163263714146e-11
Disease	disease_3850	2.258429192314213e-11
Disease	disease_3915	2.2388562225177245e-11
Disease	disease_6458	2.2388562225177245e-11
Disease	disease_6459	2.2388562225177245e-11
Disease	disease_4074	2.205874162211126e-11
Disease	disease_44796	2.2026990754744175e-11
Disease	disease_16102	2.1912720846569644e-11
Disease	disease_1551	2.1820002648405592e-11
Disease	disease_21242	2.1816132692682052e-11
Disease	disease_1614	2.169741919521319e-11
Disease	disease_5438	2.169741919521319e-11
Disease	disease_3108	2.132973571628691e-11
Disease	disease_2719	2.132973571628691e-11
Disease	disease_24414	2.1287223158676252e-11
Disease	disease_3617	2.1225602819197132e-11
Disease	disease_3462	2.1201633322281966e-11
Disease	disease_15833	2.113865459619573e-11
Disease	disease_15832	2.113865459619573e-11
Disease	disease_25138	2.1057461390598706e-11
Disease	disease_17105	2.1017725418191867e-11
Disease	disease_20401	2.0909335173781573e-11
Disease	disease_20399	2.0909335173781573e-11
Disease	disease_20403	2.0909335173781573e-11
Disease	disease_20400	2.0909335173781573e-11
Disease	disease_20402	2.0909335173781573e-11
Disease	disease_2864	2.075448818419913e-11
Disease	disease_16995	2.0735019152902247e-11
Disease	disease_3697	2.0599697627813375e-11
Disease	disease_19991	2.0567417865934523e-11
Disease	disease_19990	2.0567417865934523e-11
Disease	disease_1353	2.0567279510173462e-11
Disease	disease_100051	2.0477299693167047e-11
Disease	disease_100005	2.0477299693167047e-11
Disease	disease_100006	2.0477299693167047e-11
Disease	disease_100063	2.0390929238280365e-11
Disease	disease_16438	2.0351068557581664e-11
Disease	disease_16437	2.0351068557581664e-11
Disease	disease_16440	2.0351068557581664e-11
Disease	disease_25417	2.0346001522672563e-11
Disease	disease_25167	2.0346001522672563e-11
Disease	disease_25381	2.0346001522672563e-11
Disease	disease_17412	2.0203912940311043e-11
Disease	disease_19877	2.0203912940311043e-11
Disease	disease_3505	2.019535560529236e-11
Disease	disease_21481	1.9972899920454645e-11
Disease	disease_21494	1.9937777200553446e-11
Disease	disease_20084	1.9849917638368103e-11
Disease	disease_17431	1.976350549046942e-11
Disease	disease_56805	1.9711786509555545e-11
Disease	disease_3730	1.96968756836885e-11
Disease	disease_15664	1.9662334492390152e-11
Disease	disease_20007	1.9662334492390152e-11
Disease	disease_20420	1.9662334492390152e-11
Disease	disease_19489	1.961239865724344e-11
Disease	disease_20081	1.959768400043977e-11
Disease	disease_21495	1.938447079224628e-11
Disease	disease_704	1.920271707400485e-11
Disease	disease_1474	1.92002108540688e-11
Disease	disease_4778	1.9189808864086038e-11
Disease	disease_6392	1.9188077391790306e-11
Disease	disease_1965	1.9080875836332e-11
Disease	disease_2298	1.902869826342559e-11
Disease	disease_17422	1.8974783290976457e-11
Disease	disease_3952	1.89375221236615e-11
Disease	disease_17518	1.887875543860128e-11
Disease	disease_17517	1.887875543860128e-11
Disease	disease_60768	1.8862377487844826e-11
Disease	disease_3735	1.8801710547655605e-11
Disease	disease_4422	1.859839619177734e-11
Disease	disease_19953	1.841415802034278e-11
Disease	disease_17516	1.83869006262343e-11
Disease	disease_17515	1.83869006262343e-11
Disease	disease_3557	1.8314863297905842e-11
Disease	disease_17446	1.8198206431220272e-11
Disease	disease_18563	1.8198206431220272e-11
Disease	disease_17445	1.8198206431220272e-11
Disease	disease_17444	1.8198206431220272e-11
Disease	disease_17443	1.8198206431220272e-11
Disease	disease_4406	1.8109018368591905e-11
Disease	disease_21654	1.7863476679821637e-11
Disease	disease_6606	1.7863476679821637e-11
Disease	disease_5067	1.785068588711679e-11
Disease	disease_5891	1.7682233804719735e-11
Disease	disease_5778	1.7682233804719735e-11
Disease	disease_17250	1.7635454621654e-11
Disease	disease_17249	1.7635454621654e-11
Disease	disease_17251	1.7635454621654e-11
Disease	disease_17252	1.7635454621654e-11
Disease	disease_17248	1.7635454621654e-11
Disease	disease_6488	1.763359632026731e-11
Disease	disease_4055	1.735213732453409e-11
Disease	disease_24893	1.7257796197814002e-11
Disease	disease_17677	1.7249435196438046e-11
Disease	disease_17549	1.699005348943571e-11
Disease	disease_17548	1.699005348943571e-11
Disease	disease_15841	1.6942652926503734e-11
Disease	disease_15840	1.6942652926503734e-11
Disease	disease_15407	1.6734628741439458e-11
Disease	disease_15406	1.6734628741439458e-11
Disease	disease_17448	1.6666019551491316e-11
Disease	disease_3618	1.6585043025802047e-11
Disease	disease_957	1.6571318567893504e-11
Disease	disease_2511	1.6571318567893504e-11
Disease	disease_2124	1.6571318567893504e-11
Disease	disease_1851	1.6571318567893504e-11
Disease	disease_1766	1.6571318567893504e-11
Disease	disease_2130	1.654593085077613e-11
Disease	disease_1846	1.6391259535359788e-11
Disease	disease_4162	1.6391259535359788e-11
Disease	disease_16212	1.635473445919777e-11
Disease	disease_3731	1.6316280694039828e-11
Disease	disease_15842	1.6229620462538385e-11
Disease	disease_1367	1.61194792198619e-11
Disease	disease_20409	1.6037023995389423e-11
Disease	disease_1523	1.6007885534347016e-11
Disease	disease_2310	1.6007885534347016e-11
Disease	disease_1890	1.5996948562509007e-11
Disease	disease_3852	1.592846496841132e-11
Disease	disease_3851	1.592846496841132e-11
Disease	disease_15843	1.5802068788478668e-11
Disease	disease_24325	1.5518114922560895e-11
Disease	disease_2170	1.5412108328165933e-11
Disease	disease_25129	1.539441399529443e-11
Disease	disease_20652	1.538928407546151e-11
Disease	disease_6274	1.5283895342185895e-11
Disease	disease_16183	1.5236120528689884e-11
Disease	disease_10685	1.522477459992994e-11
Disease	disease_3109	1.4965537518712813e-11
Disease	disease_1015	1.4945690633027077e-11
Disease	disease_17472	1.49189286750895e-11
Disease	disease_17473	1.49189286750895e-11
Disease	disease_4361	1.46262313116513e-11
Disease	disease_6787	1.4611981148426373e-11
Disease	disease_6738	1.4611981148426373e-11
Disease	disease_4098	1.4470657402805794e-11
Disease	disease_44689	1.4300344840886249e-11
Disease	disease_44688	1.4300344840886249e-11
Disease	disease_44687	1.4300344840886249e-11
Disease	disease_44690	1.4300344840886249e-11
Disease	disease_100197	1.4281776025271735e-11
Disease	disease_4720	1.4169090192082488e-11
Disease	disease_24877	1.4158345276906236e-11
Disease	disease_17246	1.4108344559470852e-11
Disease	disease_17247	1.4108344559470852e-11
Disease	disease_17245	1.4108344559470852e-11
Disease	disease_1035	1.4098965760975965e-11
Disease	disease_17546	1.4086837503234294e-11
Disease	disease_17547	1.4086837503234294e-11
Disease	disease_4370	1.4067634350352926e-11
Disease	disease_4368	1.4067634350352926e-11
Disease	disease_4094	1.4067634350352926e-11
Disease	disease_4367	1.4067634350352926e-11
Disease	disease_4214	1.4061535590103586e-11
Disease	disease_5713	1.3977255334908562e-11
Disease	disease_5940	1.3767678075333074e-11
Disease	disease_1052	1.3709845719874094e-11
Disease	disease_12754	1.367620119039616e-11
Disease	disease_3929	1.3550981400468576e-11
Disease	disease_3341	1.341560560038917e-11
Disease	disease_16960	1.3274942032021743e-11
Disease	disease_1652	1.326693721810664e-11
Disease	disease_20412	1.3202476395080267e-11
Disease	disease_19823	1.3202476395080267e-11
Disease	disease_1630	1.3132840221635016e-11
Disease	disease_4583	1.3132840221635016e-11
Disease	disease_1985	1.3132840221635016e-11
Disease	disease_1025	1.312043286298038e-11
Disease	disease_4767	1.312043286298038e-11
Disease	disease_43349	1.3050271634461951e-11
Disease	disease_17562	1.2997761714661026e-11
Disease	disease_17563	1.2997761714661026e-11
Disease	disease_3051	1.2968110196655014e-11
Disease	disease_3052	1.2968110196655014e-11
Disease	disease_6705	1.2916643248578595e-11
Disease	disease_6925	1.2916643248578595e-11
Disease	disease_20553	1.2904342583935252e-11
Disease	disease_19584	1.2897697694025175e-11
Disease	disease_19585	1.2897697694025175e-11
Disease	disease_19583	1.2897697694025175e-11
Disease	disease_674	1.288931610301179e-11
Disease	disease_668	1.288931610301179e-11
Disease	disease_673	1.288931610301179e-11
Disease	disease_681	1.288931610301179e-11
Disease	disease_662	1.288931610301179e-11
Disease	disease_675	1.288931610301179e-11
Disease	disease_676	1.288931610301179e-11
Disease	disease_677	1.288931610301179e-11
Disease	disease_679	1.288931610301179e-11
Disease	disease_663	1.288931610301179e-11
Disease	disease_678	1.288931610301179e-11
Disease	disease_661	1.288931610301179e-11
Disease	disease_682	1.288931610301179e-11
Disease	disease_333	1.2876012952070847e-11
Disease	disease_17096	1.281991434986098e-11
Disease	disease_17097	1.281991434986098e-11
Disease	disease_17098	1.281991434986098e-11
Disease	disease_17442	1.2782822054802455e-11
Disease	disease_44800	1.2753846555648936e-11
Disease	disease_18553	1.2714400308771303e-11
Disease	disease_18552	1.2714400308771303e-11
Disease	disease_15344	1.2533864069769087e-11
Disease	disease_15343	1.2533864069769087e-11
Disease	disease_2931	1.2532330642128729e-11
Disease	disease_1534	1.2532330642128729e-11
Disease	disease_16664	1.2524343769447043e-11
Disease	disease_6889	1.2455052177381092e-11
Disease	disease_4099	1.2412714522857809e-11
Disease	disease_6357	1.2410733883772005e-11
Disease	disease_7017	1.2390669831580013e-11
Disease	disease_2030	1.2333377064550277e-11
Disease	disease_19782	1.23328173528043e-11
Disease	disease_3700	1.2310568982709854e-11
Disease	disease_17482	1.2263364569948485e-11
Disease	disease_17483	1.2263364569948485e-11
Disease	disease_17484	1.2263364569948485e-11
Disease	disease_17485	1.2263364569948485e-11
Disease	disease_17441	1.2015869581829113e-11
Disease	disease_4919	1.2004173916613733e-11
Disease	disease_1694	1.1935736515132186e-11
Disease	disease_3845	1.1935423791900725e-11
Disease	disease_17203	1.1893442143977726e-11
Disease	disease_6619	1.168888305284502e-11
Disease	disease_17467	1.159289675054522e-11
Disease	disease_3954	1.1574835790630604e-11
Disease	disease_25066	1.1557770553239888e-11
Disease	disease_25061	1.1557770553239888e-11
Disease	disease_16321	1.1384681651548463e-11
Disease	disease_1885	1.1376628415777637e-11
Disease	disease_1559	1.1376628415777637e-11
Disease	disease_1327	1.1376628415777637e-11
Disease	disease_1886	1.1376628415777637e-11
Disease	disease_5844	1.136938033569671e-11
Disease	disease_336	1.1335682002886077e-11
Disease	disease_335	1.1335682002886077e-11
Disease	disease_18789	1.1151194986327501e-11
Disease	disease_19445	1.1088231463706639e-11
Disease	disease_10694	1.0976912685409483e-11
Disease	disease_1769	1.0869036957617944e-11
Disease	disease_4326	1.0860553039417928e-11
Disease	disease_3765	1.0801584563505337e-11
Disease	disease_4533	1.0723951950782844e-11
Disease	disease_4141	1.0722117167055718e-11
Disease	disease_4448	1.0685221092346702e-11
Disease	disease_4384	1.0682224498211948e-11
Disease	disease_3925	1.0666845296895254e-11
Disease	disease_23650	1.0624780144507365e-11
Disease	disease_6407	1.0583162220399961e-11
Disease	disease_19151	1.0547376769287255e-11
Disease	disease_4601	1.0500439009623153e-11
Disease	disease_4646	1.0500439009623153e-11
Disease	disease_16969	1.0424225890877382e-11
Disease	disease_5599	1.0333847036171163e-11
Disease	disease_2201	1.0333234132805082e-11
Disease	disease_2599	1.028822984189744e-11
Disease	disease_24861	1.028822984189744e-11
Disease	disease_16939	1.0230470322980829e-11
Disease	disease_19886	1.014559435990625e-11
Disease	disease_21280	1.014512421550681e-11
Disease	disease_6878	9.877409650097404e-12
Disease	disease_3391	9.780237952437129e-12
Disease	disease_3979	9.65024453930318e-12
Disease	disease_3712	9.631567923717227e-12
Disease	disease_3713	9.631567923717227e-12
Disease	disease_100074	9.499690837358816e-12
Disease	disease_1917	9.483466340233853e-12
Disease	disease_24416	9.477593062210279e-12
Disease	disease_17557	9.454740041639055e-12
Disease	disease_17556	9.454740041639055e-12
Disease	disease_6708	9.43297120324841e-12
Disease	disease_6781	9.43297120324841e-12
Disease	disease_16957	9.322567307933887e-12
Disease	disease_20415	9.206530786466028e-12
Disease	disease_20414	9.206530786466028e-12
Disease	disease_20413	9.206530786466028e-12
Disease	disease_20416	9.206530786466028e-12
Disease	disease_20418	9.206530786466028e-12
Disease	disease_20430	9.175420332377798e-12
Disease	disease_1216	9.168832237569358e-12
Disease	disease_20812	9.168832237569358e-12
Disease	disease_20818	9.168832237569358e-12
Disease	disease_1326	9.168832237569358e-12
Disease	disease_5641	8.959105000716527e-12
Disease	disease_60777	8.790743591224062e-12
Disease	disease_3480	8.702609424286479e-12
Disease	disease_19578	8.668162088147548e-12
Disease	disease_19579	8.668162088147548e-12
Disease	disease_19581	8.668162088147548e-12
Disease	disease_19582	8.668162088147548e-12
Disease	disease_19580	8.668162088147548e-12
Disease	disease_1575	8.553320135261604e-12
Disease	disease_44747	8.54037557535814e-12
Disease	disease_1181	8.53773134122987e-12
Disease	disease_1183	8.53773134122987e-12
Disease	disease_1182	8.53773134122987e-12
Disease	disease_1731	8.443863225305042e-12
Disease	disease_3023	8.363816004379797e-12
Disease	disease_4416	8.212387303295349e-12
Disease	disease_4415	8.212387303295349e-12
Disease	disease_4417	8.212387303295349e-12
Disease	disease_4057	8.212387303295349e-12
Disease	disease_3889	8.212387303295349e-12
Disease	disease_4418	8.212387303295349e-12
Disease	disease_4419	8.212387303295349e-12
Disease	disease_4299	8.212387303295349e-12
Disease	disease_19887	8.19799861105523e-12
Disease	disease_4014	8.173324165565237e-12
Disease	disease_17462	8.112237575338173e-12
Disease	disease_17466	8.112237575338173e-12
Disease	disease_17463	8.112237575338173e-12
Disease	disease_17465	8.112237575338173e-12
Disease	disease_17464	8.112237575338173e-12
Disease	disease_3694	8.034295431204566e-12
Disease	disease_19655	7.933476929676849e-12
Disease	disease_19986	7.933476929676849e-12
Disease	disease_19656	7.933476929676849e-12
Disease	disease_17870	7.908970606176241e-12
Disease	disease_17866	7.908970606176241e-12
Disease	disease_3888	7.859999233759198e-12
Disease	disease_4317	7.833589817262474e-12
Disease	disease_4396	7.833589817262474e-12
Disease	disease_3770	7.833589817262474e-12
Disease	disease_2778	7.833589817262474e-12
Disease	disease_4498	7.833589817262474e-12
Disease	disease_4256	7.833589817262474e-12
Disease	disease_16745	7.698250841512009e-12
Disease	disease_1048	7.685077770692036e-12
Disease	disease_3693	7.578270478882311e-12
Disease	disease_5208	7.51573824405124e-12
Disease	disease_16668	7.461951704612477e-12
Disease	disease_16672	7.461951704612477e-12
Disease	disease_16670	7.461951704612477e-12
Disease	disease_16669	7.461951704612477e-12
Disease	disease_16671	7.461951704612477e-12
Disease	disease_15030	7.420745750537893e-12
Disease	disease_15029	7.420745750537893e-12
Disease	disease_3875	7.364929513873103e-12
Disease	disease_3467	7.350810500594662e-12
Disease	disease_2851	7.350810500594662e-12
Disease	disease_3034	7.350810500594662e-12
Disease	disease_1622	7.2335140421003555e-12
Disease	disease_3862	7.119846902211164e-12
Disease	disease_4690	7.016965712441097e-12
Disease	disease_292	6.989844282626976e-12
Disease	disease_3545	6.678513370819596e-12
Disease	disease_2128	6.664365678135564e-12
Disease	disease_1723	6.622701523822892e-12
Disease	disease_4516	6.5706143450044144e-12
Disease	disease_2192	6.564070033055006e-12
Disease	disease_4864	6.467210017337921e-12
Disease	disease_2757	6.467210017337921e-12
Disease	disease_20597	6.391325005063633e-12
Disease	disease_301	6.382757233166176e-12
Disease	disease_4372	6.382191356110973e-12
Disease	disease_4224	6.382191356110973e-12
Disease	disease_4911	6.334770223517204e-12
Disease	disease_363	6.334770223517204e-12
Disease	disease_5771	6.327044594959709e-12
Disease	disease_1544	6.325685071403223e-12
Disease	disease_4276	6.297250982221472e-12
Disease	disease_19882	6.268032865727012e-12
Disease	disease_4569	6.2504176225869144e-12
Disease	disease_2965	6.215655702221567e-12
Disease	disease_6531	6.061700091032844e-12
Disease	disease_15593	5.85748155370146e-12
Disease	disease_19328	5.8171476041290186e-12
Disease	disease_19329	5.8171476041290186e-12
Disease	disease_18717	5.8171476041290186e-12
Disease	disease_18941	5.773717572838226e-12
Disease	disease_15622	5.773717572838226e-12
Disease	disease_44795	5.6345331175675645e-12
Disease	disease_43982	5.5458098602037116e-12
Disease	disease_19870	5.473199329296621e-12
Disease	disease_2199	5.406605887964429e-12
Disease	disease_17109	5.345266399540063e-12
Disease	disease_17108	5.345266399540063e-12
Disease	disease_10280	5.236408319996653e-12
Disease	disease_1997	5.233658123143761e-12
Disease	disease_1668	5.233658123143761e-12
Disease	disease_1988	5.233658123143761e-12
Disease	disease_4888	5.143600282375174e-12
Disease	disease_4898	5.143600282375174e-12
Disease	disease_24312	5.102235908372664e-12
Disease	disease_100085	5.102235908372664e-12
Disease	disease_1508	5.092529497442452e-12
Disease	disease_1227	5.082144514615336e-12
Disease	disease_19829	5.06221524899478e-12
Disease	disease_19830	5.0504937367058904e-12
Disease	disease_3958	4.994542369122257e-12
Disease	disease_19831	4.969929884087107e-12
Disease	disease_21203	4.963710881308827e-12
Disease	disease_15417	4.77909003572596e-12
Disease	disease_15480	4.77909003572596e-12
Disease	disease_15481	4.77909003572596e-12
Disease	disease_15416	4.77909003572596e-12
Disease	disease_3732	4.759501746481213e-12
Disease	disease_24616	4.747833431867778e-12
Disease	disease_20433	4.698377617922477e-12
Disease	disease_20432	4.698377617922477e-12
Disease	disease_20431	4.698377617922477e-12
Disease	disease_18811	4.671768260104476e-12
Disease	disease_19836	4.671768260104476e-12
Disease	disease_12230	4.432258418114319e-12
Disease	disease_12228	4.432258418114319e-12
Disease	disease_12229	4.432258418114319e-12
Disease	disease_12227	4.432258418114319e-12
Disease	disease_2868	4.420328632355351e-12
Disease	disease_16989	4.3555474215826625e-12
Disease	disease_16207	4.3555474215826625e-12
Disease	disease_20394	4.351076975788263e-12
Disease	disease_20393	4.351076975788263e-12
Disease	disease_5660	4.085533402183733e-12
Disease	disease_1918	4.002730806738588e-12
Disease	disease_1792	4.002730806738588e-12
Disease	disease_17112	3.9353502444932744e-12
Disease	disease_17113	3.9353502444932744e-12
Disease	disease_20405	3.890598908322669e-12
Disease	disease_19819	3.890598908322669e-12
Disease	disease_1116	3.866394187132245e-12
Disease	disease_1443	3.8431192615940654e-12
Disease	disease_1547	3.8431192615940654e-12
Disease	disease_3647	3.8431192615940654e-12
Disease	disease_16041	3.782536385385843e-12
Disease	disease_24248	3.6004970066060115e-12
Disease	disease_4218	3.584410764548745e-12
Disease	disease_6145	3.387635782777852e-12
Disease	disease_1213	3.385113526980233e-12
Disease	disease_3115	3.2664447078093858e-12
Disease	disease_1804	2.9969429786329006e-12
Disease	disease_1179	2.9891860049016015e-12
Disease	disease_1412	2.9766355582813853e-12
Disease	disease_19479	2.939604961049603e-12
Disease	disease_25293	2.9116618211665704e-12
Disease	disease_3705	2.8461031946892912e-12
Disease	disease_3152	2.8461031946892912e-12
Disease	disease_17587	2.8355360728501176e-12
Disease	disease_17586	2.8355360728501176e-12
Disease	disease_3469	2.677592252120215e-12
Disease	disease_4054	2.6028070940989002e-12
Disease	disease_17469	2.59848067071435e-12
Disease	disease_27091	2.5801510890275496e-12
Disease	disease_20422	2.5376843081750722e-12
Disease	disease_20421	2.5376843081750722e-12
Disease	disease_20426	2.5376843081750722e-12
Disease	disease_20425	2.5376843081750722e-12
Disease	disease_20424	2.5376843081750722e-12
Disease	disease_20423	2.5376843081750722e-12
Disease	disease_17468	2.442593538433826e-12
Disease	disease_2579	2.4248623346410986e-12
Disease	disease_2978	2.4248623346410986e-12
Disease	disease_3734	2.3891146017303685e-12
Disease	disease_3966	2.3729449975026014e-12
Disease	disease_17179	2.2729593238751673e-12
Disease	disease_18003	2.2729593238751673e-12
Disease	disease_15596	2.2729593238751673e-12
Disease	disease_44683	2.2729593238751673e-12
Disease	disease_15595	2.2729593238751673e-12
Disease	disease_100203	2.2336168575514523e-12
Disease	disease_1232	2.1782220043693994e-12
Disease	disease_6881	2.1782220043693994e-12
Disease	disease_1233	2.1782220043693994e-12
Disease	disease_1231	2.1782220043693994e-12
Disease	disease_17447	2.0185816182442303e-12
Disease	disease_17477	1.976328195610197e-12
Disease	disease_17476	1.976328195610197e-12
Disease	disease_20554	1.9356338054662826e-12
Disease	disease_3747	1.9028546761708947e-12
Disease	disease_17498	1.8198165095841914e-12
Disease	disease_17499	1.8198165095841914e-12
Disease	disease_17505	1.8198165095841914e-12
Disease	disease_17501	1.8198165095841914e-12
Disease	disease_17500	1.8198165095841914e-12
Disease	disease_17510	1.8198165095841914e-12
Disease	disease_17502	1.8198165095841914e-12
Disease	disease_17503	1.8198165095841914e-12
Disease	disease_17504	1.8198165095841914e-12
Disease	disease_17509	1.8198165095841914e-12
Disease	disease_4487	1.748401020263966e-12
Disease	disease_4486	1.748401020263966e-12
Disease	disease_4488	1.748401020263966e-12
Disease	disease_4503	1.7471523458818935e-12
Disease	disease_4511	1.7471523458818935e-12
Disease	disease_15834	1.726432102094543e-12
Disease	disease_15837	1.6993396467582274e-12
Disease	disease_18786	1.6726671132398108e-12
Disease	disease_17508	1.6665919161647752e-12
Disease	disease_7347	1.6508199929333884e-12
Disease	disease_3616	1.5918674115887173e-12
Disease	disease_4205	1.5874291434120545e-12
Disease	disease_15744	1.5636962219780747e-12
Disease	disease_19871	1.5346376086006252e-12
Disease	disease_3868	1.4965267761832726e-12
Disease	disease_3921	1.4965267761832726e-12
Disease	disease_6635	1.4815977169589156e-12
Disease	disease_19881	1.398464252653594e-12
Disease	disease_19883	1.3275599569425645e-12
Disease	disease_19890	1.3275599569425645e-12
Disease	disease_16447	1.2804379919537852e-12
Disease	disease_16443	1.2804379919537852e-12
Disease	disease_16448	1.2804379919537852e-12
Disease	disease_16376	1.2804379919537852e-12
Disease	disease_16444	1.2804379919537852e-12
Disease	disease_16449	1.2804379919537852e-12
Disease	disease_17497	1.2782739827281175e-12
Disease	disease_17496	1.2782739827281175e-12
Disease	disease_3903	1.2666273072437706e-12
Disease	disease_17552	1.2332731038903332e-12
Disease	disease_17553	1.2332731038903332e-12
Disease	disease_1722	9.934198214657334e-13
Disease	disease_100204	8.568785117461975e-13
Disease	disease_100205	8.568785117461975e-13
Disease	disease_20447	4.969940115117195e-13
Disease	disease_20446	4.969940115117195e-13
Disease	disease_1802	4.747838370126973e-13
Disease	disease_1936	4.4950310791302565e-13
Disease	disease_17559	2.5984375618644647e-13
Disease	disease_17558	2.5984375618644647e-13
Disease	disease_15838	2.549060487165731e-13
Disease	disease_20448	2.525257484647543e-13
Disease	disease_20449	2.525257484647543e-13
Disease	disease_20452	2.525257484647543e-13
Disease	disease_20451	2.525257484647543e-13
Disease	disease_20450	2.525257484647543e-13
Disease	disease_20441	2.1695308137308087e-13
Disease	disease_20444	2.1695308137308087e-13
Disease	disease_20442	2.1695308137308087e-13
Disease	disease_20445	2.1695308137308087e-13
Disease	disease_20440	2.1695308137308087e-13
Disease	disease_20443	2.1695308137308087e-13
Disease	disease_17506	2.0185069907385207e-13
Disease	disease_17507	2.0185069907385207e-13
Disease	disease_15835	1.726456253431522e-13
Disease	disease_15836	1.726456253431522e-13
