2026-05-08 19:30:54,176 - WARNING - /linkhome/rech/genuyp01/ufq76hz/.conda/envs/torch_pyg/lib/python3.10/site-packages/ignite/handlers/checkpoint.py:16: DeprecationWarning: `TorchScript` support for functional optimizers is deprecated and will be removed in a future PyTorch release. Consider using the `torch.compile` optimizer instead.
  from torch.distributed.optim import ZeroRedundancyOptimizer

2026-05-08 19:30:54,333 - INFO - Configuration loaded:
{
    "common": {
        "seed": 42,
        "input_pkl": "/lustre/fswork/projects/rech/rnk/ufq76hz/dr_benchmark/DL3experiment/cold_start/hetionet_processing_disease",
        "out": "./",
        "run_kg_prep": false,
        "run_training": true,
        "run_evaluation": true,
        "plot_training_metrics": true,
        "run_inference": "/lustre/fswork/projects/rech/rnk/ufq76hz/dr_benchmark/knowledge_graph/hetionet_orphan_associations_only.tsv"
    },
    "model": {
        "name": "DistMult",
        "emb_dim": 200,
        "margin": 1
    },
    "sampler": {
        "name": "Mixed",
        "n_neg": 5
    },
    "optimizer": {
        "name": "Adam",
        "params": {
            "lr": 0.001,
            "weight_decay": 0.001
        }
    },
    "lr_scheduler": {
        "type": "CosineAnnealingWarmRestarts",
        "params": {
            "T_0": 10,
            "T_mult": 2
        }
    },
    "training": {
        "max_epochs": 500,
        "batch_size": 4096,
        "eval_interval": 20,
        "eval_batch_size": 64,
        "patience": 10
    },
    "evaluation": {
        "made_directed_relations": [
            "DrD",
            "DrD_inv",
            "CrC",
            "CrC_inv",
            "GiG",
            "GiG_inv",
            "GcG",
            "GcG_inv"
        ],
        "target_relations": [
            "CtD"
        ],
        "thresholds": [
            10,
            5
        ]
    }
}
2026-05-08 19:30:54,334 - INFO - Setting number of threads to 5
2026-05-08 19:30:54,493 - INFO - Loading parameters from params.yaml
2026-05-08 19:30:54,493 - INFO - Output folder: ./
2026-05-08 19:30:54,493 - INFO - Loading KG...
2026-05-08 19:31:47,338 - INFO - Done
2026-05-08 19:31:47,389 - INFO - Detected device: cuda
2026-05-08 19:31:47,398 - INFO - Initializing model...
2026-05-08 19:31:47,764 - INFO - Optimizer 'Adam' initialized with parameters: {'lr': 0.001, 'weight_decay': 0.001}
2026-05-08 19:31:47,764 - INFO - Initializing sampler...
2026-05-08 19:32:17,532 - INFO - Scheduler 'CosineAnnealingWarmRestarts' initialized with parameters: {'T_0': 10, 'T_mult': 2}
2026-05-08 19:32:17,546 - INFO - Number of training batches: 602
2026-05-08 19:32:17,555 - INFO - Engine run starting with max_epochs=500.
2026-05-08 19:33:39,011 - INFO - Epoch 1 - Train Loss: 59440.5906485033, Validation MRR: 0, Learning Rate: 0.001
2026-05-08 19:33:42,109 - INFO - Memory cleaned.
2026-05-08 19:33:42,314 - INFO - Epoch[1] Complete. Time taken: 00:01:24.759
2026-05-08 19:35:02,886 - INFO - Epoch 2 - Train Loss: 54475.594793260854, Validation MRR: 0, Learning Rate: 0.0009755282581475768
2026-05-08 19:35:05,848 - INFO - Memory cleaned.
2026-05-08 19:35:06,058 - INFO - Epoch[2] Complete. Time taken: 00:01:23.744
2026-05-08 19:36:26,584 - INFO - Epoch 3 - Train Loss: 51101.872011328865, Validation MRR: 0, Learning Rate: 0.0009045084971874737
2026-05-08 19:36:29,527 - INFO - Memory cleaned.
2026-05-08 19:36:29,768 - INFO - Epoch[3] Complete. Time taken: 00:01:23.710
2026-05-08 19:37:50,413 - INFO - Epoch 4 - Train Loss: 48702.23507525563, Validation MRR: 0, Learning Rate: 0.0007938926261462366
2026-05-08 19:37:53,356 - INFO - Memory cleaned.
2026-05-08 19:37:53,589 - INFO - Epoch[4] Complete. Time taken: 00:01:23.821
2026-05-08 19:39:14,177 - INFO - Epoch 5 - Train Loss: 47009.76272565953, Validation MRR: 0, Learning Rate: 0.0006545084971874737
2026-05-08 19:39:17,103 - INFO - Memory cleaned.
2026-05-08 19:39:17,338 - INFO - Epoch[5] Complete. Time taken: 00:01:23.749
2026-05-08 19:40:38,043 - INFO - Epoch 6 - Train Loss: 45855.60812032397, Validation MRR: 0, Learning Rate: 0.0005
2026-05-08 19:40:40,952 - INFO - Memory cleaned.
2026-05-08 19:40:41,172 - INFO - Epoch[6] Complete. Time taken: 00:01:23.834
2026-05-08 19:42:01,878 - INFO - Epoch 7 - Train Loss: 45081.87382461119, Validation MRR: 0, Learning Rate: 0.00034549150281252633
2026-05-08 19:42:04,785 - INFO - Memory cleaned.
2026-05-08 19:42:05,033 - INFO - Epoch[7] Complete. Time taken: 00:01:23.861
2026-05-08 19:43:25,749 - INFO - Epoch 8 - Train Loss: 44589.519594875856, Validation MRR: 0, Learning Rate: 0.00020610737385376348
2026-05-08 19:43:28,664 - INFO - Memory cleaned.
2026-05-08 19:43:28,890 - INFO - Epoch[8] Complete. Time taken: 00:01:23.857
2026-05-08 19:44:49,620 - INFO - Epoch 9 - Train Loss: 44304.52933592158, Validation MRR: 0, Learning Rate: 9.549150281252633e-05
2026-05-08 19:44:52,527 - INFO - Memory cleaned.
2026-05-08 19:44:52,749 - INFO - Epoch[9] Complete. Time taken: 00:01:23.859
2026-05-08 19:46:13,458 - INFO - Epoch 10 - Train Loss: 44193.50945436258, Validation MRR: 0, Learning Rate: 2.4471741852423235e-05
2026-05-08 19:46:16,383 - INFO - Memory cleaned.
2026-05-08 19:46:16,628 - INFO - Epoch[10] Complete. Time taken: 00:01:23.879
2026-05-08 19:47:38,644 - INFO - Epoch 11 - Train Loss: 43909.9624621298, Validation MRR: 0, Learning Rate: 0.001
2026-05-08 19:47:41,587 - INFO - Memory cleaned.
2026-05-08 19:47:41,844 - INFO - Epoch[11] Complete. Time taken: 00:01:25.216
2026-05-08 19:49:37,348 - INFO - Epoch 12 - Train Loss: 42628.9237717529, Validation MRR: 0, Learning Rate: 0.0009938441702975688
2026-05-08 19:49:40,291 - INFO - Memory cleaned.
2026-05-08 19:49:40,530 - INFO - Epoch[12] Complete. Time taken: 00:01:58.686
2026-05-08 19:51:36,017 - INFO - Epoch 13 - Train Loss: 41595.345069540715, Validation MRR: 0, Learning Rate: 0.0009755282581475768
2026-05-08 19:51:38,959 - INFO - Memory cleaned.
2026-05-08 19:51:39,191 - INFO - Epoch[13] Complete. Time taken: 00:01:58.661
2026-05-08 19:53:34,701 - INFO - Epoch 14 - Train Loss: 40688.007675163375, Validation MRR: 0, Learning Rate: 0.0009455032620941839
2026-05-08 19:53:37,646 - INFO - Memory cleaned.
2026-05-08 19:53:37,872 - INFO - Epoch[14] Complete. Time taken: 00:01:58.681
2026-05-08 19:55:33,388 - INFO - Epoch 15 - Train Loss: 39873.30726755044, Validation MRR: 0, Learning Rate: 0.0009045084971874737
2026-05-08 19:55:36,331 - INFO - Memory cleaned.
2026-05-08 19:55:36,584 - INFO - Epoch[15] Complete. Time taken: 00:01:58.711
2026-05-08 19:57:32,082 - INFO - Epoch 16 - Train Loss: 39173.05747414771, Validation MRR: 0, Learning Rate: 0.0008535533905932737
2026-05-08 19:57:35,026 - INFO - Memory cleaned.
2026-05-08 19:57:35,258 - INFO - Epoch[16] Complete. Time taken: 00:01:58.674
2026-05-08 19:59:30,718 - INFO - Epoch 17 - Train Loss: 38530.89689016302, Validation MRR: 0, Learning Rate: 0.0007938926261462366
2026-05-08 19:59:33,661 - INFO - Memory cleaned.
2026-05-08 19:59:33,902 - INFO - Epoch[17] Complete. Time taken: 00:01:58.644
2026-05-08 20:01:29,390 - INFO - Epoch 18 - Train Loss: 37972.78829210581, Validation MRR: 0, Learning Rate: 0.0007269952498697733
2026-05-08 20:01:32,333 - INFO - Memory cleaned.
2026-05-08 20:01:32,560 - INFO - Epoch[18] Complete. Time taken: 00:01:58.658
2026-05-08 20:03:28,063 - INFO - Epoch 19 - Train Loss: 37472.39590195086, Validation MRR: 0, Learning Rate: 0.0006545084971874737
2026-05-08 20:03:31,007 - INFO - Memory cleaned.
2026-05-08 20:03:31,232 - INFO - Epoch[19] Complete. Time taken: 00:01:58.672
2026-05-08 20:05:26,406 - INFO - Epoch 20 - Train Loss: 37040.18647596456, Validation MRR: 0, Learning Rate: 0.0005782172325201155
2026-05-08 20:05:29,337 - INFO - Memory cleaned.
2026-05-08 20:05:29,338 - INFO - Evaluating on validation set at epoch 20...
Link prediction evaluation:   0%|          | 0/3 [00:00<?, ?batch/s]Link prediction evaluation: 100%|██████████| 3/3 [00:00<00:00, 28.61batch/s]Link prediction evaluation: 100%|██████████| 3/3 [00:00<00:00, 28.39batch/s]
2026-05-08 20:05:29,463 - INFO - Validation MRR: 0.0006650693831034005
2026-05-08 20:05:29,856 - INFO - Epoch[20] Complete. Time taken: 00:01:58.623
2026-05-08 20:07:25,274 - INFO - Epoch 21 - Train Loss: 36670.698043976554, Validation MRR: 0.0006650693831034005, Learning Rate: 0.0005
2026-05-08 20:07:28,217 - INFO - Memory cleaned.
2026-05-08 20:07:28,475 - INFO - Epoch[21] Complete. Time taken: 00:01:58.620
2026-05-08 20:09:24,034 - INFO - Epoch 22 - Train Loss: 36378.92445954392, Validation MRR: 0.0006650693831034005, Learning Rate: 0.0004217827674798847
2026-05-08 20:09:26,975 - INFO - Memory cleaned.
2026-05-08 20:09:27,226 - INFO - Epoch[22] Complete. Time taken: 00:01:58.750
2026-05-08 20:11:22,777 - INFO - Epoch 23 - Train Loss: 36116.87266658345, Validation MRR: 0.0006650693831034005, Learning Rate: 0.00034549150281252633
2026-05-08 20:11:25,720 - INFO - Memory cleaned.
2026-05-08 20:11:25,960 - INFO - Epoch[23] Complete. Time taken: 00:01:58.734
2026-05-08 20:13:21,476 - INFO - Epoch 24 - Train Loss: 35901.35032694558, Validation MRR: 0.0006650693831034005, Learning Rate: 0.00027300475013022663
2026-05-08 20:13:24,418 - INFO - Memory cleaned.
2026-05-08 20:13:24,661 - INFO - Epoch[24] Complete. Time taken: 00:01:58.701
2026-05-08 20:15:20,055 - INFO - Epoch 25 - Train Loss: 35749.26328720152, Validation MRR: 0.0006650693831034005, Learning Rate: 0.00020610737385376348
2026-05-08 20:15:22,996 - INFO - Memory cleaned.
2026-05-08 20:15:23,235 - INFO - Epoch[25] Complete. Time taken: 00:01:58.573
2026-05-08 20:17:17,862 - INFO - Epoch 26 - Train Loss: 35634.51872148252, Validation MRR: 0.0006650693831034005, Learning Rate: 0.00014644660940672628
2026-05-08 20:17:20,767 - INFO - Memory cleaned.
2026-05-08 20:17:21,012 - INFO - Epoch[26] Complete. Time taken: 00:01:57.778
2026-05-08 20:18:41,689 - INFO - Epoch 27 - Train Loss: 35529.85195630696, Validation MRR: 0.0006650693831034005, Learning Rate: 9.549150281252633e-05
2026-05-08 20:18:44,594 - INFO - Memory cleaned.
2026-05-08 20:18:44,856 - INFO - Epoch[27] Complete. Time taken: 00:01:23.844
2026-05-08 20:20:05,575 - INFO - Epoch 28 - Train Loss: 35462.65414766769, Validation MRR: 0.0006650693831034005, Learning Rate: 5.449673790581611e-05
2026-05-08 20:20:08,480 - INFO - Memory cleaned.
2026-05-08 20:20:08,704 - INFO - Epoch[28] Complete. Time taken: 00:01:23.848
2026-05-08 20:21:29,409 - INFO - Epoch 29 - Train Loss: 35421.800934210936, Validation MRR: 0.0006650693831034005, Learning Rate: 2.4471741852423235e-05
2026-05-08 20:21:32,312 - INFO - Memory cleaned.
2026-05-08 20:21:32,553 - INFO - Epoch[29] Complete. Time taken: 00:01:23.849
2026-05-08 20:22:53,259 - INFO - Epoch 30 - Train Loss: 35410.28172271634, Validation MRR: 0.0006650693831034005, Learning Rate: 6.15582970243117e-06
2026-05-08 20:22:56,164 - INFO - Memory cleaned.
2026-05-08 20:22:56,397 - INFO - Epoch[30] Complete. Time taken: 00:01:23.843
2026-05-08 20:24:17,101 - INFO - Epoch 31 - Train Loss: 35701.12758744294, Validation MRR: 0.0006650693831034005, Learning Rate: 0.001
2026-05-08 20:24:20,004 - INFO - Memory cleaned.
2026-05-08 20:24:20,271 - INFO - Epoch[31] Complete. Time taken: 00:01:23.874
2026-05-08 20:25:40,994 - INFO - Epoch 32 - Train Loss: 34996.87425310817, Validation MRR: 0.0006650693831034005, Learning Rate: 0.000998458666866564
2026-05-08 20:25:43,900 - INFO - Memory cleaned.
2026-05-08 20:25:44,128 - INFO - Epoch[32] Complete. Time taken: 00:01:23.857
2026-05-08 20:27:04,864 - INFO - Epoch 33 - Train Loss: 34424.18409596022, Validation MRR: 0.0006650693831034005, Learning Rate: 0.0009938441702975688
2026-05-08 20:27:07,769 - INFO - Memory cleaned.
2026-05-08 20:27:07,993 - INFO - Epoch[33] Complete. Time taken: 00:01:23.865
2026-05-08 20:28:28,745 - INFO - Epoch 34 - Train Loss: 33960.29358894466, Validation MRR: 0.0006650693831034005, Learning Rate: 0.0009861849601988384
2026-05-08 20:28:31,667 - INFO - Memory cleaned.
2026-05-08 20:28:31,908 - INFO - Epoch[34] Complete. Time taken: 00:01:23.914
2026-05-08 20:29:52,645 - INFO - Epoch 35 - Train Loss: 33551.24880865482, Validation MRR: 0.0006650693831034005, Learning Rate: 0.0009755282581475768
2026-05-08 20:29:55,548 - INFO - Memory cleaned.
2026-05-08 20:29:55,784 - INFO - Epoch[35] Complete. Time taken: 00:01:23.876
2026-05-08 20:31:16,522 - INFO - Epoch 36 - Train Loss: 33143.410053142274, Validation MRR: 0.0006650693831034005, Learning Rate: 0.0009619397662556434
2026-05-08 20:31:19,429 - INFO - Memory cleaned.
2026-05-08 20:31:19,663 - INFO - Epoch[36] Complete. Time taken: 00:01:23.879
2026-05-08 20:32:40,397 - INFO - Epoch 37 - Train Loss: 32748.857706710234, Validation MRR: 0.0006650693831034005, Learning Rate: 0.0009455032620941839
2026-05-08 20:32:43,299 - INFO - Memory cleaned.
2026-05-08 20:32:43,523 - INFO - Epoch[37] Complete. Time taken: 00:01:23.860
2026-05-08 20:34:04,242 - INFO - Epoch 38 - Train Loss: 32382.7657497099, Validation MRR: 0.0006650693831034005, Learning Rate: 0.0009263200821770461
2026-05-08 20:34:07,146 - INFO - Memory cleaned.
2026-05-08 20:34:07,372 - INFO - Epoch[38] Complete. Time taken: 00:01:23.848
2026-05-08 20:35:28,090 - INFO - Epoch 39 - Train Loss: 32042.204986064073, Validation MRR: 0.0006650693831034005, Learning Rate: 0.0009045084971874737
2026-05-08 20:35:30,992 - INFO - Memory cleaned.
2026-05-08 20:35:31,220 - INFO - Epoch[39] Complete. Time taken: 00:01:23.849
2026-05-08 20:36:52,123 - INFO - Epoch 40 - Train Loss: 31699.47376887368, Validation MRR: 0.0006650693831034005, Learning Rate: 0.0008802029828000156
2026-05-08 20:36:55,069 - INFO - Memory cleaned.
2026-05-08 20:36:55,069 - INFO - Evaluating on validation set at epoch 40...
Link prediction evaluation:   0%|          | 0/3 [00:00<?, ?batch/s]Link prediction evaluation: 100%|██████████| 3/3 [00:00<00:00, 34.79batch/s]
2026-05-08 20:36:55,163 - INFO - Validation MRR: 0.002511076396331191
2026-05-08 20:36:55,651 - INFO - Epoch[40] Complete. Time taken: 00:01:24.430
2026-05-08 20:38:16,515 - INFO - Epoch 41 - Train Loss: 31411.640401213022, Validation MRR: 0.002511076396331191, Learning Rate: 0.0008535533905932737
2026-05-08 20:38:19,413 - INFO - Memory cleaned.
2026-05-08 20:38:19,657 - INFO - Epoch[41] Complete. Time taken: 00:01:24.006
2026-05-08 20:39:40,255 - INFO - Epoch 42 - Train Loss: 31097.678697461426, Validation MRR: 0.002511076396331191, Learning Rate: 0.000824724024165092
2026-05-08 20:39:43,147 - INFO - Memory cleaned.
2026-05-08 20:39:43,423 - INFO - Epoch[42] Complete. Time taken: 00:01:23.766
2026-05-08 20:41:04,018 - INFO - Epoch 43 - Train Loss: 30833.651025488998, Validation MRR: 0.002511076396331191, Learning Rate: 0.0007938926261462366
2026-05-08 20:41:06,908 - INFO - Memory cleaned.
2026-05-08 20:41:07,151 - INFO - Epoch[43] Complete. Time taken: 00:01:23.728
2026-05-08 20:42:27,728 - INFO - Epoch 44 - Train Loss: 30571.53096603549, Validation MRR: 0.002511076396331191, Learning Rate: 0.0007612492823579744
2026-05-08 20:42:30,630 - INFO - Memory cleaned.
2026-05-08 20:42:30,870 - INFO - Epoch[44] Complete. Time taken: 00:01:23.719
2026-05-08 20:43:51,484 - INFO - Epoch 45 - Train Loss: 30335.969660598967, Validation MRR: 0.002511076396331191, Learning Rate: 0.0007269952498697733
2026-05-08 20:43:54,375 - INFO - Memory cleaned.
2026-05-08 20:43:54,634 - INFO - Epoch[45] Complete. Time taken: 00:01:23.764
2026-05-08 20:45:15,248 - INFO - Epoch 46 - Train Loss: 30124.32064594984, Validation MRR: 0.002511076396331191, Learning Rate: 0.000691341716182545
2026-05-08 20:45:18,139 - INFO - Memory cleaned.
2026-05-08 20:45:18,378 - INFO - Epoch[46] Complete. Time taken: 00:01:23.744
2026-05-08 20:46:38,961 - INFO - Epoch 47 - Train Loss: 29903.19589844902, Validation MRR: 0.002511076396331191, Learning Rate: 0.0006545084971874737
2026-05-08 20:46:41,855 - INFO - Memory cleaned.
2026-05-08 20:46:42,081 - INFO - Epoch[47] Complete. Time taken: 00:01:23.703
2026-05-08 20:48:02,685 - INFO - Epoch 48 - Train Loss: 29699.853380949877, Validation MRR: 0.002511076396331191, Learning Rate: 0.0006167226819279528
2026-05-08 20:48:05,576 - INFO - Memory cleaned.
2026-05-08 20:48:05,807 - INFO - Epoch[48] Complete. Time taken: 00:01:23.726
2026-05-08 20:49:26,422 - INFO - Epoch 49 - Train Loss: 29508.074809029076, Validation MRR: 0.002511076396331191, Learning Rate: 0.0005782172325201155
2026-05-08 20:49:29,314 - INFO - Memory cleaned.
2026-05-08 20:49:29,550 - INFO - Epoch[49] Complete. Time taken: 00:01:23.743
2026-05-08 20:50:50,175 - INFO - Epoch 50 - Train Loss: 29363.576228844384, Validation MRR: 0.002511076396331191, Learning Rate: 0.0005392295478639225
2026-05-08 20:50:53,080 - INFO - Memory cleaned.
2026-05-08 20:50:53,311 - INFO - Epoch[50] Complete. Time taken: 00:01:23.761
2026-05-08 20:52:13,909 - INFO - Epoch 51 - Train Loss: 29221.250505656175, Validation MRR: 0.002511076396331191, Learning Rate: 0.0005
2026-05-08 20:52:16,800 - INFO - Memory cleaned.
2026-05-08 20:52:17,034 - INFO - Epoch[51] Complete. Time taken: 00:01:23.723
2026-05-08 20:53:37,634 - INFO - Epoch 52 - Train Loss: 29084.513785104467, Validation MRR: 0.002511076396331191, Learning Rate: 0.0004607704521360776
2026-05-08 20:53:40,527 - INFO - Memory cleaned.
2026-05-08 20:53:40,767 - INFO - Epoch[52] Complete. Time taken: 00:01:23.733
2026-05-08 20:55:01,380 - INFO - Epoch 53 - Train Loss: 28926.65122209581, Validation MRR: 0.002511076396331191, Learning Rate: 0.0004217827674798847
2026-05-08 20:55:04,272 - INFO - Memory cleaned.
2026-05-08 20:55:04,497 - INFO - Epoch[53] Complete. Time taken: 00:01:23.730
2026-05-08 20:56:25,095 - INFO - Epoch 54 - Train Loss: 28817.725485483345, Validation MRR: 0.002511076396331191, Learning Rate: 0.00038327731807204733
2026-05-08 20:56:28,004 - INFO - Memory cleaned.
2026-05-08 20:56:28,229 - INFO - Epoch[54] Complete. Time taken: 00:01:23.733
2026-05-08 20:57:48,849 - INFO - Epoch 55 - Train Loss: 28710.513243865134, Validation MRR: 0.002511076396331191, Learning Rate: 0.00034549150281252633
2026-05-08 20:57:51,743 - INFO - Memory cleaned.
2026-05-08 20:57:52,001 - INFO - Epoch[55] Complete. Time taken: 00:01:23.771
2026-05-08 20:59:12,602 - INFO - Epoch 56 - Train Loss: 28611.52098168684, Validation MRR: 0.002511076396331191, Learning Rate: 0.0003086582838174551
2026-05-08 20:59:15,511 - INFO - Memory cleaned.
2026-05-08 20:59:15,737 - INFO - Epoch[56] Complete. Time taken: 00:01:23.736
2026-05-08 21:00:36,343 - INFO - Epoch 57 - Train Loss: 28512.2949801381, Validation MRR: 0.002511076396331191, Learning Rate: 0.00027300475013022663
2026-05-08 21:00:39,234 - INFO - Memory cleaned.
2026-05-08 21:00:39,460 - INFO - Epoch[57] Complete. Time taken: 00:01:23.723
2026-05-08 21:02:00,043 - INFO - Epoch 58 - Train Loss: 28450.94076533548, Validation MRR: 0.002511076396331191, Learning Rate: 0.00023875071764202561
2026-05-08 21:02:02,936 - INFO - Memory cleaned.
2026-05-08 21:02:03,164 - INFO - Epoch[58] Complete. Time taken: 00:01:23.704
2026-05-08 21:03:23,761 - INFO - Epoch 59 - Train Loss: 28373.919623425638, Validation MRR: 0.002511076396331191, Learning Rate: 0.00020610737385376348
2026-05-08 21:03:26,653 - INFO - Memory cleaned.
2026-05-08 21:03:26,889 - INFO - Epoch[59] Complete. Time taken: 00:01:23.726
2026-05-08 21:04:47,522 - INFO - Epoch 60 - Train Loss: 28312.49095279151, Validation MRR: 0.002511076396331191, Learning Rate: 0.00017527597583490823
2026-05-08 21:04:50,414 - INFO - Memory cleaned.
2026-05-08 21:04:50,414 - INFO - Evaluating on validation set at epoch 60...
Link prediction evaluation:   0%|          | 0/3 [00:00<?, ?batch/s]Link prediction evaluation: 100%|██████████| 3/3 [00:00<00:00, 35.85batch/s]
2026-05-08 21:04:50,518 - INFO - Validation MRR: 0.005368674173951149
2026-05-08 21:04:50,965 - INFO - Epoch[60] Complete. Time taken: 00:01:24.075
2026-05-08 21:06:11,563 - INFO - Epoch 61 - Train Loss: 28263.481422707948, Validation MRR: 0.005368674173951149, Learning Rate: 0.00014644660940672628
2026-05-08 21:06:14,456 - INFO - Memory cleaned.
2026-05-08 21:06:14,700 - INFO - Epoch[61] Complete. Time taken: 00:01:23.735
2026-05-08 21:07:35,308 - INFO - Epoch 62 - Train Loss: 28204.782103657995, Validation MRR: 0.005368674173951149, Learning Rate: 0.00011979701719998454
2026-05-08 21:07:38,202 - INFO - Memory cleaned.
2026-05-08 21:07:38,438 - INFO - Epoch[62] Complete. Time taken: 00:01:23.738
2026-05-08 21:08:59,705 - INFO - Epoch 63 - Train Loss: 28155.709761958602, Validation MRR: 0.005368674173951149, Learning Rate: 9.549150281252633e-05
2026-05-08 21:09:02,645 - INFO - Memory cleaned.
2026-05-08 21:09:02,897 - INFO - Epoch[63] Complete. Time taken: 00:01:24.459
2026-05-08 21:10:23,545 - INFO - Epoch 64 - Train Loss: 28138.462213608218, Validation MRR: 0.005368674173951149, Learning Rate: 7.367991782295391e-05
2026-05-08 21:10:26,495 - INFO - Memory cleaned.
2026-05-08 21:10:26,749 - INFO - Epoch[64] Complete. Time taken: 00:01:23.851
2026-05-08 21:11:47,391 - INFO - Epoch 65 - Train Loss: 28114.833896521806, Validation MRR: 0.005368674173951149, Learning Rate: 5.449673790581611e-05
2026-05-08 21:11:50,336 - INFO - Memory cleaned.
2026-05-08 21:11:50,577 - INFO - Epoch[65] Complete. Time taken: 00:01:23.828
2026-05-08 21:13:11,208 - INFO - Epoch 66 - Train Loss: 28090.605460675997, Validation MRR: 0.005368674173951149, Learning Rate: 3.806023374435663e-05
2026-05-08 21:13:14,155 - INFO - Memory cleaned.
2026-05-08 21:13:14,386 - INFO - Epoch[66] Complete. Time taken: 00:01:23.810
2026-05-08 21:15:09,275 - INFO - Epoch 67 - Train Loss: 28082.640804409744, Validation MRR: 0.005368674173951149, Learning Rate: 2.4471741852423235e-05
2026-05-08 21:15:12,221 - INFO - Memory cleaned.
2026-05-08 21:15:12,463 - INFO - Epoch[67] Complete. Time taken: 00:01:58.076
2026-05-08 21:17:07,389 - INFO - Epoch 68 - Train Loss: 28061.664561698602, Validation MRR: 0.005368674173951149, Learning Rate: 1.3815039801161721e-05
2026-05-08 21:17:10,335 - INFO - Memory cleaned.
2026-05-08 21:17:10,571 - INFO - Epoch[68] Complete. Time taken: 00:01:58.108
2026-05-08 21:19:05,549 - INFO - Epoch 69 - Train Loss: 28050.061970500403, Validation MRR: 0.005368674173951149, Learning Rate: 6.15582970243117e-06
2026-05-08 21:19:08,476 - INFO - Memory cleaned.
2026-05-08 21:19:08,722 - INFO - Epoch[69] Complete. Time taken: 00:01:58.150
2026-05-08 21:21:03,694 - INFO - Epoch 70 - Train Loss: 28055.020665710526, Validation MRR: 0.005368674173951149, Learning Rate: 1.541333133436018e-06
2026-05-08 21:21:06,625 - INFO - Memory cleaned.
2026-05-08 21:21:06,854 - INFO - Epoch[70] Complete. Time taken: 00:01:58.132
2026-05-08 21:23:01,743 - INFO - Epoch 71 - Train Loss: 28481.790088896454, Validation MRR: 0.005368674173951149, Learning Rate: 0.001
2026-05-08 21:23:04,671 - INFO - Memory cleaned.
2026-05-08 21:23:04,920 - INFO - Epoch[71] Complete. Time taken: 00:01:58.066
2026-05-08 21:24:59,984 - INFO - Epoch 72 - Train Loss: 28085.35301203025, Validation MRR: 0.005368674173951149, Learning Rate: 0.0009996145181203615
2026-05-08 21:25:02,949 - INFO - Memory cleaned.
2026-05-08 21:25:03,212 - INFO - Epoch[72] Complete. Time taken: 00:01:58.293
2026-05-08 21:26:58,121 - INFO - Epoch 73 - Train Loss: 27858.383740236604, Validation MRR: 0.005368674173951149, Learning Rate: 0.000998458666866564
2026-05-08 21:27:01,050 - INFO - Memory cleaned.
2026-05-08 21:27:01,278 - INFO - Epoch[73] Complete. Time taken: 00:01:58.065
2026-05-08 21:28:56,125 - INFO - Epoch 74 - Train Loss: 27639.761902934162, Validation MRR: 0.005368674173951149, Learning Rate: 0.0009965342284774632
2026-05-08 21:28:59,051 - INFO - Memory cleaned.
2026-05-08 21:28:59,294 - INFO - Epoch[74] Complete. Time taken: 00:01:58.015
2026-05-08 21:30:54,256 - INFO - Epoch 75 - Train Loss: 27436.06613497623, Validation MRR: 0.005368674173951149, Learning Rate: 0.0009938441702975688
2026-05-08 21:30:57,183 - INFO - Memory cleaned.
2026-05-08 21:30:57,411 - INFO - Epoch[75] Complete. Time taken: 00:01:58.117
2026-05-08 21:32:52,377 - INFO - Epoch 76 - Train Loss: 27236.364523203323, Validation MRR: 0.005368674173951149, Learning Rate: 0.0009903926402016153
2026-05-08 21:32:55,305 - INFO - Memory cleaned.
2026-05-08 21:32:55,534 - INFO - Epoch[76] Complete. Time taken: 00:01:58.123
2026-05-08 21:34:50,351 - INFO - Epoch 77 - Train Loss: 27037.921904904662, Validation MRR: 0.005368674173951149, Learning Rate: 0.0009861849601988384
2026-05-08 21:34:53,282 - INFO - Memory cleaned.
2026-05-08 21:34:53,564 - INFO - Epoch[77] Complete. Time taken: 00:01:58.030
2026-05-08 21:36:48,408 - INFO - Epoch 78 - Train Loss: 26817.836059394056, Validation MRR: 0.005368674173951149, Learning Rate: 0.0009812276182268236
2026-05-08 21:36:51,338 - INFO - Memory cleaned.
2026-05-08 21:36:51,568 - INFO - Epoch[78] Complete. Time taken: 00:01:58.003
2026-05-08 21:38:46,416 - INFO - Epoch 79 - Train Loss: 26652.67966511648, Validation MRR: 0.005368674173951149, Learning Rate: 0.0009755282581475768
2026-05-08 21:38:49,344 - INFO - Memory cleaned.
2026-05-08 21:38:49,591 - INFO - Epoch[79] Complete. Time taken: 00:01:58.023
2026-05-08 21:40:44,478 - INFO - Epoch 80 - Train Loss: 26463.722150391844, Validation MRR: 0.005368674173951149, Learning Rate: 0.0009690956679612422
2026-05-08 21:40:47,406 - INFO - Memory cleaned.
2026-05-08 21:40:47,406 - INFO - Evaluating on validation set at epoch 80...
Link prediction evaluation:   0%|          | 0/3 [00:00<?, ?batch/s]Link prediction evaluation: 100%|██████████| 3/3 [00:00<00:00, 31.26batch/s]
2026-05-08 21:40:47,503 - INFO - Validation MRR: 0.007556312717497349
2026-05-08 21:40:47,919 - INFO - Epoch[80] Complete. Time taken: 00:01:58.328
2026-05-08 21:42:42,910 - INFO - Epoch 81 - Train Loss: 26284.55564410331, Validation MRR: 0.007556312717497349, Learning Rate: 0.0009619397662556434
2026-05-08 21:42:45,889 - INFO - Memory cleaned.
2026-05-08 21:42:46,112 - INFO - Epoch[81] Complete. Time taken: 00:01:58.193
2026-05-08 21:44:41,364 - INFO - Epoch 82 - Train Loss: 26084.048339521916, Validation MRR: 0.007556312717497349, Learning Rate: 0.0009540715869125407
2026-05-08 21:44:44,297 - INFO - Memory cleaned.
2026-05-08 21:44:44,538 - INFO - Epoch[82] Complete. Time taken: 00:01:58.425
2026-05-08 21:46:05,376 - INFO - Epoch 83 - Train Loss: 25915.519301943466, Validation MRR: 0.007556312717497349, Learning Rate: 0.0009455032620941839
2026-05-08 21:46:08,269 - INFO - Memory cleaned.
2026-05-08 21:46:08,500 - INFO - Epoch[83] Complete. Time taken: 00:01:23.963
2026-05-08 21:47:29,132 - INFO - Epoch 84 - Train Loss: 25743.25193162002, Validation MRR: 0.007556312717497349, Learning Rate: 0.0009362480035363986
2026-05-08 21:47:32,033 - INFO - Memory cleaned.
2026-05-08 21:47:32,301 - INFO - Epoch[84] Complete. Time taken: 00:01:23.800
2026-05-08 21:48:52,946 - INFO - Epoch 85 - Train Loss: 25587.226410751307, Validation MRR: 0.007556312717497349, Learning Rate: 0.0009263200821770461
2026-05-08 21:48:55,886 - INFO - Memory cleaned.
2026-05-08 21:48:56,134 - INFO - Epoch[85] Complete. Time taken: 00:01:23.833
2026-05-08 21:50:16,681 - INFO - Epoch 86 - Train Loss: 25414.4149111403, Validation MRR: 0.007556312717497349, Learning Rate: 0.0009157348061512727
2026-05-08 21:50:19,622 - INFO - Memory cleaned.
2026-05-08 21:50:19,870 - INFO - Epoch[86] Complete. Time taken: 00:01:23.736
2026-05-08 21:51:40,472 - INFO - Epoch 87 - Train Loss: 25241.374944734052, Validation MRR: 0.007556312717497349, Learning Rate: 0.0009045084971874737
2026-05-08 21:51:43,367 - INFO - Memory cleaned.
2026-05-08 21:51:43,613 - INFO - Epoch[87] Complete. Time taken: 00:01:23.743
2026-05-08 21:53:04,199 - INFO - Epoch 88 - Train Loss: 25109.158348382127, Validation MRR: 0.007556312717497349, Learning Rate: 0.0008926584654403724
2026-05-08 21:53:07,089 - INFO - Memory cleaned.
2026-05-08 21:53:07,351 - INFO - Epoch[88] Complete. Time taken: 00:01:23.738
2026-05-08 21:54:27,967 - INFO - Epoch 89 - Train Loss: 24953.27732990069, Validation MRR: 0.007556312717497349, Learning Rate: 0.0008802029828000156
2026-05-08 21:54:30,859 - INFO - Memory cleaned.
2026-05-08 21:54:31,113 - INFO - Epoch[89] Complete. Time taken: 00:01:23.762
2026-05-08 21:55:51,751 - INFO - Epoch 90 - Train Loss: 24784.594882756606, Validation MRR: 0.007556312717497349, Learning Rate: 0.0008671612547178428
2026-05-08 21:55:54,657 - INFO - Memory cleaned.
2026-05-08 21:55:54,914 - INFO - Epoch[90] Complete. Time taken: 00:01:23.800
2026-05-08 21:57:15,534 - INFO - Epoch 91 - Train Loss: 24692.88251932968, Validation MRR: 0.007556312717497349, Learning Rate: 0.0008535533905932737
2026-05-08 21:57:18,429 - INFO - Memory cleaned.
2026-05-08 21:57:18,667 - INFO - Epoch[91] Complete. Time taken: 00:01:23.753
2026-05-08 21:58:39,289 - INFO - Epoch 92 - Train Loss: 24528.263797173295, Validation MRR: 0.007556312717497349, Learning Rate: 0.0008394003727664709
2026-05-08 21:58:42,180 - INFO - Memory cleaned.
2026-05-08 21:58:42,413 - INFO - Epoch[92] Complete. Time taken: 00:01:23.746
2026-05-08 22:00:02,949 - INFO - Epoch 93 - Train Loss: 24387.369386498747, Validation MRR: 0.007556312717497349, Learning Rate: 0.000824724024165092
2026-05-08 22:00:05,862 - INFO - Memory cleaned.
2026-05-08 22:00:06,092 - INFO - Epoch[93] Complete. Time taken: 00:01:23.679
2026-05-08 22:01:26,671 - INFO - Epoch 94 - Train Loss: 24272.10702387138, Validation MRR: 0.007556312717497349, Learning Rate: 0.000809546974654917
2026-05-08 22:01:29,565 - INFO - Memory cleaned.
2026-05-08 22:01:29,800 - INFO - Epoch[94] Complete. Time taken: 00:01:23.707
2026-05-08 22:02:50,303 - INFO - Epoch 95 - Train Loss: 24124.828094017084, Validation MRR: 0.007556312717497349, Learning Rate: 0.0007938926261462366
2026-05-08 22:02:53,222 - INFO - Memory cleaned.
2026-05-08 22:02:53,454 - INFO - Epoch[95] Complete. Time taken: 00:01:23.654
2026-05-08 22:04:13,935 - INFO - Epoch 96 - Train Loss: 24000.078028692922, Validation MRR: 0.007556312717497349, Learning Rate: 0.0007777851165098011
2026-05-08 22:04:16,869 - INFO - Memory cleaned.
2026-05-08 22:04:17,103 - INFO - Epoch[96] Complete. Time taken: 00:01:23.648
2026-05-08 22:05:37,794 - INFO - Epoch 97 - Train Loss: 23884.727918681245, Validation MRR: 0.007556312717497349, Learning Rate: 0.0007612492823579744
2026-05-08 22:05:40,747 - INFO - Memory cleaned.
2026-05-08 22:05:40,990 - INFO - Epoch[97] Complete. Time taken: 00:01:23.887
2026-05-08 22:07:01,554 - INFO - Epoch 98 - Train Loss: 23758.273924027304, Validation MRR: 0.007556312717497349, Learning Rate: 0.0007443106207484776
2026-05-08 22:07:04,475 - INFO - Memory cleaned.
2026-05-08 22:07:04,705 - INFO - Epoch[98] Complete. Time taken: 00:01:23.715
2026-05-08 22:08:25,134 - INFO - Epoch 99 - Train Loss: 23652.928130995027, Validation MRR: 0.007556312717497349, Learning Rate: 0.0007269952498697733
2026-05-08 22:08:28,056 - INFO - Memory cleaned.
2026-05-08 22:08:28,288 - INFO - Epoch[99] Complete. Time taken: 00:01:23.582
2026-05-08 22:09:48,731 - INFO - Epoch 100 - Train Loss: 23517.891870240608, Validation MRR: 0.007556312717497349, Learning Rate: 0.0007093298687687141
2026-05-08 22:09:51,668 - INFO - Memory cleaned.
2026-05-08 22:09:51,668 - INFO - Evaluating on validation set at epoch 100...
Link prediction evaluation:   0%|          | 0/3 [00:00<?, ?batch/s]Link prediction evaluation: 100%|██████████| 3/3 [00:00<00:00, 35.41batch/s]
2026-05-08 22:09:51,775 - INFO - Validation MRR: 0.021814819425344467
2026-05-08 22:09:52,180 - INFO - Epoch[100] Complete. Time taken: 00:01:23.892
2026-05-08 22:11:12,843 - INFO - Epoch 101 - Train Loss: 23426.88649520804, Validation MRR: 0.021814819425344467, Learning Rate: 0.000691341716182545
2026-05-08 22:11:15,778 - INFO - Memory cleaned.
2026-05-08 22:11:16,008 - INFO - Epoch[101] Complete. Time taken: 00:01:23.828
2026-05-08 22:12:40,314 - INFO - Epoch 102 - Train Loss: 23312.706803143174, Validation MRR: 0.021814819425344467, Learning Rate: 0.0006730585285387465
2026-05-08 22:12:43,258 - INFO - Memory cleaned.
2026-05-08 22:12:43,497 - INFO - Epoch[102] Complete. Time taken: 00:01:27.489
2026-05-08 22:14:04,028 - INFO - Epoch 103 - Train Loss: 23245.173290277333, Validation MRR: 0.021814819425344467, Learning Rate: 0.0006545084971874737
2026-05-08 22:14:06,946 - INFO - Memory cleaned.
2026-05-08 22:14:07,175 - INFO - Epoch[103] Complete. Time taken: 00:01:23.678
2026-05-08 22:15:27,726 - INFO - Epoch 104 - Train Loss: 23161.87690659771, Validation MRR: 0.021814819425344467, Learning Rate: 0.0006357202249325371
2026-05-08 22:15:30,633 - INFO - Memory cleaned.
2026-05-08 22:15:30,861 - INFO - Epoch[104] Complete. Time taken: 00:01:23.686
2026-05-08 22:16:51,486 - INFO - Epoch 105 - Train Loss: 23047.602234071655, Validation MRR: 0.021814819425344467, Learning Rate: 0.0006167226819279528
2026-05-08 22:16:54,443 - INFO - Memory cleaned.
2026-05-08 22:16:54,674 - INFO - Epoch[105] Complete. Time taken: 00:01:23.812
2026-05-08 22:18:15,269 - INFO - Epoch 106 - Train Loss: 22976.81601251026, Validation MRR: 0.021814819425344467, Learning Rate: 0.0005975451610080642
2026-05-08 22:18:18,206 - INFO - Memory cleaned.
2026-05-08 22:18:18,435 - INFO - Epoch[106] Complete. Time taken: 00:01:23.761
2026-05-08 22:19:39,035 - INFO - Epoch 107 - Train Loss: 22846.044177123425, Validation MRR: 0.021814819425344467, Learning Rate: 0.0005782172325201155
2026-05-08 22:19:41,960 - INFO - Memory cleaned.
2026-05-08 22:19:42,190 - INFO - Epoch[107] Complete. Time taken: 00:01:23.755
2026-05-08 22:21:02,767 - INFO - Epoch 108 - Train Loss: 22778.593126031934, Validation MRR: 0.021814819425344467, Learning Rate: 0.0005587686987289189
2026-05-08 22:21:05,699 - INFO - Memory cleaned.
2026-05-08 22:21:05,938 - INFO - Epoch[108] Complete. Time taken: 00:01:23.747
2026-05-08 22:22:54,786 - INFO - Epoch 109 - Train Loss: 22701.85906544335, Validation MRR: 0.021814819425344467, Learning Rate: 0.0005392295478639225
2026-05-08 22:22:57,739 - INFO - Memory cleaned.
2026-05-08 22:22:57,969 - INFO - Epoch[109] Complete. Time taken: 00:01:52.031
2026-05-08 22:24:29,503 - INFO - Epoch 110 - Train Loss: 22644.42142271486, Validation MRR: 0.021814819425344467, Learning Rate: 0.0005196299078795343
2026-05-08 22:24:32,457 - INFO - Memory cleaned.
2026-05-08 22:24:32,691 - INFO - Epoch[110] Complete. Time taken: 00:01:34.723
2026-05-08 22:26:09,003 - INFO - Epoch 111 - Train Loss: 22576.442745448265, Validation MRR: 0.021814819425344467, Learning Rate: 0.0005
2026-05-08 22:26:11,928 - INFO - Memory cleaned.
2026-05-08 22:26:12,157 - INFO - Epoch[111] Complete. Time taken: 00:01:39.465
2026-05-08 22:27:32,653 - INFO - Epoch 112 - Train Loss: 22493.605805803592, Validation MRR: 0.021814819425344467, Learning Rate: 0.00048037009212046586
2026-05-08 22:27:35,572 - INFO - Memory cleaned.
2026-05-08 22:27:35,803 - INFO - Epoch[112] Complete. Time taken: 00:01:23.646
2026-05-08 22:28:57,674 - INFO - Epoch 113 - Train Loss: 22429.82200242555, Validation MRR: 0.021814819425344467, Learning Rate: 0.0004607704521360776
2026-05-08 22:29:00,601 - INFO - Memory cleaned.
2026-05-08 22:29:00,831 - INFO - Epoch[113] Complete. Time taken: 00:01:25.027
2026-05-08 22:30:21,080 - INFO - Epoch 114 - Train Loss: 22348.763098571497, Validation MRR: 0.021814819425344467, Learning Rate: 0.00044123130127108126
2026-05-08 22:30:24,012 - INFO - Memory cleaned.
2026-05-08 22:30:24,243 - INFO - Epoch[114] Complete. Time taken: 00:01:23.413
2026-05-08 22:31:44,638 - INFO - Epoch 115 - Train Loss: 22291.34730391867, Validation MRR: 0.021814819425344467, Learning Rate: 0.0004217827674798847
2026-05-08 22:31:47,548 - INFO - Memory cleaned.
2026-05-08 22:31:47,777 - INFO - Epoch[115] Complete. Time taken: 00:01:23.534
2026-05-08 22:33:15,510 - INFO - Epoch 116 - Train Loss: 22233.399612519057, Validation MRR: 0.021814819425344467, Learning Rate: 0.00040245483899193594
2026-05-08 22:33:18,448 - INFO - Memory cleaned.
2026-05-08 22:33:18,734 - INFO - Epoch[116] Complete. Time taken: 00:01:30.956
2026-05-08 22:35:07,045 - INFO - Epoch 117 - Train Loss: 22180.827734719915, Validation MRR: 0.021814819425344467, Learning Rate: 0.00038327731807204733
2026-05-08 22:35:09,971 - INFO - Memory cleaned.
2026-05-08 22:35:10,204 - INFO - Epoch[117] Complete. Time taken: 00:01:51.470
2026-05-08 22:36:29,868 - INFO - Epoch 118 - Train Loss: 22109.361103072493, Validation MRR: 0.021814819425344467, Learning Rate: 0.0003642797750674628
2026-05-08 22:36:32,775 - INFO - Memory cleaned.
2026-05-08 22:36:33,028 - INFO - Epoch[118] Complete. Time taken: 00:01:22.823
2026-05-08 22:37:52,746 - INFO - Epoch 119 - Train Loss: 22074.51375647641, Validation MRR: 0.021814819425344467, Learning Rate: 0.00034549150281252633
2026-05-08 22:37:55,680 - INFO - Memory cleaned.
2026-05-08 22:37:55,912 - INFO - Epoch[119] Complete. Time taken: 00:01:22.884
2026-05-08 22:39:15,527 - INFO - Epoch 120 - Train Loss: 22015.75659475979, Validation MRR: 0.021814819425344467, Learning Rate: 0.00032694147146125364
2026-05-08 22:39:18,455 - INFO - Memory cleaned.
2026-05-08 22:39:18,455 - INFO - Evaluating on validation set at epoch 120...
Link prediction evaluation:   0%|          | 0/3 [00:00<?, ?batch/s]Link prediction evaluation: 100%|██████████| 3/3 [00:00<00:00, 35.87batch/s]
2026-05-08 22:39:18,540 - INFO - Validation MRR: 0.03511376306414604
2026-05-08 22:39:18,975 - INFO - Epoch[120] Complete. Time taken: 00:01:23.063
2026-05-08 22:40:39,401 - INFO - Epoch 121 - Train Loss: 21980.433845462572, Validation MRR: 0.03511376306414604, Learning Rate: 0.0003086582838174551
2026-05-08 22:40:42,332 - INFO - Memory cleaned.
2026-05-08 22:40:42,563 - INFO - Epoch[121] Complete. Time taken: 00:01:23.588
2026-05-08 22:42:02,528 - INFO - Epoch 122 - Train Loss: 21926.85352159832, Validation MRR: 0.03511376306414604, Learning Rate: 0.0002906701312312861
2026-05-08 22:42:05,448 - INFO - Memory cleaned.
2026-05-08 22:42:05,681 - INFO - Epoch[122] Complete. Time taken: 00:01:23.118
2026-05-08 22:43:25,958 - INFO - Epoch 123 - Train Loss: 21881.630606364935, Validation MRR: 0.03511376306414604, Learning Rate: 0.00027300475013022663
2026-05-08 22:43:28,892 - INFO - Memory cleaned.
2026-05-08 22:43:29,124 - INFO - Epoch[123] Complete. Time taken: 00:01:23.443
2026-05-08 22:44:48,645 - INFO - Epoch 124 - Train Loss: 21835.55558769717, Validation MRR: 0.03511376306414604, Learning Rate: 0.00025568937925152246
2026-05-08 22:44:51,573 - INFO - Memory cleaned.
2026-05-08 22:44:51,806 - INFO - Epoch[124] Complete. Time taken: 00:01:22.682
2026-05-08 22:46:11,332 - INFO - Epoch 125 - Train Loss: 21793.23995615194, Validation MRR: 0.03511376306414604, Learning Rate: 0.00023875071764202561
2026-05-08 22:46:14,264 - INFO - Memory cleaned.
2026-05-08 22:46:14,516 - INFO - Epoch[125] Complete. Time taken: 00:01:22.710
2026-05-08 22:47:33,953 - INFO - Epoch 126 - Train Loss: 21778.301259413438, Validation MRR: 0.03511376306414604, Learning Rate: 0.00022221488349019887
2026-05-08 22:47:36,845 - INFO - Memory cleaned.
2026-05-08 22:47:37,078 - INFO - Epoch[126] Complete. Time taken: 00:01:22.562
2026-05-08 22:48:56,632 - INFO - Epoch 127 - Train Loss: 21746.572717196992, Validation MRR: 0.03511376306414604, Learning Rate: 0.00020610737385376348
2026-05-08 22:48:59,604 - INFO - Memory cleaned.
2026-05-08 22:48:59,841 - INFO - Epoch[127] Complete. Time taken: 00:01:22.763
2026-05-08 22:50:22,419 - INFO - Epoch 128 - Train Loss: 21729.644016239174, Validation MRR: 0.03511376306414604, Learning Rate: 0.00019045302534508314
2026-05-08 22:50:25,339 - INFO - Memory cleaned.
2026-05-08 22:50:25,575 - INFO - Epoch[128] Complete. Time taken: 00:01:25.734
2026-05-08 22:52:19,445 - INFO - Epoch 129 - Train Loss: 21668.13994854543, Validation MRR: 0.03511376306414604, Learning Rate: 0.00017527597583490823
2026-05-08 22:52:22,340 - INFO - Memory cleaned.
2026-05-08 22:52:22,603 - INFO - Epoch[129] Complete. Time taken: 00:01:57.027
2026-05-08 22:54:16,500 - INFO - Epoch 130 - Train Loss: 21672.881570128116, Validation MRR: 0.03511376306414604, Learning Rate: 0.00016059962723352923
2026-05-08 22:54:19,394 - INFO - Memory cleaned.
2026-05-08 22:54:19,636 - INFO - Epoch[130] Complete. Time taken: 00:01:57.033
2026-05-08 22:56:00,108 - INFO - Epoch 131 - Train Loss: 21623.473150467966, Validation MRR: 0.03511376306414604, Learning Rate: 0.00014644660940672628
2026-05-08 22:56:02,996 - INFO - Memory cleaned.
2026-05-08 22:56:03,229 - INFO - Epoch[131] Complete. Time taken: 00:01:43.593
2026-05-08 22:57:57,064 - INFO - Epoch 132 - Train Loss: 21593.7866228623, Validation MRR: 0.03511376306414604, Learning Rate: 0.00013283874528215717
2026-05-08 22:57:59,956 - INFO - Memory cleaned.
2026-05-08 22:58:00,193 - INFO - Epoch[132] Complete. Time taken: 00:01:56.964
2026-05-08 22:59:28,813 - INFO - Epoch 133 - Train Loss: 21573.22877345441, Validation MRR: 0.03511376306414604, Learning Rate: 0.00011979701719998454
2026-05-08 22:59:31,712 - INFO - Memory cleaned.
2026-05-08 22:59:31,967 - INFO - Epoch[133] Complete. Time taken: 00:01:31.773
2026-05-08 23:00:51,480 - INFO - Epoch 134 - Train Loss: 21572.05722950377, Validation MRR: 0.03511376306414604, Learning Rate: 0.00010734153455962748
2026-05-08 23:00:54,366 - INFO - Memory cleaned.
2026-05-08 23:00:54,605 - INFO - Epoch[134] Complete. Time taken: 00:01:22.638
2026-05-08 23:02:14,064 - INFO - Epoch 135 - Train Loss: 21544.259904645547, Validation MRR: 0.03511376306414604, Learning Rate: 9.549150281252633e-05
2026-05-08 23:02:16,956 - INFO - Memory cleaned.
2026-05-08 23:02:17,193 - INFO - Epoch[135] Complete. Time taken: 00:01:22.587
2026-05-08 23:03:36,708 - INFO - Epoch 136 - Train Loss: 21510.723666155583, Validation MRR: 0.03511376306414604, Learning Rate: 8.42651938487275e-05
2026-05-08 23:03:39,563 - INFO - Memory cleaned.
2026-05-08 23:03:39,800 - INFO - Epoch[136] Complete. Time taken: 00:01:22.607
2026-05-08 23:05:20,018 - INFO - Epoch 137 - Train Loss: 21485.41627063846, Validation MRR: 0.03511376306414604, Learning Rate: 7.367991782295391e-05
2026-05-08 23:05:22,911 - INFO - Memory cleaned.
2026-05-08 23:05:23,145 - INFO - Epoch[137] Complete. Time taken: 00:01:43.345
2026-05-08 23:07:07,131 - INFO - Epoch 138 - Train Loss: 21492.825153054862, Validation MRR: 0.03511376306414604, Learning Rate: 6.375199646360153e-05
2026-05-08 23:07:10,010 - INFO - Memory cleaned.
2026-05-08 23:07:10,247 - INFO - Epoch[138] Complete. Time taken: 00:01:47.102
2026-05-08 23:08:38,858 - INFO - Epoch 139 - Train Loss: 21480.834038983594, Validation MRR: 0.03511376306414604, Learning Rate: 5.449673790581611e-05
2026-05-08 23:08:41,737 - INFO - Memory cleaned.
2026-05-08 23:08:41,973 - INFO - Epoch[139] Complete. Time taken: 00:01:31.726
2026-05-08 23:10:01,459 - INFO - Epoch 140 - Train Loss: 21474.762447567067, Validation MRR: 0.03511376306414604, Learning Rate: 4.592841308745932e-05
2026-05-08 23:10:04,338 - INFO - Memory cleaned.
2026-05-08 23:10:04,338 - INFO - Evaluating on validation set at epoch 140...
Link prediction evaluation:   0%|          | 0/3 [00:00<?, ?batch/s]Link prediction evaluation: 100%|██████████| 3/3 [00:00<00:00, 36.17batch/s]
2026-05-08 23:10:04,427 - INFO - Validation MRR: 0.03785044327378273
2026-05-08 23:10:04,853 - INFO - Epoch[140] Complete. Time taken: 00:01:22.879
2026-05-08 23:11:32,489 - INFO - Epoch 141 - Train Loss: 21459.086782886345, Validation MRR: 0.03785044327378273, Learning Rate: 3.806023374435663e-05
2026-05-08 23:11:35,342 - INFO - Memory cleaned.
2026-05-08 23:11:35,582 - INFO - Epoch[141] Complete. Time taken: 00:01:30.729
2026-05-08 23:12:55,359 - INFO - Epoch 142 - Train Loss: 21463.55711059811, Validation MRR: 0.03785044327378273, Learning Rate: 3.090433203875792e-05
2026-05-08 23:12:58,205 - INFO - Memory cleaned.
2026-05-08 23:12:58,455 - INFO - Epoch[142] Complete. Time taken: 00:01:22.872
2026-05-08 23:14:17,897 - INFO - Epoch 143 - Train Loss: 21437.1970057676, Validation MRR: 0.03785044327378273, Learning Rate: 2.4471741852423235e-05
2026-05-08 23:14:20,722 - INFO - Memory cleaned.
2026-05-08 23:14:20,977 - INFO - Epoch[143] Complete. Time taken: 00:01:22.522
2026-05-08 23:16:13,552 - INFO - Epoch 144 - Train Loss: 21434.161877120074, Validation MRR: 0.03785044327378273, Learning Rate: 1.8772381773176416e-05
2026-05-08 23:16:16,423 - INFO - Memory cleaned.
2026-05-08 23:16:16,680 - INFO - Epoch[144] Complete. Time taken: 00:01:55.702
2026-05-08 23:18:10,512 - INFO - Epoch 145 - Train Loss: 21439.156860462022, Validation MRR: 0.03785044327378273, Learning Rate: 1.3815039801161721e-05
2026-05-08 23:18:13,389 - INFO - Memory cleaned.
2026-05-08 23:18:13,623 - INFO - Epoch[145] Complete. Time taken: 00:01:56.944
2026-05-08 23:20:02,226 - INFO - Epoch 146 - Train Loss: 21447.214593063054, Validation MRR: 0.03785044327378273, Learning Rate: 9.607359798384786e-06
2026-05-08 23:20:05,087 - INFO - Memory cleaned.
2026-05-08 23:20:05,324 - INFO - Epoch[146] Complete. Time taken: 00:01:51.700
2026-05-08 23:21:24,900 - INFO - Epoch 147 - Train Loss: 21425.534253825983, Validation MRR: 0.03785044327378273, Learning Rate: 6.15582970243117e-06
2026-05-08 23:21:27,771 - INFO - Memory cleaned.
2026-05-08 23:21:28,006 - INFO - Epoch[147] Complete. Time taken: 00:01:22.682
2026-05-08 23:23:16,604 - INFO - Epoch 148 - Train Loss: 21416.062528370152, Validation MRR: 0.03785044327378273, Learning Rate: 3.4657715225368535e-06
2026-05-08 23:23:19,473 - INFO - Memory cleaned.
2026-05-08 23:23:19,708 - INFO - Epoch[148] Complete. Time taken: 00:01:51.701
2026-05-08 23:24:44,809 - INFO - Epoch 149 - Train Loss: 21414.01280341895, Validation MRR: 0.03785044327378273, Learning Rate: 1.541333133436018e-06
2026-05-08 23:24:47,640 - INFO - Memory cleaned.
2026-05-08 23:24:47,872 - INFO - Epoch[149] Complete. Time taken: 00:01:28.164
2026-05-08 23:26:17,121 - INFO - Epoch 150 - Train Loss: 21422.61769722796, Validation MRR: 0.03785044327378273, Learning Rate: 3.854818796385495e-07
2026-05-08 23:26:19,986 - INFO - Memory cleaned.
2026-05-08 23:26:20,223 - INFO - Epoch[150] Complete. Time taken: 00:01:32.351
2026-05-08 23:27:48,677 - INFO - Epoch 151 - Train Loss: 22015.109794607084, Validation MRR: 0.03785044327378273, Learning Rate: 0.001
2026-05-08 23:27:51,522 - INFO - Memory cleaned.
2026-05-08 23:27:51,754 - INFO - Epoch[151] Complete. Time taken: 00:01:31.531
2026-05-08 23:29:11,150 - INFO - Epoch 152 - Train Loss: 21862.15027586013, Validation MRR: 0.03785044327378273, Learning Rate: 0.0009999036202410325
2026-05-08 23:29:14,015 - INFO - Memory cleaned.
2026-05-08 23:29:14,249 - INFO - Epoch[152] Complete. Time taken: 00:01:22.495
2026-05-08 23:30:33,662 - INFO - Epoch 153 - Train Loss: 21761.905925267543, Validation MRR: 0.03785044327378273, Learning Rate: 0.0009996145181203615
2026-05-08 23:30:36,523 - INFO - Memory cleaned.
2026-05-08 23:30:36,755 - INFO - Epoch[153] Complete. Time taken: 00:01:22.505
2026-05-08 23:31:56,259 - INFO - Epoch 154 - Train Loss: 21641.426352890554, Validation MRR: 0.03785044327378273, Learning Rate: 0.000999132805092358
2026-05-08 23:31:59,115 - INFO - Memory cleaned.
2026-05-08 23:31:59,352 - INFO - Epoch[154] Complete. Time taken: 00:01:22.597
2026-05-08 23:33:18,834 - INFO - Epoch 155 - Train Loss: 21542.955788265248, Validation MRR: 0.03785044327378273, Learning Rate: 0.000998458666866564
2026-05-08 23:33:21,676 - INFO - Memory cleaned.
2026-05-08 23:33:21,907 - INFO - Epoch[155] Complete. Time taken: 00:01:22.555
2026-05-08 23:35:11,226 - INFO - Epoch 156 - Train Loss: 21455.149292402257, Validation MRR: 0.03785044327378273, Learning Rate: 0.0009975923633360985
2026-05-08 23:35:14,106 - INFO - Memory cleaned.
2026-05-08 23:35:14,347 - INFO - Epoch[156] Complete. Time taken: 00:01:52.440
2026-05-08 23:36:42,224 - INFO - Epoch 157 - Train Loss: 21398.799855665784, Validation MRR: 0.03785044327378273, Learning Rate: 0.0009965342284774632
2026-05-08 23:36:45,084 - INFO - Memory cleaned.
2026-05-08 23:36:45,315 - INFO - Epoch[157] Complete. Time taken: 00:01:30.967
2026-05-08 23:38:30,667 - INFO - Epoch 158 - Train Loss: 21308.113439520734, Validation MRR: 0.03785044327378273, Learning Rate: 0.0009952846702217886
2026-05-08 23:38:33,501 - INFO - Memory cleaned.
2026-05-08 23:38:33,737 - INFO - Epoch[158] Complete. Time taken: 00:01:48.422
2026-05-08 23:39:53,454 - INFO - Epoch 159 - Train Loss: 21225.052164268858, Validation MRR: 0.03785044327378273, Learning Rate: 0.0009938441702975688
2026-05-08 23:39:56,305 - INFO - Memory cleaned.
2026-05-08 23:39:56,536 - INFO - Epoch[159] Complete. Time taken: 00:01:22.799
2026-05-08 23:41:16,091 - INFO - Epoch 160 - Train Loss: 21122.801804936233, Validation MRR: 0.03785044327378273, Learning Rate: 0.0009922132840449458
2026-05-08 23:41:18,929 - INFO - Memory cleaned.
2026-05-08 23:41:18,930 - INFO - Evaluating on validation set at epoch 160...
Link prediction evaluation:   0%|          | 0/3 [00:00<?, ?batch/s]Link prediction evaluation: 100%|██████████| 3/3 [00:00<00:00, 35.55batch/s]
2026-05-08 23:41:19,032 - INFO - Validation MRR: 0.01915212720632553
2026-05-08 23:41:19,264 - INFO - Epoch[160] Complete. Time taken: 00:01:22.728
2026-05-08 23:42:41,041 - INFO - Epoch 161 - Train Loss: 21057.91096815099, Validation MRR: 0.01915212720632553, Learning Rate: 0.0009903926402016153
2026-05-08 23:42:43,915 - INFO - Memory cleaned.
2026-05-08 23:42:44,150 - INFO - Epoch[161] Complete. Time taken: 00:01:24.886
2026-05-08 23:44:25,370 - INFO - Epoch 162 - Train Loss: 20987.004748762007, Validation MRR: 0.01915212720632553, Learning Rate: 0.0009883829406604362
2026-05-08 23:44:28,224 - INFO - Memory cleaned.
2026-05-08 23:44:28,471 - INFO - Epoch[162] Complete. Time taken: 00:01:44.321
2026-05-08 23:45:48,012 - INFO - Epoch 163 - Train Loss: 20914.664209624636, Validation MRR: 0.01915212720632553, Learning Rate: 0.0009861849601988384
2026-05-08 23:45:50,855 - INFO - Memory cleaned.
2026-05-08 23:45:51,086 - INFO - Epoch[163] Complete. Time taken: 00:01:22.614
2026-05-08 23:47:39,087 - INFO - Epoch 164 - Train Loss: 20846.53452264195, Validation MRR: 0.01915212720632553, Learning Rate: 0.0009837995461801298
2026-05-08 23:47:41,955 - INFO - Memory cleaned.
2026-05-08 23:47:42,217 - INFO - Epoch[164] Complete. Time taken: 00:01:51.131
2026-05-08 23:49:25,910 - INFO - Epoch 165 - Train Loss: 20770.597554004507, Validation MRR: 0.01915212720632553, Learning Rate: 0.0009812276182268236
2026-05-08 23:49:28,771 - INFO - Memory cleaned.
2026-05-08 23:49:29,020 - INFO - Epoch[165] Complete. Time taken: 00:01:46.803
2026-05-08 23:50:48,417 - INFO - Epoch 166 - Train Loss: 20714.66546271941, Validation MRR: 0.01915212720632553, Learning Rate: 0.0009784701678661044
2026-05-08 23:50:51,276 - INFO - Memory cleaned.
2026-05-08 23:50:51,510 - INFO - Epoch[166] Complete. Time taken: 00:01:22.490
2026-05-08 23:52:10,954 - INFO - Epoch 167 - Train Loss: 20650.560606502597, Validation MRR: 0.01915212720632553, Learning Rate: 0.0009755282581475768
2026-05-08 23:52:13,807 - INFO - Memory cleaned.
2026-05-08 23:52:14,055 - INFO - Epoch[167] Complete. Time taken: 00:01:22.544
2026-05-08 23:53:33,550 - INFO - Epoch 168 - Train Loss: 20590.93633159859, Validation MRR: 0.01915212720632553, Learning Rate: 0.0009724030232334391
2026-05-08 23:53:36,405 - INFO - Memory cleaned.
2026-05-08 23:53:36,644 - INFO - Epoch[168] Complete. Time taken: 00:01:22.589
2026-05-08 23:54:56,083 - INFO - Epoch 169 - Train Loss: 20506.850556494297, Validation MRR: 0.01915212720632553, Learning Rate: 0.0009690956679612422
2026-05-08 23:54:58,945 - INFO - Memory cleaned.
2026-05-08 23:54:59,184 - INFO - Epoch[169] Complete. Time taken: 00:01:22.540
2026-05-08 23:56:18,850 - INFO - Epoch 170 - Train Loss: 20455.840694099446, Validation MRR: 0.01915212720632553, Learning Rate: 0.0009656074673794017
2026-05-08 23:56:21,711 - INFO - Memory cleaned.
2026-05-08 23:56:21,959 - INFO - Epoch[170] Complete. Time taken: 00:01:22.775
2026-05-08 23:57:41,718 - INFO - Epoch 171 - Train Loss: 20395.028536093985, Validation MRR: 0.01915212720632553, Learning Rate: 0.0009619397662556434
2026-05-08 23:57:44,567 - INFO - Memory cleaned.
2026-05-08 23:57:44,795 - INFO - Epoch[171] Complete. Time taken: 00:01:22.836
2026-05-08 23:59:07,283 - INFO - Epoch 172 - Train Loss: 20319.306346336598, Validation MRR: 0.01915212720632553, Learning Rate: 0.0009580939785585681
2026-05-08 23:59:10,149 - INFO - Memory cleaned.
2026-05-08 23:59:10,385 - INFO - Epoch[172] Complete. Time taken: 00:01:25.590
2026-05-09 00:00:37,371 - INFO - Epoch 173 - Train Loss: 20266.6630046028, Validation MRR: 0.01915212720632553, Learning Rate: 0.0009540715869125407
2026-05-09 00:00:40,216 - INFO - Memory cleaned.
2026-05-09 00:00:40,454 - INFO - Epoch[173] Complete. Time taken: 00:01:30.069
2026-05-09 00:01:59,950 - INFO - Epoch 174 - Train Loss: 20209.37010904469, Validation MRR: 0.01915212720632553, Learning Rate: 0.0009498741420261108
2026-05-09 00:02:02,833 - INFO - Memory cleaned.
2026-05-09 00:02:03,106 - INFO - Epoch[174] Complete. Time taken: 00:01:22.651
2026-05-09 00:03:22,543 - INFO - Epoch 175 - Train Loss: 20149.565078628144, Validation MRR: 0.01915212720632553, Learning Rate: 0.0009455032620941839
2026-05-09 00:03:25,377 - INFO - Memory cleaned.
2026-05-09 00:03:25,605 - INFO - Epoch[175] Complete. Time taken: 00:01:22.499
2026-05-09 00:05:07,639 - INFO - Epoch 176 - Train Loss: 20086.536490946663, Validation MRR: 0.01915212720632553, Learning Rate: 0.0009409606321741775
2026-05-09 00:05:10,512 - INFO - Memory cleaned.
2026-05-09 00:05:10,749 - INFO - Epoch[176] Complete. Time taken: 00:01:45.144
2026-05-09 00:06:47,988 - INFO - Epoch 177 - Train Loss: 20057.06400273793, Validation MRR: 0.01915212720632553, Learning Rate: 0.0009362480035363986
2026-05-09 00:06:50,839 - INFO - Memory cleaned.
2026-05-09 00:06:51,068 - INFO - Epoch[177] Complete. Time taken: 00:01:40.319
2026-05-09 00:08:10,538 - INFO - Epoch 178 - Train Loss: 19983.146341824075, Validation MRR: 0.01915212720632553, Learning Rate: 0.0009313671929888959
2026-05-09 00:08:13,362 - INFO - Memory cleaned.
2026-05-09 00:08:13,594 - INFO - Epoch[178] Complete. Time taken: 00:01:22.525
2026-05-09 00:09:33,075 - INFO - Epoch 179 - Train Loss: 19922.5656330685, Validation MRR: 0.01915212720632553, Learning Rate: 0.0009263200821770461
2026-05-09 00:09:35,936 - INFO - Memory cleaned.
2026-05-09 00:09:36,164 - INFO - Epoch[179] Complete. Time taken: 00:01:22.570
2026-05-09 00:10:55,540 - INFO - Epoch 180 - Train Loss: 19883.09524002533, Validation MRR: 0.01915212720632553, Learning Rate: 0.0009211086168581433
2026-05-09 00:10:58,412 - INFO - Memory cleaned.
2026-05-09 00:10:58,412 - INFO - Evaluating on validation set at epoch 180...
Link prediction evaluation:   0%|          | 0/3 [00:00<?, ?batch/s]Link prediction evaluation: 100%|██████████| 3/3 [00:00<00:00, 34.35batch/s]
2026-05-09 00:10:58,521 - INFO - Validation MRR: 0.02088441513478756
2026-05-09 00:10:58,758 - INFO - Epoch[180] Complete. Time taken: 00:01:22.593
2026-05-09 00:12:18,141 - INFO - Epoch 181 - Train Loss: 19832.19148342724, Validation MRR: 0.02088441513478756, Learning Rate: 0.0009157348061512727
2026-05-09 00:12:20,991 - INFO - Memory cleaned.
2026-05-09 00:12:21,219 - INFO - Epoch[181] Complete. Time taken: 00:01:22.461
2026-05-09 00:13:40,683 - INFO - Epoch 182 - Train Loss: 19757.91072221984, Validation MRR: 0.02088441513478756, Learning Rate: 0.0009102007217627568
2026-05-09 00:13:43,521 - INFO - Memory cleaned.
2026-05-09 00:13:43,765 - INFO - Epoch[182] Complete. Time taken: 00:01:22.546
2026-05-09 00:15:24,773 - INFO - Epoch 183 - Train Loss: 19725.758659814146, Validation MRR: 0.02088441513478756, Learning Rate: 0.0009045084971874737
2026-05-09 00:15:27,622 - INFO - Memory cleaned.
2026-05-09 00:15:27,852 - INFO - Epoch[183] Complete. Time taken: 00:01:44.087
2026-05-09 00:16:47,400 - INFO - Epoch 184 - Train Loss: 19666.824202271397, Validation MRR: 0.02088441513478756, Learning Rate: 0.0008986603268863536
2026-05-09 00:16:50,227 - INFO - Memory cleaned.
2026-05-09 00:16:50,460 - INFO - Epoch[184] Complete. Time taken: 00:01:22.608
2026-05-09 00:18:09,900 - INFO - Epoch 185 - Train Loss: 19596.156024907832, Validation MRR: 0.02088441513478756, Learning Rate: 0.0008926584654403724
2026-05-09 00:18:12,768 - INFO - Memory cleaned.
2026-05-09 00:18:13,004 - INFO - Epoch[185] Complete. Time taken: 00:01:22.544
2026-05-09 00:19:36,035 - INFO - Epoch 186 - Train Loss: 19560.432672242947, Validation MRR: 0.02088441513478756, Learning Rate: 0.0008865052266813684
2026-05-09 00:19:38,897 - INFO - Memory cleaned.
2026-05-09 00:19:39,132 - INFO - Epoch[186] Complete. Time taken: 00:01:26.128
2026-05-09 00:20:58,738 - INFO - Epoch 187 - Train Loss: 19514.41029973429, Validation MRR: 0.02088441513478756, Learning Rate: 0.0008802029828000156
2026-05-09 00:21:01,616 - INFO - Memory cleaned.
2026-05-09 00:21:01,847 - INFO - Epoch[187] Complete. Time taken: 00:01:22.715
2026-05-09 00:22:21,322 - INFO - Epoch 188 - Train Loss: 19453.22894092509, Validation MRR: 0.02088441513478756, Learning Rate: 0.0008737541634312985
2026-05-09 00:22:24,202 - INFO - Memory cleaned.
2026-05-09 00:22:24,449 - INFO - Epoch[188] Complete. Time taken: 00:01:22.602
2026-05-09 00:23:43,988 - INFO - Epoch 189 - Train Loss: 19434.265700858694, Validation MRR: 0.02088441513478756, Learning Rate: 0.0008671612547178428
2026-05-09 00:23:46,830 - INFO - Memory cleaned.
2026-05-09 00:23:47,060 - INFO - Epoch[189] Complete. Time taken: 00:01:22.611
2026-05-09 00:25:32,905 - INFO - Epoch 190 - Train Loss: 19377.60030776049, Validation MRR: 0.02088441513478756, Learning Rate: 0.0008604267983514594
2026-05-09 00:25:35,782 - INFO - Memory cleaned.
2026-05-09 00:25:36,018 - INFO - Epoch[190] Complete. Time taken: 00:01:48.957
2026-05-09 00:27:25,160 - INFO - Epoch 191 - Train Loss: 19317.103488882258, Validation MRR: 0.02088441513478756, Learning Rate: 0.0008535533905932737
2026-05-09 00:27:28,025 - INFO - Memory cleaned.
2026-05-09 00:27:28,270 - INFO - Epoch[191] Complete. Time taken: 00:01:52.252
2026-05-09 00:28:51,773 - INFO - Epoch 192 - Train Loss: 19267.24221411044, Validation MRR: 0.02088441513478756, Learning Rate: 0.000846543681272818
2026-05-09 00:28:54,624 - INFO - Memory cleaned.
2026-05-09 00:28:54,858 - INFO - Epoch[192] Complete. Time taken: 00:01:26.588
2026-05-09 00:30:14,483 - INFO - Epoch 193 - Train Loss: 19264.499472475964, Validation MRR: 0.02088441513478756, Learning Rate: 0.0008394003727664709
2026-05-09 00:30:17,344 - INFO - Memory cleaned.
2026-05-09 00:30:17,574 - INFO - Epoch[193] Complete. Time taken: 00:01:22.716
2026-05-09 00:31:37,125 - INFO - Epoch 194 - Train Loss: 19199.347572582243, Validation MRR: 0.02088441513478756, Learning Rate: 0.0008321262189556409
2026-05-09 00:31:39,963 - INFO - Memory cleaned.
2026-05-09 00:31:40,199 - INFO - Epoch[194] Complete. Time taken: 00:01:22.625
2026-05-09 00:32:59,657 - INFO - Epoch 195 - Train Loss: 19147.33175123697, Validation MRR: 0.02088441513478756, Learning Rate: 0.000824724024165092
2026-05-09 00:33:02,497 - INFO - Memory cleaned.
2026-05-09 00:33:02,726 - INFO - Epoch[195] Complete. Time taken: 00:01:22.526
2026-05-09 00:34:35,298 - INFO - Epoch 196 - Train Loss: 19101.406953528232, Validation MRR: 0.02088441513478756, Learning Rate: 0.0008171966420818228
2026-05-09 00:34:38,166 - INFO - Memory cleaned.
2026-05-09 00:34:38,418 - INFO - Epoch[196] Complete. Time taken: 00:01:35.692
2026-05-09 00:36:31,440 - INFO - Epoch 197 - Train Loss: 19075.734965431253, Validation MRR: 0.02088441513478756, Learning Rate: 0.000809546974654917
2026-05-09 00:36:34,282 - INFO - Memory cleaned.
2026-05-09 00:36:34,510 - INFO - Epoch[197] Complete. Time taken: 00:01:56.092
2026-05-09 00:37:54,085 - INFO - Epoch 198 - Train Loss: 18995.022344801837, Validation MRR: 0.02088441513478756, Learning Rate: 0.0008017779709767857
2026-05-09 00:37:56,968 - INFO - Memory cleaned.
2026-05-09 00:37:57,226 - INFO - Epoch[198] Complete. Time taken: 00:01:22.716
2026-05-09 00:39:31,815 - INFO - Epoch 199 - Train Loss: 18973.149374941335, Validation MRR: 0.02088441513478756, Learning Rate: 0.0007938926261462366
2026-05-09 00:39:34,683 - INFO - Memory cleaned.
2026-05-09 00:39:34,914 - INFO - Epoch[199] Complete. Time taken: 00:01:37.687
2026-05-09 00:40:56,147 - INFO - Epoch 200 - Train Loss: 18932.531694281, Validation MRR: 0.02088441513478756, Learning Rate: 0.0007858939801138062
2026-05-09 00:40:59,033 - INFO - Memory cleaned.
2026-05-09 00:40:59,033 - INFO - Evaluating on validation set at epoch 200...
Link prediction evaluation:   0%|          | 0/3 [00:00<?, ?batch/s]Link prediction evaluation: 100%|██████████| 3/3 [00:00<00:00, 37.54batch/s]
2026-05-09 00:40:59,114 - INFO - Validation MRR: 0.018494419753551483
2026-05-09 00:40:59,348 - INFO - Epoch[200] Complete. Time taken: 00:01:24.434
2026-05-09 00:42:22,268 - INFO - Epoch 201 - Train Loss: 18903.675853015277, Validation MRR: 0.018494419753551483, Learning Rate: 0.0007777851165098011
2026-05-09 00:42:25,153 - INFO - Memory cleaned.
2026-05-09 00:42:25,384 - INFO - Epoch[201] Complete. Time taken: 00:01:26.036
2026-05-09 00:44:19,141 - INFO - Epoch 202 - Train Loss: 18871.7503780214, Validation MRR: 0.018494419753551483, Learning Rate: 0.0007695691614555002
2026-05-09 00:44:22,020 - INFO - Memory cleaned.
2026-05-09 00:44:22,261 - INFO - Epoch[202] Complete. Time taken: 00:01:56.876
2026-05-09 00:46:16,063 - INFO - Epoch 203 - Train Loss: 18824.259690055194, Validation MRR: 0.018494419753551483, Learning Rate: 0.0007612492823579744
2026-05-09 00:46:18,927 - INFO - Memory cleaned.
2026-05-09 00:46:19,159 - INFO - Epoch[203] Complete. Time taken: 00:01:56.898
2026-05-09 00:47:53,521 - INFO - Epoch 204 - Train Loss: 18780.99439408498, Validation MRR: 0.018494419753551483, Learning Rate: 0.0007528286866889923
2026-05-09 00:47:56,391 - INFO - Memory cleaned.
2026-05-09 00:47:56,652 - INFO - Epoch[204] Complete. Time taken: 00:01:37.493
2026-05-09 00:49:16,603 - INFO - Epoch 205 - Train Loss: 18748.61228492004, Validation MRR: 0.018494419753551483, Learning Rate: 0.0007443106207484776
2026-05-09 00:49:19,484 - INFO - Memory cleaned.
2026-05-09 00:49:19,715 - INFO - Epoch[205] Complete. Time taken: 00:01:23.063
2026-05-09 00:50:41,599 - INFO - Epoch 206 - Train Loss: 18737.524939701238, Validation MRR: 0.018494419753551483, Learning Rate: 0.0007356983684129988
2026-05-09 00:50:44,442 - INFO - Memory cleaned.
2026-05-09 00:50:44,675 - INFO - Epoch[206] Complete. Time taken: 00:01:24.960
2026-05-09 00:52:04,213 - INFO - Epoch 207 - Train Loss: 18665.98656733037, Validation MRR: 0.018494419753551483, Learning Rate: 0.0007269952498697733
2026-05-09 00:52:07,101 - INFO - Memory cleaned.
2026-05-09 00:52:07,332 - INFO - Epoch[207] Complete. Time taken: 00:01:22.657
2026-05-09 00:53:27,031 - INFO - Epoch 208 - Train Loss: 18649.22467450406, Validation MRR: 0.018494419753551483, Learning Rate: 0.0007182046203366711
2026-05-09 00:53:29,912 - INFO - Memory cleaned.
2026-05-09 00:53:30,179 - INFO - Epoch[208] Complete. Time taken: 00:01:22.847
2026-05-09 00:55:06,670 - INFO - Epoch 209 - Train Loss: 18614.86424307334, Validation MRR: 0.018494419753551483, Learning Rate: 0.0007093298687687141
2026-05-09 00:55:09,541 - INFO - Memory cleaned.
2026-05-09 00:55:09,771 - INFO - Epoch[209] Complete. Time taken: 00:01:39.592
2026-05-09 00:56:29,260 - INFO - Epoch 210 - Train Loss: 18571.828246074732, Validation MRR: 0.018494419753551483, Learning Rate: 0.0007003744165515705
2026-05-09 00:56:32,141 - INFO - Memory cleaned.
2026-05-09 00:56:32,393 - INFO - Epoch[210] Complete. Time taken: 00:01:22.622
2026-05-09 00:57:51,873 - INFO - Epoch 211 - Train Loss: 18547.681845485775, Validation MRR: 0.018494419753551483, Learning Rate: 0.000691341716182545
2026-05-09 00:57:54,757 - INFO - Memory cleaned.
2026-05-09 00:57:54,987 - INFO - Epoch[211] Complete. Time taken: 00:01:22.594
2026-05-09 00:59:37,596 - INFO - Epoch 212 - Train Loss: 18510.28290318682, Validation MRR: 0.018494419753551483, Learning Rate: 0.0006822352499395748
2026-05-09 00:59:40,481 - INFO - Memory cleaned.
2026-05-09 00:59:40,722 - INFO - Epoch[212] Complete. Time taken: 00:01:45.734
2026-05-09 01:01:34,571 - INFO - Epoch 213 - Train Loss: 18474.465701655292, Validation MRR: 0.018494419753551483, Learning Rate: 0.0006730585285387465
2026-05-09 01:01:37,439 - INFO - Memory cleaned.
2026-05-09 01:01:37,702 - INFO - Epoch[213] Complete. Time taken: 00:01:56.980
2026-05-09 01:03:07,702 - INFO - Epoch 214 - Train Loss: 18407.785001275035, Validation MRR: 0.018494419753551483, Learning Rate: 0.0006638150897808467
2026-05-09 01:03:10,542 - INFO - Memory cleaned.
2026-05-09 01:03:10,776 - INFO - Epoch[214] Complete. Time taken: 00:01:33.074
2026-05-09 01:04:30,203 - INFO - Epoch 215 - Train Loss: 18389.239386442958, Validation MRR: 0.018494419753551483, Learning Rate: 0.0006545084971874737
2026-05-09 01:04:33,047 - INFO - Memory cleaned.
2026-05-09 01:04:33,291 - INFO - Epoch[215] Complete. Time taken: 00:01:22.515
2026-05-09 01:05:52,933 - INFO - Epoch 216 - Train Loss: 18373.803686115, Validation MRR: 0.018494419753551483, Learning Rate: 0.0006451423386272313
2026-05-09 01:05:55,771 - INFO - Memory cleaned.
2026-05-09 01:05:56,006 - INFO - Epoch[216] Complete. Time taken: 00:01:22.714
2026-05-09 01:07:15,572 - INFO - Epoch 217 - Train Loss: 18333.07356365993, Validation MRR: 0.018494419753551483, Learning Rate: 0.0006357202249325371
2026-05-09 01:07:18,421 - INFO - Memory cleaned.
2026-05-09 01:07:18,659 - INFO - Epoch[217] Complete. Time taken: 00:01:22.653
2026-05-09 01:08:38,138 - INFO - Epoch 218 - Train Loss: 18323.15387236837, Validation MRR: 0.018494419753551483, Learning Rate: 0.0006262457885075791
2026-05-09 01:08:40,985 - INFO - Memory cleaned.
2026-05-09 01:08:41,230 - INFO - Epoch[218] Complete. Time taken: 00:01:22.571
2026-05-09 01:10:20,214 - INFO - Epoch 219 - Train Loss: 18280.345700828075, Validation MRR: 0.018494419753551483, Learning Rate: 0.0006167226819279528
2026-05-09 01:10:23,091 - INFO - Memory cleaned.
2026-05-09 01:10:23,323 - INFO - Epoch[219] Complete. Time taken: 00:01:42.093
2026-05-09 01:12:05,580 - INFO - Epoch 220 - Train Loss: 18231.687412001447, Validation MRR: 0.018494419753551483, Learning Rate: 0.0006071545765325253
2026-05-09 01:12:08,486 - INFO - Memory cleaned.
2026-05-09 01:12:08,486 - INFO - Evaluating on validation set at epoch 220...
Link prediction evaluation:   0%|          | 0/3 [00:00<?, ?batch/s]Link prediction evaluation: 100%|██████████| 3/3 [00:00<00:00, 33.60batch/s]
2026-05-09 01:12:08,599 - INFO - Validation MRR: 0.0286855511367321
2026-05-09 01:12:08,832 - INFO - Epoch[220] Complete. Time taken: 00:01:45.508
2026-05-09 01:13:28,252 - INFO - Epoch 221 - Train Loss: 18207.591090325353, Validation MRR: 0.0286855511367321, Learning Rate: 0.0005975451610080642
2026-05-09 01:13:31,128 - INFO - Memory cleaned.
2026-05-09 01:13:31,357 - INFO - Epoch[221] Complete. Time taken: 00:01:22.525
2026-05-09 01:14:50,890 - INFO - Epoch 222 - Train Loss: 18171.29716332854, Validation MRR: 0.0286855511367321, Learning Rate: 0.0005878981399671772
2026-05-09 01:14:53,785 - INFO - Memory cleaned.
2026-05-09 01:14:54,020 - INFO - Epoch[222] Complete. Time taken: 00:01:22.663
2026-05-09 01:16:19,066 - INFO - Epoch 223 - Train Loss: 18153.671676212554, Validation MRR: 0.0286855511367321, Learning Rate: 0.0005782172325201155
2026-05-09 01:16:21,971 - INFO - Memory cleaned.
2026-05-09 01:16:22,204 - INFO - Epoch[223] Complete. Time taken: 00:01:28.184
2026-05-09 01:17:47,397 - INFO - Epoch 224 - Train Loss: 18114.117001447205, Validation MRR: 0.0286855511367321, Learning Rate: 0.0005685061708409841
2026-05-09 01:17:50,217 - INFO - Memory cleaned.
2026-05-09 01:17:50,461 - INFO - Epoch[224] Complete. Time taken: 00:01:28.257
2026-05-09 01:19:09,959 - INFO - Epoch 225 - Train Loss: 18096.737282848662, Validation MRR: 0.0286855511367321, Learning Rate: 0.0005587686987289189
2026-05-09 01:19:12,834 - INFO - Memory cleaned.
2026-05-09 01:19:13,073 - INFO - Epoch[225] Complete. Time taken: 00:01:22.612
2026-05-09 01:20:32,569 - INFO - Epoch 226 - Train Loss: 18063.111638768758, Validation MRR: 0.0286855511367321, Learning Rate: 0.0005490085701647804
2026-05-09 01:20:35,422 - INFO - Memory cleaned.
2026-05-09 01:20:35,656 - INFO - Epoch[226] Complete. Time taken: 00:01:22.583
2026-05-09 01:22:08,151 - INFO - Epoch 227 - Train Loss: 18013.436805257807, Validation MRR: 0.0286855511367321, Learning Rate: 0.0005392295478639225
2026-05-09 01:22:11,001 - INFO - Memory cleaned.
2026-05-09 01:22:11,247 - INFO - Epoch[227] Complete. Time taken: 00:01:35.591
2026-05-09 01:23:35,917 - INFO - Epoch 228 - Train Loss: 17992.79964505887, Validation MRR: 0.0286855511367321, Learning Rate: 0.0005294354018255945
2026-05-09 01:23:38,792 - INFO - Memory cleaned.
2026-05-09 01:23:39,051 - INFO - Epoch[228] Complete. Time taken: 00:01:27.804
2026-05-09 01:25:17,834 - INFO - Epoch 229 - Train Loss: 17985.05672047984, Validation MRR: 0.0286855511367321, Learning Rate: 0.0005196299078795343
2026-05-09 01:25:20,672 - INFO - Memory cleaned.
2026-05-09 01:25:20,902 - INFO - Epoch[229] Complete. Time taken: 00:01:41.850
2026-05-09 01:26:41,275 - INFO - Epoch 230 - Train Loss: 17954.776856366618, Validation MRR: 0.0286855511367321, Learning Rate: 0.0005098168462303141
2026-05-09 01:26:44,150 - INFO - Memory cleaned.
2026-05-09 01:26:44,383 - INFO - Epoch[230] Complete. Time taken: 00:01:23.481
2026-05-09 01:28:03,793 - INFO - Epoch 231 - Train Loss: 17927.673969627922, Validation MRR: 0.0286855511367321, Learning Rate: 0.0005
2026-05-09 01:28:06,627 - INFO - Memory cleaned.
2026-05-09 01:28:06,867 - INFO - Epoch[231] Complete. Time taken: 00:01:22.484
2026-05-09 01:29:26,338 - INFO - Epoch 232 - Train Loss: 17903.939390441523, Validation MRR: 0.0286855511367321, Learning Rate: 0.0004901831537696859
2026-05-09 01:29:29,188 - INFO - Memory cleaned.
2026-05-09 01:29:29,438 - INFO - Epoch[232] Complete. Time taken: 00:01:22.570
2026-05-09 01:30:48,850 - INFO - Epoch 233 - Train Loss: 17881.985288998552, Validation MRR: 0.0286855511367321, Learning Rate: 0.00048037009212046586
2026-05-09 01:30:51,723 - INFO - Memory cleaned.
2026-05-09 01:30:51,976 - INFO - Epoch[233] Complete. Time taken: 00:01:22.538
2026-05-09 01:32:11,461 - INFO - Epoch 234 - Train Loss: 17857.834375468698, Validation MRR: 0.0286855511367321, Learning Rate: 0.00047056459817440544
2026-05-09 01:32:14,297 - INFO - Memory cleaned.
2026-05-09 01:32:14,530 - INFO - Epoch[234] Complete. Time taken: 00:01:22.554
2026-05-09 01:33:33,970 - INFO - Epoch 235 - Train Loss: 17833.9406448204, Validation MRR: 0.0286855511367321, Learning Rate: 0.0004607704521360776
2026-05-09 01:33:36,796 - INFO - Memory cleaned.
2026-05-09 01:33:37,028 - INFO - Epoch[235] Complete. Time taken: 00:01:22.498
2026-05-09 01:35:04,080 - INFO - Epoch 236 - Train Loss: 17806.76157859067, Validation MRR: 0.0286855511367321, Learning Rate: 0.0004509914298352197
2026-05-09 01:35:06,957 - INFO - Memory cleaned.
2026-05-09 01:35:07,200 - INFO - Epoch[236] Complete. Time taken: 00:01:30.172
2026-05-09 01:37:00,992 - INFO - Epoch 237 - Train Loss: 17777.80260334757, Validation MRR: 0.0286855511367321, Learning Rate: 0.00044123130127108126
2026-05-09 01:37:03,861 - INFO - Memory cleaned.
2026-05-09 01:37:04,091 - INFO - Epoch[237] Complete. Time taken: 00:01:56.891
2026-05-09 01:38:24,903 - INFO - Epoch 238 - Train Loss: 17758.712155468827, Validation MRR: 0.0286855511367321, Learning Rate: 0.0004314938291590161
2026-05-09 01:38:27,757 - INFO - Memory cleaned.
2026-05-09 01:38:27,990 - INFO - Epoch[238] Complete. Time taken: 00:01:23.898
2026-05-09 01:40:03,606 - INFO - Epoch 239 - Train Loss: 17763.735569699842, Validation MRR: 0.0286855511367321, Learning Rate: 0.0004217827674798847
2026-05-09 01:40:06,469 - INFO - Memory cleaned.
2026-05-09 01:40:06,712 - INFO - Epoch[239] Complete. Time taken: 00:01:38.722
2026-05-09 01:42:00,561 - INFO - Epoch 240 - Train Loss: 17705.38312318463, Validation MRR: 0.0286855511367321, Learning Rate: 0.00041210186003282274
2026-05-09 01:42:03,425 - INFO - Memory cleaned.
2026-05-09 01:42:03,425 - INFO - Evaluating on validation set at epoch 240...
Link prediction evaluation:   0%|          | 0/3 [00:00<?, ?batch/s]Link prediction evaluation: 100%|██████████| 3/3 [00:00<00:00, 33.02batch/s]
2026-05-09 01:42:03,518 - INFO - Validation MRR: 0.03337625041604042
2026-05-09 01:42:03,753 - INFO - Epoch[240] Complete. Time taken: 00:01:57.041
2026-05-09 01:43:29,994 - INFO - Epoch 241 - Train Loss: 17689.62954638345, Validation MRR: 0.03337625041604042, Learning Rate: 0.00040245483899193594
2026-05-09 01:43:32,875 - INFO - Memory cleaned.
2026-05-09 01:43:33,104 - INFO - Epoch[241] Complete. Time taken: 00:01:29.350
2026-05-09 01:45:14,416 - INFO - Epoch 242 - Train Loss: 17689.303826782132, Validation MRR: 0.03337625041604042, Learning Rate: 0.0003928454234674747
2026-05-09 01:45:17,266 - INFO - Memory cleaned.
2026-05-09 01:45:17,500 - INFO - Epoch[242] Complete. Time taken: 00:01:44.396
2026-05-09 01:46:45,652 - INFO - Epoch 243 - Train Loss: 17653.185283705905, Validation MRR: 0.03337625041604042, Learning Rate: 0.00038327731807204733
2026-05-09 01:46:48,493 - INFO - Memory cleaned.
2026-05-09 01:46:48,733 - INFO - Epoch[243] Complete. Time taken: 00:01:31.232
2026-05-09 01:48:08,321 - INFO - Epoch 244 - Train Loss: 17637.985541805396, Validation MRR: 0.03337625041604042, Learning Rate: 0.00037375421149242114
2026-05-09 01:48:11,173 - INFO - Memory cleaned.
2026-05-09 01:48:11,406 - INFO - Epoch[244] Complete. Time taken: 00:01:22.674
2026-05-09 01:49:57,779 - INFO - Epoch 245 - Train Loss: 17616.155491810758, Validation MRR: 0.03337625041604042, Learning Rate: 0.0003642797750674628
2026-05-09 01:50:00,616 - INFO - Memory cleaned.
2026-05-09 01:50:00,845 - INFO - Epoch[245] Complete. Time taken: 00:01:49.438
2026-05-09 01:51:20,470 - INFO - Epoch 246 - Train Loss: 17621.608215418706, Validation MRR: 0.03337625041604042, Learning Rate: 0.0003548576613727688
2026-05-09 01:51:23,312 - INFO - Memory cleaned.
2026-05-09 01:51:23,558 - INFO - Epoch[246] Complete. Time taken: 00:01:22.713
2026-05-09 01:52:43,117 - INFO - Epoch 247 - Train Loss: 17579.05939821299, Validation MRR: 0.03337625041604042, Learning Rate: 0.00034549150281252633
2026-05-09 01:52:45,970 - INFO - Memory cleaned.
2026-05-09 01:52:46,198 - INFO - Epoch[247] Complete. Time taken: 00:01:22.640
2026-05-09 01:54:05,784 - INFO - Epoch 248 - Train Loss: 17577.75945571697, Validation MRR: 0.03337625041604042, Learning Rate: 0.0003361849102191533
2026-05-09 01:54:08,638 - INFO - Memory cleaned.
2026-05-09 01:54:08,873 - INFO - Epoch[248] Complete. Time taken: 00:01:22.675
2026-05-09 01:55:37,007 - INFO - Epoch 249 - Train Loss: 17557.085929284614, Validation MRR: 0.03337625041604042, Learning Rate: 0.00032694147146125364
2026-05-09 01:55:39,883 - INFO - Memory cleaned.
2026-05-09 01:55:40,125 - INFO - Epoch[249] Complete. Time taken: 00:01:31.252
2026-05-09 01:57:33,943 - INFO - Epoch 250 - Train Loss: 17523.89278796836, Validation MRR: 0.03337625041604042, Learning Rate: 0.0003177647500604252
2026-05-09 01:57:36,822 - INFO - Memory cleaned.
2026-05-09 01:57:37,058 - INFO - Epoch[250] Complete. Time taken: 00:01:56.934
2026-05-09 01:59:10,671 - INFO - Epoch 251 - Train Loss: 17519.52712530743, Validation MRR: 0.03337625041604042, Learning Rate: 0.0003086582838174551
2026-05-09 01:59:13,539 - INFO - Memory cleaned.
2026-05-09 01:59:13,766 - INFO - Epoch[251] Complete. Time taken: 00:01:36.707
2026-05-09 02:00:33,153 - INFO - Epoch 252 - Train Loss: 17517.840048473125, Validation MRR: 0.03337625041604042, Learning Rate: 0.0002996255834484295
2026-05-09 02:00:36,004 - INFO - Memory cleaned.
2026-05-09 02:00:36,259 - INFO - Epoch[252] Complete. Time taken: 00:01:22.493
2026-05-09 02:01:55,673 - INFO - Epoch 253 - Train Loss: 17486.325158629872, Validation MRR: 0.03337625041604042, Learning Rate: 0.0002906701312312861
2026-05-09 02:01:58,561 - INFO - Memory cleaned.
2026-05-09 02:01:58,811 - INFO - Epoch[253] Complete. Time taken: 00:01:22.552
2026-05-09 02:03:18,292 - INFO - Epoch 254 - Train Loss: 17448.97276127274, Validation MRR: 0.03337625041604042, Learning Rate: 0.00028179537966332904
2026-05-09 02:03:21,181 - INFO - Memory cleaned.
2026-05-09 02:03:21,418 - INFO - Epoch[254] Complete. Time taken: 00:01:22.607
2026-05-09 02:04:47,186 - INFO - Epoch 255 - Train Loss: 17437.23002646741, Validation MRR: 0.03337625041604042, Learning Rate: 0.00027300475013022663
2026-05-09 02:04:50,056 - INFO - Memory cleaned.
2026-05-09 02:04:50,292 - INFO - Epoch[255] Complete. Time taken: 00:01:28.873
2026-05-09 02:06:09,819 - INFO - Epoch 256 - Train Loss: 17428.33853895863, Validation MRR: 0.03337625041604042, Learning Rate: 0.00026430163158700117
2026-05-09 02:06:12,706 - INFO - Memory cleaned.
2026-05-09 02:06:12,942 - INFO - Epoch[256] Complete. Time taken: 00:01:22.650
2026-05-09 02:07:56,579 - INFO - Epoch 257 - Train Loss: 17419.28808192461, Validation MRR: 0.03337625041604042, Learning Rate: 0.00025568937925152246
2026-05-09 02:07:59,447 - INFO - Memory cleaned.
2026-05-09 02:07:59,677 - INFO - Epoch[257] Complete. Time taken: 00:01:46.735
2026-05-09 02:09:19,043 - INFO - Epoch 258 - Train Loss: 17395.586132962813, Validation MRR: 0.03337625041604042, Learning Rate: 0.0002471713133110078
2026-05-09 02:09:21,897 - INFO - Memory cleaned.
2026-05-09 02:09:22,132 - INFO - Epoch[258] Complete. Time taken: 00:01:22.455
2026-05-09 02:10:50,949 - INFO - Epoch 259 - Train Loss: 17378.367504921436, Validation MRR: 0.03337625041604042, Learning Rate: 0.00023875071764202561
2026-05-09 02:10:53,827 - INFO - Memory cleaned.
2026-05-09 02:10:54,061 - INFO - Epoch[259] Complete. Time taken: 00:01:31.930
2026-05-09 02:12:34,708 - INFO - Epoch 260 - Train Loss: 17365.89900050258, Validation MRR: 0.03337625041604042, Learning Rate: 0.0002304308385445001
2026-05-09 02:12:37,544 - INFO - Memory cleaned.
2026-05-09 02:12:37,544 - INFO - Evaluating on validation set at epoch 260...
Link prediction evaluation:   0%|          | 0/3 [00:00<?, ?batch/s]Link prediction evaluation: 100%|██████████| 3/3 [00:00<00:00, 35.71batch/s]
2026-05-09 02:12:37,649 - INFO - Validation MRR: 0.027714330703020096
2026-05-09 02:12:37,900 - INFO - Epoch[260] Complete. Time taken: 00:01:43.839
2026-05-09 02:13:57,471 - INFO - Epoch 261 - Train Loss: 17365.007965830388, Validation MRR: 0.027714330703020096, Learning Rate: 0.00022221488349019887
2026-05-09 02:14:00,314 - INFO - Memory cleaned.
2026-05-09 02:14:00,544 - INFO - Epoch[261] Complete. Time taken: 00:01:22.643
2026-05-09 02:15:20,158 - INFO - Epoch 262 - Train Loss: 17343.814896318945, Validation MRR: 0.027714330703020096, Learning Rate: 0.00021410601988619394
2026-05-09 02:15:23,002 - INFO - Memory cleaned.
2026-05-09 02:15:23,235 - INFO - Epoch[262] Complete. Time taken: 00:01:22.691
2026-05-09 02:16:42,919 - INFO - Epoch 263 - Train Loss: 17299.51617133649, Validation MRR: 0.027714330703020096, Learning Rate: 0.00020610737385376348
2026-05-09 02:16:45,780 - INFO - Memory cleaned.
2026-05-09 02:16:46,011 - INFO - Epoch[263] Complete. Time taken: 00:01:22.776
2026-05-09 02:18:13,336 - INFO - Epoch 264 - Train Loss: 17322.996772249106, Validation MRR: 0.027714330703020096, Learning Rate: 0.0001982220290232143
2026-05-09 02:18:16,185 - INFO - Memory cleaned.
2026-05-09 02:18:16,419 - INFO - Epoch[264] Complete. Time taken: 00:01:30.407
2026-05-09 02:19:35,956 - INFO - Epoch 265 - Train Loss: 17325.678680202036, Validation MRR: 0.027714330703020096, Learning Rate: 0.00019045302534508314
2026-05-09 02:19:38,839 - INFO - Memory cleaned.
2026-05-09 02:19:39,069 - INFO - Epoch[265] Complete. Time taken: 00:01:22.650
2026-05-09 02:21:05,868 - INFO - Epoch 266 - Train Loss: 17312.479494326028, Validation MRR: 0.027714330703020096, Learning Rate: 0.00018280335791817716
2026-05-09 02:21:08,757 - INFO - Memory cleaned.
2026-05-09 02:21:09,008 - INFO - Epoch[266] Complete. Time taken: 00:01:29.939
2026-05-09 02:22:28,474 - INFO - Epoch 267 - Train Loss: 17289.61143144889, Validation MRR: 0.027714330703020096, Learning Rate: 0.00017527597583490823
2026-05-09 02:22:31,350 - INFO - Memory cleaned.
2026-05-09 02:22:31,581 - INFO - Epoch[267] Complete. Time taken: 00:01:22.572
2026-05-09 02:23:50,945 - INFO - Epoch 268 - Train Loss: 17278.044085513196, Validation MRR: 0.027714330703020096, Learning Rate: 0.00016787378104435912
2026-05-09 02:23:53,806 - INFO - Memory cleaned.
2026-05-09 02:23:54,048 - INFO - Epoch[268] Complete. Time taken: 00:01:22.468
2026-05-09 02:25:13,563 - INFO - Epoch 269 - Train Loss: 17243.071917732275, Validation MRR: 0.027714330703020096, Learning Rate: 0.00016059962723352923
2026-05-09 02:25:16,417 - INFO - Memory cleaned.
2026-05-09 02:25:16,648 - INFO - Epoch[269] Complete. Time taken: 00:01:22.599
2026-05-09 02:26:41,347 - INFO - Epoch 270 - Train Loss: 17246.98076304617, Validation MRR: 0.027714330703020096, Learning Rate: 0.00015345631872718213
2026-05-09 02:26:44,219 - INFO - Memory cleaned.
2026-05-09 02:26:44,454 - INFO - Epoch[270] Complete. Time taken: 00:01:27.807
2026-05-09 02:28:38,268 - INFO - Epoch 271 - Train Loss: 17236.400445385516, Validation MRR: 0.027714330703020096, Learning Rate: 0.00014644660940672628
2026-05-09 02:28:41,142 - INFO - Memory cleaned.
2026-05-09 02:28:41,392 - INFO - Epoch[271] Complete. Time taken: 00:01:56.937
2026-05-09 02:30:32,130 - INFO - Epoch 272 - Train Loss: 17228.146736563507, Validation MRR: 0.027714330703020096, Learning Rate: 0.0001395732016485406
2026-05-09 02:30:34,999 - INFO - Memory cleaned.
2026-05-09 02:30:35,232 - INFO - Epoch[272] Complete. Time taken: 00:01:53.840
2026-05-09 02:32:20,110 - INFO - Epoch 273 - Train Loss: 17212.597935410886, Validation MRR: 0.027714330703020096, Learning Rate: 0.00013283874528215717
2026-05-09 02:32:22,985 - INFO - Memory cleaned.
2026-05-09 02:32:23,218 - INFO - Epoch[273] Complete. Time taken: 00:01:47.986
2026-05-09 02:34:11,377 - INFO - Epoch 274 - Train Loss: 17191.95762976698, Validation MRR: 0.027714330703020096, Learning Rate: 0.0001262458365687017
2026-05-09 02:34:14,243 - INFO - Memory cleaned.
2026-05-09 02:34:14,478 - INFO - Epoch[274] Complete. Time taken: 00:01:51.259
2026-05-09 02:35:43,139 - INFO - Epoch 275 - Train Loss: 17223.67163750476, Validation MRR: 0.027714330703020096, Learning Rate: 0.00011979701719998454
2026-05-09 02:35:45,990 - INFO - Memory cleaned.
2026-05-09 02:35:46,236 - INFO - Epoch[275] Complete. Time taken: 00:01:31.759
2026-05-09 02:37:05,872 - INFO - Epoch 276 - Train Loss: 17192.54829627199, Validation MRR: 0.027714330703020096, Learning Rate: 0.00011349477331863167
2026-05-09 02:37:08,725 - INFO - Memory cleaned.
2026-05-09 02:37:08,960 - INFO - Epoch[276] Complete. Time taken: 00:01:22.723
2026-05-09 02:38:56,573 - INFO - Epoch 277 - Train Loss: 17191.08377412851, Validation MRR: 0.027714330703020096, Learning Rate: 0.00010734153455962748
2026-05-09 02:38:59,442 - INFO - Memory cleaned.
2026-05-09 02:38:59,688 - INFO - Epoch[277] Complete. Time taken: 00:01:50.728
2026-05-09 02:40:53,539 - INFO - Epoch 278 - Train Loss: 17173.982123028996, Validation MRR: 0.027714330703020096, Learning Rate: 0.0001013396731136465
2026-05-09 02:40:56,413 - INFO - Memory cleaned.
2026-05-09 02:40:56,646 - INFO - Epoch[278] Complete. Time taken: 00:01:56.958
2026-05-09 02:42:48,763 - INFO - Epoch 279 - Train Loss: 17178.12946022653, Validation MRR: 0.027714330703020096, Learning Rate: 9.549150281252633e-05
2026-05-09 02:42:51,630 - INFO - Memory cleaned.
2026-05-09 02:42:51,862 - INFO - Epoch[279] Complete. Time taken: 00:01:55.216
2026-05-09 02:44:33,247 - INFO - Epoch 280 - Train Loss: 17158.87233093431, Validation MRR: 0.027714330703020096, Learning Rate: 8.979927823724321e-05
2026-05-09 02:44:36,092 - INFO - Memory cleaned.
2026-05-09 02:44:36,092 - INFO - Evaluating on validation set at epoch 280...
Link prediction evaluation:   0%|          | 0/3 [00:00<?, ?batch/s]Link prediction evaluation: 100%|██████████| 3/3 [00:00<00:00, 36.12batch/s]
2026-05-09 02:44:36,176 - INFO - Validation MRR: 0.02669571340084076
2026-05-09 02:44:36,410 - INFO - Epoch[280] Complete. Time taken: 00:01:44.548
2026-05-09 02:45:56,005 - INFO - Epoch 281 - Train Loss: 17153.321914298183, Validation MRR: 0.02669571340084076, Learning Rate: 8.42651938487275e-05
2026-05-09 02:45:58,854 - INFO - Memory cleaned.
2026-05-09 02:45:59,099 - INFO - Epoch[281] Complete. Time taken: 00:01:22.688
2026-05-09 02:47:18,672 - INFO - Epoch 282 - Train Loss: 17158.64667234645, Validation MRR: 0.02669571340084076, Learning Rate: 7.889138314185668e-05
2026-05-09 02:47:21,516 - INFO - Memory cleaned.
2026-05-09 02:47:21,750 - INFO - Epoch[282] Complete. Time taken: 00:01:22.651
2026-05-09 02:48:41,253 - INFO - Epoch 283 - Train Loss: 17137.13735010807, Validation MRR: 0.02669571340084076, Learning Rate: 7.367991782295391e-05
2026-05-09 02:48:44,109 - INFO - Memory cleaned.
2026-05-09 02:48:44,356 - INFO - Epoch[283] Complete. Time taken: 00:01:22.606
2026-05-09 02:50:05,240 - INFO - Epoch 284 - Train Loss: 17129.091469059505, Validation MRR: 0.02669571340084076, Learning Rate: 6.863280701110408e-05
2026-05-09 02:50:08,103 - INFO - Memory cleaned.
2026-05-09 02:50:08,336 - INFO - Epoch[284] Complete. Time taken: 00:01:23.979
2026-05-09 02:51:27,902 - INFO - Epoch 285 - Train Loss: 17132.897641200892, Validation MRR: 0.02669571340084076, Learning Rate: 6.375199646360153e-05
2026-05-09 02:51:30,761 - INFO - Memory cleaned.
2026-05-09 02:51:30,994 - INFO - Epoch[285] Complete. Time taken: 00:01:22.658
2026-05-09 02:53:24,841 - INFO - Epoch 286 - Train Loss: 17122.982768802423, Validation MRR: 0.02669571340084076, Learning Rate: 5.903936782582253e-05
2026-05-09 02:53:27,716 - INFO - Memory cleaned.
2026-05-09 02:53:27,956 - INFO - Epoch[286] Complete. Time taken: 00:01:56.962
2026-05-09 02:54:52,634 - INFO - Epoch 287 - Train Loss: 17130.82465341381, Validation MRR: 0.02669571340084076, Learning Rate: 5.449673790581611e-05
2026-05-09 02:54:55,485 - INFO - Memory cleaned.
2026-05-09 02:54:55,713 - INFO - Epoch[287] Complete. Time taken: 00:01:27.757
2026-05-09 02:56:16,515 - INFO - Epoch 288 - Train Loss: 17075.006062869157, Validation MRR: 0.02669571340084076, Learning Rate: 5.0125857973889246e-05
2026-05-09 02:56:19,397 - INFO - Memory cleaned.
2026-05-09 02:56:19,635 - INFO - Epoch[288] Complete. Time taken: 00:01:23.922
2026-05-09 02:57:56,834 - INFO - Epoch 289 - Train Loss: 17093.17665826755, Validation MRR: 0.02669571340084076, Learning Rate: 4.592841308745932e-05
2026-05-09 02:57:59,704 - INFO - Memory cleaned.
2026-05-09 02:57:59,937 - INFO - Epoch[289] Complete. Time taken: 00:01:40.302
2026-05-09 02:59:19,420 - INFO - Epoch 290 - Train Loss: 17110.57714382917, Validation MRR: 0.02669571340084076, Learning Rate: 4.190602144143207e-05
2026-05-09 02:59:22,290 - INFO - Memory cleaned.
2026-05-09 02:59:22,528 - INFO - Epoch[290] Complete. Time taken: 00:01:22.591
2026-05-09 03:00:58,513 - INFO - Epoch 291 - Train Loss: 17086.260681212643, Validation MRR: 0.02669571340084076, Learning Rate: 3.806023374435663e-05
2026-05-09 03:01:01,395 - INFO - Memory cleaned.
2026-05-09 03:01:01,626 - INFO - Epoch[291] Complete. Time taken: 00:01:39.097
2026-05-09 03:02:46,698 - INFO - Epoch 292 - Train Loss: 17098.368196356332, Validation MRR: 0.02669571340084076, Learning Rate: 3.439253262059833e-05
2026-05-09 03:02:49,572 - INFO - Memory cleaned.
2026-05-09 03:02:49,811 - INFO - Epoch[292] Complete. Time taken: 00:01:48.185
2026-05-09 03:04:30,987 - INFO - Epoch 293 - Train Loss: 17075.034317903035, Validation MRR: 0.02669571340084076, Learning Rate: 3.090433203875792e-05
2026-05-09 03:04:33,868 - INFO - Memory cleaned.
2026-05-09 03:04:34,116 - INFO - Epoch[293] Complete. Time taken: 00:01:44.305
2026-05-09 03:05:53,564 - INFO - Epoch 294 - Train Loss: 17080.80430316035, Validation MRR: 0.02669571340084076, Learning Rate: 2.7596976766561034e-05
2026-05-09 03:05:56,439 - INFO - Memory cleaned.
2026-05-09 03:05:56,690 - INFO - Epoch[294] Complete. Time taken: 00:01:22.574
2026-05-09 03:07:16,133 - INFO - Epoch 295 - Train Loss: 17083.74046818705, Validation MRR: 0.02669571340084076, Learning Rate: 2.4471741852423235e-05
2026-05-09 03:07:19,031 - INFO - Memory cleaned.
2026-05-09 03:07:19,278 - INFO - Epoch[295] Complete. Time taken: 00:01:22.588
2026-05-09 03:08:38,831 - INFO - Epoch 296 - Train Loss: 17110.363926295486, Validation MRR: 0.02669571340084076, Learning Rate: 2.152983213389559e-05
2026-05-09 03:08:41,700 - INFO - Memory cleaned.
2026-05-09 03:08:41,936 - INFO - Epoch[296] Complete. Time taken: 00:01:22.658
2026-05-09 03:10:01,489 - INFO - Epoch 297 - Train Loss: 17067.87138577619, Validation MRR: 0.02669571340084076, Learning Rate: 1.8772381773176416e-05
2026-05-09 03:10:04,330 - INFO - Memory cleaned.
2026-05-09 03:10:04,562 - INFO - Epoch[297] Complete. Time taken: 00:01:22.626
2026-05-09 03:11:24,049 - INFO - Epoch 298 - Train Loss: 17098.042286638236, Validation MRR: 0.02669571340084076, Learning Rate: 1.6200453819870064e-05
2026-05-09 03:11:26,898 - INFO - Memory cleaned.
2026-05-09 03:11:27,133 - INFO - Epoch[298] Complete. Time taken: 00:01:22.570
2026-05-09 03:12:46,709 - INFO - Epoch 299 - Train Loss: 17077.519126925636, Validation MRR: 0.02669571340084076, Learning Rate: 1.3815039801161721e-05
2026-05-09 03:12:49,562 - INFO - Memory cleaned.
2026-05-09 03:12:49,794 - INFO - Epoch[299] Complete. Time taken: 00:01:22.661
2026-05-09 03:14:09,337 - INFO - Epoch 300 - Train Loss: 17073.2504003789, Validation MRR: 0.02669571340084076, Learning Rate: 1.1617059339563806e-05
2026-05-09 03:14:12,227 - INFO - Memory cleaned.
2026-05-09 03:14:12,227 - INFO - Evaluating on validation set at epoch 300...
Link prediction evaluation:   0%|          | 0/3 [00:00<?, ?batch/s]Link prediction evaluation: 100%|██████████| 3/3 [00:00<00:00, 35.53batch/s]
2026-05-09 03:14:12,333 - INFO - Validation MRR: 0.026723911985754967
2026-05-09 03:14:12,569 - INFO - Epoch[300] Complete. Time taken: 00:01:22.775
2026-05-09 03:15:32,016 - INFO - Epoch 301 - Train Loss: 17087.585091714653, Validation MRR: 0.026723911985754967, Learning Rate: 9.607359798384786e-06
2026-05-09 03:15:34,897 - INFO - Memory cleaned.
2026-05-09 03:15:35,130 - INFO - Epoch[301] Complete. Time taken: 00:01:22.561
2026-05-09 03:16:54,579 - INFO - Epoch 302 - Train Loss: 17059.810036252104, Validation MRR: 0.026723911985754967, Learning Rate: 7.786715955054202e-06
2026-05-09 03:16:57,448 - INFO - Memory cleaned.
2026-05-09 03:16:57,681 - INFO - Epoch[302] Complete. Time taken: 00:01:22.551
2026-05-09 03:18:30,428 - INFO - Epoch 303 - Train Loss: 17065.075887360385, Validation MRR: 0.026723911985754967, Learning Rate: 6.15582970243117e-06
2026-05-09 03:18:33,297 - INFO - Memory cleaned.
2026-05-09 03:18:33,529 - INFO - Epoch[303] Complete. Time taken: 00:01:35.847
2026-05-09 03:19:56,167 - INFO - Epoch 304 - Train Loss: 17053.511487877084, Validation MRR: 0.026723911985754967, Learning Rate: 4.715329778211374e-06
2026-05-09 03:19:59,038 - INFO - Memory cleaned.
2026-05-09 03:19:59,296 - INFO - Epoch[304] Complete. Time taken: 00:01:25.767
2026-05-09 03:21:53,178 - INFO - Epoch 305 - Train Loss: 17058.985232135296, Validation MRR: 0.026723911985754967, Learning Rate: 3.4657715225368535e-06
2026-05-09 03:21:56,079 - INFO - Memory cleaned.
2026-05-09 03:21:56,312 - INFO - Epoch[305] Complete. Time taken: 00:01:57.016
2026-05-09 03:23:50,143 - INFO - Epoch 306 - Train Loss: 17057.725506528077, Validation MRR: 0.026723911985754967, Learning Rate: 2.4076366639015913e-06
2026-05-09 03:23:53,015 - INFO - Memory cleaned.
2026-05-09 03:23:53,259 - INFO - Epoch[306] Complete. Time taken: 00:01:56.946
2026-05-09 03:25:39,572 - INFO - Epoch 307 - Train Loss: 17055.737852373742, Validation MRR: 0.026723911985754967, Learning Rate: 1.541333133436018e-06
2026-05-09 03:25:42,440 - INFO - Memory cleaned.
2026-05-09 03:25:42,672 - INFO - Epoch[307] Complete. Time taken: 00:01:49.413
2026-05-09 03:27:36,470 - INFO - Epoch 308 - Train Loss: 17051.925795262167, Validation MRR: 0.026723911985754967, Learning Rate: 8.671949076420882e-07
2026-05-09 03:27:39,346 - INFO - Memory cleaned.
2026-05-09 03:27:39,602 - INFO - Epoch[308] Complete. Time taken: 00:01:56.929
2026-05-09 03:28:59,037 - INFO - Epoch 309 - Train Loss: 17059.38944466161, Validation MRR: 0.026723911985754967, Learning Rate: 3.854818796385495e-07
2026-05-09 03:29:01,873 - INFO - Memory cleaned.
2026-05-09 03:29:02,118 - INFO - Epoch[309] Complete. Time taken: 00:01:22.516
2026-05-09 03:30:28,872 - INFO - Epoch 310 - Train Loss: 17038.27794085603, Validation MRR: 0.026723911985754967, Learning Rate: 9.637975896759077e-08
2026-05-09 03:30:31,708 - INFO - Memory cleaned.
2026-05-09 03:30:31,941 - INFO - Epoch[310] Complete. Time taken: 00:01:29.822
2026-05-09 03:31:51,472 - INFO - Epoch 311 - Train Loss: 17802.703193404635, Validation MRR: 0.026723911985754967, Learning Rate: 0.001
2026-05-09 03:31:54,327 - INFO - Memory cleaned.
2026-05-09 03:31:54,576 - INFO - Epoch[311] Complete. Time taken: 00:01:22.635
2026-05-09 03:33:13,979 - INFO - Epoch 312 - Train Loss: 17718.483070460014, Validation MRR: 0.026723911985754967, Learning Rate: 0.000999975904479664
2026-05-09 03:33:16,823 - INFO - Memory cleaned.
2026-05-09 03:33:17,058 - INFO - Epoch[312] Complete. Time taken: 00:01:22.482
2026-05-09 03:34:42,420 - INFO - Epoch 313 - Train Loss: 17632.028922736943, Validation MRR: 0.026723911985754967, Learning Rate: 0.0009999036202410325
2026-05-09 03:34:45,250 - INFO - Memory cleaned.
2026-05-09 03:34:45,488 - INFO - Epoch[313] Complete. Time taken: 00:01:28.430
2026-05-09 03:36:04,869 - INFO - Epoch 314 - Train Loss: 17649.637000589464, Validation MRR: 0.026723911985754967, Learning Rate: 0.0009997831542510106
2026-05-09 03:36:07,681 - INFO - Memory cleaned.
2026-05-09 03:36:07,917 - INFO - Epoch[314] Complete. Time taken: 00:01:22.429
2026-05-09 03:37:30,278 - INFO - Epoch 315 - Train Loss: 17597.05368466245, Validation MRR: 0.026723911985754967, Learning Rate: 0.0009996145181203615
2026-05-09 03:37:33,111 - INFO - Memory cleaned.
2026-05-09 03:37:33,350 - INFO - Epoch[315] Complete. Time taken: 00:01:25.433
2026-05-09 03:39:07,848 - INFO - Epoch 316 - Train Loss: 17565.19901145005, Validation MRR: 0.026723911985754967, Learning Rate: 0.0009993977281025862
2026-05-09 03:39:10,645 - INFO - Memory cleaned.
2026-05-09 03:39:10,877 - INFO - Epoch[316] Complete. Time taken: 00:01:37.526
2026-05-09 03:40:30,372 - INFO - Epoch 317 - Train Loss: 17545.9887583775, Validation MRR: 0.026723911985754967, Learning Rate: 0.000999132805092358
2026-05-09 03:40:33,169 - INFO - Memory cleaned.
2026-05-09 03:40:33,399 - INFO - Epoch[317] Complete. Time taken: 00:01:22.522
2026-05-09 03:42:01,774 - INFO - Epoch 318 - Train Loss: 17503.760611588412, Validation MRR: 0.026723911985754967, Learning Rate: 0.0009988197746235079
2026-05-09 03:42:04,601 - INFO - Memory cleaned.
2026-05-09 03:42:04,846 - INFO - Epoch[318] Complete. Time taken: 00:01:31.447
2026-05-09 03:43:24,368 - INFO - Epoch 319 - Train Loss: 17468.984013948753, Validation MRR: 0.026723911985754967, Learning Rate: 0.000998458666866564
2026-05-09 03:43:27,180 - INFO - Memory cleaned.
2026-05-09 03:43:27,412 - INFO - Epoch[319] Complete. Time taken: 00:01:22.566
2026-05-09 03:44:46,802 - INFO - Epoch 320 - Train Loss: 17453.099291664606, Validation MRR: 0.026723911985754967, Learning Rate: 0.0009980495166258437
2026-05-09 03:44:49,621 - INFO - Memory cleaned.
2026-05-09 03:44:49,621 - INFO - Evaluating on validation set at epoch 320...
Link prediction evaluation:   0%|          | 0/3 [00:00<?, ?batch/s]Link prediction evaluation: 100%|██████████| 3/3 [00:00<00:00, 36.03batch/s]
2026-05-09 03:44:49,706 - INFO - Validation MRR: 0.02417820692062378
2026-05-09 03:44:49,941 - INFO - Epoch[320] Complete. Time taken: 00:01:22.529
2026-05-09 03:46:09,345 - INFO - Epoch 321 - Train Loss: 17400.486181257435, Validation MRR: 0.02417820692062378, Learning Rate: 0.0009975923633360985
2026-05-09 03:46:12,182 - INFO - Memory cleaned.
2026-05-09 03:46:12,412 - INFO - Epoch[321] Complete. Time taken: 00:01:22.471
2026-05-09 03:47:31,864 - INFO - Epoch 322 - Train Loss: 17409.00446314737, Validation MRR: 0.02417820692062378, Learning Rate: 0.0009970872510587142
2026-05-09 03:47:34,659 - INFO - Memory cleaned.
2026-05-09 03:47:34,907 - INFO - Epoch[322] Complete. Time taken: 00:01:22.494
2026-05-09 03:48:54,409 - INFO - Epoch 323 - Train Loss: 17363.3033139116, Validation MRR: 0.02417820692062378, Learning Rate: 0.0009965342284774632
2026-05-09 03:48:57,209 - INFO - Memory cleaned.
2026-05-09 03:48:57,439 - INFO - Epoch[323] Complete. Time taken: 00:01:22.532
2026-05-09 03:50:16,904 - INFO - Epoch 324 - Train Loss: 17330.030900406407, Validation MRR: 0.02417820692062378, Learning Rate: 0.000995933348893813
2026-05-09 03:50:19,714 - INFO - Memory cleaned.
2026-05-09 03:50:19,983 - INFO - Epoch[324] Complete. Time taken: 00:01:22.544
2026-05-09 03:51:39,359 - INFO - Epoch 325 - Train Loss: 17318.013255803096, Validation MRR: 0.02417820692062378, Learning Rate: 0.0009952846702217886
2026-05-09 03:51:42,187 - INFO - Memory cleaned.
2026-05-09 03:51:42,420 - INFO - Epoch[325] Complete. Time taken: 00:01:22.437
2026-05-09 03:53:01,978 - INFO - Epoch 326 - Train Loss: 17285.545655744896, Validation MRR: 0.02417820692062378, Learning Rate: 0.0009945882549823905
2026-05-09 03:53:04,777 - INFO - Memory cleaned.
2026-05-09 03:53:05,010 - INFO - Epoch[326] Complete. Time taken: 00:01:22.590
2026-05-09 03:54:24,551 - INFO - Epoch 327 - Train Loss: 17258.09056434352, Validation MRR: 0.02417820692062378, Learning Rate: 0.0009938441702975688
2026-05-09 03:54:27,342 - INFO - Memory cleaned.
2026-05-09 03:54:27,571 - INFO - Epoch[327] Complete. Time taken: 00:01:22.561
2026-05-09 03:55:46,974 - INFO - Epoch 328 - Train Loss: 17215.97002046882, Validation MRR: 0.02417820692062378, Learning Rate: 0.0009930524878837544
2026-05-09 03:55:49,766 - INFO - Memory cleaned.
2026-05-09 03:55:50,015 - INFO - Epoch[328] Complete. Time taken: 00:01:22.444
2026-05-09 03:57:43,709 - INFO - Epoch 329 - Train Loss: 17183.343191285403, Validation MRR: 0.02417820692062378, Learning Rate: 0.0009922132840449458
2026-05-09 03:57:46,530 - INFO - Memory cleaned.
2026-05-09 03:57:46,762 - INFO - Epoch[329] Complete. Time taken: 00:01:56.748
2026-05-09 03:59:23,362 - INFO - Epoch 330 - Train Loss: 17183.140723953944, Validation MRR: 0.02417820692062378, Learning Rate: 0.000991326639665356
2026-05-09 03:59:26,166 - INFO - Memory cleaned.
2026-05-09 03:59:26,405 - INFO - Epoch[330] Complete. Time taken: 00:01:39.642
2026-05-09 04:00:45,905 - INFO - Epoch 331 - Train Loss: 17155.28778365712, Validation MRR: 0.02417820692062378, Learning Rate: 0.0009903926402016153
2026-05-09 04:00:48,703 - INFO - Memory cleaned.
2026-05-09 04:00:48,962 - INFO - Epoch[331] Complete. Time taken: 00:01:22.557
2026-05-09 04:02:08,479 - INFO - Epoch 332 - Train Loss: 17151.076681870538, Validation MRR: 0.02417820692062378, Learning Rate: 0.0009894113756745361
2026-05-09 04:02:11,278 - INFO - Memory cleaned.
2026-05-09 04:02:11,513 - INFO - Epoch[332] Complete. Time taken: 00:01:22.551
2026-05-09 04:03:31,019 - INFO - Epoch 333 - Train Loss: 17108.871789315283, Validation MRR: 0.02417820692062378, Learning Rate: 0.0009883829406604362
2026-05-09 04:03:33,825 - INFO - Memory cleaned.
2026-05-09 04:03:34,055 - INFO - Epoch[333] Complete. Time taken: 00:01:22.542
2026-05-09 04:05:25,272 - INFO - Epoch 334 - Train Loss: 17046.65388769457, Validation MRR: 0.02417820692062378, Learning Rate: 0.0009873074342820224
2026-05-09 04:05:28,091 - INFO - Memory cleaned.
2026-05-09 04:05:28,328 - INFO - Epoch[334] Complete. Time taken: 00:01:54.272
2026-05-09 04:07:21,745 - INFO - Epoch 335 - Train Loss: 17019.161450571184, Validation MRR: 0.02417820692062378, Learning Rate: 0.0009861849601988384
2026-05-09 04:07:24,574 - INFO - Memory cleaned.
2026-05-09 04:07:24,804 - INFO - Epoch[335] Complete. Time taken: 00:01:56.476
2026-05-09 04:09:18,404 - INFO - Epoch 336 - Train Loss: 17011.82204571382, Validation MRR: 0.02417820692062378, Learning Rate: 0.000985015626597272
2026-05-09 04:09:21,229 - INFO - Memory cleaned.
2026-05-09 04:09:21,490 - INFO - Epoch[336] Complete. Time taken: 00:01:56.685
2026-05-09 04:11:14,901 - INFO - Epoch 337 - Train Loss: 16967.649871040365, Validation MRR: 0.02417820692062378, Learning Rate: 0.0009837995461801298
2026-05-09 04:11:17,726 - INFO - Memory cleaned.
2026-05-09 04:11:17,956 - INFO - Epoch[337] Complete. Time taken: 00:01:56.466
2026-05-09 04:13:04,051 - INFO - Epoch 338 - Train Loss: 16935.84505910523, Validation MRR: 0.02417820692062378, Learning Rate: 0.0009825368361557737
2026-05-09 04:13:06,857 - INFO - Memory cleaned.
2026-05-09 04:13:07,086 - INFO - Epoch[338] Complete. Time taken: 00:01:49.130
2026-05-09 04:14:26,589 - INFO - Epoch 339 - Train Loss: 16889.53881347624, Validation MRR: 0.02417820692062378, Learning Rate: 0.0009812276182268236
2026-05-09 04:14:29,388 - INFO - Memory cleaned.
2026-05-09 04:14:29,614 - INFO - Epoch[339] Complete. Time taken: 00:01:22.528
2026-05-09 04:15:49,145 - INFO - Epoch 340 - Train Loss: 16902.145876261053, Validation MRR: 0.02417820692062378, Learning Rate: 0.0009798720185784286
2026-05-09 04:15:51,954 - INFO - Memory cleaned.
2026-05-09 04:15:51,954 - INFO - Evaluating on validation set at epoch 340...
Link prediction evaluation:   0%|          | 0/3 [00:00<?, ?batch/s]Link prediction evaluation: 100%|██████████| 3/3 [00:00<00:00, 35.15batch/s]
2026-05-09 04:15:52,064 - INFO - Validation MRR: 0.01688843034207821
2026-05-09 04:15:52,065 ignite.handlers.early_stopping.EarlyStopping INFO: EarlyStopping: Stop training
2026-05-09 04:15:52,065 - INFO - Terminate signaled. Engine will stop after current iteration is finished.
2026-05-09 04:15:52,294 - INFO - Training completed after 340 epochs.
2026-05-09 04:15:52,294 - INFO - Engine run complete. Time taken: 08:43:34.739
2026-05-09 04:15:56,435 - INFO - Loading best model.
2026-05-09 04:15:56,437 - INFO - Best model is ./checkpoints/best_model_checkpoint_val_mrr=0.0379.pt
2026-05-09 04:15:56,437 - WARNING - /lustre/fswork/projects/rech/rnk/ufq76hz/dr_benchmark/dev/run_training.py:820: FutureWarning: You are using `torch.load` with `weights_only=False` (the current default value), which uses the default pickle module implicitly. It is possible to construct malicious pickle data which will execute arbitrary code during unpickling (See https://github.com/pytorch/pytorch/blob/main/SECURITY.md#untrusted-models for more details). In a future release, the default value for `weights_only` will be flipped to `True`. This limits the functions that could be executed during unpickling. Arbitrary objects will no longer be allowed to be loaded via this mode unless they are explicitly allowlisted by the user via `torch.serialization.add_safe_globals`. We recommend you start setting `weights_only=True` for any use case where you don't have full control of the loaded file. Please open an issue on GitHub for any issues related to this experimental feature.
  checkpoint = torch.load(os.path.join(checkpoint_dir, best_model), map_location=device)

2026-05-09 04:15:56,774 - INFO - Best model successfully loaded.
2026-05-09 04:15:56,774 - INFO - Evaluating on the test set with best model...
CtD
Link prediction evaluation:   0%|          | 0/2 [00:00<?, ?batch/s]Link prediction evaluation: 100%|██████████| 2/2 [00:00<00:00, 30.87batch/s]
2026-05-09 04:15:56,857 - INFO - Final Test MRR with best model: 0.18020863831043243
2026-05-09 04:15:56,857 - INFO - Final Test Hits@10 with best model: 0.2570093497633934
Link prediction evaluation:   0%|          | 0/1 [00:00<?, ?batch/s]Link prediction evaluation: 100%|██████████| 1/1 [00:00<00:00, 193.07batch/s]
Link prediction evaluation:   0%|          | 0/2 [00:00<?, ?batch/s]Link prediction evaluation: 100%|██████████| 2/2 [00:00<00:00, 36.64batch/s]
2026-05-09 04:16:03,960 - INFO - MRR for frequent nodes (threshold=10) in relation CtD: 0.4369050860404968
2026-05-09 04:16:03,960 - INFO - MRR for infrequent nodes (threshold=10) in relation CtD: 0.1649593710899353
2026-05-09 04:16:03,960 - INFO - Hits@10 for frequent nodes (threshold=10) in relation CtD: 0.4166666716337204
2026-05-09 04:16:03,960 - INFO - Hits@10 for infrequent nodes (threshold=10) in relation CtD: 0.24752474948763847
2026-05-09 04:16:03,963 - INFO - MRR evaluation results stored in ./evaluation_metrics.yaml
2026-05-09 04:16:03,986 - INFO - Hit@10 evaluation results stored in ./evaluation_hit@10.yaml
Link prediction evaluation:   0%|          | 0/1 [00:00<?, ?batch/s]Link prediction evaluation: 100%|██████████| 1/1 [00:00<00:00, 162.80batch/s]
Link prediction evaluation:   0%|          | 0/1 [00:00<?, ?batch/s]Link prediction evaluation: 100%|██████████| 1/1 [00:00<00:00, 203.84batch/s]
2026-05-09 04:16:04,077 - INFO - MRR on inference set: 0.03927803039550781
2026-05-09 04:16:04,078 - INFO - Evaluation results stored in ./inference_metrics.yaml
